Date,Open,High,Low,Close,Volume,Adj_Close
2016-06-28,3.291585922241211,3.3961598873138428,3.2666869163513184,3.3413829803466797,241178,1.6026413440704346
2016-06-29,3.4260380268096924,3.5505309104919434,3.4110989570617676,3.455915927886963,316685,1.6575753688812256
2016-06-30,3.4658761024475098,3.6401660442352295,3.4658761024475098,3.5355920791625977,354438,1.6957907676696777
2016-07-01,3.5853888988494873,3.6899631023406982,3.545551061630249,3.6551051139831543,211056,1.7531135082244873
2016-07-04,3.6551051139831543,3.8841710090637207,3.6551051139831543,3.8592729568481445,246400,1.851039171218872
2016-07-05,3.8592729568481445,3.9339680671691895,3.764657974243164,3.9339680671691895,120087,1.886864423751831
2016-07-06,3.8642520904541016,3.8642520904541016,3.6202468872070312,3.774617910385132,212863,1.8104356527328491
2016-07-07,3.774617910385132,3.8443338871002197,3.6800029277801514,3.6800029277801514,122697,1.7650549411773682
2016-07-08,3.6800029277801514,3.8791909217834473,3.6800029277801514,3.8244149684906006,179729,1.8343194723129272
2016-07-11,3.9887449741363525,4.337325096130371,3.9339680671691895,4.257648944854736,448219,2.0421135425567627
2016-07-12,4.407040119171143,4.541492938995361,4.257648944854736,4.257648944854736,572724,2.0421135425567627
2016-07-13,4.23275089263916,4.23275089263916,4.073400020599365,4.093318939208984,241982,1.9632954597473145
2016-07-14,4.098299026489258,4.382142066955566,4.098299026489258,4.242710113525391,353635,2.0349485874176025
2016-07-15,4.257648944854736,4.357243061065674,4.158054828643799,4.192913055419922,143783,2.011064291000366
2016-07-18,4.237730026245117,4.456838130950928,4.237730026245117,4.436919212341309,191778,2.1280975341796875
2016-07-19,4.461816787719727,4.471776962280273,4.322384834289551,4.461816787719727,177520,2.140040159225464
2016-07-20,4.441897869110107,4.576351165771484,4.322384834289551,4.416999816894531,206839,2.1185431480407715
2016-07-21,4.481736183166504,4.5663909912109375,4.466796875,4.5315327644348145,108239,2.1734776496887207
2016-07-22,4.511613845825195,4.596269130706787,4.466796875,4.5315327644348145,191376,2.1734776496887207
2016-07-25,4.481736183166504,4.501655101776123,4.3124260902404785,4.4767560958862305,293591,2.147205352783203
2016-07-26,4.4767560958862305,4.521574020385742,4.407040119171143,4.49667501449585,223707,2.1567583084106445
2016-07-27,4.491694927215576,4.616188049316406,4.491694927215576,4.5663909912109375,185553,2.190196990966797
2016-07-28,4.546472072601318,4.546472072601318,4.431939125061035,4.471776962280273,72895,2.1448166370391846
2016-07-29,4.471776962280273,4.606228828430176,4.456838130950928,4.606228828430176,94784,2.2093043327331543
2016-08-01,4.561410903930664,4.7307209968566895,4.491694927215576,4.511613845825195,240978,2.163923978805542
2016-08-02,4.526553153991699,4.526553153991699,4.352263927459717,4.426959037780762,228929,2.1233205795288086
2016-08-03,4.431939125061035,4.626148223876953,4.347283840179443,4.581329822540283,175913,2.197362184524536
2016-08-04,4.6560258865356445,4.8552141189575195,4.641087055206299,4.770558834075928,314275,2.2881221771240234
2016-08-05,4.770558834075928,4.890071868896484,4.6012492179870605,4.616188049316406,220294,2.214081048965454
2016-08-08,4.720761775970459,4.775538921356201,4.6560258865356445,4.690884113311768,160451,2.249908208847046
2016-08-09,4.70084285736084,4.805417060852051,4.641087055206299,4.70084285736084,108640,2.2546849250793457
2016-08-10,4.705822944641113,4.780519008636475,4.646066188812256,4.705822944641113,93178,2.2570736408233643
2016-08-11,4.705822944641113,4.805417060852051,4.636106967926025,4.805417060852051,108440,2.304841995239258
2016-08-12,4.780519008636475,4.880113124847412,4.745660781860352,4.745660781860352,259453,2.2761802673339844
2016-08-15,4.735701084136963,4.905011177062988,4.675944805145264,4.880113124847412,305238,2.3406689167022705
2016-08-16,4.880113124847412,4.994646072387695,4.780519008636475,4.805417060852051,251219,2.304841995239258
2016-08-17,4.740681171417236,4.7655792236328125,4.5663909912109375,4.7655792236328125,137558,2.2857344150543213
2016-08-18,4.710803031921387,4.7307209968566895,4.6560258865356445,4.7307209968566895,85948,2.269015073776245
2016-08-19,4.675944805145264,4.780519008636475,4.6560258865356445,4.675944805145264,132337,2.2427430152893066
2016-08-22,4.675944805145264,4.675944805145264,4.481736183166504,4.486715793609619,306443,2.1519815921783447
2016-08-23,4.5315327644348145,4.626148223876953,4.5315327644348145,4.5315327644348145,143783,2.1734776496887207
2016-08-24,4.4767560958862305,4.516593933105469,4.367203235626221,4.367203235626221,162057,2.0946593284606934
2016-08-25,4.382142066955566,4.456838130950928,4.382142066955566,4.426959037780762,216478,2.1233205795288086
2016-08-26,4.436919212341309,4.561410903930664,4.382142066955566,4.436919212341309,222703,2.1280975341796875
2016-08-29,4.431939125061035,4.511613845825195,4.431939125061035,4.481736183166504,79924,2.1495931148529053
2016-08-30,4.521574020385742,4.5315327644348145,4.451858043670654,4.451858043670654,70887,2.1352624893188477
2016-08-31,4.481736183166504,4.5066351890563965,4.382142066955566,4.407040119171143,72695,2.113766670227051
2016-09-01,4.436919212341309,4.616188049316406,4.392100811004639,4.606228828430176,186958,2.2093043327331543
2016-09-02,4.631126880645752,4.875133037567139,4.631126880645752,4.805417060852051,198606,2.304841995239258
2016-09-05,4.79545783996582,4.890071868896484,4.755620002746582,4.82533597946167,53015,2.3143956661224365
2016-09-06,4.810397148132324,4.860194206237793,4.710803031921387,4.850234031677246,57433,2.3263373374938965
2016-09-08,4.840274810791016,4.880113124847412,4.805417060852051,4.805417060852051,86149,2.304841995239258
2016-09-09,4.755620002746582,4.79545783996582,4.491694927215576,4.49667501449585,158443,2.1567583084106445
2016-09-12,4.481736183166504,4.481736183166504,4.292507171630859,4.461816787719727,107837,2.140040159225464
2016-09-13,4.486715793609619,4.486715793609619,4.187932968139648,4.187932968139648,116472,2.0086753368377686
2016-09-14,4.23275089263916,4.292507171630859,4.163034915924072,4.282547950744629,493000,2.054056167602539
2016-09-15,4.282547950744629,4.357243061065674,4.237730026245117,4.332345008850098,44580,2.0779404640197754
2016-09-16,4.327364921569824,4.327364921569824,4.158054828643799,4.182953834533691,359659,2.0062873363494873
2016-09-19,4.26262903213501,4.282547950744629,4.207851886749268,4.252669811248779,625940,2.0397255420684814
2016-09-20,4.292507171630859,4.357243061065674,4.2775678634643555,4.352263927459717,37753,2.0874946117401123
2016-09-21,4.436919212341309,4.466796875,4.367203235626221,4.466796875,190171,2.142428398132324
2016-09-22,4.481736183166504,4.586309909820557,4.481736183166504,4.576351165771484,79522,2.1949737071990967
2016-09-23,4.521574020385742,4.536512851715088,4.4020609855651855,4.4020609855651855,118079,2.1113781929016113
2016-09-26,4.382142066955566,4.486715793609619,4.382142066955566,4.441897869110107,59441,2.1304855346679688
2016-09-27,4.451858043670654,4.451858043670654,4.362223148345947,4.451858043670654,79321,2.1352624893188477
2016-09-28,4.481736183166504,4.5066351890563965,4.412020206451416,4.5066351890563965,215876,2.161536693572998
2016-09-29,4.49667501449585,4.571371078491211,4.416999816894531,4.431939125061035,167881,2.125709056854248
2016-09-30,4.4020609855651855,4.446877956390381,4.257648944854736,4.26262903213501,189770,2.0445024967193604
2016-10-03,4.26262903213501,4.38712215423584,4.257648944854736,4.377161979675293,109644,2.099436044692993
2016-10-04,4.416999816894531,4.416999816894531,4.2775678634643555,4.347283840179443,59240,2.0851058959960938
2016-10-05,4.347283840179443,4.446877956390381,4.342304229736328,4.436919212341309,72293,2.1280975341796875
2016-10-06,4.431939125061035,4.431939125061035,4.337325096130371,4.382142066955566,84141,2.101824998855591
2016-10-07,4.416999816894531,4.4767560958862305,4.367203235626221,4.416999816894531,38355,2.1185431480407715
2016-10-10,4.426959037780762,4.511613845825195,4.412020206451416,4.431939125061035,127517,2.125709056854248
2016-10-11,4.407040119171143,4.407040119171143,4.332345008850098,4.337325096130371,266682,2.0803284645080566
2016-10-13,4.327364921569824,4.49667501449585,4.317406177520752,4.446877956390381,181737,2.1328742504119873
2016-10-14,4.481736183166504,4.596269130706787,4.481736183166504,4.481736183166504,215474,2.1495931148529053
2016-10-17,4.551452159881592,4.551452159881592,4.407040119171143,4.491694927215576,97395,2.1543710231781006
2016-10-18,4.49667501449585,4.541492938995361,4.441897869110107,4.541492938995361,383355,2.178255319595337
2016-10-19,4.5315327644348145,4.581329822540283,4.501655101776123,4.556431770324707,147799,2.185420513153076
2016-10-20,4.581329822540283,4.581329822540283,4.431939125061035,4.49667501449585,70486,2.1567583084106445
2016-10-21,4.481736183166504,4.5066351890563965,4.436919212341309,4.491694927215576,96792,2.1543710231781006
2016-10-24,4.5066351890563965,4.526553153991699,4.461816787719727,4.481736183166504,22692,2.1495931148529053
2016-10-25,4.521574020385742,4.571371078491211,4.441897869110107,4.526553153991699,154627,2.1710896492004395
2016-10-26,4.521574020385742,4.631126880645752,4.49667501449585,4.586309909820557,171496,2.1997504234313965
2016-10-27,4.59128999710083,4.720761775970459,4.59128999710083,4.710803031921387,147799,2.2594618797302246
2016-10-28,4.710803031921387,4.830316066741943,4.705822944641113,4.805417060852051,62855,2.304841995239258
2016-10-31,4.82533597946167,4.905011177062988,4.735701084136963,4.830316066741943,253830,2.316784143447876
2016-11-01,4.860194206237793,4.860194206237793,4.581329822540283,4.606228828430176,78518,2.2093043327331543
2016-11-03,4.576351165771484,4.690884113311768,4.541492938995361,4.541492938995361,73096,2.178255319595337
2016-11-04,4.561410903930664,4.661005973815918,4.516593933105469,4.5315327644348145,26708,2.1734776496887207
2016-11-07,4.546472072601318,4.705822944641113,4.546472072601318,4.651045799255371,58437,2.2308006286621094
2016-11-08,4.6560258865356445,4.70084285736084,4.556431770324707,4.680923938751221,111251,2.245131015777588
2016-11-09,4.446877956390381,4.611207962036133,4.382142066955566,4.5315327644348145,165471,2.1734776496887207
2016-11-10,4.576351165771484,4.576351165771484,4.23275089263916,4.257648944854736,731970,2.0421135425567627
2016-11-11,4.207851886749268,4.252669811248779,3.914048910140991,4.10825777053833,311865,1.970460295677185
2016-11-14,4.133156776428223,4.307446002960205,4.10825777053833,4.128177165985107,201417,1.9800143241882324
2016-11-16,4.282547950744629,4.362223148345947,4.168015003204346,4.168015003204346,114665,1.9991226196289062
2016-11-17,4.23275089263916,4.307446002960205,4.1182169914245605,4.192913055419922,177118,2.011064291000366
2016-11-18,4.187932968139648,4.26262903213501,4.0584611892700195,4.252669811248779,102616,2.0397255420684814
2016-11-21,4.247690200805664,4.252669811248779,4.182953834533691,4.207851886749268,61047,2.0182290077209473
2016-11-22,4.207851886749268,4.332345008850098,4.197893142700195,4.23275089263916,108038,2.0301718711853027
2016-11-23,4.182953834533691,4.267609119415283,4.182953834533691,4.267609119415283,44580,2.0468909740448
2016-11-24,4.26262903213501,4.26262903213501,4.177974224090576,4.182953834533691,11647,2.0062873363494873
2016-11-25,4.177974224090576,4.177974224090576,4.073400020599365,4.0833587646484375,87956,1.9585187435150146
2016-11-28,4.0833587646484375,4.197893142700195,4.073400020599365,4.158054828643799,118079,1.9943455457687378
2016-11-29,4.153075218200684,4.192913055419922,4.063440799713135,4.063440799713135,211257,1.9489649534225464
2016-11-30,4.10825777053833,4.128177165985107,3.983764886856079,3.983764886856079,141775,1.9107494354248047
2016-12-01,4.013644218444824,4.013644218444824,3.7895569801330566,3.7895569801330566,117275,1.8176002502441406
2016-12-02,3.809475898742676,3.8791909217834473,3.684983015060425,3.809475898742676,61650,1.827154517173767
2016-12-05,3.8443338871002197,3.8742120265960693,3.814455032348633,3.8742120265960693,44179,1.8582041263580322
2016-12-06,3.8592729568481445,3.8592729568481445,3.684983015060425,3.7546989917755127,44380,1.8008818626403809
2016-12-07,3.8244149684906006,3.834373950958252,3.7696380615234375,3.834373950958252,32532,1.8390965461730957
2016-12-08,3.834373950958252,3.8642520904541016,3.7347800731658936,3.7347800731658936,112657,1.791327953338623
2016-12-09,3.744739055633545,3.834373950958252,3.744739055633545,3.7945361137390137,35343,1.8199889659881592
2016-12-12,3.774617910385132,3.774617910385132,3.694941997528076,3.7497189044952393,66268,1.798492670059204
2016-12-13,3.694941997528076,3.8393540382385254,3.694941997528076,3.809475898742676,85145,1.827154517173767
2016-12-14,3.6999220848083496,3.8044960498809814,3.6999220848083496,3.7198410034179688,35142,1.7841625213623047
2016-12-15,3.6999220848083496,3.744739055633545,3.675023078918457,3.7198410034179688,24499,1.7841625213623047
2016-12-16,3.779597043991089,3.7895569801330566,3.694941997528076,3.704901933670044,148402,1.7769969701766968
2016-12-19,3.675023078918457,3.9190289974212646,3.6650640964508057,3.809475898742676,119886,1.827154517173767
2016-12-20,3.85429310798645,3.85429310798645,3.744739055633545,3.7696380615234375,116071,1.8080470561981201
2016-12-21,3.7198410034179688,3.7198410034179688,3.7198410034179688,3.7198410034179688,40765,1.7841625213623047
2016-12-22,3.7497189044952393,3.814455032348633,3.7497189044952393,3.759679079055786,58236,1.8032704591751099
2016-12-23,3.7945361137390137,3.8991100788116455,3.7945361137390137,3.8991100788116455,44781,1.8701461553573608
2016-12-26,3.958867073059082,3.958867073059082,3.90408992767334,3.9090700149536133,111251,1.8749233484268188
2016-12-27,3.784576892852783,3.85429310798645,3.784576892852783,3.8244149684906006,236560,1.9077115058898926
2016-12-28,3.7945361137390137,3.9638469219207764,3.7945361137390137,3.8592729568481445,41769,1.9250997304916382
2016-12-29,3.9090700149536133,3.998703956604004,3.9090700149536133,3.924009084701538,131734,1.9573919773101807
2017-01-02,3.8941309452056885,4.02858304977417,3.8791909217834473,4.02858304977417,87555,2.0095560550689697
2017-01-03,4.048501968383789,4.133156776428223,4.043521881103516,4.088338851928711,73498,2.039363384246826
2017-01-04,4.093318939208984,4.1182169914245605,3.983764886856079,3.993725061416626,61851,1.9921678304672241
2017-01-05,4.048501968383789,4.078380107879639,3.958867073059082,4.02858304977417,71490,2.0095560550689697
2017-01-06,3.978785991668701,3.978785991668701,3.8941309452056885,3.9638469219207764,105829,1.9772636890411377
2017-01-09,4.008664131164551,4.02858304977417,3.914048910140991,3.948906898498535,33134,1.9698121547698975
2017-01-10,3.9538869857788086,4.018622875213623,3.9339680671691895,4.018622875213623,65064,2.004587173461914
2017-01-11,4.003684043884277,4.0833587646484375,4.003684043884277,4.033562183380127,287767,2.012040138244629
2017-01-12,4.088338851928711,4.481736183166504,4.088338851928711,4.481736183166504,210454,2.2355997562408447
2017-01-13,4.481736183166504,4.556431770324707,4.382142066955566,4.431939125061035,64059,2.2107596397399902
2017-01-16,4.412020206451416,4.481736183166504,4.382142066955566,4.412020206451416,38958,2.2008235454559326
2017-01-17,4.412020206451416,4.616188049316406,4.4020609855651855,4.616188049316406,94784,2.3026680946350098
2017-01-18,4.675944805145264,4.675944805145264,4.541492938995361,4.541492938995361,69682,2.2654080390930176
2017-01-19,4.481736183166504,4.571371078491211,4.382142066955566,4.501655101776123,33536,2.2455356121063232
2017-01-20,4.5066351890563965,4.581329822540283,4.5066351890563965,4.511613845825195,26708,2.2505037784576416
2017-01-23,4.511613845825195,4.7655792236328125,4.511613845825195,4.755620002746582,132136,2.372220516204834
2017-01-24,4.770558834075928,4.770558834075928,4.715782165527344,4.7307209968566895,170291,2.359799385070801
2017-01-26,4.70084285736084,4.810397148132324,4.70084285736084,4.705822944641113,97997,2.3473803997039795
2017-01-27,4.7307209968566895,4.7307209968566895,4.581329822540283,4.646066188812256,39158,2.3175723552703857
2017-01-30,4.690884113311768,4.70084285736084,4.501655101776123,4.501655101776123,156434,2.2455356121063232
2017-01-31,4.631126880645752,4.870152950286865,4.631126880645752,4.8352952003479,340783,2.41196346282959
2017-02-01,4.880113124847412,5.02950382232666,4.805417060852051,5.02950382232666,662287,2.5088393688201904
2017-02-02,5.039463043212891,5.253591060638428,4.959787845611572,5.253591060638428,507459,2.6206202507019043
2017-02-03,5.298408031463623,5.552372932434082,5.228692054748535,5.412940979003906,227523,2.7001078128814697
2017-02-06,5.422901153564453,5.552372932434082,5.253591060638428,5.348205089569092,157639,2.6678154468536377
2017-02-07,5.3980021476745605,5.507555961608887,5.278489112854004,5.323307037353516,71690,2.655395746231079
2017-02-08,5.328286170959473,5.412940979003906,5.193833827972412,5.412940979003906,85145,2.7001078128814697
2017-02-09,5.2635498046875,5.383062839508057,5.228692054748535,5.273509979248047,70486,2.630556344985962
2017-02-10,5.273509979248047,5.552372932434082,5.268529891967773,5.353185176849365,140570,2.670300245285034
2017-02-13,5.3631439208984375,5.59221076965332,5.333265781402588,5.502575874328613,163463,2.7448198795318604
2017-02-14,5.522494792938232,5.577271938323975,5.402982234954834,5.447799205780029,52211,2.717496156692505
2017-02-15,5.447799205780029,5.806337833404541,5.447799205780029,5.806337833404541,115267,2.89634370803833
2017-02-16,5.791399002075195,5.881033897399902,5.761520862579346,5.761520862579346,101210,2.873988151550293
2017-02-17,5.666905879974365,5.881033897399902,5.666905879974365,5.771480083465576,90969,2.878955125808716
2017-02-20,5.766500949859619,6.045363903045654,5.766500949859619,5.95074987411499,116071,2.9683797359466553
2017-02-21,6.110099792480469,6.677786827087402,6.110099792480469,6.563253879547119,186356,3.273911714553833
2017-02-22,6.817218780517578,7.320168972015381,6.69770622253418,6.951671123504639,469304,3.4676637649536133
2017-02-23,7.120981216430664,7.160819053649902,6.618031024932861,6.677786827087402,235154,3.3310434818267822
2017-02-24,6.618031024932861,6.876975059509277,6.453700065612793,6.782361030578613,183143,3.3832082748413086
2017-03-01,6.722603797912598,6.722603797912598,6.30928897857666,6.57321310043335,90366,3.278879404067993
2017-03-02,6.672807216644287,6.672807216644287,6.324227809906006,6.359086036682129,189167,3.172067880630493
2017-03-03,6.274431228637695,6.862036228179932,6.274431228637695,6.8072590827941895,128320,3.3956286907196045
2017-03-06,6.921792984008789,6.921792984008789,6.57321310043335,6.627989768981934,128923,3.3062047958374023
2017-03-07,6.682766914367676,6.772400856018066,6.528396129608154,6.69770622253418,68879,3.340979814529419
2017-03-08,6.797299861907959,6.797299861907959,6.423821926116943,6.483578205108643,47793,3.2341675758361816
2017-03-09,6.508477210998535,6.508477210998535,6.149938106536865,6.284389972686768,92575,3.13480806350708
2017-03-10,6.284389972686768,6.413863182067871,6.244552135467529,6.349125862121582,46187,3.1670994758605957
2017-03-13,6.349125862121582,6.687746047973633,6.349125862121582,6.588151931762695,104423,3.2863316535949707
2017-03-14,6.627989768981934,6.627989768981934,6.33916711807251,6.398922920227051,132136,3.19193959236145
2017-03-15,6.4437408447265625,6.558273792266846,6.224634170532227,6.518435955047607,97194,3.2515556812286377
2017-03-16,6.533374786376953,6.757462024688721,6.473618984222412,6.757462024688721,52412,3.3707876205444336
2017-03-17,6.782361030578613,6.90187406539917,6.299328804016113,6.453700065612793,617706,3.219264030456543
2017-03-20,6.463659763336182,6.508477210998535,6.139978885650635,6.224634170532227,85547,3.1050007343292236
2017-03-21,6.224634170532227,6.269451141357422,5.791399002075195,5.851156234741211,81129,2.9187002182006836
2017-03-22,5.801359176635742,5.801359176635742,5.407961845397949,5.716702938079834,85948,2.8516321182250977
2017-03-23,5.716702938079834,5.920870780944824,5.562333106994629,5.801359176635742,42371,2.893860340118408
2017-03-24,5.831236839294434,5.955729007720947,5.77646017074585,5.826257228851318,55424,2.9062798023223877
2017-03-27,5.831236839294434,5.910912036895752,5.691804885864258,5.8461761474609375,27511,2.916215658187866
2017-03-28,5.816298007965088,6.085202217102051,5.806337833404541,6.085202217102051,42974,3.0354483127593994
2017-03-29,5.920870780944824,5.970668792724609,5.8113179206848145,5.955729007720947,58838,2.9708642959594727
2017-03-30,5.955729007720947,5.955729007720947,5.791399002075195,5.890993118286133,64863,2.9385719299316406
2017-03-31,5.890993118286133,5.970668792724609,5.831236839294434,5.925850868225098,35945,2.955960750579834
2017-04-03,5.895973205566406,6.070262908935547,5.851156234741211,5.85613489151001,52814,2.9211843013763428
2017-04-04,5.876053810119629,5.890993118286133,5.607150077819824,5.607150077819824,142578,2.796983480453491
2017-04-05,5.577271938323975,5.751561164855957,5.547392845153809,5.547392845153809,52211,2.7671761512756348
2017-04-06,5.59221076965332,5.59221076965332,5.41792106628418,5.462738037109375,43376,2.724947690963745
2017-04-07,5.353185176849365,5.552372932434082,5.313346862792969,5.402982234954834,117275,2.6951403617858887
2017-04-10,5.472698211669922,5.472698211669922,5.238652229309082,5.238652229309082,628751,2.613168716430664
2017-04-11,5.238652229309082,5.562333106994629,5.238652229309082,5.3581647872924805,60445,2.672783851623535
2017-04-12,5.233672142028809,5.333265781402588,5.129097938537598,5.178894996643066,65465,2.583359718322754
2017-04-13,5.119139194488525,5.253591060638428,4.860194206237793,4.860194206237793,131533,2.4243836402893066
2017-04-17,4.929910182952881,5.18387508392334,4.929910182952881,5.104198932647705,169086,2.546099901199341
2017-04-18,5.079300880432129,5.228692054748535,5.039463043212891,5.188855171203613,95788,2.5883281230926514
2017-04-19,5.193833827972412,5.258570194244385,5.104198932647705,5.104198932647705,70486,2.546099901199341
2017-04-20,5.18387508392334,5.208773136138916,5.054401874542236,5.079300880432129,57031,2.5336802005767822
2017-04-24,5.104198932647705,5.188855171203613,4.979706764221191,4.994646072387695,126714,2.491452217102051
2017-04-25,5.0195441246032715,5.069342136383057,4.979706764221191,5.02950382232666,100407,2.5088393688201904
2017-04-26,5.024524211883545,5.024524211883545,4.750639915466309,4.750639915466309,91170,2.3697361946105957
2017-04-27,4.7655792236328125,4.780519008636475,4.536512851715088,4.536512851715088,78117,2.2629244327545166
2017-04-28,4.670965194702148,4.745660781860352,4.586309909820557,4.616188049316406,76108,2.3026680946350098
2017-05-02,4.685904026031494,4.82533597946167,4.571371078491211,4.780519008636475,431350,2.3846399784088135
2017-05-03,4.785498142242432,5.163956165313721,4.780519008636475,4.979706764221191,125509,2.4839999675750732
2017-05-04,4.954808235168457,5.079300880432129,4.680923938751221,4.680923938751221,251018,2.3349602222442627
2017-05-05,4.740681171417236,4.8352952003479,4.665985107421875,4.705822944641113,169287,2.3473803997039795
2017-05-08,4.705822944641113,4.7307209968566895,4.596269130706787,4.596269130706787,74502,2.2927322387695312
2017-05-09,4.670965194702148,4.840274810791016,4.646066188812256,4.646066188812256,101813,2.3175723552703857
2017-05-10,4.705822944641113,4.845254898071289,4.556431770324707,4.556431770324707,366889,2.272860050201416
2017-05-11,4.62116813659668,4.690884113311768,4.486715793609619,4.486715793609619,492197,2.238083839416504
2017-05-12,4.606228828430176,4.710803031921387,4.526553153991699,4.561410903930664,434563,2.275343656539917
2017-05-15,4.606228828430176,4.631126880645752,4.5066351890563965,4.536512851715088,269493,2.293414831161499
2017-05-16,4.611207962036133,4.690884113311768,4.501655101776123,4.516593933105469,412273,2.2833445072174072
2017-05-17,4.5315327644348145,4.611207962036133,4.456838130950928,4.5315327644348145,454645,2.290896415710449
2017-05-18,3.983764886856079,4.163034915924072,3.635185956954956,3.635185956954956,864910,1.8377529382705688
2017-05-19,3.8841710090637207,4.073400020599365,3.834373950958252,3.8592729568481445,1283408,1.9510385990142822
2017-05-22,3.85429310798645,3.8592729568481445,3.635185956954956,3.675023078918457,706868,1.8578917980194092
2017-05-23,3.6999220848083496,3.8941309452056885,3.6999220848083496,3.774617910385132,305640,1.9082413911819458
2017-05-24,3.8841710090637207,3.9439280033111572,3.809475898742676,3.85429310798645,290780,1.9485207796096802
2017-05-25,3.8642520904541016,3.993725061416626,3.8244149684906006,3.8592729568481445,291181,1.9510385990142822
2017-05-26,3.8742120265960693,3.983764886856079,3.834373950958252,3.9190289974212646,308050,1.981248378753662
2017-05-29,3.9190289974212646,3.9190289974212646,3.9190289974212646,3.9190289974212646,0,1.981248378753662
2017-05-30,3.9339680671691895,4.003684043884277,3.9090700149536133,3.9090700149536133,295599,1.9762134552001953
2017-05-31,3.9289889335632324,3.958867073059082,3.85429310798645,3.8642520904541016,254834,1.9535555839538574
2017-06-01,3.9439280033111572,3.983764886856079,3.7945361137390137,3.7945361137390137,185553,1.9183112382888794
2017-06-02,3.8393540382385254,3.9190289974212646,3.834373950958252,3.8841710090637207,210654,1.9636253118515015
2017-06-05,3.8642520904541016,3.90408992767334,3.8393540382385254,3.8443338871002197,209450,1.9434860944747925
2017-06-06,3.8841710090637207,3.9538869857788086,3.8592729568481445,3.9090700149536133,232744,1.9762134552001953
2017-06-07,3.9439280033111572,3.958867073059082,3.8493130207061768,3.8493130207061768,186155,1.9460030794143677
2017-06-08,3.8493130207061768,3.8493130207061768,3.739759922027588,3.739759922027588,384962,1.8906197547912598
2017-06-09,3.7945361137390137,3.9439280033111572,3.774617910385132,3.8592729568481445,391187,1.9510385990142822
2017-06-12,3.8592729568481445,3.90408992767334,3.759679079055786,3.759679079055786,436772,1.900689959526062
2017-06-13,3.7945361137390137,3.8393540382385254,3.744739055633545,3.8044960498809814,431551,1.9233464002609253
2017-06-14,3.814455032348633,3.9439280033111572,3.809475898742676,3.8991100788116455,503644,1.9711781740188599
2017-06-15,3.8991100788116455,3.8991100788116455,3.8991100788116455,3.8991100788116455,0,1.9711781740188599
2017-06-16,3.8841710090637207,4.003684043884277,3.834373950958252,4.003684043884277,963510,2.024045467376709
2017-06-19,4.003684043884277,4.02858304977417,3.8791909217834473,3.889151096343994,197802,1.9661434888839722
2017-06-20,3.8742120265960693,3.9339680671691895,3.819434881210327,3.819434881210327,398818,1.930898666381836
2017-06-21,3.8393540382385254,3.8493130207061768,3.764657974243164,3.779597043991089,230134,1.9107592105865479
2017-06-22,3.958867073059082,4.247690200805664,3.958867073059082,4.063440799713135,961502,2.054255247116089
2017-06-23,4.098299026489258,4.1182169914245605,3.9538869857788086,3.9538869857788086,498623,1.9988703727722168
2017-06-26,3.998703956604004,4.068419933319092,3.983764886856079,4.063440799713135,400826,2.054255247116089
2017-06-27,4.078380107879639,4.103278160095215,4.02858304977417,4.053481101989746,196999,2.049219846725464
2017-06-28,4.098299026489258,4.272587776184082,4.098299026489258,4.192913055419922,398416,2.119709014892578
2017-06-29,4.23275089263916,4.327364921569824,4.088338851928711,4.103278160095215,636985,2.074394464492798
2017-06-30,4.133156776428223,4.153075218200684,4.068419933319092,4.098299026489258,381950,2.0718772411346436
2017-07-03,4.10825777053833,4.168015003204346,4.103278160095215,4.133156776428223,215072,2.0894997119903564
2017-07-04,4.128177165985107,4.148096084594727,4.123197078704834,4.123197078704834,54019,2.0844643115997314
2017-07-05,4.172994136810303,4.207851886749268,4.0833587646484375,4.187932968139648,295800,2.1171915531158447
2017-07-06,4.23275089263916,4.382142066955566,4.2178120613098145,4.327364921569824,312066,2.187680721282959
2017-07-07,4.377161979675293,4.38712215423584,4.177974224090576,4.187932968139648,222904,2.1171915531158447
2017-07-10,4.227770805358887,4.322384834289551,4.227770805358887,4.287527084350586,290579,2.1675405502319336
2017-07-11,4.292507171630859,4.372182846069336,4.242710113525391,4.337325096130371,220896,2.192715644836426
2017-07-12,4.382142066955566,4.471776962280273,4.337325096130371,4.466796875,235556,2.2581701278686523
2017-07-13,4.471776962280273,4.5315327644348145,4.436919212341309,4.436919212341309,305238,2.243065357208252
2017-07-14,4.526553153991699,4.59128999710083,4.5066351890563965,4.511613845825195,242584,2.280827045440674
2017-07-17,4.516593933105469,4.606228828430176,4.486715793609619,4.5066351890563965,203224,2.278310537338257
2017-07-18,4.526553153991699,4.571371078491211,4.4767560958862305,4.49667501449585,162057,2.2732746601104736
2017-07-19,4.501655101776123,4.5663909912109375,4.421979904174805,4.516593933105469,324517,2.2833445072174072
2017-07-20,4.5315327644348145,4.556431770324707,4.466796875,4.491694927215576,37150,2.2707576751708984
2017-07-21,4.491694927215576,4.511613845825195,4.397080898284912,4.446877956390381,105427,2.2480995655059814
2017-07-24,4.431939125061035,4.5066351890563965,4.357243061065674,4.49667501449585,123300,2.2732746601104736
2017-07-25,4.481736183166504,4.511613845825195,4.436919212341309,4.461816787719727,191778,2.25565242767334
2017-07-26,4.446877956390381,4.446877956390381,4.297486782073975,4.3124260902404785,141775,2.180128574371338
2017-07-27,4.322384834289551,4.377161979675293,4.2178120613098145,4.267609119415283,141976,2.1574716567993164
2017-07-28,4.23275089263916,4.287527084350586,4.187932968139648,4.287527084350586,95387,2.1675405502319336
2017-07-31,4.332345008850098,4.342304229736328,4.242710113525391,4.342304229736328,107034,2.1952333450317383
2017-08-01,4.347283840179443,4.407040119171143,4.26262903213501,4.26262903213501,149406,2.154953956604004
2017-08-02,4.292507171630859,4.362223148345947,4.227770805358887,4.317406177520752,116271,2.182645797729492
2017-08-03,4.342304229736328,4.382142066955566,4.322384834289551,4.372182846069336,110247,2.2103381156921387
2017-08-04,4.407040119171143,4.486715793609619,4.382142066955566,4.451858043670654,99001,2.250617027282715
2017-08-07,4.421979904174805,4.5315327644348145,4.421979904174805,4.5315327644348145,98399,2.290896415710449
2017-08-08,4.481736183166504,4.526553153991699,4.451858043670654,4.486715793609619,170491,2.268239736557007
2017-08-09,4.4767560958862305,4.4767560958862305,4.367203235626221,4.367203235626221,66469,2.2078206539154053
2017-08-10,4.357243061065674,4.367203235626221,4.1132378578186035,4.1182169914245605,240777,2.081947088241577
2017-08-11,4.133156776428223,4.158054828643799,3.978785991668701,4.123197078704834,165873,2.0844643115997314
2017-08-14,4.158054828643799,4.247690200805664,4.123197078704834,4.163034915924072,79924,2.1046042442321777
2017-08-15,4.197893142700195,4.237730026245117,4.093318939208984,4.153075218200684,108038,2.099569082260132
2017-08-16,4.133156776428223,4.23275089263916,4.133156776428223,4.182953834533691,73297,2.1146745681762695
2017-08-17,4.2227911949157715,4.237730026245117,4.153075218200684,4.182953834533691,156836,2.1146745681762695
2017-08-18,4.227770805358887,4.247690200805664,4.133156776428223,4.182953834533691,154225,2.1146745681762695
2017-08-21,4.182953834533691,4.212831974029541,4.0833587646484375,4.1132378578186035,397412,2.079430103302002
2017-08-22,4.23275089263916,4.631126880645752,4.23275089263916,4.392100811004639,951260,2.2204079627990723
2017-08-23,4.516593933105469,4.680923938751221,4.407040119171143,4.407040119171143,816513,2.227959632873535
2017-08-24,4.466796875,4.62116813659668,4.466796875,4.501655101776123,442596,2.275791883468628
2017-08-25,4.501655101776123,4.5315327644348145,4.38712215423584,4.38712215423584,325521,2.2178902626037598
2017-08-28,4.392100811004639,4.471776962280273,4.26262903213501,4.26262903213501,515692,2.154953956604004
2017-08-29,4.272587776184082,4.4020609855651855,4.23275089263916,4.337325096130371,492197,2.192715644836426
2017-08-30,4.347283840179443,4.377161979675293,4.292507171630859,4.3124260902404785,265075,2.180128574371338
2017-08-31,4.332345008850098,4.337325096130371,4.227770805358887,4.242710113525391,321504,2.144883632659912
2017-09-01,4.247690200805664,4.357243061065674,4.247690200805664,4.292507171630859,267485,2.170058250427246
2017-09-04,4.317406177520752,4.471776962280273,4.267609119415283,4.332345008850098,255838,2.190197706222534
2017-09-05,4.407040119171143,4.431939125061035,4.2775678634643555,4.282547950744629,463280,2.1650235652923584
2017-09-06,4.307446002960205,4.382142066955566,4.23275089263916,4.242710113525391,647226,2.144883632659912
2017-09-07,4.242710113525391,4.242710113525391,4.242710113525391,4.242710113525391,0,2.144883632659912
2017-09-08,4.252669811248779,4.252669811248779,4.10825777053833,4.128177165985107,1391848,2.086982011795044
2017-09-11,4.177974224090576,4.307446002960205,4.133156776428223,4.26262903213501,1124564,2.154953956604004
2017-09-12,4.287527084350586,4.491694927215576,4.282547950744629,4.332345008850098,808481,2.190197706222534
2017-09-13,4.352263927459717,4.397080898284912,4.247690200805664,4.247690200805664,694217,2.1474015712738037
2017-09-14,4.282547950744629,4.382142066955566,4.2227911949157715,4.2227911949157715,943027,2.1348140239715576
2017-09-15,4.257648944854736,4.407040119171143,4.237730026245117,4.407040119171143,32319570,2.227959632873535
2017-09-18,4.426959037780762,4.481736183166504,4.287527084350586,4.407040119171143,1312326,2.227959632873535
2017-09-19,4.407040119171143,4.431939125061035,4.257648944854736,4.2775678634643555,1439442,2.162505865097046
2017-09-20,4.302466869354248,4.352263927459717,4.257648944854736,4.317406177520752,789604,2.182645797729492
2017-09-21,4.337325096130371,4.382142066955566,4.257648944854736,4.307446002960205,420908,2.1776106357574463
2017-09-22,4.307446002960205,4.3124260902404785,4.212831974029541,4.247690200805664,446813,2.1474015712738037
2017-09-25,4.227770805358887,4.227770805358887,4.103278160095215,4.128177165985107,1162317,2.086982011795044
2017-09-26,3.998703956604004,4.23275089263916,3.8991100788116455,4.02858304977417,1040221,2.036632776260376
2017-09-27,4.0833587646484375,4.1132378578186035,3.914048910140991,3.9439280033111572,645620,1.9938353300094604
2017-09-28,3.9538869857788086,3.998703956604004,3.7895569801330566,3.983764886856079,1028373,2.013974905014038
2017-09-29,4.008664131164551,4.048501968383789,3.914048910140991,3.983764886856079,722130,2.013974905014038
2017-10-02,3.958867073059082,4.048501968383789,3.938947916030884,4.018622875213623,209048,2.0315968990325928
2017-10-03,4.008664131164551,4.207851886749268,3.993725061416626,4.202871799468994,778359,2.1247429847717285
2017-10-04,4.187932968139648,4.23275089263916,4.0833587646484375,4.133156776428223,523926,2.0894997119903564
2017-10-05,4.133156776428223,4.282547950744629,4.093318939208984,4.133156776428223,1395463,2.0894997119903564
2017-10-06,4.098299026489258,4.128177165985107,4.038541793823242,4.1132378578186035,287567,2.079430103302002
2017-10-09,4.1182169914245605,4.13813591003418,4.063440799713135,4.10825777053833,133943,2.0769121646881104
2017-10-10,4.098299026489258,4.172994136810303,4.068419933319092,4.133156776428223,889409,2.0894997119903564
2017-10-11,4.163034915924072,4.187932968139648,4.073400020599365,4.1182169914245605,830771,2.081947088241577
2017-10-12,4.1182169914245605,4.1182169914245605,4.1182169914245605,4.1182169914245605,0,2.081947088241577
2017-10-13,4.098299026489258,4.133156776428223,4.068419933319092,4.093318939208984,245195,2.06935977935791
2017-10-16,4.093318939208984,4.093318939208984,3.998703956604004,4.068419933319092,344799,2.056771993637085
2017-10-17,4.068419933319092,4.073400020599365,3.9439280033111572,4.073400020599365,964514,2.0592899322509766
2017-10-18,4.073400020599365,4.073400020599365,3.9738059043884277,3.998703956604004,1866575,2.0215275287628174
2017-10-19,3.983764886856079,3.993725061416626,3.9439280033111572,3.978785991668701,1315940,2.011457920074463
2017-10-20,3.993725061416626,4.043521881103516,3.784576892852783,3.784576892852783,30247159,1.9132766723632812
2017-10-23,3.834373950958252,3.90408992767334,3.809475898742676,3.8443338871002197,1972405,1.9434860944747925
2017-10-24,3.8742120265960693,3.9190289974212646,3.8443338871002197,3.8791909217834473,1191636,1.9611082077026367
2017-10-25,3.8991100788116455,3.9339680671691895,3.834373950958252,3.869231939315796,463681,1.95607328414917
2017-10-26,3.889151096343994,3.9439280033111572,3.8742120265960693,3.9339680671691895,1480207,1.9887999296188354
2017-10-27,3.9402570724487305,3.9708409309387207,3.792433977127075,3.8281149864196777,1157462,1.9352869987487793
2017-10-30,3.843406915664673,3.8536019325256348,3.741460084915161,3.7975308895111084,592856,1.919825553894043
2017-10-31,3.7873361110687256,3.8281149864196777,3.715972900390625,3.7210710048675537,330759,1.8811713457107544
2017-11-01,3.731265068054199,3.7567520141601562,3.588538885116577,3.6140260696411133,1114106,1.82705557346344
2017-11-02,3.6140260696411133,3.6140260696411133,3.6140260696411133,3.6140260696411133,0,1.82705557346344
2017-11-03,3.624221086502075,3.6802918910980225,3.415229082107544,3.4967870712280273,1076440,1.767785906791687
2017-11-06,3.4967870712280273,3.4967870712280273,3.4967870712280273,3.4967870712280273,0,1.767785906791687
2017-11-07,3.568150043487549,3.568150043487549,3.456007957458496,3.47639799118042,360775,1.7574777603149414
2017-11-08,3.466202974319458,3.5783450603485107,3.466202974319458,3.5783450603485107,567352,1.8090163469314575
2017-11-09,3.557955026626587,3.5630528926849365,3.456007957458496,3.471299886703491,412174,1.7549000978469849
2017-11-10,3.481494903564453,3.481494903564453,3.348963975906372,3.3999369144439697,1845269,1.7188236713409424
2017-11-13,3.415229082107544,3.415229082107544,3.3693530559539795,3.3744499683380127,353908,1.705938458442688
2017-11-14,3.3999369144439697,3.4050350189208984,3.3183789253234863,3.323477029800415,647001,1.6801692247390747
2017-11-15,3.323477029800415,3.323477029800415,3.323477029800415,3.323477029800415,0,1.6801692247390747
2017-11-16,3.323477029800415,3.3693530559539795,3.287795066833496,3.3540608882904053,1832714,1.6956316232681274
2017-11-17,3.3591580390930176,3.3744499683380127,3.30818510055542,3.3540608882904053,1654778,1.6956316232681274
2017-11-20,3.3540608882904053,3.3540608882904053,3.3540608882904053,3.3540608882904053,0,1.6956316232681274
2017-11-21,3.415229082107544,3.4611051082611084,3.3744499683380127,3.4050350189208984,2329049,1.7214012145996094
2017-11-22,3.445812940597534,3.450911045074463,3.364255905151367,3.389741897583008,710368,1.7136693000793457
2017-11-23,3.3999369144439697,3.5120790004730225,3.389741897583008,3.5120790004730225,2662752,1.775516390800476
2017-11-24,3.5171759128570557,3.5222740173339844,3.430521011352539,3.456007957458496,895561,1.7471697330474854
2017-11-27,3.456007957458496,3.5222740173339844,3.3744499683380127,3.5222740173339844,1654386,1.7806706428527832
2017-11-28,3.5273709297180176,3.6140260696411133,3.5018839836120605,3.593636989593506,1949833,1.8167471885681152
2017-11-29,3.619123935699463,3.619123935699463,3.4865920543670654,3.5477609634399414,1447220,1.793554663658142
2017-11-30,3.491689920425415,3.491689920425415,3.2623090744018555,3.3285739421844482,2867564,1.6827459335327148
2017-12-01,3.3438661098480225,3.415229082107544,3.30818510055542,3.3846449851989746,1595336,1.7110925912857056
2017-12-04,3.415229082107544,3.425424098968506,3.323477029800415,3.3948400020599365,1148241,1.7162470817565918
2017-12-05,3.3948400020599365,3.415229082107544,3.3285739421844482,3.348963975906372,1079971,1.6930543184280396
2017-12-06,3.3438661098480225,3.364255905151367,3.30818510055542,3.3183789253234863,1525103,1.6775920391082764
2017-12-07,3.297990083694458,3.297990083694458,3.221529960632324,3.2572109699249268,544988,1.6466691493988037
2017-12-08,3.272502899169922,3.333672046661377,3.272502899169922,3.2776010036468506,266412,1.6569768190383911
2017-12-11,3.30818510055542,3.333672046661377,3.272502899169922,3.282697916030884,553816,1.6595535278320312
2017-12-12,3.2776010036468506,3.282697916030884,3.155263900756836,3.282697916030884,1318526,1.6595535278320312
2017-12-13,3.287795066833496,3.323477029800415,3.196043014526367,3.2368218898773193,990905,1.6363612413406372
2017-12-14,3.2419190406799316,3.2419190406799316,3.104290008544922,3.180751085281372,2324537,1.6080151796340942
2017-12-15,3.180751085281372,3.2113349437713623,3.1093881130218506,3.145068883895874,1817412,1.5899759531021118
2017-12-18,3.139971971511841,3.1858479976654053,3.139971971511841,3.1858479976654053,340764,1.6105914115905762
2017-12-19,3.1603610515594482,3.1858479976654053,3.129776954650879,3.145068883895874,625225,1.5899759531021118
2017-12-20,3.1603610515594482,3.180751085281372,3.0991930961608887,3.129776954650879,409427,1.5822447538375854
2017-12-21,3.1348750591278076,3.1858479976654053,3.0584139823913574,3.1501669883728027,110391896,1.5925534963607788
2017-12-22,3.155263900756836,3.2317240238189697,3.129776954650879,3.2317240238189697,2858539,1.6337838172912598
2017-12-25,3.2317240238189697,3.2317240238189697,3.2317240238189697,3.2317240238189697,0,1.6337838172912598
2017-12-26,3.2317240238189697,3.272502899169922,3.190946102142334,3.2623090744018555,3528494,1.649246096611023
2017-12-27,3.2368218898773193,3.313282012939453,3.2266271114349365,3.2674059867858887,2580160,1.6518230438232422
2017-12-28,3.287795066833496,3.333672046661377,3.2572109699249268,3.2674059867858887,4767960,1.6518230438232422
2017-12-29,3.2674059867858887,3.2674059867858887,3.2674059867858887,3.2674059867858887,0,1.6518230438232422
2018-01-02,3.287795066833496,3.4050350189208984,3.287795066833496,3.364255905151367,2648430,1.7007849216461182
2018-01-03,3.3795480728149414,3.4101319313049316,3.333672046661377,3.3693530559539795,4334010,1.7033618688583374
2018-01-04,3.3744499683380127,3.3846449851989746,3.323477029800415,3.33876895904541,2785560,1.6879003047943115
2018-01-05,3.348963975906372,3.3744499683380127,3.2928929328918457,3.33876895904541,3891623,1.6879003047943115
2018-01-08,3.348963975906372,3.348963975906372,3.272502899169922,3.313282012939453,3660523,1.6750158071517944
2018-01-09,3.313282012939453,3.313282012939453,3.2419190406799316,3.272502899169922,1540405,1.6543997526168823
2018-01-10,3.282697916030884,3.333672046661377,3.2419190406799316,3.287795066833496,2059105,1.6621304750442505
2018-01-11,3.323477029800415,3.3591580390930176,3.287795066833496,3.33876895904541,6484928,1.6879003047943115
2018-01-12,3.3183789253234863,3.3438661098480225,3.282697916030884,3.33876895904541,1519610,1.6879003047943115
2018-01-15,3.33876895904541,3.33876895904541,3.313282012939453,3.33876895904541,530667,1.6879003047943115
2018-01-16,3.348963975906372,3.348963975906372,3.303086996078491,3.3183789253234863,1883524,1.6775920391082764
2018-01-17,3.3183789253234863,3.333672046661377,3.2521140575408936,3.30818510055542,1234364,1.6724385023117065
2018-01-18,3.313282012939453,3.313282012939453,3.190946102142334,3.206238031387329,1984753,1.6208993196487427
2018-01-19,3.2164320945739746,3.2317240238189697,3.190946102142334,3.206238031387329,1823297,1.6208993196487427
2018-01-22,3.2113349437713623,3.2572109699249268,3.165458917617798,3.1756529808044434,2207221,1.6054373979568481
2018-01-23,3.1858479976654053,3.190946102142334,3.114485025405884,3.1195828914642334,2410660,1.5770916938781738
2018-01-24,3.1603610515594482,3.33876895904541,3.1348750591278076,3.33876895904541,2295502,1.6879003047943115
2018-01-25,3.33876895904541,3.33876895904541,3.33876895904541,3.33876895904541,0,1.6879003047943115
2018-01-26,3.3183789253234863,3.542663097381592,3.2776010036468506,3.5120790004730225,10588230,1.775516390800476
2018-01-29,3.5222740173339844,3.598733901977539,3.450911045074463,3.568150043487549,6317390,1.8038626909255981
2018-01-30,3.593636989593506,3.593636989593506,3.466202974319458,3.5375659465789795,4226307,1.7884010076522827
2018-01-31,3.593636989593506,3.608928918838501,3.47639799118042,3.5273709297180176,2829897,1.7832471132278442
2018-02-01,3.5273709297180176,3.588538885116577,3.5069820880889893,3.557955026626587,1380322,1.7987086772918701
2018-02-02,3.5171759128570557,3.5222740173339844,3.450911045074463,3.5120790004730225,1475077,1.775516390800476
2018-02-05,3.4611051082611084,3.5120790004730225,3.3693530559539795,3.450911045074463,3555175,1.7445930242538452
2018-02-06,3.3795480728149414,3.542663097381592,3.323477029800415,3.542663097381592,6016842,1.790977954864502
2018-02-07,3.5324690341949463,3.557955026626587,3.47639799118042,3.5324690341949463,2620377,1.785823941230774
2018-02-08,3.5375659465789795,3.542663097381592,3.389741897583008,3.430521011352539,2017711,1.7342854738235474
2018-02-09,3.3948400020599365,3.456007957458496,3.3438661098480225,3.425424098968506,3263063,1.7317081689834595
2018-02-14,3.456007957458496,3.5120790004730225,3.415229082107544,3.5120790004730225,2651962,1.775516390800476
2018-02-15,3.5171759128570557,3.6446099281311035,3.5171759128570557,3.634416103363037,8330394,1.8373632431030273
2018-02-16,3.6497080326080322,3.70068097114563,3.6140260696411133,3.6751949787139893,3806677,1.8579787015914917
2018-02-19,3.6904869079589844,3.731265068054199,3.624221086502075,3.7210710048675537,1564536,1.8811713457107544
2018-02-20,3.7057790756225586,3.7057790756225586,3.593636989593506,3.593636989593506,6071969,1.8167471885681152
2018-02-21,3.6140260696411133,3.6293179988861084,3.5528581142425537,3.588538885116577,2687470,1.8141696453094482
2018-02-22,3.598733901977539,3.6497080326080322,3.583441972732544,3.6446099281311035,2545240,1.842516541481018
2018-02-23,3.6548049449920654,3.6802918910980225,3.598733901977539,3.6599020957946777,2564465,1.8502472639083862
2018-02-26,3.6802918910980225,3.7567520141601562,3.6700971126556396,3.7465579509735107,2290402,1.8940560817718506
2018-02-27,3.751655101776123,3.7975308895111084,3.6700971126556396,3.761850118637085,1643596,1.9017871618270874
2018-02-28,3.7567520141601562,3.8332130908966064,3.7210710048675537,3.741460084915161,2086374,1.8914786577224731
2018-03-01,3.726167917251587,3.761850118637085,3.634416103363037,3.70068097114563,2127572,1.870863676071167
2018-03-02,3.6904869079589844,3.726167917251587,3.6038320064544678,3.7210710048675537,3163795,1.8811713457107544
2018-03-05,3.7210710048675537,3.7210710048675537,3.6599020957946777,3.6853890419006348,1204937,1.8631322383880615
2018-03-06,3.7210710048675537,3.761850118637085,3.6904869079589844,3.6955840587615967,2502276,1.868286371231079
2018-03-07,3.6700971126556396,3.7567520141601562,3.6497080326080322,3.7567520141601562,1014250,1.8992098569869995
2018-03-08,3.741460084915161,3.9453539848327637,3.70068097114563,3.894381046295166,3025685,1.968787670135498
2018-03-09,3.8892838954925537,3.935159921646118,3.8230180740356445,3.8230180740356445,1087426,1.93271005153656
2018-03-12,3.8179209232330322,3.8892838954925537,3.8179209232330322,3.8485050201416016,1281448,1.9455950260162354
2018-03-13,3.858699083328247,3.858699083328247,3.726167917251587,3.7873361110687256,1443689,1.9146709442138672
2018-03-14,3.77714204788208,3.8230180740356445,3.6649999618530273,3.7057790756225586,980704,1.8734403848648071
2018-03-15,3.6904869079589844,3.7720439434051514,3.6548049449920654,3.766947031021118,1230245,1.9043638706207275
2018-03-16,3.751655101776123,3.8230180740356445,3.710875988006592,3.8179209232330322,1901377,1.9301329851150513
2018-03-19,3.8179209232330322,3.9300620555877686,3.8128230571746826,3.879089117050171,2000644,1.9610565900802612
2018-03-20,3.879089117050171,3.879089117050171,3.77714204788208,3.8332130908966064,1718341,1.9378645420074463
2018-03-21,3.8230180740356445,3.8637969493865967,3.792433977127075,3.8637969493865967,965009,1.9533261060714722
2018-03-22,3.8637969493865967,3.9453539848327637,3.8179209232330322,3.884186029434204,5387693,1.9636338949203491
2018-03-23,3.8230180740356445,3.9402570724487305,3.8230180740356445,3.884186029434204,978546,1.9636338949203491
2018-03-26,3.884186029434204,3.9606471061706543,3.884186029434204,3.9453539848327637,1509801,1.9945567846298218
2018-03-27,3.9402570724487305,3.9912309646606445,3.8637969493865967,3.9249649047851562,1802110,1.9842487573623657
2018-03-28,3.9147698879241943,3.9147698879241943,3.751655101776123,3.8332130908966064,2838725,1.9378645420074463
2018-03-29,3.8536019325256348,3.986133098602295,3.8332130908966064,3.986133098602295,2617434,2.015172243118286
2018-04-02,3.9759390354156494,4.011620044708252,3.884186029434204,3.9249649047851562,1549822,1.9842487573623657
2018-04-03,3.9606471061706543,3.9912309646606445,3.8892838954925537,3.9249649047851562,1021117,1.9842487573623657
2018-04-04,3.8536019325256348,3.909672975540161,3.7975308895111084,3.8892838954925537,1599848,1.9662103652954102
2018-04-05,3.9249649047851562,3.9606471061706543,3.8485050201416016,3.884186029434204,2184661,1.9636338949203491
2018-04-06,3.884186029434204,3.919867992401123,3.8230180740356445,3.8637969493865967,1077420,1.9533261060714722
2018-04-09,3.8637969493865967,3.894381046295166,3.7567520141601562,3.7822389602661133,1495088,1.9120945930480957
2018-04-10,3.7822389602661133,3.8179209232330322,3.736362934112549,3.8128230571746826,1087818,1.9275565147399902
2018-04-11,3.7822389602661133,3.868894100189209,3.7822389602661133,3.8485050201416016,903409,1.9455950260162354
2018-04-12,3.858699083328247,3.9249649047851562,3.858699083328247,3.9147698879241943,1061726,1.979095220565796
2018-04-13,3.899477958679199,3.919867992401123,3.8230180740356445,3.858699083328247,1059568,1.950748324394226
2018-04-16,3.8281149864196777,3.873991012573242,3.715972900390625,3.726167917251587,1356781,1.883748173713684
2018-04-17,3.751655101776123,3.858699083328247,3.7465579509735107,3.843406915664673,1395821,1.943017601966858
2018-04-18,3.8637969493865967,3.894381046295166,3.8332130908966064,3.8892838954925537,598349,1.9662103652954102
2018-04-19,3.879089117050171,3.9810359477996826,3.8383100032806396,3.9708409309387207,1222201,2.007441520690918
2018-04-20,3.9555490016937256,3.996328115463257,3.9147698879241943,3.9249649047851562,985804,1.9842487573623657
2018-04-23,3.904576063156128,3.9504520893096924,3.899477958679199,3.899477958679199,708602,1.97136390209198
2018-04-24,3.909672975540161,3.996328115463257,3.8230180740356445,3.8230180740356445,1309501,1.93271005153656
2018-04-25,3.8179209232330322,3.8485050201416016,3.8026280403137207,3.843406915664673,976976,1.943017601966858
2018-04-26,3.8332130908966064,3.9300620555877686,3.8230180740356445,3.884186029434204,4313999,1.9636338949203491
2018-04-27,3.884186029434204,3.919867992401123,3.873991012573242,3.919867992401123,1244566,1.9816721677780151
2018-04-30,3.9249649047851562,3.9504520893096924,3.843406915664673,3.9249649047851562,1312052,1.9842487573623657
2018-05-02,3.899477958679199,3.899477958679199,3.731265068054199,3.7720439434051514,2670599,1.9145429134368896
2018-05-03,3.766947031021118,3.7975308895111084,3.6548049449920654,3.6700971126556396,2094026,1.8627980947494507
2018-05-04,3.6599020957946777,3.8485050201416016,3.6548049449920654,3.792433977127075,2608606,1.9248912334442139
2018-05-07,3.7720439434051514,3.8536019325256348,3.766947031021118,3.7720439434051514,1719125,1.9145429134368896
2018-05-08,3.761850118637085,3.77714204788208,3.6649999618530273,3.741460084915161,14649746,1.89901864528656
2018-05-09,3.7465579509735107,3.766947031021118,3.6700971126556396,3.7465579509735107,1708924,1.901606798171997
2018-05-10,3.731265068054199,3.8230180740356445,3.7210710048675537,3.8026280403137207,1007188,1.9300652742385864
2018-05-11,3.7975308895111084,3.8383100032806396,3.7210710048675537,3.7567520141601562,1086249,1.9067809581756592
2018-05-14,3.77714204788208,3.7975308895111084,3.6853890419006348,3.726167917251587,1761696,1.8912575244903564
2018-05-15,3.70068097114563,3.70068097114563,3.619123935699463,3.6802918910980225,3639336,1.867972731590271
2018-05-16,3.70068097114563,3.7873361110687256,3.6904869079589844,3.751655101776123,1639672,1.9041935205459595
2018-05-17,3.7567520141601562,3.7720439434051514,3.5783450603485107,3.6497080326080322,1519806,1.8524490594863892
2018-05-18,3.619123935699463,3.619123935699463,3.47639799118042,3.5273709297180176,2356318,1.7903558015823364
2018-05-21,3.5375659465789795,3.6140260696411133,3.440716028213501,3.5171759128570557,7514677,1.785180687904358
2018-05-22,3.5477609634399414,3.6904869079589844,3.5171759128570557,3.6649999618530273,5023386,1.8602100610733032
2018-05-23,3.6548049449920654,3.7567520141601562,3.6395130157470703,3.6853890419006348,2097164,1.870559811592102
2018-05-24,3.6446099281311035,3.6955840587615967,3.588538885116577,3.6955840587615967,2606644,1.8757339715957642
2018-05-25,3.6955840587615967,3.741460084915161,3.5069820880889893,3.588538885116577,2079704,1.821401596069336
2018-05-28,3.5120790004730225,3.5222740173339844,3.2928929328918457,3.4356191158294678,1900200,1.7437859773635864
2018-05-29,3.4865920543670654,3.5630528926849365,3.415229082107544,3.4865920543670654,1406807,1.7696579694747925
2018-05-30,3.471299886703491,3.568150043487549,3.430521011352539,3.568150043487549,3688773,1.8110536336898804
2018-06-01,3.557955026626587,3.619123935699463,3.430521011352539,3.5222740173339844,2816949,1.7877686023712158
2018-06-04,3.542663097381592,3.573246955871582,3.450911045074463,3.568150043487549,1805248,1.8110536336898804
2018-06-05,3.568150043487549,3.608928918838501,3.3591580390930176,3.364255905151367,2020262,1.7075648307800293
2018-06-06,3.364255905151367,3.4050350189208984,3.221529960632324,3.3285739421844482,1741294,1.6894539594650269
2018-06-07,3.2674059867858887,3.272502899169922,3.0940959453582764,3.2521140575408936,2388884,1.6506463289260864
2018-06-08,3.2521140575408936,3.2674059867858887,3.114485025405884,3.221529960632324,1592982,1.635122537612915
2018-06-11,3.2164320945739746,3.287795066833496,3.180751085281372,3.2266271114349365,1130781,1.6377097368240356
2018-06-12,3.2266271114349365,3.2368218898773193,3.145068883895874,3.1501669883728027,1288118,1.5989015102386475
2018-06-13,3.1756529808044434,3.206238031387329,3.104290008544922,3.17055606842041,1519022,1.609250783920288
2018-06-14,3.206238031387329,3.2164320945739746,3.1348750591278076,3.1603610515594482,968344,1.6040759086608887
2018-06-15,3.1603610515594482,3.1603610515594482,3.053317070007324,3.155263900756836,2068522,1.6014885902404785
2018-06-18,3.1348750591278076,3.1501669883728027,3.053317070007324,3.1195828914642334,1969451,1.5833783149719238
2018-06-19,3.0991930961608887,3.2113349437713623,3.0584139823913574,3.1858479976654053,4245532,1.6170119047164917
2018-06-20,3.2011399269104004,3.2419190406799316,3.1348750591278076,3.196043014526367,1823689,1.6221866607666016
2018-06-21,3.1603610515594482,3.1858479976654053,3.03802490234375,3.0737059116363525,1660468,1.5600930452346802
2018-06-22,3.0889980792999268,3.0991930961608887,3.0329270362854004,3.0839009284973145,1057410,1.5652670860290527
2018-06-25,3.104290008544922,3.165458917617798,3.0584139823913574,3.155263900756836,2650785,1.6014885902404785
2018-06-26,3.155263900756836,3.313282012939453,3.1501669883728027,3.313282012939453,5578183,1.6816928386688232
2018-06-27,3.33876895904541,3.364255905151367,3.1348750591278076,3.1756529808044434,2570547,1.61183762550354
2018-06-28,3.180751085281372,3.2623090744018555,3.1246800422668457,3.2623090744018555,951277,1.6558209657669067
2018-06-29,3.282697916030884,3.364255905151367,3.2113349437713623,3.364255905151367,3251684,1.7075648307800293
2018-07-02,3.33876895904541,3.3999369144439697,3.2928929328918457,3.389741897583008,1188655,1.7205008268356323
2018-07-03,3.3591580390930176,3.466202974319458,3.348963975906372,3.4356191158294678,1314014,1.7437859773635864
2018-07-04,3.4356191158294678,3.619123935699463,3.4101319313049316,3.5528581142425537,972464,1.803292155265808
2018-07-05,3.5273709297180176,3.598733901977539,3.4865920543670654,3.5477609634399414,1983184,1.800705075263977
2018-07-06,3.5477609634399414,3.598733901977539,3.5018839836120605,3.573246955871582,1062315,1.8136404752731323
2018-07-10,3.5783450603485107,3.6140260696411133,3.568150043487549,3.6140260696411133,1227302,1.8343390226364136
2018-07-11,3.573246955871582,3.6038320064544678,3.5171759128570557,3.5171759128570557,1246528,1.785180687904358
2018-07-12,3.5528581142425537,3.573246955871582,3.5018839836120605,3.573246955871582,693496,1.8136404752731323
2018-07-13,3.588538885116577,3.6599020957946777,3.5324690341949463,3.634416103363037,1670080,1.844687819480896
2018-07-16,3.634416103363037,3.6802918910980225,3.608928918838501,3.608928918838501,987374,1.8317512273788452
2018-07-17,3.608928918838501,3.6700971126556396,3.588538885116577,3.6140260696411133,1085660,1.8343390226364136
2018-07-18,3.6293179988861084,3.6446099281311035,3.5273709297180176,3.5324690341949463,1403276,1.7929433584213257
2018-07-19,3.557955026626587,3.6293179988861084,3.5120790004730225,3.6293179988861084,1074870,1.8421000242233276
2018-07-20,3.6497080326080322,3.8077259063720703,3.6446099281311035,3.715972900390625,1829182,1.8860827684402466
2018-07-23,3.7210710048675537,3.751655101776123,3.6700971126556396,3.6955840587615967,766279,1.8757339715957642
2018-07-24,3.7210710048675537,3.7873361110687256,3.7057790756225586,3.7720439434051514,1201014,1.9145429134368896
2018-07-25,3.7822389602661133,3.8485050201416016,3.766947031021118,3.8077259063720703,2712189,1.9326527118682861
2018-07-26,3.8230180740356445,3.8332130908966064,3.726167917251587,3.7567520141601562,986981,1.9067809581756592
2018-07-27,3.766947031021118,3.7822389602661133,3.6751949787139893,3.6955840587615967,1339125,1.8757339715957642
2018-07-30,3.7210710048675537,3.7465579509735107,3.6548049449920654,3.6751949787139893,2826954,1.8653851747512817
2018-07-31,3.6700971126556396,3.741460084915161,3.634416103363037,3.6853890419006348,2266664,1.870559811592102
2018-08-01,3.6802918910980225,3.6853890419006348,3.6446099281311035,3.6548049449920654,2140324,1.8550351858139038
2018-08-02,3.634416103363037,3.6955840587615967,3.608928918838501,3.6599020957946777,696046,1.8576228618621826
2018-08-03,3.6955840587615967,3.7720439434051514,3.6649999618530273,3.7720439434051514,796098,1.9145429134368896
2018-08-06,3.7720439434051514,3.8230180740356445,3.751655101776123,3.7822389602661133,906155,1.919716715812683
2018-08-07,3.792433977127075,3.843406915664673,3.7720439434051514,3.8077259063720703,1665764,1.9326527118682861
2018-08-08,3.7975308895111084,3.8383100032806396,3.7567520141601562,3.7873361110687256,855345,1.922303557395935
2018-08-09,3.8179209232330322,3.8179209232330322,3.624221086502075,3.6802918910980225,864173,1.867972731590271
2018-08-10,3.6497080326080322,3.6497080326080322,3.491689920425415,3.6038320064544678,1900592,1.8291643857955933
2018-08-13,3.6038320064544678,3.6038320064544678,3.5120790004730225,3.598733901977539,1329904,1.826576828956604
2018-08-14,3.598733901977539,3.6599020957946777,3.568150043487549,3.6293179988861084,1001106,1.8421000242233276
2018-08-15,3.573246955871582,3.619123935699463,3.5324690341949463,3.6140260696411133,718999,1.8343390226364136
2018-08-16,3.624221086502075,3.761850118637085,3.624221086502075,3.726167917251587,1824670,1.8912575244903564
2018-08-17,3.715972900390625,3.7567520141601562,3.583441972732544,3.70068097114563,2001625,1.8783212900161743
2018-08-20,3.70068097114563,3.70068097114563,3.5222740173339844,3.6395130157470703,1868026,1.847274661064148
2018-08-21,3.6293179988861084,3.6293179988861084,3.3948400020599365,3.5120790004730225,1620643,1.782594084739685
2018-08-22,3.5375659465789795,3.593636989593506,3.389741897583008,3.593636989593506,1774448,1.8239892721176147
2018-08-23,3.583441972732544,3.583441972732544,3.3948400020599365,3.466202974319458,2764177,1.7593098878860474
2018-08-24,3.481494903564453,3.5120790004730225,3.364255905151367,3.4967870712280273,2096380,1.7748322486877441
2018-08-27,3.4967870712280273,3.568150043487549,3.445812940597534,3.568150043487549,2027717,1.8110536336898804
2018-08-28,3.568150043487549,3.573246955871582,3.450911045074463,3.5528581142425537,1343048,1.803292155265808
2018-08-29,3.5324690341949463,3.598733901977539,3.5273709297180176,3.568150043487549,2249008,1.8110536336898804
2018-08-30,3.5273709297180176,3.5630528926849365,3.4356191158294678,3.491689920425415,1672827,1.772244930267334
2018-08-31,3.5171759128570557,3.583441972732544,3.47639799118042,3.5783450603485107,2402421,1.8162285089492798
2018-09-03,3.573246955871582,3.573246955871582,3.5018839836120605,3.5324690341949463,709190,1.7929433584213257
2018-09-04,3.5477609634399414,3.5477609634399414,3.3693530559539795,3.4101319313049316,2208791,1.7308502197265625
2018-09-05,3.415229082107544,3.4865920543670654,3.3438661098480225,3.450911045074463,2525622,1.7515473365783691
2018-09-06,3.491689920425415,3.5171759128570557,3.3999369144439697,3.491689920425415,1650855,1.772244930267334
2018-09-10,3.5018839836120605,3.5375659465789795,3.4203269481658936,3.481494903564453,1577091,1.7670713663101196
2018-09-11,3.4356191158294678,3.445812940597534,3.3285739421844482,3.3438661098480225,2960553,1.6972155570983887
2018-09-12,3.389741897583008,3.389741897583008,3.313282012939453,3.33876895904541,2042038,1.6946289539337158
2018-09-13,3.323477029800415,3.323477029800415,3.190946102142334,3.2113349437713623,1752280,1.6299481391906738
2018-09-14,3.2317240238189697,3.247015953063965,3.063512086868286,3.2113349437713623,1785238,1.6299481391906738
2018-09-17,3.2113349437713623,3.33876895904541,3.1756529808044434,3.33876895904541,1760519,1.6946289539337158
2018-09-18,3.33876895904541,3.4611051082611084,3.2623090744018555,3.4611051082611084,1907262,1.756722092628479
2018-09-19,3.4203269481658936,3.4611051082611084,3.3438661098480225,3.389741897583008,1795243,1.7205008268356323
2018-09-20,3.3948400020599365,3.415229082107544,3.3438661098480225,3.3744499683380127,1256729,1.7127389907836914
2018-09-21,3.4050350189208984,3.5018839836120605,3.3846449851989746,3.4967870712280273,2878942,1.7748322486877441
2018-09-24,3.4611051082611084,3.481494903564453,3.364255905151367,3.4050350189208984,1328923,1.7282634973526
2018-09-25,3.364255905151367,3.3693530559539795,3.287795066833496,3.3285739421844482,2987822,1.6894539594650269
2018-09-26,3.33876895904541,3.3744499683380127,3.30818510055542,3.348963975906372,1548645,1.699803113937378
2018-09-27,3.3591580390930176,3.3846449851989746,3.282697916030884,3.333672046661377,3358210,1.6920417547225952
2018-09-28,3.3183789253234863,3.3540608882904053,3.282697916030884,3.33876895904541,2358280,1.6946289539337158
2018-10-01,3.313282012939453,3.3183789253234863,3.206238031387329,3.3183789253234863,2507769,1.6842795610427856
2018-10-02,3.323477029800415,3.5375659465789795,3.323477029800415,3.5375659465789795,3239129,1.7955303192138672
2018-10-03,3.6853890419006348,3.8077259063720703,3.6293179988861084,3.7210710048675537,3634235,1.8886700868606567
2018-10-04,3.6802918910980225,3.8230180740356445,3.634416103363037,3.8077259063720703,1622801,1.9326527118682861
2018-10-05,3.899477958679199,4.1594438552856445,3.858699083328247,4.07788610458374,7278672,2.0697760581970215
2018-10-08,5.000507831573486,5.066772937774658,4.653886795043945,4.857781887054443,11143027,2.4656200408935547
2018-10-09,4.857781887054443,4.96992301940918,4.704861164093018,4.944437026977539,12785251,2.5096030235290527
2018-10-10,4.903657913208008,4.913852214813232,4.658985137939453,4.873074054718018,21100931,2.4733822345733643
2018-10-11,5.036189079284668,5.199305057525635,5.005605220794678,5.163622856140137,12429576,2.6208531856536865
2018-10-15,5.403199195861816,5.423587799072266,5.189109802246094,5.245181083679199,10097191,2.6622490882873535
2018-10-16,5.250277996063232,5.352224826812744,5.199305057525635,5.352224826812744,9992235,2.716580629348755
2018-10-17,5.025993824005127,5.316544055938721,5.0157999992370605,5.250277996063232,8213470,2.6648356914520264
2018-10-18,5.2859601974487305,5.316544055938721,5.184011936187744,5.24008321762085,2269803,2.6596617698669434
2018-10-19,5.296154022216797,5.321640968322754,5.071870803833008,5.24008321762085,4969044,2.6596617698669434
2018-10-22,5.311446189880371,5.347127914428711,5.229888916015625,5.250277996063232,2056947,2.6648356914520264
2018-10-23,5.204401969909668,5.347127914428711,5.16871976852417,5.2859601974487305,2181718,2.6829473972320557
2018-10-24,5.280861854553223,5.331836223602295,5.24008321762085,5.30634880065918,3461597,2.6932952404022217
2018-10-25,5.311446189880371,5.658067226409912,5.311446189880371,5.601995944976807,2712777,2.8433547019958496
2018-10-26,5.60709285736084,6.0148820877075195,5.561216831207275,6.0148820877075195,5509913,3.0529189109802246
2018-10-29,5.703942775726318,5.714138031005859,5.535729885101318,5.683554172515869,5203872,2.8847498893737793
2018-10-30,5.734527111053467,5.734527111053467,5.464366912841797,5.658067226409912,5253702,2.871814489364624
2018-10-31,5.683554172515869,5.7396240234375,5.500049114227295,5.647871971130371,4967279,2.866640090942383
2018-11-01,5.612191200256348,5.729430198669434,5.540828227996826,5.658067226409912,3389795,2.871814489364624
2018-11-05,5.785501003265381,5.984298229217529,5.74472188949585,5.887447834014893,4035620,2.9882383346557617
2018-11-06,5.91293478012085,5.9537129402160645,5.775306224822998,5.91293478012085,2326303,3.0011749267578125
2018-11-07,5.9639081954956055,6.025075912475586,5.821181774139404,5.897643089294434,2649411,2.993412733078003
2018-11-08,5.958810806274414,5.9893951416015625,5.754917144775391,5.785501003265381,2386726,2.9364936351776123
2018-11-09,5.760014057159424,5.8466691970825195,5.627482891082764,5.8466691970825195,2066168,2.967540979385376
2018-11-12,5.872156143188477,5.984298229217529,5.8364739418029785,5.93842077255249,2669029,3.0141103267669678
2018-11-13,5.93842077255249,5.974102973937988,5.816084861755371,5.93842077255249,2049885,3.0141103267669678
2018-11-14,5.918032169342041,5.93842077255249,5.688651084899902,5.93842077255249,3691520,3.0141103267669678
2018-11-16,5.9537129402160645,6.116828918457031,5.933323860168457,6.055661201477051,1657329,3.0736172199249268
2018-11-19,6.111732006072998,6.111732006072998,5.958810806274414,5.999589920043945,955985,3.045156955718994
2018-11-21,5.8619608879089355,6.019979000091553,5.816084861755371,5.9893951416015625,2061460,3.039982557296753
2018-11-22,6.0046868324279785,6.320723056793213,6.0046868324279785,6.290139198303223,2101677,3.192629337310791
2018-11-23,6.290139198303223,6.392086029052734,6.17799711227417,6.295236110687256,1522161,3.195216178894043
2018-11-26,6.305430889129639,6.463449001312256,6.193288803100586,6.20858097076416,1438196,3.151233673095703
2018-11-27,6.218776226043701,6.381892204284668,5.9639081954956055,6.361502170562744,2286282,3.228850841522217
2018-11-28,6.361502170562744,6.422669887542725,6.234067916870117,6.320723056793213,4411501,3.2081518173217773
2018-11-29,6.279943943023682,6.448156833648682,6.269750118255615,6.448156833648682,2250577,3.272832155227661
2018-11-30,6.427768230438232,6.519519805908203,6.356404781341553,6.48383903503418,1735016,3.2909440994262695
2018-12-03,6.529715061187744,6.534811973571777,6.366599082946777,6.448156833648682,3694070,3.272832155227661
2018-12-04,6.458352088928223,6.47874116897583,6.366599082946777,6.458352088928223,986393,3.2780070304870605
2018-12-05,6.381892204284668,6.473643779754639,6.269750118255615,6.37679386138916,1306363,3.2366116046905518
2018-12-06,6.356404781341553,6.356404781341553,6.17799711227417,6.320723056793213,1429171,3.2081518173217773
2018-12-07,6.320723056793213,6.371696949005127,6.203484058380127,6.31562614440918,1765032,3.2055649757385254
2018-12-10,6.244263172149658,6.356404781341553,6.188191890716553,6.295236110687256,2699045,3.195216178894043
2018-12-11,6.3105292320251465,6.473643779754639,6.254457950592041,6.473643779754639,1391112,3.285769462585449
2018-12-12,6.473643779754639,6.64695405960083,6.473643779754639,6.64695405960083,4238666,3.3737337589263916
2018-12-13,6.585785865783691,6.68263578414917,6.565395832061768,6.67753791809082,4434846,3.3892579078674316
2018-12-14,6.621467113494873,6.8355560302734375,6.595981121063232,6.78458309173584,2941916,3.443589448928833
2018-12-17,6.8355560302734375,6.8355560302734375,6.51442289352417,6.590882778167725,2509339,3.3452751636505127
2018-12-18,6.550104141235352,6.75399923324585,6.550104141235352,6.68263578414917,2770651,3.3918445110321045
2018-12-19,6.67753791809082,6.912016868591309,6.611272811889648,6.820263862609863,3075711,3.461700439453125
2018-12-20,6.820263862609863,7.345292091369629,6.820263862609863,7.340195178985596,5871669,3.7255966663360596
2018-12-21,7.340195178985596,7.52370023727417,7.1566901206970215,7.380973815917969,4842116,3.7462942600250244
2018-12-26,7.289220809936523,7.329999923706055,7.126105785369873,7.329999923706055,1962781,3.7577946186065674
2018-12-27,7.335096836090088,7.482921123504639,7.24844217300415,7.375875949859619,2899345,3.7813143730163574
2018-12-28,7.396265983581543,7.661327838897705,7.391168117523193,7.661327838897705,2128357,3.9276535511016846
2019-01-02,7.742886066436768,8.02324104309082,7.630743980407715,7.951878070831299,2492663,4.076607704162598
2019-01-03,7.865222930908203,7.911098957061768,7.6358418464660645,7.783665180206299,2371032,3.9903712272644043
2019-01-04,7.8601250648498535,7.967169761657715,7.640939235687256,7.967169761657715,4123901,4.084447383880615
2019-01-07,7.967169761657715,7.967169761657715,7.4931159019470215,7.697010040283203,4974537,3.9459469318389893
2019-01-08,7.747982978820801,7.773469924926758,7.45233678817749,7.69191312789917,4709302,3.943333625793457
2019-01-09,7.72249698638916,7.941682815551758,7.4931159019470215,7.75308084487915,5350811,3.974691152572632
2019-01-10,8.002850532531738,8.089506149291992,7.819345951080322,7.972267150878906,3157714,4.08705997467041
2019-01-11,7.977365016937256,8.069116592407227,7.814249038696289,8.069116592407227,1961800,4.136710166931152
2019-01-14,8.11499309539795,8.4208345413208,7.900904178619385,8.334179878234863,4473690,4.2725982666015625
2019-01-15,8.334179878234863,8.431029319763184,8.125187873840332,8.257719039916992,3070610,4.233399868011475
2019-01-16,8.257719039916992,8.359665870666504,8.033434867858887,8.232232093811035,2441657,4.220334053039551
2019-01-17,8.227134704589844,8.441224098205566,8.145577430725098,8.369860649108887,3647772,4.290890216827393
2019-01-18,8.45141887664795,8.45141887664795,8.176161766052246,8.278108596801758,2390454,4.243852138519287
2019-01-21,8.28830337524414,8.410639762878418,8.125187873840332,8.410639762878418,14645038,4.311795711517334
2019-01-22,8.405543327331543,8.507490158081055,8.267913818359375,8.385152816772461,2544455,4.29872989654541
2019-01-23,8.390251159667969,8.487099647521973,8.318887710571289,8.471808433532715,2137774,4.343153476715088
2019-01-24,8.441224098205566,8.614534378051758,8.431029319763184,8.614534378051758,10805401,4.416324138641357
2019-01-28,8.589048385620117,8.589048385620117,8.2526216506958,8.45141887664795,3601669,4.332702159881592
2019-01-29,8.51258659362793,8.51258659362793,8.390251159667969,8.425931930541992,3130445,4.319635391235352
2019-01-30,8.410639762878418,8.471808433532715,8.2628173828125,8.359665870666504,2913862,4.285664081573486
2019-01-31,8.359665870666504,8.441224098205566,8.109895706176758,8.267913818359375,2942897,4.238625526428223
2019-02-01,8.206746101379395,8.28320598602295,8.033434867858887,8.222038269042969,1721087,4.215107440948486
2019-02-04,8.165966987609863,8.171064376831055,7.987558841705322,8.069116592407227,2823227,4.136710166931152
2019-02-05,8.099700927734375,8.186355590820312,7.972267150878906,8.099700927734375,1919229,4.1523895263671875
2019-02-06,8.079312324523926,8.079312324523926,7.75308084487915,7.890708923339844,2876588,4.045248031616211
2019-02-07,7.768373012542725,7.997754096984863,7.666426181793213,7.997754096984863,4039543,4.10012674331665
2019-02-08,7.911098957061768,8.130285263061523,7.829541206359863,8.130285263061523,2114821,4.168069839477539
2019-02-11,8.130285263061523,8.130285263061523,7.829541206359863,7.99265718460083,2372797,4.097512722015381
2019-02-12,8.02324104309082,8.089506149291992,7.890708923339844,8.0844087600708,2070092,4.144550800323486
2019-02-13,8.074213981628418,8.232232093811035,7.941682815551758,8.222038269042969,1723049,4.215107440948486
2019-02-14,8.227134704589844,8.354569435119629,7.99265718460083,8.354569435119629,2707088,4.283050537109375
2019-02-15,8.354569435119629,8.380056381225586,8.242426872253418,8.374958038330078,3269340,4.293503284454346
2019-02-18,8.318887710571289,8.497295379638672,8.201647758483887,8.466711044311523,1478412,4.340541839599609
2019-02-19,8.466711044311523,8.527878761291504,8.441224098205566,8.461613655090332,2108935,4.337928771972656
2019-02-20,8.527878761291504,8.538073539733887,8.135382652282715,8.232232093811035,5732773,4.220334053039551
2019-02-21,8.278108596801758,8.28320598602295,8.069116592407227,8.227134704589844,2804394,4.217719554901123
2019-02-22,8.19145393371582,8.293400764465332,8.0844087600708,8.267913818359375,2443226,4.238625526428223
2019-02-25,8.303594589233398,8.354569435119629,8.196551322937012,8.334179878234863,1484690,4.2725982666015625
2019-02-26,8.334179878234863,8.374958038330078,8.150674819946289,8.34437370300293,3765676,4.277823448181152
2019-02-27,8.359665870666504,8.782747268676758,8.257719039916992,8.614534378051758,11893416,4.416324138641357
2019-02-28,8.634923934936523,8.634923934936523,8.374958038330078,8.538073539733887,2851673,4.3771257400512695
2019-03-01,8.476905822753906,8.538073539733887,8.303594589233398,8.487099647521973,1666353,4.350994110107422
2019-03-06,8.482003211975098,8.487099647521973,8.308692932128906,8.385152816772461,1283606,4.29872989654541
2019-03-07,8.354569435119629,8.354569435119629,8.058921813964844,8.058921813964844,3360564,4.131484508514404
2019-03-08,8.058921813964844,8.267913818359375,7.997754096984863,8.267913818359375,1428387,4.238625526428223
2019-03-11,8.28320598602295,8.609436988830566,8.267913818359375,8.56356143951416,1065846,4.390192985534668
2019-03-12,8.497295379638672,8.767455101013184,8.410639762878418,8.71648120880127,2464217,4.468588352203369
2019-03-13,8.711383819580078,8.843914985656738,8.558463096618652,8.772551536560059,1007973,4.497334003448486
2019-03-14,8.71648120880127,8.864304542541504,8.665508270263672,8.818428993225098,607962,4.520853042602539
2019-03-15,8.859207153320312,9.073296546936035,8.833721160888672,8.915278434753418,2212714,4.5705037117004395
2019-03-18,8.945862770080566,9.068199157714844,8.772551536560059,9.068199157714844,1291845,4.648899555206299
2019-03-19,9.068199157714844,9.073296546936035,8.869401931762695,9.027420043945312,2404186,4.627995014190674
2019-03-20,9.022322654724121,9.03251838684082,8.81333065032959,8.838817596435547,2274511,4.531304836273193
2019-03-21,8.79294204711914,8.894888877868652,8.45141887664795,8.665508270263672,1416812,4.4424567222595215
2019-03-22,8.56356143951416,8.655312538146973,8.329081535339355,8.405543327331543,1937278,4.309183597564697
2019-03-25,8.395347595214844,8.594144821166992,8.34437370300293,8.594144821166992,2209183,4.405871391296387
2019-03-26,8.61963176727295,8.690995216369629,8.436126708984375,8.690995216369629,2133654,4.455523490905762
2019-03-27,8.655312538146973,8.655312538146973,8.064020156860352,8.247525215148926,4303602,4.22817325592041
2019-03-28,8.15577220916748,8.49219799041748,8.033434867858887,8.359665870666504,2467552,4.285664081573486
2019-03-29,8.461613655090332,8.522782325744629,8.369860649108887,8.51258659362793,1597690,4.364059925079346
2019-04-01,8.487099647521973,8.548269271850586,8.237330436706543,8.313790321350098,6473353,4.262144565582275
2019-04-02,8.405543327331543,8.410639762878418,7.783665180206299,7.783665180206299,5036727,3.9903712272644043
2019-04-03,7.844832897186279,8.033434867858887,7.72249698638916,7.956974983215332,6075304,4.079220294952393
2019-04-04,7.951878070831299,8.089506149291992,7.814249038696289,8.089506149291992,2729453,4.1471638679504395
2019-04-05,8.109895706176758,8.232232093811035,7.890708923339844,8.150674819946289,5222509,4.178521633148193
2019-04-08,8.237330436706543,8.56356143951416,8.227134704589844,8.45651626586914,3552428,4.335315227508545
2019-04-09,8.461613655090332,8.461613655090332,8.135382652282715,8.329081535339355,2180737,4.269984245300293
2019-04-10,8.334179878234863,8.71648120880127,8.28830337524414,8.71648120880127,4403065,4.468588352203369
2019-04-11,8.56356143951416,8.634923934936523,8.405543327331543,8.609436988830566,3590487,4.413712024688721
2019-04-12,8.471808433532715,8.548269271850586,8.186355590820312,8.395347595214844,6389584,4.303956985473633
2019-04-15,8.380056381225586,8.45651626586914,8.206746101379395,8.385152816772461,5339825,4.29872989654541
2019-04-16,8.32398509979248,8.461613655090332,8.2628173828125,8.329081535339355,2333365,4.269984245300293
2019-04-17,8.329081535339355,8.400444984436035,8.038533210754395,8.145577430725098,2290009,4.175909519195557
2019-04-18,8.15577220916748,8.400444984436035,8.069116592407227,8.359665870666504,4171769,4.285664081573486
2019-04-22,8.359665870666504,8.558463096618652,8.19145393371582,8.51258659362793,4152151,4.364059925079346
2019-04-23,8.51258659362793,8.680800437927246,8.507490158081055,8.665508270263672,2979190,4.4424567222595215
2019-04-24,8.609436988830566,8.650216102600098,8.45651626586914,8.56356143951416,2806748,4.390192985534668
2019-04-25,8.56356143951416,8.818428993225098,8.502391815185547,8.772551536560059,2457547,4.497334003448486
2019-04-26,8.721578598022461,8.956056594848633,8.665508270263672,8.889792442321777,1591020,4.557437896728516
2019-04-29,8.945862770080566,8.991739273071289,8.767455101013184,8.894888877868652,2808317,4.5600504875183105
2019-04-30,8.894888877868652,9.007031440734863,8.79294204711914,9.007031440734863,3110631,4.6175432205200195
2019-05-02,8.950960159301758,9.134465217590332,8.828622817993164,9.05290699005127,1569636,4.641060829162598
2019-05-03,9.058004379272461,9.266996383666992,8.976447105407715,9.001933097839355,2551517,4.614927768707275
2019-05-06,8.736870765686035,8.762357711791992,8.522782325744629,8.762357711791992,1710690,4.60977840423584
2019-05-07,8.767455101013184,9.073296546936035,8.45141887664795,8.71648120880127,26121768,4.585643291473389
2019-05-08,8.777649879455566,8.79294204711914,8.650216102600098,8.7572603225708,4142538,4.6070966720581055
2019-05-09,8.741968154907227,8.869401931762695,8.614534378051758,8.859207153320312,2962907,4.660730361938477
2019-05-10,8.894888877868652,8.894888877868652,8.665508270263672,8.79294204711914,2246654,4.6258697509765625
2019-05-13,8.706287384033203,8.706287384033203,8.339277267456055,8.487099647521973,4634361,4.464968681335449
2019-05-14,8.553365707397461,8.640021324157715,8.405543327331543,8.640021324157715,2213499,4.545419692993164
2019-05-15,8.527878761291504,8.538073539733887,8.32398509979248,8.461613655090332,3595980,4.451559543609619
2019-05-16,8.4208345413208,8.431029319763184,8.064020156860352,8.181259155273438,11657019,4.304068565368652
2019-05-17,8.135382652282715,8.313790321350098,7.788762092590332,7.987558841705322,4991409,4.202165603637695
2019-05-20,8.058921813964844,8.369860649108887,7.936585903167725,8.359665870666504,2972127,4.397928237915039
2019-05-21,8.34437370300293,8.767455101013184,8.329081535339355,8.767455101013184,1741098,4.612460613250732
2019-05-22,8.741968154907227,8.915278434753418,8.650216102600098,8.910181045532227,1903142,4.687548637390137
2019-05-23,8.910181045532227,8.910181045532227,8.71648120880127,8.75216293334961,2435771,4.6044158935546875
2019-05-24,8.81333065032959,8.81333065032959,8.303594589233398,8.466711044311523,29136074,4.45424222946167
2019-05-27,8.497295379638672,8.61963176727295,8.425931930541992,8.45651626586914,2063814,4.448879241943359
2019-05-28,8.466711044311523,8.64511775970459,8.369860649108887,8.56356143951416,6933984,4.505194187164307
2019-05-29,8.553365707397461,8.874500274658203,8.507490158081055,8.874500274658203,1322449,4.668776035308838
2019-05-30,8.843914985656738,9.195632934570312,8.798039436340332,9.175244331359863,3581659,4.826993942260742
2019-05-31,9.0936861038208,9.29248332977295,9.078393936157227,9.175244331359863,2694925,4.826993942260742
2019-06-03,9.241509437561035,9.33326244354248,9.190535545349121,9.246606826782227,973837,4.864536762237549
2019-06-04,9.251704216003418,9.35365104675293,9.165048599243164,9.35365104675293,1707747,4.920852184295654
2019-06-05,9.328164100646973,9.374040603637695,9.256800651550293,9.374040603637695,1077224,4.931579113006592
2019-06-06,9.374040603637695,9.684979438781738,9.358749389648438,9.65439510345459,3147120,5.079071044921875
2019-06-07,9.62890911102295,9.88377571105957,9.608518600463867,9.710466384887695,2015750,5.1085686683654785
2019-06-10,9.684979438781738,9.741049766540527,9.343456268310547,9.491279602050781,3418830,4.993256568908691
2019-06-11,9.537156105041504,9.644201278686523,9.404624938964844,9.588129997253418,2616845,5.0442094802856445
2019-06-12,9.623810768127441,9.62890911102295,9.226217269897461,9.226217269897461,2988999,4.8538103103637695
2019-06-13,9.29248332977295,9.348553657531738,9.139561653137207,9.277191162109375,14894579,4.8806281089782715
2019-06-14,9.312871932983398,9.328164100646973,9.08858871459961,9.119173049926758,2585064,4.7974958419799805
2019-06-17,9.042712211608887,9.195632934570312,9.022322654724121,9.165048599243164,1193559,4.821630954742432
2019-06-18,9.323066711425781,9.33326244354248,8.966252326965332,9.098782539367676,6161231,4.786768436431885
2019-06-19,9.098782539367676,9.098782539367676,8.971348762512207,9.017226219177246,1300870,4.743861198425293
2019-06-21,9.037614822387695,9.149757385253906,8.976447105407715,9.12427043914795,2836567,4.800178050994873
2019-06-24,9.170145988464355,9.210925102233887,8.971348762512207,9.134465217590332,2466375,4.805541038513184
2019-06-25,9.083491325378418,9.108978271484375,8.849013328552246,8.996835708618164,1743844,4.7331342697143555
2019-06-26,9.058004379272461,9.103880882263184,8.869401931762695,8.991739273071289,3672490,4.7304534912109375
2019-06-27,8.930569648742676,9.323066711425781,8.777649879455566,9.297579765319824,2937207,4.891354084014893
2019-06-28,9.302678108215332,9.623810768127441,9.302678108215332,9.542252540588379,5822624,5.020073890686035
2019-07-01,9.58303165435791,9.634005546569824,9.425013542175293,9.425013542175293,2552891,4.958395481109619
2019-07-02,9.450501441955566,9.496376991271973,9.0936861038208,9.195632934570312,1715987,4.837719440460205
2019-07-03,9.200730323791504,9.317970275878906,9.042712211608887,9.29248332977295,833176,4.888673782348633
2019-07-04,9.328164100646973,9.41481876373291,9.266996383666992,9.41481876373291,1044070,4.95303201675415
2019-07-05,9.302678108215332,9.496376991271973,9.251704216003418,9.404624938964844,1379145,4.947668075561523
2019-07-08,9.348553657531738,9.547350883483887,9.348553657531738,9.547350883483887,693692,5.022754669189453
2019-07-10,9.577935218811035,9.76144027709961,9.481084823608398,9.62890911102295,3398034,5.065661907196045
2019-07-11,9.674784660339355,9.776732444763184,9.409722328186035,9.409722328186035,1607107,4.950350761413574
2019-07-12,9.481084823608398,9.496376991271973,9.170145988464355,9.312871932983398,2040272,4.899399757385254
2019-07-15,9.287385940551758,9.35365104675293,9.108978271484375,9.165048599243164,1177276,4.821630954742432
2019-07-16,9.175244331359863,9.210925102233887,9.068199157714844,9.205827713012695,1246528,4.843084335327148
2019-07-17,9.205827713012695,9.266996383666992,9.144659996032715,9.175244331359863,1711474,4.826993942260742
2019-07-18,9.11407470703125,9.251704216003418,9.078393936157227,9.165048599243164,1151969,4.821630954742432
2019-07-19,9.154853820800781,9.175244331359863,8.874500274658203,8.92037582397461,1178649,4.692911148071289
2019-07-22,8.9254732131958,9.022322654724121,8.849013328552246,8.935667991638184,997575,4.700955390930176
2019-07-23,8.956056594848633,8.991739273071289,8.849013328552246,8.905083656311035,1173941,4.684866905212402
2019-07-24,8.843914985656738,8.9254732131958,8.665508270263672,8.670604705810547,2961338,4.5615105628967285
2019-07-25,8.629825592041016,8.762357711791992,8.548269271850586,8.629825592041016,3051580,4.540055274963379
2019-07-26,8.61963176727295,8.721578598022461,8.609436988830566,8.665508270263672,485153,4.5588274002075195
2019-07-29,8.62472915649414,8.665508270263672,8.45141887664795,8.61963176727295,2502080,4.534693241119385
2019-07-30,8.56356143951416,8.7572603225708,8.558463096618652,8.7572603225708,2229586,4.6070966720581055
2019-07-31,8.71648120880127,8.767455101013184,8.599242210388184,8.675703048706055,1499011,4.564190864562988
2019-08-01,8.75216293334961,8.991739273071289,8.690995216369629,8.823526382446289,3401762,4.6419596672058105
2019-08-02,8.772551536560059,8.859207153320312,8.64511775970459,8.767455101013184,1627706,4.612460613250732
2019-08-05,8.665508270263672,8.690995216369629,8.502391815185547,8.64511775970459,1353446,4.54810094833374
2019-08-06,8.634923934936523,8.966252326965332,8.578852653503418,8.966252326965332,1528242,4.717045307159424
2019-08-07,8.828622817993164,8.930569648742676,8.51258659362793,8.609436988830566,4288888,4.529330253601074
2019-08-08,8.640021324157715,8.935667991638184,8.634923934936523,8.894888877868652,2494821,4.679502010345459
2019-08-09,8.92037582397461,9.001933097839355,8.701189041137695,8.823526382446289,1822120,4.6419596672058105
2019-08-12,8.741968154907227,8.874500274658203,8.655312538146973,8.869401931762695,1874696,4.66609525680542
2019-08-13,8.803136825561523,9.159952163696289,8.690995216369629,9.159952163696289,1222594,4.818949222564697
2019-08-14,9.042712211608887,9.08858871459961,8.88469409942627,9.022322654724121,1796813,4.746543884277344
2019-08-15,8.971348762512207,9.058004379272461,8.573755264282227,8.849013328552246,2536412,4.655368804931641
2019-08-16,8.905083656311035,9.231314659118652,8.905083656311035,9.175244331359863,1824670,4.826993942260742
2019-08-19,9.226217269897461,9.465792655944824,9.195632934570312,9.236412048339844,2561719,4.859174728393555
2019-08-20,9.256800651550293,9.277191162109375,8.935667991638184,9.175244331359863,2441264,4.826993942260742
2019-08-21,9.317970275878906,9.613615989685059,9.073296546936035,9.572837829589844,2466571,5.036163330078125
2019-08-22,9.572837829589844,9.572837829589844,9.2618989944458,9.404624938964844,2603898,4.947668075561523
2019-08-23,9.328164100646973,9.33326244354248,8.9254732131958,8.9254732131958,2510123,4.695591926574707
2019-08-26,9.03251838684082,9.063101768493652,8.675703048706055,8.889792442321777,2994884,4.676820755004883
2019-08-27,8.894888877868652,9.175244331359863,8.81333065032959,9.170145988464355,2447346,4.824312210083008
2019-08-28,9.22111988067627,9.22111988067627,8.548269271850586,8.56356143951416,9826463,4.505194187164307
2019-08-29,8.629825592041016,8.818428993225098,8.553365707397461,8.741968154907227,2922886,4.599052429199219
2019-08-30,8.772551536560059,9.073296546936035,8.736870765686035,8.96115493774414,2540924,4.714364051818848
2019-09-02,8.894888877868652,9.149757385253906,8.894888877868652,9.11407470703125,1406807,4.79481315612793
2019-09-03,9.022322654724121,9.18543815612793,8.935667991638184,8.996835708618164,1838599,4.7331342697143555
2019-09-04,9.149757385253906,9.149757385253906,8.899986267089844,8.935667991638184,2257836,4.700955390930176
2019-09-05,8.945862770080566,9.042712211608887,8.910181045532227,8.945862770080566,3741350,4.706319808959961
2019-09-06,8.976447105407715,9.047809600830078,8.594144821166992,8.655312538146973,18404632,4.553463935852051
2019-09-09,8.655312538146973,8.767455101013184,8.431029319763184,8.527878761291504,3349382,4.486423969268799
2019-09-10,8.482003211975098,8.51258659362793,8.334179878234863,8.471808433532715,1329316,4.4569244384765625
2019-09-11,8.51258659362793,8.634923934936523,8.410639762878418,8.58395004272461,2710227,4.5159220695495605
2019-09-12,8.573755264282227,8.741968154907227,8.45141887664795,8.461613655090332,3393130,4.451559543609619
2019-09-13,8.51258659362793,8.51258659362793,8.201647758483887,8.267913818359375,19460081,4.349658012390137
2019-09-16,8.349472045898438,8.354569435119629,8.109895706176758,8.150674819946289,4749911,4.287978649139404
2019-09-17,8.079312324523926,8.334179878234863,8.079312324523926,8.2628173828125,1826436,4.346975803375244
2019-09-18,8.247525215148926,8.318887710571289,8.109895706176758,8.206746101379395,3260905,4.317477703094482
2019-09-19,8.247525215148926,8.349472045898438,8.176161766052246,8.247525215148926,1513529,4.338932037353516
2019-09-20,8.298498153686523,8.298498153686523,8.094603538513184,8.21184253692627,2579571,4.3201584815979
2019-09-23,8.109895706176758,8.237330436706543,8.04362964630127,8.074213981628418,1218474,4.247754096984863
2019-09-24,8.145577430725098,8.145577430725098,7.85502815246582,7.997754096984863,5916202,4.207529067993164
2019-09-25,7.951878070831299,7.967169761657715,7.75308084487915,7.900904178619385,3168308,4.156578063964844
2019-09-26,7.8856120109558105,8.0844087600708,7.8856120109558105,8.0844087600708,1179042,4.253118515014648
2019-09-27,8.135382652282715,8.160868644714355,7.982461929321289,8.074213981628418,2528368,4.247754096984863
2019-09-30,8.002850532531738,8.15577220916748,8.002850532531738,8.104799270629883,4056807,4.263845443725586
2019-10-01,8.104799270629883,8.21184253692627,8.007948875427246,8.206746101379395,1773663,4.317477703094482
2019-10-02,8.130285263061523,8.140480041503906,7.997754096984863,8.099700927734375,1307343,4.261161804199219
2019-10-03,8.04362964630127,8.0844087600708,7.921294212341309,8.058921813964844,1361685,4.239709377288818
2019-10-04,8.104799270629883,8.176161766052246,7.977365016937256,8.058921813964844,783543,4.239709377288818
2019-10-07,8.028338432312012,8.053825378417969,7.804053783416748,7.895806789398193,1487633,4.153896331787109
2019-10-08,7.829541206359863,8.013046264648438,7.773469924926758,7.926391124725342,3077476,4.169986248016357
2019-10-09,7.931488037109375,8.002850532531738,7.727593898773193,7.895806789398193,5420651,4.153896331787109
2019-10-10,7.849930763244629,7.962071895599365,7.798956871032715,7.798956871032715,3384694,4.102944850921631
2019-10-11,7.804053783416748,7.951878070831299,7.758178234100342,7.946780204772949,1419558,4.180713176727295
2019-10-14,7.906002044677734,7.951878070831299,7.804053783416748,7.8856120109558105,2184268,4.148533344268799
2019-10-15,7.895806789398193,7.921294212341309,7.788762092590332,7.788762092590332,1532362,4.097581386566162
2019-10-16,7.646036148071289,7.732690811157227,7.508408069610596,7.671523094177246,5852051,4.035903453826904
2019-10-17,7.646036148071289,7.839735984802246,7.646036148071289,7.773469924926758,2118156,4.089536666870117
2019-10-18,7.773469924926758,7.793859958648682,7.625647068023682,7.69191312789917,1840169,4.046629428863525
2019-10-21,7.732690811157227,7.732690811157227,7.651134014129639,7.72249698638916,1621232,4.062721252441406
2019-10-22,7.676620006561279,7.798956871032715,7.615451812744141,7.615451812744141,1804071,4.006404876708984
2019-10-23,7.595063209533691,7.656230926513672,7.462531089782715,7.579771041870117,3278953,3.987632989883423
2019-10-24,7.45233678817749,7.625647068023682,7.45233678817749,7.605257034301758,1870576,4.001041412353516
2019-10-25,7.579771041870117,7.595063209533691,7.2994160652160645,7.431947231292725,4102321,3.9098660945892334
2019-10-28,7.380973815917969,7.462531089782715,7.365682125091553,7.406459808349609,1902946,3.896456480026245
2019-10-29,7.4217529296875,7.447238922119141,7.345292091369629,7.380973815917969,2844807,3.883049488067627
2019-10-30,7.319805145263672,7.544088840484619,7.309610843658447,7.544088840484619,3140450,3.968862295150757
2019-10-31,7.477822780609131,7.620550155639648,7.457434177398682,7.620550155639648,1924918,4.009087085723877
2019-11-01,7.58486795425415,7.6358418464660645,7.4217529296875,7.45233678817749,2896402,3.920591115951538
2019-11-04,7.442142009735107,7.625647068023682,7.442142009735107,7.589964866638184,2837548,3.9929964542388916
2019-11-05,7.58486795425415,7.610354900360107,7.447238922119141,7.544088840484619,2142286,3.968862295150757
2019-11-06,7.498212814331055,7.518601894378662,7.370779037475586,7.498212814331055,3056289,3.9447274208068848
2019-11-07,7.4676289558410645,7.605257034301758,7.457434177398682,7.569575786590576,3121617,3.9822700023651123
2019-11-08,7.4931159019470215,7.615451812744141,7.391168117523193,7.533894062042236,2966831,3.9634978771209717
2019-11-11,7.482921123504639,7.52370023727417,7.401362895965576,7.518601894378662,2552695,3.9554529190063477
2019-11-12,7.45233678817749,7.544088840484619,7.375875949859619,7.45233678817749,2031640,3.920591115951538
2019-11-13,7.391168117523193,7.45233678817749,7.340195178985596,7.45233678817749,2786345,3.920591115951538
2019-11-14,7.380973815917969,7.605257034301758,7.380973815917969,7.41665506362915,3695051,3.9018192291259766
2019-11-18,7.380973815917969,7.4217529296875,7.105716228485107,7.2076640129089355,2732592,3.791872262954712
2019-11-19,7.177079200744629,7.273929119110107,7.054742813110352,7.192370891571045,2642545,3.7838265895843506
2019-11-21,7.1719818115234375,7.2535400390625,6.9782819747924805,7.126105785369873,3054131,3.74896502494812
2019-11-22,7.0853271484375,7.314708232879639,7.0853271484375,7.24844217300415,2261367,3.813326358795166
2019-11-25,7.187273979187012,7.340195178985596,7.1464948654174805,7.22295618057251,2239199,3.7999167442321777
2019-11-26,7.187273979187012,7.24844217300415,7.100618839263916,7.217857837677002,1246920,3.797234535217285
2019-11-27,7.177079200744629,7.279026985168457,7.0292558670043945,7.217857837677002,2197805,3.797234535217285
2019-11-28,7.161787033081055,7.442142009735107,7.1566901206970215,7.391168117523193,2694925,3.8884119987487793
2019-11-29,7.355486869812012,7.569575786590576,7.355486869812012,7.462531089782715,3259727,3.9259543418884277
2019-12-02,7.538991928100586,7.538991928100586,7.355486869812012,7.437045097351074,1013466,3.912546157836914
2019-12-03,7.406459808349609,7.406459808349609,7.258636951446533,7.258636951446533,1363059,3.81868839263916
2019-12-04,7.2535400390625,7.365682125091553,7.2535400390625,7.314708232879639,1312248,3.8481874465942383
2019-12-05,7.309610843658447,7.477822780609131,7.268832206726074,7.447238922119141,1621035,3.917909622192383
2019-12-06,7.406459808349609,7.508408069610596,7.355486869812012,7.431947231292725,999929,3.9098660945892334
2019-12-09,7.391168117523193,7.488018035888672,7.380973815917969,7.457434177398682,770595,3.923274278640747
2019-12-10,7.396265983581543,7.41665506362915,7.304512977600098,7.391168117523193,1038773,3.8884119987487793
2019-12-11,7.38607120513916,7.574673175811768,7.355486869812012,7.549187183380127,1348541,3.971544027328491
2019-12-12,7.544088840484619,7.630743980407715,7.482921123504639,7.482921123504639,1730308,3.9366812705993652
2019-12-13,7.477822780609131,7.579771041870117,7.447238922119141,7.564478874206543,908509,3.979588508605957
2019-12-16,7.620550155639648,7.798956871032715,7.579771041870117,7.702106952667236,1799167,4.051992893218994
2019-12-17,7.697010040283203,7.75308084487915,7.589964866638184,7.747982978820801,1027002,4.076126575469971
2019-12-18,7.671523094177246,7.793859958648682,7.6358418464660645,7.773469924926758,1447808,4.089536666870117
2019-12-19,7.707204818725586,7.926391124725342,7.707204818725586,7.900904178619385,3017837,4.156578063964844
2019-12-20,7.85502815246582,7.911098957061768,7.783665180206299,7.824443817138672,2573686,4.1163530349731445
2019-12-23,7.865222930908203,7.936585903167725,7.773469924926758,7.936585903167725,1629471,4.175350189208984
2019-12-26,7.824443817138672,7.931488037109375,7.75308084487915,7.85502815246582,2086767,4.2065534591674805
2019-12-27,7.8601250648498535,7.865222930908203,7.763276100158691,7.809152126312256,1913736,4.181986331939697
2019-12-30,7.793859958648682,7.946780204772949,7.763276100158691,7.946780204772949,1979064,4.255688667297363
2020-01-02,7.967169761657715,7.982461929321289,7.819345951080322,7.921294212341309,6023512,4.242041110992432
2020-01-03,7.921294212341309,7.987558841705322,7.814249038696289,7.987558841705322,1527654,4.277527332305908
2020-01-06,7.951878070831299,7.956974983215332,7.75308084487915,7.951878070831299,3523590,4.258420467376709
2020-01-07,7.916195869445801,8.410639762878418,7.911098957061768,8.334179878234863,5186216,4.463150978088379
2020-01-08,8.334179878234863,8.558463096618652,8.247525215148926,8.548269271850586,3508091,4.577801704406738
2020-01-09,8.517683982849121,8.573755264282227,8.28830337524414,8.390251159667969,3878872,4.493177890777588
2020-01-10,8.425931930541992,8.670604705810547,8.364764213562012,8.487099647521973,1515294,4.545042991638184
2020-01-13,8.522782325744629,8.736870765686035,8.522782325744629,8.665508270263672,3561452,4.6405863761901855
2020-01-14,8.71648120880127,8.869401931762695,8.670604705810547,8.767455101013184,4346173,4.6951799392700195
2020-01-15,8.818428993225098,8.833721160888672,8.706287384033203,8.7572603225708,1912755,4.689720153808594
2020-01-16,8.767455101013184,8.854109764099121,8.711383819580078,8.843914985656738,1746002,4.736125469207764
2020-01-17,8.808234214782715,8.971348762512207,8.787843704223633,8.9254732131958,2880119,4.779803276062012
2020-01-20,8.92037582397461,8.92037582397461,8.7572603225708,8.854109764099121,3977550,4.7415852546691895
2020-01-21,8.818428993225098,8.823526382446289,8.64511775970459,8.665508270263672,4522735,4.6405863761901855
2020-01-22,8.665508270263672,8.798039436340332,8.578852653503418,8.634923934936523,2872272,4.62420654296875
2020-01-23,8.640021324157715,8.71648120880127,8.497295379638672,8.690995216369629,3549289,4.654234886169434
2020-01-24,8.71648120880127,8.75216293334961,8.62472915649414,8.75216293334961,1487241,4.686990261077881
2020-01-27,8.696091651916504,8.696091651916504,8.538073539733887,8.604339599609375,1372671,4.6078290939331055
2020-01-28,8.548269271850586,8.762357711791992,8.532977104187012,8.711383819580078,2985075,4.665153980255127
2020-01-29,8.726675987243652,8.808234214782715,8.604339599609375,8.655312538146973,1615542,4.635125637054443
2020-01-30,8.594144821166992,8.594144821166992,8.32398509979248,8.476905822753906,1876462,4.539585590362549
2020-01-31,8.395347595214844,8.56356143951416,8.313790321350098,8.487099647521973,3041575,4.545042991638184
2020-02-03,8.45141887664795,8.594144821166992,8.45141887664795,8.589048385620117,1442315,4.599640369415283
2020-02-04,8.62472915649414,8.772551536560059,8.62472915649414,8.73177433013916,1424071,4.6760735511779785
2020-02-05,8.762357711791992,9.058004379272461,8.75216293334961,9.05290699005127,1434860,4.848045825958252
2020-02-06,9.058004379272461,9.154853820800781,8.889792442321777,8.991739273071289,2508358,4.815290451049805
2020-02-07,8.991739273071289,8.991739273071289,8.64511775970459,8.803136825561523,2999397,4.714288234710693
2020-02-10,8.803136825561523,8.803136825561523,8.395347595214844,8.482003211975098,1467426,4.542313575744629
2020-02-11,8.487099647521973,8.640021324157715,8.41573715209961,8.640021324157715,3648753,4.6269378662109375
2020-02-12,8.665508270263672,8.680800437927246,8.543170928955078,8.640021324157715,2062048,4.6269378662109375
2020-02-13,8.604339599609375,8.604339599609375,8.45141887664795,8.45651626586914,1377576,4.528665065765381
2020-02-14,8.45651626586914,8.56356143951416,8.400444984436035,8.487099647521973,2266468,4.545042991638184
2020-02-17,8.517683982849121,8.558463096618652,8.374958038330078,8.538073539733887,2803216,4.5723419189453125
2020-02-18,8.502391815185547,8.589048385620117,8.45651626586914,8.589048385620117,1394251,4.599640369415283
2020-02-19,8.589048385620117,8.594144821166992,8.400444984436035,8.487099647521973,2631951,4.545042991638184
2020-02-20,8.532977104187012,8.532977104187012,8.2526216506958,8.2628173828125,2566427,4.424936294555664
2020-02-21,8.242426872253418,8.385152816772461,8.135382652282715,8.349472045898438,3541050,4.471340656280518
2020-02-26,7.819345951080322,8.053825378417969,7.600160121917725,7.763276100158691,3417652,4.157418727874756
2020-02-27,7.697010040283203,7.875417232513428,7.559381008148193,7.600160121917725,1883917,4.070066452026367
2020-02-28,7.569575786590576,7.579771041870117,7.233150005340576,7.579771041870117,2941131,4.059146881103516
2020-03-02,7.564478874206543,7.819345951080322,7.498212814331055,7.768373012542725,4049548,4.160148620605469
2020-03-03,7.793859958648682,8.02324104309082,7.686814785003662,7.829541206359863,3041771,4.192905902862549
2020-03-04,7.921294212341309,8.109895706176758,7.640939235687256,8.109895706176758,4922550,4.343042373657227
2020-03-05,8.007948875427246,8.04362964630127,7.472725868225098,7.900904178619385,5663129,4.2311224937438965
2020-03-06,7.574673175811768,7.58486795425415,7.161787033081055,7.391168117523193,4153131,3.958146333694458
2020-03-09,7.059840202331543,7.059840202331543,6.285041809082031,6.4532551765441895,7208440,3.4558701515197754
2020-03-10,6.621467113494873,6.8610429763793945,6.259554862976074,6.77948522567749,5864803,3.63057541847229
2020-03-11,6.606174945831299,6.728511810302734,5.872156143188477,6.244263172149658,3393915,3.3439505100250244
2020-03-12,5.173818111419678,5.209498882293701,4.337851047515869,4.720152854919434,7202751,2.527754545211792
2020-03-13,5.479659080505371,5.566314220428467,4.7150559425354,5.393003940582275,7447780,2.8880808353424072
2020-03-16,4.766028881072998,5.194207191467285,4.766028881072998,4.842488765716553,4794640,2.5932676792144775
2020-03-17,4.908754825592041,5.24008321762085,4.903657913208008,5.163622856140137,5104212,2.7652432918548584
2020-03-18,4.883267879486084,4.949533939361572,4.353143215179443,4.694665908813477,6180849,2.5141046047210693
2020-03-19,4.587622165679932,4.709958076477051,4.409214019775391,4.536647796630859,8385520,2.429482936859131
2020-03-20,4.842488765716553,5.056579113006592,4.317461967468262,4.449993133544922,6982440,2.383077383041382
2020-03-23,4.449993133544922,4.449993133544922,3.8077259063720703,3.9453539848327637,6081189,2.112830638885498
2020-03-24,4.281779766082764,4.327655792236328,3.996328115463257,4.256292819976807,4589044,2.279346227645874
2020-03-25,4.256292819976807,4.587622165679932,3.9606471061706543,4.460187911987305,6138670,2.3885364532470703
2020-03-26,4.455090045928955,5.255374908447266,4.373532772064209,5.092259883880615,12192787,2.7270259857177734
2020-03-27,4.934241771697998,4.975020885467529,4.750737190246582,4.934241771697998,3385087,2.6424036026000977
2020-03-30,4.893463134765625,5.041285991668701,4.801711082458496,4.842488765716553,2993707,2.5932676792144775
2020-03-31,4.862878799438477,4.908754825592041,4.511160850524902,4.613108158111572,4156663,2.4704291820526123
2020-04-01,4.475480079650879,4.511160850524902,4.327655792236328,4.455090045928955,3397838,2.3858063220977783
2020-04-02,4.465284824371338,4.536647796630859,4.256292819976807,4.266488075256348,3129464,2.2848057746887207
2020-04-03,4.312364101409912,4.368434906005859,4.103373050689697,4.256292819976807,5440073,2.279346227645874
2020-04-06,4.460187911987305,4.6793742179870605,4.271584987640381,4.434700965881348,3455319,2.3748884201049805
2020-04-07,4.664082050323486,4.817002773284912,4.541745185852051,4.587622165679932,3122401,2.4567806720733643
2020-04-08,4.587622165679932,4.709958076477051,4.485673904418945,4.674276828765869,2553675,2.503185987472534
2020-04-09,4.730348110198975,4.929144859313965,4.725249767303467,4.7966132164001465,4237881,2.568699836730957
2020-04-13,4.842488765716553,4.9546308517456055,4.6691789627075195,4.944437026977539,4751873,2.6478636264801025
2020-04-14,5.071870803833008,5.214597225189209,5.020896911621094,5.16871976852417,3213821,2.767972469329834
2020-04-15,5.020896911621094,5.255374908447266,4.918950080871582,5.204401969909668,2489328,2.787081003189087
2020-04-16,5.270668029785156,5.464366912841797,5.082065105438232,5.199305057525635,2911508,2.784351348876953
2020-04-17,5.3012518882751465,5.321640968322754,5.148331165313721,5.224791049957275,2361223,2.7980000972747803
2020-04-20,5.122844219207764,5.2757649421691895,4.995409965515137,5.199305057525635,2750052,2.784351348876953
2020-04-22,5.229888916015625,5.234985828399658,5.13813591003418,5.16871976852417,3605397,2.767972469329834
2020-04-23,5.184011936187744,5.224791049957275,4.9648261070251465,5.097356796264648,3780782,2.7297556400299072
2020-04-24,5.010702133178711,5.0157999992370605,4.342947959899902,4.490771770477295,5333351,2.404914379119873
2020-04-27,4.664082050323486,4.689568996429443,4.490771770477295,4.608010768890381,4148423,2.4676997661590576
2020-04-28,4.643692970275879,4.9648261070251465,4.643692970275879,4.918950080871582,4005212,2.6342155933380127
2020-04-29,4.995409965515137,5.127942085266113,4.929144859313965,5.117746829986572,1870184,2.740675210952759
2020-04-30,5.010702133178711,5.025993824005127,4.832294940948486,4.929144859313965,5749841,2.639674186706543
2020-05-04,4.704861164093018,4.801711082458496,4.638595104217529,4.725249767303467,4004231,2.5304837226867676
2020-05-05,4.8373918533325195,4.888366222381592,4.730348110198975,4.745639801025391,1911186,2.54140305519104
2020-05-06,4.776224136352539,4.776224136352539,4.480576992034912,4.480576992034912,6950267,2.3994557857513428
2020-05-07,4.5468430519104,4.587622165679932,4.205319881439209,4.230806827545166,6601066,2.265697956085205
2020-05-08,4.3021697998046875,4.383727073669434,4.241001129150391,4.358240127563477,3447276,2.3339412212371826
2020-05-11,4.368434906005859,4.383727073669434,4.179832935333252,4.241001129150391,3512407,2.2711567878723145
2020-05-12,4.256292819976807,4.373532772064209,4.128859043121338,4.144151210784912,2486974,2.2192914485931396
2020-05-13,4.169638156890869,4.230806827545166,3.986133098602295,3.9912309646606445,3970095,2.1373982429504395
2020-05-14,3.9759390354156494,4.388824939727783,3.843406915664673,4.388824939727783,9321495,2.3503193855285645
2020-05-15,4.327655792236328,4.434700965881348,4.1594438552856445,4.271584987640381,3168700,2.2875354290008545
2020-05-18,4.429603099822998,4.551939964294434,4.256292819976807,4.536647796630859,3629527,2.429482936859131
2020-05-19,4.536647796630859,4.597815990447998,4.439797878265381,4.455090045928955,2119725,2.3858063220977783
2020-05-20,4.455090045928955,4.608010768890381,4.455090045928955,4.562135219573975,3344673,2.443131685256958
2020-05-21,4.521356105804443,4.827197074890137,4.506063938140869,4.786418914794922,2398889,2.5632412433624268
2020-05-22,4.786418914794922,4.883267879486084,4.638595104217529,4.862878799438477,2454016,2.60418701171875
2020-05-25,4.908754825592041,5.24008321762085,4.903657913208008,5.1075520515441895,3710942,2.735215187072754
2020-05-26,5.250277996063232,5.387907028198242,5.163622856140137,5.30634880065918,5051244,2.8416757583618164
2020-05-27,5.637677192687988,5.856863975524902,5.540828227996826,5.749818801879883,8271343,3.079164981842041
2020-05-28,5.663164138793945,5.6937479972839355,5.540828227996826,5.683554172515869,3695247,3.0436782836914062
2020-05-29,5.678455829620361,5.70904016494751,5.5255351066589355,5.70904016494751,3409217,3.0573267936706543
2020-06-01,5.703942775726318,5.816084861755371,5.617288112640381,5.703942775726318,2436752,3.054596424102783
2020-06-02,5.760014057159424,5.923129081726074,5.719234943389893,5.897643089294434,2174656,3.1583282947540283
2020-06-03,5.93842077255249,6.035271167755127,5.785501003265381,5.974102973937988,5064780,3.1992733478546143
2020-06-04,5.974102973937988,6.050562858581543,5.8619608879089355,5.9639081954956055,1769151,3.1938157081604004
2020-06-05,6.091341972351074,6.17799711227417,5.984298229217529,6.04546594619751,3359583,3.2374908924102783
2020-06-08,6.081147193908691,6.361502170562744,6.081147193908691,6.351306915283203,3432366,3.401275873184204
2020-06-09,6.167802810668945,6.4532551765441895,6.1321210861206055,6.427768230438232,1912363,3.4422218799591064
2020-06-10,6.422669887542725,6.48383903503418,6.20858097076416,6.295236110687256,3510838,3.371248245239258
2020-06-12,5.969006061553955,6.0760498046875,5.821181774139404,6.04546594619751,4931378,3.2374908924102783
2020-06-15,5.8466691970825195,6.035271167755127,5.698845863342285,5.9639081954956055,4848590,3.1938157081604004
2020-06-16,6.091341972351074,6.259554862976074,6.019979000091553,6.111732006072998,5409076,3.2729783058166504
2020-06-17,6.1219258308410645,6.473643779754639,6.111732006072998,6.361502170562744,2493644,3.4067351818084717
2020-06-18,6.392086029052734,6.412476062774658,6.1830949783325195,6.1830949783325195,2720625,3.311195135116577
2020-06-19,6.218776226043701,6.351306915283203,6.081147193908691,6.081147193908691,11573250,3.256598949432373
2020-06-22,6.116828918457031,6.529715061187744,6.086245059967041,6.351306915283203,17120634,3.401275873184204
2020-06-23,6.443059921264648,6.48383903503418,6.17799711227417,6.295236110687256,4759720,3.371248245239258
2020-06-24,6.264651775360107,6.274847030639648,5.9639081954956055,6.081147193908691,5291368,3.256598949432373
2020-06-25,6.019979000091553,6.142315864562988,5.93842077255249,6.142315864562988,3193419,3.2893569469451904
2020-06-26,6.091341972351074,6.106634140014648,5.831377029418945,5.841571807861328,3188514,3.128300666809082
2020-06-29,5.9537129402160645,6.0148820877075195,5.749818801879883,5.9893951416015625,2648038,3.207462787628174
2020-06-30,5.9791998863220215,6.091341972351074,5.9078369140625,6.060758113861084,2828131,3.2456798553466797
2020-07-01,6.050562858581543,6.162704944610596,6.025075912475586,6.050562858581543,2631951,3.240219831466675
2020-07-02,6.096439838409424,6.1830949783325195,5.93842077255249,6.00978422164917,1861160,3.218381881713867
2020-07-03,6.00978422164917,6.060758113861084,5.948616027832031,6.0301737785339355,722727,3.2293014526367188
2020-07-06,6.116828918457031,6.152510166168213,6.019979000091553,6.111732006072998,1487241,3.2729783058166504
2020-07-07,6.055661201477051,6.111732006072998,5.999589920043945,6.0148820877075195,1918248,3.221111536026001
2020-07-08,6.0148820877075195,6.111732006072998,6.0148820877075195,6.111732006072998,1137452,3.2729783058166504
2020-07-09,6.070952892303467,6.142315864562988,6.019979000091553,6.040369033813477,1844092,3.2347612380981445
2020-07-10,6.055661201477051,6.1474127769470215,6.0046868324279785,6.091341972351074,1234364,3.262058734893799
2020-07-13,6.101537227630615,6.162704944610596,6.040369033813477,6.1321210861206055,1336378,3.2838962078094482
2020-07-14,6.116828918457031,6.127024173736572,5.93842077255249,6.060758113861084,3329175,3.2456798553466797
2020-07-15,6.111732006072998,6.193288803100586,6.0148820877075195,6.142315864562988,4403065,3.2893569469451904
2020-07-16,6.152510166168213,6.188191890716553,5.9893951416015625,6.0760498046875,2198393,3.2538695335388184
2020-07-17,6.070952892303467,6.152510166168213,5.994492053985596,6.152510166168213,5101662,3.2948153018951416
2020-07-20,6.142315864562988,6.269750118255615,6.070952892303467,6.244263172149658,3187141,3.3439505100250244
2020-07-21,6.244263172149658,6.31562614440918,6.116828918457031,6.162704944610596,4988074,3.300274610519409
2020-07-22,6.162704944610596,6.575591087341309,6.101537227630615,6.504228115081787,10470718,3.483168601989746
2020-07-23,6.550104141235352,6.575591087341309,6.295236110687256,6.330917835235596,3398034,3.390357255935669
2020-07-24,6.290139198303223,6.341113090515137,6.1474127769470215,6.254457950592041,5505008,3.349411725997925
2020-07-27,6.295236110687256,6.50932502746582,6.244263172149658,6.412476062774658,2418507,3.4340333938598633
2020-07-28,6.422669887542725,6.585785865783691,6.356404781341553,6.4532551765441895,2785560,3.4558701515197754
2020-07-29,6.458352088928223,6.50932502746582,6.290139198303223,6.34621000289917,3111415,3.3985462188720703
2020-07-30,6.3003339767456055,6.366599082946777,6.20858097076416,6.3258209228515625,5655478,3.387626886367798
2020-07-31,6.386989116668701,6.397183895111084,6.218776226043701,6.228971004486084,1823101,3.335761070251465
2020-08-03,6.20920991897583,6.20920991897583,5.996929168701172,6.140219211578369,3566221,3.3597216606140137
2020-08-04,6.129603862762451,6.129603862762451,5.890789031982422,5.981008052825928,2523074,3.2726070880889893
2020-08-05,6.034078121185303,6.06061315536499,5.858946800231934,5.896096229553223,2024677,3.226147413253784
2020-08-06,5.901402950286865,6.262279987335205,5.869561195373535,6.193288803100586,4932525,3.3887598514556885
2020-08-07,6.1773681640625,6.1773681640625,6.028770923614502,6.076533794403076,1431877,3.324875593185425
2020-08-10,6.076533794403076,6.113683223724365,5.9491658210754395,6.0022358894348145,2510638,3.284222364425659
2020-08-11,6.09245491027832,6.113683223724365,5.9491658210754395,5.991621971130371,1625395,3.278414487838745
2020-08-12,5.970394134521484,6.012849807739258,5.667893886566162,5.837718963623047,4901058,3.194204330444336
2020-08-13,5.805875778198242,5.885481834411621,5.5882887840271,5.641358852386475,4532489,3.0867631435394287
2020-08-14,5.646666049957275,5.689122200012207,5.508683204650879,5.657279968261719,1815520,3.0954742431640625
2020-08-17,5.657279968261719,5.6785078048706055,5.381315231323242,5.429078102111816,2744291,2.9706101417541504
2020-08-18,5.466227054595947,5.646666049957275,5.4609198570251465,5.646666049957275,3977375,3.0896668434143066
2020-08-19,5.651972770690918,5.710350036621094,5.498068809509277,5.6625871658325195,2409262,3.098378896713257
2020-08-20,5.572368144989014,5.673201084136963,5.413156986236572,5.646666049957275,3892205,3.0896668434143066
2020-08-21,5.636052131652832,5.832411766052246,5.598903179168701,5.827104091644287,2016575,3.188397169113159
2020-08-24,5.837718963623047,5.938551902770996,5.811182975769043,5.837718963623047,1237606,3.194204330444336
2020-08-25,5.837718963623047,6.023464202880859,5.763420104980469,6.023464202880859,2673629,3.2958383560180664
2020-08-26,6.049999237060547,6.049999237060547,5.673201084136963,5.747498989105225,3422072,3.144839286804199
2020-08-27,5.779341220855713,5.827104091644287,5.683815002441406,5.752806186676025,3295824,3.147742748260498
2020-08-28,5.789955139160156,5.901402950286865,5.736885070800781,5.901402950286865,1096284,3.229050397872925
2020-08-31,5.874867916107178,5.896096229553223,5.598903179168701,5.598903179168701,4129438,3.0635323524475098
2020-09-01,5.636052131652832,5.864253997802734,5.625438213348389,5.816490173339844,5514396,3.182588577270508
2020-09-02,5.84833288192749,5.885481834411621,5.758112907409668,5.869561195373535,4840383,3.2116267681121826
2020-09-03,5.869561195373535,6.0022358894348145,5.805875778198242,5.8801751136779785,4486701,3.217435598373413
2020-09-04,5.858946800231934,5.912016868591309,5.7846479415893555,5.896096229553223,6398509,3.226147413253784
2020-09-08,5.885481834411621,5.896096229553223,5.736885070800781,5.811182975769043,2784238,3.1796841621398926
2020-09-09,5.890789031982422,6.097762107849121,5.890789031982422,6.097762107849121,1641411,3.336491584777832
2020-09-10,6.097762107849121,6.267587184906006,6.012849807739258,6.049999237060547,8780638,3.3103573322296143
2020-09-11,6.1083760261535645,6.1083760261535645,5.779341220855713,5.943859100341797,3666466,3.2522807121276855
2020-09-14,5.943859100341797,6.129603862762451,5.906710147857666,6.09245491027832,3699441,3.3335883617401123
2020-09-15,6.129603862762451,6.20920991897583,6.0022358894348145,6.034078121185303,5768965,3.301645517349243
2020-09-16,6.034078121185303,6.214517116546631,6.034078121185303,6.140219211578369,2373084,3.3597216606140137
2020-09-17,6.129603862762451,6.219823837280273,6.0553059577941895,6.1083760261535645,2420568,3.342298984527588
2020-09-18,6.124297142028809,6.134911060333252,5.901402950286865,5.901402950286865,16303508,3.229050397872925
2020-09-21,5.901402950286865,5.901402950286865,5.736885070800781,5.736885070800781,5241173,3.139030694961548
2020-09-22,5.747498989105225,5.901402950286865,5.7315778732299805,5.832411766052246,2309772,3.191300630569458
2020-09-23,5.874867916107178,5.890789031982422,5.747498989105225,5.758112907409668,12918179,3.150646924972534
2020-09-24,5.758112907409668,6.012849807739258,5.747498989105225,5.9491658210754395,1466737,3.2551839351654053
2020-09-25,5.9332451820373535,5.965086936950684,5.789955139160156,5.843026161193848,6038985,3.1971077919006348
2020-09-28,5.853640079498291,5.927937984466553,5.651972770690918,5.720963954925537,9898215,3.152956008911133
2020-09-29,5.736885070800781,5.736885070800781,5.577674865722656,5.673201084136963,4925177,3.126631736755371
2020-09-30,5.710350036621094,5.742191791534424,5.5935959815979,5.6785078048706055,4215362,3.1295571327209473
2020-10-01,5.673201084136963,5.821796894073486,5.5882887840271,5.811182975769043,3816644,3.202676773071289
2020-10-02,5.789955139160156,5.927937984466553,5.742191791534424,5.843026161193848,4806466,3.220227003097534
2020-10-05,5.8801751136779785,6.023464202880859,5.752806186676025,5.959780216217041,3277924,3.2845728397369385
2020-10-06,5.975700855255127,6.118989944458008,5.965086936950684,6.0553059577941895,3969461,3.337219476699829
2020-10-07,6.06061315536499,6.172060966491699,6.012849807739258,6.1508331298828125,6347068,3.389866828918457
2020-10-08,6.1508331298828125,6.31535005569458,6.081840991973877,6.267587184906006,5271699,3.4542109966278076
2020-10-09,6.272893905639648,6.501095771789551,6.214517116546631,6.495789051055908,7680585,3.579979181289673
2020-10-13,6.522324085235596,6.580700874328613,6.373726844787598,6.405569076538086,5562258,3.530256748199463
2020-10-14,6.405569076538086,6.559473037719727,6.400261878967285,6.4108757972717285,2378737,3.533181667327881
2020-10-15,6.368420124053955,6.53824520111084,6.368420124053955,6.532938003540039,1100806,3.6004533767700195
2020-10-16,6.506402969360352,6.554165840148926,6.458640098571777,6.469254016876221,710945,3.565355062484741
2020-10-19,6.479867935180664,6.532938003540039,6.368420124053955,6.379034042358398,779910,3.5156328678131104
2020-10-20,6.394955158233643,6.490481853485107,6.373726844787598,6.46394681930542,809871,3.5624301433563232
2020-10-21,6.4745612144470215,6.4745612144470215,6.389647960662842,6.416182994842529,778591,3.5361075401306152
2020-10-22,6.442718029022217,6.485175132751465,6.34719181060791,6.479867935180664,686638,3.5712051391601562
2020-10-23,6.479867935180664,6.511710166931152,6.389647960662842,6.437410831451416,560955,3.54780650138855
2020-10-26,6.437410831451416,6.591314792633057,6.4108757972717285,6.506402969360352,854905,3.585829257965088
2020-10-27,6.517016887664795,6.750524997711182,6.437410831451416,6.580700874328613,3373458,3.6267762184143066
2020-10-28,6.495789051055908,6.495789051055908,6.235744953155518,6.325963973999023,4671362,3.486384868621826
2020-10-29,6.320656776428223,6.336577892303467,6.081840991973877,6.278201103210449,1293005,3.460062026977539
2020-10-30,6.256972789764404,6.283507823944092,6.076533794403076,6.166753768920898,1942899,3.3986406326293945
2020-11-03,6.262279987335205,6.373726844787598,6.172060966491699,6.246358871459961,2517044,3.4425127506256104
2020-11-04,6.288815021514893,6.586008071899414,6.262279987335205,6.548859119415283,1885616,3.6092283725738525
2020-11-05,6.57008695602417,6.808903217315674,6.564780235290527,6.798288822174072,914072,3.7466936111450195
2020-11-06,6.713376045227051,6.888507843017578,6.665613174438477,6.8301310539245605,1158466,3.7642431259155273
2020-11-09,6.994647979736328,7.122016906738281,6.909736156463623,6.984034061431885,1349910,3.84906268119812
2020-11-10,7.0052618980407715,7.095481872558594,6.957499027252197,7.031796932220459,975312,3.875385284423828
2020-11-11,7.031796932220459,7.090175151824951,6.877893924713135,6.877893924713135,962687,3.7905664443969727
2020-11-12,6.877893924713135,6.920350074768066,6.612543106079102,6.686841011047363,1238360,3.6852731704711914
2020-11-13,6.660305976867676,6.8301310539245605,6.628464221954346,6.814209938049316,1599957,3.7554690837860107
2020-11-16,6.93096399307251,7.074254035949707,6.877893924713135,6.957499027252197,1198790,3.834439277648926
2020-11-17,6.968112945556641,7.1538591384887695,6.904428958892822,7.1538591384887695,778780,3.9426581859588623
2020-11-18,7.143245220184326,7.233463764190674,7.0052618980407715,7.1910080909729,1092138,3.9631311893463135
2020-11-19,7.212235927581787,7.212235927581787,7.1007890701293945,7.159165859222412,733368,3.9455816745758057
2020-11-23,7.079561233520508,7.143245220184326,6.9521918296813965,7.143245220184326,654228,3.936807632446289
2020-11-24,7.122016906738281,7.350217819213867,7.079561233520508,7.307762145996094,775388,4.027476787567139
2020-11-25,7.307762145996094,7.498815059661865,7.302454948425293,7.4404377937316895,4576393,4.100596904754639
2020-11-26,7.530656814575195,7.530656814575195,7.339603900909424,7.4245171546936035,352552,4.091823101043701
2020-11-27,7.4245171546936035,7.541271209716797,7.334297180175781,7.482893943786621,597510,4.123996734619141
2020-11-30,7.488201141357422,7.5465779304504395,7.4245171546936035,7.514736175537109,714525,4.141545295715332
2020-12-01,7.5465779304504395,7.711095809936523,7.435131072998047,7.684560775756836,974181,4.235139846801758
2020-12-02,7.684560775756836,7.790700912475586,7.626183032989502,7.769473075866699,626340,4.2819366455078125
2020-12-03,7.822543144226074,7.822543144226074,7.647410869598389,7.668639183044434,816277,4.226364612579346
2020-12-04,7.668639183044434,7.742938041687012,7.504121780395508,7.610261917114258,636138,4.1941914558410645
2020-12-07,7.668639183044434,7.9552178382873535,7.573112964630127,7.907454967498779,1051438,4.357982158660889
2020-12-08,7.907454967498779,7.923376083374023,7.673946857452393,7.748244762420654,844542,4.270236968994141
2020-12-09,7.721710205078125,7.870306015014648,7.711095809936523,7.827849864959717,7585428,4.314109802246094
2020-12-10,7.83846378326416,7.94460391998291,7.6951751708984375,7.9021477699279785,894664,4.355057716369629
2020-12-11,7.933990001678467,8.119735717773438,7.833157062530518,8.061359405517578,891272,4.442801475524902
2020-12-14,8.013595581054688,8.257718086242676,8.013595581054688,8.225875854492188,1946102,4.533470630645752
2020-12-15,8.225875854492188,8.284253120422363,8.09320068359375,8.215262413024902,1246651,4.527621269226074
2020-12-16,8.220568656921387,8.284253120422363,8.114429473876953,8.225875854492188,486525,4.533470630645752
2020-12-17,8.225875854492188,8.464692115783691,8.183420181274414,8.406314849853516,5904823,4.632915019989014
2020-12-18,8.316096305847168,8.581445693969727,8.316096305847168,8.544297218322754,3395315,4.708959579467773
2020-12-21,8.485919952392578,8.485919952392578,8.2046480178833,8.247103691101074,1419818,4.545169830322266
2020-12-22,8.247103691101074,8.480612754821777,8.247103691101074,8.480612754821777,811001,4.673862457275391
2020-12-23,8.448771476745605,8.687586784362793,8.427542686462402,8.623903274536133,688899,4.752832412719727
2020-12-28,8.75127124786377,8.862717628479004,8.64513111114502,8.82026195526123,673259,4.861051559448242
2020-12-29,8.830876350402832,8.873332023620605,8.703508377075195,8.75657844543457,560013,4.825952529907227
2020-12-30,8.825569152832031,8.85741138458252,8.692893981933594,8.703508377075195,1059163,4.796705722808838
2021-01-04,8.761884689331055,8.793726921081543,8.464692115783691,8.56021785736084,1563778,4.801327228546143
2021-01-05,8.56021785736084,8.64513111114502,8.358551979064941,8.60798168182373,1042958,4.828118324279785
2021-01-06,8.65043830871582,8.963552474975586,8.475305557250977,8.772499084472656,1362535,4.920393943786621
2021-01-07,8.799034118652344,8.947630882263184,8.597368240356445,8.676973342895508,1396076,4.866815090179443
2021-01-08,8.676973342895508,9.377498626708984,8.618596076965332,9.218289375305176,4310707,5.170431137084961
2021-01-11,9.154603958129883,9.186446189880371,8.81495475769043,8.81495475769043,1469186,4.9442057609558105
2021-01-12,8.825569152832031,8.89986801147461,8.730043411254883,8.793726921081543,463725,4.932299613952637
2021-01-13,8.783112525939941,8.931710243225098,8.698201179504395,8.931710243225098,1675705,5.009693145751953
2021-01-14,9.032543182373047,9.053771018981934,8.894559860229492,9.053771018981934,720555,5.078156471252441
2021-01-15,9.027235984802246,9.027235984802246,8.809647560119629,8.868024826049805,656866,4.973972797393799
2021-01-18,8.889252662658691,8.96885871887207,8.703508377075195,8.761884689331055,324476,4.914439678192139
2021-01-19,8.777806282043457,8.809647560119629,8.570832252502441,8.613288879394531,532125,4.831093788146973
2021-01-20,8.65043830871582,8.676973342895508,8.464692115783691,8.56552505493164,919348,4.804304122924805
2021-01-21,8.528375625610352,8.64513111114502,8.45938491821289,8.581445693969727,960238,4.813233375549316
2021-01-22,8.49653434753418,8.56021785736084,8.24179744720459,8.45938491821289,1360086,4.744772434234619
2021-01-26,8.379779815673828,8.56552505493164,8.316096305847168,8.401007652282715,2445441,4.712028503417969
2021-01-27,8.374472618103027,8.528375625610352,8.284253120422363,8.35324478149414,8683597,4.685237884521484
2021-01-28,8.411622047424316,8.836182594299316,8.363859176635742,8.836182594299316,885054,4.956113338470459
2021-01-29,8.735349655151367,8.894559860229492,8.533682823181152,8.597368240356445,667229,4.822165012359619
2021-02-01,8.724736213684082,8.90517520904541,8.523069381713867,8.830876350402832,895795,4.953136920928955
2021-02-02,8.910482406616211,9.117454528808594,8.836182594299316,8.883946418762207,1280003,4.982902526855469
2021-02-03,8.915788650512695,9.07499885559082,8.915788650512695,8.979473114013672,738456,5.036482810974121
2021-02-04,9.053771018981934,9.053771018981934,8.772499084472656,8.862717628479004,700958,4.970996379852295
2021-02-05,8.984780311584473,8.984780311584473,8.740656852722168,8.777806282043457,638023,4.923370838165283
2021-02-08,8.71412181854248,8.984780311584473,8.639823913574219,8.841489791870117,3788003,4.959089279174805
2021-02-09,8.841489791870117,8.937017440795898,8.730043411254883,8.730043411254883,869980,4.896581649780273
2021-02-10,8.661051750183105,8.724736213684082,8.401007652282715,8.443464279174805,1032595,4.735840797424316
2021-02-11,8.507147789001465,8.65043830871582,8.45938491821289,8.512454986572266,589031,4.774538516998291
2021-02-12,8.469999313354492,8.469999313354492,8.278945922851562,8.278945922851562,668171,4.643566131591797
2021-02-17,8.278945922851562,8.321402549743652,8.114429473876953,8.125042915344238,961745,4.5572428703308105
2021-02-18,8.071972846984863,8.156885147094727,7.918068885803223,8.119735717773438,11431656,4.554266452789307
2021-02-19,8.09850788116455,8.188727378845215,8.013595581054688,8.082587242126465,878082,4.53342866897583
2021-02-22,7.642104148864746,7.9552178382873535,7.520042896270752,7.801314830780029,3459947,4.375666618347168
2021-02-23,7.811929225921631,7.992368221282959,7.796008110046387,7.891533851623535,2759365,4.426270008087158
2021-02-24,7.896841049194336,8.119735717773438,7.864998817443848,8.013595581054688,2691907,4.4947333335876465
2021-02-25,7.997674942016602,8.119735717773438,7.658024787902832,7.658024787902832,1018274,4.295297145843506
2021-02-26,7.732324123382568,7.854384899139404,7.636796951293945,7.753551959991455,3020152,4.348877906799316
2021-03-01,7.753551959991455,7.864998817443848,7.408596038818359,7.408596038818359,1758238,4.155395030975342
2021-03-02,7.408596038818359,7.705789089202881,7.143245220184326,7.642104148864746,2170710,4.286368370056152
2021-03-03,7.642104148864746,7.658024787902832,7.249384880065918,7.530656814575195,2441672,4.22385835647583
2021-03-04,7.535964012145996,7.843770980834961,7.530656814575195,7.705789089202881,1248158,4.322089195251465
2021-03-05,7.679254055023193,7.705789089202881,7.498815059661865,7.626183032989502,407196,4.277437210083008
2021-03-08,7.58372688293457,7.758859157562256,7.286533832550049,7.29714822769165,994909,4.092886447906494
2021-03-09,7.29714822769165,7.419209957122803,7.1857008934021,7.254692077636719,1476724,4.06907320022583
2021-03-10,7.259998798370361,7.4775872230529785,7.254692077636719,7.4404377937316895,1305629,4.173255443572998
2021-03-11,7.498815059661865,7.668639183044434,7.482893943786621,7.631490230560303,1073107,4.280413627624512
2021-03-12,7.636796951293945,7.6951751708984375,7.514736175537109,7.642104148864746,332201,4.286368370056152
2021-03-15,7.642104148864746,7.796008110046387,7.5996479988098145,7.716403007507324,885808,4.328040599822998
2021-03-16,7.663331985473633,7.83846378326416,7.663331985473633,7.780086994171143,1855656,4.3637614250183105
2021-03-17,7.748244762420654,7.886227130889893,7.610261917114258,7.880919933319092,1024681,4.420318126678467
2021-03-18,7.833157062530518,7.965832233428955,7.801314830780029,7.864998817443848,684565,4.411385536193848
2021-03-19,7.933990001678467,8.220568656921387,7.907454967498779,8.188727378845215,1834740,4.592962741851807
2021-03-22,8.183420181274414,8.209955215454102,7.965832233428955,7.992368221282959,663272,4.482827186584473
2021-03-23,7.976446151733398,8.061359405517578,7.918068885803223,8.013595581054688,230826,4.4947333335876465
2021-03-24,7.987061023712158,8.09320068359375,7.790700912475586,7.83846378326416,945540,4.39650297164917
2021-03-25,7.864998817443848,8.082587242126465,7.769473075866699,8.03482437133789,667606,4.506641387939453
2021-03-26,8.119735717773438,8.119735717773438,7.939297199249268,8.008289337158203,813074,4.491756916046143
2021-03-29,8.087894439697266,8.485919952392578,8.082587242126465,8.24179744720459,1428109,4.6227288246154785
2021-03-30,8.247103691101074,8.326709747314453,8.167498588562012,8.310789108276367,437910,4.661426544189453
2021-03-31,8.321402549743652,8.475305557250977,8.321402549743652,8.379779815673828,449216,4.700121879577637
2021-04-01,8.342631340026855,8.438157081604004,8.220568656921387,8.257718086242676,346145,4.631658554077148
2021-04-05,8.188727378845215,8.34793758392334,8.082587242126465,8.103815078735352,1217821,4.545337677001953
2021-04-06,8.146270751953125,8.300174713134766,8.09320068359375,8.28956127166748,638776,4.649518966674805
2021-04-07,8.326709747314453,8.422236442565918,8.252410888671875,8.278945922851562,563781,4.643566131591797
2021-04-08,8.358551979064941,8.385087013244629,8.162192344665527,8.332016944885254,573391,4.673332691192627
2021-04-09,8.332016944885254,8.39570140838623,8.24179744720459,8.24179744720459,339173,4.6227288246154785
2021-04-12,8.236490249633789,8.385087013244629,8.231183052062988,8.332016944885254,455623,4.673332691192627
2021-04-13,8.321402549743652,8.385087013244629,8.24179744720459,8.385087013244629,1195398,4.703099250793457
2021-04-14,8.385087013244629,8.416929244995117,8.284253120422363,8.337324142456055,1829652,4.676309108734131
2021-04-15,8.385087013244629,8.406314849853516,8.146270751953125,8.1993408203125,959672,4.5989155769348145
2021-04-16,8.1993408203125,8.247103691101074,8.045437812805176,8.151577949523926,625775,4.572126388549805
2021-04-19,8.103815078735352,8.1993408203125,8.071972846984863,8.09850788116455,939322,4.542359828948975
2021-04-20,8.125042915344238,8.411622047424316,8.109122276306152,8.326709747314453,1394380,4.670355319976807
2021-04-22,8.326709747314453,8.416929244995117,8.130350112915039,8.231183052062988,1142638,4.6167755126953125
2021-04-23,8.225875854492188,8.263025283813477,8.056052207946777,8.1940336227417,1181266,4.595940113067627
2021-04-26,8.257718086242676,8.321402549743652,8.167498588562012,8.278945922851562,985299,4.643566131591797
2021-04-27,8.236490249633789,8.342631340026855,8.119735717773438,8.172805786132812,1073672,4.584033012390137
2021-04-28,8.172805786132812,8.613288879394531,7.992368221282959,8.512454986572266,5275468,4.774538516998291
2021-04-29,8.512454986572266,8.544297218322754,8.411622047424316,8.523069381713867,811755,4.780492305755615
2021-04-30,8.544297218322754,8.963552474975586,8.448771476745605,8.963552474975586,5223461,5.027553081512451
2021-05-03,8.75739574432373,8.75739574432373,8.230769157409668,8.355029106140137,3789317,4.862336158752441
2021-05-04,8.355029106140137,8.402365684509277,8.266271591186523,8.337278366088867,1090894,4.852005958557129
2021-05-05,8.343194961547852,8.544378280639648,8.236685752868652,8.455620765686035,2130413,4.920876979827881
2021-05-06,8.43786907196045,8.502958297729492,8.372780799865723,8.44970417022705,609075,4.917433738708496
2021-05-07,8.455620765686035,8.591714859008789,8.455620765686035,8.562129974365234,594372,4.982861042022705
2021-05-10,8.591714859008789,8.62130069732666,8.479289054870605,8.550294876098633,353209,4.975973129272461
2021-05-11,8.550294876098633,8.715975761413574,8.42011833190918,8.656804084777832,445652,5.03795862197876
2021-05-12,8.650886535644531,8.662720680236816,8.260354995727539,8.278105735778809,946737,4.817568778991699
2021-05-13,8.30769157409668,8.502958297729492,8.295857429504395,8.485206604003906,827423,4.938094139099121
2021-05-14,8.544378280639648,8.627218246459961,8.473372459411621,8.62130069732666,712503,5.01729679107666
2021-05-17,8.62130069732666,8.828401565551758,8.579880714416504,8.804733276367188,731431,5.124048709869385
2021-05-18,8.834319114685059,9.100590705871582,8.751479148864746,9.094674110412598,542827,5.292782783508301
2021-05-19,9.094674110412598,9.46745491027832,9.035502433776855,9.408284187316895,1042729,5.47529411315918
2021-05-20,9.514792442321777,9.585798263549805,9.218934059143066,9.266271591186523,770301,5.3926472663879395
2021-05-21,9.213017463684082,9.30769157409668,9.189349174499512,9.278105735778809,495676,5.399534225463867
2021-05-24,9.295857429504395,9.568046569824219,9.295857429504395,9.568046569824219,696279,5.568270206451416
2021-05-25,9.568046569824219,9.627218246459961,9.461538314819336,9.562129974365234,525758,5.5648274421691895
2021-05-26,9.585798263549805,9.662720680236816,9.431952476501465,9.597633361816406,812213,5.585488319396973
2021-05-27,9.721893310546875,9.846153259277344,9.650886535644531,9.715975761413574,665352,5.654359340667725
2021-05-28,9.72780990600586,9.781064987182617,9.627218246459961,9.763313293457031,943357,5.6819071769714355
2021-05-31,9.763313293457031,9.798815727233887,9.644969940185547,9.662720680236816,357603,5.623366832733154
2021-06-01,9.8816556930542,9.934910774230957,9.751479148864746,9.804733276367188,841619,5.706012725830078
2021-06-02,9.917159080505371,10.0,9.846153259277344,10.0,1144805,5.8196516036987305
2021-06-04,10.0,10.005916595458984,9.869821548461914,9.958579063415527,797510,5.795546054840088
2021-06-07,9.958579063415527,10.230769157409668,9.952662467956543,10.207099914550781,647776,5.940176963806152
2021-06-08,10.076923370361328,10.183430671691895,9.976330757141113,10.04733657836914,670591,5.847200393676758
2021-06-09,9.9940824508667,10.094674110412598,9.899408340454102,9.946744918823242,451905,5.78865909576416
2021-06-10,9.952662467956543,10.04733657836914,9.8934907913208,9.976330757141113,424020,5.805877685546875
2021-06-11,10.059170722961426,10.059170722961426,9.668639183044434,9.71005916595459,568853,5.650915145874023
2021-06-14,9.769229888916016,10.035502433776855,9.769229888916016,10.02366828918457,498211,5.833425521850586
2021-06-15,10.02366828918457,10.02366828918457,9.840235710144043,9.940828323364258,614483,5.785214424133301
2021-06-16,9.982248306274414,10.029584884643555,9.840235710144043,9.8875732421875,560910,5.754223823547363
2021-06-17,9.8875732421875,9.946744918823242,9.739644050598145,9.769229888916016,559051,5.685351848602295
2021-06-18,9.769229888916016,9.8816556930542,9.360945701599121,9.360945701599121,2835312,5.447744846343994
2021-06-21,9.443785667419434,9.455620765686035,9.295857429504395,9.455620765686035,958567,5.502841472625732
2021-06-22,9.325443267822266,9.366863250732422,9.17159652709961,9.224851608276367,454102,5.368542671203613
2021-06-23,9.17751407623291,9.260354995727539,9.088756561279297,9.15384578704834,474044,5.3272199630737305
2021-06-24,9.201183319091797,9.201183319091797,9.029584884643555,9.106508255004883,319409,5.2996697425842285
2021-06-25,9.065088272094727,9.094674110412598,8.834319114685059,8.869821548461914,625130,5.161927700042725
2021-06-28,8.8934907913208,8.946744918823242,8.840235710144043,8.923075675964355,467453,5.192920207977295
2021-06-29,8.8934907913208,8.934910774230957,8.698224067687988,8.721893310546875,652846,5.075838088989258
2021-06-30,8.615384101867676,8.704141616821289,8.579880714416504,8.627218246459961,697631,5.020740985870361
2021-07-01,8.71005916595459,8.71005916595459,8.414200782775879,8.455620765686035,685801,4.920876979827881
2021-07-02,8.43786907196045,8.579880714416504,8.43786907196045,8.57396411895752,425034,4.989747047424316
2021-07-05,8.591714859008789,8.668639183044434,8.520709991455078,8.609466552734375,933724,5.010408878326416
2021-07-06,8.609466552734375,8.639053344726562,8.408284187316895,8.639053344726562,1187562,5.0276288986206055
2021-07-07,8.72780990600586,8.72780990600586,8.532544136047363,8.639053344726562,356758,5.0276288986206055
2021-07-08,8.568046569824219,8.615384101867676,8.414200782775879,8.579880714416504,2052335,4.993191242218018
2021-07-12,8.609466552734375,8.840235710144043,8.591714859008789,8.840235710144043,560572,5.144710063934326
2021-07-13,8.828401565551758,8.840235710144043,8.644969940185547,8.745561599731445,590485,5.0896124839782715
2021-07-14,8.745561599731445,8.8875732421875,8.745561599731445,8.834319114685059,294059,5.141265869140625
2021-07-15,8.834319114685059,8.905324935913086,8.745561599731445,8.792899131774902,286623,5.117160797119141
2021-07-16,8.822484970092773,8.857988357543945,8.715975761413574,8.739644050598145,328197,5.086166858673096
2021-07-19,8.698224067687988,8.72780990600586,8.591714859008789,8.674555778503418,536912,5.0482892990112305
2021-07-20,8.585798263549805,8.852070808410645,8.585798263549805,8.834319114685059,246401,5.141265869140625
2021-07-21,8.834319114685059,8.923075675964355,8.804733276367188,8.840235710144043,384474,5.144710063934326
2021-07-22,8.840235710144043,9.124259948730469,8.840235710144043,9.041419982910156,549587,5.261790752410889
2021-07-23,9.035502433776855,9.035502433776855,8.834319114685059,8.846153259277344,440244,5.148154258728027
2021-07-26,8.869821548461914,8.917159080505371,8.781064987182617,8.840235710144043,298284,5.144710063934326
2021-07-27,8.846153259277344,8.923075675964355,8.769229888916016,8.899408340454102,379066,5.179145812988281
2021-07-28,8.934910774230957,9.065088272094727,8.899408340454102,9.035502433776855,349322,5.258347511291504
2021-07-29,8.970414161682129,9.082839965820312,8.875739097595215,8.928994178771973,254175,5.196362018585205
2021-07-30,8.928994178771973,8.946744918823242,8.674555778503418,8.698224067687988,625468,5.062063694000244
2021-08-02,8.917159080505371,8.917159080505371,8.585798263549805,8.585798263549805,768780,4.996635913848877
2021-08-03,8.721893310546875,8.721893310546875,8.42011833190918,8.550294876098633,755767,4.975973129272461
2021-08-04,8.550294876098633,8.591714859008789,8.343194961547852,8.343194961547852,849055,4.855448246002197
2021-08-05,8.355029106140137,8.550294876098633,7.816567897796631,8.165679931640625,1124694,4.752140522003174
2021-08-06,8.207099914550781,8.396449089050293,8.195265769958496,8.337278366088867,495338,4.852005958557129
2021-08-09,8.378698348999023,8.455620765686035,8.230769157409668,8.408284187316895,851759,4.8933281898498535
2021-08-10,8.408284187316895,8.426034927368164,8.195265769958496,8.195265769958496,478607,4.769360542297363
2021-08-11,8.372780799865723,8.372780799865723,8.118343353271484,8.207099914550781,438892,4.776246070861816
2021-08-12,8.278105735778809,8.278105735778809,8.100590705871582,8.15384578704834,512407,4.7452545166015625
2021-08-13,8.17751407623291,8.272189140319824,8.053254127502441,8.218934059143066,409824,4.783134460449219
2021-08-16,8.289939880371094,8.289939880371094,8.02366828918457,8.02366828918457,442441,4.66949462890625
2021-08-17,8.02366828918457,8.514792442321777,8.02366828918457,8.28402328491211,2613584,4.8210129737854
2021-08-18,8.319525718688965,8.751479148864746,8.17751407623291,8.597633361816406,3144244,5.0035223960876465
2021-08-19,8.520709991455078,8.964496612548828,8.372780799865723,8.946744918823242,759992,5.206693649291992
2021-08-20,8.917159080505371,9.461538314819336,8.792899131774902,9.378698348999023,1711631,5.4580769538879395
2021-08-23,9.378698348999023,9.461538314819336,9.218934059143066,9.408284187316895,649128,5.47529411315918
2021-08-24,9.42011833190918,9.828401565551758,9.301774978637695,9.792899131774902,792271,5.699126720428467
2021-08-25,9.674555778503418,9.828401565551758,9.627218246459961,9.775147438049316,525758,5.688795566558838
2021-08-26,9.763313293457031,9.928994178771973,9.633135795593262,9.668639183044434,981044,5.6268110275268555
2021-08-27,9.763313293457031,9.86390495300293,9.562129974365234,9.86390495300293,1345577,5.740450382232666
2021-08-30,9.86390495300293,10.01775074005127,9.781064987182617,9.840235710144043,565135,5.726675510406494
2021-08-31,9.769229888916016,9.976330757141113,9.769229888916016,9.875739097595215,385488,5.7473368644714355
2021-09-01,9.934910774230957,10.278105735778809,9.934910774230957,10.213017463684082,1673268,5.943620681762695
2021-09-02,10.17751407623291,10.17751407623291,9.8934907913208,9.91124153137207,862575,5.767997741699219
2021-09-03,9.988164901733398,10.041419982910156,9.497040748596191,9.497040748596191,3476160,5.526946067810059
2021-09-06,9.562129974365234,9.698224067687988,9.360945701599121,9.360945701599121,1156128,5.447744846343994
2021-09-08,9.355029106140137,9.591714859008789,9.355029106140137,9.44970417022705,1344901,5.499398708343506
2021-09-09,9.431952476501465,9.698224067687988,9.372780799865723,9.633135795593262,826071,5.606150150299072
2021-09-10,9.650886535644531,9.804733276367188,9.562129974365234,9.656804084777832,1355210,5.6199235916137695
2021-09-13,9.686389923095703,9.840235710144043,9.668639183044434,9.816568374633789,463059,5.712901592254639
2021-09-14,9.846153259277344,9.940828323364258,9.769229888916016,9.8816556930542,559727,5.750779151916504
2021-09-15,9.840235710144043,9.91124153137207,9.721893310546875,9.828401565551758,310452,5.719788074493408
2021-09-16,9.816568374633789,9.8875732421875,9.721893310546875,9.72780990600586,379235,5.6612467765808105
2021-09-17,9.704141616821289,9.769229888916016,9.585798263549805,9.662720680236816,1373124,5.623366832733154
2021-09-20,9.526626586914062,9.73372745513916,9.44970417022705,9.715975761413574,899417,5.654359340667725
2021-09-21,9.73372745513916,9.822484970092773,9.674555778503418,9.786981582641602,877785,5.695682048797607
2021-09-22,9.857988357543945,10.106508255004883,9.804733276367188,10.106508255004883,1087007,5.881634712219238
2021-09-23,10.100590705871582,10.15976333618164,9.91124153137207,10.059170722961426,634594,5.8540873527526855
2021-09-24,10.005916595458984,10.236685752868652,9.917159080505371,10.201183319091797,594034,5.936734199523926
2021-09-27,10.230769157409668,10.44970417022705,10.094674110412598,10.355029106140137,669746,6.0262675285339355
2021-09-28,10.355029106140137,10.355029106140137,10.029584884643555,10.029584884643555,556516,5.836869239807129
2021-09-29,10.183430671691895,10.183430671691895,9.988164901733398,10.118343353271484,506830,5.888523578643799
2021-09-30,10.189349174499512,10.242603302001953,9.976330757141113,10.106508255004883,971411,5.881634712219238
2021-10-01,10.076923370361328,10.15384578704834,9.982248306274414,10.15384578704834,1052193,5.909185409545898
2021-10-04,10.15384578704834,10.15976333618164,9.940828323364258,10.112425804138184,625130,5.885077953338623
2021-10-05,10.130176544189453,10.396449089050293,9.970414161682129,10.17751407623291,1194660,5.922959327697754
2021-10-06,10.147928237915039,10.147928237915039,9.786981582641602,10.059170722961426,968369,5.8540873527526855
2021-10-07,10.059170722961426,10.15384578704834,9.786981582641602,10.088756561279297,717404,5.871304988861084
2021-10-08,10.142010688781738,10.31360912322998,10.142010688781738,10.230769157409668,379066,5.953949451446533
2021-10-11,10.195265769958496,10.692307472229004,10.124259948730469,10.62130069732666,630200,6.1812286376953125
2021-10-13,10.650886535644531,10.946744918823242,10.633135795593262,10.875739097595215,548911,6.329300403594971
2021-10-14,10.8816556930542,11.04733657836914,10.852070808410645,11.011834144592285,343238,6.408505439758301
2021-10-15,11.059170722961426,11.17751407623291,10.923075675964355,10.923075675964355,585415,6.356849193572998
2021-10-18,10.8816556930542,11.236685752868652,10.822484970092773,11.236685752868652,687491,6.5393595695495605
2021-10-19,11.17159652709961,11.17159652709961,10.686389923095703,10.686389923095703,1454751,6.219106197357178
2021-10-20,10.698224067687988,11.029584884643555,10.698224067687988,10.899408340454102,743430,6.343075752258301
2021-10-21,10.769229888916016,10.905324935913086,10.260354995727539,10.532544136047363,3958317,6.129575729370117
2021-10-22,10.479289054870605,10.491124153137207,9.822484970092773,10.071004867553711,2299413,5.860974311828613
2021-10-25,10.071004867553711,10.461538314819336,10.071004867553711,10.443785667419434,1371772,6.077919960021973
2021-10-26,10.44970417022705,10.502958297729492,10.165679931640625,10.502958297729492,1107456,6.112355709075928
2021-10-27,10.585798263549805,10.763313293457031,10.431952476501465,10.538460731506348,1129933,6.133016109466553
2021-10-28,10.46745491027832,10.57396411895752,10.130176544189453,10.15976333618164,820325,5.9126296043396
2021-10-29,10.17159652709961,10.248519897460938,9.834319114685059,9.834319114685059,882686,5.723231315612793
2021-11-01,9.917159080505371,10.195265769958496,9.86390495300293,10.094674110412598,397149,5.874748706817627
2021-11-03,10.059170722961426,10.360945701599121,9.952662467956543,10.195265769958496,1251106,5.933287620544434
2021-11-04,10.236685752868652,10.266271591186523,9.8875732421875,9.988164901733398,549249,5.812765121459961
2021-11-05,10.124259948730469,10.207099914550781,10.035502433776855,10.059170722961426,453257,5.8540873527526855
2021-11-08,10.059170722961426,10.189349174499512,9.946744918823242,9.964496612548828,371292,5.798990726470947
2021-11-09,9.940828323364258,10.295857429504395,9.940828323364258,10.15976333618164,434329,5.9126296043396
2021-11-10,10.201183319091797,10.514792442321777,10.147928237915039,10.343194961547852,434329,6.019379615783691
2021-11-11,10.396449089050293,10.597633361816406,10.396449089050293,10.455620765686035,441765,6.084807872772217
2021-11-12,10.461538314819336,10.609466552734375,10.272189140319824,10.461538314819336,830465,6.088251113891602
2021-11-16,10.455620765686035,10.55621337890625,10.31360912322998,10.355029106140137,670253,6.0262675285339355
2021-11-17,10.43786907196045,10.43786907196045,10.130176544189453,10.207099914550781,749176,5.940176963806152
2021-11-18,10.414200782775879,10.414200782775879,10.207099914550781,10.355029106140137,620060,6.0262675285339355
2021-11-19,10.355029106140137,10.656804084777832,10.355029106140137,10.414200782775879,319409,6.060703277587891
2021-11-22,10.355029106140137,10.491124153137207,10.266271591186523,10.366863250732422,621750,6.033154010772705
2021-11-23,10.390531539916992,10.520709991455078,10.17159652709961,10.461538314819336,506154,6.088251113891602
2021-11-24,10.408284187316895,10.508874893188477,10.337278366088867,10.372780799865723,288313,6.036596775054932
2021-11-25,10.520709991455078,10.62130069732666,10.455620765686035,10.485206604003906,240317,6.102025508880615
2021-11-26,10.408284187316895,10.455620765686035,10.15384578704834,10.337278366088867,590823,6.015935897827148
2021-11-29,10.431952476501465,10.57396411895752,10.33135986328125,10.384614944458008,518153,6.043484210968018
2021-11-30,10.408284187316895,10.43786907196045,10.17751407623291,10.236685752868652,1242825,5.957395076751709
2021-12-01,10.443785667419434,10.443785667419434,9.964496612548828,10.059170722961426,697124,5.8540873527526855
2021-12-02,10.142010688781738,10.562129974365234,10.142010688781738,10.378698348999023,512745,6.040040016174316
2021-12-03,10.461538314819336,10.810649871826172,10.461538314819336,10.609466552734375,464242,6.174340724945068
2021-12-06,10.656804084777832,10.775147438049316,10.514792442321777,10.60354995727539,650649,6.170897006988525
2021-12-07,10.686389923095703,10.71005916595459,10.508874893188477,10.60354995727539,214967,6.170897006988525
2021-12-08,10.591714859008789,10.8816556930542,10.591714859008789,10.852070808410645,302340,6.315528869628906
2021-12-09,10.798815727233887,10.869821548461914,10.668639183044434,10.792899131774902,476579,6.281092166900635
2021-12-10,10.680473327636719,11.065088272094727,10.680473327636719,10.982248306274414,509534,6.391286373138428
2021-12-13,11.094674110412598,11.15384578704834,10.8934907913208,10.8934907913208,361997,6.339632511138916
2021-12-14,10.988164901733398,11.100590705871582,10.869821548461914,10.905324935913086,269723,6.346519470214844
2021-12-15,10.905324935913086,10.9940824508667,10.739644050598145,10.91124153137207,335464,6.349963188171387
2021-12-16,10.917159080505371,10.988164901733398,10.71005916595459,10.905324935913086,533194,6.346519470214844
2021-12-17,10.8875732421875,11.183430671691895,10.781064987182617,11.183430671691895,674309,6.508368492126465
2021-12-20,10.852070808410645,11.183430671691895,10.674555778503418,11.094674110412598,561248,6.45671272277832
2021-12-21,11.147928237915039,11.15976333618164,10.852070808410645,10.852070808410645,281553,6.315528869628906
2021-12-22,10.745561599731445,10.786981582641602,10.550294876098633,10.597633361816406,241669,6.3632612228393555
2021-12-23,10.633135795593262,10.639053344726562,10.479289054870605,10.579880714416504,145508,6.352601528167725
2021-12-27,10.579880714416504,10.745561599731445,10.491124153137207,10.633135795593262,286792,6.384579658508301
2021-12-28,10.62130069732666,10.73372745513916,10.568046569824219,10.615384101867676,249612,6.373918533325195
2021-12-29,10.597633361816406,10.698224067687988,10.502958297729492,10.585798263549805,253161,6.3561553955078125
2021-12-30,10.568046569824219,10.964496612548828,10.491124153137207,10.958579063415527,1849028,6.579988479614258
2022-01-03,11.136094093322754,11.289939880371094,10.639053344726562,10.71005916595459,1094443,6.430767059326172
2022-01-04,10.792899131774902,10.816568374633789,10.372780799865723,10.372780799865723,895361,6.228249549865723
2022-01-05,10.455620765686035,10.562129974365234,10.059170722961426,10.059170722961426,352026,6.039945602416992
2022-01-06,10.17751407623291,10.183430671691895,9.585798263549805,9.585798263549805,657240,5.755712985992432
2022-01-07,9.497040748596191,10.15976333618164,9.473372459411621,10.071004867553711,761682,6.047050952911377
2022-01-10,9.91124153137207,10.053254127502441,9.828401565551758,9.834319114685059,367405,5.904935359954834
2022-01-11,9.834319114685059,10.082839965820312,9.810649871826172,9.982248306274414,440751,5.993758678436279
2022-01-12,9.982248306274414,10.33135986328125,9.982248306274414,10.266271591186523,485874,6.164297103881836
2022-01-13,10.30769157409668,10.325443267822266,10.053254127502441,10.136094093322754,541475,6.086134910583496
2022-01-14,10.136094093322754,10.431952476501465,9.982248306274414,10.378698348999023,563783,6.231802463531494
2022-01-17,10.431952476501465,10.739644050598145,10.207099914550781,10.42011833190918,715883,6.256673812866211
2022-01-18,10.355029106140137,10.91124153137207,10.355029106140137,10.443785667419434,816776,6.2708845138549805
2022-01-19,10.461538314819336,10.769229888916016,10.431952476501465,10.502958297729492,608399,6.3064141273498535
2022-01-20,10.508874893188477,10.739644050598145,10.461538314819336,10.461538314819336,322958,6.281543731689453
2022-01-21,10.46745491027832,10.656804084777832,10.378698348999023,10.455620765686035,492803,6.27799129486084
2022-01-24,10.414200782775879,10.544378280639648,10.118343353271484,10.15384578704834,459510,6.096792697906494
2022-01-25,10.065088272094727,10.431952476501465,10.04733657836914,10.343194961547852,484015,6.210485458374023
2022-01-26,10.384614944458008,10.508874893188477,10.254437446594238,10.272189140319824,407289,6.167850017547607
2022-01-27,10.325443267822266,10.597633361816406,10.30769157409668,10.502958297729492,590147,6.3064141273498535
2022-01-28,10.502958297729492,10.721893310546875,10.43786907196045,10.597633361816406,580007,6.3632612228393555
2022-01-31,10.508874893188477,11.124259948730469,10.508874893188477,11.01775074005127,737008,6.615518093109131
2022-02-01,11.136094093322754,11.254437446594238,10.86390495300293,11.02366828918457,984424,6.619071006774902
2022-02-02,11.02366828918457,11.142010688781738,10.715975761413574,10.792899131774902,655212,6.480507850646973
2022-02-03,10.71005916595459,10.91124153137207,10.71005916595459,10.745561599731445,457820,6.452083110809326
2022-02-04,10.704141616821289,10.739644050598145,10.461538314819336,10.485206604003906,446328,6.295755386352539
2022-02-07,10.508874893188477,10.591714859008789,10.17159652709961,10.17159652709961,441089,6.107450008392334
2022-02-08,10.17159652709961,10.236685752868652,10.071004867553711,10.15976333618164,690026,6.100346088409424
2022-02-09,10.165679931640625,10.337278366088867,10.118343353271484,10.213017463684082,964651,6.132321357727051
2022-02-10,10.31360912322998,10.337278366088867,10.183430671691895,10.242603302001953,398839,6.150084972381592
2022-02-11,10.343194961547852,10.426034927368164,10.112425804138184,10.112425804138184,503788,6.071920871734619
2022-02-14,10.183430671691895,10.30769157409668,9.905324935913086,9.905324935913086,708785,5.947570323944092
2022-02-15,9.982248306274414,10.165679931640625,9.952662467956543,10.005916595458984,539616,6.007971286773682
2022-02-16,10.071004867553711,10.366863250732422,10.071004867553711,10.147928237915039,707602,6.093238830566406
2022-02-17,10.248519897460938,10.31360912322998,10.01775074005127,10.118343353271484,601977,6.075475215911865
2022-02-18,10.207099914550781,10.266271591186523,10.059170722961426,10.059170722961426,481649,6.039945602416992
2022-02-21,10.065088272094727,10.118343353271484,9.8934907913208,9.940828323364258,381601,5.968885898590088
2022-02-22,10.01775074005127,10.100590705871582,9.834319114685059,9.8875732421875,579331,5.9369120597839355
2022-02-23,9.834319114685059,10.55621337890625,9.834319114685059,10.349111557006836,992536,6.214038848876953
2022-02-24,10.059170722961426,10.366863250732422,9.988164901733398,10.124259948730469,637636,6.07902717590332
2022-02-25,10.059170722961426,10.207099914550781,9.869821548461914,10.076923370361328,982227,6.050605773925781
2022-03-02,10.01775074005127,10.44970417022705,10.01775074005127,10.384614944458008,853449,6.235354423522949
2022-03-03,10.349111557006836,10.704141616821289,10.325443267822266,10.514792442321777,889446,6.313519477844238
2022-03-04,10.491124153137207,10.591714859008789,10.094674110412598,10.17751407623291,685801,6.1110029220581055
2022-03-07,10.17159652709961,10.236685752868652,9.75739574432373,9.775147438049316,541137,5.869406223297119
2022-03-08,9.786981582641602,10.02366828918457,9.680473327636719,9.828401565551758,536743,5.901383399963379
2022-03-09,9.8875732421875,10.366863250732422,9.8875732421875,10.248519897460938,461031,6.15363883972168
2022-03-10,10.28402328491211,10.325443267822266,10.053254127502441,10.28402328491211,344928,6.17495584487915
2022-03-11,10.355029106140137,10.431952476501465,10.076923370361328,10.213017463684082,424189,6.132321357727051
2022-03-14,10.118343353271484,10.278105735778809,10.035502433776855,10.136094093322754,320085,6.086134910583496
2022-03-15,10.053254127502441,10.343194961547852,9.988164901733398,10.301774978637695,467622,6.185615062713623
2022-03-16,10.230769157409668,10.514792442321777,10.207099914550781,10.491124153137207,507675,6.2993083000183105
2022-03-17,10.497040748596191,10.958579063415527,10.443785667419434,10.952662467956543,565473,6.57643461227417
2022-03-18,10.875739097595215,11.426034927368164,10.834319114685059,11.147928237915039,2016676,6.693681716918945
2022-03-21,11.242603302001953,11.491124153137207,11.165679931640625,11.396449089050293,547559,6.842904090881348
2022-03-22,11.455620765686035,11.597633361816406,11.360945701599121,11.360945701599121,424189,6.821586608886719
2022-03-23,11.443785667419434,11.674555778503418,11.366863250732422,11.674555778503418,587274,7.009890556335449
2022-03-24,11.721893310546875,11.840235710144043,11.609466552734375,11.781064987182617,318395,7.073843955993652
2022-03-25,11.816568374633789,11.982248306274414,11.692307472229004,11.8816556930542,287806,7.134242534637451
2022-03-28,11.8816556930542,11.958579063415527,11.721893310546875,11.781064987182617,305551,7.073843955993652
2022-03-29,11.828401565551758,11.976330757141113,11.60354995727539,11.60354995727539,455961,7.237019062042236
2022-03-30,11.60354995727539,11.869821548461914,11.60354995727539,11.763313293457031,416753,7.336660385131836
2022-03-31,11.822484970092773,12.183430671691895,11.822484970092773,12.029584884643555,542827,7.5027337074279785
2022-04-01,12.266271591186523,12.426034927368164,12.053254127502441,12.254437446594238,714362,7.642972946166992
2022-04-04,12.236685752868652,12.31360912322998,12.076923370361328,12.230769157409668,332929,7.628209590911865
2022-04-05,12.189349174499512,12.28402328491211,12.005916595458984,12.005916595458984,1118103,7.48797082901001
2022-04-06,11.9940824508667,12.142010688781738,11.816568374633789,12.01775074005127,661634,7.495352745056152
2022-04-07,11.680473327636719,12.28402328491211,11.680473327636719,12.088756561279297,654705,7.539637565612793
2022-04-08,12.04733657836914,12.366863250732422,12.0,12.130176544189453,736839,7.565468788146973
2022-04-11,12.076923370361328,12.343194961547852,12.011834144592285,12.011834144592285,601639,7.491662979125977
2022-04-12,12.118343353271484,12.272189140319824,11.857988357543945,11.857988357543945,555502,7.395708084106445
2022-04-13,12.011834144592285,12.30769157409668,11.952662467956543,12.130176544189453,609244,7.565468788146973
2022-04-14,12.147928237915039,12.254437446594238,12.059170722961426,12.201183319091797,572909,7.609755516052246
2022-04-18,12.201183319091797,12.426034927368164,12.201183319091797,12.201183319091797,548911,7.609755516052246
2022-04-19,12.218934059143066,12.224851608276367,11.579880714416504,11.579880714416504,754077,7.2222580909729
2022-04-20,11.615384101867676,11.662720680236816,11.396449089050293,11.43786907196045,1356224,7.1336846351623535
2022-04-22,11.31360912322998,11.372780799865723,11.124259948730469,11.124259948730469,1549391,6.938091278076172
2022-04-25,10.988164901733398,11.72780990600586,10.988164901733398,11.62130069732666,2314623,7.248091697692871
2022-04-26,11.62130069732666,12.071004867553711,11.544378280639648,11.822484970092773,1793596,7.3735671043396
2022-04-27,11.934910774230957,12.082839965820312,11.852070808410645,11.899408340454102,477931,7.421543598175049
2022-04-28,12.011834144592285,12.059170722961426,11.846153259277344,11.958579063415527,523899,7.4584455490112305
2022-04-29,12.065088272094727,12.165679931640625,11.33135986328125,11.33135986328125,3287387,7.067257404327393
2022-05-02,10.776923179626465,10.907691955566406,10.353845596313477,10.484615325927734,2846740,7.116370677947998
2022-05-03,10.530769348144531,10.55384635925293,10.05384635925293,10.176922798156738,668590,6.907526016235352
2022-05-04,10.130768775939941,10.346153259277344,9.946152687072754,10.346153259277344,579150,7.022391319274902
2022-05-05,10.199999809265137,10.300000190734863,9.730769157409668,9.923075675964355,519870,6.735229969024658
2022-05-06,9.946152687072754,9.953845977783203,9.761537551879883,9.907691955566406,461500,6.724788665771484
2022-05-09,9.853845596313477,10.15384578704834,9.692307472229004,10.15384578704834,1626820,6.8918633460998535
2022-05-10,10.223075866699219,10.39230728149414,10.05384635925293,10.39230728149414,1341990,7.053717613220215
2022-05-11,10.399999618530273,10.638461112976074,10.230769157409668,10.476922988891602,1090960,7.111148357391357
2022-05-12,10.330768585205078,10.538460731506348,10.330768585205078,10.469229698181152,501150,7.105926990509033
2022-05-13,10.51538372039795,10.761537551879883,10.376922607421875,10.615384101867676,922090,7.205128192901611
2022-05-16,10.692307472229004,10.80769157409668,10.51538372039795,10.746152877807617,771940,7.29388952255249
2022-05-17,10.846153259277344,11.092307090759277,10.792306900024414,10.80769157409668,569010,7.33565616607666
2022-05-18,10.838460922241211,10.984615325927734,10.753846168518066,10.830768585205078,444730,7.351320266723633
2022-05-19,10.953845977783203,11.01538372039795,10.761537551879883,10.800000190734863,727870,7.330437183380127
2022-05-20,10.876922607421875,11.176922798156738,10.746152877807617,11.123076438903809,2853890,7.549724102020264
2022-05-23,11.130768775939941,11.638461112976074,11.130768775939941,11.576923370361328,474370,7.857766628265381
2022-05-24,11.538460731506348,11.86153793334961,11.423075675964355,11.823076248168945,699530,8.024843215942383
2022-05-25,11.853845596313477,12.007692337036133,11.669230461120605,11.815383911132812,442260,8.019622802734375
2022-05-26,11.830768585205078,11.846153259277344,11.5,11.615384101867676,1681420,7.88387393951416
2022-05-27,11.715383529663086,11.715383529663086,11.39230728149414,11.54615306854248,845520,7.836881160736084
2022-05-30,11.55384635925293,11.607691764831543,11.215383529663086,11.269229888916016,254930,7.648922443389893
2022-05-31,11.30769157409668,11.51538372039795,11.238460540771484,11.51538372039795,332670,7.81599760055542
2022-06-01,11.530769348144531,11.65384578704834,11.346153259277344,11.569230079650879,373880,7.852545738220215
2022-06-02,11.607691764831543,11.884614944458008,11.538460731506348,11.884614944458008,160160,8.06661319732666
2022-06-03,11.784614562988281,11.923075675964355,11.738460540771484,11.830768585205078,223470,8.030064582824707
2022-06-06,11.853845596313477,11.876922607421875,11.476922988891602,11.476922988891602,127140,7.789895057678223
2022-06-07,11.446152687072754,11.507692337036133,11.100000381469727,11.346153259277344,286910,7.7011332511901855
2022-06-08,11.238460540771484,11.769229888916016,11.169230461120605,11.623076438903809,5913570,7.88909387588501
2022-06-09,11.630768775939941,11.86153793334961,11.523076057434082,11.584614753723145,398840,7.862990379333496
2022-06-10,11.469229698181152,11.692307472229004,11.330768585205078,11.461538314819336,377650,7.779454231262207
2022-06-13,11.284614562988281,11.369230270385742,11.107691764831543,11.30769157409668,320450,7.675029754638672
2022-06-14,11.300000190734863,11.676922798156738,11.292306900024414,11.669230461120605,596570,7.920422077178955
2022-06-15,11.853845596313477,12.407691955566406,11.723075866699219,12.215383529663086,6320990,8.291120529174805
2022-06-17,12.230769157409668,12.369230270385742,12.0,12.315383911132812,745550,8.358994483947754
2022-06-20,12.315383911132812,12.399999618530273,12.092307090759277,12.130768775939941,538590,8.233686447143555
2022-06-21,12.30769157409668,12.30769157409668,12.04615306854248,12.084614753723145,238160,8.202363014221191
2022-06-22,12.069230079650879,12.161538124084473,11.89230728149414,11.899999618530273,4975620,8.07705307006836
2022-06-23,12.04615306854248,12.04615306854248,11.776923179626465,11.846153259277344,6185660,8.040505409240723
2022-06-24,11.869230270385742,12.100000381469727,11.792306900024414,11.969229698181152,676390,8.124043464660645
2022-06-27,11.976922988891602,12.384614944458008,11.792306900024414,12.353845596313477,5301660,8.47244644165039
2022-06-28,12.469229698181152,12.669230461120605,11.823076248168945,11.823076248168945,5909800,8.108436584472656
2022-06-29,11.846153259277344,12.007692337036133,11.584614753723145,11.600000381469727,452140,7.955451011657715
2022-06-30,11.453845977783203,11.769229888916016,11.315383911132812,11.661538124084473,1436890,7.997652530670166
2022-07-01,11.661538124084473,11.815383911132812,11.476922988891602,11.769229888916016,426140,8.071508407592773
2022-07-04,11.746152877807617,11.823076248168945,11.569230079650879,11.615384101867676,435890,7.966000080108643
2022-07-05,11.530769348144531,12.323076248168945,11.353845596313477,12.176922798156738,2330510,8.351110458374023
2022-07-06,12.100000381469727,12.169230461120605,11.746152877807617,11.838460922241211,501800,8.118988990783691
2022-07-07,11.961538314819336,12.115384101867676,11.876922607421875,11.946152687072754,411190,8.192846298217773
2022-07-08,11.946152687072754,12.061537742614746,11.876922607421875,11.930768966674805,212680,8.182294845581055
2022-07-11,11.80769157409668,12.0,11.746152877807617,11.746152877807617,238940,8.055683135986328
2022-07-12,11.776923179626465,11.884614944458008,11.561537742614746,11.846153259277344,457600,8.124262809753418
2022-07-13,11.776923179626465,12.423075675964355,11.753846168518066,12.338460922241211,15122900,8.461894989013672
2022-07-14,12.192307472229004,12.484615325927734,12.176922798156738,12.269229888916016,551330,8.414416313171387
2022-07-15,12.269229888916016,12.30769157409668,12.100000381469727,12.184615135192871,192530,8.356385231018066
2022-07-18,12.215383529663086,12.484615325927734,12.04615306854248,12.04615306854248,334230,8.261427879333496
2022-07-19,12.084614753723145,12.138461112976074,11.830768585205078,12.061537742614746,398450,8.271978378295898
2022-07-20,12.038460731506348,12.246152877807617,12.0,12.0,333060,8.229774475097656
2022-07-21,11.923075675964355,12.246152877807617,11.899999618530273,12.238460540771484,287170,8.393314361572266
2022-07-22,12.300000190734863,12.538460731506348,12.20769214630127,12.5,456560,8.572681427001953
2022-07-25,12.55384635925293,12.692307472229004,12.49230670928955,12.55384635925293,172380,8.609612464904785
2022-07-26,12.55384635925293,12.692307472229004,12.446152687072754,12.54615306854248,122330,8.604334831237793
2022-07-27,12.538460731506348,13.169230461120605,12.461538314819336,13.061537742614746,437710,8.957791328430176
2022-07-28,13.061537742614746,13.20769214630127,12.907691955566406,13.061537742614746,166010,8.957791328430176
2022-07-29,13.20769214630127,13.20769214630127,12.984615325927734,13.084614753723145,257140,8.97361946105957
2022-08-01,13.184615135192871,13.246152877807617,12.969229698181152,12.969229698181152,366210,8.894487380981445
2022-08-02,13.107691764831543,13.284614562988281,12.969229698181152,13.15384578704834,322270,9.021099090576172
2022-08-03,13.269229888916016,13.30769157409668,13.076923370361328,13.223075866699219,242320,9.068580627441406
2022-08-04,13.223075866699219,13.776923179626465,13.223075866699219,13.723075866699219,338390,9.411484718322754
2022-08-05,13.830768585205078,13.907691955566406,13.607691764831543,13.738460540771484,157040,9.422036170959473
2022-08-08,13.746152877807617,14.230769157409668,13.730769157409668,13.984615325927734,450840,9.590853691101074
2022-08-09,14.01538372039795,14.36153793334961,14.01538372039795,14.346153259277344,447980,9.838799476623535
2022-08-10,14.423075675964355,14.607691764831543,14.269229888916016,14.353845596313477,324220,9.844076156616211
2022-08-11,14.369230270385742,14.669230461120605,14.261537551879883,14.36153793334961,393250,9.849349021911621
2022-08-12,14.284614562988281,14.592307090759277,14.284614562988281,14.569230079650879,141440,9.991790771484375
2022-08-15,14.646153450012207,14.969229698181152,14.338460922241211,14.430768966674805,449150,9.896830558776855
2022-08-16,14.476922988891602,14.51538372039795,14.30769157409668,14.438461303710938,150150,9.902105331420898
2022-08-17,14.39230728149414,15.292306900024414,14.330768585205078,15.292306900024414,362700,10.48768424987793
2022-08-18,15.292306900024414,15.369230270385742,14.846153259277344,14.969229698181152,357890,10.26611614227295
2022-08-19,14.838460922241211,14.953845977783203,14.761537551879883,14.80769157409668,247390,10.155328750610352
2022-08-22,14.80769157409668,14.915384292602539,14.669230461120605,14.89230728149414,279240,10.213359832763672
2022-08-23,14.884614944458008,15.0,14.830768585205078,14.915384292602539,168220,10.22918701171875
2022-08-24,15.0,15.05384635925293,14.838460922241211,14.86153793334961,191360,10.19225788116455
2022-08-25,14.86153793334961,14.89230728149414,14.530769348144531,14.692307472229004,316810,10.076197624206543
2022-08-26,14.70769214630127,14.753846168518066,14.484615325927734,14.530769348144531,305370,9.965412139892578
2022-08-29,14.569230079650879,14.661538124084473,14.438461303710938,14.5,322660,9.944311141967773
2022-08-30,14.54615306854248,14.623076438903809,13.915384292602539,13.915384292602539,353340,9.543373107910156
2022-08-31,14.0,14.353845596313477,13.946152687072754,14.107691764831543,514410,9.675260543823242
2022-09-01,13.930768966674805,14.269229888916016,13.761537551879883,14.192307472229004,993200,9.733291625976562
2022-09-02,14.238460540771484,14.292306900024414,13.99230670928955,14.01538372039795,578240,9.611955642700195
2022-09-05,14.061537742614746,14.246152877807617,13.792306900024414,13.884614944458008,383630,9.522270202636719
2022-09-06,13.869230270385742,14.01538372039795,13.692307472229004,13.961538314819336,284830,9.575026512145996
2022-09-08,14.023076057434082,14.261537551879883,13.946152687072754,14.0,465530,9.601401329040527
2022-09-09,14.20769214630127,14.223075866699219,13.961538314819336,13.961538314819336,220740,9.575026512145996
2022-09-12,14.176922798156738,14.176922798156738,13.86153793334961,13.869230270385742,225160,9.51172161102295
2022-09-13,13.876922607421875,13.876922607421875,13.569230079650879,13.646153450012207,391690,9.358732223510742
2022-09-14,13.638461112976074,13.676922798156738,13.476922988891602,13.538460731506348,208260,9.284872055053711
2022-09-15,13.538460731506348,13.54615306854248,13.315383911132812,13.423075675964355,271180,9.20573902130127
2022-09-16,13.399999618530273,13.407691955566406,13.146153450012207,13.215383529663086,578890,9.063300132751465
2022-09-19,13.076923370361328,13.853845596313477,13.030769348144531,13.538460731506348,524940,9.284872055053711
2022-09-20,13.676922798156738,13.676922798156738,13.284614562988281,13.284614562988281,375570,9.110783576965332
2022-09-21,13.300000190734863,13.423075675964355,13.15384578704834,13.15384578704834,381420,9.021099090576172
2022-09-22,13.338460922241211,13.638461112976074,13.161538124084473,13.638461112976074,286520,9.35345458984375
2022-09-23,13.607691764831543,14.15384578704834,13.415384292602539,13.815383911132812,507520,9.474790573120117
2022-09-26,13.815383911132812,13.815383911132812,13.815383911132812,13.815383911132812,0,9.589198112487793
2022-09-27,12.923075675964355,12.961538314819336,12.253846168518066,12.253846168518066,470210,8.505342483520508
2022-09-28,12.253846168518066,12.353845596313477,12.192307472229004,12.215383529663086,262860,8.478645324707031
2022-09-29,12.092307090759277,12.215383529663086,11.923075675964355,12.084614753723145,403260,8.3878812789917
2022-09-30,12.076923370361328,12.523076057434082,12.04615306854248,12.461538314819336,826410,8.649499893188477
2022-10-03,12.86153793334961,14.146153450012207,12.853845596313477,13.800000190734863,1066650,9.578521728515625
2022-10-04,14.076923370361328,14.238460540771484,13.199999809265137,13.199999809265137,745940,9.162062644958496
2022-10-05,13.261537551879883,13.261537551879883,12.869230270385742,12.869230270385742,359710,8.932478904724121
2022-10-06,13.092307090759277,13.092307090759277,12.730769157409668,12.869230270385742,357760,8.932478904724121
2022-10-07,12.99230670928955,12.99230670928955,12.476922988891602,12.476922988891602,417690,8.660179138183594
2022-10-10,12.576923370361328,12.869230270385742,12.507692337036133,12.507692337036133,375050,8.681535720825195
2022-10-11,12.5,12.638461112976074,12.415384292602539,12.438461303710938,261820,8.633484840393066
2022-10-13,12.399999618530273,12.453845977783203,12.20769214630127,12.20769214630127,544050,8.473308563232422
2022-10-14,12.246152877807617,12.315383911132812,11.938461303710938,12.076923370361328,402740,8.38254165649414
2022-10-17,12.0,12.899999618530273,12.0,12.676922798156738,818090,8.798996925354004
2022-10-18,12.715383529663086,13.146153450012207,12.523076057434082,13.146153450012207,436540,9.124689102172852
2022-10-19,13.076923370361328,13.20769214630127,12.846153259277344,13.01538372039795,433160,9.03392505645752
2022-10-20,12.976922988891602,13.384614944458008,12.915384292602539,13.384614944458008,2449460,9.290205955505371
2022-10-21,13.323076248168945,14.05384635925293,13.146153450012207,13.738460540771484,756080,9.535807609558105
2022-10-24,13.576923370361328,14.007692337036133,13.507692337036133,13.684615135192871,670540,9.498435974121094
2022-10-25,13.684615135192871,13.769229888916016,13.36153793334961,13.36153793334961,351650,9.274186134338379
2022-10-26,13.253846168518066,13.384614944458008,12.923075675964355,12.99230670928955,709800,9.017905235290527
2022-10-27,12.923075675964355,13.65384578704834,12.923075675964355,13.376922607421875,522860,9.284867286682129
2022-10-28,13.276923179626465,13.55384635925293,13.276923179626465,13.323076248168945,421200,9.247491836547852
2022-10-31,13.038460731506348,13.346153259277344,12.938461303710938,13.300000190734863,480220,9.231473922729492
2022-11-01,13.423075675964355,14.04615306854248,13.353845596313477,13.869230270385742,582400,9.626574516296387
2022-11-03,13.80769157409668,14.615384101867676,13.438461303710938,14.038460731506348,774670,9.744037628173828
2022-11-04,14.04615306854248,14.65384578704834,14.038460731506348,14.330768585205078,866450,9.946925163269043
2022-11-07,14.253846168518066,14.261537551879883,13.853845596313477,13.969229698181152,276900,9.69598388671875
2022-11-08,13.899999618530273,14.192307472229004,13.615384101867676,14.05384635925293,372580,9.754714965820312
2022-11-09,14.038460731506348,14.123076438903809,13.538460731506348,13.65384578704834,521170,9.477076530456543
2022-11-10,13.65384578704834,13.65384578704834,12.776923179626465,12.784614562988281,776490,8.873747825622559
2022-11-11,12.792306900024414,13.215383529663086,12.661538124084473,13.007692337036133,442130,9.028584480285645
2022-11-14,13.076923370361328,13.269229888916016,12.699999809265137,12.699999809265137,585260,8.815014839172363
2022-11-16,12.753846168518066,12.792306900024414,12.384614944458008,12.438461303710938,558220,8.633484840393066
2022-11-17,12.253846168518066,12.261537551879883,11.738460540771484,12.215383529663086,1117740,8.478645324707031
2022-11-18,12.353845596313477,12.469229698181152,12.030769348144531,12.092307090759277,723190,8.393219947814941
2022-11-21,12.15384578704834,13.476922988891602,12.15384578704834,13.338460922241211,901940,9.258169174194336
2022-11-22,13.346153259277344,13.846153259277344,13.084614753723145,13.36153793334961,652860,9.274186134338379
2022-11-23,13.20769214630127,13.39230728149414,13.076923370361328,13.20769214630127,292890,9.167403221130371
2022-11-24,13.292306900024414,14.15384578704834,13.20769214630127,13.86153793334961,713700,9.621234893798828
2022-11-25,13.869230270385742,13.907691955566406,13.292306900024414,13.476922988891602,373360,9.35427474975586
2022-11-28,13.476922988891602,13.55384635925293,13.300000190734863,13.430768966674805,272740,9.32223892211914
2022-11-29,13.538460731506348,13.784614562988281,13.292306900024414,13.70769214630127,338260,9.514451026916504
2022-11-30,13.692307472229004,14.030769348144531,13.569230079650879,13.899999618530273,711360,9.647931098937988
2022-12-01,13.853845596313477,14.115384101867676,13.461538314819336,13.592307090759277,777010,9.434364318847656
2022-12-02,13.638461112976074,13.923075675964355,13.469229698181152,13.769229888916016,436670,9.557165145874023
2022-12-05,13.769229888916016,13.792306900024414,13.300000190734863,13.376922607421875,233740,9.284867286682129
2022-12-06,13.469229698181152,13.623076438903809,13.300000190734863,13.376922607421875,340990,9.284867286682129
2022-12-07,13.39230728149414,13.761537551879883,13.39230728149414,13.730769157409668,355810,9.53046989440918
2022-12-08,13.676922798156738,13.699999809265137,13.115384101867676,13.284614562988281,312780,9.220795631408691
2022-12-09,13.284614562988281,13.630768775939941,13.184615135192871,13.5,312260,9.370292663574219
2022-12-12,13.438461303710938,13.600000381469727,12.753846168518066,12.938461303710938,544180,8.980531692504883
2022-12-13,12.969229698181152,13.04615306854248,12.476922988891602,12.484615325927734,481260,8.665518760681152
2022-12-14,12.461538314819336,12.938461303710938,12.269229888916016,12.815383911132812,739830,8.89510440826416
2022-12-15,12.815383911132812,13.05384635925293,12.600000381469727,12.669230461120605,427570,8.793661117553711
2022-12-16,12.80769157409668,13.346153259277344,12.723075866699219,13.346153259277344,693940,9.263507843017578
2022-12-19,13.469229698181152,13.469229698181152,12.453845977783203,12.615384101867676,1162980,8.7562837600708
2022-12-20,12.630768775939941,13.223075866699219,12.615384101867676,13.215383529663086,684970,9.17273998260498
2022-12-21,13.223075866699219,13.346153259277344,12.638461112976074,12.80769157409668,763620,8.889764785766602
2022-12-22,12.738460540771484,13.023076057434082,12.676922798156738,12.846153259277344,239330,9.014533996582031
2022-12-23,13.01538372039795,13.215383529663086,12.784614562988281,12.946152687072754,287300,9.084705352783203
2022-12-26,13.169230461120605,13.169230461120605,12.584614753723145,12.692307472229004,436020,8.906576156616211
2022-12-27,12.800000190734863,12.800000190734863,12.55384635925293,12.730769157409668,372060,8.933564186096191
2022-12-28,12.946152687072754,12.946152687072754,12.15384578704834,12.15384578704834,1668160,8.651178359985352
2022-12-29,12.292306900024414,12.592307090759277,12.061537742614746,12.423075675964355,2400840,8.84282112121582
2023-01-02,12.423075675964355,12.423075675964355,12.038460731506348,12.038460731506348,690560,8.569048881530762
2023-01-03,12.04615306854248,12.39230728149414,12.007692337036133,12.069230079650879,852280,8.590948104858398
2023-01-04,12.15384578704834,12.276923179626465,11.830768585205078,12.276923179626465,619190,8.738787651062012
2023-01-05,12.323076248168945,12.36153793334961,11.961538314819336,12.36153793334961,568750,8.799016952514648
2023-01-06,12.253846168518066,12.36153793334961,12.107691764831543,12.176922798156738,337740,8.667606353759766
2023-01-09,12.176922798156738,12.55384635925293,12.01538372039795,12.423075675964355,752960,8.84282112121582
2023-01-10,12.54615306854248,12.607691764831543,12.30769157409668,12.561537742614746,321620,8.941377639770508
2023-01-11,12.561537742614746,12.938461303710938,12.49230670928955,12.815383911132812,548340,9.122066497802734
2023-01-12,12.792306900024414,12.99230670928955,12.753846168518066,12.815383911132812,439920,9.122066497802734
2023-01-13,12.838460922241211,12.923075675964355,12.630768775939941,12.792306900024414,198510,9.105640411376953
2023-01-16,12.792306900024414,12.838460922241211,12.476922988891602,12.676922798156738,318890,9.023509979248047
2023-01-17,12.607691764831543,13.100000381469727,12.607691764831543,13.023076057434082,294840,9.269902229309082
2023-01-18,13.038460731506348,13.123076438903809,12.800000190734863,12.830768585205078,456560,9.133018493652344
2023-01-19,12.80769157409668,12.961538314819336,12.70769214630127,12.815383911132812,289510,9.122066497802734
2023-01-20,12.823076248168945,12.823076248168945,12.330768585205078,12.51538372039795,840320,8.908524513244629
2023-01-23,12.51538372039795,12.792306900024414,12.461538314819336,12.461538314819336,285090,8.870198249816895
2023-01-24,12.592307090759277,12.853845596313477,12.538460731506348,12.846153259277344,213850,9.143967628479004
2023-01-25,12.899999618530273,13.100000381469727,12.800000190734863,13.076923370361328,161720,9.308232307434082
2023-01-26,13.161538124084473,13.346153259277344,12.930768966674805,13.061537742614746,312780,9.297279357910156
2023-01-27,13.069230079650879,13.069230079650879,12.39230728149414,12.39230728149414,416000,8.820917129516602
2023-01-30,12.39230728149414,12.692307472229004,12.39230728149414,12.561537742614746,405600,8.941377639770508
2023-01-31,12.561537742614746,12.938461303710938,12.5,12.800000190734863,392470,9.111115455627441
2023-02-01,12.953845977783203,13.007692337036133,12.507692337036133,12.815383911132812,664430,9.122066497802734
2023-02-02,12.815383911132812,12.930768966674805,12.607691764831543,12.776923179626465,466440,9.09468936920166
2023-02-03,12.80769157409668,12.80769157409668,12.423075675964355,12.55384635925293,532220,8.935904502868652
2023-02-06,12.49230670928955,12.838460922241211,12.446152687072754,12.723075866699219,260130,9.056361198425293
2023-02-07,12.846153259277344,12.846153259277344,12.30769157409668,12.315383911132812,193050,8.76616382598877
2023-02-08,12.330768585205078,12.576923370361328,12.261537551879883,12.569230079650879,209950,8.946852684020996
2023-02-09,12.569230079650879,12.669230461120605,12.199999809265137,12.238460540771484,279890,8.711409568786621
2023-02-10,12.238460540771484,12.461538314819336,12.238460540771484,12.384614944458008,223730,8.815442085266113
2023-02-13,12.384614944458008,12.476922988891602,12.276923179626465,12.384614944458008,151190,8.815442085266113
2023-02-14,12.446152687072754,12.576923370361328,12.261537551879883,12.569230079650879,533260,8.946852684020996
2023-02-15,12.51538372039795,12.623076438903809,12.292306900024414,12.399999618530273,383110,8.826393127441406
2023-02-16,12.415384292602539,12.446152687072754,12.04615306854248,12.353845596313477,323960,8.793540000915527
2023-02-17,12.353845596313477,12.469229698181152,12.30769157409668,12.446152687072754,143650,8.859246253967285
2023-02-22,12.461538314819336,12.461538314819336,12.069230079650879,12.100000381469727,132990,8.61285400390625
2023-02-23,12.100000381469727,12.253846168518066,12.007692337036133,12.107691764831543,763750,8.618328094482422
2023-02-24,12.146153450012207,12.246152877807617,11.99230670928955,12.100000381469727,774540,8.61285400390625
2023-02-27,12.007692337036133,12.230769157409668,11.946152687072754,12.115384101867676,371930,8.62380313873291
2023-02-28,12.069230079650879,12.330768585205078,11.884614944458008,11.923075675964355,406380,8.486916542053223
2023-03-01,11.923075675964355,11.923075675964355,11.569230079650879,11.669230461120605,324870,8.30622673034668
2023-03-02,11.715383529663086,11.876922607421875,11.661538124084473,11.723075866699219,120120,8.344554901123047
2023-03-03,11.723075866699219,11.830768585205078,11.30769157409668,11.30769157409668,260520,8.048882484436035
2023-03-06,11.323076248168945,11.715383529663086,11.30769157409668,11.65384578704834,190840,8.295276641845703
2023-03-07,11.684615135192871,11.800000190734863,11.607691764831543,11.738460540771484,169130,8.355507850646973
2023-03-08,11.738460540771484,12.023076057434082,11.738460540771484,11.953845977783203,173030,8.508817672729492
2023-03-09,11.953845977783203,12.123076438903809,11.630768775939941,11.638461112976074,267150,8.28432559967041
2023-03-10,11.638461112976074,11.86153793334961,11.600000381469727,11.692307472229004,211510,8.322653770446777
2023-03-13,11.692307472229004,11.823076248168945,11.615384101867676,11.676922798156738,178880,8.311701774597168
2023-03-14,11.692307472229004,11.915384292602539,11.692307472229004,11.853845596313477,133770,8.437638282775879
2023-03-15,11.846153259277344,12.184615135192871,11.692307472229004,12.169230461120605,300950,8.662130355834961
2023-03-16,12.169230461120605,12.169230461120605,11.876922607421875,11.89230728149414,700700,8.465015411376953
2023-03-17,11.89230728149414,12.030769348144531,11.70769214630127,11.961538314819336,1665560,8.514294624328613
2023-03-20,11.876922607421875,11.938461303710938,11.738460540771484,11.746152877807617,148720,8.360980987548828
2023-03-21,11.776923179626465,11.876922607421875,11.530769348144531,11.669230461120605,224120,8.30622673034668
2023-03-22,11.615384101867676,11.769229888916016,11.5,11.615384101867676,172640,8.267899513244629
2023-03-23,11.853845596313477,11.99230670928955,11.523076057434082,11.899999618530273,452660,8.470491409301758
2023-03-24,11.884614944458008,11.938461303710938,11.65384578704834,11.823076248168945,338130,8.415736198425293
2023-03-27,11.923075675964355,12.384614944458008,11.899999618530273,12.36153793334961,361530,8.799016952514648
2023-03-28,12.292306900024414,12.80769157409668,12.292306900024414,12.507692337036133,469560,9.011151313781738
2023-03-29,12.638461112976074,12.65384578704834,12.323076248168945,12.561537742614746,282620,9.049943923950195
2023-03-30,12.684615135192871,12.984615325927734,12.669230461120605,12.907691955566406,248170,9.299331665039062
2023-03-31,12.915384292602539,13.253846168518066,12.89230728149414,13.169230461120605,405080,9.487756729125977
2023-04-03,13.007692337036133,13.276923179626465,12.923075675964355,13.269229888916016,230880,9.55980110168457
2023-04-04,13.269229888916016,13.792306900024414,13.269229888916016,13.684615135192871,864890,9.8590669631958
2023-04-05,13.669230461120605,13.738460540771484,13.476922988891602,13.476922988891602,357630,9.709431648254395
2023-04-06,13.461538314819336,13.823076248168945,13.461538314819336,13.730769157409668,218400,9.892315864562988
2023-04-10,13.70769214630127,13.899999618530273,13.646153450012207,13.646153450012207,184210,9.831355094909668
2023-04-11,13.769229888916016,14.146153450012207,13.769229888916016,14.05384635925293,237120,10.125077247619629
2023-04-12,13.984615325927734,14.830768585205078,13.984615325927734,14.746152877807617,346450,10.623847007751465
2023-04-13,14.746152877807617,14.89230728149414,14.484615325927734,14.70769214630127,284310,10.596139907836914
2023-04-14,14.530769348144531,15.384614944458008,14.330768585205078,14.976922988891602,717210,10.790106773376465
2023-04-17,15.107691764831543,15.107691764831543,14.715383529663086,14.923075675964355,191360,10.751311302185059
2023-04-18,14.815383911132812,15.107691764831543,14.746152877807617,15.023076057434082,170950,10.823357582092285
2023-04-19,14.961538314819336,15.923075675964355,14.930768966674805,15.423075675964355,703690,11.111536026000977
2023-04-20,15.51538372039795,15.569230079650879,15.315383911132812,15.538460731506348,473850,11.194665908813477
2023-04-24,15.630768775939941,15.646153450012207,15.39230728149414,15.600000381469727,168090,11.239001274108887
2023-04-25,15.592307090759277,15.592307090759277,15.323076248168945,15.376922607421875,148330,11.078285217285156
2023-04-26,15.269229888916016,15.569230079650879,15.15384578704834,15.430768966674805,306670,11.117077827453613
2023-04-27,15.39230728149414,15.615384101867676,15.36153793334961,15.561537742614746,170690,11.21129035949707
2023-04-28,15.561537742614746,15.561537742614746,15.15384578704834,15.538460731506348,570440,11.257588386535645
2023-05-02,15.369230270385742,15.569230079650879,15.176922798156738,15.269229888916016,375570,11.062528610229492
2023-05-03,15.269229888916016,16.153846740722656,15.246152877807617,15.638461112976074,657150,11.330037117004395
2023-05-04,15.65384578704834,15.907691955566406,15.638461112976074,15.80769157409668,282490,11.452643394470215
2023-05-05,15.638461112976074,15.784614562988281,14.961538314819336,15.15384578704834,969670,10.978933334350586
2023-05-08,15.269229888916016,15.276923179626465,14.769229888916016,14.923075675964355,613210,10.81174087524414
2023-05-09,15.023076057434082,15.253846168518066,14.969229698181152,15.253846168518066,233090,11.051387786865234
2023-05-10,15.284614562988281,15.384614944458008,15.107691764831543,15.384614944458008,253370,11.146125793457031
2023-05-11,15.384614944458008,15.407691955566406,15.215383529663086,15.338460922241211,784290,11.112689018249512
2023-05-12,15.384614944458008,15.384614944458008,15.069230079650879,15.069230079650879,337610,10.917630195617676
2023-05-15,15.130768775939941,15.269229888916016,15.076923370361328,15.184615135192871,310570,11.001229286193848
2023-05-16,15.176922798156738,15.469229698181152,14.784614562988281,14.784614562988281,416910,10.71142578125
2023-05-17,15.007692337036133,15.092307090759277,14.507692337036133,14.523076057434082,1155700,10.521944046020508
2023-05-18,14.54615306854248,14.646153450012207,14.423075675964355,14.538460731506348,301080,10.533090591430664
2023-05-19,14.576923370361328,14.769229888916016,14.461538314819336,14.65384578704834,308620,10.616684913635254
2023-05-22,14.676922798156738,14.838460922241211,14.238460540771484,14.238460540771484,543790,10.315738677978516
2023-05-23,14.276923179626465,14.446152687072754,13.99230670928955,13.99230670928955,494390,10.137401580810547
2023-05-24,14.100000381469727,14.238460540771484,13.800000190734863,13.800000190734863,1549470,9.998078346252441
2023-05-25,13.853845596313477,14.069230079650879,13.800000190734863,13.830768585205078,358540,10.020366668701172
2023-05-26,13.838460922241211,14.0,13.615384101867676,13.615384101867676,404690,9.864320755004883
2023-05-29,13.623076438903809,13.769229888916016,13.5,13.561537742614746,258050,9.825312614440918
2023-05-30,13.684615135192871,13.684615135192871,13.315383911132812,13.353845596313477,271570,9.674837112426758
2023-05-31,13.353845596313477,13.384614944458008,12.923075675964355,13.176922798156738,759720,9.546658515930176
2023-06-01,13.076923370361328,13.323076248168945,13.076923370361328,13.146153450012207,334880,9.52436637878418
2023-06-02,13.184615135192871,13.538460731506348,13.05384635925293,13.399999618530273,660790,9.708274841308594
2023-06-05,13.530769348144531,13.530769348144531,13.176922798156738,13.315383911132812,184990,9.64697265625
2023-06-06,13.461538314819336,13.684615135192871,13.253846168518066,13.55384635925293,314730,9.819737434387207
2023-06-07,13.607691764831543,13.723075866699219,13.469229698181152,13.646153450012207,215410,9.886615753173828
2023-06-09,13.692307472229004,14.346153259277344,13.669230461120605,14.238460540771484,569660,10.315738677978516
2023-06-12,14.384614944458008,15.384614944458008,14.169230461120605,14.969229698181152,1174420,10.845178604125977
2023-06-13,15.007692337036133,15.15384578704834,14.453845977783203,14.461538314819336,373620,10.477357864379883
2023-06-14,14.384614944458008,14.576923370361328,14.199999809265137,14.5,307580,10.50522518157959
2023-06-15,14.692307472229004,14.830768585205078,14.169230461120605,14.269229888916016,940810,10.338031768798828
2023-06-16,14.269229888916016,14.407691955566406,13.715383529663086,13.715383529663086,653510,9.936773300170898
2023-06-19,13.80769157409668,14.061537742614746,13.715383529663086,13.946152687072754,263250,10.103960990905762
2023-06-20,13.876922607421875,14.215383529663086,13.853845596313477,14.076923370361328,229190,10.198705673217773
2023-06-21,14.176922798156738,14.415384292602539,13.938461303710938,14.415384292602539,283400,10.443921089172363
2023-06-22,14.415384292602539,14.415384292602539,13.899999618530273,13.938461303710938,235950,10.098390579223633
2023-06-23,13.746152877807617,14.638461112976074,13.746152877807617,14.538460731506348,466050,10.533090591430664
2023-06-26,14.576923370361328,14.623076438903809,14.238460540771484,14.238460540771484,490620,10.4226713180542
2023-06-27,14.292306900024414,14.523076057434082,14.161538124084473,14.438461303710938,329160,10.569075584411621
2023-06-28,14.49230670928955,14.746152877807617,14.215383529663086,14.484615325927734,542880,10.602860450744629
2023-06-29,14.484615325927734,14.953845977783203,14.484615325927734,14.792306900024414,330200,10.828093528747559
2023-06-30,14.853845596313477,15.115384101867676,14.800000190734863,14.86153793334961,895700,10.87877082824707
2023-07-03,14.792306900024414,14.923075675964355,14.54615306854248,14.55384635925293,328510,10.65353775024414
2023-07-04,14.584614753723145,14.584614753723145,14.061537742614746,14.223075866699219,311610,10.41141128540039
2023-07-05,14.238460540771484,14.369230270385742,13.907691955566406,14.0,443040,10.248116493225098
2023-07-06,14.0,14.0,13.538460731506348,13.80769157409668,436540,10.10734748840332
2023-07-07,13.800000190734863,13.99230670928955,13.676922798156738,13.823076248168945,449150,10.118607521057129
2023-07-10,13.730769157409668,13.984615325927734,13.70769214630127,13.815383911132812,325260,10.11297607421875
2023-07-11,13.869230270385742,13.930768966674805,13.5,13.907691955566406,300300,10.180548667907715
2023-07-12,13.907691955566406,13.976922988891602,13.761537551879883,13.769229888916016,145210,10.079193115234375
2023-07-13,13.769229888916016,14.107691764831543,13.738460540771484,14.05384635925293,203060,10.287534713745117
2023-07-14,14.038460731506348,14.038460731506348,13.853845596313477,13.853845596313477,112840,10.141130447387695
2023-07-17,13.853845596313477,13.99230670928955,13.792306900024414,13.976922988891602,168610,10.231223106384277
2023-07-18,13.976922988891602,13.976922988891602,13.80769157409668,13.915384292602539,182650,10.186177253723145
2023-07-19,13.907691955566406,13.907691955566406,13.453845977783203,13.507692337036133,453570,9.887744903564453
2023-07-20,13.638461112976074,13.638461112976074,13.353845596313477,13.461538314819336,404690,9.853959083557129
2023-07-21,13.54615306854248,13.561537742614746,13.05384635925293,13.469229698181152,1018290,9.859590530395508
2023-07-24,13.55384635925293,14.023076057434082,13.399999618530273,14.0,551070,10.248116493225098
2023-07-25,14.038460731506348,14.161538124084473,13.953845977783203,14.084614753723145,365820,10.310054779052734
2023-07-26,14.076923370361328,14.561537742614746,14.0,14.5,483210,10.614121437072754
2023-07-27,14.5,14.5,14.100000381469727,14.123076438903809,365430,10.338210105895996
2023-07-28,14.115384101867676,14.399999618530273,14.115384101867676,14.15384578704834,406900,10.360734939575195
2023-07-31,14.330768585205078,14.399999618530273,14.115384101867676,14.184615135192871,359970,10.383256912231445
2023-08-01,14.261537551879883,14.415384292602539,14.038460731506348,14.223075866699219,387530,10.41141128540039
2023-08-02,14.215383529663086,14.600000381469727,14.215383529663086,14.54615306854248,603330,10.647907257080078
2023-08-03,14.54615306854248,14.661538124084473,14.36153793334961,14.538460731506348,639730,10.642277717590332
2023-08-04,14.530769348144531,14.99230670928955,14.476922988891602,14.584614753723145,477750,10.67605972290039
2023-08-07,14.70769214630127,14.761537551879883,14.330768585205078,14.36153793334961,343460,10.51276683807373
2023-08-08,14.369230270385742,14.576923370361328,14.246152877807617,14.576923370361328,256490,10.670430183410645
2023-08-09,14.576923370361328,15.184615135192871,14.476922988891602,14.961538314819336,831870,10.951972007751465
2023-08-10,14.961538314819336,15.384614944458008,14.853845596313477,15.169230461120605,664560,11.104004859924316
2023-08-11,15.300000190734863,15.423075675964355,15.04615306854248,15.246152877807617,323440,11.160311698913574
2023-08-14,15.384614944458008,15.453845977783203,15.20769214630127,15.30769157409668,320190,11.20535945892334
2023-08-15,15.246152877807617,15.384614944458008,14.969229698181152,15.199999809265137,432770,11.126529693603516
2023-08-16,15.20769214630127,15.51538372039795,15.030769348144531,15.30769157409668,579670,11.20535945892334
2023-08-17,15.284614562988281,15.54615306854248,15.15384578704834,15.269229888916016,729300,11.177203178405762
2023-08-18,15.184615135192871,15.276923179626465,14.823076248168945,14.823076248168945,419900,10.850618362426758
2023-08-21,14.89230728149414,15.261537551879883,14.676922798156738,15.01538372039795,527150,10.991388320922852
2023-08-22,15.199999809265137,15.30769157409668,15.084614753723145,15.30769157409668,432510,11.20535945892334
2023-08-23,15.323076248168945,15.346153259277344,15.023076057434082,15.169230461120605,252720,11.104004859924316
2023-08-24,15.253846168518066,15.338460922241211,14.638461112976074,14.638461112976074,654030,10.715476989746094
2023-08-25,14.699999809265137,15.076923370361328,14.676922798156738,14.823076248168945,455260,10.850618362426758
2023-08-28,14.899999618530273,14.976922988891602,14.792306900024414,14.846153259277344,117650,10.867509841918945
2023-08-29,14.99230670928955,15.161538124084473,14.746152877807617,14.923075675964355,241280,10.923815727233887
2023-08-30,14.976922988891602,16.184614181518555,14.976922988891602,15.276923179626465,1340040,11.182835578918457
2023-08-31,15.300000190734863,15.300000190734863,14.953845977783203,15.146153450012207,286910,11.087112426757812
2023-09-01,15.146153450012207,15.507692337036133,14.984615325927734,15.199999809265137,415480,11.126529693603516
2023-09-04,15.199999809265137,15.461538314819336,15.100000381469727,15.100000381469727,165360,11.053327560424805
2023-09-05,15.100000381469727,15.376922607421875,14.89230728149414,14.89230728149414,291460,10.901291847229004
2023-09-06,14.976922988891602,15.100000381469727,14.615384101867676,14.615384101867676,280280,10.69858455657959
2023-09-08,14.623076438903809,14.938461303710938,14.592307090759277,14.646153450012207,268970,10.72110652923584
2023-09-11,14.646153450012207,14.907691955566406,14.646153450012207,14.869230270385742,130000,10.88440227508545
2023-09-12,14.915384292602539,15.107691764831543,14.89230728149414,15.04615306854248,144300,11.013911247253418
2023-09-13,14.946152687072754,15.369230270385742,14.946152687072754,15.253846168518066,1236560,11.165945053100586
2023-09-14,15.330768585205078,15.576923370361328,15.330768585205078,15.384614944458008,479570,11.261666297912598
2023-09-15,15.399999618530273,16.23076820373535,15.261537551879883,15.384614944458008,8328190,11.261666297912598
2023-09-18,15.507692337036133,15.592307090759277,15.292306900024414,15.384614944458008,1524380,11.261666297912598
2023-09-19,15.384614944458008,15.615384101867676,15.215383529663086,15.384614944458008,937430,11.261666297912598
2023-09-20,15.461538314819336,15.638461112976074,15.315383911132812,15.315383911132812,1458210,11.210991859436035
2023-09-21,15.384614944458008,15.438461303710938,15.20769214630127,15.384614944458008,288470,11.261666297912598
2023-09-22,15.415384292602539,15.415384292602539,15.146153450012207,15.146153450012207,92040,11.087112426757812
2023-09-25,15.146153450012207,15.346153259277344,15.04615306854248,15.223075866699219,129480,11.143420219421387
2023-09-26,15.115384101867676,15.292306900024414,14.961538314819336,15.138461112976074,381420,11.18886947631836
2023-09-27,15.20769214630127,15.230769157409668,14.80769157409668,15.007692337036133,454220,11.092218399047852
2023-09-28,15.007692337036133,15.100000381469727,14.853845596313477,15.0,109590,11.08653450012207
2023-09-29,15.161538124084473,15.161538124084473,14.65384578704834,14.692307472229004,199810,10.85911750793457
2023-10-02,14.699999809265137,14.953845977783203,14.530769348144531,14.530769348144531,429650,10.739725112915039
2023-10-03,14.530769348144531,14.692307472229004,14.184615135192871,14.384614944458008,511940,10.63170337677002
2023-10-04,14.384614944458008,14.853845596313477,14.384614944458008,14.853845596313477,518310,10.97851276397705
2023-10-05,14.70769214630127,14.876922607421875,14.453845977783203,14.65384578704834,248170,10.83069133758545
2023-10-06,14.54615306854248,14.600000381469727,14.276923179626465,14.461538314819336,422890,10.688555717468262
2023-10-09,14.461538314819336,14.607691764831543,14.36153793334961,14.530769348144531,408850,10.739725112915039
2023-10-10,14.561537742614746,14.70769214630127,14.330768585205078,14.330768585205078,460460,10.591902732849121
2023-10-11,14.407691955566406,14.630768775939941,14.300000190734863,14.315383911132812,285480,10.58053207397461
2023-10-13,14.276923179626465,14.284614562988281,13.830768585205078,13.830768585205078,594620,10.222352027893066
2023-10-16,13.930768966674805,14.023076057434082,13.769229888916016,13.86153793334961,236470,10.245095252990723
2023-10-17,13.792306900024414,13.800000190734863,13.199999809265137,13.199999809265137,587730,9.75615119934082
2023-10-18,13.199999809265137,13.20769214630127,12.376922607421875,12.538460731506348,3650920,9.267205238342285
2023-10-19,12.54615306854248,12.80769157409668,12.438461303710938,12.584614753723145,464100,9.30131721496582
2023-10-20,12.507692337036133,12.507692337036133,11.823076248168945,12.30769157409668,1405300,9.096641540527344
2023-10-23,12.30769157409668,12.49230670928955,12.192307472229004,12.246152877807617,381680,9.051158905029297
2023-10-24,12.338460922241211,12.338460922241211,11.884614944458008,11.938461303710938,367120,8.82374382019043
2023-10-25,11.946152687072754,12.038460731506348,11.738460540771484,11.753846168518066,355810,8.687294006347656
2023-10-26,11.784614562988281,12.123076438903809,11.769229888916016,11.776923179626465,282750,8.704351425170898
2023-10-27,11.80769157409668,12.0,11.469229698181152,11.49230670928955,328640,8.493990898132324
2023-10-30,11.630768775939941,12.038460731506348,11.507692337036133,11.669230461120605,721890,8.624755859375
2023-10-31,11.776923179626465,11.915384292602539,11.538460731506348,11.846153259277344,427570,8.75551986694336
2023-11-01,11.961538314819336,12.769229888916016,11.884614944458008,12.676922798156738,791310,9.369542121887207
2023-11-03,12.853845596313477,13.130768775939941,12.846153259277344,12.946152687072754,379210,9.568531036376953
2023-11-06,12.930768966674805,13.15384578704834,12.853845596313477,13.076923370361328,200720,9.665183067321777
2023-11-07,13.084614753723145,13.284614562988281,13.05384635925293,13.084614753723145,267670,9.670867919921875
2023-11-08,13.084614753723145,13.215383529663086,12.738460540771484,13.069230079650879,441870,9.65949821472168
2023-11-09,13.069230079650879,13.530769348144531,13.04615306854248,13.423075675964355,294580,9.921025276184082
2023-11-10,13.430768966674805,13.615384101867676,13.276923179626465,13.415384292602539,319280,9.915340423583984
2023-11-13,13.530769348144531,13.530769348144531,12.723075866699219,12.723075866699219,441870,9.403653144836426
2023-11-14,12.876922607421875,13.169230461120605,12.769229888916016,13.076923370361328,352560,9.665183067321777
2023-11-16,13.246152877807617,13.36153793334961,13.030769348144531,13.030769348144531,256360,9.631072044372559
2023-11-17,13.023076057434082,13.115384101867676,12.876922607421875,12.915384292602539,275080,9.54578971862793
2023-11-20,12.923075675964355,13.023076057434082,12.699999809265137,12.823076248168945,598000,9.47756576538086
2023-11-21,12.869230270385742,13.15384578704834,12.738460540771484,13.076923370361328,598780,9.665183067321777
2023-11-22,13.076923370361328,13.453845977783203,11.961538314819336,12.315383911132812,3493490,9.102328300476074
2023-11-23,12.330768585205078,12.615384101867676,11.938461303710938,12.315383911132812,1537640,9.102328300476074
2023-11-24,12.315383911132812,12.346153259277344,11.838460922241211,11.930768966674805,657540,8.818058967590332
2023-11-27,11.930768966674805,12.123076438903809,11.846153259277344,12.030769348144531,626340,8.8919677734375
2023-11-28,12.061537742614746,12.284614562988281,11.961538314819336,12.007692337036133,519090,8.874913215637207
2023-11-29,12.115384101867676,12.138461112976074,11.723075866699219,11.723075866699219,602420,8.664552688598633
2023-11-30,11.769229888916016,12.0,11.592307090759277,11.953845977783203,1081340,8.835113525390625
2023-12-01,11.984615325927734,12.007692337036133,11.561537742614746,11.569230079650879,898690,8.550844192504883
2023-12-04,11.569230079650879,11.630768775939941,11.384614944458008,11.538460731506348,1485380,8.528101921081543
2023-12-05,11.55384635925293,11.669230461120605,11.461538314819336,11.615384101867676,1196000,8.584957122802734
2023-12-06,11.615384101867676,11.876922607421875,11.469229698181152,11.55384635925293,891410,8.539472579956055
2023-12-07,11.607691764831543,11.630768775939941,11.369230270385742,11.623076438903809,782080,8.590641021728516
2023-12-08,11.584614753723145,11.623076438903809,11.5,11.561537742614746,601770,8.545159339904785
2023-12-11,11.561537742614746,11.600000381469727,11.315383911132812,11.538460731506348,1309490,8.528101921081543
2023-12-12,11.538460731506348,11.615384101867676,11.476922988891602,11.538460731506348,545220,8.528101921081543
2023-12-13,11.54615306854248,12.0,11.51538372039795,12.0,1009710,8.86922836303711
2023-12-14,12.038460731506348,12.107691764831543,11.638461112976074,11.638461112976074,697580,8.602012634277344
2023-12-15,11.661538124084473,11.853845596313477,11.276923179626465,11.676922798156738,13980850,8.630437850952148
2023-12-18,11.769229888916016,11.915384292602539,11.669230461120605,11.86153793334961,1466010,8.766890525817871
2023-12-19,11.915384292602539,11.953845977783203,11.746152877807617,11.815383911132812,639210,8.73277759552002
2023-12-20,11.86153793334961,11.99230670928955,11.784614562988281,11.792306900024414,489190,8.715721130371094
2023-12-21,11.823076248168945,11.953845977783203,11.638461112976074,11.838460922241211,698230,8.749834060668945
2023-12-22,11.530769348144531,11.54615306854248,11.323076248168945,11.384614944458008,509340,8.756353378295898
2023-12-26,11.446152687072754,11.592307090759277,11.323076248168945,11.538460731506348,2095990,8.874682426452637
2023-12-27,11.569230079650879,11.600000381469727,11.476922988891602,11.600000381469727,1943240,8.922015190124512
2023-12-28,11.584614753723145,11.70769214630127,11.523076057434082,11.638461112976074,712010,8.951597213745117
2024-01-02,11.638461112976074,11.661538124084473,11.476922988891602,11.54615306854248,424970,8.880599021911621
2024-01-03,11.561537742614746,11.815383911132812,11.530769348144531,11.692307472229004,312650,8.993013381958008
2024-01-04,11.730769157409668,11.792306900024414,11.538460731506348,11.607691764831543,337350,8.927931785583496
2024-01-05,11.615384101867676,11.769229888916016,11.51538372039795,11.630768775939941,382850,8.945679664611816
2024-01-08,11.638461112976074,11.769229888916016,11.576923370361328,11.769229888916016,354900,9.052177429199219
2024-01-09,11.761537551879883,11.884614944458008,11.623076438903809,11.846153259277344,716950,9.111342430114746
2024-01-10,11.846153259277344,12.030769348144531,11.815383911132812,11.884614944458008,380380,9.140923500061035
2024-01-11,11.846153259277344,12.123076438903809,11.80769157409668,12.0,2021500,9.2296724319458
2024-01-12,12.0,12.123076438903809,11.723075866699219,11.723075866699219,888680,9.016678810119629
2024-01-15,11.723075866699219,12.05384635925293,11.638461112976074,11.830768585205078,320190,9.099509239196777
2024-01-16,11.80769157409668,11.80769157409668,11.507692337036133,11.538460731506348,1326390,8.874682426452637
2024-01-17,11.538460731506348,11.676922798156738,11.453845977783203,11.676922798156738,769730,8.98117733001709
2024-01-18,11.676922798156738,11.676922798156738,11.369230270385742,11.65384578704834,817180,8.963430404663086
2024-01-19,11.65384578704834,11.692307472229004,11.423075675964355,11.65384578704834,615550,8.963430404663086
2024-01-22,11.692307472229004,11.692307472229004,11.49230670928955,11.607691764831543,583180,8.927931785583496
2024-01-23,11.623076438903809,11.669230461120605,11.54615306854248,11.561537742614746,234390,8.892433166503906
2024-01-24,11.584614753723145,11.692307472229004,11.54615306854248,11.55384635925293,289640,8.886515617370605
2024-01-25,11.561537742614746,11.70769214630127,11.530769348144531,11.607691764831543,189800,8.927931785583496
2024-01-26,11.715383529663086,11.761537551879883,11.51538372039795,11.51538372039795,542750,8.85693359375
2024-01-29,11.51538372039795,11.584614753723145,11.423075675964355,11.55384635925293,596830,8.886515617370605
2024-01-30,11.561537742614746,11.592307090759277,11.353845596313477,11.576923370361328,655980,8.904266357421875
2024-01-31,11.646153450012207,11.70769214630127,11.51538372039795,11.538460731506348,486850,8.874682426452637
2024-02-01,11.692307472229004,11.699999809265137,11.538460731506348,11.669230461120605,317720,8.975264549255371
2024-02-02,11.669230461120605,11.746152877807617,11.523076057434082,11.600000381469727,369460,8.922015190124512
2024-02-05,11.615384101867676,11.669230461120605,11.51538372039795,11.646153450012207,379600,8.957511901855469
2024-02-06,11.65384578704834,11.823076248168945,11.646153450012207,11.684615135192871,251680,8.987096786499023
2024-02-07,11.684615135192871,11.899999618530273,11.607691764831543,11.607691764831543,259480,8.927931785583496
2024-02-08,11.55384635925293,11.65384578704834,11.446152687072754,11.530769348144531,311480,8.868766784667969
2024-02-09,11.530769348144531,11.638461112976074,11.523076057434082,11.538460731506348,294840,8.874682426452637
2024-02-14,11.538460731506348,11.592307090759277,11.446152687072754,11.569230079650879,436540,8.898348808288574
2024-02-15,11.569230079650879,11.676922798156738,11.523076057434082,11.523076057434082,266890,8.8628511428833
2024-02-16,11.538460731506348,11.607691764831543,11.538460731506348,11.607691764831543,194480,8.927931785583496
2024-02-19,11.669230461120605,11.792306900024414,11.607691764831543,11.65384578704834,272870,8.963430404663086
2024-02-20,11.65384578704834,11.89230728149414,11.638461112976074,11.89230728149414,265460,9.146842002868652
2024-02-21,11.89230728149414,11.907691955566406,11.576923370361328,11.592307090759277,248430,8.916099548339844
2024-02-22,11.592307090759277,11.70769214630127,11.51538372039795,11.576923370361328,372970,8.904266357421875
2024-02-23,11.669230461120605,11.669230461120605,11.538460731506348,11.638461112976074,297310,8.951597213745117
2024-02-26,11.576923370361328,11.692307472229004,11.538460731506348,11.54615306854248,401180,8.880599021911621
2024-02-27,11.692307472229004,11.692307472229004,11.523076057434082,11.584614753723145,326430,8.910181999206543
2024-02-28,11.592307090759277,11.684615135192871,11.538460731506348,11.592307090759277,343330,8.916099548339844
2024-02-29,11.576923370361328,11.761537551879883,11.55384635925293,11.55384635925293,366340,8.886515617370605
2024-03-01,11.646153450012207,11.792306900024414,11.623076438903809,11.65384578704834,462410,8.963430404663086
2024-03-04,11.676922798156738,11.715383529663086,11.384614944458008,11.476922988891602,520780,8.827352523803711
2024-03-05,11.476922988891602,11.592307090759277,11.407691955566406,11.5,331240,8.845101356506348
2024-03-06,11.5,11.569230079650879,11.438461303710938,11.438461303710938,143000,8.797768592834473
2024-03-07,11.469229698181152,11.469229698181152,11.146153450012207,11.461538314819336,490880,8.815519332885742
2024-03-08,11.484615325927734,11.638461112976074,11.315383911132812,11.592307090759277,398710,8.916099548339844
2024-03-11,11.54615306854248,11.584614753723145,11.384614944458008,11.438461303710938,242190,8.797768592834473
2024-03-12,11.438461303710938,11.576923370361328,11.315383911132812,11.346153259277344,238680,8.72677230834961
2024-03-13,11.384614944458008,11.415384292602539,11.076923370361328,11.076923370361328,541970,8.519697189331055
2024-03-14,11.084614753723145,11.084614753723145,10.676922798156738,10.692307472229004,484510,8.223873138427734
2024-03-15,10.761537551879883,10.776923179626465,10.215383529663086,10.215383529663086,3004820,7.857053279876709
2024-03-18,10.36153793334961,10.538460731506348,10.076923370361328,10.176922798156738,1360840,7.827471733093262
2024-03-19,10.215383529663086,10.338460922241211,10.138461112976074,10.261537551879883,443950,7.892551422119141
2024-03-20,10.30769157409668,10.384614944458008,10.138461112976074,10.369230270385742,806910,7.975380897521973
2024-03-21,10.369230270385742,10.730769157409668,10.369230270385742,10.646153450012207,854750,8.188375473022461
2024-03-22,10.65384578704834,10.907691955566406,10.51538372039795,10.907691955566406,616070,8.389533996582031
2024-03-25,10.869230270385742,11.107691764831543,10.800000190734863,11.038460731506348,840320,8.490113258361816
2024-03-26,11.107691764831543,11.223075866699219,10.946152687072754,11.176922798156738,1338220,8.596611022949219
2024-03-27,11.05384635925293,11.161538124084473,10.915384292602539,11.030769348144531,258050,8.587965965270996
2024-03-28,11.076923370361328,11.230769157409668,11.061537742614746,11.230769157409668,355290,8.743675231933594
2024-04-01,11.230769157409668,11.461538314819336,11.192307472229004,11.415384292602539,356980,8.887407302856445
2024-04-02,11.399999618530273,11.399999618530273,11.184615135192871,11.284614562988281,197470,8.785597801208496
2024-04-03,11.284614562988281,11.430768966674805,10.784614562988281,11.369230270385742,799240,8.851475715637207
2024-04-04,11.369230270385742,11.646153450012207,11.369230270385742,11.476922988891602,240890,8.935317993164062
2024-04-05,11.484615325927734,11.507692337036133,11.384614944458008,11.438461303710938,128050,8.905372619628906
2024-04-08,11.438461303710938,11.65384578704834,11.438461303710938,11.638461112976074,1073150,9.06108283996582
2024-04-09,11.623076438903809,11.792306900024414,11.576923370361328,11.699999809265137,225030,9.108993530273438
2024-04-10,11.730769157409668,11.730769157409668,11.51538372039795,11.615384101867676,697060,9.043116569519043
2024-04-11,11.661538124084473,11.830768585205078,11.569230079650879,11.661538124084473,258960,9.079048156738281
2024-04-12,11.669230461120605,11.699999809265137,11.430768966674805,11.430768966674805,198770,8.899385452270508
2024-04-15,11.446152687072754,11.569230079650879,11.292306900024414,11.569230079650879,300820,9.007181167602539
2024-04-16,11.569230079650879,11.569230079650879,11.315383911132812,11.315383911132812,331370,8.809552192687988
2024-04-17,11.407691955566406,11.600000381469727,11.300000190734863,11.430768966674805,597090,8.899385452270508
2024-04-18,11.438461303710938,11.692307472229004,11.438461303710938,11.623076438903809,295880,9.04910659790039
2024-04-19,11.623076438903809,11.830768585205078,11.607691764831543,11.699999809265137,481390,9.108993530273438
2024-04-22,11.746152877807617,11.753846168518066,11.54615306854248,11.592307090759277,191620,9.02514934539795
2024-04-23,11.592307090759277,11.600000381469727,11.423075675964355,11.484615325927734,167440,8.941305160522461
2024-04-24,11.592307090759277,11.592307090759277,11.423075675964355,11.453845977783203,200460,8.917349815368652
2024-04-25,11.453845977783203,11.561537742614746,11.315383911132812,11.415384292602539,183820,8.887407302856445
2024-04-26,11.423075675964355,11.49230670928955,11.30769157409668,11.30769157409668,143910,8.803564071655273
2024-04-29,11.384614944458008,11.484615325927734,11.315383911132812,11.323076248168945,252330,8.81554126739502
2024-04-30,11.449999809265137,11.619999885559082,11.25,11.4399995803833,1249100,9.05548095703125
2024-05-02,11.4399995803833,12.149999618530273,11.40999984741211,12.09000015258789,598200,9.569998741149902
2024-05-03,12.09000015258789,12.369999885559082,12.010000228881836,12.010000228881836,637300,9.506672859191895
2024-05-06,12.029999732971191,12.34000015258789,12.0,12.100000381469727,524000,9.57791519165039
2024-05-07,12.229999542236328,12.25,11.829999923706055,12.15999984741211,348800,9.625408172607422
2024-05-08,12.329999923706055,12.329999923706055,12.09000015258789,12.289999961853027,208500,9.728309631347656
2024-05-09,12.289999961853027,12.289999961853027,11.960000038146973,12.1899995803833,182100,9.649153709411621
2024-05-10,12.119999885559082,12.279999732971191,12.119999885559082,12.15999984741211,285100,9.625408172607422
2024-05-13,12.15999984741211,12.460000038146973,12.119999885559082,12.399999618530273,435900,9.81538200378418
2024-05-14,12.380000114440918,12.770000457763672,12.329999923706055,12.770000457763672,279800,10.108262062072754
2024-05-15,12.720000267028809,12.880000114440918,12.569999694824219,12.819999694824219,335800,10.147838592529297
2024-05-16,12.869999885559082,13.010000228881836,12.739999771118164,12.760000228881836,294100,10.10034465789795
2024-05-17,12.930000305175781,12.9399995803833,12.699999809265137,12.720000267028809,249400,10.068681716918945
2024-05-20,12.720000267028809,13.069999694824219,12.720000267028809,13.069999694824219,198100,10.345728874206543
2024-05-21,13.069999694824219,13.430000305175781,12.989999771118164,13.350000381469727,271300,10.567367553710938
2024-05-22,13.350000381469727,13.350000381469727,13.100000381469727,13.140000343322754,383900,10.401140213012695
2024-05-23,13.149999618530273,13.1899995803833,13.039999961853027,13.109999656677246,136200,10.377391815185547
2024-05-24,13.109999656677246,13.15999984741211,12.829999923706055,12.829999923706055,209600,10.155755043029785
2024-05-27,12.800000190734863,12.920000076293945,12.720000267028809,12.890000343322754,352200,10.203248977661133
2024-05-28,12.960000038146973,13.0,12.520000457763672,12.640000343322754,387900,10.005358695983887
2024-05-29,12.640000343322754,12.65999984741211,12.25,12.369999885559082,269100,9.791635513305664
2024-05-31,12.369999885559082,12.380000114440918,12.010000228881836,12.079999923706055,401200,9.562082290649414
2024-06-03,12.15999984741211,12.350000381469727,12.079999923706055,12.319999694824219,204000,9.752056121826172
2024-06-04,12.430000305175781,12.430000305175781,12.239999771118164,12.420000076293945,224800,9.83121395111084
2024-06-05,12.399999618530273,12.449999809265137,12.260000228881836,12.390000343322754,330300,9.807466506958008
2024-06-06,12.329999923706055,12.630000114440918,12.25,12.539999961853027,174200,9.926199913024902
2024-06-07,12.539999961853027,12.550000190734863,12.34000015258789,12.40999984741211,220500,9.823297500610352
2024-06-10,12.4399995803833,12.489999771118164,12.1899995803833,12.40999984741211,207000,9.823297500610352
2024-06-11,12.15999984741211,12.600000381469727,12.149999618530273,12.5,148500,9.894538879394531
2024-06-12,12.630000114440918,12.630000114440918,12.25,12.329999923706055,215400,9.75997257232666
2024-06-13,12.300000190734863,12.619999885559082,12.300000190734863,12.449999809265137,122900,9.854960441589355
2024-06-14,12.359999656677246,12.430000305175781,12.229999542236328,12.350000381469727,124400,9.775805473327637
2024-06-17,12.279999732971191,12.399999618530273,12.199999809265137,12.399999618530273,306200,9.81538200378418
2024-06-18,12.40999984741211,12.420000076293945,12.289999961853027,12.350000381469727,126200,9.775805473327637
2024-06-19,12.34000015258789,12.600000381469727,12.25,12.600000381469727,66300,9.973695755004883
2024-06-20,12.5600004196167,12.600000381469727,12.420000076293945,12.460000038146973,100500,9.862874984741211
2024-06-21,12.539999961853027,12.890000343322754,12.430000305175781,12.890000343322754,235700,10.203248977661133
2024-06-24,12.760000228881836,12.779999732971191,12.579999923706055,12.6899995803833,138500,10.163374900817871
2024-06-25,12.699999809265137,12.760000228881836,12.59000015258789,12.59000015258789,92800,10.083282470703125
2024-06-26,12.569999694824219,12.670000076293945,12.220000267028809,12.5600004196167,251600,10.059256553649902
2024-06-27,12.5600004196167,12.569999694824219,12.279999732971191,12.300000190734863,118100,9.851024627685547
2024-06-28,12.300000190734863,12.3100004196167,12.170000076293945,12.220000267028809,153000,9.786951065063477
2024-07-01,12.25,12.579999923706055,12.140000343322754,12.539999961853027,238700,10.043237686157227
2024-07-02,12.550000190734863,12.609999656677246,12.359999656677246,12.479999542236328,141900,9.995184898376465
2024-07-03,12.489999771118164,12.680000305175781,12.300000190734863,12.59000015258789,96200,10.083282470703125
2024-07-04,12.59000015258789,12.890000343322754,12.59000015258789,12.8100004196167,103800,10.259481430053711
2024-07-05,12.899999618530273,12.899999618530273,12.6899995803833,12.789999961853027,74900,10.243464469909668
2024-07-08,12.670000076293945,12.8100004196167,12.630000114440918,12.6899995803833,88700,10.163374900817871
2024-07-09,12.789999961853027,12.930000305175781,12.699999809265137,12.930000305175781,109500,10.355588912963867
2024-07-10,12.920000076293945,12.920000076293945,12.640000343322754,12.829999923706055,122100,10.275498390197754
2024-07-11,12.899999618530273,13.050000190734863,12.84000015258789,13.0,91600,10.411651611328125
2024-07-12,13.0,13.09000015258789,12.9399995803833,13.079999923706055,94600,10.475722312927246
2024-07-15,13.079999923706055,13.100000381469727,13.0,13.029999732971191,128000,10.435678482055664
2024-07-16,13.029999732971191,13.399999618530273,13.010000228881836,13.399999618530273,155500,10.732008934020996
2024-07-17,13.399999618530273,13.739999771118164,13.260000228881836,13.609999656677246,150500,10.900197982788086
2024-07-18,13.600000381469727,13.600000381469727,13.1899995803833,13.1899995803833,135300,10.563820838928223
2024-07-19,13.079999923706055,13.289999961853027,12.75,12.890000343322754,112800,10.323553085327148
2024-07-22,12.850000381469727,13.119999885559082,12.819999694824219,12.960000038146973,89500,10.37961483001709
2024-07-23,12.960000038146973,13.1899995803833,12.84000015258789,12.949999809265137,95700,10.371604919433594
2024-07-24,12.949999809265137,12.949999809265137,12.600000381469727,12.600000381469727,144700,10.091294288635254
2024-07-25,12.609999656677246,12.8100004196167,12.600000381469727,12.649999618530273,124300,10.13133716583252
2024-07-26,12.65999984741211,12.899999618530273,12.649999618530273,12.899999618530273,82500,10.331561088562012
2024-07-29,12.890000343322754,12.890000343322754,12.649999618530273,12.850000381469727,125800,10.291518211364746
2024-07-30,12.880000114440918,12.890000343322754,12.65999984741211,12.75,86200,10.211427688598633
2024-07-31,12.65999984741211,12.720000267028809,12.550000190734863,12.59000015258789,139400,10.083282470703125
2024-08-01,12.600000381469727,12.710000038146973,12.5600004196167,12.569999694824219,79000,10.067264556884766
2024-08-02,12.6899995803833,12.710000038146973,12.449999809265137,12.449999809265137,50100,9.971158981323242
2024-08-05,12.369999885559082,12.489999771118164,12.119999885559082,12.399999618530273,118600,9.931112289428711
2024-08-06,12.399999618530273,12.550000190734863,12.3100004196167,12.3100004196167,181100,9.85903263092041
2024-08-07,12.390000343322754,12.470000267028809,12.050000190734863,12.050000190734863,1032600,9.650797843933105
2024-08-08,12.229999542236328,12.550000190734863,12.199999809265137,12.489999771118164,177100,10.003192901611328
2024-08-09,12.420000076293945,12.539999961853027,12.319999694824219,12.420000076293945,115900,9.947131156921387
2024-08-12,12.569999694824219,12.710000038146973,12.5600004196167,12.699999809265137,136300,10.171382904052734
2024-08-13,12.699999809265137,12.899999618530273,12.699999809265137,12.739999771118164,123300,10.203417778015137
2024-08-14,12.960000038146973,13.819999694824219,12.960000038146973,13.789999961853027,476800,11.044361114501953
2024-08-15,13.789999961853027,13.800000190734863,13.59000015258789,13.770000457763672,490900,11.028342247009277
2024-08-16,13.739999771118164,13.949999809265137,13.699999809265137,13.75,178000,11.012321472167969
2024-08-19,13.869999885559082,13.989999771118164,13.710000038146973,13.9399995803833,159500,11.164494514465332
2024-08-20,13.9399995803833,14.0600004196167,13.880000114440918,13.989999771118164,128900,11.204537391662598
2024-08-21,14.079999923706055,14.300000190734863,14.029999732971191,14.199999809265137,119200,11.372726440429688
2024-08-22,14.319999694824219,14.380000114440918,14.140000343322754,14.25,203800,11.41277027130127
2024-08-23,14.25,14.479999542236328,14.239999771118164,14.420000076293945,246900,11.54892349243164
2024-08-26,13.920000076293945,13.920000076293945,13.649999618530273,13.8100004196167,178600,11.454666137695312
2024-08-27,13.779999732971191,13.819999694824219,13.550000190734863,13.609999656677246,107800,11.288776397705078
2024-08-28,13.609999656677246,14.0,13.579999923706055,14.0,101200,11.612259864807129
2024-08-29,14.0,14.0,13.789999961853027,13.989999771118164,101400,11.603965759277344
2024-08-30,13.9399995803833,14.520000457763672,13.850000381469727,14.369999885559082,822900,11.919156074523926
2024-09-02,14.380000114440918,14.529999732971191,14.220000267028809,14.489999771118164,155400,12.01869010925293
2024-09-03,14.489999771118164,14.770000457763672,14.479999542236328,14.579999923706055,202400,12.093338012695312
2024-09-04,14.579999923706055,14.869999885559082,14.5,14.869999885559082,711600,12.333881378173828
2024-09-05,14.859999656677246,14.880000114440918,14.5600004196167,14.880000114440918,668400,12.342172622680664
2024-09-06,14.880000114440918,14.979999542236328,14.770000457763672,14.8100004196167,110400,12.284111022949219
2024-09-09,14.819999694824219,14.949999809265137,14.770000457763672,14.770000457763672,108600,12.250934600830078
2024-09-10,14.850000381469727,14.899999618530273,14.65999984741211,14.880000114440918,111900,12.342172622680664
2024-09-11,14.880000114440918,14.920000076293945,14.680000305175781,14.680000305175781,148000,12.176284790039062
2024-09-12,14.770000457763672,14.770000457763672,14.460000038146973,14.460000038146973,99900,11.993805885314941
2024-09-13,14.460000038146973,14.819999694824219,14.460000038146973,14.819999694824219,104900,12.29240608215332
2024-09-16,14.819999694824219,14.859999656677246,14.670000076293945,14.779999732971191,59700,12.25922966003418
2024-09-17,14.789999961853027,14.819999694824219,14.569999694824219,14.760000228881836,80800,12.242639541625977
2024-09-18,14.819999694824219,14.819999694824219,14.630000114440918,14.630000114440918,85500,12.134812355041504
2024-09-19,14.699999809265137,14.739999771118164,14.399999618530273,14.399999618530273,70000,11.944038391113281
2024-09-20,14.390000343322754,14.529999732971191,13.949999809265137,13.949999809265137,449800,11.57078742980957
2024-09-23,14.0600004196167,14.40999984741211,14.0600004196167,14.289999961853027,296900,11.852800369262695
2024-09-24,14.3100004196167,14.3100004196167,14.0,14.140000343322754,263700,11.865557670593262
2024-09-25,14.289999961853027,14.289999961853027,14.020000457763672,14.149999618530273,157800,11.873948097229004
2024-09-26,13.859999656677246,14.390000343322754,13.859999656677246,14.319999694824219,173400,12.016603469848633
2024-09-27,14.3100004196167,14.319999694824219,14.029999732971191,14.199999809265137,172400,11.915904998779297
2024-09-30,14.199999809265137,14.579999923706055,14.130000114440918,14.579999923706055,352900,12.234781265258789
2024-10-01,14.5600004196167,14.729999542236328,14.460000038146973,14.489999771118164,299900,12.159259796142578
2024-10-02,14.699999809265137,14.760000228881836,14.470000267028809,14.489999771118164,1060500,12.159259796142578
2024-10-03,14.489999771118164,14.489999771118164,14.270000457763672,14.460000038146973,95600,12.13408374786377
2024-10-04,14.449999809265137,14.449999809265137,14.1899995803833,14.300000190734863,93400,11.999820709228516
2024-10-07,14.399999618530273,14.420000076293945,14.220000267028809,14.359999656677246,133600,12.050169944763184
2024-10-08,14.140000343322754,14.270000457763672,14.130000114440918,14.199999809265137,121600,11.915904998779297
2024-10-09,14.300000190734863,14.300000190734863,14.079999923706055,14.229999542236328,101800,11.941079139709473
2024-10-10,14.149999618530273,14.210000038146973,14.020000457763672,14.149999618530273,80100,11.873948097229004
2024-10-11,14.270000457763672,14.270000457763672,14.0600004196167,14.15999984741211,86300,11.882340431213379
2024-10-14,14.130000114440918,14.3100004196167,14.0600004196167,14.210000038146973,204900,11.924296379089355
2024-10-15,14.170000076293945,14.239999771118164,14.069999694824219,14.239999771118164,159700,11.949471473693848
2024-10-16,14.1899995803833,14.329999923706055,14.130000114440918,14.329999923706055,108300,12.024993896484375
2024-10-17,14.34000015258789,14.34000015258789,14.069999694824219,14.199999809265137,74400,11.915904998779297
2024-10-18,14.289999961853027,14.3100004196167,14.109999656677246,14.210000038146973,105000,11.924296379089355
2024-10-21,14.210000038146973,14.319999694824219,14.140000343322754,14.260000228881836,120800,11.966254234313965
2024-10-22,14.260000228881836,14.260000228881836,13.979999542236328,14.149999618530273,168200,11.873948097229004
2024-10-23,14.0600004196167,14.270000457763672,14.029999732971191,14.15999984741211,152400,11.882340431213379
2024-10-24,14.020000457763672,14.390000343322754,14.020000457763672,14.390000343322754,129700,12.07534408569336
2024-10-25,14.380000114440918,14.579999923706055,14.229999542236328,14.399999618530273,212600,12.083735466003418
2024-10-28,14.489999771118164,14.579999923706055,14.420000076293945,14.579999923706055,110900,12.234781265258789
2024-10-29,14.600000381469727,14.829999923706055,14.539999961853027,14.720000267028809,116300,12.352263450622559
2024-10-30,14.720000267028809,14.850000381469727,14.550000190734863,14.600000381469727,90500,12.251564979553223
2024-10-31,14.670000076293945,14.739999771118164,14.479999542236328,14.510000228881836,133700,12.176041603088379
2024-11-01,14.510000228881836,14.729999542236328,14.510000228881836,14.729999542236328,142100,12.360652923583984
2024-11-04,14.670000076293945,15.0600004196167,14.670000076293945,15.010000228881836,186300,12.59561538696289
2024-11-05,14.859999656677246,14.970000267028809,14.729999542236328,14.850000381469727,83200,12.461352348327637
2024-11-06,14.779999732971191,14.779999732971191,14.449999809265137,14.449999809265137,355100,12.125693321228027
2024-11-07,14.520000457763672,14.779999732971191,14.460000038146973,14.460000038146973,83300,12.13408374786377
2024-11-08,14.300000190734863,14.489999771118164,14.210000038146973,14.40999984741211,218100,12.09212589263916
2024-11-11,14.539999961853027,14.720000267028809,14.329999923706055,14.720000267028809,113400,12.352263450622559
2024-11-12,14.720000267028809,14.720000267028809,14.390000343322754,14.40999984741211,115900,12.09212589263916
2024-11-13,14.460000038146973,14.649999618530273,14.3100004196167,14.569999694824219,97000,12.226388931274414
2024-11-14,14.5,15.800000190734863,14.399999618530273,15.529999732971191,400600,13.031972885131836
2024-11-18,15.600000381469727,15.989999771118164,14.630000114440918,14.630000114440918,252600,12.276739120483398
2024-11-19,14.789999961853027,15.100000381469727,14.699999809265137,14.899999618530273,132500,12.503310203552246
2024-11-21,14.899999618530273,15.100000381469727,14.640000343322754,14.8100004196167,184900,12.427785873413086
2024-11-22,14.8100004196167,14.899999618530273,14.489999771118164,14.5600004196167,279900,12.217999458312988
2024-11-25,14.699999809265137,14.729999542236328,14.470000267028809,14.630000114440918,259500,12.276739120483398
2024-11-26,14.75,15.020000457763672,14.630000114440918,14.960000038146973,137800,12.553658485412598
2024-11-27,15.100000381469727,15.100000381469727,14.779999732971191,14.819999694824219,91200,12.436177253723145
2024-11-28,14.920000076293945,14.920000076293945,14.270000457763672,14.479999542236328,202000,12.150866508483887
2024-11-29,14.5,15.0,14.34000015258789,15.0,171400,12.587225914001465
2024-12-02,14.800000190734863,14.930000305175781,14.65999984741211,14.869999885559082,194600,12.47813606262207
2024-12-03,14.869999885559082,14.949999809265137,14.539999961853027,14.569999694824219,401300,12.226388931274414
2024-12-04,14.720000267028809,14.720000267028809,14.420000076293945,14.630000114440918,499400,12.276739120483398
2024-12-05,14.59000015258789,14.960000038146973,14.569999694824219,14.850000381469727,135200,12.461352348327637
2024-12-06,14.600000381469727,14.979999542236328,14.600000381469727,14.800000190734863,73200,12.419394493103027
2024-12-09,14.760000228881836,15.050000190734863,14.760000228881836,14.920000076293945,91100,12.520092010498047
2024-12-10,14.930000305175781,15.300000190734863,14.890000343322754,15.079999923706055,202000,12.654356956481934
2024-12-11,15.100000381469727,15.239999771118164,14.829999923706055,15.0600004196167,131100,12.6375732421875
2024-12-12,15.100000381469727,15.100000381469727,14.779999732971191,14.869999885559082,76500,12.47813606262207
2024-12-13,14.869999885559082,14.890000343322754,14.6899995803833,14.880000114440918,122000,12.486527442932129
2024-12-16,14.869999885559082,14.869999885559082,14.600000381469727,14.699999809265137,147300,12.335480690002441
2024-12-17,14.609999656677246,14.920000076293945,14.609999656677246,14.920000076293945,166600,12.520092010498047
2024-12-18,14.920000076293945,14.920000076293945,14.380000114440918,14.5,525000,12.16765022277832
2024-12-19,14.619999885559082,14.65999984741211,14.460000038146973,14.640000343322754,131500,12.28513240814209
2024-12-20,14.640000343322754,14.899999618530273,14.460000038146973,14.899999618530273,275100,12.503310203552246
2024-12-23,14.90999984741211,14.90999984741211,14.4399995803833,14.670000076293945,325900,12.310304641723633
2024-12-26,14.550000190734863,14.649999618530273,14.229999542236328,14.649999618530273,312200,12.459830284118652
2024-12-27,14.670000076293945,14.8100004196167,14.579999923706055,14.789999961853027,236200,12.578899383544922
2024-12-30,14.770000457763672,14.8100004196167,14.569999694824219,14.630000114440918,169700,12.442821502685547
2025-01-02,14.949999809265137,14.949999809265137,14.449999809265137,14.640000343322754,524200,12.451326370239258
2025-01-03,14.600000381469727,14.600000381469727,14.010000228881836,14.350000381469727,3750500,12.204679489135742
2025-01-06,14.350000381469727,14.529999732971191,14.239999771118164,14.420000076293945,242700,12.264215469360352
2025-01-07,14.489999771118164,14.699999809265137,14.470000267028809,14.609999656677246,95300,12.425810813903809
2025-01-08,14.75,14.75,14.260000228881836,14.399999618530273,221500,12.247206687927246
2025-01-09,14.399999618530273,14.489999771118164,14.100000381469727,14.399999618530273,154700,12.247206687927246
2025-01-10,14.399999618530273,14.399999618530273,14.050000190734863,14.199999809265137,616700,12.077102661132812
2025-01-13,14.199999809265137,14.380000114440918,14.119999885559082,14.229999542236328,105400,12.102620124816895
2025-01-14,14.199999809265137,14.350000381469727,14.180000305175781,14.300000190734863,214700,12.162156105041504
2025-01-15,14.289999961853027,14.470000267028809,14.289999961853027,14.430000305175781,133700,12.272720336914062
2025-01-16,14.420000076293945,14.470000267028809,14.25,14.300000190734863,283000,12.162156105041504
2025-01-17,14.300000190734863,14.600000381469727,14.199999809265137,14.4399995803833,127300,12.281225204467773
2025-01-20,14.300000190734863,14.65999984741211,14.25,14.5600004196167,90400,12.383284568786621
2025-01-21,14.399999618530273,14.65999984741211,14.140000343322754,14.609999656677246,183700,12.425810813903809
2025-01-22,14.609999656677246,14.65999984741211,14.5,14.5,85600,12.332254409790039
2025-01-23,14.399999618530273,14.6899995803833,14.399999618530273,14.579999923706055,82700,12.400294303894043
2025-01-24,14.649999618530273,14.649999618530273,14.449999809265137,14.609999656677246,90500,12.425810813903809
2025-01-27,14.619999885559082,15.069999694824219,14.569999694824219,15.069999694824219,108500,12.817039489746094
2025-01-28,15.069999694824219,15.239999771118164,14.930000305175781,15.09000015258789,84600,12.834051132202148
2025-01-29,15.09000015258789,15.239999771118164,14.779999732971191,14.779999732971191,96200,12.570393562316895
2025-01-30,14.949999809265137,15.210000038146973,14.880000114440918,15.140000343322754,132200,12.87657642364502
2025-01-31,15.140000343322754,15.359999656677246,15.050000190734863,15.050000190734863,175700,12.800029754638672
2025-02-03,15.220000267028809,15.449999809265137,14.960000038146973,15.449999809265137,125700,13.140229225158691
2025-02-04,15.449999809265137,15.449999809265137,15.149999618530273,15.149999618530273,86100,12.885079383850098
2025-02-05,15.1899995803833,15.34000015258789,15.100000381469727,15.260000228881836,107600,12.978635787963867
2025-02-06,15.25,15.25,14.930000305175781,15.100000381469727,55900,12.842556953430176
2025-02-07,15.199999809265137,15.300000190734863,15.0600004196167,15.119999885559082,142800,12.859564781188965
2025-02-10,15.050000190734863,15.25,14.970000267028809,15.09000015258789,75800,12.834051132202148
2025-02-11,15.100000381469727,15.329999923706055,15.050000190734863,15.279999732971191,92700,12.995643615722656
2025-02-12,15.289999961853027,15.289999961853027,15.010000228881836,15.039999961853027,49700,12.791525840759277
2025-02-13,15.170000076293945,15.170000076293945,14.989999771118164,15.09000015258789,43900,12.834051132202148
2025-02-14,15.119999885559082,15.569999694824219,15.119999885559082,15.359999656677246,79900,13.063685417175293
2025-02-17,15.4399995803833,15.819999694824219,15.4399995803833,15.819999694824219,149200,13.454916000366211
2025-02-18,15.789999961853027,15.789999961853027,15.539999961853027,15.649999618530273,92600,13.310330390930176
2025-02-19,15.649999618530273,15.649999618530273,15.489999771118164,15.600000381469727,66000,13.267806053161621
2025-02-20,15.510000228881836,15.699999809265137,15.420000076293945,15.470000267028809,95700,13.15723991394043
2025-02-21,15.479999542236328,15.680000305175781,15.430000305175781,15.680000305175781,179900,13.335844993591309
2025-02-24,15.699999809265137,15.720000267028809,15.270000457763672,15.270000457763672,105600,12.987140655517578
2025-02-25,15.300000190734863,15.739999771118164,15.300000190734863,15.609999656677246,86400,13.276309967041016
2025-02-26,15.609999656677246,15.739999771118164,15.600000381469727,15.680000305175781,65100,13.335844993591309
2025-02-27,15.710000038146973,15.800000190734863,15.4399995803833,15.600000381469727,179200,13.267806053161621
2025-02-28,15.430000305175781,15.600000381469727,15.34000015258789,15.4399995803833,45200,13.131725311279297
2025-03-05,15.4399995803833,15.619999885559082,15.109999656677246,15.470000267028809,114900,13.15723991394043
2025-03-06,15.449999809265137,15.640000343322754,15.210000038146973,15.510000228881836,77500,13.191259384155273
2025-03-07,15.4399995803833,15.699999809265137,15.289999961853027,15.5600004196167,194700,13.233785629272461
2025-03-10,15.680000305175781,15.680000305175781,15.050000190734863,15.239999771118164,166700,12.961624145507812
2025-03-11,15.109999656677246,15.359999656677246,15.109999656677246,15.3100004196167,117800,13.021162033081055
2025-03-12,15.319999694824219,15.449999809265137,15.229999542236328,15.229999542236328,91600,12.953120231628418
2025-03-13,15.279999732971191,15.3100004196167,14.920000076293945,15.199999809265137,601800,12.927603721618652
2025-03-14,15.199999809265137,15.399999618530273,14.800000190734863,14.819999694824219,338200,12.604414939880371
2025-03-17,14.920000076293945,15.1899995803833,14.819999694824219,15.1899995803833,212900,12.919100761413574
2025-03-18,15.239999771118164,15.619999885559082,15.079999923706055,15.569999694824219,153200,13.242290496826172
2025-03-19,15.569999694824219,15.850000381469727,15.430000305175781,15.670000076293945,391600,13.32734203338623
2025-03-20,15.670000076293945,15.850000381469727,15.369999885559082,15.449999809265137,138700,13.140229225158691
2025-03-21,15.5600004196167,15.5600004196167,14.640000343322754,15.279999732971191,1561900,12.995643615722656
2025-03-24,15.239999771118164,15.270000457763672,14.930000305175781,14.979999542236328,286300,12.740493774414062
2025-03-25,15.050000190734863,15.050000190734863,14.850000381469727,14.850000381469727,143800,12.629929542541504
2025-03-26,14.829999923706055,14.970000267028809,14.520000457763672,14.720000267028809,908700,12.68086051940918
2025-03-27,14.760000228881836,14.829999923706055,14.649999618530273,14.739999771118164,169100,12.698088645935059
2025-03-28,14.850000381469727,14.850000381469727,14.640000343322754,14.710000038146973,240300,12.672243118286133
2025-03-31,14.770000457763672,14.920000076293945,14.579999923706055,14.789999961853027,350100,12.741161346435547
2025-04-01,14.729999542236328,14.729999542236328,14.270000457763672,14.270000457763672,286400,12.293196678161621
2025-04-02,14.390000343322754,14.479999542236328,14.130000114440918,14.1899995803833,224300,12.224279403686523
2025-04-03,14.329999923706055,14.5,14.1899995803833,14.3100004196167,153100,12.327656745910645
2025-04-04,14.3100004196167,14.329999923706055,14.149999618530273,14.239999771118164,117500,12.267352104187012
2025-04-07,14.260000228881836,14.3100004196167,13.930000305175781,14.020000457763672,304200,12.077828407287598
2025-04-08,14.180000305175781,14.199999809265137,13.960000038146973,14.010000228881836,325000,12.069214820861816
2025-04-09,13.930000305175781,14.380000114440918,13.84000015258789,14.369999885559082,138200,12.379343032836914
2025-04-10,14.350000381469727,14.350000381469727,14.020000457763672,14.100000381469727,87700,12.146746635437012
2025-04-11,14.15999984741211,14.3100004196167,14.050000190734863,14.260000228881836,66500,12.284582138061523
2025-04-14,14.260000228881836,14.420000076293945,14.210000038146973,14.270000457763672,78500,12.293196678161621
2025-04-15,14.539999961853027,14.539999961853027,14.329999923706055,14.520000457763672,88300,12.508564949035645
2025-04-16,14.510000228881836,14.510000228881836,14.34000015258789,14.359999656677246,75300,12.370729446411133
2025-04-17,14.399999618530273,14.569999694824219,14.329999923706055,14.520000457763672,145400,12.508564949035645
2025-04-22,14.550000190734863,14.600000381469727,14.4399995803833,14.449999809265137,144300,12.448262214660645
2025-04-23,14.600000381469727,14.699999809265137,14.470000267028809,14.65999984741211,95400,12.629171371459961
2025-04-24,14.729999542236328,14.890000343322754,14.5,14.890000343322754,239600,12.827309608459473
2025-04-25,14.890000343322754,15.279999732971191,14.8100004196167,15.15999984741211,234200,13.059906005859375
2025-04-28,15.119999885559082,15.279999732971191,15.0,15.0,135300,12.92207145690918
2025-04-29,15.149999618530273,15.149999618530273,14.930000305175781,15.010000228881836,91600,12.930685997009277
2025-04-30,15.010000228881836,15.239999771118164,14.989999771118164,15.239999771118164,142300,13.128823280334473
2025-05-02,14.640000343322754,14.84000015258789,14.270000457763672,14.789999961853027,168400,13.3168363571167
2025-05-05,14.779999732971191,14.930000305175781,13.720000267028809,14.630000114440918,576300,13.172775268554688
2025-05-06,14.630000114440918,14.75,14.5600004196167,14.6899995803833,84200,13.22679615020752
2025-05-07,14.84000015258789,14.84000015258789,14.529999732971191,14.680000305175781,66800,13.217794418334961
2025-05-08,14.800000190734863,14.930000305175781,14.640000343322754,14.640000343322754,147800,13.181778907775879
2025-05-09,14.779999732971191,14.779999732971191,14.40999984741211,14.649999618530273,108500,13.190781593322754
2025-05-12,14.760000228881836,14.760000228881836,14.319999694824219,14.399999618530273,145500,12.965683937072754
2025-05-13,14.5600004196167,14.699999809265137,14.329999923706055,14.359999656677246,60100,12.929667472839355
2025-05-14,14.300000190734863,14.6899995803833,14.300000190734863,14.5,34200,13.0557222366333
2025-05-15,14.579999923706055,14.899999618530273,14.569999694824219,14.899999618530273,88800,13.415881156921387
2025-05-16,14.890000343322754,14.890000343322754,14.609999656677246,14.65999984741211,74700,13.199786186218262
2025-05-19,14.65999984741211,14.920000076293945,14.649999618530273,14.829999923706055,318900,13.352852821350098
2025-05-20,14.930000305175781,15.100000381469727,14.34000015258789,15.020000457763672,380300,13.523927688598633
2025-05-21,15.020000457763672,15.020000457763672,14.520000457763672,14.9399995803833,296200,13.45189380645752
2025-05-22,14.90999984741211,15.039999961853027,14.800000190734863,14.970000267028809,291200,13.478909492492676
2025-05-23,15.010000228881836,15.449999809265137,14.699999809265137,15.369999885559082,262100,13.839065551757812
2025-05-26,15.449999809265137,16.020000457763672,15.350000381469727,15.850000381469727,519100,14.271255493164062
2025-05-27,15.869999885559082,16.989999771118164,15.789999961853027,16.93000030517578,684400,15.243680000305176
2025-05-28,16.93000030517578,17.25,16.65999984741211,17.18000030517578,457800,15.468778610229492
2025-05-29,17.18000030517578,19.010000228881836,17.020000457763672,18.75,1120100,16.88239860534668
2025-05-30,18.690000534057617,18.950000762939453,17.329999923706055,17.329999923706055,1187600,15.603839874267578
2025-06-02,17.209999084472656,17.899999618530273,16.40999984741211,16.40999984741211,1450400,14.77547550201416
2025-06-03,16.40999984741211,16.68000030517578,16.149999618530273,16.549999237060547,328100,14.901530265808105
2025-06-04,16.639999389648438,16.780000686645508,15.729999542236328,15.949999809265137,789800,14.36129379272461
2025-06-05,16.0,16.0,15.109999656677246,15.210000038146973,471500,13.695001602172852
2025-06-06,15.260000228881836,15.369999885559082,14.979999542236328,15.270000457763672,539300,13.749027252197266
2025-06-09,15.25,15.300000190734863,14.829999923706055,15.300000190734863,389700,13.77603816986084
2025-06-10,15.600000381469727,15.600000381469727,15.0,15.149999618530273,782100,13.64097785949707
2025-06-11,15.329999923706055,15.329999923706055,14.989999771118164,14.989999771118164,218300,13.496915817260742
2025-06-12,15.15999984741211,15.15999984741211,14.859999656677246,15.15999984741211,348300,13.649982452392578
2025-06-13,15.289999961853027,15.3100004196167,14.920000076293945,15.270000457763672,181600,13.749027252197266
2025-06-16,15.270000457763672,15.489999771118164,15.010000228881836,15.069999694824219,224900,13.568946838378906
2025-06-17,15.170000076293945,15.180000305175781,15.0,15.140000343322754,111800,13.631976127624512
2025-06-18,15.170000076293945,15.239999771118164,15.039999961853027,15.180000305175781,128800,13.667991638183594
2025-06-20,15.100000381469727,15.670000076293945,15.020000457763672,15.670000076293945,729200,14.109185218811035
2025-06-23,15.670000076293945,15.680000305175781,15.329999923706055,15.550000190734863,123300,14.001138687133789
2025-06-24,15.479999542236328,15.479999542236328,15.079999923706055,15.15999984741211,121500,13.835589408874512
2025-06-25,15.270000457763672,15.270000457763672,14.699999809265137,14.699999809265137,170900,13.415777206420898
2025-06-26,14.84000015258789,15.079999923706055,14.699999809265137,15.079999923706055,71400,13.762580871582031
2025-06-27,15.149999618530273,15.220000267028809,14.899999618530273,15.220000267028809,58300,13.890349388122559
2025-06-30,15.239999771118164,15.470000267028809,15.039999961853027,15.279999732971191,204700,13.94510555267334
2025-07-01,15.4399995803833,15.630000114440918,15.380000114440918,15.630000114440918,390300,14.264530181884766
2025-07-02,15.640000343322754,15.729999542236328,15.390000343322754,15.489999771118164,439400,14.136760711669922
2025-07-03,15.609999656677246,15.760000228881836,15.4399995803833,15.4399995803833,225500,14.0911283493042
2025-07-04,15.4399995803833,15.789999961853027,15.199999809265137,15.390000343322754,282500,14.045496940612793
2025-07-07,15.399999618530273,15.75,15.34000015258789,15.5600004196167,243100,14.200645446777344
2025-07-08,15.65999984741211,15.65999984741211,15.210000038146973,15.4399995803833,134000,14.0911283493042
2025-07-09,15.449999809265137,15.449999809265137,15.170000076293945,15.170000076293945,141900,13.844717025756836
2025-07-10,15.25,15.399999618530273,15.050000190734863,15.399999618530273,75500,14.0546236038208
2025-07-11,15.470000267028809,15.539999961853027,15.220000267028809,15.5,114700,14.145886421203613
2025-07-14,15.539999961853027,15.539999961853027,15.069999694824219,15.119999885559082,84200,13.799084663391113
2025-07-15,15.380000114440918,15.380000114440918,15.109999656677246,15.109999656677246,337300,13.789957046508789
2025-07-16,15.279999732971191,15.279999732971191,14.890000343322754,14.890000343322754,52100,13.589178085327148
2025-07-17,15.039999961853027,15.039999961853027,14.819999694824219,14.819999694824219,73100,13.52529239654541
2025-07-18,14.970000267028809,15.029999732971191,14.569999694824219,14.9399995803833,202500,13.634808540344238
2025-07-21,14.930000305175781,15.130000114440918,14.8100004196167,15.0,140300,13.689569473266602
2025-07-22,15.09000015258789,15.09000015258789,14.760000228881836,14.770000457763672,62000,13.479660987854004
2025-07-23,14.710000038146973,15.029999732971191,14.710000038146973,14.979999542236328,67600,13.671313285827637
2025-07-24,14.949999809265137,14.970000267028809,14.84000015258789,14.949999809265137,27000,13.643936157226562
2025-07-25,15.100000381469727,15.100000381469727,14.949999809265137,14.960000038146973,44900,13.65306282043457
2025-07-28,14.949999809265137,15.039999961853027,14.8100004196167,14.84000015258789,132900,13.543547630310059
2025-07-29,14.989999771118164,15.039999961853027,14.850000381469727,15.020000457763672,34300,13.707820892333984
2025-07-30,14.800000190734863,15.09000015258789,14.800000190734863,14.899999618530273,66900,13.59830379486084
2025-07-31,14.899999618530273,14.899999618530273,14.710000038146973,14.720000267028809,152000,13.434029579162598
2025-08-01,14.899999618530273,14.930000305175781,14.710000038146973,14.710000038146973,78500,13.424903869628906
2025-08-04,14.739999771118164,14.8100004196167,14.380000114440918,14.40999984741211,235100,13.151111602783203
2025-08-05,14.600000381469727,14.600000381469727,14.140000343322754,14.239999771118164,233000,12.995963096618652
2025-08-06,14.3100004196167,14.550000190734863,14.140000343322754,14.550000190734863,152300,13.278881072998047
2025-08-07,14.550000190734863,14.90999984741211,14.489999771118164,14.6899995803833,167700,13.406649589538574
2025-08-08,14.819999694824219,14.869999885559082,14.640000343322754,14.84000015258789,80700,13.543547630310059
2025-08-11,14.65999984741211,14.949999809265137,14.649999618530273,14.859999656677246,78100,13.561799049377441
2025-08-12,14.920000076293945,15.25,14.920000076293945,14.970000267028809,216700,13.662189483642578
2025-08-13,15.0600004196167,15.0600004196167,14.770000457763672,14.989999771118164,112200,13.680441856384277
2025-08-14,14.890000343322754,15.039999961853027,14.760000228881836,14.8100004196167,108300,13.516166687011719
2025-08-15,15.020000457763672,15.020000457763672,14.40999984741211,14.75,83800,13.461408615112305
2025-08-18,14.760000228881836,15.0,14.65999984741211,14.979999542236328,112100,13.671313285827637
2025-08-19,14.979999542236328,14.979999542236328,14.609999656677246,14.760000228881836,56300,13.470534324645996
2025-08-20,14.609999656677246,15.0,14.609999656677246,14.859999656677246,120900,13.561799049377441
2025-08-21,14.930000305175781,14.9399995803833,14.520000457763672,14.609999656677246,50900,13.333640098571777
2025-08-22,14.529999732971191,14.979999542236328,14.529999732971191,14.9399995803833,78000,13.634808540344238
2025-08-25,14.930000305175781,15.0,14.789999961853027,14.989999771118164,86600,13.680441856384277
2025-08-26,15.0,15.0,14.859999656677246,14.899999618530273,42200,13.59830379486084
2025-08-27,14.8100004196167,15.0,14.8100004196167,14.890000343322754,62000,13.589178085327148
2025-08-28,14.880000114440918,15.079999923706055,14.880000114440918,15.0,106100,13.689569473266602
2025-08-29,15.130000114440918,15.140000343322754,14.90999984741211,14.9399995803833,107800,13.634808540344238
2025-09-01,14.979999542236328,15.079999923706055,14.760000228881836,14.869999885559082,63600,13.570926666259766
2025-09-02,15.020000457763672,15.020000457763672,14.579999923706055,14.720000267028809,123600,13.434029579162598
2025-09-03,14.960000038146973,14.960000038146973,14.630000114440918,14.789999961853027,222500,13.49791431427002
2025-09-04,14.9399995803833,15.180000305175781,14.8100004196167,15.180000305175781,83800,13.853843688964844
2025-09-05,15.199999809265137,15.600000381469727,14.949999809265137,15.449999809265137,159700,14.100255012512207
2025-09-08,15.460000038146973,15.460000038146973,15.210000038146973,15.220000267028809,127400,13.890349388122559
2025-09-09,15.199999809265137,15.300000190734863,15.069999694824219,15.15999984741211,92200,13.835589408874512
2025-09-10,15.050000190734863,15.359999656677246,15.050000190734863,15.270000457763672,101700,13.935980796813965
2025-09-11,15.279999732971191,15.3100004196167,14.949999809265137,14.979999542236328,377900,13.671313285827637
2025-09-12,15.029999732971191,15.029999732971191,14.829999923706055,14.90999984741211,109900,13.607431411743164
2025-09-15,15.069999694824219,15.069999694824219,14.789999961853027,14.880000114440918,174000,13.580052375793457
2025-09-16,14.8100004196167,14.960000038146973,14.760000228881836,14.930000305175781,128500,13.625682830810547
2025-09-17,15.050000190734863,15.050000190734863,14.850000381469727,15.020000457763672,158500,13.707820892333984
2025-09-18,15.0600004196167,15.170000076293945,14.979999542236328,15.109999656677246,877200,13.789957046508789
2025-09-19,15.109999656677246,15.15999984741211,14.699999809265137,14.699999809265137,1599100,13.415777206420898
2025-09-22,14.789999961853027,14.899999618530273,14.520000457763672,14.59000015258789,233500,13.315386772155762
2025-09-23,14.710000038146973,15.010000228881836,14.630000114440918,14.979999542236328,860600,13.671313285827637
2025-09-24,14.960000038146973,15.079999923706055,14.859999656677246,14.890000343322754,119100,13.589178085327148
2025-09-25,15.039999961853027,15.039999961853027,14.5,14.5,118700,13.23324966430664
2025-09-26,14.649999618530273,14.649999618530273,14.449999809265137,14.460000038146973,71700,13.196743965148926
2025-09-29,14.609999656677246,14.720000267028809,14.479999542236328,14.670000076293945,123100,13.388397216796875
2025-09-30,14.670000076293945,14.670000076293945,14.4399995803833,14.479999542236328,98900,13.408209800720215
2025-10-01,14.600000381469727,14.600000381469727,14.15999984741211,14.210000038146973,195600,13.158194541931152
2025-10-02,14.220000267028809,14.34000015258789,14.140000343322754,14.239999771118164,87700,13.18597412109375
2025-10-03,14.369999885559082,14.399999618530273,14.210000038146973,14.289999961853027,63900,13.23227310180664
2025-10-06,14.430000305175781,14.430000305175781,14.220000267028809,14.279999732971191,53300,13.223012924194336
2025-10-07,14.279999732971191,14.279999732971191,14.029999732971191,14.029999732971191,122800,12.991518020629883
2025-10-08,14.180000305175781,14.25,14.100000381469727,14.140000343322754,44400,13.093377113342285
2025-10-09,14.149999618530273,14.180000305175781,13.859999656677246,13.960000038146973,161300,12.9266996383667
2025-10-10,13.960000038146973,14.09000015258789,13.920000076293945,14.010000228881836,62900,12.972999572753906
2025-10-13,14.09000015258789,14.1899995803833,14.0,14.029999732971191,144600,12.991518020629883
2025-10-14,14.0,14.140000343322754,14.0,14.0,60900,12.963739395141602
2025-10-15,14.0600004196167,14.069999694824219,13.850000381469727,13.9399995803833,119400,12.908180236816406
2025-10-16,13.949999809265137,13.979999542236328,13.789999961853027,13.930000305175781,94900,12.898920059204102
2025-10-17,13.8100004196167,14.069999694824219,13.770000457763672,13.84000015258789,161900,12.815582275390625
2025-10-20,13.760000228881836,14.039999961853027,13.760000228881836,13.989999771118164,240200,12.954479217529297
2025-10-21,14.0,14.0,13.729999542236328,13.75,188800,12.732243537902832
2025-10-22,13.819999694824219,13.84000015258789,13.649999618530273,13.770000457763672,67800,12.750763893127441
2025-10-23,13.760000228881836,13.899999618530273,13.739999771118164,13.869999885559082,63600,12.843360900878906
2025-10-24,13.8100004196167,13.970000267028809,13.8100004196167,13.920000076293945,68100,12.88966178894043
2025-10-27,13.920000076293945,14.140000343322754,13.920000076293945,14.140000343322754,70900,13.093377113342285
2025-10-28,14.039999961853027,14.199999809265137,14.0,14.130000114440918,85200,13.084115982055664
2025-10-29,14.210000038146973,14.34000015258789,14.180000305175781,14.210000038146973,49400,13.158194541931152
2025-10-30,14.210000038146973,14.289999961853027,14.130000114440918,14.25,62700,13.195234298706055
2025-10-31,14.270000457763672,14.550000190734863,14.1899995803833,14.539999961853027,109000,13.463768005371094
2025-11-03,14.539999961853027,14.65999984741211,14.380000114440918,14.5,119400,13.426729202270508
2025-11-04,14.329999923706055,14.5,14.329999923706055,14.430000305175781,354600,13.361910820007324
2025-11-05,14.430000305175781,14.699999809265137,14.3100004196167,14.649999618530273,71200,13.565627098083496
2025-11-06,14.649999618530273,14.680000305175781,14.229999542236328,14.300000190734863,275700,13.241534233093262
2025-11-07,14.369999885559082,14.399999618530273,14.109999656677246,14.3100004196167,433200,13.25079345703125
2025-11-10,14.3100004196167,14.720000267028809,14.260000228881836,14.710000038146973,679800,13.621186256408691
2025-11-11,14.739999771118164,15.260000228881836,14.739999771118164,15.109999656677246,294300,13.991578102111816
2025-11-12,15.020000457763672,15.329999923706055,15.020000457763672,15.050000190734863,175600,13.936019897460938
2025-11-13,15.0,15.260000228881836,14.859999656677246,14.960000038146973,97100,13.852681159973145
2025-11-14,14.899999618530273,14.899999618530273,14.319999694824219,14.470000267028809,163400,13.398951530456543
2025-11-17,14.470000267028809,14.670000076293945,14.34000015258789,14.609999656677246,148900,13.52858829498291
2025-11-18,14.600000381469727,14.600000381469727,14.220000267028809,14.229999542236328,95000,13.176713943481445
2025-11-19,14.229999542236328,14.229999542236328,14.0,14.0600004196167,164700,13.019298553466797
2025-11-21,14.0600004196167,14.130000114440918,13.899999618530273,13.90999984741211,85000,12.880400657653809
2025-11-24,13.90999984741211,14.140000343322754,13.850000381469727,13.890000343322754,151400,12.8618803024292
2025-11-25,14.029999732971191,14.109999656677246,13.859999656677246,14.069999694824219,150500,13.028556823730469
2025-11-26,14.069999694824219,14.380000114440918,14.069999694824219,14.069999694824219,76200,13.028556823730469
2025-11-27,14.149999618530273,14.199999809265137,14.020000457763672,14.0600004196167,64800,13.019298553466797
2025-11-28,14.09000015258789,14.34000015258789,14.039999961853027,14.220000267028809,86800,13.167455673217773
2025-12-01,14.109999656677246,14.220000267028809,14.020000457763672,14.029999732971191,170900,12.991518020629883
2025-12-02,14.140000343322754,14.34000015258789,14.100000381469727,14.279999732971191,131300,13.223012924194336
2025-12-03,14.350000381469727,14.390000343322754,14.1899995803833,14.3100004196167,105800,13.25079345703125
2025-12-04,14.220000267028809,14.550000190734863,14.220000267028809,14.539999961853027,87400,13.463768005371094
2025-12-05,14.5600004196167,14.84000015258789,14.149999618530273,14.149999618530273,305800,13.102636337280273
2025-12-08,14.5,14.609999656677246,14.09000015258789,14.100000381469727,98700,13.056336402893066
2025-12-09,14.100000381469727,14.149999618530273,13.949999809265137,14.119999885559082,58100,13.07485580444336
2025-12-10,14.029999732971191,14.100000381469727,13.960000038146973,14.010000228881836,109600,12.972999572753906
2025-12-11,14.199999809265137,14.199999809265137,13.890000343322754,14.020000457763672,86600,12.982258796691895
2025-12-12,14.020000457763672,14.380000114440918,13.979999542236328,14.180000305175781,94900,13.130415916442871
2025-12-15,14.180000305175781,14.300000190734863,14.130000114440918,14.279999732971191,84300,13.223012924194336
2025-12-16,14.199999809265137,14.279999732971191,14.069999694824219,14.100000381469727,294300,13.056336402893066
2025-12-17,13.989999771118164,14.239999771118164,13.989999771118164,14.130000114440918,66000,13.084115982055664
2025-12-18,14.130000114440918,14.350000381469727,14.130000114440918,14.34000015258789,80300,13.278572082519531
2025-12-19,14.350000381469727,14.350000381469727,14.140000343322754,14.140000343322754,154400,13.093377113342285
2025-12-22,14.199999809265137,14.25,14.09000015258789,14.130000114440918,82700,13.084115982055664
2025-12-23,14.029999732971191,14.25,13.979999542236328,14.09000015258789,248500,13.183177947998047
2025-12-26,13.899999618530273,14.569999694824219,13.899999618530273,14.569999694824219,155100,13.865311622619629
2025-12-29,14.5600004196167,14.5600004196167,14.260000228881836,14.520000457763672,56400,13.817729949951172
2025-12-30,14.520000457763672,14.760000228881836,14.520000457763672,14.699999809265137,57900,13.989023208618164
2026-01-02,14.800000190734863,14.890000343322754,14.529999732971191,14.539999961853027,92800,13.836762428283691
2026-01-05,14.59000015258789,14.65999984741211,14.420000076293945,14.619999885559082,100000,13.912893295288086
2026-01-06,14.619999885559082,14.640000343322754,14.399999618530273,14.399999618530273,83900,13.703534126281738
2026-01-07,14.539999961853027,14.539999961853027,14.260000228881836,14.300000190734863,56400,13.608370780944824
2026-01-08,14.430000305175781,14.430000305175781,14.109999656677246,14.109999656677246,98900,13.427558898925781
2026-01-09,14.34000015258789,14.34000015258789,14.140000343322754,14.220000267028809,47900,13.532238960266113
2026-01-12,14.300000190734863,14.34000015258789,14.15999984741211,14.220000267028809,80700,13.532238960266113
2026-01-13,14.220000267028809,14.229999542236328,14.039999961853027,14.130000114440918,92600,13.446592330932617
2026-01-14,14.149999618530273,14.1899995803833,14.079999923706055,14.100000381469727,50000,13.418044090270996
2026-01-15,14.239999771118164,14.359999656677246,14.15999984741211,14.210000038146973,73200,13.522724151611328
2026-01-16,14.25,14.289999961853027,14.149999618530273,14.289999961853027,78700,13.598854064941406
2026-01-19,14.289999961853027,14.399999618530273,14.199999809265137,14.220000267028809,57900,13.532238960266113
2026-01-20,14.149999618530273,14.369999885559082,14.119999885559082,14.369999885559082,96000,13.6749849319458
2026-01-21,14.199999809265137,14.579999923706055,14.199999809265137,14.569999694824219,111400,13.865311622619629
2026-01-22,14.489999771118164,15.0,14.489999771118164,15.0,161500,14.274514198303223
2026-01-23,15.0,15.300000190734863,14.880000114440918,15.300000190734863,129400,14.560004234313965
2026-01-26,15.289999961853027,15.289999961853027,14.920000076293945,15.069999694824219,82800,14.3411283493042
2026-01-27,15.069999694824219,15.430000305175781,15.069999694824219,15.350000381469727,143800,14.607585906982422
2026-01-28,15.350000381469727,15.600000381469727,15.109999656677246,15.319999694824219,167100,14.5790376663208
2026-01-29,15.329999923706055,15.430000305175781,14.960000038146973,15.050000190734863,112900,14.322096824645996
2026-01-30,15.100000381469727,15.130000114440918,14.920000076293945,15.09000015258789,90700,14.360162734985352
2026-02-02,15.0,15.350000381469727,14.970000267028809,15.300000190734863,359300,14.560004234313965
2026-02-03,15.300000190734863,15.420000076293945,15.260000228881836,15.289999961853027,184700,14.550488471984863
2026-02-04,15.289999961853027,15.289999961853027,14.949999809265137,15.050000190734863,97700,14.322096824645996
2026-02-05,15.1899995803833,15.3100004196167,15.09000015258789,15.279999732971191,94300,14.540971755981445
2026-02-06,15.180000305175781,15.489999771118164,14.880000114440918,14.899999618530273,142700,14.179350852966309
2026-02-09,14.899999618530273,15.09000015258789,14.760000228881836,15.029999732971191,101700,14.30306339263916
2026-02-10,15.050000190734863,15.130000114440918,14.819999694824219,14.960000038146973,191700,14.236449241638184
2026-02-11,15.149999618530273,15.5,15.050000190734863,15.5,130200,14.75033187866211
2026-02-12,15.550000190734863,15.550000190734863,15.279999732971191,15.390000343322754,297900,14.645651817321777
2026-02-13,15.390000343322754,15.390000343322754,15.0,15.25,108200,14.512423515319824
2026-02-18,15.25,15.289999961853027,15.09000015258789,15.270000457763672,60100,14.53145694732666
2026-02-19,15.270000457763672,15.350000381469727,15.100000381469727,15.350000381469727,67300,14.607585906982422
2026-02-20,15.199999809265137,15.619999885559082,15.199999809265137,15.600000381469727,80800,14.845495223999023
2026-02-23,15.640000343322754,15.640000343322754,15.449999809265137,15.609999656677246,167000,14.855010986328125
2026-02-24,15.520000457763672,15.960000038146973,15.520000457763672,15.75,92400,14.988240242004395
2026-02-25,15.760000228881836,16.040000915527344,15.760000228881836,15.949999809265137,61400,15.178565979003906
2026-02-26,15.989999771118164,16.059999465942383,15.760000228881836,16.059999465942383,45500,15.283246040344238
2026-02-27,16.059999465942383,16.059999465942383,15.609999656677246,15.609999656677246,92600,14.855010986328125
2026-03-02,15.609999656677246,15.619999885559082,15.229999542236328,15.449999809265137,96200,14.702750205993652
2026-03-03,15.390000343322754,15.390000343322754,14.859999656677246,15.119999885559082,94300,14.388710021972656
2026-03-04,15.170000076293945,15.359999656677246,15.140000343322754,15.300000190734863,42800,14.560004234313965
2026-03-05,15.220000267028809,15.3100004196167,14.989999771118164,14.989999771118164,59800,14.264998435974121
2026-03-06,14.989999771118164,15.1899995803833,14.869999885559082,15.109999656677246,49600,14.379194259643555
2026-03-09,15.109999656677246,15.300000190734863,15.010000228881836,15.260000228881836,49800,14.521939277648926
2026-03-10,15.3100004196167,15.65999984741211,15.300000190734863,15.5,49300,14.75033187866211
2026-03-11,15.5,15.760000228881836,15.399999618530273,15.640000343322754,54400,14.883561134338379
2026-03-12,15.329999923706055,15.5,15.270000457763672,15.390000343322754,64200,14.645651817321777
2026-03-13,15.25,15.640000343322754,15.25,15.5,92300,14.75033187866211
2026-03-16,15.510000228881836,15.760000228881836,15.510000228881836,15.640000343322754,54400,14.883561134338379
2026-03-17,15.529999732971191,15.75,15.529999732971191,15.619999885559082,43500,14.86452865600586
2026-03-18,15.630000114440918,15.829999923706055,15.600000381469727,15.600000381469727,112300,14.845495223999023
2026-03-19,15.649999618530273,15.850000381469727,15.380000114440918,15.850000381469727,189500,15.083404541015625
2026-03-20,15.859999656677246,16.40999984741211,15.569999694824219,15.989999771118164,793700,15.216631889343262
2026-03-23,16.1299991607666,16.68000030517578,16.100000381469727,16.469999313354492,261800,15.673417091369629
2026-03-24,16.3799991607666,16.59000015258789,16.229999542236328,16.31999969482422,229100,15.530672073364258
2026-03-25,16.31999969482422,16.6200008392334,16.290000915527344,16.600000381469727,371900,16.138286590576172
2026-03-26,16.469999313354492,16.600000381469727,16.350000381469727,16.600000381469727,166200,16.138286590576172
2026-03-27,16.600000381469727,16.920000076293945,16.549999237060547,16.6200008392334,66000,16.157732009887695
2026-03-30,16.6200008392334,16.899999618530273,16.31999969482422,16.420000076293945,126900,15.96329402923584
2026-03-31,16.510000228881836,16.889999389648438,16.43000030517578,16.75,193700,16.284116744995117
2026-04-01,16.899999618530273,16.899999618530273,16.670000076293945,16.81999969482422,47300,16.352169036865234
2026-04-02,16.8799991607666,17.100000381469727,16.610000610351562,17.100000381469727,66100,16.62438201904297
2026-04-06,17.100000381469727,17.25,17.010000228881836,17.25,54200,16.77020835876465
2026-04-07,17.299999237060547,17.690000534057617,17.059999465942383,17.690000534057617,100900,17.19797134399414
2026-04-08,18.239999771118164,18.479999542236328,17.889999389648438,18.479999542236328,1117600,17.96599769592285
2026-04-09,18.5,19.81999969482422,18.399999618530273,19.579999923706055,237700,19.035402297973633
2026-04-10,19.700000762939453,19.780000686645508,19.43000030517578,19.6200008392334,879000,19.074291229248047
2026-04-13,19.6200008392334,19.690000534057617,19.299999237060547,19.670000076293945,147700,19.12289810180664
2026-04-14,19.65999984741211,19.959999084472656,19.579999923706055,19.65999984741211,140100,19.113176345825195
2026-04-15,19.610000610351562,19.610000610351562,19.079999923706055,19.200000762939453,114400,18.665971755981445
2026-04-16,19.1299991607666,19.3700008392334,18.459999084472656,18.479999542236328,176000,17.96599769592285
2026-04-17,18.510000228881836,18.920000076293945,18.3700008392334,18.559999465942383,186700,18.043771743774414
2026-04-20,18.559999465942383,18.579999923706055,18.209999084472656,18.559999465942383,93400,18.043771743774414
2026-04-22,18.649999618530273,18.649999618530273,17.920000076293945,17.920000076293945,122700,17.421573638916016
2026-04-23,17.90999984741211,18.110000610351562,17.530000686645508,17.610000610351562,115700,17.120195388793945
2026-04-24,17.579999923706055,17.59000015258789,16.950000762939453,17.100000381469727,106900,16.62438201904297
2026-04-27,17.110000610351562,17.200000762939453,16.6299991607666,16.6299991607666,121500,16.167451858520508
2026-04-28,16.639999389648438,16.739999771118164,16.450000762939453,16.649999618530273,105200,16.18689727783203
2026-04-29,16.5,16.559999465942383,16.25,16.530000686645508,90100,16.070234298706055
2026-04-30,16.56999969482422,16.889999389648438,16.440000534057617,16.809999465942383,94100,16.342445373535156
2026-05-04,16.649999618530273,16.739999771118164,16.31999969482422,16.510000228881836,122400,16.279691696166992
2026-05-05,16.450000762939453,16.829999923706055,16.31999969482422,16.549999237060547,124400,16.31913185119629
2026-05-06,16.549999237060547,16.959999084472656,16.489999771118164,16.959999084472656,142000,16.723411560058594
2026-05-07,16.959999084472656,17.040000915527344,16.600000381469727,16.6200008392334,141600,16.38815689086914
2026-05-08,16.639999389648438,17.25,16.639999389648438,16.790000915527344,196700,16.5557861328125
2026-05-11,16.809999465942383,16.920000076293945,16.420000076293945,16.559999465942383,133500,16.32899284362793
2026-05-12,16.68000030517578,17.1200008392334,16.110000610351562,16.200000762939453,58700,15.974016189575195
2026-05-13,16.1200008392334,16.190000534057617,15.65999984741211,15.670000076293945,81600,15.451408386230469
2026-05-14,15.6899995803833,16.0,15.6899995803833,15.949999809265137,54000,15.72750186920166
2026-05-15,15.899999618530273,16.75,15.760000228881836,16.469999313354492,127200,16.24024772644043
2026-05-18,16.469999313354492,16.469999313354492,16.059999465942383,16.239999771118164,98000,16.013456344604492
2026-05-19,16.239999771118164,16.239999771118164,16.020000457763672,16.020000457763672,56400,15.796525955200195
2026-05-20,16.049999237060547,16.559999465942383,16.049999237060547,16.3700008392334,83000,16.141643524169922
2026-05-21,16.399999618530273,16.40999984741211,16.139999389648438,16.280000686645508,50100,16.052900314331055
2026-05-22,16.280000686645508,16.40999984741211,16.030000686645508,16.280000686645508,77300,16.052900314331055
2026-05-25,16.290000915527344,16.350000381469727,16.200000762939453,16.309999465942383,22200,16.08247947692871
2026-05-26,16.360000610351562,16.360000610351562,16.139999389648438,16.170000076293945,25000,15.944433212280273
2026-05-27,16.260000228881836,16.389999389648438,16.100000381469727,16.110000610351562,21800,15.885271072387695
2026-05-28,16.139999389648438,16.15999984741211,16.0,16.06999969482422,30800,15.84582805633545
2026-05-29,16.09000015258789,16.15999984741211,16.0,16.010000228881836,93400,15.786665916442871
2026-06-01,16.06999969482422,16.139999389648438,15.390000343322754,15.420000076293945,249200,15.204895973205566
2026-06-02,15.699999809265137,16.110000610351562,15.529999732971191,15.75,53700,15.530292510986328
2026-06-03,15.75,15.760000228881836,15.5,15.5,62400,15.283780097961426
2026-06-05,15.65999984741211,15.930000305175781,15.539999961853027,15.779999732971191,65000,15.559873580932617
2026-06-08,15.930000305175781,15.930000305175781,15.720000267028809,15.739999771118164,53900,15.520431518554688
2026-06-09,15.739999771118164,15.949999809265137,15.739999771118164,15.850000381469727,41500,15.628897666931152
2026-06-10,15.850000381469727,15.850000381469727,15.699999809265137,15.699999809265137,48500,15.480989456176758
2026-06-11,15.699999809265137,15.930000305175781,15.699999809265137,15.84000015258789,38500,15.619036674499512
2026-06-12,15.960000038146973,15.989999771118164,15.75,15.920000076293945,39700,15.697920799255371
2026-06-15,16.020000457763672,16.200000762939453,15.84000015258789,15.869999885559082,64000,15.648618698120117
2026-06-16,15.869999885559082,15.899999618530273,15.760000228881836,15.8100004196167,45900,15.589455604553223
2026-06-17,15.970000267028809,16.040000915527344,15.699999809265137,15.699999809265137,24100,15.480989456176758
2026-06-18,15.729999542236328,15.75,15.0,15.369999885559082,327800,15.155592918395996
2026-06-19,15.539999961853027,15.550000190734863,15.199999809265137,15.199999809265137,268000,14.987964630126953
2026-06-22,15.199999809265137,15.779999732971191,15.069999694824219,15.699999809265137,74200,15.480989456176758
2026-06-23,15.699999809265137,15.90999984741211,15.5600004196167,15.800000190734863,60100,15.579594612121582
2026-06-24,15.789999961853027,15.789999961853027,15.199999809265137,15.359999656677246,109200,15.359999656677246
2026-06-25,15.329999923706055,15.6899995803833,15.220000267028809,15.569999694824219,44600,15.569999694824219
2026-06-26,15.569999694824219,15.84000015258789,15.539999961853027,15.600000381469727,63800,15.600000381469727
2026-06-29,15.789999961853027,15.800000190734863,15.5600004196167,15.710000038146973,118500,15.710000038146973
2026-06-30,15.829999923706055,15.850000381469727,15.539999961853027,15.600000381469727,58800,15.600000381469727
