Date,Open,High,Low,Close,Volume,Adj_Close
2016-08-30,180.8000030517578,181.68699645996094,175.98199462890625,177.0500030517578,51645143,176.3038787841797
2016-08-31,175.25,176.35000610351562,171.5,174.0500030517578,49146782,173.3165283203125
2016-09-01,175.8000030517578,179.02999877929688,175.0500030517578,177.10000610351562,46219478,176.3537139892578
2016-09-02,177.89999389648438,183.1820068359375,175.5500030517578,181.75,60107344,180.9840545654297
2016-09-05,182.9499969482422,185.10000610351562,179.83999633789062,181.3000030517578,30479824,180.5359649658203
2016-09-06,182.6999969482422,184.8000030517578,182.3000030517578,183.25,35062336,182.4777374267578
2016-09-07,184.1999969482422,186.3000030517578,182.89999389648438,186.3000030517578,70481618,185.514892578125
2016-09-08,184.85000610351562,187.64999389648438,184.3000030517578,185.64999389648438,43788106,184.86761474609375
2016-09-09,184.9499969482422,187.25,183.0500030517578,184.85000610351562,40792629,184.07102966308594
2016-09-12,176.35000610351562,181.5500030517578,176.10000610351562,180.85000610351562,51380623,180.08786010742188
2016-09-13,182.39999389648438,184.0500030517578,176.6999969482422,177.0500030517578,55536223,176.3038787841797
2016-09-14,179.25,185.64999389648438,178.25,181.4499969482422,55448774,180.68533325195312
2016-09-15,181.25,183.6999969482422,179.5,183.0,40620696,182.22877502441406
2016-09-16,183.5,185.5,180.1999969482422,185.0,66511031,184.22035217285156
2016-09-19,188.5,196.55999755859375,187.75,196.5,66770847,195.671875
2016-09-20,195.0,200.0,193.8000030517578,197.0,54534873,196.16981506347656
2016-09-21,197.3000030517578,199.14999389648438,195.75,197.10000610351562,39981888,196.26937866210938
2016-09-22,202.3000030517578,210.63299560546875,200.76499938964844,207.89999389648438,77203372,207.02386474609375
2016-09-23,203.0,213.39999389648438,200.8000030517578,211.5,73709493,210.60867309570312
2016-09-26,208.5,211.33999633789062,206.69900512695312,209.75,47158030,208.86605834960938
2016-09-27,210.0,211.25,205.10000610351562,208.25,42488945,207.3723907470703
2016-09-28,207.8000030517578,210.75,207.8000030517578,209.35000610351562,36991603,208.4677734375
2016-09-29,215.0,218.25,213.7030029296875,215.85000610351562,64712673,214.94036865234375
2016-09-30,212.0,213.5500030517578,208.5500030517578,212.14999389648438,72907829,211.25596618652344
2016-10-03,212.14999389648438,216.3000030517578,210.89999389648438,214.9499969482422,43159028,214.04415893554688
2016-10-04,216.5,220.64999389648438,214.73199462890625,217.4499969482422,80237061,216.53363037109375
2016-10-05,215.8000030517578,215.9499969482422,213.0,214.9499969482422,47665445,214.04415893554688
2016-10-06,216.14999389648438,216.9499969482422,213.60000610351562,214.4499969482422,39029788,213.5462646484375
2016-10-07,217.25,225.4499969482422,216.3000030517578,223.60000610351562,68149609,222.65773010253906
2016-10-10,225.3000030517578,229.10000610351562,223.27099609375,228.0,48296510,227.03915405273438
2016-10-11,227.14999389648438,230.60000610351562,221.3000030517578,221.89999389648438,54737570,220.9648895263672
2016-10-12,222.75,236.41600036621094,218.5,236.1999969482422,126921993,235.20458984375
2016-10-13,231.5,240.57000732421875,228.25,230.85000610351562,119393106,229.8771514892578
2016-10-14,233.75,236.35000610351562,227.89500427246094,228.25,52835383,227.28811645507812
2016-10-17,228.60000610351562,234.08099365234375,228.25,229.89999389648438,40290101,228.93113708496094
2016-10-18,233.1999969482422,238.14999389648438,232.17799377441406,237.3000030517578,59563896,236.29998779296875
2016-10-19,236.6999969482422,241.3000030517578,236.5500030517578,238.8000030517578,52315326,237.7936553955078
2016-10-20,240.0,240.25,234.60000610351562,237.0500030517578,55165956,236.05101013183594
2016-10-21,236.75,239.60000610351562,236.10000610351562,237.5500030517578,41538158,236.5489501953125
2016-10-24,239.9499969482422,243.6999969482422,236.4980010986328,237.60000610351562,48070271,236.5987091064453
2016-10-25,242.35000610351562,251.39999389648438,241.7010040283203,246.14999389648438,70638425,245.11265563964844
2016-10-26,243.0,244.1719970703125,238.6699981689453,240.85000610351562,50982931,239.8350067138672
2016-10-27,237.89999389648438,243.39999389648438,235.5,243.39999389648438,46848375,242.374267578125
2016-10-28,243.75,245.14999389648438,241.39999389648438,244.5,50616153,243.46958923339844
2016-10-31,245.60000610351562,250.85000610351562,238.4739990234375,250.0,43471361,248.94644165039062
2016-11-01,252.10000610351562,255.0,244.5570068359375,246.4499969482422,44700169,245.41143798828125
2016-11-02,241.75,247.85000610351562,239.3520050048828,246.9499969482422,45797531,245.9093017578125
2016-11-03,245.0,245.3000030517578,239.36399841308594,241.60000610351562,46395732,240.5818634033203
2016-11-04,240.0,242.8249969482422,230.60000610351562,237.8000030517578,40533620,236.7978515625
2016-11-07,246.0,251.1999969482422,243.4499969482422,251.1999969482422,59786376,250.14138793945312
2016-11-08,247.6999969482422,254.14999389648438,245.89999389648438,252.9499969482422,49628576,251.88404846191406
2016-11-09,247.64999389648438,271.2760009765625,245.0,270.25,111815240,269.11102294921875
2016-11-10,279.29998779296875,290.0,255.5229949951172,285.0,134417392,283.7989501953125
2016-11-11,291.3999938964844,292.0,275.3999938964844,279.3500061035156,92008684,278.1727294921875
2016-11-14,283.75,289.9700012207031,281.3169860839844,282.79998779296875,58859901,281.6082458496094
2016-11-15,277.0,286.2699890136719,265.8500061035156,267.3999938964844,76078687,266.2731018066406
2016-11-16,268.54998779296875,273.80999755859375,264.20001220703125,266.29998779296875,54070453,265.17779541015625
2016-11-17,268.0,271.3500061035156,264.8500061035156,267.6499938964844,51682380,266.5220947265625
2016-11-18,264.0,264.1000061035156,258.45001220703125,261.8999938964844,52417949,260.7963562011719
2016-11-21,266.0,271.3529968261719,265.5,268.1499938964844,42649674,267.0199890136719
2016-11-22,280.20001220703125,283.4169921875,269.4389953613281,282.45001220703125,56656980,281.2597351074219
2016-11-23,288.0,289.29998779296875,274.57000732421875,286.04998779296875,78060036,284.8445129394531
2016-11-24,288.0,289.3999938964844,282.8999938964844,288.6000061035156,33763953,287.3838195800781
2016-11-25,290.0,290.5,282.79998779296875,283.29998779296875,29908870,282.1061096191406
2016-11-28,286.0,288.95001220703125,283.45001220703125,285.0,43049305,283.7989501953125
2016-11-29,281.79998779296875,283.80999755859375,277.5119934082031,281.3500061035156,38391992,280.1643371582031
2016-11-30,276.04998779296875,285.95001220703125,270.5,279.29998779296875,78423454,278.12298583984375
2016-12-01,286.5,289.45001220703125,272.07598876953125,283.54998779296875,62069651,282.3551025390625
2016-12-02,281.0,282.7799987792969,272.79998779296875,277.8999938964844,33551536,276.7288818359375
2016-12-05,278.75,290.8500061035156,275.29998779296875,290.25,58313219,289.0268249511719
2016-12-06,289.0,289.1390075683594,279.8290100097656,286.0,56551897,284.79473876953125
2016-12-07,294.0,297.45001220703125,289.47198486328125,296.75,63043110,295.4994201660156
2016-12-08,300.0,307.9590148925781,294.6390075683594,302.6499938964844,83977127,301.3745422363281
2016-12-09,303.54998779296875,307.0,298.0,300.0,48508958,298.73577880859375
2016-12-12,299.3500061035156,305.5,289.6300048828125,290.25,61328027,289.0268249511719
2016-12-13,289.6000061035156,292.8999938964844,282.54998779296875,284.3500061035156,48842899,283.1517028808594
2016-12-14,282.20001220703125,286.1700134277344,278.54998779296875,279.54998779296875,50041083,278.37188720703125
2016-12-15,277.5,277.75,262.70599365234375,272.04998779296875,80535142,270.903564453125
2016-12-16,272.04998779296875,273.0,268.0,268.3999938964844,80743082,267.2689208984375
2016-12-19,267.0,272.1499938964844,266.04998779296875,268.3999938964844,40478428,267.2689208984375
2016-12-20,268.70001220703125,272.6719970703125,260.5,272.6499938964844,45153614,271.50103759765625
2016-12-21,273.04998779296875,274.6579895019531,269.3500061035156,271.6499938964844,30957791,270.5051574707031
2016-12-22,269.8500061035156,273.9989929199219,266.5,272.0,29204685,270.8537292480469
2016-12-23,272.3999938964844,272.3999938964844,269.8500061035156,270.6499938964844,9256564,269.5094909667969
2016-12-28,270.3999938964844,279.79998779296875,270.0,276.8999938964844,29951002,275.73309326171875
2016-12-29,277.45001220703125,279.04998779296875,272.3800048828125,275.5,26446070,274.3389892578125
2016-12-30,274.6000061035156,279.1499938964844,273.5,277.3500061035156,18774321,276.1812438964844
2017-01-03,280.3500061035156,287.54998779296875,279.3999938964844,285.3999938964844,56999343,284.1972961425781
2017-01-04,286.70001220703125,287.8500061035156,275.5,282.8500061035156,34942934,281.6580505371094
2017-01-05,288.0,292.20001220703125,285.20001220703125,290.8500061035156,53283272,289.6242980957031
2017-01-06,289.70001220703125,294.6499938964844,286.5,288.45001220703125,40496442,287.234375
2017-01-09,290.6499938964844,298.79998779296875,288.29901123046875,298.70001220703125,51123143,297.4412536621094
2017-01-10,299.0,310.3710021972656,298.25,307.20001220703125,64523210,305.9054870605469
2017-01-11,307.5,312.95001220703125,306.25799560546875,310.0,48955770,308.6935729980469
2017-01-12,309.8500061035156,320.2900085449219,309.8500061035156,312.5,62228527,311.18304443359375
2017-01-13,313.0,318.5,309.3500061035156,316.70001220703125,50333503,315.3653869628906
2017-01-16,319.75,324.2049865722656,314.18499755859375,321.8999938964844,35540022,320.54345703125
2017-01-17,318.0,321.9779968261719,313.1000061035156,315.20001220703125,40385098,313.8717041015625
2017-01-18,314.0,317.79998779296875,309.70001220703125,317.79998779296875,50518343,316.460693359375
2017-01-19,317.79998779296875,322.6000061035156,314.322998046875,316.1000061035156,49293208,314.7679748535156
2017-01-20,313.6499938964844,318.6000061035156,311.6499938964844,318.3500061035156,39622753,317.0084533691406
2017-01-23,315.0,325.0039978027344,314.7380065917969,320.3999938964844,53561653,319.0497741699219
2017-01-24,325.0,332.25,324.50799560546875,326.8999938964844,72873036,325.52239990234375
2017-01-25,331.0,334.4649963378906,323.3999938964844,327.0,54695450,325.6219787597656
2017-01-26,330.25,331.0,319.3500061035156,320.45001220703125,44465565,319.0995788574219
2017-01-27,318.79998779296875,328.0,318.0,327.3500061035156,39754113,325.970458984375
2017-01-30,325.5,326.1499938964844,320.5,321.54998779296875,33727730,320.1949157714844
2017-01-31,321.45001220703125,329.3500061035156,321.45001220703125,326.45001220703125,55625282,325.07427978515625
2017-02-01,329.29998779296875,332.79998779296875,324.6000061035156,326.6499938964844,40717991,325.2734375
2017-02-02,321.0,332.79998779296875,321.0,325.0,54937036,323.63037109375
2017-02-03,315.25,318.0,308.75,309.5,53442594,308.1956481933594
2017-02-06,309.29998779296875,314.9729919433594,307.75,310.79998779296875,32779449,309.4902648925781
2017-02-07,308.95001220703125,318.6000061035156,308.6499938964844,317.8500061035156,48648774,316.5105895996094
2017-02-08,325.0,327.6499938964844,309.1499938964844,312.1000061035156,56644247,310.7846984863281
2017-02-09,314.0,317.093994140625,302.75,312.20001220703125,41707091,310.8843688964844
2017-02-10,320.0,323.5820007324219,314.79998779296875,320.75,67147364,319.3983154296875
2017-02-13,328.8500061035156,330.5,305.6910095214844,328.95001220703125,61438534,327.56378173828125
2017-02-14,328.04998779296875,330.0,323.75,326.3999938964844,54586513,325.0244445800781
2017-02-15,326.54998779296875,329.0,325.1499938964844,326.54998779296875,36379053,325.17388916015625
2017-02-16,325.8999938964844,327.25,321.6000061035156,324.5,37352103,323.1324768066406
2017-02-17,322.5,327.0,318.79998779296875,319.45001220703125,52571619,318.1037902832031
2017-02-20,322.70001220703125,327.79998779296875,319.239990234375,327.0,27541267,325.6219787597656
2017-02-21,328.5,330.25,324.8500061035156,328.1499938964844,36921379,326.7671203613281
2017-02-22,328.25,330.0,322.8999938964844,325.75,45738920,324.377197265625
2017-02-23,327.25,347.0,321.1000061035156,331.3500061035156,94751582,329.9536437988281
2017-02-24,331.0,336.1059875488281,315.29998779296875,327.5,81604659,326.1198425292969
2017-02-27,329.5,332.6000061035156,318.072998046875,325.70001220703125,41474923,324.3275146484375
2017-02-28,324.5,325.6000061035156,320.010986328125,322.04998779296875,45231077,320.6927490234375
2017-03-01,326.0,337.78399658203125,325.29998779296875,337.75,54207683,336.3266296386719
2017-03-02,340.0,343.3999938964844,333.8500061035156,335.8999938964844,38316336,334.4844970703125
2017-03-03,331.45001220703125,339.6780090332031,327.0,338.25,43244309,336.8244934082031
2017-03-06,334.0,335.70001220703125,325.3999938964844,326.5,38405440,325.12408447265625
2017-03-07,329.3999938964844,331.031005859375,318.1000061035156,320.0,45212658,318.6513977050781
2017-03-08,320.0,326.25,318.5,318.6499938964844,37625931,317.30712890625
2017-03-09,311.5,325.2760009765625,305.70001220703125,307.0,68152707,305.70623779296875
2017-03-10,308.25,317.25,307.6400146484375,310.54998779296875,52783748,309.2412414550781
2017-03-13,319.1499938964844,320.1820068359375,314.8689880371094,314.8999938964844,33948024,313.57293701171875
2017-03-14,314.8500061035156,317.6000061035156,309.8999938964844,316.04998779296875,45242971,314.71807861328125
2017-03-15,324.0,327.25,320.54998779296875,325.1000061035156,54943883,323.7299499511719
2017-03-16,340.0,343.54998779296875,335.781005859375,341.3999938964844,92161851,339.9613037109375
2017-03-17,337.6000061035156,345.25,323.43701171875,342.29998779296875,74062901,340.85748291015625
2017-03-20,339.8999938964844,345.0,336.1000061035156,344.70001220703125,30873070,343.24737548828125
2017-03-21,339.5,343.9989929199219,329.8550109863281,330.1000061035156,64226310,328.7088623046875
2017-03-22,324.8999938964844,333.29998779296875,321.1000061035156,329.54998779296875,53872296,328.1612243652344
2017-03-23,331.0,332.79998779296875,321.6499938964844,321.6499938964844,49095400,320.2944030761719
2017-03-24,322.3999938964844,324.8999938964844,318.79998779296875,319.75,33116008,318.4024658203125
2017-03-27,305.0,313.6000061035156,302.3500061035156,305.75,54013359,304.4615173339844
2017-03-28,310.75,312.70001220703125,305.79998779296875,311.6000061035156,36319329,310.2869873046875
2017-03-29,313.8500061035156,315.25,307.1499938964844,313.0,34654425,311.6809997558594
2017-03-30,312.5,319.1000061035156,310.8500061035156,317.5,36857951,316.16192626953125
2017-03-31,314.1499938964844,315.9729919433594,308.6000061035156,313.1499938964844,41691172,311.8303527832031
2017-04-03,313.6000061035156,318.54998779296875,310.70001220703125,313.6000061035156,46440724,312.2784423828125
2017-04-04,314.0,320.25,313.6499938964844,320.20001220703125,39219637,318.85064697265625
2017-04-05,323.3500061035156,328.2850036621094,321.20001220703125,321.95001220703125,35735730,320.59326171875
2017-04-06,320.54998779296875,325.1000061035156,317.54998779296875,319.3500061035156,35509573,318.00421142578125
2017-04-07,316.04998779296875,321.1000061035156,312.1000061035156,321.1000061035156,36561543,319.7467956542969
2017-04-10,322.0,325.3500061035156,317.9700012207031,318.6499938964844,23266670,317.30712890625
2017-04-11,317.5,325.1499938964844,316.3800048828125,320.3999938964844,34198640,319.0497741699219
2017-04-12,319.8500061035156,322.3999938964844,308.70001220703125,310.0,65277393,308.6935729980469
2017-04-13,306.8999938964844,319.468994140625,305.6390075683594,309.04998779296875,38689106,307.7476501464844
2017-04-18,305.0,307.9540100097656,291.45001220703125,291.79998779296875,78149163,290.5703125
2017-04-19,292.3500061035156,300.70001220703125,292.25,296.29998779296875,45961508,295.05126953125
2017-04-20,296.5,300.75,291.3500061035156,300.45001220703125,32071571,299.18389892578125
2017-04-21,305.8999938964844,309.6000061035156,296.5,298.6499938964844,53219330,297.3914489746094
2017-04-24,304.5,307.29998779296875,301.1000061035156,305.5,35981980,304.21258544921875
2017-04-25,305.0,313.3500061035156,303.5,312.20001220703125,42824665,310.8843688964844
2017-04-26,310.1499938964844,313.04998779296875,303.38800048828125,309.3999938964844,44276979,308.09613037109375
2017-04-27,306.6499938964844,306.70001220703125,296.3999938964844,299.6499938964844,48233420,298.3871765136719
2017-04-28,302.3999938964844,306.70001220703125,301.67498779296875,303.6499938964844,36093765,302.3703918457031
2017-05-02,305.5,307.1000061035156,295.7279968261719,297.8500061035156,54515242,296.5948181152344
2017-05-03,297.5,298.5159912109375,284.6499938964844,286.79998779296875,86775891,285.59136962890625
2017-05-04,280.6499938964844,289.04998779296875,275.54998779296875,277.20001220703125,73043546,276.03179931640625
2017-05-05,275.29998779296875,289.6499938964844,270.0,289.04998779296875,58600181,287.8318786621094
2017-05-08,289.6000061035156,289.8500061035156,281.0,284.45001220703125,45407064,283.25128173828125
2017-05-09,286.29998779296875,294.04998779296875,284.29998779296875,290.8999938964844,44422573,289.6741638183594
2017-05-10,290.75,293.3999938964844,288.20001220703125,288.6499938964844,47493009,287.4335632324219
2017-05-11,287.75,293.6000061035156,286.6499938964844,290.04998779296875,71010968,288.8626708984375
2017-05-12,291.0,292.3999938964844,284.0,285.0,42622508,283.8333740234375
2017-05-15,287.29998779296875,294.79998779296875,284.9590148925781,294.0,63578242,292.7964782714844
2017-05-16,293.25,297.54998779296875,290.6000061035156,296.6499938964844,51466377,295.4356994628906
2017-05-17,299.6000061035156,299.6000061035156,288.5,290.0,47721049,288.8128967285156
2017-05-18,288.1000061035156,291.45001220703125,282.5,291.0,58624524,289.808837890625
2017-05-19,293.95001220703125,296.70001220703125,292.0,295.1499938964844,55244512,293.9418640136719
2017-05-22,298.5,299.5,295.3500061035156,296.5,26710970,295.2862854003906
2017-05-23,295.25,297.1059875488281,291.95001220703125,291.95001220703125,36413021,290.7549133300781
2017-05-24,286.5,294.1000061035156,285.70001220703125,291.75,43474382,290.55572509765625
2017-05-25,294.20001220703125,294.8500061035156,289.1000061035156,291.3999938964844,28989345,290.2071838378906
2017-05-26,290.45001220703125,294.0,289.3500061035156,292.5,26784773,291.3026123046875
2017-05-30,290.8999938964844,296.79998779296875,290.302001953125,292.0,55333320,290.8047180175781
2017-05-31,289.20001220703125,289.20001220703125,284.9859924316406,285.1000061035156,72137180,283.9330139160156
2017-06-01,285.0,287.6499938964844,281.95001220703125,286.04998779296875,42149584,284.8790588378906
2017-06-02,287.6000061035156,289.0,282.70001220703125,286.75,47535350,285.576171875
2017-06-05,286.0,287.6000061035156,281.8500061035156,283.3999938964844,30859653,282.23992919921875
2017-06-06,281.5,283.64599609375,276.45001220703125,282.70001220703125,53437396,281.54278564453125
2017-06-07,281.75,288.29998779296875,279.8999938964844,283.0,47319062,281.84149169921875
2017-06-08,283.95001220703125,289.3500061035156,282.29998779296875,288.8999938964844,49472438,287.7174072265625
2017-06-09,292.0,295.5,289.9330139160156,295.0,37222380,293.7923583984375
2017-06-12,292.5,297.45001220703125,291.8500061035156,294.1499938964844,32535646,292.9459228515625
2017-06-13,294.20001220703125,296.45001220703125,291.3500061035156,294.29998779296875,57507869,293.0952453613281
2017-06-14,294.95001220703125,297.1499938964844,286.6499938964844,286.6499938964844,46563186,285.4765930175781
2017-06-15,285.8999938964844,285.8999938964844,278.45001220703125,283.04998779296875,50853103,281.891357421875
2017-06-16,283.5,287.3999938964844,279.5,279.75,64820678,278.6048889160156
2017-06-19,283.20001220703125,289.3999938964844,281.20001220703125,287.95001220703125,20721485,286.7713623046875
2017-06-20,287.70001220703125,289.8500061035156,276.6000061035156,276.6000061035156,6280427,275.46771240234375
2017-06-21,276.54998779296875,284.70001220703125,274.43499755859375,281.45001220703125,7919149,280.2979431152344
2017-06-22,280.1000061035156,282.54998779296875,275.79998779296875,281.8500061035156,9364557,280.6962585449219
2017-06-23,281.0,282.5369873046875,277.8500061035156,279.5,5265749,278.3558654785156
2017-06-26,280.04998779296875,283.70001220703125,276.6499938964844,277.41900634765625,23907058,276.28338623046875
2017-06-27,280.0,288.5,280.239990234375,286.718994140625,8176054,285.54534912109375
2017-06-28,287.75,288.3999938964844,282.8500061035156,284.04998779296875,9664451,282.8872375488281
2017-06-29,292.75,294.635986328125,284.6499938964844,290.3999938964844,14225238,289.2113037109375
2017-06-30,289.0,292.0799865722656,284.95001220703125,287.20001220703125,10542757,286.0244140625
2017-07-03,288.0,302.04998779296875,287.57000732421875,301.6000061035156,52293875,300.36541748046875
2017-07-04,297.6499938964844,304.79998779296875,296.0,303.6000061035156,34494209,302.35723876953125
2017-07-05,305.0,313.54998779296875,303.95001220703125,307.3999938964844,57249008,306.14166259765625
2017-07-06,307.8999938964844,309.04998779296875,299.0,299.6499938964844,42546649,298.42340087890625
2017-07-07,299.6000061035156,300.1499938964844,294.93701171875,297.25,25895712,296.0331726074219
2017-07-10,298.54998779296875,301.8240051269531,293.1000061035156,301.04998779296875,25909033,299.817626953125
2017-07-11,301.04998779296875,301.04998779296875,301.04998779296875,301.04998779296875,0,299.817626953125
2017-07-12,310.3500061035156,317.1000061035156,308.70001220703125,315.0,59301553,313.7105712890625
2017-07-13,314.8500061035156,319.6099853515625,313.3999938964844,314.54998779296875,45791181,313.26239013671875
2017-07-14,314.8500061035156,318.70001220703125,313.5,316.1000061035156,26300321,314.80615234375
2017-07-17,317.54998779296875,323.79998779296875,317.1929931640625,320.79998779296875,35704218,319.4868469238281
2017-07-18,319.6000061035156,321.75,316.1499938964844,321.25,33391387,319.9349060058594
2017-07-19,322.0,323.75,318.5,322.0,30288747,320.681884765625
2017-07-20,322.0,324.54998779296875,314.95001220703125,318.70001220703125,42709793,317.3953857421875
2017-07-21,318.70001220703125,320.8500061035156,312.8999938964844,313.54998779296875,34637045,312.2664489746094
2017-07-24,313.0,318.5,309.75,312.6499938964844,35276707,311.37017822265625
2017-07-25,316.29998779296875,332.2239990234375,313.0249938964844,330.6499938964844,69664128,329.2964782714844
2017-07-26,331.8999938964844,337.20001220703125,327.5,329.6499938964844,49017244,328.3006591796875
2017-07-27,327.8999938964844,334.75,322.79998779296875,330.70001220703125,49935494,329.3462829589844
2017-07-28,326.6000061035156,333.3999938964844,324.6189880371094,331.25,37618198,329.8940124511719
2017-07-31,335.0,340.0,332.29998779296875,334.1499938964844,47211874,332.7821350097656
2017-08-01,335.70001220703125,338.29998779296875,332.6000061035156,336.3999938964844,30599797,335.02294921875
2017-08-02,335.25,337.8999938964844,330.6000061035156,332.3999938964844,33453070,331.03936767578125
2017-08-03,330.3999938964844,336.0,327.8999938964844,335.1499938964844,37485248,333.7780456542969
2017-08-04,333.70001220703125,340.0,333.25,337.79998779296875,39624282,336.417236328125
2017-08-07,340.0,346.9429931640625,338.6499938964844,346.54998779296875,47477701,345.13134765625
2017-08-08,342.8999938964844,348.25,341.70001220703125,347.20001220703125,39854466,345.77874755859375
2017-08-09,345.0,348.04998779296875,338.75,339.79998779296875,47920878,338.4090270996094
2017-08-10,338.0,338.0,327.8500061035156,331.45001220703125,47340397,330.0932312011719
2017-08-11,323.3500061035156,334.760009765625,312.0,322.0,67888989,320.681884765625
2017-08-14,324.70001220703125,333.79998779296875,323.04998779296875,331.8999938964844,44449278,330.5413818359375
2017-08-15,333.45001220703125,334.1499938964844,329.5,331.25,29525697,329.8940124511719
2017-08-16,333.0,345.6000061035156,331.8999938964844,345.25,46535100,343.83673095703125
2017-08-17,345.0,348.8500061035156,343.5,345.0,44212790,343.5877380371094
2017-08-18,342.6499938964844,346.54998779296875,336.70001220703125,343.45001220703125,48949847,342.04412841796875
2017-08-21,345.6499938964844,347.79998779296875,341.29998779296875,341.29998779296875,30027969,339.9029235839844
2017-08-22,345.0,349.8999938964844,344.20001220703125,348.6000061035156,55356076,347.1730041503906
2017-08-23,347.1000061035156,354.0,346.54998779296875,353.1000061035156,50589043,351.65460205078125
2017-08-24,354.04998779296875,355.0350036621094,351.02801513671875,353.8999938964844,41576351,352.45135498046875
2017-08-25,353.8999938964844,357.0,352.79998779296875,352.79998779296875,32535692,351.3558654785156
2017-08-29,350.3500061035156,352.95001220703125,346.0,352.95001220703125,43388024,351.50518798828125
2017-08-30,357.0,358.1199951171875,351.9020080566406,356.70001220703125,49448683,355.23992919921875
2017-08-31,359.20001220703125,366.70001220703125,356.66400146484375,359.5,46539131,358.0284118652344
2017-09-01,363.1499938964844,368.2300109863281,360.25,367.0,36946738,365.4977111816406
2017-09-04,363.8500061035156,369.67999267578125,363.1000061035156,367.1000061035156,29677323,365.5972900390625
2017-09-05,368.3999938964844,369.6199951171875,361.04998779296875,363.0,35775489,361.51409912109375
2017-09-06,360.1000061035156,367.0249938964844,357.25,365.79998779296875,38273994,364.3026428222656
2017-09-07,362.25,368.5,360.04998779296875,368.5,31455103,367.026611328125
2017-09-08,364.0,368.25,361.0,363.04998779296875,52652524,361.5984802246094
2017-09-11,364.54998779296875,369.29998779296875,362.70001220703125,369.29998779296875,47531932,367.8234558105469
2017-09-12,370.0,377.0,368.8500061035156,372.5,68994584,371.01068115234375
2017-09-13,369.45001220703125,370.0,362.45001220703125,363.6000061035156,47195066,362.14630126953125
2017-09-14,359.8999938964844,360.5,350.6499938964844,351.6000061035156,63543349,350.19427490234375
2017-09-15,349.0,350.0,343.3500061035156,344.5,73562873,343.12261962890625
2017-09-18,347.6499938964844,348.8500061035156,342.04998779296875,346.6000061035156,34752833,345.2142333984375
2017-09-19,345.70001220703125,347.04998779296875,344.3500061035156,346.1000061035156,40238251,344.7161560058594
2017-09-20,346.6499938964844,349.0,340.9570007324219,348.75,26704746,347.35565185546875
2017-09-21,342.0,348.5,340.0,346.54998779296875,39255485,345.1643981933594
2017-09-22,342.5,347.1499938964844,340.04998779296875,347.1499938964844,35266710,345.7619934082031
2017-09-25,348.29998779296875,349.70001220703125,343.8500061035156,344.1000061035156,28533216,342.72418212890625
2017-09-26,345.04998779296875,349.05999755859375,340.79998779296875,341.8999938964844,27129583,340.5330505371094
2017-09-27,346.0,348.0,341.4630126953125,341.6000061035156,25568400,340.2342529296875
2017-09-28,339.54998779296875,341.1619873046875,327.0,338.8999938964844,39525377,337.5450134277344
2017-09-29,341.3999938964844,344.8599853515625,341.25,342.0,32091220,340.63262939453125
2017-10-02,344.5,350.80499267578125,343.75,350.79998779296875,45894895,349.39739990234375
2017-10-03,352.0,354.81298828125,350.5,353.6000061035156,33043749,352.1863098144531
2017-10-04,354.0,359.95001220703125,351.95001220703125,359.3999938964844,33904566,357.96307373046875
2017-10-05,360.0,370.29998779296875,355.30999755859375,370.29998779296875,41213705,368.81951904296875
2017-10-06,369.95001220703125,371.1000061035156,366.75,366.8999938964844,35301295,365.4330749511719
2017-10-09,365.1499938964844,367.8009948730469,361.9779968261719,362.1499938964844,22922145,360.7021179199219
2017-10-10,361.95001220703125,367.8009948730469,360.29998779296875,366.20001220703125,24790447,364.73583984375
2017-10-11,364.25,367.1499938964844,362.95001220703125,365.0,38683510,363.5406799316406
2017-10-12,365.0,368.5,364.5,367.95001220703125,20934104,366.4789123535156
2017-10-13,368.5,379.0,366.5,376.6000061035156,40897634,375.09429931640625
2017-10-16,381.0,386.70001220703125,381.0,382.3999938964844,52737767,380.8711853027344
2017-10-17,379.0,385.00201416015625,375.8500061035156,375.8500061035156,31146221,374.3473205566406
2017-10-18,376.0,384.5679931640625,373.70001220703125,374.6499938964844,27937656,373.1520690917969
2017-10-19,374.6000061035156,378.04998779296875,368.302001953125,377.6000061035156,32525104,376.09033203125
2017-10-20,382.0,385.45001220703125,371.11700439453125,378.20001220703125,35658314,376.6878967285156
2017-10-23,378.20001220703125,380.8999938964844,376.70098876953125,379.75,18270121,378.2317810058594
2017-10-24,381.20001220703125,388.25,378.1000061035156,385.20001220703125,47963886,383.659912109375
2017-10-25,380.6000061035156,384.1499938964844,374.1499938964844,376.29998779296875,54549031,374.79547119140625
2017-10-26,373.1000061035156,381.8999938964844,373.1000061035156,378.75,33983685,377.2356872558594
2017-10-27,370.29998779296875,372.75,366.3999938964844,367.20001220703125,37330656,365.7319030761719
2017-10-30,358.0,370.14801025390625,355.29998779296875,370.0,33792506,368.5206298828125
2017-10-31,365.1000061035156,369.94500732421875,359.95001220703125,363.0,28094742,361.5486755371094
2017-11-01,370.0,377.3500061035156,362.0459899902344,375.54998779296875,84906915,374.0484619140625
2017-11-02,373.45001220703125,382.95001220703125,361.75299072265625,381.04998779296875,36717744,379.5264587402344
2017-11-03,381.04998779296875,383.45001220703125,376.3999938964844,378.8500061035156,26267516,377.3353576660156
2017-11-06,379.29998779296875,382.8500061035156,375.3380126953125,375.95001220703125,25343669,374.4468688964844
2017-11-07,376.45001220703125,379.54998779296875,368.1000061035156,368.45001220703125,25961573,366.9768981933594
2017-11-08,367.5,371.70001220703125,366.29998779296875,371.20001220703125,23515911,369.7158203125
2017-11-09,369.6000061035156,370.13299560546875,358.20001220703125,363.0,37835685,361.5486755371094
2017-11-10,364.95001220703125,366.95001220703125,361.54998779296875,362.6000061035156,24194698,361.1502685546875
2017-11-13,366.5,367.29998779296875,358.0,363.95001220703125,23014041,362.494873046875
2017-11-14,363.45001220703125,364.04998779296875,352.3500061035156,354.75,32177382,353.3316345214844
2017-11-15,349.95001220703125,350.6499938964844,340.13800048828125,349.8999938964844,60122034,348.5010070800781
2017-11-16,350.79998779296875,356.1000061035156,347.1000061035156,353.29998779296875,37580461,351.8874206542969
2017-11-17,354.0,355.27398681640625,348.04998779296875,353.45001220703125,34366434,352.036865234375
2017-11-20,350.75,359.8999938964844,349.79998779296875,359.8500061035156,23721892,358.4112548828125
2017-11-21,359.95001220703125,364.95001220703125,356.8500061035156,362.1000061035156,29981744,360.65228271484375
2017-11-22,362.6499938964844,366.1000061035156,361.3999938964844,363.5,33539110,362.046630859375
2017-11-23,359.8999938964844,366.8999938964844,358.54998779296875,364.04998779296875,17312711,362.5944519042969
2017-11-24,364.54998779296875,365.79998779296875,361.3500061035156,362.3500061035156,21747346,360.9013366699219
2017-11-27,359.3500061035156,362.29998779296875,355.8999938964844,358.0,25104235,356.5686340332031
2017-11-28,350.95001220703125,353.04998779296875,346.8999938964844,352.0,61516609,350.5926818847656
2017-11-29,350.8500061035156,351.79998779296875,340.29998779296875,342.5,46352167,341.130615234375
2017-11-30,340.29998779296875,346.8500061035156,338.45001220703125,339.6000061035156,72932448,338.2422180175781
2017-12-01,339.6000061035156,343.20001220703125,334.8500061035156,338.75,42550754,337.3955993652344
2017-12-04,342.0,344.95001220703125,339.95001220703125,341.75,34471884,340.38360595703125
2017-12-05,334.25,338.6000061035156,332.54998779296875,334.0,52859111,332.66461181640625
2017-12-06,329.1499938964844,339.25,326.04998779296875,337.0,44374369,335.652587890625
2017-12-07,334.3500061035156,340.0,331.20001220703125,338.0,38914979,336.6485900878906
2017-12-08,342.0,345.6000061035156,338.54998779296875,345.5,47910185,344.1186218261719
2017-12-11,343.0,352.70001220703125,343.0,351.29998779296875,47524700,349.8954162597656
2017-12-12,352.0,353.3999938964844,345.0,347.45001220703125,80414135,346.0608825683594
2017-12-13,349.0,355.04998779296875,347.5,354.0,65472718,352.58465576171875
2017-12-14,352.3500061035156,358.5,352.20001220703125,357.3500061035156,50413073,355.9212341308594
2017-12-15,361.0,364.6499938964844,359.04998779296875,362.75,62155121,361.2996826171875
2017-12-18,364.8500061035156,370.0,361.25,369.6000061035156,35483597,368.1222839355469
2017-12-19,369.3500061035156,371.6000061035156,365.6499938964844,367.6499938964844,51917201,366.1800842285156
2017-12-20,368.6499938964844,374.1499938964844,368.3999938964844,370.5,34725135,369.0186767578125
2017-12-21,370.5,377.3999938964844,370.5,376.1000061035156,33712533,374.5962829589844
2017-12-22,374.29998779296875,376.6499938964844,374.0,375.3999938964844,10299302,373.8991394042969
2017-12-27,376.0,384.95001220703125,376.0,383.1499938964844,34312018,381.6181335449219
2017-12-28,384.54998779296875,387.6000061035156,384.29998779296875,385.45001220703125,22059107,383.9089050292969
2017-12-29,384.95001220703125,390.25,384.75,390.0,22075487,388.440673828125
2018-01-02,389.79998779296875,394.20001220703125,386.1499938964844,394.20001220703125,31188391,392.6238708496094
2018-01-03,390.95001220703125,394.45001220703125,389.6499938964844,389.95001220703125,30077377,388.3910217285156
2018-01-04,393.25,394.6000061035156,385.20001220703125,391.0,38608269,389.4367370605469
2018-01-05,392.0,393.8999938964844,387.3500061035156,388.6000061035156,31603356,387.04632568359375
2018-01-08,390.0,395.75,389.75,395.04998779296875,40841329,393.470458984375
2018-01-09,395.79998779296875,400.0,395.54998779296875,398.20001220703125,40397952,396.6080017089844
2018-01-10,396.29998779296875,405.3500061035156,396.04998779296875,405.3500061035156,61341700,403.7293701171875
2018-01-11,405.0,411.0,404.0,406.75,54375326,405.1236877441406
2018-01-12,409.0,409.8500061035156,405.04998779296875,407.54998779296875,48618914,405.9205017089844
2018-01-15,412.8999938964844,413.0,409.1000061035156,409.54998779296875,32993905,407.9125061035156
2018-01-16,403.45001220703125,407.95001220703125,399.6499938964844,405.70001220703125,55993490,404.07794189453125
2018-01-17,401.5,408.20001220703125,401.5,407.0,66440567,405.372802734375
2018-01-18,408.45001220703125,410.8999938964844,405.8999938964844,407.25,63501099,405.62176513671875
2018-01-19,408.0,410.3500061035156,406.70001220703125,407.1499938964844,39680526,405.52215576171875
2018-01-22,407.25,408.5,401.5,402.3999938964844,33261300,400.7911071777344
2018-01-23,402.3999938964844,403.25,388.45001220703125,390.75,46903850,389.187744140625
2018-01-24,391.5,398.79998779296875,390.75,397.0,52539724,395.4127502441406
2018-01-25,398.25,401.5,394.1499938964844,400.0,35826409,398.4006652832031
2018-01-26,398.1499938964844,402.8999938964844,397.75,401.8999938964844,41625314,400.2930603027344
2018-01-29,403.29998779296875,416.8999938964844,402.6000061035156,415.0,58116600,413.3407287597656
2018-01-30,408.0,410.8500061035156,406.0,407.8999938964844,43816121,406.26922607421875
2018-01-31,409.8500061035156,410.29998779296875,402.75,403.70001220703125,37627677,402.0859375
2018-02-01,400.75,407.1499938964844,396.3500061035156,399.79998779296875,48196182,398.2015075683594
2018-02-02,399.3500061035156,401.0,382.45001220703125,382.75,56873745,381.21966552734375
2018-02-05,380.0,391.79998779296875,376.6499938964844,386.8500061035156,55116865,385.30322265625
2018-02-06,368.0,392.20001220703125,366.20001220703125,378.04998779296875,76329286,376.5384521484375
2018-02-07,384.54998779296875,385.0,374.8500061035156,378.1000061035156,47734272,376.5882873535156
2018-02-08,373.5,376.8500061035156,363.6000061035156,365.6000061035156,75315571,364.1382141113281
2018-02-09,363.3999938964844,368.79998779296875,358.20001220703125,361.0,62458977,359.5566101074219
2018-02-12,368.70001220703125,374.75,365.8999938964844,366.70001220703125,54275443,365.23388671875
2018-02-13,368.0,378.3500061035156,367.54998779296875,375.79998779296875,65828817,374.2974548339844
2018-02-14,379.0,386.04998779296875,369.8500061035156,382.3999938964844,61106212,380.8711853027344
2018-02-15,388.45001220703125,394.95001220703125,384.54998779296875,388.0,53488739,386.4487609863281
2018-02-16,390.8500061035156,392.5,384.70001220703125,388.0,35014268,386.4487609863281
2018-02-19,387.54998779296875,390.6499938964844,383.5,383.79998779296875,22679560,382.2655029296875
2018-02-20,390.0,390.0,381.75,384.3999938964844,30874107,382.86309814453125
2018-02-21,391.5,407.0,385.0,404.54998779296875,71925222,402.9324951171875
2018-02-22,401.0,403.8999938964844,395.20001220703125,402.29998779296875,71731517,400.6915283203125
2018-02-23,402.79998779296875,405.0,393.79998779296875,396.25,50658157,394.66571044921875
2018-02-26,401.1499938964844,402.6499938964844,398.6499938964844,401.3999938964844,41099385,399.7951354980469
2018-02-27,402.1499938964844,403.29998779296875,394.6499938964844,396.5,39500059,394.91473388671875
2018-02-28,392.0,393.5,386.1000061035156,386.3500061035156,50707104,384.80535888671875
2018-03-01,387.0,388.0,372.5,375.8500061035156,60414681,374.3473205566406
2018-03-02,372.79998779296875,374.0,364.20001220703125,364.5,68224233,363.0426940917969
2018-03-05,362.95001220703125,368.8999938964844,359.5,364.79998779296875,49096843,363.3414306640625
2018-03-06,368.0,372.95001220703125,366.20001220703125,368.3999938964844,55034541,366.92706298828125
2018-03-07,366.25,370.04998779296875,356.54998779296875,367.3500061035156,63066337,365.8812561035156
2018-03-08,366.5,367.3500061035156,360.95001220703125,363.29998779296875,41978313,361.84747314453125
2018-03-09,361.6499938964844,370.54998779296875,359.45001220703125,369.79998779296875,41553179,368.3214416503906
2018-03-12,371.0,373.20001220703125,366.0,369.04998779296875,43776488,367.5744323730469
2018-03-13,367.25,388.0,367.25,376.70001220703125,53784032,375.19384765625
2018-03-14,381.20001220703125,387.6499938964844,379.5,383.54998779296875,54183107,382.0164489746094
2018-03-15,383.54998779296875,388.0,377.75,379.1499938964844,61663535,377.634033203125
2018-03-16,378.6000061035156,387.79998779296875,377.54998779296875,385.5,67008298,383.95867919921875
2018-03-19,382.79998779296875,383.0,368.20001220703125,369.25,43186738,367.7737121582031
2018-03-20,370.0,374.0,365.8500061035156,368.25,63917947,366.7776794433594
2018-03-21,367.70001220703125,375.95001220703125,360.70001220703125,371.1499938964844,69813602,369.6661071777344
2018-03-22,370.0,375.25,351.5,359.20001220703125,64266183,357.76385498046875
2018-03-23,354.20001220703125,359.95001220703125,348.8999938964844,358.5,64596484,357.066650390625
2018-03-26,356.25,359.6000061035156,349.70001220703125,352.29998779296875,45576422,350.8915100097656
2018-03-27,361.54998779296875,367.54998779296875,359.54998779296875,363.5,49659901,362.046630859375
2018-03-28,359.3999938964844,361.0,350.04998779296875,353.1499938964844,56510304,351.738037109375
2018-03-29,354.79998779296875,359.8999938964844,353.0,353.79998779296875,67682169,352.38543701171875
2018-04-03,354.04998779296875,359.6000061035156,352.25,356.25,45111679,354.8255920410156
2018-04-04,355.25,359.5,344.70001220703125,345.0,80203624,343.6205749511719
2018-04-05,353.70001220703125,364.79998779296875,353.3999938964844,358.75,68800785,357.3156433105469
2018-04-06,356.79998779296875,357.70001220703125,350.04998779296875,351.1499938964844,44534678,349.7460021972656
2018-04-09,346.70001220703125,347.29998779296875,329.95001220703125,339.1499938964844,135729870,337.7940368652344
2018-04-10,353.95001220703125,354.6000061035156,343.70001220703125,346.5,85120140,345.1146545410156
2018-04-11,345.5,348.95001220703125,339.79998779296875,342.3999938964844,52653101,341.03106689453125
2018-04-12,342.75,342.8999938964844,336.6499938964844,342.45001220703125,37956576,341.0807800292969
2018-04-13,345.70001220703125,348.1000061035156,342.3999938964844,345.79998779296875,35164042,344.4173583984375
2018-04-16,346.0,348.8999938964844,342.6499938964844,342.6499938964844,48390053,341.2800598144531
2018-04-17,345.70001220703125,349.45001220703125,343.1499938964844,347.5,40942636,346.1106262207031
2018-04-18,350.70001220703125,374.79998779296875,350.6000061035156,374.1000061035156,93393453,372.60430908203125
2018-04-19,378.5,379.5,372.8999938964844,378.0,76274659,376.48870849609375
2018-04-20,378.1000061035156,382.0,376.3999938964844,380.6499938964844,59497046,379.1280822753906
2018-04-23,379.8500061035156,384.04998779296875,371.75,380.29998779296875,52313468,378.77947998046875
2018-04-24,377.75,387.3999938964844,377.75,385.8999938964844,52823943,384.3570556640625
2018-04-25,380.0,383.3999938964844,372.3999938964844,377.20001220703125,55284851,375.69195556640625
2018-04-26,370.5,378.70001220703125,367.3500061035156,370.04998779296875,56850697,368.6423645019531
2018-04-27,370.0,370.8999938964844,364.6000061035156,369.0,35115477,367.5963134765625
2018-04-30,358.0,360.0,350.70001220703125,350.70001220703125,56620465,349.3659362792969
2018-05-01,348.0,351.70001220703125,345.1000061035156,346.95001220703125,29686560,345.6302795410156
2018-05-02,356.0,360.0,354.1499938964844,357.8999938964844,48295294,356.53857421875
2018-05-03,360.0,365.8999938964844,358.3500061035156,359.29998779296875,35475936,357.9331970214844
2018-05-04,362.1000061035156,367.04998779296875,356.45001220703125,360.0,45392488,358.63055419921875
2018-05-08,366.70001220703125,366.70001220703125,356.6499938964844,359.29998779296875,50056188,357.9331970214844
2018-05-09,360.0,367.75,356.8500061035156,366.8500061035156,56689941,365.4545593261719
2018-05-10,368.0,376.6499938964844,366.79998779296875,376.20001220703125,40254265,374.7689208984375
2018-05-11,377.6499938964844,386.6499938964844,377.1499938964844,386.1000061035156,55926263,384.63128662109375
2018-05-14,386.8500061035156,388.25,383.8500061035156,385.20001220703125,34085480,383.73480224609375
2018-05-15,379.3999938964844,384.3999938964844,373.79998779296875,379.29998779296875,42458310,377.8570861816406
2018-05-16,380.1000061035156,394.8999938964844,380.04998779296875,393.04998779296875,58787597,391.5548095703125
2018-05-17,393.04998779296875,399.04998779296875,389.95001220703125,397.8500061035156,40910493,396.336669921875
2018-05-18,397.0,398.8500061035156,363.20001220703125,380.3500061035156,108407933,378.9032287597656
2018-05-21,379.29998779296875,388.54998779296875,375.54998779296875,387.70001220703125,48824819,386.2252502441406
2018-05-22,385.75,393.70001220703125,385.45001220703125,389.79998779296875,51869679,388.31719970703125
2018-05-23,386.0,386.25,377.95001220703125,383.0,61159162,381.5430908203125
2018-05-24,383.25,384.79998779296875,372.6000061035156,376.6000061035156,45842926,375.1674499511719
2018-05-25,378.3999938964844,379.0,374.0,377.5,36398114,376.06402587890625
2018-05-29,373.3999938964844,377.79998779296875,368.1499938964844,370.8500061035156,50500170,369.4393005371094
2018-05-30,368.8999938964844,372.20001220703125,363.5,372.20001220703125,38052072,370.7842712402344
2018-05-31,375.04998779296875,379.04998779296875,368.8500061035156,372.04998779296875,120875982,370.63470458984375
2018-06-01,374.95001220703125,384.79998779296875,374.95001220703125,381.29998779296875,58653604,379.8494873046875
2018-06-04,382.6499938964844,386.6000061035156,382.1000061035156,382.8500061035156,28351055,381.3936462402344
2018-06-05,380.6000061035156,391.0,379.75,389.70001220703125,51303078,388.2175598144531
2018-06-06,391.1499938964844,400.3999938964844,391.1499938964844,400.3999938964844,66395336,398.8769226074219
2018-06-07,403.70001220703125,409.79998779296875,393.3500061035156,394.04998779296875,72617908,392.5509948730469
2018-06-08,388.70001220703125,391.0,383.04998779296875,383.8500061035156,45886869,382.38983154296875
2018-06-11,386.25,392.1000061035156,382.95001220703125,389.0,40892287,387.520263671875
2018-06-12,388.8500061035156,391.79998779296875,379.8999938964844,383.6000061035156,34818725,382.14080810546875
2018-06-13,391.3999938964844,398.75,385.8500061035156,398.0,71775676,396.4860534667969
2018-06-14,393.1000061035156,399.79998779296875,388.3999938964844,398.5,56277096,396.9841003417969
2018-06-15,400.1499938964844,405.3500061035156,380.3999938964844,381.29998779296875,105638637,379.8494873046875
2018-06-18,381.5,383.75,374.79998779296875,380.54998779296875,44453721,379.1023864746094
2018-06-19,371.8999938964844,375.0,367.20001220703125,371.70001220703125,63672823,370.2861022949219
2018-06-20,375.0,386.75,372.6499938964844,374.3999938964844,63186313,372.97589111328125
2018-06-21,377.04998779296875,379.1000061035156,370.20001220703125,371.6000061035156,44541706,370.1864013671875
2018-06-22,373.79998779296875,388.0,373.79998779296875,387.1499938964844,49792033,385.6773681640625
2018-06-25,383.3999938964844,385.8500061035156,368.04998779296875,369.0,46662301,367.5963134765625
2018-06-26,367.75,372.6499938964844,362.25,367.25,46966600,365.85296630859375
2018-06-27,368.1499938964844,376.45001220703125,361.29998779296875,369.1499938964844,51944760,367.7457580566406
2018-06-28,367.0,369.0,355.3500061035156,358.79998779296875,70623291,357.4351501464844
2018-06-29,367.6499938964844,372.3500061035156,359.6000061035156,362.0,41623309,360.6229553222656
2018-07-02,355.3500061035156,358.0,348.95001220703125,349.29998779296875,49542105,347.97125244140625
2018-07-03,355.0,357.1000061035156,303.0,321.0,216731690,319.7789611816406
2018-07-04,319.25,324.29998779296875,311.20001220703125,319.45001220703125,69011567,318.2348327636719
2018-07-05,322.1000061035156,334.6000061035156,321.45001220703125,326.1000061035156,80809946,324.8595275878906
2018-07-06,328.20001220703125,333.0,323.6000061035156,328.95001220703125,55602460,327.6987609863281
2018-07-09,336.3500061035156,338.70001220703125,328.8500061035156,335.25,43627891,333.9747009277344
2018-07-10,337.1499938964844,337.1499938964844,326.95001220703125,326.95001220703125,52028610,325.7063293457031
2018-07-11,316.79998779296875,319.1499938964844,310.3500061035156,311.1499938964844,108637458,309.9664306640625
2018-07-12,312.8999938964844,318.29998779296875,311.3500061035156,314.0,44744458,312.8055114746094
2018-07-13,318.29998779296875,318.29998779296875,307.5,313.0,40822917,311.80926513671875
2018-07-16,313.6499938964844,313.6499938964844,306.54998779296875,309.1000061035156,53391809,307.9242248535156
2018-07-17,310.6000061035156,316.29998779296875,307.6000061035156,313.1000061035156,37216858,311.90899658203125
2018-07-18,312.70001220703125,318.5,309.1000061035156,318.5,55647352,317.2884216308594
2018-07-19,318.0,319.8500061035156,311.6499938964844,316.75,63618912,315.54510498046875
2018-07-20,316.45001220703125,321.8500061035156,309.25,311.6499938964844,49515926,310.4645080566406
2018-07-23,309.79998779296875,312.5,308.0,310.0,40867289,308.82073974609375
2018-07-24,313.0,331.3999938964844,312.3999938964844,327.3999938964844,73290755,326.15460205078125
2018-07-25,324.95001220703125,325.75,321.3999938964844,324.0,45262019,322.7674865722656
2018-07-26,325.3999938964844,336.0,322.29998779296875,323.25,30359114,322.0203552246094
2018-07-27,324.3500061035156,330.8999938964844,324.25,326.0,34872056,324.7599182128906
2018-07-30,322.3999938964844,326.0,320.8500061035156,324.95001220703125,27437532,323.71392822265625
2018-07-31,322.0,337.79998779296875,321.70001220703125,334.5,48472767,333.2275390625
2018-08-01,327.8500061035156,330.6000061035156,321.20001220703125,321.8500061035156,65234801,320.62567138671875
2018-08-02,318.6499938964844,321.0,307.0,312.95001220703125,64040114,311.75958251953125
2018-08-03,313.04998779296875,321.54998779296875,311.6000061035156,318.1000061035156,38877286,316.8899841308594
2018-08-06,316.8999938964844,317.75,311.04998779296875,314.0,52778527,312.8055114746094
2018-08-07,325.0,327.3500061035156,317.1000061035156,326.29998779296875,49239945,325.05877685546875
2018-08-08,317.0,327.45001220703125,315.0,326.54998779296875,46058582,325.30780029296875
2018-08-09,330.0,332.1000061035156,326.3500061035156,330.20001220703125,38878834,328.94390869140625
2018-08-10,326.25,327.0,320.04998779296875,321.1499938964844,46494725,319.9283752441406
2018-08-13,319.25,322.3500061035156,315.3999938964844,318.8999938964844,33294369,317.6869201660156
2018-08-14,320.3999938964844,321.54998779296875,312.04998779296875,316.3999938964844,39318090,315.1964111328125
2018-08-15,314.25,316.70001220703125,297.54998779296875,298.5,95099917,297.3645324707031
2018-08-16,305.0,308.1000061035156,302.6499938964844,304.8500061035156,50088045,303.6903381347656
2018-08-17,305.8999938964844,308.5,299.5,305.0,47406536,303.83978271484375
2018-08-20,309.70001220703125,314.5,306.04998779296875,306.04998779296875,33670991,304.88580322265625
2018-08-21,308.1499938964844,309.5,304.3999938964844,306.79998779296875,40028673,305.6329650878906
2018-08-22,305.29998779296875,311.29998779296875,303.04998779296875,308.0,45338838,306.828369140625
2018-08-23,307.0,311.79998779296875,305.8999938964844,310.5,54123897,309.31890869140625
2018-08-24,310.79998779296875,321.8999938964844,310.70001220703125,320.75,47340375,319.52984619140625
2018-08-28,325.0,330.79998779296875,324.0,327.3999938964844,54534108,326.15460205078125
2018-08-29,326.8500061035156,328.8999938964844,323.1000061035156,324.8500061035156,29265283,323.61431884765625
2018-08-30,322.1000061035156,325.95001220703125,318.20001220703125,322.8999938964844,33406232,321.6717224121094
2018-08-31,319.95001220703125,320.6499938964844,313.54998779296875,313.54998779296875,53516062,312.3572998046875
2018-09-03,314.6000061035156,318.6499938964844,313.3999938964844,316.75,21193114,315.54510498046875
2018-09-04,317.0,317.79998779296875,307.45001220703125,311.0,84676182,309.8169860839844
2018-09-05,308.5,317.25,307.8999938964844,312.1000061035156,40921672,310.9128112792969
2018-09-06,305.45001220703125,312.75,302.3999938964844,304.1000061035156,31937530,303.017822265625
2018-09-07,305.0,305.6000061035156,294.8500061035156,295.95001220703125,62982898,294.89678955078125
2018-09-10,293.95001220703125,294.3999938964844,289.3999938964844,290.75,51137385,289.71527099609375
2018-09-11,290.1000061035156,292.3500061035156,284.3999938964844,286.8999938964844,49747518,285.8789978027344
2018-09-12,287.70001220703125,297.45001220703125,286.70001220703125,295.1000061035156,48661044,294.0498352050781
2018-09-13,296.8999938964844,301.3500061035156,295.79998779296875,299.5,48650641,298.4341125488281
2018-09-14,301.45001220703125,304.54998779296875,300.3500061035156,301.54998779296875,38277464,300.4768371582031
2018-09-17,298.0,300.6000061035156,294.75,300.3500061035156,86642033,299.28106689453125
2018-09-18,302.0,310.3999938964844,300.6499938964844,308.70001220703125,71029320,307.60137939453125
2018-09-19,313.3999938964844,321.25,312.20001220703125,319.6000061035156,59553649,318.462646484375
2018-09-20,319.95001220703125,324.0,319.1499938964844,321.70001220703125,74958486,320.5552062988281
2018-09-21,331.3500061035156,337.29998779296875,327.6000061035156,336.79998779296875,131975496,335.6014099121094
2018-09-24,329.45001220703125,334.8999938964844,328.5,330.0,41059134,328.8255615234375
2018-09-25,335.1000061035156,341.8500061035156,334.1000061035156,341.5,64974163,340.2846374511719
2018-09-26,340.0,341.79998779296875,336.6000061035156,338.0,37938862,336.7971496582031
2018-09-27,335.95001220703125,336.5,329.25,330.6499938964844,52029418,329.4732666015625
2018-09-28,332.6499938964844,335.20001220703125,325.6000061035156,331.70001220703125,50537271,330.5196228027344
2018-10-01,331.20001220703125,335.3999938964844,328.1499938964844,331.95001220703125,35403253,330.7686462402344
2018-10-02,330.5,337.6000061035156,328.79998779296875,336.25,70658224,335.0533447265625
2018-10-03,337.04998779296875,339.25,332.0,333.54998779296875,37396838,332.3629455566406
2018-10-04,333.6499938964844,339.6499938964844,332.54998779296875,333.0,46702826,331.8149108886719
2018-10-05,329.95001220703125,330.0,322.3500061035156,325.0,53810801,323.8433532714844
2018-10-08,323.3999938964844,327.45001220703125,321.5,321.70001220703125,45299326,320.5552062988281
2018-10-09,325.04998779296875,329.3500061035156,322.70001220703125,326.1499938964844,47567387,324.9892883300781
2018-10-10,325.29998779296875,326.25,311.8500061035156,311.8500061035156,50041734,310.7402038574219
2018-10-11,305.3500061035156,314.70001220703125,301.54998779296875,311.25,67410028,310.14227294921875
2018-10-12,315.45001220703125,321.1499938964844,313.20001220703125,313.6000061035156,53188756,312.4839782714844
2018-10-15,313.25,318.70001220703125,310.0,318.6499938964844,32339455,317.5160217285156
2018-10-16,315.6000061035156,316.79998779296875,312.1499938964844,314.79998779296875,37350754,313.6796875
2018-10-17,317.8999938964844,321.95001220703125,312.25,315.04998779296875,43162500,313.9288024902344
2018-10-18,311.8999938964844,315.3999938964844,308.25,309.95001220703125,39159424,308.8469543457031
2018-10-19,312.75,316.1499938964844,308.3500061035156,308.3500061035156,38407030,307.2526550292969
2018-10-22,314.1000061035156,318.6000061035156,309.8500061035156,310.6499938964844,28222656,309.5444641113281
2018-10-23,306.70001220703125,308.25,295.1499938964844,299.75,60299421,298.6832275390625
2018-10-24,303.6499938964844,305.25,296.1499938964844,297.8999938964844,45610810,296.83984375
2018-10-25,294.5,307.6000061035156,293.5,302.8500061035156,47568283,301.77227783203125
2018-10-26,296.8999938964844,302.5,293.75,302.5,43967879,301.4234313964844
2018-10-29,303.29998779296875,314.3500061035156,302.95001220703125,308.20001220703125,41543672,307.10321044921875
2018-10-30,308.5,313.04998779296875,304.45001220703125,304.45001220703125,62916192,303.3665466308594
2018-10-31,310.3500061035156,322.20001220703125,310.20001220703125,318.8500061035156,76469797,317.7153015136719
2018-11-01,318.8500061035156,329.8500061035156,317.6499938964844,328.29998779296875,67524169,327.13165283203125
2018-11-02,338.1000061035156,341.8500061035156,320.0,320.0,90403238,318.8611755371094
2018-11-05,321.0,325.3500061035156,318.6000061035156,321.1499938964844,37139900,320.00714111328125
2018-11-06,321.20001220703125,323.54998779296875,310.54998779296875,311.8999938964844,44569017,310.7900085449219
2018-11-07,315.04998779296875,320.3999938964844,313.8999938964844,316.20001220703125,35416053,315.07476806640625
2018-11-08,317.3999938964844,319.79998779296875,316.1000061035156,318.0,38037022,316.86822509765625
2018-11-09,313.5,314.0,302.3999938964844,303.8999938964844,52406418,302.8184509277344
2018-11-12,311.04998779296875,312.6000061035156,296.75,297.0,59395986,295.9430236816406
2018-11-13,299.70001220703125,302.75,291.0,294.75,56227627,293.70098876953125
2018-11-14,291.79998779296875,296.75,287.1499938964844,291.6000061035156,59641506,290.562255859375
2018-11-15,297.1000061035156,300.20001220703125,293.75,297.8500061035156,55530310,296.7900085449219
2018-11-16,303.95001220703125,305.29998779296875,295.3999938964844,297.5,48934937,296.4412841796875
2018-11-19,300.54998779296875,303.0,299.3999938964844,300.6499938964844,35743223,299.5800476074219
2018-11-20,297.79998779296875,299.95001220703125,291.25,295.8999938964844,40882648,294.8469543457031
2018-11-21,297.25,299.29998779296875,293.54998779296875,296.04998779296875,49953196,294.9964294433594
2018-11-22,294.95001220703125,295.0,287.8500061035156,290.6499938964844,28990028,289.6156311035156
2018-11-23,288.6499938964844,290.5,279.45001220703125,280.54998779296875,43743569,279.5515441894531
2018-11-26,283.0,287.8999938964844,282.25,286.75,35698435,285.72955322265625
2018-11-27,283.95001220703125,286.0,281.1000061035156,282.6000061035156,37288971,281.59429931640625
2018-11-28,283.75,290.29998779296875,283.5,286.3500061035156,42287064,285.33099365234375
2018-11-29,292.75,297.3500061035156,291.95001220703125,293.29998779296875,39447076,292.25616455078125
2018-11-30,293.6000061035156,294.3500061035156,287.54998779296875,290.1499938964844,53162635,289.117431640625
2018-12-03,315.0,315.0,296.8500061035156,300.79998779296875,73188321,299.7294921875
2018-12-04,300.0,301.54998779296875,294.04998779296875,297.0,48237287,295.9430236816406
2018-12-05,294.04998779296875,294.1000061035156,285.20001220703125,285.5,39661297,284.48394775390625
2018-12-06,278.8500061035156,279.5,268.3500061035156,270.8999938964844,68637898,269.9359130859375
2018-12-07,274.54998779296875,286.29998779296875,273.3999938964844,279.3999938964844,59472652,278.4057312011719
2018-12-10,275.0,279.3999938964844,273.3500061035156,274.5,38649612,273.5230712890625
2018-12-11,277.5,287.20001220703125,276.54998779296875,283.70001220703125,42361999,282.6904296875
2018-12-12,284.95001220703125,293.25,282.95001220703125,291.54998779296875,203594762,290.5124206542969
2018-12-13,294.1499938964844,299.45001220703125,292.6000061035156,295.1499938964844,56871508,294.09954833984375
2018-12-14,289.3999938964844,291.04998779296875,284.75,289.6499938964844,38512014,288.61920166015625
2018-12-17,289.95001220703125,294.95001220703125,289.75,292.95001220703125,31522332,291.9075012207031
2018-12-18,289.54998779296875,293.6499938964844,287.79998779296875,288.20001220703125,36958523,287.1744079589844
2018-12-19,280.95001220703125,296.1499938964844,280.95001220703125,294.3999938964844,43331736,293.3523254394531
2018-12-20,287.3500061035156,290.25,284.6000061035156,284.70001220703125,47102543,283.6868896484375
2018-12-21,286.25,290.20001220703125,284.5,287.20001220703125,72616932,286.1779479980469
2018-12-24,280.95001220703125,291.3999938964844,280.95001220703125,287.70001220703125,11260368,286.67608642578125
2018-12-27,292.29998779296875,294.1000061035156,278.75,282.1499938964844,30540992,281.1458740234375
2018-12-28,285.5,293.1499938964844,284.8999938964844,290.0,31744356,288.9679260253906
2018-12-31,293.25,294.0,290.3500061035156,291.3500061035156,14387985,290.3132019042969
2019-01-02,282.6499938964844,284.04998779296875,276.20001220703125,282.5,61613391,281.49462890625
2019-01-03,279.70001220703125,281.1000061035156,268.3999938964844,269.04998779296875,59889275,268.09246826171875
2019-01-04,275.54998779296875,285.5,272.75,284.20001220703125,48745669,283.1886291503906
2019-01-07,289.1000061035156,290.5,284.79998779296875,287.3500061035156,37870223,286.32745361328125
2019-01-08,285.3999938964844,292.5,283.70001220703125,288.8999938964844,30856452,287.8717956542969
2019-01-09,294.0,299.70001220703125,292.95001220703125,293.1499938964844,46959055,292.10675048828125
2019-01-10,294.79998779296875,295.29998779296875,287.8500061035156,295.1499938964844,30213689,294.09954833984375
2019-01-11,296.1000061035156,299.8999938964844,291.75,295.6499938964844,37614935,294.5978088378906
2019-01-14,292.5,295.0,288.54998779296875,291.29998779296875,27954276,290.2632751464844
2019-01-15,294.95001220703125,298.6000061035156,290.5,291.75,31876508,290.71173095703125
2019-01-16,294.8500061035156,296.25,287.8999938964844,287.8999938964844,54749619,286.8753967285156
2019-01-17,289.0,291.70001220703125,287.3999938964844,290.25,32783134,289.2170715332031
2019-01-18,293.8500061035156,302.3500061035156,293.25,297.75,51040822,296.6903381347656
2019-01-21,297.95001220703125,299.70001220703125,295.45001220703125,296.04998779296875,18432777,294.9964294433594
2019-01-22,291.8500061035156,294.6000061035156,287.45001220703125,289.95001220703125,42792060,288.918212890625
2019-01-23,288.0,291.25,286.04998779296875,286.6499938964844,34216566,285.6299133300781
2019-01-24,286.8999938964844,289.95001220703125,285.54998779296875,288.1499938964844,26737357,287.1245422363281
2019-01-25,290.45001220703125,300.45001220703125,290.45001220703125,297.5,40909176,296.4412841796875
2019-01-28,296.5,302.25,288.8500061035156,291.45001220703125,34134855,290.412841796875
2019-01-29,293.20001220703125,300.3500061035156,292.1499938964844,297.04998779296875,41810029,295.9928283691406
2019-01-30,301.0,308.3999938964844,300.0,305.25,62608803,304.1636657714844
2019-01-31,306.29998779296875,311.95001220703125,305.0,309.45001220703125,49361356,308.3487854003906
2019-02-01,305.1000061035156,310.6000061035156,302.25,306.20001220703125,65222213,305.11029052734375
2019-02-04,301.45001220703125,304.29998779296875,299.75,301.75,48155718,300.6761474609375
2019-02-05,303.3999938964844,307.95001220703125,302.95001220703125,303.70001220703125,35843417,302.6192321777344
2019-02-06,305.0,306.70001220703125,302.1499938964844,305.29998779296875,40598799,304.2134704589844
2019-02-07,303.3500061035156,305.04998779296875,297.29998779296875,297.29998779296875,29328113,296.2419128417969
2019-02-08,294.95001220703125,300.3999938964844,292.04998779296875,292.04998779296875,39300256,291.0106506347656
2019-02-11,293.75,296.75,288.6000061035156,289.8500061035156,38030308,288.81842041015625
2019-02-12,293.29998779296875,294.79998779296875,289.79998779296875,291.70001220703125,35731877,290.66192626953125
2019-02-13,293.6499938964844,300.20001220703125,293.54998779296875,298.3999938964844,38341144,297.3380432128906
2019-02-14,300.6000061035156,301.0,295.8500061035156,297.1000061035156,26154337,296.042724609375
2019-02-15,294.5,304.8999938964844,294.0,303.6499938964844,49206591,302.5693664550781
2019-02-18,304.5,306.5,302.29998779296875,303.1499938964844,24266870,302.0711669921875
2019-02-19,301.95001220703125,303.8999938964844,296.3500061035156,302.75,37818753,301.6725769042969
2019-02-20,300.5,312.20001220703125,298.45001220703125,310.45001220703125,76574305,309.34515380859375
2019-02-21,308.45001220703125,309.0,299.70001220703125,300.5,53877085,299.4305725097656
2019-02-22,303.0,311.5,303.0,308.8500061035156,55022727,307.75079345703125
2019-02-25,311.0,317.70001220703125,305.0,305.29998779296875,55048320,304.2134704589844
2019-02-26,304.70001220703125,307.95001220703125,299.75,307.0,43062420,305.9074401855469
2019-02-27,305.0,312.25,303.1000061035156,308.6499938964844,50649702,307.5516052246094
2019-02-28,305.95001220703125,306.29998779296875,302.29998779296875,303.95001220703125,52051723,302.8683166503906
2019-03-01,305.0,306.8500061035156,303.3999938964844,304.3999938964844,32857845,303.3167419433594
2019-03-04,305.6499938964844,306.8500061035156,304.20001220703125,305.20001220703125,33227437,304.1138916015625
2019-03-05,305.29998779296875,307.6000061035156,303.95001220703125,305.95001220703125,21315706,304.8612060546875
2019-03-06,305.3999938964844,310.79998779296875,305.29998779296875,309.45001220703125,25787819,308.3487854003906
2019-03-07,307.20001220703125,307.8999938964844,301.54998779296875,302.95001220703125,33537229,301.8719177246094
2019-03-08,298.0,300.20001220703125,293.0,296.95001220703125,43250254,295.8932800292969
2019-03-11,298.1499938964844,303.6000061035156,298.1499938964844,302.1499938964844,26681909,301.07470703125
2019-03-12,304.8999938964844,305.45001220703125,301.70001220703125,304.0,48583623,302.9181213378906
2019-03-13,302.0,309.3999938964844,302.0,307.29998779296875,43291879,306.20635986328125
2019-03-14,306.1499938964844,309.1499938964844,303.8500061035156,306.25,44318810,305.1601257324219
2019-03-15,307.29998779296875,310.0,305.45001220703125,305.45001220703125,56908669,304.363037109375
2019-03-18,305.5,312.75,305.5,310.79998779296875,28009869,309.6938781738281
2019-03-19,312.0,321.8500061035156,311.70001220703125,320.1499938964844,45159009,319.0106201171875
2019-03-20,315.3999938964844,319.0,310.20001220703125,316.95001220703125,46818771,315.82208251953125
2019-03-21,321.5,325.3500061035156,318.8500061035156,318.8500061035156,37130855,317.7153015136719
2019-03-22,320.79998779296875,321.70001220703125,310.8500061035156,311.3500061035156,32936343,310.2419738769531
2019-03-25,308.0,313.54998779296875,306.6000061035156,310.1000061035156,27575931,308.9964599609375
2019-03-26,310.79998779296875,313.79998779296875,308.25,308.6000061035156,32375985,307.5017395019531
2019-03-27,310.1000061035156,312.5,307.3500061035156,308.70001220703125,23115807,307.60137939453125
2019-03-28,310.54998779296875,314.3500061035156,309.8500061035156,311.6000061035156,24896305,310.4911193847656
2019-03-29,317.0,319.6000061035156,315.8999938964844,317.95001220703125,40021453,316.8185119628906
2019-04-01,322.04998779296875,329.79998779296875,322.04998779296875,326.20001220703125,50282480,325.0391540527344
2019-04-02,328.95001220703125,329.45001220703125,323.79998779296875,328.0,36187911,326.83270263671875
2019-04-03,330.0,334.75,329.6499938964844,333.04998779296875,45379778,331.86474609375
2019-04-04,331.8500061035156,331.8500061035156,327.45001220703125,328.70001220703125,51650027,327.5302734375
2019-04-05,329.29998779296875,333.3999938964844,329.29998779296875,332.25,42135039,331.0675964355469
2019-04-08,333.0,334.8999938964844,330.8999938964844,331.0,29957467,329.8220520019531
2019-04-09,330.3500061035156,333.20001220703125,326.70001220703125,330.3500061035156,67845945,329.1744079589844
2019-04-10,328.8999938964844,332.5,328.3999938964844,331.54998779296875,32035438,330.37005615234375
2019-04-11,328.25,330.1499938964844,321.6499938964844,322.70001220703125,42591477,321.55157470703125
2019-04-12,324.0,333.29998779296875,321.75,332.45001220703125,49049998,331.2669372558594
2019-04-15,333.6000061035156,333.70001220703125,328.6499938964844,330.0,26859168,328.8255615234375
2019-04-16,333.25,334.29998779296875,330.70001220703125,334.0,37069290,332.81134033203125
2019-04-17,334.54998779296875,343.6000061035156,330.8999938964844,340.29998779296875,46768456,339.0889892578125
2019-04-18,340.0,340.1499938964844,334.29998779296875,338.20001220703125,32625453,336.9964599609375
2019-04-23,338.5,339.25,334.95001220703125,337.1499938964844,32467370,335.95013427734375
2019-04-24,335.6499938964844,337.04998779296875,330.6000061035156,334.04998779296875,26793672,332.8612060546875
2019-04-25,328.0,328.04998779296875,320.6499938964844,321.45001220703125,36487028,320.40203857421875
2019-04-26,317.8999938964844,317.8999938964844,308.0,310.8500061035156,57134343,309.8365173339844
2019-04-29,309.70001220703125,314.5,309.45001220703125,312.54998779296875,25422402,311.53094482421875
2019-04-30,311.0,311.45001220703125,298.8999938964844,304.3500061035156,76667694,303.3576965332031
2019-05-01,305.45001220703125,307.0,301.45001220703125,301.79998779296875,44450853,300.8159484863281
2019-05-02,297.79998779296875,300.6000061035156,295.04998779296875,296.3999938964844,39155469,295.43365478515625
2019-05-03,296.0,301.45001220703125,296.0,298.3999938964844,27670565,297.42706298828125
2019-05-07,296.0,296.0,287.95001220703125,289.5,58589928,288.5560607910156
2019-05-08,287.70001220703125,292.3999938964844,282.29998779296875,286.95001220703125,46608073,286.01446533203125
2019-05-09,282.1000061035156,284.25,279.25,280.70001220703125,66751640,279.7848815917969
2019-05-10,283.8999938964844,287.0,280.1499938964844,280.8500061035156,28851022,279.934326171875
2019-05-13,282.54998779296875,282.6499938964844,271.25,271.70001220703125,42690839,270.81414794921875
2019-05-14,272.5,279.95001220703125,272.5,277.0,44307413,276.0968322753906
2019-05-15,279.95001220703125,280.0,272.29998779296875,278.3500061035156,38090386,277.44244384765625
2019-05-16,278.8500061035156,282.45001220703125,276.8999938964844,280.1499938964844,35098301,279.23663330078125
2019-05-17,275.45001220703125,278.5,271.70001220703125,276.70001220703125,36910071,275.79791259765625
2019-05-20,276.3999938964844,277.95001220703125,271.54998779296875,273.0,36263011,272.10992431640625
2019-05-21,273.45001220703125,277.1000061035156,272.3500061035156,273.25,30107269,272.3591003417969
2019-05-22,274.04998779296875,275.3999938964844,266.45001220703125,266.45001220703125,41861851,265.5812683105469
2019-05-23,263.8999938964844,265.5,257.54998779296875,259.6499938964844,50224567,258.80340576171875
2019-05-24,262.20001220703125,263.75,259.1000061035156,261.0,45878856,260.14898681640625
2019-05-28,264.20001220703125,268.20001220703125,259.3500061035156,260.04998779296875,54153620,259.2021179199219
2019-05-29,260.6000061035156,260.6000061035156,249.75,258.5,61573186,257.65716552734375
2019-05-30,260.0,261.3500061035156,258.1000061035156,260.0,26657963,259.1523132324219
2019-05-31,257.04998779296875,257.6000061035156,252.35000610351562,254.64999389648438,46894352,253.8197479248047
2019-06-03,251.89999389648438,258.04998779296875,250.6999969482422,256.75,33581493,255.91282653808594
2019-06-04,256.29998779296875,262.6499938964844,254.1999969482422,261.79998779296875,36956833,260.94635009765625
2019-06-05,262.6499938964844,265.6000061035156,258.45001220703125,259.5,37921744,258.6538391113281
2019-06-06,259.29998779296875,264.70001220703125,259.29998779296875,261.25,32906522,260.3982238769531
2019-06-07,262.3500061035156,264.3500061035156,259.75,260.8999938964844,31392405,260.04931640625
2019-06-10,263.8500061035156,265.70001220703125,263.1499938964844,264.95001220703125,19246647,264.0862121582031
2019-06-11,268.8999938964844,273.5,268.8999938964844,270.8999938964844,42361461,270.01678466796875
2019-06-12,268.95001220703125,271.75,267.1000061035156,269.54998779296875,49856934,268.671142578125
2019-06-13,268.20001220703125,273.0,267.1000061035156,273.0,41532615,272.10992431640625
2019-06-14,271.79998779296875,274.3500061035156,269.95001220703125,272.04998779296875,36766770,271.1629638671875
2019-06-17,272.25,273.54998779296875,269.0,270.0,31130273,269.11968994140625
2019-06-18,271.79998779296875,280.29998779296875,270.20001220703125,278.0,56648294,277.09356689453125
2019-06-19,279.20001220703125,280.5,272.3500061035156,275.45001220703125,46976475,274.55194091796875
2019-06-20,279.29998779296875,282.25,276.54998779296875,278.8500061035156,47672192,277.9408264160156
2019-06-21,279.6000061035156,282.79998779296875,278.0,280.25,106101363,279.3362731933594
2019-06-24,279.04998779296875,281.70001220703125,277.54998779296875,278.25,41628888,277.3427734375
2019-06-25,275.5,281.45001220703125,275.04998779296875,277.70001220703125,33861094,276.79461669921875
2019-06-26,277.5,279.75,275.45001220703125,277.3999938964844,35132859,276.49560546875
2019-06-27,278.1000061035156,280.1499938964844,254.39999389648438,263.8999938964844,80716434,263.03955078125
2019-06-28,263.1499938964844,275.20001220703125,263.1499938964844,273.3500061035156,67221494,272.458740234375
2019-07-01,279.45001220703125,281.0,276.20001220703125,277.70001220703125,48340693,276.79461669921875
2019-07-02,279.95001220703125,281.5,274.29998779296875,279.5,38946584,278.5887145996094
2019-07-03,277.8999938964844,280.54998779296875,275.70001220703125,276.8500061035156,53012321,275.9473876953125
2019-07-04,275.70001220703125,276.5,271.6000061035156,272.70001220703125,30167384,271.81097412109375
2019-07-05,271.1499938964844,271.3999938964844,267.75,269.54998779296875,36881147,268.671142578125
2019-07-08,268.8500061035156,274.70001220703125,268.0,274.1000061035156,29451010,273.2063293457031
2019-07-09,269.70001220703125,270.8999938964844,266.0,266.20001220703125,34623420,265.33203125
2019-07-10,267.54998779296875,272.54998779296875,266.20001220703125,270.1499938964844,25831403,269.2691650390625
2019-07-11,270.75,272.8999938964844,264.29998779296875,265.0,29062255,264.135986328125
2019-07-12,265.3500061035156,271.45001220703125,265.3500061035156,266.29998779296875,28764744,265.43170166015625
2019-07-15,268.5,271.8500061035156,267.5,268.8500061035156,37397054,267.97344970703125
2019-07-16,269.29998779296875,274.79998779296875,266.79998779296875,272.70001220703125,41115183,271.81097412109375
2019-07-17,270.70001220703125,272.54998779296875,269.25,270.8999938964844,24593351,270.01678466796875
2019-07-18,267.3999938964844,270.6499938964844,267.3999938964844,269.6499938964844,23536011,268.7708435058594
2019-07-19,267.79998779296875,273.8500061035156,266.5,272.25,34612291,271.3623046875
2019-07-22,271.95001220703125,277.29998779296875,271.29998779296875,272.29998779296875,27111406,271.4122009277344
2019-07-23,275.0,279.8500061035156,273.6000061035156,275.54998779296875,53691289,274.6515197753906
2019-07-24,275.6000061035156,279.3500061035156,272.29998779296875,277.29998779296875,34383106,276.3958740234375
2019-07-25,278.3999938964844,282.0,273.79998779296875,275.79998779296875,38104216,274.9007263183594
2019-07-26,276.0,276.54998779296875,271.75,272.1000061035156,34772732,271.2128601074219
2019-07-29,271.5,277.95001220703125,271.5,275.20001220703125,34538524,274.3028259277344
2019-07-30,276.8999938964844,278.70001220703125,271.04998779296875,273.0,25571765,272.10992431640625
2019-07-31,271.0,272.8500061035156,265.6499938964844,266.45001220703125,46337678,265.5812683105469
2019-08-01,260.75,266.45001220703125,249.75,254.4499969482422,66076899,253.620361328125
2019-08-02,245.60000610351562,247.9499969482422,237.0,242.25,70512780,241.46018981933594
2019-08-05,235.39999389648438,242.25,227.9499969482422,235.0,51892239,234.2338104248047
2019-08-06,235.0,236.39999389648438,229.4499969482422,231.35000610351562,53520803,230.595703125
2019-08-07,224.5,229.3000030517578,220.35499572753906,229.3000030517578,72231103,228.55239868164062
2019-08-08,232.35000610351562,237.0,188.5050048828125,235.8000030517578,51838456,235.0312042236328
2019-08-09,235.0500030517578,236.4499969482422,230.9499969482422,231.14999389648438,34344273,230.39634704589844
2019-08-12,231.1999969482422,235.10000610351562,229.4499969482422,230.85000610351562,24200498,230.09732055664062
2019-08-13,229.35000610351562,240.0500030517578,227.64999389648438,236.14999389648438,41943332,235.38006591796875
2019-08-14,235.0,235.3000030517578,228.4499969482422,230.5,42904429,229.74847412109375
2019-08-15,225.39999389648438,230.5500030517578,218.60000610351562,222.14999389648438,44336081,221.42568969726562
2019-08-16,224.75,226.3350067138672,222.60000610351562,224.39999389648438,29609584,223.66835021972656
2019-08-19,226.8000030517578,234.5500030517578,226.8000030517578,232.9499969482422,29755453,232.1904754638672
2019-08-20,234.1999969482422,236.9499969482422,229.0500030517578,229.8000030517578,39424654,229.05079650878906
2019-08-21,230.0500030517578,233.97500610351562,229.89999389648438,232.4499969482422,41030527,231.692138671875
2019-08-22,231.3000030517578,233.0,227.10000610351562,228.9499969482422,35084443,228.20352172851562
2019-08-23,230.0500030517578,233.10000610351562,223.25,225.5,28271194,224.76480102539062
2019-08-27,225.0,226.5,222.10000610351562,223.8000030517578,47928543,223.07034301757812
2019-08-28,224.4499969482422,226.5500030517578,220.6999969482422,225.1999969482422,31390066,224.4657440185547
2019-08-29,223.85000610351562,233.60000610351562,223.85000610351562,231.60000610351562,66466044,230.8448944091797
2019-08-30,232.25,238.39999389648438,231.75,236.9499969482422,39829385,236.17742919921875
2019-09-02,237.3000030517578,239.85000610351562,236.89999389648438,236.89999389648438,28773198,236.12759399414062
2019-09-03,236.64999389648438,237.06399536132812,231.8000030517578,235.9499969482422,43877979,235.1807098388672
2019-09-04,238.0500030517578,244.60000610351562,237.35000610351562,242.85000610351562,43297075,242.0582275390625
2019-09-05,237.6999969482422,241.60000610351562,235.75,239.5,44867983,238.7987823486328
2019-09-06,239.5,243.0,237.0540008544922,241.60000610351562,31742982,240.8926239013672
2019-09-09,242.89999389648438,247.85000610351562,240.0500030517578,242.75,30605760,242.0392608642578
2019-09-10,243.10000610351562,249.75,241.85000610351562,248.85000610351562,45310163,248.12139892578125
2019-09-11,252.25,256.29998779296875,250.01600646972656,251.9499969482422,42718481,251.21234130859375
2019-09-12,256.1499938964844,259.45001220703125,248.14999389648438,252.5500030517578,53465548,251.81056213378906
2019-09-13,253.0,262.1000061035156,253.0,261.3500061035156,204203431,260.5848388671875
2019-09-16,258.0,261.0,255.7239990234375,256.25,33048986,255.4997100830078
2019-09-17,255.64999389648438,255.79299926757812,251.0500030517578,253.4499969482422,43778569,252.70791625976562
2019-09-18,254.10000610351562,257.45001220703125,252.60000610351562,253.0,29826584,252.2592315673828
2019-09-19,251.60000610351562,257.45001220703125,249.85000610351562,254.3000030517578,26038480,253.55545043945312
2019-09-20,254.14999389648438,257.2489929199219,253.1999969482422,256.54998779296875,114881278,255.79884338378906
2019-09-23,254.14999389648438,254.62100219726562,245.87899780273438,249.0500030517578,61070851,248.32083129882812
2019-09-24,249.9499969482422,250.5,243.5,244.1999969482422,29565144,243.4849853515625
2019-09-25,242.4499969482422,244.10000610351562,238.89100646972656,243.0,42854899,242.2885284423828
2019-09-26,244.6999969482422,247.27699279785156,242.9499969482422,243.3000030517578,31511265,242.58766174316406
2019-09-27,244.14999389648438,250.177001953125,244.0,247.0,36690757,246.27682495117188
2019-09-30,247.89999389648438,249.5,244.5,244.75,24951473,244.0334014892578
2019-10-01,245.0,247.5,237.8000030517578,238.0,53236521,237.30319213867188
2019-10-02,237.0,237.5850067138672,228.0,232.75,42484978,232.0685577392578
2019-10-03,232.0,233.64999389648438,225.35000610351562,227.9499969482422,36492357,227.2826385498047
2019-10-04,228.35000610351562,228.697998046875,224.5,226.64999389648438,32067236,225.9864044189453
2019-10-07,226.0500030517578,226.5,223.64999389648438,225.0,52992354,224.3412322998047
2019-10-08,228.0,228.5,223.38400268554688,223.89999389648438,34253858,223.24444580078125
2019-10-09,224.0,227.14999389648438,223.10000610351562,224.85000610351562,36857522,224.19168090820312
2019-10-10,225.3000030517578,234.10000610351562,225.3000030517578,232.0,79508781,231.32073974609375
2019-10-11,232.4499969482422,238.4499969482422,230.1999969482422,237.5,51227524,236.80459594726562
2019-10-14,237.35000610351562,238.39999389648438,229.86500549316406,230.85000610351562,38428749,230.17410278320312
2019-10-15,231.0500030517578,234.8000030517578,229.3000030517578,233.64999389648438,31925917,232.9658966064453
2019-10-16,232.35000610351562,234.10000610351562,227.3000030517578,230.4499969482422,38959779,229.77525329589844
2019-10-17,230.0,233.0,227.8000030517578,228.5500030517578,32098554,227.88084411621094
2019-10-18,227.1999969482422,230.5500030517578,224.9499969482422,227.5500030517578,26524137,226.8837890625
2019-10-21,228.0,235.3000030517578,227.1999969482422,232.6999969482422,48940862,232.01864624023438
2019-10-22,232.60000610351562,237.0,230.14999389648438,231.3000030517578,24446427,230.62278747558594
2019-10-23,230.0,236.1999969482422,229.3000030517578,234.0,37287325,233.31488037109375
2019-10-24,234.10000610351562,239.0500030517578,231.75,232.35000610351562,29177320,231.6697235107422
2019-10-25,230.0,234.60000610351562,229.9499969482422,234.25,20344087,233.5641632080078
2019-10-28,235.0,241.39999389648438,229.98199462890625,239.5,43624466,238.7987823486328
2019-10-29,240.0,243.4499969482422,237.16000366210938,240.89999389648438,27300351,240.19468688964844
2019-10-30,239.0500030517578,241.75,235.39999389648438,237.39999389648438,33247069,236.70492553710938
2019-10-31,237.0,237.24899291992188,228.9499969482422,232.64999389648438,34425389,231.9688262939453
2019-11-01,233.4499969482422,241.80999755859375,232.39999389648438,240.9499969482422,34867462,240.2445068359375
2019-11-04,242.0500030517578,255.75,242.0500030517578,252.1999969482422,49346523,251.46156311035156
2019-11-05,256.29998779296875,261.04998779296875,255.14599609375,259.1499938964844,57695320,258.3912048339844
2019-11-06,257.25,260.6499938964844,254.60000610351562,256.95001220703125,34480416,256.1977233886719
2019-11-07,259.1499938964844,264.1210021972656,258.0,258.70001220703125,32683881,257.9425354003906
2019-11-08,258.0,258.0,252.85000610351562,254.39999389648438,30922915,253.6551513671875
2019-11-11,251.0,252.14999389648438,242.60000610351562,245.5,43799352,244.78125
2019-11-12,247.5,248.8000030517578,245.0500030517578,245.35000610351562,26048830,244.6316680908203
2019-11-13,242.89999389648438,243.8000030517578,238.39999389648438,241.64999389648438,26583715,240.9425048828125
2019-11-14,240.3000030517578,244.5500030517578,188.23300170898438,239.0500030517578,29838580,238.35012817382812
2019-11-15,242.0,245.3000030517578,239.0500030517578,243.60000610351562,26548770,242.88677978515625
2019-11-18,242.75,244.88999938964844,237.6999969482422,239.5,23100044,238.7987823486328
2019-11-19,239.75,246.0500030517578,239.5,240.9499969482422,24022142,240.2445068359375
2019-11-20,240.14999389648438,244.60000610351562,236.25,242.0,55234857,241.2914581298828
2019-11-21,238.75,241.5500030517578,237.35000610351562,239.60000610351562,22456970,238.8984832763672
2019-11-22,240.35000610351562,249.75,239.10000610351562,246.89999389648438,30303060,246.1771240234375
2019-11-25,249.75,252.89999389648438,247.14999389648438,248.35000610351562,29800584,247.62286376953125
2019-11-26,249.60000610351562,251.35000610351562,247.3000030517578,249.5,41578465,248.76951599121094
2019-11-27,250.5,252.8000030517578,246.5,247.5,24861953,246.77536010742188
2019-11-28,245.64999389648438,248.1999969482422,244.89999389648438,247.89999389648438,11697388,247.1741943359375
2019-11-29,246.60000610351562,248.64999389648438,243.89999389648438,243.89999389648438,24513773,243.1859130859375
2019-12-02,245.0,249.89999389648438,243.6999969482422,244.8000030517578,26181438,244.08326721191406
2019-12-03,242.89999389648438,243.3000030517578,234.39999389648438,235.64999389648438,40715115,234.9600830078125
2019-12-04,235.0,240.25,233.89999389648438,238.35000610351562,28663910,237.6521453857422
2019-12-05,237.75,239.0,215.8000030517578,216.89999389648438,97362229,216.2649383544922
2019-12-06,215.0,221.46800231933594,212.10000610351562,220.14999389648438,60029322,219.50543212890625
2019-12-09,220.5,221.10000610351562,218.3000030517578,219.14999389648438,26212515,218.5083770751953
2019-12-10,217.5500030517578,219.14999389648438,212.75,217.0500030517578,40230517,216.41452026367188
2019-12-11,216.64999389648438,219.85000610351562,215.27000427246094,218.6999969482422,53086101,218.05967712402344
2019-12-12,219.0,227.60000610351562,218.25,226.35000610351562,41901103,225.68728637695312
2019-12-13,228.60000610351562,232.59300231933594,224.89999389648438,225.8000030517578,40844453,225.138916015625
2019-12-16,229.3000030517578,236.10000610351562,228.75,233.35000610351562,40950265,232.66676330566406
2019-12-17,233.64999389648438,235.10000610351562,229.85000610351562,232.1999969482422,30545106,231.52015686035156
2019-12-18,230.0,235.14999389648438,230.0,234.1999969482422,27695902,233.51429748535156
2019-12-19,235.3000030517578,239.64999389648438,233.9499969482422,239.64999389648438,68214436,238.94833374023438
2019-12-20,238.6999969482422,240.5500030517578,236.44900512695312,236.64999389648438,72389122,235.95712280273438
2019-12-23,236.5,238.77000427246094,234.0,235.5500030517578,39581752,234.86036682128906
2019-12-24,235.5500030517578,237.50100708007812,234.75,234.75,9639039,234.06265258789062
2019-12-27,235.5,240.3000030517578,235.5,238.75,22252080,238.0509796142578
2019-12-30,238.0,238.85000610351562,236.5,237.35000610351562,12137415,236.65505981445312
2019-12-31,236.0,237.97999572753906,234.96499633789062,235.35000610351562,8586001,234.66094970703125
2020-01-02,236.5500030517578,244.02999877929688,235.4499969482422,241.0500030517578,24512083,240.34425354003906
2020-01-03,238.4499969482422,241.75,236.39999389648438,241.64999389648438,27631357,240.9425048828125
2020-01-06,238.8000030517578,239.75999450683594,234.1999969482422,236.3000030517578,22721288,235.60816955566406
2020-01-07,237.9499969482422,239.6999969482422,235.0,237.0,19872322,236.30609130859375
2020-01-08,237.5,240.64999389648438,235.9499969482422,239.8000030517578,34928161,239.097900390625
2020-01-09,248.5,248.5500030517578,238.0500030517578,238.4499969482422,30562652,237.75184631347656
2020-01-10,240.25,242.5,237.8000030517578,240.1999969482422,22474303,239.49673461914062
2020-01-13,240.0,243.0500030517578,237.80099487304688,242.3000030517578,35738937,241.590576171875
2020-01-14,243.5,247.0,242.39999389648438,242.64999389648438,28125278,241.93955993652344
2020-01-15,242.0,244.60000610351562,237.3000030517578,241.35000610351562,27092534,240.64337158203125
2020-01-16,240.6999969482422,243.9499969482422,240.25,242.0500030517578,20947649,241.34132385253906
2020-01-17,245.0,245.9499969482422,243.0330047607422,243.1999969482422,30283207,242.48794555664062
2020-01-20,244.85000610351562,245.0,239.89999389648438,241.8000030517578,18040533,241.09205627441406
2020-01-21,239.0,239.85000610351562,234.64999389648438,238.0,29082675,237.30319213867188
2020-01-22,238.9499969482422,239.5500030517578,232.85000610351562,235.10000610351562,35971836,234.41168212890625
2020-01-23,231.89999389648438,232.5500030517578,227.8000030517578,228.14999389648438,40974866,227.4820098876953
2020-01-24,232.10000610351562,233.75,229.64999389648438,230.5500030517578,36248626,229.875
2020-01-27,222.60000610351562,223.89999389648438,219.5,221.39999389648438,46221722,220.75177001953125
2020-01-28,221.3000030517578,229.14999389648438,219.6999969482422,227.60000610351562,30550927,226.93362426757812
2020-01-29,228.10000610351562,231.39999389648438,227.85000610351562,228.85000610351562,22453453,228.17994689941406
2020-01-30,224.1999969482422,229.89999389648438,223.35000610351562,226.39999389648438,26483185,225.73712158203125
2020-01-31,226.85000610351562,228.0,221.25,222.5,29959116,221.84854125976562
2020-02-03,222.0,222.9499969482422,218.25,221.60000610351562,26075950,220.951171875
2020-02-04,224.3000030517578,233.8000030517578,224.3000030517578,233.10000610351562,49562363,232.41751098632812
2020-02-05,230.9499969482422,239.5500030517578,230.14999389648438,236.6999969482422,41268846,236.0069580078125
2020-02-06,240.4499969482422,242.39999389648438,237.25,239.0,29268960,238.30027770996094
2020-02-07,235.9499969482422,237.39999389648438,231.14999389648438,233.1999969482422,34289039,232.51724243164062
2020-02-10,230.5,234.64999389648438,228.4499969482422,229.60000610351562,47965884,228.9277801513672
2020-02-11,233.4499969482422,235.9499969482422,230.64999389648438,233.35000610351562,23731873,232.66676330566406
2020-02-12,234.0500030517578,240.14999389648438,231.28500366210938,238.85000610351562,28806102,238.15069580078125
2020-02-13,236.5,240.5,233.19000244140625,237.8000030517578,34986283,237.10377502441406
2020-02-14,237.0500030517578,237.39999389648438,233.4499969482422,233.9499969482422,20571473,233.26499938964844
2020-02-17,234.5,237.8000030517578,234.0,236.64999389648438,22644679,235.95712280273438
2020-02-18,233.0,236.35000610351562,224.5,226.10000610351562,41937963,225.43801879882812
2020-02-19,228.5500030517578,232.21499633789062,227.6999969482422,232.0,33193920,231.32073974609375
2020-02-20,230.4499969482422,233.14999389648438,228.73800659179688,228.9499969482422,61531443,228.27964782714844
2020-02-21,227.14999389648438,227.64999389648438,222.5500030517578,224.35000610351562,37056098,223.69314575195312
2020-02-24,216.8000030517578,217.60299682617188,209.0500030517578,211.5500030517578,56607465,210.93060302734375
2020-02-25,212.60000610351562,214.10000610351562,207.4530029296875,208.4499969482422,51984199,207.8397216796875
2020-02-26,205.9499969482422,208.5500030517578,202.4499969482422,208.35000610351562,26834509,207.73997497558594
2020-02-27,204.0,205.35000610351562,195.52000427246094,199.13999938964844,48992281,198.55694580078125
2020-02-28,189.1999969482422,199.13999938964844,187.0399932861328,193.25999450683594,75458385,192.69418334960938
2020-03-02,200.0,201.39999389648438,187.8800048828125,193.32000732421875,52241026,192.7539825439453
2020-03-03,195.83999633789062,199.5399932861328,190.66000366210938,191.25999450683594,57610960,190.70001220703125
2020-03-04,193.6199951171875,197.25999450683594,191.74000549316406,193.4199981689453,50499013,192.85369873046875
2020-03-05,194.8000030517578,195.9600067138672,184.8000030517578,186.74000549316406,64007532,186.1932830810547
2020-03-06,180.74000549316406,183.52000427246094,173.75999450683594,174.05999755859375,56556927,173.55035400390625
2020-03-09,142.0,162.10000610351562,142.0,152.60000610351562,95469715,152.1531982421875
2020-03-10,157.02000427246094,166.72000122070312,154.10000610351562,155.39999389648438,84209488,154.94497680664062
2020-03-11,155.39999389648438,162.9029998779297,151.67999267578125,153.52000427246094,60050672,153.07049560546875
2020-03-12,144.32000732421875,145.9219970703125,126.12000274658203,127.12000274658203,98295408,126.7478256225586
2020-03-13,136.5,146.9199981689453,130.13999938964844,135.67999267578125,90806700,135.28274536132812
2020-03-16,129.10000610351562,133.0399932861328,118.80000305175781,130.72000122070312,72492805,130.3372802734375
2020-03-17,136.0,140.4600067138672,127.55999755859375,137.9600067138672,67594527,137.5561065673828
2020-03-18,130.02000427246094,134.24000549316406,126.73999786376953,128.89999389648438,63782209,128.5225830078125
2020-03-19,125.04000091552734,137.47999572753906,116.5270004272461,117.30000305175781,72589508,116.95655822753906
2020-03-20,122.5999984741211,128.8000030517578,118.13999938964844,119.58000183105469,109381986,119.22988891601562
2020-03-23,111.23999786376953,119.53299713134766,109.76000213623047,112.5,83192340,112.17061614990234
2020-03-24,118.5,128.0,115.95999908447266,128.0,82087005,127.62523651123047
2020-03-25,131.0,137.6999969482422,125.16400146484375,133.86000061035156,77533407,133.46804809570312
2020-03-26,127.86000061035156,133.4199981689453,126.01899719238281,132.13999938964844,56332721,131.7530975341797
2020-03-27,126.95999908447266,129.77999877929688,121.5,124.0,55125070,123.63695526123047
2020-03-30,125.37999725341797,129.75999450683594,118.37999725341797,119.0,49953724,118.65159606933594
2020-03-31,122.18000030517578,129.75999450683594,118.5,123.80000305175781,61902868,123.43753051757812
2020-04-01,119.26000213623047,121.18000030517578,117.13999938964844,119.16000366210938,43337909,118.81111145019531
2020-04-02,120.0,128.5800018310547,119.99800109863281,126.87999725341797,49977565,126.50851440429688
2020-04-03,126.58000183105469,127.30000305175781,120.0,120.0,48448570,119.64865112304688
2020-04-06,124.0199966430664,130.17999267578125,123.95999908447266,130.17999267578125,38423740,129.798828125
2020-04-07,135.55999755859375,144.82000732421875,134.94000244140625,141.47999572753906,63049246,141.06576538085938
2020-04-08,137.82000732421875,249.75,132.3000030517578,137.3000030517578,39275442,136.89797973632812
2020-04-09,142.17999267578125,145.63999938964844,136.1999969482422,144.75999450683594,57480405,144.3361358642578
2020-04-14,147.4600067138672,149.4770050048828,142.56199645996094,143.13999938964844,30878451,142.72091674804688
2020-04-15,144.47999572753906,144.47999572753906,133.1199951171875,134.44000244140625,37865730,134.04637145996094
2020-04-16,135.17999267578125,137.36000061035156,130.1199951171875,131.63999938964844,38045263,131.25454711914062
2020-04-17,137.0,146.77999877929688,136.6199951171875,141.27999877929688,63188340,140.86634826660156
2020-04-20,142.39999389648438,143.36500549316406,135.94000244140625,143.05999755859375,26834614,142.64114379882812
2020-04-21,138.4600067138672,140.0,132.39999389648438,133.5800018310547,48383660,133.1888885498047
2020-04-22,134.77999877929688,139.4199981689453,133.3000030517578,139.4199981689453,30809960,139.01182556152344
2020-04-23,140.44000244140625,144.72000122070312,138.86000061035156,143.44000244140625,61043572,143.02005004882812
2020-04-24,140.5,144.0399932861328,138.5399932861328,139.27999877929688,23712933,138.8721923828125
2020-04-27,142.97999572753906,144.18099975585938,138.52000427246094,139.97999572753906,23441158,139.57015991210938
2020-04-28,140.16000366210938,146.97999572753906,139.24000549316406,145.55999755859375,96250017,145.13380432128906
2020-04-29,145.72000122070312,156.36000061035156,145.72000122070312,154.72000122070312,49673363,154.26699829101562
2020-04-30,153.24000549316406,157.32000732421875,145.0800018310547,147.10000610351562,53212894,146.66932678222656
2020-05-01,142.55999755859375,142.55999755859375,136.75999450683594,139.77999877929688,31497055,139.3707275390625
2020-05-04,138.13999938964844,140.66000366210938,135.52000427246094,137.55999755859375,29326505,137.1572723388672
2020-05-05,142.0,146.13999938964844,141.22000122070312,143.74000549316406,49533843,143.31918334960938
2020-05-06,144.5800018310547,148.8800048828125,141.94000244140625,144.86000061035156,51064814,144.43588256835938
2020-05-07,145.60000610351562,150.36000061035156,144.33999633789062,148.17999267578125,36415592,147.7461395263672
2020-05-11,150.0,211.5800018310547,144.0,148.1999969482422,51457475,147.76609802246094
2020-05-12,147.0,150.39999389648438,144.74000549316406,147.44000244140625,31416732,147.00831604003906
2020-05-13,143.67999267578125,144.6199951171875,137.5800018310547,138.4600067138672,43101333,138.05462646484375
2020-05-14,136.0,137.6999969482422,130.32000732421875,136.5,43278410,136.100341796875
2020-05-15,139.5,144.9600067138672,138.77999877929688,141.27999877929688,54040989,140.86634826660156
2020-05-18,145.47999572753906,152.86000061035156,145.36000061035156,152.05999755859375,65922026,151.6147918701172
2020-05-19,153.16000366210938,156.7259979248047,150.4600067138672,154.0,50864276,153.54910278320312
2020-05-20,152.60000610351562,154.27999877929688,147.95399475097656,153.77999877929688,35741972,153.32972717285156
2020-05-21,151.02000427246094,154.40199279785156,149.02000427246094,150.5399932861328,49545617,150.0992431640625
2020-05-22,146.0,150.0,144.17999267578125,148.1199951171875,39054760,147.686279296875
2020-05-26,152.8000030517578,155.10000610351562,151.0800018310547,153.10000610351562,49485988,152.65176391601562
2020-05-27,153.97999572753906,159.3800048828125,152.76100158691406,156.55999755859375,40685731,156.1016082763672
2020-05-28,158.6199951171875,160.08700561523438,154.0,157.24000549316406,37695745,156.77963256835938
2020-05-29,155.27999877929688,155.89999389648438,149.17999267578125,149.82000732421875,114930363,149.38136291503906
2020-06-01,155.1999969482422,158.36000061035156,153.0,156.9600067138672,34818707,156.50045776367188
2020-06-02,158.32000732421875,163.97999572753906,157.1999969482422,161.8000030517578,48680445,161.32627868652344
2020-06-03,164.0399932861328,170.22000122070312,163.0399932861328,168.5,40765143,168.0066680908203
2020-06-04,167.02000427246094,172.25999450683594,164.74000549316406,169.16000366210938,52039040,168.66473388671875
2020-06-05,172.5,182.1199951171875,171.77999877929688,180.97999572753906,54464902,180.45013427734375
2020-06-08,180.83999633789062,184.75999450683594,178.97999572753906,181.74000549316406,39689323,181.20790100097656
2020-06-09,182.0,203.83999633789062,174.82000732421875,177.27999877929688,59299313,176.7609405517578
2020-06-10,177.5,181.0,173.9600067138672,178.74000549316406,36114752,178.2166748046875
2020-06-11,173.17999267578125,174.36000061035156,168.18099975585938,168.6999969482422,36137089,168.2060546875
2020-06-12,165.77999877929688,176.0,164.23599243164062,172.33999633789062,45850669,171.83543395996094
2020-06-15,164.3000030517578,182.60000610351562,163.65899658203125,167.97999572753906,34647149,167.48817443847656
2020-06-16,175.5,177.22000122070312,168.67999267578125,172.3800048828125,42743632,171.87530517578125
2020-06-17,172.3800048828125,174.8000030517578,170.80299377441406,172.10000610351562,42924160,171.59613037109375
2020-06-18,171.8000030517578,174.63999938964844,169.02000427246094,171.36000061035156,29404220,170.85826110839844
2020-06-19,172.67999267578125,174.4600067138672,171.01800537109375,171.97999572753906,63535655,171.47650146484375
2020-06-22,165.66000366210938,168.9600067138672,161.9600067138672,166.1999969482422,45882836,165.71339416503906
2020-06-23,167.0,175.0,166.56500244140625,172.24000549316406,33145357,171.7357177734375
2020-06-24,171.5399932861328,174.5399932861328,166.67999267578125,166.67999267578125,27416918,166.19200134277344
2020-06-25,163.39999389648438,168.72000122070312,163.39999389648438,167.5800018310547,27688475,167.08935546875
2020-06-26,168.32000732421875,172.39999389648438,166.74000549316406,166.74000549316406,22820985,166.25181579589844
2020-06-29,165.47999572753906,171.22000122070312,165.0,169.63999938964844,27911939,169.14332580566406
2020-06-30,170.0,172.10800170898438,167.6199951171875,171.22000122070312,30761381,170.71871948242188
2020-07-01,172.13999938964844,172.89999389648438,167.3800048828125,167.5,25167625,167.00958251953125
2020-07-02,169.82000732421875,175.55999755859375,169.1199951171875,172.55999755859375,30334400,172.0547637939453
2020-07-03,172.9199981689453,174.60000610351562,167.9199981689453,169.67999267578125,18988781,169.18316650390625
2020-07-06,174.33999633789062,176.67999267578125,172.8000030517578,175.13999938964844,23620552,174.62721252441406
2020-07-07,174.4199981689453,175.32000732421875,172.24000549316406,174.5800018310547,19482141,174.06887817382812
2020-07-08,172.67999267578125,175.55999755859375,172.0399932861328,172.86000061035156,23084125,172.35386657714844
2020-07-09,174.74000549316406,176.91799926757812,172.5399932861328,173.52000427246094,33886858,173.011962890625
2020-07-10,172.0,176.17999267578125,170.5,175.3800048828125,23917444,174.86651611328125
2020-07-13,178.3000030517578,181.60000610351562,176.67999267578125,178.39999389648438,25498679,177.87765502929688
2020-07-14,175.32000732421875,179.5800018310547,174.5399932861328,179.5800018310547,32097550,179.0542449951172
2020-07-15,182.5,187.8000030517578,181.9199981689453,182.72000122070312,39223709,182.18499755859375
2020-07-16,183.27999877929688,183.47999572753906,179.72000122070312,181.8000030517578,20231292,181.2677001953125
2020-07-17,181.8000030517578,184.10000610351562,180.83999633789062,183.82000732421875,31507620,183.28182983398438
2020-07-20,183.0,183.82000732421875,180.5,183.33999633789062,21043153,182.80322265625
2020-07-21,185.5,186.44000244140625,181.8800048828125,182.94000244140625,25797353,182.40440368652344
2020-07-22,183.02000427246094,183.63999938964844,177.44000244140625,178.82000732421875,35329921,178.2964630126953
2020-07-23,180.17999267578125,184.60000610351562,179.44000244140625,183.55999755859375,29380276,183.02255249023438
2020-07-24,180.0399932861328,183.83999633789062,177.76199340820312,182.8000030517578,32433522,182.2647705078125
2020-07-27,183.02000427246094,187.10000610351562,183.02000427246094,185.0,29477191,184.4583282470703
2020-07-28,185.10000610351562,187.3000030517578,181.3000030517578,183.10000610351562,23650535,182.5639190673828
2020-07-29,183.77999877929688,184.86000061035156,181.6199951171875,182.16000366210938,25319326,181.62667846679688
2020-07-30,183.0,183.5,174.1999969482422,177.05999755859375,32691494,176.54161071777344
2020-07-31,177.55999755859375,180.4199981689453,174.02000427246094,174.63999938964844,32286740,174.12867736816406
2020-08-03,174.63999938964844,181.10000610351562,173.52000427246094,180.9199981689453,28469972,180.39028930664062
2020-08-04,181.1999969482422,183.33999633789062,180.0,182.5399932861328,22176477,182.0055694580078
2020-08-05,183.89999389648438,196.1999969482422,183.89999389648438,196.1999969482422,63836538,195.62554931640625
2020-08-06,189.1199951171875,191.33999633789062,180.33999633789062,180.33999633789062,51804633,179.81199645996094
2020-08-07,179.0,180.69200134277344,173.77999877929688,174.55999755859375,50006393,174.04891967773438
2020-08-10,175.86000061035156,181.9600067138672,170.77999877929688,171.82000732421875,35888052,171.31695556640625
2020-08-11,173.8800048828125,178.63999938964844,173.71200561523438,177.8800048828125,37158117,177.3592071533203
2020-08-12,177.0800018310547,180.6999969482422,176.32000732421875,179.4600067138672,33555470,178.93460083007812
2020-08-13,177.0,178.10000610351562,174.89999389648438,176.13999938964844,22242458,175.62425231933594
2020-08-14,173.32000732421875,173.82000732421875,169.1199951171875,170.52000427246094,30132548,170.020751953125
2020-08-17,170.94000244140625,174.9600067138672,170.89999389648438,174.0,26584373,173.49053955078125
2020-08-18,171.72000122070312,175.9600067138672,171.02000427246094,172.02000427246094,24542066,171.51634216308594
2020-08-19,171.86000061035156,176.1199951171875,171.1999969482422,176.1199951171875,27480634,175.6043243408203
2020-08-20,172.5,173.3000030517578,168.52000427246094,168.77999877929688,29913315,168.28582763671875
2020-08-21,169.47999572753906,170.4199981689453,166.05999755859375,168.33999633789062,38634363,167.8471221923828
2020-08-24,170.22000122070312,172.4199981689453,166.15699768066406,171.89999389648438,21441198,171.39669799804688
2020-08-25,172.36000061035156,174.5399932861328,168.0399932861328,168.0399932861328,24524067,167.54798889160156
2020-08-26,168.44000244140625,170.0800018310547,166.58099365234375,169.60000610351562,20071141,169.1034393310547
2020-08-27,169.74000549316406,171.5399932861328,167.75999450683594,167.75999450683594,22970768,167.26881408691406
2020-08-28,169.1999969482422,170.32000732421875,166.60000610351562,169.17999267578125,32922529,168.6846466064453
2020-09-01,172.0,175.86000061035156,169.5399932861328,172.83999633789062,44753369,172.33396911621094
2020-09-02,174.6999969482422,178.27999877929688,173.83999633789062,174.3800048828125,24374150,173.86944580078125
2020-09-03,175.27999877929688,177.22000122070312,165.9199981689453,166.74000549316406,29961334,166.25181579589844
2020-09-04,165.6999969482422,172.56900024414062,165.08099365234375,171.44000244140625,29942030,170.93804931640625
2020-09-07,173.36000061035156,176.0399932861328,172.5,175.32000732421875,15110610,174.80670166015625
2020-09-08,176.17999267578125,177.5260009765625,171.02000427246094,174.3000030517578,34164831,173.78968811035156
2020-09-09,174.33999633789062,176.13999938964844,173.22000122070312,174.97999572753906,44970973,174.4676971435547
2020-09-10,174.0399932861328,177.10699462890625,172.25999450683594,174.77999877929688,24075859,174.2682647705078
2020-09-11,174.1199951171875,182.8000030517578,173.75999450683594,182.0,30086769,181.4671173095703
2020-09-14,182.4600067138672,184.1199951171875,179.83999633789062,181.63999938964844,24952980,181.10818481445312
2020-09-15,184.97999572753906,188.33999633789062,182.89999389648438,186.0399932861328,40374211,185.4953155517578
2020-09-16,185.5800018310547,188.24000549316406,184.4199981689453,185.8000030517578,39225981,185.25604248046875
2020-09-17,182.5,185.83999633789062,180.468994140625,185.0,19588763,184.4583282470703
2020-09-18,186.1199951171875,187.0,180.60000610351562,180.60000610351562,78774702,180.07122802734375
2020-09-21,178.0,178.30499267578125,172.0,173.13999938964844,30056101,172.63307189941406
2020-09-22,173.9600067138672,177.22000122070312,171.97999572753906,172.10000610351562,27060014,171.59613037109375
2020-09-23,174.9199981689453,176.44000244140625,170.86000061035156,170.86000061035156,22886291,170.3597412109375
2020-09-24,168.0,171.83999633789062,166.72999572753906,168.9600067138672,26746347,168.46534729003906
2020-09-25,169.82000732421875,171.16000366210938,165.5800018310547,167.3800048828125,17432827,166.88990783691406
2020-09-28,169.0,170.8000030517578,164.27999877929688,164.5800018310547,54867632,164.09812927246094
2020-09-29,164.27999877929688,164.86000061035156,161.8000030517578,162.16000366210938,28291354,161.6852264404297
2020-09-30,161.9199981689453,164.39999389648438,160.02000427246094,160.9600067138672,26091390,160.48873901367188
2020-10-01,162.86000061035156,164.24000549316406,157.6999969482422,159.3800048828125,30166535,158.913330078125
2020-10-02,156.60000610351562,162.27999877929688,153.0399932861328,161.75999450683594,26715396,161.286376953125
2020-10-05,164.3800048828125,165.5,161.60000610351562,163.72000122070312,24271536,163.24066162109375
2020-10-06,163.82000732421875,167.63999938964844,161.75999450683594,164.86000061035156,64174989,164.3773193359375
2020-10-07,166.3000030517578,171.36000061035156,165.36000061035156,169.39999389648438,50781723,168.90399169921875
2020-10-08,169.3000030517578,172.63999938964844,167.1199951171875,169.77999877929688,23922484,169.2828826904297
2020-10-09,171.6199951171875,177.5399932861328,171.52000427246094,173.0,40799136,172.49346923828125
2020-10-12,173.83999633789062,175.89999389648438,171.27999877929688,171.27999877929688,17888260,170.77854919433594
2020-10-13,170.1999969482422,170.75999450683594,166.89999389648438,168.33999633789062,25130518,167.8471221923828
2020-10-14,169.4199981689453,170.16000366210938,167.45799255371094,168.77999877929688,24688980,168.28582763671875
2020-10-15,166.8800048828125,166.8800048828125,161.0,162.72000122070312,26747538,162.24359130859375
2020-10-16,164.6999969482422,166.0399932861328,161.5,163.55999755859375,59188433,163.0811309814453
2020-10-19,164.13999938964844,167.10000610351562,163.6999969482422,165.4199981689453,19104651,164.93563842773438
2020-10-20,164.1999969482422,170.16000366210938,163.09100341796875,168.4600067138672,19996833,167.96678161621094
2020-10-21,170.13999938964844,171.22000122070312,166.0590057373047,167.16000366210938,25742040,166.6706085205078
2020-10-22,166.72000122070312,168.10000610351562,163.33999633789062,165.05999755859375,19206319,164.57672119140625
2020-10-23,164.39999389648438,169.82000732421875,164.0800018310547,167.47999572753906,18940347,166.9896240234375
2020-10-26,164.36000061035156,169.7570037841797,163.5,166.24000549316406,14097270,165.7532501220703
2020-10-27,166.13999938964844,166.13999938964844,159.89999389648438,160.5399932861328,47880667,160.06993103027344
2020-10-28,159.0399932861328,160.86000061035156,154.3000030517578,156.27999877929688,30605435,155.8224334716797
2020-10-29,155.0800018310547,157.67999267578125,152.72000122070312,155.5,36682699,155.04470825195312
2020-10-30,152.9199981689453,155.89999389648438,150.5919952392578,155.89999389648438,22869291,155.4435577392578
2020-11-02,155.25999450683594,158.16000366210938,154.1999969482422,156.83999633789062,16684591,156.38082885742188
2020-11-03,159.52000427246094,162.97999572753906,158.77999877929688,160.72000122070312,21182010,160.2494659423828
2020-11-04,156.6999969482422,162.36000061035156,153.52000427246094,162.33999633789062,27429648,161.8647003173828
2020-11-05,162.83999633789062,166.02000427246094,160.6199951171875,164.13999938964844,22347299,163.659423828125
2020-11-06,164.94000244140625,170.0800018310547,163.0399932861328,170.0,44988410,169.50225830078125
2020-11-09,172.8000030517578,187.24000549316406,172.1999969482422,180.17999267578125,49305529,179.6524658203125
2020-11-10,180.39999389648438,189.0,180.17999267578125,187.52000427246094,43653778,186.97096252441406
2020-11-11,186.47999572753906,189.5800018310547,186.26100158691406,188.39999389648438,35945973,187.84840393066406
2020-11-12,186.22000122070312,189.66000366210938,185.25999450683594,188.5800018310547,36044976,188.02786254882812
2020-11-13,186.1999969482422,190.36000061035156,185.36000061035156,189.5399932861328,29740709,188.9850616455078
2020-11-16,192.24000549316406,198.52000427246094,192.09100341796875,195.0800018310547,49638368,194.5088653564453
2020-11-17,195.0,196.77999877929688,190.66000366210938,192.6999969482422,37981966,192.13580322265625
2020-11-18,192.5399932861328,194.55999755859375,192.5399932861328,193.86000061035156,24253065,193.29238891601562
2020-11-19,190.97999572753906,191.55999755859375,188.66000366210938,190.44000244140625,44661168,189.88243103027344
2020-11-20,190.4600067138672,196.05999755859375,189.60000610351562,195.05999755859375,45826527,194.4888916015625
2020-11-23,197.10000610351562,201.8249969482422,197.0240020751953,199.67999267578125,41120571,199.0953369140625
2020-11-24,205.0,211.6999969482422,203.0500030517578,211.60000610351562,60027476,210.98045349121094
2020-11-25,212.3000030517578,215.14999389648438,208.5,215.0,48784296,214.37049865722656
2020-11-26,215.6999969482422,216.10000610351562,211.89999389648438,212.1999969482422,25047639,211.5786895751953
2020-11-27,211.39999389648438,214.89999389648438,209.85000610351562,213.5500030517578,53250454,212.9247589111328
2020-11-30,212.89999389648438,217.10000610351562,211.85000610351562,211.85000610351562,49759528,211.22972106933594
2020-12-01,213.4499969482422,220.60000610351562,213.0,219.9499969482422,30398283,219.3060302734375
2020-12-02,220.60000610351562,258.29998779296875,219.0,222.8000030517578,32395477,222.1476593017578
2020-12-03,222.8000030517578,232.5500030517578,221.8000030517578,230.5,44169237,229.8251190185547
2020-12-04,233.1999969482422,239.8000030517578,231.5500030517578,237.64999389648438,75211908,236.95420837402344
2020-12-07,240.0,241.64999389648438,235.76499938964844,239.3000030517578,29757307,238.599365234375
2020-12-08,237.1999969482422,239.35000610351562,235.85000610351562,237.5,25350839,236.80459594726562
2020-12-09,241.60000610351562,241.9499969482422,237.6999969482422,237.6999969482422,24852001,237.00404357910156
2020-12-10,240.64999389648438,241.5,236.8000030517578,239.0500030517578,28044651,238.35012817382812
2020-12-11,239.0500030517578,239.8000030517578,235.14999389648438,237.25,29427243,236.5553741455078
2020-12-14,237.14999389648438,239.3000030517578,235.60000610351562,235.9499969482422,58427859,235.25917053222656
2020-12-15,236.14999389648438,240.39999389648438,235.3000030517578,240.39999389648438,77889793,239.69613647460938
2020-12-16,241.85000610351562,245.1999969482422,240.60000610351562,242.8000030517578,43342213,242.08912658691406
2020-12-17,245.0,245.89999389648438,239.4499969482422,241.8000030517578,68796526,241.09205627441406
2020-12-18,243.5500030517578,244.64999389648438,240.39999389648438,242.0500030517578,69774532,241.34132385253906
2020-12-21,237.89999389648438,244.64999389648438,229.0,235.6999969482422,30196980,235.00990295410156
2020-12-22,233.0,235.14999389648438,232.39999389648438,232.64999389648438,17091905,231.9688262939453
2020-12-23,233.64999389648438,237.3000030517578,233.0,236.5500030517578,16276592,235.85743713378906
2020-12-24,236.5500030517578,237.1999969482422,233.76499938964844,235.0,5302885,234.31195068359375
2020-12-29,235.89999389648438,238.64999389648438,233.10000610351562,235.60000610351562,19808846,234.9102325439453
2020-12-30,234.9499969482422,237.3000030517578,233.8209991455078,236.60000610351562,11502510,235.90728759765625
2020-12-31,232.9499969482422,235.35000610351562,230.85000610351562,233.0,10314658,232.31784057617188
2021-01-04,237.64999389648438,250.72000122070312,237.5500030517578,245.39999389648438,47774095,244.6815185546875
2021-01-05,245.39999389648438,254.54800415039062,244.75,254.10000610351562,36516581,253.3560333251953
2021-01-06,257.8999938964844,275.5690002441406,247.20199584960938,273.95001220703125,61745936,273.14794921875
2021-01-07,276.79998779296875,279.5,270.8059997558594,278.54998779296875,33548398,277.7344055175781
2021-01-08,279.6000061035156,282.29998779296875,273.5,276.45001220703125,28813831,275.6405944824219
2021-01-11,272.6499938964844,275.3500061035156,267.8500061035156,270.54998779296875,31248934,269.7578430175781
2021-01-12,272.0,278.0,270.75,276.3999938964844,29337747,275.59075927734375
2021-01-13,278.0,280.70001220703125,276.79998779296875,277.25,30060208,276.438232421875
2021-01-14,277.6499938964844,285.0,277.29998779296875,285.0,59482774,284.1655578613281
2021-01-15,283.45001220703125,287.1000061035156,275.5,279.8999938964844,52232820,279.08050537109375
2021-01-18,279.0,279.6499938964844,270.5,276.8500061035156,18051034,276.03936767578125
2021-01-19,279.8999938964844,283.20001220703125,273.54998779296875,273.75,24296042,272.9484558105469
2021-01-20,277.45001220703125,281.8999938964844,275.1499938964844,280.29998779296875,24042277,279.47930908203125
2021-01-21,282.20001220703125,283.1000061035156,276.1499938964844,276.5,19953477,275.6904602050781
2021-01-22,273.1000061035156,277.79998779296875,267.5,270.79998779296875,26370749,270.00714111328125
2021-01-25,273.3999938964844,274.8500061035156,251.6999969482422,259.75,39125404,258.98944091796875
2021-01-26,256.45001220703125,259.75,254.25,255.0,32495225,254.25341796875
2021-01-27,252.6999969482422,252.6999969482422,235.0,237.8000030517578,74629866,237.10377502441406
2021-01-28,234.85000610351562,252.9250030517578,230.0500030517578,248.6999969482422,43781112,247.9718475341797
2021-01-29,242.8000030517578,252.10000610351562,242.0500030517578,246.39999389648438,37390850,245.67857360839844
2021-02-01,250.0,257.6000061035156,249.0,249.89999389648438,28473820,249.1683349609375
2021-02-02,249.5,253.10000610351562,243.39999389648438,246.8000030517578,33595612,246.07742309570312
2021-02-03,250.0,251.5,242.1300048828125,248.9499969482422,37828960,248.2211151123047
2021-02-04,251.1999969482422,252.73899841308594,245.69200134277344,247.39999389648438,36200286,246.6756591796875
2021-02-05,248.25,259.55999755859375,246.79200744628906,259.20001220703125,49851437,258.4411315917969
2021-02-08,263.0,268.20001220703125,260.1499938964844,264.6499938964844,32787154,263.8751525878906
2021-02-09,265.0,268.8999938964844,262.6499938964844,263.3999938964844,26408784,262.6287841796875
2021-02-10,268.79998779296875,276.45001220703125,266.3999938964844,270.5,61842766,269.7079772949219
2021-02-11,272.1000061035156,272.8999938964844,267.5,269.5,30177758,268.7109069824219
2021-02-12,268.0,269.5199890136719,263.1000061035156,268.79998779296875,21920398,268.01300048828125
2021-02-15,272.6499938964844,282.9800109863281,272.29998779296875,282.29998779296875,32659219,281.4734802246094
2021-02-16,290.0,293.8999938964844,219.6999969482422,288.0,56131231,287.15673828125
2021-02-17,287.54998779296875,294.6499938964844,285.04998779296875,288.20001220703125,49768475,287.3562316894531
2021-02-18,291.79998779296875,297.54998779296875,288.25,288.3500061035156,44597126,287.5057678222656
2021-02-19,289.75,302.5050048828125,289.29998779296875,300.1499938964844,100512210,299.2712097167969
2021-02-22,310.0,310.0,288.3500061035156,304.54998779296875,51692647,303.6582946777344
2021-02-23,310.0,310.54998779296875,292.04998779296875,303.54998779296875,101036987,302.6612854003906
2021-02-24,301.04998779296875,307.29998779296875,298.1000061035156,302.5,34699330,301.61431884765625
2021-02-25,308.25,309.29998779296875,303.8500061035156,305.0,38985551,304.1069641113281
2021-02-26,296.1000061035156,302.1499938964844,289.1000061035156,290.70001220703125,63064669,289.848876953125
2021-03-01,295.8500061035156,299.8500061035156,294.29998779296875,296.3500061035156,42284741,295.4823303222656
2021-03-02,294.45001220703125,300.8999938964844,291.79998779296875,298.1499938964844,33742994,297.27703857421875
2021-03-03,302.6499938964844,304.95001220703125,295.95001220703125,299.70001220703125,53284663,298.82257080078125
2021-03-04,292.6499938964844,299.70001220703125,282.8999938964844,286.29998779296875,42557105,285.4617004394531
2021-03-05,283.1499938964844,292.95001220703125,280.3500061035156,283.0,38165625,282.1714172363281
2021-03-08,287.29998779296875,292.1499938964844,283.0,292.1499938964844,46407508,291.29461669921875
2021-03-09,284.8500061035156,289.45001220703125,279.5,284.8999938964844,80408478,284.0658874511719
2021-03-10,283.95001220703125,287.20001220703125,279.7449951171875,283.3500061035156,41215229,282.52044677734375
2021-03-11,289.79998779296875,291.20001220703125,284.1000061035156,289.25,48876957,288.4031066894531
2021-03-12,287.6499938964844,291.0,285.45001220703125,290.25,21927249,289.4001770019531
2021-03-15,291.3500061035156,294.3999938964844,282.3999938964844,285.1000061035156,26476593,284.2652282714844
2021-03-16,285.70001220703125,288.3500061035156,282.7820129394531,286.5,68895478,285.6611022949219
2021-03-17,286.54998779296875,286.70001220703125,281.04998779296875,282.29998779296875,40634459,281.4734802246094
2021-03-18,284.6000061035156,287.760986328125,283.25,287.5,39951317,286.658203125
2021-03-19,281.8999938964844,285.6499938964844,275.5,282.0,70242260,281.1743469238281
2021-03-22,279.3999938964844,283.6000061035156,276.6000061035156,279.45001220703125,23454126,278.6318359375
2021-03-23,277.29998779296875,279.79998779296875,271.25,272.0,46934106,271.20361328125
2021-03-24,269.25,278.1499938964844,267.0,278.1499938964844,36322078,277.3356018066406
2021-03-25,274.29998779296875,274.95001220703125,263.5,268.8500061035156,45964670,268.0628356933594
2021-03-26,273.6499938964844,286.3999938964844,273.1000061035156,286.3999938964844,47465617,285.5614929199219
2021-03-29,284.3500061035156,286.3999938964844,273.33599853515625,284.70001220703125,30500339,283.8664855957031
2021-03-30,286.3999938964844,289.7969970703125,283.75,286.04998779296875,21877372,285.2124938964844
2021-03-31,286.45001220703125,289.1499938964844,284.25,284.25,24873858,283.4178161621094
2021-04-01,285.8999938964844,289.4429931640625,283.75,285.6499938964844,23893817,284.81365966796875
2021-04-06,291.1000061035156,296.3999938964844,291.1000061035156,291.6499938964844,30755851,290.7961120605469
2021-04-07,292.54998779296875,295.9779968261719,290.3999938964844,293.1000061035156,26117845,292.2419128417969
2021-04-08,295.6000061035156,296.1499938964844,290.1000061035156,294.29998779296875,52579654,293.4383239746094
2021-04-09,293.75,294.70001220703125,285.6000061035156,288.70001220703125,34634143,287.85467529296875
2021-04-12,285.0,288.0639953613281,283.1499938964844,286.20001220703125,35590269,285.362060546875
2021-04-13,287.3999938964844,288.54998779296875,284.8500061035156,286.8999938964844,25397252,286.0599670410156
2021-04-14,293.70001220703125,302.5,289.3999938964844,302.5,36300610,301.61431884765625
2021-04-15,305.04998779296875,306.8500061035156,246.3699951171875,303.20001220703125,51790570,302.312255859375
2021-04-16,303.95001220703125,305.04998779296875,299.8179931640625,302.0,70893063,301.1157531738281
2021-04-19,304.0,304.75,301.2030029296875,303.79998779296875,36610175,302.9104919433594
2021-04-20,303.1000061035156,305.25,289.3999938964844,290.75,46859486,289.89874267578125
2021-04-21,293.29998779296875,295.54998779296875,288.3999938964844,292.8999938964844,28507906,292.04241943359375
2021-04-22,291.95001220703125,293.5,289.79998779296875,292.5,22484277,291.6864318847656
2021-04-23,292.25,297.95001220703125,290.29998779296875,296.25,38354571,295.42596435546875
2021-04-26,298.70001220703125,306.5060119628906,296.38299560546875,306.20001220703125,28527877,305.3483581542969
2021-04-27,308.79998779296875,308.79998779296875,300.6499938964844,302.1000061035156,45249841,301.2597351074219
2021-04-28,302.0,305.79998779296875,301.45001220703125,302.8500061035156,36008890,302.0076599121094
2021-04-29,305.0,305.70001220703125,298.04998779296875,300.0,29023618,299.16558837890625
2021-04-30,300.25,301.70001220703125,294.8800048828125,295.20001220703125,48961865,294.3789367675781
2021-05-04,296.3500061035156,304.21099853515625,295.29998779296875,296.20001220703125,36685450,295.3761901855469
2021-05-05,300.8999938964844,309.8999938964844,300.70001220703125,309.8999938964844,45595937,309.0380859375
2021-05-06,310.0,312.5979919433594,306.3999938964844,312.29998779296875,72386585,311.4313659667969
2021-05-07,315.0,323.47100830078125,311.20001220703125,322.75,60963157,321.8522644042969
2021-05-10,329.20001220703125,331.79998779296875,323.29998779296875,331.25,61544613,330.3287048339844
2021-05-11,326.0,329.3500061035156,320.54998779296875,327.8999938964844,65281862,326.98797607421875
2021-05-12,335.0,339.3999938964844,329.6000061035156,333.1000061035156,53751709,332.17352294921875
2021-05-13,327.20001220703125,329.20001220703125,317.0,324.3999938964844,43810239,323.49774169921875
2021-05-14,324.3999938964844,329.6000061035156,319.27099609375,324.6000061035156,31862467,323.6971435546875
2021-05-17,326.04998779296875,327.5,318.95001220703125,325.1499938964844,37361272,324.2456359863281
2021-05-18,333.04998779296875,334.8999938964844,324.3999938964844,324.6000061035156,38093607,323.6971435546875
2021-05-19,317.1499938964844,322.04998779296875,308.79998779296875,313.79998779296875,42322602,312.9272155761719
2021-05-20,318.8999938964844,320.54998779296875,308.8500061035156,311.70001220703125,42462414,310.83306884765625
2021-05-21,311.6499938964844,315.8999938964844,308.95001220703125,310.3500061035156,22926196,309.4867858886719
2021-05-24,310.20001220703125,313.20001220703125,308.3299865722656,311.70001220703125,17725314,310.83306884765625
2021-05-25,314.75,314.75,305.29998779296875,305.29998779296875,23002977,304.4508056640625
2021-05-26,306.20001220703125,307.8500061035156,303.0,307.5,25778967,306.64471435546875
2021-05-27,310.0,322.95001220703125,307.5,321.75,56036132,320.8551025390625
2021-05-28,324.5,326.0,319.20001220703125,321.45001220703125,31639494,320.5560302734375
2021-06-01,328.45001220703125,334.1000061035156,327.84600830078125,331.0,32732244,330.079345703125
2021-06-02,330.0,334.45001220703125,327.6499938964844,333.54998779296875,32161454,332.62225341796875
2021-06-03,334.6000061035156,336.04998779296875,323.3999938964844,325.04998779296875,39495415,324.1459045410156
2021-06-04,325.6499938964844,330.75,324.510009765625,329.75,18185730,328.83282470703125
2021-06-07,329.0,329.29998779296875,322.7040100097656,323.70001220703125,18353780,322.7996520996094
2021-06-08,322.5,325.75,320.5,323.75,20136681,322.84954833984375
2021-06-09,323.6000061035156,324.3999938964844,316.79998779296875,318.6499938964844,29374510,317.7637023925781
2021-06-10,320.70001220703125,324.25,317.75,319.8999938964844,28536984,319.01025390625
2021-06-11,322.95001220703125,330.75,322.75,329.1000061035156,52027082,328.18463134765625
2021-06-14,326.95001220703125,330.489013671875,325.3500061035156,327.6499938964844,54694235,326.7386779785156
2021-06-15,325.95001220703125,327.04998779296875,317.20001220703125,321.0,50974476,320.107177734375
2021-06-16,318.0,319.6000061035156,310.75,317.04998779296875,50083387,316.16815185546875
2021-06-17,314.3500061035156,314.3500061035156,305.1499938964844,305.6000061035156,44173068,304.74993896484375
2021-06-18,303.0,307.29998779296875,294.79998779296875,297.54998779296875,162595219,296.7223815917969
2021-06-21,292.79998779296875,303.0,289.6499938964844,301.25,32210400,300.4120788574219
2021-06-22,304.1499938964844,308.79998779296875,300.95001220703125,307.6000061035156,45356271,306.744384765625
2021-06-23,309.5,314.8500061035156,307.20001220703125,310.1000061035156,40960272,309.2375183105469
2021-06-24,310.6499938964844,315.20001220703125,308.2619934082031,314.1499938964844,37275985,313.2762145996094
2021-06-25,314.75,318.25,313.8999938964844,315.20001220703125,42474134,314.3233642578125
2021-06-28,313.6000061035156,315.45001220703125,309.5,309.54998779296875,23563275,308.68896484375
2021-06-29,311.0,315.75,308.1000061035156,313.70001220703125,19493232,312.8274841308594
2021-06-30,313.5,314.45001220703125,306.29998779296875,309.45001220703125,27736852,308.58929443359375
2021-07-01,311.8999938964844,316.45001220703125,308.510986328125,310.5,24745721,309.63641357421875
2021-07-02,310.5,317.79998779296875,310.0,315.1499938964844,23327946,314.2734375
2021-07-05,316.25,322.20001220703125,315.0,320.1499938964844,21061632,319.25958251953125
2021-07-06,322.25,322.8500061035156,307.6000061035156,310.0,34948941,309.13775634765625
2021-07-07,312.1499938964844,320.6000061035156,312.1499938964844,318.1499938964844,54377731,317.2651062011719
2021-07-08,315.0,315.0,302.79998779296875,307.6499938964844,38586174,306.79437255859375
2021-07-09,309.70001220703125,319.75,308.04998779296875,319.3999938964844,37912369,318.51165771484375
2021-07-12,318.8999938964844,319.0,310.8500061035156,317.04998779296875,36495306,316.16815185546875
2021-07-13,317.70001220703125,319.75,312.3999938964844,313.75,23376526,312.8773498535156
2021-07-14,312.75,321.8500061035156,310.8500061035156,319.25,31366708,318.3620300292969
2021-07-15,319.3500061035156,322.0,314.79998779296875,320.04998779296875,39348449,319.1598205566406
2021-07-16,320.20001220703125,321.1000061035156,306.45001220703125,309.0,42595179,308.1405029296875
2021-07-19,304.6000061035156,304.6000061035156,290.9549865722656,296.20001220703125,56887905,295.3761901855469
2021-07-20,298.25,304.3500061035156,295.75,302.1499938964844,55315987,301.30963134765625
2021-07-21,303.25,315.3999938964844,302.04998779296875,314.1000061035156,31822767,313.2264099121094
2021-07-22,315.5,318.1059875488281,311.45001220703125,311.6499938964844,22114648,310.7831726074219
2021-07-23,315.79998779296875,317.45001220703125,313.3999938964844,315.75,20819312,314.87176513671875
2021-07-26,317.0,327.75,315.8999938964844,326.20001220703125,36326961,325.292724609375
2021-07-27,324.75,324.75,317.8500061035156,323.6000061035156,29004292,322.699951171875
2021-07-28,321.0,327.1499938964844,318.8500061035156,326.95001220703125,41113162,326.0406494140625
2021-07-29,329.0,333.1000061035156,229.9499969482422,329.45001220703125,42930012,328.53369140625
2021-07-30,325.0,326.75,318.25,323.54998779296875,33092283,322.6500244140625
2021-08-02,325.70001220703125,330.54998779296875,325.70001220703125,326.79998779296875,24220051,325.89105224609375
2021-08-03,326.5,331.25,324.70001220703125,330.1000061035156,29321436,329.1819152832031
2021-08-04,332.1000061035156,333.95001220703125,325.75,329.29998779296875,38795248,328.38409423828125
2021-08-05,334.0,334.1000061035156,319.54998779296875,324.0,50081251,323.0988464355469
2021-08-06,322.54998779296875,328.75,321.04998779296875,325.3999938964844,31968210,324.4949645996094
2021-08-09,324.0,326.79998779296875,320.20001220703125,325.54998779296875,18754188,324.64447021484375
2021-08-10,325.6499938964844,332.3500061035156,323.0,330.45001220703125,26824571,329.5309143066406
2021-08-11,331.1000061035156,341.52099609375,331.1000061035156,341.3500061035156,69336221,340.4006042480469
2021-08-12,341.5,341.95001220703125,337.82000732421875,339.3500061035156,49451183,338.40606689453125
2021-08-13,340.04998779296875,341.0,333.3500061035156,336.8500061035156,20778707,335.9130859375
2021-08-16,332.04998779296875,332.8999938964844,325.1499938964844,329.70001220703125,45772515,328.78302001953125
2021-08-17,328.8999938964844,328.8999938964844,323.5,324.54998779296875,27693194,323.6473083496094
2021-08-18,324.95001220703125,325.8269958496094,315.25,318.25,51817343,317.3648376464844
2021-08-19,310.0,310.95001220703125,302.54998779296875,307.1000061035156,83069908,306.245849609375
2021-08-20,308.75,310.79998779296875,304.8450012207031,309.6000061035156,45455606,308.7388916015625
2021-08-23,315.29998779296875,319.75,314.29998779296875,317.5,42960563,316.6169128417969
2021-08-24,320.04998779296875,327.20001220703125,319.8840026855469,325.70001220703125,46540941,324.79412841796875
2021-08-25,325.04998779296875,329.6000061035156,322.75,328.95001220703125,35452433,328.03509521484375
2021-08-26,325.5,328.20001220703125,324.7300109863281,325.1000061035156,19974058,324.1957702636719
2021-08-27,325.25,333.70001220703125,325.25,332.54998779296875,23525153,331.6250305175781
2021-08-31,333.3999938964844,335.6000061035156,325.75,327.3999938964844,41631195,326.4893798828125
2021-09-01,327.1499938964844,330.8999938964844,324.8500061035156,329.29998779296875,37340105,328.38409423828125
2021-09-02,324.20001220703125,330.29998779296875,324.0,329.1499938964844,34710347,328.334228515625
2021-09-03,329.95001220703125,335.95001220703125,327.5,333.04998779296875,43566021,332.2245788574219
2021-09-06,333.75,340.3999938964844,332.6000061035156,338.20001220703125,32977220,337.3617858886719
2021-09-07,338.1000061035156,340.45001220703125,336.47900390625,337.6000061035156,25583695,336.7633056640625
2021-09-08,337.25,338.79998779296875,332.5,334.20001220703125,25500071,333.3717041015625
2021-09-09,330.8500061035156,333.0,329.3500061035156,332.1499938964844,29208089,331.3267822265625
2021-09-10,335.0,338.79998779296875,333.7550048828125,336.0,34334708,335.1672668457031
2021-09-13,336.75,341.3999938964844,336.04998779296875,339.8999938964844,3171156,339.0575866699219
2021-09-14,333.5,338.59600830078125,331.1000061035156,335.8999938964844,48105312,335.0674743652344
2021-09-15,336.25,342.8999938964844,335.3500061035156,340.3999938964844,55889784,339.5563659667969
2021-09-16,340.0,341.30999755859375,331.6000061035156,333.0,60133844,332.1746520996094
2021-09-17,338.0,339.29998779296875,323.8999938964844,327.20001220703125,195131324,326.38909912109375
2021-09-20,318.0,319.25,305.0669860839844,314.79998779296875,71415830,314.0197448730469
2021-09-21,317.75,322.1499938964844,311.5,312.0,58074387,311.22674560546875
2021-09-22,321.3500061035156,326.5,318.5660095214844,324.20001220703125,49606461,323.396484375
2021-09-23,329.54998779296875,375.79998779296875,324.20001220703125,329.29998779296875,45876667,328.48382568359375
2021-09-24,328.04998779296875,331.54998779296875,326.6000061035156,330.5,22052761,329.68084716796875
2021-09-27,335.25,337.5,330.3500061035156,336.54998779296875,47753308,335.7158508300781
2021-09-28,336.95001220703125,345.75,336.45001220703125,344.25,60469491,343.39678955078125
2021-09-29,345.79998779296875,352.04998779296875,342.8500061035156,347.79998779296875,52797227,346.9379577636719
2021-09-30,348.20001220703125,352.8999938964844,345.95001220703125,351.8500061035156,55114227,350.97796630859375
2021-10-01,347.5,353.45001220703125,343.8999938964844,350.70001220703125,56817107,349.83087158203125
2021-10-04,351.04998779296875,360.6499938964844,349.79998779296875,355.0,45852923,354.1201171875
2021-10-05,360.0,369.0669860839844,356.75,367.6000061035156,54553177,366.68896484375
2021-10-06,365.0,366.5,358.20001220703125,360.20001220703125,55267450,359.3072509765625
2021-10-07,364.6000061035156,368.45001220703125,355.0,358.3999938964844,62836806,357.51177978515625
2021-10-08,356.6499938964844,359.25,354.0830078125,355.29998779296875,38508482,354.41937255859375
2021-10-11,358.0,370.20001220703125,355.8500061035156,367.0,39504475,366.0903625488281
2021-10-12,362.54998779296875,371.79998779296875,360.6499938964844,371.0,50588850,370.0804748535156
2021-10-13,366.25,374.95001220703125,366.25,372.25,68289194,371.3274230957031
2021-10-14,377.45001220703125,386.3999938964844,376.7720031738281,384.79998779296875,85651011,383.8462219238281
2021-10-15,389.0,392.29998779296875,387.5,390.54998779296875,67388115,389.5820007324219
2021-10-18,394.5,397.54998779296875,391.3500061035156,392.45001220703125,70513153,391.47735595703125
2021-10-19,395.70001220703125,397.79998779296875,376.3999938964844,380.70001220703125,62356746,379.7564697265625
2021-10-20,378.0,379.25,373.64599609375,377.95001220703125,43715523,377.01324462890625
2021-10-21,373.0,374.8999938964844,366.45001220703125,368.54998779296875,49479180,367.63653564453125
2021-10-22,368.25,372.75,364.5,367.0,29114615,366.0903625488281
2021-10-25,371.1499938964844,374.29998779296875,369.54998779296875,371.8999938964844,20917396,370.9782409667969
2021-10-26,372.3500061035156,374.25,367.9849853515625,369.8999938964844,23990928,368.9831848144531
2021-10-27,363.25,365.54998779296875,357.3500061035156,360.1000061035156,51483624,359.20751953125
2021-10-28,358.1499938964844,361.3500061035156,355.6000061035156,359.3999938964844,34567294,358.5092468261719
2021-10-29,356.25,367.04998779296875,350.94000244140625,365.25,43878062,364.3447570800781
2021-11-01,366.25,372.6000061035156,350.94000244140625,365.8999938964844,29419170,364.9931335449219
2021-11-02,359.25,360.6499938964844,351.3429870605469,354.25,39378651,353.3719787597656
2021-11-03,361.95001220703125,363.3500061035156,355.1000061035156,355.5,31175740,354.6188659667969
2021-11-04,358.79998779296875,360.45001220703125,352.3999938964844,354.0,41077086,353.1226501464844
2021-11-05,353.3999938964844,355.6499938964844,350.79998779296875,353.3999938964844,22721123,352.52410888671875
2021-11-08,354.79998779296875,361.6000061035156,352.6610107421875,360.45001220703125,35657665,359.5566711425781
2021-11-09,359.0,420.0299987792969,354.70001220703125,355.45001220703125,45751463,354.569091796875
2021-11-10,354.1499938964844,358.0889892578125,350.6000061035156,355.3500061035156,57999593,354.46929931640625
2021-11-11,357.8999938964844,370.8999938964844,356.6499938964844,370.0,48158554,369.08294677734375
2021-11-12,368.6499938964844,371.1000061035156,364.3999938964844,367.8999938964844,32168685,366.9881591796875
2021-11-15,365.0,365.79998779296875,358.3500061035156,362.1499938964844,23666785,361.2524108886719
2021-11-16,359.6499938964844,365.5,359.1000061035156,363.70001220703125,42870917,362.7985534667969
2021-11-17,363.70001220703125,375.5,363.70001220703125,371.95001220703125,47527369,371.0281677246094
2021-11-18,369.20001220703125,370.3999938964844,365.25,368.79998779296875,27411697,367.8859558105469
2021-11-19,376.0,378.0,364.0,369.45001220703125,37835524,368.5343017578125
2021-11-22,370.04998779296875,375.1000061035156,366.6000061035156,372.5,36846934,371.5767822265625
2021-11-23,373.95001220703125,379.0,368.45001220703125,375.6499938964844,67849801,374.7189636230469
2021-11-24,376.95001220703125,380.45001220703125,373.3500061035156,375.5,46901328,374.5693359375
2021-11-25,378.20001220703125,378.6000061035156,369.6000061035156,372.5,41372787,371.5767822265625
2021-11-26,355.0,358.45001220703125,346.8999938964844,352.0,75098413,351.1275634765625
2021-11-29,356.3500061035156,363.3500061035156,353.1499938964844,357.1499938964844,47287237,356.2647705078125
2021-11-30,356.79998779296875,363.1499938964844,350.70001220703125,357.1000061035156,59434116,356.2149658203125
2021-12-01,366.3999938964844,371.04998779296875,363.45001220703125,369.79998779296875,56837117,368.88348388671875
2021-12-02,365.25,366.3500061035156,346.3999938964844,354.6499938964844,59398589,353.7710266113281
2021-12-03,357.25,359.77099609375,349.3999938964844,351.8999938964844,39113844,351.0278015136719
2021-12-06,351.70001220703125,360.6499938964844,351.70001220703125,357.20001220703125,36831886,356.3147277832031
2021-12-07,362.5,372.04998779296875,362.5,368.3500061035156,32414674,367.4371032714844
2021-12-08,369.1000061035156,372.1499938964844,367.29998779296875,370.29998779296875,22646691,369.3822326660156
2021-12-09,370.3500061035156,372.2030029296875,363.8500061035156,368.8999938964844,36677147,367.9857177734375
2021-12-10,367.25,373.25,366.3999938964844,367.8999938964844,24377353,366.9881591796875
2021-12-13,373.0,374.0,361.6499938964844,362.8500061035156,31332007,361.9507141113281
2021-12-14,367.95001220703125,369.5,363.79998779296875,367.0,23664278,366.0903625488281
2021-12-15,362.70001220703125,365.6000061035156,356.0,358.3999938964844,46797552,357.51177978515625
2021-12-16,368.0,370.0,364.45599365234375,367.29998779296875,79197531,366.3896484375
2021-12-17,366.70001220703125,371.04998779296875,365.0,368.3500061035156,51817631,367.4371032714844
2021-12-20,358.20001220703125,363.25,354.1000061035156,360.8500061035156,57227692,359.9556884765625
2021-12-21,367.29998779296875,370.20001220703125,360.8500061035156,367.1000061035156,26103676,366.1901550292969
2021-12-22,369.54998779296875,373.3999938964844,365.6499938964844,373.3500061035156,20921156,372.4247131347656
2021-12-23,372.45001220703125,376.6000061035156,372.1499938964844,376.0,21908844,375.06805419921875
2021-12-24,373.0,378.79998779296875,372.04998779296875,373.0,6722649,372.0755310058594
2021-12-29,375.0,382.25,373.3500061035156,380.1499938964844,28200641,379.2077941894531
2021-12-30,378.8500061035156,382.54998779296875,377.0,377.6499938964844,15618568,376.7139892578125
2021-12-31,375.3999938964844,377.8500061035156,373.9280090332031,374.95001220703125,9347720,374.02069091796875
2022-01-04,381.04998779296875,389.95001220703125,381.04998779296875,387.6499938964844,47725392,386.6892395019531
2022-01-05,386.75,393.0,386.0,393.0,30096268,392.0259704589844
2022-01-06,385.1000061035156,390.95001220703125,384.6000061035156,388.3500061035156,26621992,387.3874816894531
2022-01-07,390.0,397.95001220703125,388.9280090332031,395.3500061035156,29555203,394.3701477050781
2022-01-10,395.04998779296875,396.8500061035156,386.3999938964844,388.95001220703125,26157870,387.9859619140625
2022-01-11,392.3999938964844,394.45001220703125,382.8500061035156,387.79998779296875,27130291,386.8388671875
2022-01-12,391.0,401.8999938964844,385.9219970703125,401.25,69436711,400.2555236816406
2022-01-13,400.0,408.54998779296875,399.29998779296875,406.1000061035156,49342891,405.0935363769531
2022-01-14,405.6000061035156,408.70001220703125,403.0,403.29998779296875,33557354,402.3004150390625
2022-01-17,406.8500061035156,411.79998779296875,404.45001220703125,411.29998779296875,67810260,410.28057861328125
2022-01-18,410.0,421.25,405.8999938964844,413.79998779296875,68966046,412.7744140625
2022-01-19,412.25,421.20001220703125,411.20001220703125,419.1000061035156,49730636,418.061279296875
2022-01-20,420.8500061035156,423.29998779296875,408.8999938964844,412.5,40325834,411.4775695800781
2022-01-21,403.0,410.1000061035156,401.04998779296875,410.04998779296875,55795920,409.0337219238281
2022-01-24,401.1499938964844,403.5509948730469,383.0,388.25,105647286,387.28778076171875
2022-01-25,391.3500061035156,395.0,385.54998779296875,388.95001220703125,36841180,387.9859619140625
2022-01-26,394.6499938964844,406.0,393.54998779296875,399.1000061035156,41142221,398.11090087890625
2022-01-27,393.8500061035156,408.25,389.95001220703125,403.20001220703125,45512395,402.20068359375
2022-01-28,402.0,403.6409912109375,389.8500061035156,393.25,73034410,392.2753601074219
2022-01-31,397.54998779296875,398.59698486328125,382.1000061035156,383.0,38764882,382.0507507324219
2022-02-01,389.0,397.20001220703125,387.8500061035156,395.8999938964844,48408344,394.91876220703125
2022-02-02,399.1499938964844,403.61199951171875,396.29998779296875,399.29998779296875,41308282,398.31036376953125
2022-02-03,400.8500061035156,405.1000061035156,399.6499938964844,400.29998779296875,30969842,399.307861328125
2022-02-04,404.70001220703125,404.79998779296875,396.45001220703125,402.25,30885265,401.25299072265625
2022-02-07,405.1499938964844,411.1499938964844,402.1059875488281,407.79998779296875,34500144,406.789306640625
2022-02-08,408.0,423.3500061035156,408.0,413.8500061035156,35243167,412.8243408203125
2022-02-09,415.3999938964844,421.5,410.9750061035156,420.0,42856432,418.95904541015625
2022-02-10,422.04998779296875,428.3999938964844,417.5,421.04998779296875,51240454,420.0064392089844
2022-02-11,413.0,420.20001220703125,411.8500061035156,417.75,44750573,416.71466064453125
2022-02-14,413.3999938964844,423.3999938964844,408.45001220703125,422.1000061035156,42373240,421.0538330078125
2022-02-15,430.0,442.3500061035156,423.75,427.0,59588917,425.94171142578125
2022-02-16,429.29998779296875,432.0,418.8500061035156,425.29998779296875,63239624,424.2458801269531
2022-02-17,424.95001220703125,427.1000061035156,418.1499938964844,420.70001220703125,43057694,419.6573181152344
2022-02-18,424.6000061035156,426.989990234375,418.54998779296875,422.0,81323650,420.9541320800781
2022-02-21,425.45001220703125,427.20001220703125,414.45001220703125,417.8500061035156,28923882,416.8144226074219
2022-02-22,409.0,425.25,405.70001220703125,422.20001220703125,66731174,421.1535949707031
2022-02-23,425.0,431.3999938964844,423.8500061035156,427.3500061035156,71608572,426.2908630371094
2022-02-24,411.04998779296875,429.3999938964844,409.0,422.25,83846139,421.2034912109375
2022-02-25,428.0,442.75,421.20001220703125,439.1499938964844,64213537,438.06158447265625
2022-02-28,439.20001220703125,446.8500061035156,436.3500061035156,442.1499938964844,69934561,441.0541687011719
2022-03-01,443.6000061035156,451.54998779296875,434.79998779296875,444.95001220703125,62277824,443.8471984863281
2022-03-02,451.5,459.25,449.6000061035156,452.6000061035156,79535993,451.4782409667969
2022-03-03,468.3999938964844,484.6000061035156,467.6000061035156,476.5,96454317,475.3189697265625
2022-03-04,480.0,482.6090087890625,457.29998779296875,460.6499938964844,76521868,459.5083312988281
2022-03-07,479.6499938964844,490.0,465.1000061035156,474.8500061035156,119574059,473.6730651855469
2022-03-08,478.3500061035156,482.3999938964844,465.54998779296875,476.20001220703125,73554079,475.019775390625
2022-03-09,478.8999938964844,479.29998779296875,460.0,470.1000061035156,96296618,468.9349365234375
2022-03-10,472.29998779296875,498.75,486.0,498.0,120998796,496.7657470703125
2022-03-11,507.0,514.0999755859375,500.5,511.29998779296875,82805515,510.03277587890625
2022-03-14,504.79998779296875,505.5,478.95001220703125,481.54998779296875,53714471,480.3564758300781
2022-03-15,472.8999938964844,474.5950012207031,458.3500061035156,460.29998779296875,63440273,459.1591491699219
2022-03-16,475.8500061035156,480.5,469.8500061035156,473.1499938964844,76160947,471.9773254394531
2022-03-17,478.0,482.3999938964844,467.54998779296875,475.1000061035156,50056060,473.9224853515625
2022-03-18,480.3999938964844,484.8500061035156,476.5,479.25,130778258,478.06219482421875
2022-03-21,482.0,497.9599914550781,480.54998779296875,497.54998779296875,46135496,496.31683349609375
2022-03-22,498.0,507.3999938964844,497.0,502.20001220703125,83853497,500.9552917480469
2022-03-23,506.5,512.9000244140625,502.0,511.20001220703125,39699745,509.9330139160156
2022-03-24,497.0,503.1000061035156,491.8500061035156,500.29998779296875,104216741,499.05999755859375
2022-03-25,501.5,508.79998779296875,499.6499938964844,506.0,82902349,504.74591064453125
2022-03-28,509.8999938964844,512.635986328125,497.75,499.6000061035156,36903167,498.3617858886719
2022-03-29,502.0,509.20001220703125,468.6000061035156,480.6499938964844,73266696,479.45867919921875
2022-03-30,491.6000061035156,500.70001220703125,485.5,500.70001220703125,90564633,499.45904541015625
2022-03-31,505.0,505.1000061035156,496.1000061035156,500.0,40275122,498.76080322265625
2022-04-01,498.8999938964844,510.0,495.6000061035156,507.6000061035156,31292002,506.3419494628906
2022-04-04,509.6000061035156,511.70001220703125,504.29998779296875,505.0,34702065,503.7483825683594
2022-04-05,503.29998779296875,516.7999877929688,493.54998779296875,516.7999877929688,71113054,515.5192260742188
2022-04-06,508.20001220703125,518.9000244140625,506.79998779296875,518.5999755859375,51754002,517.3147583007812
2022-04-07,517.5,519.4000244140625,505.0,514.7000122070312,37572044,513.4243774414062
2022-04-08,518.5999755859375,528.2999877929688,515.7570190429688,528.0,44450875,526.6914672851562
2022-04-11,525.0,536.4000244140625,520.4000244140625,520.4000244140625,41938190,519.1102905273438
2022-04-12,520.0999755859375,528.7000122070312,520.0,524.7999877929688,37967118,523.499267578125
2022-04-13,528.9000244140625,535.3040161132812,526.9000244140625,530.0999755859375,26450945,528.7861938476562
2022-04-14,532.0999755859375,537.0599975585938,525.5999755859375,526.7999877929688,55850057,525.4943237304688
2022-04-19,534.0,540.2000122070312,527.0,535.5999755859375,180862478,534.2725219726562
2022-04-20,534.4000244140625,534.5999755859375,507.8999938964844,518.9000244140625,47974562,517.6139526367188
2022-04-21,505.0,505.3999938964844,488.45001220703125,489.70001220703125,101408721,488.5847473144531
2022-04-22,481.75,495.8500061035156,475.0,476.20001220703125,99759092,475.115478515625
2022-04-25,455.0,476.20001220703125,447.2900085449219,449.3500061035156,113108180,448.32659912109375
2022-04-26,462.45001220703125,468.9010009765625,451.04998779296875,464.79998779296875,72484704,463.7414245605469
2022-04-27,469.95001220703125,481.6000061035156,466.1499938964844,479.6499938964844,107675622,478.5575866699219
2022-04-28,488.45001220703125,492.79998779296875,475.8299865722656,483.3999938964844,52083055,482.2990417480469
2022-04-29,496.29998779296875,500.1000061035156,485.6000061035156,497.29998779296875,42932995,496.1673583984375
2022-05-03,490.3999938964844,491.75,478.04998779296875,483.5,44032657,482.3988037109375
2022-05-04,483.1000061035156,487.25,474.0,482.29998779296875,44337984,481.2015075683594
2022-05-05,498.3500061035156,502.5,482.20001220703125,484.1000061035156,41108568,482.99749755859375
2022-05-06,482.79998779296875,489.8450012207031,479.79998779296875,487.6000061035156,46230020,486.489501953125
2022-05-09,482.1000061035156,482.3999938964844,455.739990234375,458.54998779296875,46223108,457.5056457519531
2022-05-10,467.75,472.0,452.45001220703125,455.5,62349660,454.46258544921875
2022-05-11,466.29998779296875,477.70001220703125,455.5,476.0,57654245,474.9158935546875
2022-05-12,457.04998779296875,459.75299072265625,440.3999938964844,455.0,63326702,453.9637451171875
2022-05-13,456.70001220703125,463.20001220703125,449.20001220703125,461.3500061035156,87553698,460.29925537109375
2022-05-16,459.79998779296875,478.25,458.3999938964844,477.0,34594430,475.91363525390625
2022-05-17,484.1000061035156,499.6000061035156,477.1000061035156,498.25,37744088,497.115234375
2022-05-18,496.79998779296875,503.1130065917969,492.3500061035156,498.20001220703125,42816851,497.06536865234375
2022-05-19,494.0,499.0,480.92999267578125,497.95001220703125,30607711,496.81591796875
2022-05-20,507.0,514.2000122070312,495.75,497.3500061035156,34090170,496.2173156738281
2022-05-23,502.29998779296875,516.7000122070312,497.45001220703125,513.0,55759472,511.8316345214844
2022-05-24,505.29998779296875,540.0,502.8999938964844,519.4000244140625,75707757,518.2171020507812
2022-05-25,530.0,534.9609985351562,516.2999877929688,520.7999877929688,82950737,519.6138916015625
2022-05-26,516.0,520.2999877929688,512.7000122070312,519.2000122070312,29722694,518.017578125
2022-05-27,526.2999877929688,532.5,522.7999877929688,526.2000122070312,28911517,525.0015869140625
2022-05-30,527.2000122070312,529.7999877929688,521.7000122070312,526.5,27472567,525.3008422851562
2022-05-31,526.2000122070312,533.4000244140625,522.0999755859375,522.0999755859375,47861372,520.9108276367188
2022-06-01,527.4000244140625,528.4000244140625,514.5,523.7000122070312,24144413,522.50732421875
2022-06-06,530.9000244140625,542.7000122070312,523.7000122070312,541.5,34558706,540.2666625976562
2022-06-07,544.0,548.2999877929688,535.5999755859375,539.5999755859375,54677628,538.3710327148438
2022-06-08,540.4000244140625,543.0,528.0399780273438,538.0,49658550,536.7747192382812
2022-06-09,531.5999755859375,545.0,529.97998046875,533.2000122070312,42259732,531.985595703125
2022-06-10,532.0,533.041015625,504.79998779296875,505.5,56583369,504.34869384765625
2022-06-13,494.0,496.6000061035156,474.4339904785156,481.29998779296875,75469956,480.203857421875
2022-06-14,487.5,490.45001220703125,477.95001220703125,483.29998779296875,48616465,482.19927978515625
2022-06-15,484.0,494.5,480.0,492.6000061035156,88135259,491.4781188964844
2022-06-16,489.6000061035156,493.45001220703125,460.54998779296875,464.0,65496014,462.9432373046875
2022-06-17,469.6499938964844,482.1499938964844,458.3999938964844,461.20001220703125,79711425,460.1496276855469
2022-06-20,463.8500061035156,482.70001220703125,454.427001953125,472.75,46629194,471.6733093261719
2022-06-21,471.29998779296875,485.0469970703125,470.87701416015625,482.6000061035156,31406923,481.5008544921875
2022-06-22,467.20001220703125,470.20001220703125,449.3500061035156,449.3500061035156,49937554,448.32659912109375
2022-06-23,447.0,459.0419921875,439.3999938964844,442.79998779296875,42878461,441.79150390625
2022-06-24,444.3999938964844,449.70001220703125,431.70001220703125,446.25,45007901,445.233642578125
2022-06-27,450.8500061035156,465.04998779296875,448.1000061035156,452.75,75956879,451.7188415527344
2022-06-28,461.29998779296875,470.6600036621094,459.5870056152344,460.25,46161130,459.2017822265625
2022-06-29,455.0,471.1000061035156,452.3999938964844,460.25,37780343,459.2017822265625
2022-06-30,449.70001220703125,455.95001220703125,436.79998779296875,445.1000061035156,36186896,444.0863342285156
2022-07-01,437.75,445.3500061035156,409.75,426.3500061035156,71449648,425.3789978027344
2022-07-04,427.95001220703125,440.0,424.4410095214844,434.75,20422150,433.7598571777344
2022-07-05,436.3500061035156,438.1099853515625,398.95001220703125,400.0,125916641,399.0889587402344
2022-07-06,408.70001220703125,415.3500061035156,400.20001220703125,408.45001220703125,77920507,407.519775390625
2022-07-07,423.1499938964844,443.04998779296875,416.197998046875,433.25,131147334,432.2633056640625
2022-07-08,431.54998779296875,437.20001220703125,421.1499938964844,431.3500061035156,30523639,430.3676452636719
2022-07-11,418.5,431.29998779296875,410.75,426.20001220703125,50980621,425.2292785644531
2022-07-12,418.29998779296875,424.8999938964844,415.7950134277344,422.04998779296875,27757930,421.08880615234375
2022-07-13,416.3999938964844,428.54998779296875,412.75,418.45001220703125,38564241,417.4969787597656
2022-07-14,414.3500061035156,420.8500061035156,397.25,401.29998779296875,60430555,400.3860168457031
2022-07-15,397.0,409.95001220703125,395.3999938964844,406.8500061035156,31389172,405.9234619140625
2022-07-18,415.0,424.20001220703125,413.95001220703125,419.79998779296875,57170636,418.8439025878906
2022-07-19,413.1499938964844,422.0639953613281,412.1000061035156,419.45001220703125,21039024,418.4946594238281
2022-07-20,423.0,432.8999938964844,419.5,426.04998779296875,43157777,425.07965087890625
2022-07-21,425.0,427.0,411.8999938964844,419.79998779296875,37190961,418.8439025878906
2022-07-22,421.54998779296875,428.1499938964844,418.20001220703125,422.20001220703125,24590911,421.2384338378906
2022-07-25,417.0,435.3999938964844,414.20001220703125,432.79998779296875,60904076,431.8143005371094
2022-07-26,437.8500061035156,445.54998779296875,437.20001220703125,438.79998779296875,32183919,437.8006591796875
2022-07-27,441.6000061035156,447.3500061035156,436.70001220703125,447.0,42255182,445.9819641113281
2022-07-28,450.54998779296875,461.45001220703125,446.1000061035156,449.3500061035156,48368900,448.32659912109375
2022-07-29,441.75,463.64898681640625,439.0,461.8500061035156,41100941,460.79815673828125
2022-08-01,463.0,472.8240051269531,455.3500061035156,460.70001220703125,28753272,459.6507873535156
2022-08-02,460.70001220703125,464.0,440.95001220703125,448.3999938964844,24858381,447.3788146972656
2022-08-03,448.29998779296875,452.6000061035156,443.75,446.04998779296875,20614903,445.03411865234375
2022-08-04,448.0,464.3500061035156,437.1000061035156,459.75,54684868,458.7029113769531
2022-08-05,462.1499938964844,473.79998779296875,457.75,466.79998779296875,38285475,465.73687744140625
2022-08-08,471.70001220703125,475.79998779296875,463.8039855957031,465.3500061035156,53382291,464.2901916503906
2022-08-09,464.0,465.79998779296875,457.19000244140625,464.29998779296875,76364815,463.2425537109375
2022-08-10,462.75,470.6000061035156,460.6499938964844,469.95001220703125,75359484,468.8797302246094
2022-08-11,472.6000061035156,479.8999938964844,469.70001220703125,474.6000061035156,52184325,473.5191345214844
2022-08-12,475.29998779296875,479.3550109863281,467.3999938964844,472.3999938964844,19802942,471.3240661621094
2022-08-15,471.0,473.135009765625,459.79998779296875,464.5,30429203,463.44207763671875
2022-08-16,468.6499938964844,486.04998779296875,467.510009765625,482.8999938964844,31712453,481.8002014160156
2022-08-17,486.5,490.45001220703125,481.8500061035156,486.70001220703125,33400441,485.591552734375
2022-08-18,485.3500061035156,498.25,484.29998779296875,498.25,45615168,497.115234375
2022-08-19,495.95001220703125,498.45001220703125,486.1000061035156,487.1499938964844,34151150,486.04046630859375
2022-08-22,487.0,492.70001220703125,480.8999938964844,492.20001220703125,26654520,491.0790100097656
2022-08-23,492.20001220703125,506.0,491.3110046386719,506.0,74254311,504.84759521484375
2022-08-24,504.6000061035156,507.6000061035156,496.25,497.70001220703125,25027019,496.56646728515625
2022-08-25,502.8999938964844,508.6000061035156,502.29998779296875,505.0,26169117,503.849853515625
2022-08-26,512.0,512.0,498.3999938964844,498.8999938964844,42815143,497.76373291015625
2022-08-30,492.5,493.54998779296875,482.0,483.95001220703125,113995438,482.8478088378906
2022-08-31,485.8500061035156,489.60101318359375,472.0,473.29998779296875,75308665,472.2220458984375
2022-09-01,451.0,452.75,436.6000061035156,442.0,37245010,441.1880798339844
2022-09-02,444.0,455.8500061035156,436.6000061035156,453.25,109971311,452.4173889160156
2022-09-05,459.0,476.95001220703125,455.6000061035156,471.5,50613498,470.6338806152344
2022-09-06,475.29998779296875,489.5,472.6499938964844,486.8500061035156,49787952,485.9556884765625
2022-09-07,480.8999938964844,484.5920104980469,467.3999938964844,468.25,55669479,467.3898620605469
2022-09-08,473.0,477.5,466.5530090332031,471.1499938964844,24582177,470.2845458984375
2022-09-09,484.75,503.0639953613281,483.20001220703125,488.3999938964844,51497221,487.5028076171875
2022-09-12,501.70001220703125,507.70001220703125,496.95001220703125,499.3500061035156,43470731,498.4327392578125
2022-09-13,501.6000061035156,508.0,491.25,497.70001220703125,33602260,496.7857360839844
2022-09-14,495.0,498.45001220703125,488.25,493.8500061035156,82486448,492.9428405761719
2022-09-15,495.75,510.0,493.75,502.0,44571033,501.07781982421875
2022-09-16,490.0,492.70001220703125,480.2640075683594,489.29998779296875,108678278,488.40118408203125
2022-09-20,497.95001220703125,499.04998779296875,474.1000061035156,480.8999938964844,49565011,480.0166015625
2022-09-21,481.95001220703125,493.70001220703125,481.0,486.0,102156077,485.10723876953125
2022-09-22,484.3999938964844,498.864990234375,481.25,490.0,49541866,489.09991455078125
2022-09-23,490.3999938964844,491.75,453.3999938964844,461.54998779296875,60265525,460.7021484375
2022-09-26,451.0,466.29998779296875,447.95001220703125,456.45001220703125,59164424,455.61151123046875
2022-09-27,461.5,477.3500061035156,456.95001220703125,471.3999938964844,58080225,470.53411865234375
2022-09-28,464.3500061035156,484.5429992675781,461.0,480.75,33439969,479.866943359375
2022-09-29,476.20001220703125,490.79998779296875,469.3999938964844,486.75,35823845,485.8558654785156
2022-09-30,488.8999938964844,491.20001220703125,468.5,478.1499938964844,38047896,477.2716064453125
2022-10-03,472.5,490.75,469.1929931640625,486.54998779296875,65641354,485.65625
2022-10-04,492.0,501.1000061035156,486.6000061035156,500.79998779296875,74891350,499.88006591796875
2022-10-05,497.79998779296875,503.6000061035156,491.8999938964844,500.29998779296875,55525153,499.3809509277344
2022-10-06,505.0,507.0,487.95001220703125,494.1000061035156,42097284,493.1923828125
2022-10-07,490.04998779296875,497.0,482.1000061035156,493.8500061035156,38039948,492.9428405761719
2022-10-10,490.25,498.6000061035156,484.5,493.3999938964844,30537715,492.49365234375
2022-10-11,490.0,493.5,474.54998779296875,484.20001220703125,46437972,483.3105773925781
2022-10-12,481.8500061035156,489.3500061035156,479.45001220703125,486.1000061035156,29126419,485.20709228515625
2022-10-13,486.0,493.04998779296875,473.25,488.29998779296875,82208069,487.4030456542969
2022-10-14,499.0,504.2130126953125,480.0769958496094,484.3500061035156,34705403,483.4603271484375
2022-10-17,482.8999938964844,491.54998779296875,481.95001220703125,487.29998779296875,45458272,486.40484619140625
2022-10-18,491.54998779296875,498.20001220703125,483.04998779296875,483.04998779296875,27403874,482.1626281738281
2022-10-19,484.75,490.45001220703125,465.79998779296875,473.0,33987140,472.13116455078125
2022-10-20,473.0,487.8999938964844,469.04998779296875,484.70001220703125,69690170,483.80963134765625
2022-10-21,484.20001220703125,502.1000061035156,480.8999938964844,502.1000061035156,41681115,501.17767333984375
2022-10-24,500.0,501.8999938964844,489.3999938964844,501.8999938964844,37084033,500.9780578613281
2022-10-25,503.5,506.3999938964844,496.79998779296875,502.70001220703125,42062316,501.776611328125
2022-10-26,502.79998779296875,515.9000244140625,500.3999938964844,515.9000244140625,75199385,514.9523315429688
2022-10-27,513.9000244140625,515.5999755859375,495.95001220703125,501.0,48621715,500.0797119140625
2022-10-28,487.54998779296875,508.6000061035156,481.75,496.75,85942123,495.83746337890625
2022-10-31,497.0,508.29998779296875,484.8500061035156,499.5,51802156,498.58245849609375
2022-11-01,513.4000244140625,528.9000244140625,511.29998779296875,523.7999877929688,40643813,522.8377075195312
2022-11-02,525.0,533.4000244140625,512.7940063476562,514.0999755859375,30715147,513.1555786132812
2022-11-03,505.6000061035156,521.3709716796875,503.6000061035156,519.0,24873898,518.0465698242188
2022-11-04,532.0,548.5,529.0999755859375,532.0,73063287,531.0226440429688
2022-11-07,528.5999755859375,541.7000122070312,524.0999755859375,532.0,41590956,531.0226440429688
2022-11-08,525.5,529.2000122070312,517.97998046875,524.7000122070312,96483157,523.7361450195312
2022-11-09,526.0,530.0,506.8999938964844,510.3999938964844,35886819,509.4623718261719
2022-11-10,505.20001220703125,519.9000244140625,496.3999938964844,501.20001220703125,40894809,500.2793273925781
2022-11-11,513.5,516.9000244140625,501.70001220703125,502.0,45387205,501.07781982421875
2022-11-14,506.6000061035156,515.2230224609375,504.29998779296875,512.0,37230511,511.05950927734375
2022-11-15,513.2000122070312,523.0999755859375,509.29998779296875,519.5,30884341,518.545654296875
2022-11-16,517.7000122070312,524.9000244140625,514.2999877929688,517.2999877929688,37084909,516.3497924804688
2022-11-17,511.5,517.0,504.3999938964844,511.8999938964844,31189017,510.9596252441406
2022-11-18,515.7000122070312,517.5999755859375,501.6000061035156,505.79998779296875,31030236,504.8708801269531
2022-11-21,499.0,504.1000061035156,491.79998779296875,496.8500061035156,38915088,495.9373779296875
2022-11-22,502.0,517.64599609375,500.1000061035156,514.9000244140625,33052180,513.9542236328125
2022-11-23,525.0,539.5999755859375,525.0,530.2999877929688,68290710,529.3258666992188
2022-11-24,532.9000244140625,537.4000244140625,527.4000244140625,536.0,26664749,535.015380859375
2022-11-25,536.9000244140625,541.5,531.9000244140625,533.7999877929688,23021124,532.8195190429688
2022-11-28,524.7999877929688,541.5999755859375,524.7000122070312,538.2999877929688,50558680,537.3111572265625
2022-11-29,540.5,552.4000244140625,539.0999755859375,550.7999877929688,58564498,549.7881469726562
2022-11-30,553.0,566.4340209960938,548.9359741210938,563.5,55329276,562.46484375
2022-12-01,563.7000122070312,567.5999755859375,552.7999877929688,556.7000122070312,33145423,555.6774291992188
2022-12-02,554.2999877929688,559.0,545.5,558.2999877929688,27836595,557.2745361328125
2022-12-05,562.7999877929688,571.7999877929688,558.2999877929688,561.5999755859375,28961665,560.568359375
2022-12-06,560.0,561.5,535.14697265625,556.0999755859375,47979091,555.0784301757812
2022-12-07,549.2999877929688,549.2999877929688,537.0,540.2999877929688,43268609,539.3074340820312
2022-12-08,540.0,557.7000122070312,536.4000244140625,548.5999755859375,34694724,547.5921630859375
2022-12-09,553.2000122070312,556.0,538.5,542.5,38189010,541.5033569335938
2022-12-12,537.2000122070312,546.2000122070312,533.947998046875,537.4000244140625,48892652,536.4129028320312
2022-12-13,537.5999755859375,552.2999877929688,530.5579833984375,545.5,46649722,544.4979858398438
2022-12-14,543.5999755859375,546.7000122070312,536.7999877929688,541.0,57548859,540.0062866210938
2022-12-15,538.0,540.7999877929688,531.5999755859375,532.5999755859375,38762341,531.62158203125
2022-12-16,530.2000122070312,536.0999755859375,524.2000122070312,531.0999755859375,130160275,530.1243286132812
2022-12-19,536.0999755859375,541.2999877929688,531.0999755859375,536.7999877929688,22678667,535.81396484375
2022-12-20,533.2999877929688,549.2000122070312,529.5999755859375,548.0,67753453,546.9932861328125
2022-12-21,548.5,560.7999877929688,540.5,560.7999877929688,30191621,559.7698364257812
2022-12-22,560.2999877929688,566.0,556.4000244140625,557.0,54287446,555.9767456054688
2022-12-23,556.7000122070312,561.0,554.7999877929688,558.0,41636783,556.9749755859375
2022-12-28,570.0,571.9000244140625,559.7000122070312,559.7000122070312,28496832,558.6719360351562
2022-12-29,558.7999877929688,563.5999755859375,554.5999755859375,558.2999877929688,21431481,557.2745361328125
2022-12-30,556.7000122070312,559.5999755859375,552.4000244140625,552.4000244140625,14029166,551.3853149414062
2023-01-03,557.9000244140625,568.0,544.4000244140625,544.4000244140625,70642821,543.4000244140625
2023-01-04,550.0,551.4000244140625,505.6000061035156,506.6000061035156,74095446,505.66943359375
2023-01-05,506.6000061035156,522.0,501.7099914550781,514.0,68572564,513.0557861328125
2023-01-06,520.0,528.9000244140625,517.114013671875,525.9000244140625,43766874,524.9340209960938
2023-01-09,532.7000122070312,545.7999877929688,531.7000122070312,542.5999755859375,70063580,541.603271484375
2023-01-10,538.0,548.3300170898438,533.7999877929688,534.0999755859375,36011969,533.118896484375
2023-01-11,542.4000244140625,551.14697265625,534.9000244140625,535.4000244140625,53292226,534.4165649414062
2023-01-12,536.7000122070312,544.7999877929688,529.9739990234375,543.7000122070312,36822190,542.7012939453125
2023-01-13,544.2000122070312,559.0999755859375,543.2999877929688,558.4000244140625,45027878,557.3743286132812
2023-01-16,555.0,563.0,552.5,552.5,30208469,551.485107421875
2023-01-17,548.0,554.5,541.97802734375,552.9000244140625,51253560,551.8843383789062
2023-01-18,552.9000244140625,584.5,552.9000244140625,576.5999755859375,85903572,575.540771484375
2023-01-19,563.5,568.7999877929688,553.5,564.0999755859375,37335861,563.063720703125
2023-01-20,572.0,575.9000244140625,566.2999877929688,575.9000244140625,40998514,574.8421630859375
2023-01-23,574.7000122070312,583.2459716796875,573.5999755859375,578.0999755859375,29847644,577.0379638671875
2023-01-24,579.7999877929688,582.5999755859375,558.7780151367188,565.5999755859375,82080849,564.5609130859375
2023-01-25,564.0,571.2000122070312,553.5750122070312,558.5,61643431,557.4739990234375
2023-01-26,563.4000244140625,563.5900268554688,543.7000122070312,549.5,53597657,548.4906616210938
2023-01-27,549.9000244140625,553.7000122070312,543.4000244140625,548.2000122070312,46033429,547.1929931640625
2023-01-30,540.5,552.5999755859375,539.2999877929688,549.2000122070312,84787080,548.1911010742188
2023-01-31,547.2999877929688,547.635986328125,534.9000244140625,541.2000122070312,49617933,540.2058715820312
2023-02-01,541.7000122070312,548.5,536.7000122070312,542.5,40684622,541.5033569335938
2023-02-02,540.7999877929688,551.2999877929688,538.7000122070312,545.5999755859375,35615036,544.5977783203125
2023-02-03,544.0999755859375,560.4000244140625,541.7999877929688,554.5,34505658,553.4814453125
2023-02-06,551.2000122070312,553.2000122070312,538.9769897460938,545.9000244140625,59100276,544.897216796875
2023-02-07,546.2999877929688,554.0,545.0,550.7999877929688,37888475,549.7881469726562
2023-02-08,557.4000244140625,562.7999877929688,544.5540161132812,546.9000244140625,57512913,545.8953857421875
2023-02-09,547.2999877929688,549.7999877929688,524.5999755859375,526.5999755859375,55848717,525.6326293945312
2023-02-10,515.7000122070312,529.2000122070312,510.6000061035156,512.2999877929688,103138678,511.3589782714844
2023-02-13,516.7999877929688,519.4000244140625,506.5,515.7999877929688,35676279,514.8525390625
2023-02-14,517.7000122070312,519.4000244140625,510.8999938964844,515.9000244140625,31983640,514.9523315429688
2023-02-15,508.0,519.7999877929688,500.06298828125,507.79998779296875,75826340,506.8671569824219
2023-02-16,510.0,515.5,501.5,507.3999938964844,60030111,506.4679260253906
2023-02-17,505.0,515.5,503.20001220703125,509.70001220703125,124182535,508.7637023925781
2023-02-20,509.0,522.9000244140625,509.0,519.7000122070312,41228511,518.745361328125
2023-02-21,517.2000122070312,520.2999877929688,503.0,503.29998779296875,57050675,502.37542724609375
2023-02-22,500.0,500.0,486.54998779296875,494.1000061035156,48557488,493.1923828125
2023-02-23,495.70001220703125,498.6099853515625,489.7149963378906,494.29998779296875,51724685,493.3919677734375
2023-02-24,497.0,499.0,487.6499938964844,488.3500061035156,52750612,487.45294189453125
2023-02-27,490.6000061035156,496.3999938964844,488.3699951171875,494.3999938964844,24574225,493.4918212890625
2023-02-28,494.1499938964844,495.3500061035156,489.54998779296875,495.3500061035156,74272542,494.4400634765625
2023-03-01,505.20001220703125,516.6160278320312,505.20001220703125,512.9000244140625,50745151,511.95782470703125
2023-03-02,510.79998779296875,514.7999877929688,505.1000061035156,511.0,36760914,510.0613098144531
2023-03-03,514.2000122070312,529.2999877929688,513.7999877929688,523.0,34776507,522.039306640625
2023-03-06,519.5,520.0,499.95001220703125,502.5,36694350,501.576904296875
2023-03-07,502.0,505.1000061035156,478.75,479.5,56885175,478.6191711425781
2023-03-08,479.3999938964844,489.54998779296875,474.54998779296875,486.8500061035156,46489872,485.9556884765625
2023-03-09,485.6000061035156,486.45001220703125,471.25,473.3999938964844,48249130,472.5303955078125
2023-03-10,459.20001220703125,475.3500061035156,455.5,473.0,76305120,472.13116455078125
2023-03-13,476.1000061035156,478.25,450.8999938964844,458.70001220703125,64728209,457.8573913574219
2023-03-14,457.04998779296875,461.45001220703125,447.79998779296875,461.45001220703125,35466058,460.60235595703125
2023-03-15,458.6499938964844,458.6499938964844,410.95001220703125,412.0,130623268,411.2431335449219
2023-03-16,426.0,428.39801025390625,415.25,423.20001220703125,88278865,422.422607421875
2023-03-17,433.1000061035156,444.5,427.6000061035156,432.6499938964844,131491839,431.8552551269531
2023-03-20,429.6000061035156,453.6000061035156,426.6000061035156,449.3500061035156,76307765,448.5245666503906
2023-03-21,456.0,458.39801025390625,447.3500061035156,448.54998779296875,36755057,447.7260437011719
2023-03-22,447.8500061035156,451.8999938964844,443.04998779296875,450.1499938964844,31485224,449.3231201171875
2023-03-23,454.3999938964844,456.5,445.3500061035156,451.6000061035156,28683080,450.7704772949219
2023-03-24,450.95001220703125,451.1499938964844,433.4700012207031,442.70001220703125,31987703,441.88677978515625
2023-03-27,450.0,451.8999938964844,436.04998779296875,449.6000061035156,42826869,448.7741394042969
2023-03-28,458.0,460.20001220703125,454.20001220703125,458.8999938964844,47806109,458.0570373535156
2023-03-29,460.1000061035156,465.79998779296875,458.3999938964844,465.54998779296875,20058380,464.69482421875
2023-03-30,467.29998779296875,475.8999938964844,464.95001220703125,466.6000061035156,27388217,465.7428894042969
2023-03-31,469.04998779296875,470.29998779296875,460.20001220703125,464.6000061035156,30035093,463.7466125488281
2023-04-03,470.8999938964844,471.20001220703125,444.6000061035156,452.5,57519510,451.6687927246094
2023-04-04,465.3999938964844,467.8500061035156,457.0,460.04998779296875,45943719,459.20489501953125
2023-04-05,462.1499938964844,463.864990234375,453.3999938964844,456.75,23692108,455.9110107421875
2023-04-06,458.45001220703125,465.29998779296875,454.45001220703125,457.3500061035156,28679986,456.5099182128906
2023-04-11,469.5,484.29998779296875,460.8999938964844,472.25,41864005,471.3825378417969
2023-04-12,471.75,486.5,469.3999938964844,483.6000061035156,40992439,482.7116394042969
2023-04-13,484.45001220703125,492.20599365234375,479.62701416015625,487.6499938964844,55115749,486.7542419433594
2023-04-14,491.25,500.20001220703125,490.29998779296875,491.70001220703125,69155138,490.7967834472656
2023-04-17,494.8999938964844,498.95001220703125,488.25,489.0,25627996,488.10174560546875
2023-04-18,491.95001220703125,501.79998779296875,490.54998779296875,498.0,23011001,497.085205078125
2023-04-19,492.5,497.95001220703125,490.20001220703125,494.3500061035156,26035017,493.44189453125
2023-04-20,496.1499938964844,502.6600036621094,493.6499938964844,501.8999938964844,52419556,500.9780578613281
2023-04-21,498.0,499.0249938964844,489.45001220703125,490.8999938964844,42141303,489.9981994628906
2023-04-24,484.04998779296875,488.3999938964844,480.4809875488281,486.3500061035156,84529759,485.4566345214844
2023-04-25,483.3500061035156,483.8500061035156,465.04998779296875,469.0,42979423,468.1385192871094
2023-04-26,472.75,491.20001220703125,468.70001220703125,481.3999938964844,38459589,480.51568603515625
2023-04-27,477.3500061035156,484.8500061035156,106.9800033569336,473.20001220703125,24921852,472.33074951171875
2023-04-28,474.0,476.0220031738281,460.29998779296875,469.0,54958763,468.1385192871094
2023-05-02,470.95001220703125,473.3999938964844,460.5,460.5,29347315,459.6540832519531
2023-05-03,463.6499938964844,465.04998779296875,460.45001220703125,462.29998779296875,47231870,461.4507751464844
2023-05-04,448.0,449.1400146484375,431.25,434.0,31422627,433.36810302734375
2023-05-05,439.04998779296875,445.6499938964844,436.1499938964844,444.1000061035156,24556666,443.45343017578125
2023-05-09,450.0,450.1499938964844,442.3999938964844,446.20001220703125,31423778,445.5503845214844
2023-05-10,448.0,458.25,444.1499938964844,445.1499938964844,31962205,444.5019226074219
2023-05-11,443.04998779296875,446.54998779296875,426.04998779296875,427.6000061035156,54156489,426.9774475097656
2023-05-12,427.3500061035156,433.79998779296875,427.3500061035156,432.29998779296875,83230627,431.67059326171875
2023-05-15,436.04998779296875,441.6000061035156,434.25,437.20001220703125,23222992,436.5635070800781
2023-05-16,434.5,438.45001220703125,429.79998779296875,432.1000061035156,23097455,431.4709167480469
2023-05-17,432.20001220703125,438.4100036621094,430.1000061035156,436.3999938964844,49897436,435.7646484375
2023-05-18,437.75,440.1499938964844,429.6470031738281,435.29998779296875,23791366,434.666259765625
2023-05-19,437.25,444.8999938964844,434.79998779296875,434.8999938964844,25805453,434.266845703125
2023-05-22,436.20001220703125,437.75,428.8500061035156,434.6000061035156,21630920,433.9672546386719
2023-05-23,432.3500061035156,433.9129943847656,425.70001220703125,427.79998779296875,24319380,427.1771545410156
2023-05-24,421.5,423.5,415.1000061035156,419.20001220703125,45733764,418.5896911621094
2023-05-25,419.29998779296875,425.29901123046875,415.5,416.3999938964844,34712991,415.79376220703125
2023-05-26,426.8500061035156,431.3999938964844,420.8500061035156,422.6000061035156,52872599,421.9847717285156
2023-05-30,423.79998779296875,440.0,416.29998779296875,416.79998779296875,30484673,416.19317626953125
2023-05-31,415.0,419.8500061035156,411.0,411.45001220703125,106717719,410.8509826660156
2023-06-01,414.6000061035156,419.25,411.70001220703125,416.8999938964844,28089766,416.2929992675781
2023-06-02,423.6000061035156,436.70001220703125,421.61700439453125,433.8999938964844,50276032,433.2682800292969
2023-06-05,435.20001220703125,437.5,426.54998779296875,430.1000061035156,28585922,429.47381591796875
2023-06-06,431.1000061035156,435.1000061035156,423.8500061035156,431.25,19430618,430.6221008300781
2023-06-07,429.79998779296875,441.8500061035156,428.8500061035156,437.04998779296875,23062744,436.4136657714844
2023-06-08,440.1000061035156,441.2879943847656,435.25,436.45001220703125,18688363,435.8145751953125
2023-06-09,439.45001220703125,440.6499938964844,430.3500061035156,435.0,24448813,434.3666687011719
2023-06-12,437.04998779296875,440.1499938964844,431.5,436.95001220703125,45842223,436.3138427734375
2023-06-13,440.6000061035156,460.79998779296875,440.0,460.0,68354053,459.33026123046875
2023-06-14,460.04998779296875,477.95001220703125,458.1000061035156,470.3500061035156,50539401,469.6652526855469
2023-06-15,469.8500061035156,475.54998779296875,465.5,475.0,49030464,474.3084716796875
2023-06-16,479.5,480.6000061035156,467.0,467.0,177797367,466.32012939453125
2023-06-19,467.0,468.5459899902344,458.3500061035156,459.0,22860404,458.33172607421875
2023-06-20,455.5,458.45001220703125,446.9599914550781,450.79998779296875,32863036,450.1436462402344
2023-06-21,449.20001220703125,452.0,445.45001220703125,452.0,22469596,451.3419189453125
2023-06-22,448.5,451.3999938964844,439.7869873046875,446.0,33172893,445.3506774902344
2023-06-23,444.20001220703125,445.01300048828125,431.45001220703125,432.6499938964844,24664762,432.0201110839844
2023-06-26,436.20001220703125,439.29998779296875,430.5,437.3999938964844,34235884,436.7632141113281
2023-06-27,445.0,449.1000061035156,435.27099609375,440.29998779296875,29266257,439.658935546875
2023-06-28,439.6000061035156,440.68798828125,430.79998779296875,434.0,24323529,433.36810302734375
2023-06-29,432.8999938964844,438.5,432.1000061035156,438.3999938964844,27728288,437.76171875
2023-06-30,441.04998779296875,448.75,439.6199951171875,444.5,23315648,443.85284423828125
2023-07-03,449.1000061035156,463.45001220703125,449.1000061035156,458.95001220703125,27255542,458.2818298339844
2023-07-04,457.75,462.8500061035156,455.1000061035156,459.8999938964844,28066922,459.23046875
2023-07-05,458.0,461.0,454.3500061035156,457.95001220703125,26055291,457.2832946777344
2023-07-06,450.0,452.6499938964844,431.54998779296875,432.75,33482126,432.1199645996094
2023-07-07,431.79998779296875,441.70001220703125,430.0920104980469,436.3500061035156,24072351,435.7147521972656
2023-07-10,432.6499938964844,438.25,431.5,433.1000061035156,20125487,432.469482421875
2023-07-11,436.1000061035156,438.79998779296875,432.70001220703125,437.04998779296875,48540415,436.4136657714844
2023-07-12,439.70001220703125,458.3500061035156,439.20001220703125,458.3500061035156,66048528,457.6827087402344
2023-07-13,461.0,472.29998779296875,456.79998779296875,469.6499938964844,40111746,468.9662170410156
2023-07-14,466.8500061035156,468.25,463.7900085449219,466.79998779296875,21661974,466.12042236328125
2023-07-17,460.3500061035156,462.1000061035156,451.8999938964844,453.6499938964844,31061316,452.989501953125
2023-07-18,457.1000061035156,457.1000061035156,448.79998779296875,454.0,20024760,453.3390197753906
2023-07-19,455.04998779296875,455.54998779296875,449.3500061035156,453.45001220703125,20838210,452.7898254394531
2023-07-20,459.1000061035156,472.5,456.8999938964844,472.5,51791558,471.8121032714844
2023-07-21,474.29998779296875,474.29998779296875,466.04998779296875,472.54998779296875,20255775,471.8620300292969
2023-07-24,468.0,481.45001220703125,467.2170104980469,478.6499938964844,50236714,477.95306396484375
2023-07-25,487.0,491.6499938964844,482.04998779296875,482.04998779296875,47435254,481.34814453125
2023-07-26,468.54998779296875,475.25,461.0,469.45001220703125,26462861,468.7665710449219
2023-07-27,469.45001220703125,475.25,461.54998779296875,469.1499938964844,28703644,468.4669494628906
2023-07-28,469.04998779296875,470.54998779296875,461.3999938964844,466.5,35814852,465.8208312988281
2023-07-31,467.1000061035156,475.75,466.8500061035156,473.54998779296875,20044110,472.8605651855469
2023-08-01,473.8500061035156,474.5010070800781,467.79998779296875,470.95001220703125,14178492,470.26434326171875
2023-08-02,465.5,467.79998779296875,457.20001220703125,462.0,17279159,461.3273620605469
2023-08-03,458.70001220703125,462.20001220703125,451.6000061035156,462.20001220703125,37296287,461.5270690917969
2023-08-04,463.70001220703125,463.70001220703125,457.0,463.20001220703125,26174224,462.5256652832031
2023-08-07,458.79998779296875,459.95001220703125,452.20001220703125,456.70001220703125,14093569,456.03509521484375
2023-08-08,438.6000061035156,445.8999938964844,435.3210144042969,444.6000061035156,46701400,443.9527282714844
2023-08-09,449.8500061035156,460.1000061035156,447.7539978027344,455.1000061035156,54603022,454.4374084472656
2023-08-10,455.0,463.6499938964844,452.9880065917969,454.8500061035156,29975957,454.18780517578125
2023-08-11,450.5,451.67498779296875,442.45001220703125,444.70001220703125,24042643,444.0525817871094
2023-08-14,440.5,443.3999938964844,431.0,433.79998779296875,26501515,433.1684265136719
2023-08-15,433.45001220703125,433.79998779296875,417.0,419.04998779296875,29179181,418.43988037109375
2023-08-16,415.1499938964844,423.04998779296875,414.6499938964844,419.5,21595476,418.88922119140625
2023-08-17,419.5,427.8500061035156,419.5,423.54998779296875,18592369,422.9333190917969
2023-08-18,421.25,422.20001220703125,413.04998779296875,416.04998779296875,41527415,415.44427490234375
2023-08-21,416.1000061035156,422.8500061035156,415.6499938964844,420.0,17044958,419.38848876953125
2023-08-22,423.70001220703125,434.1000061035156,422.2749938964844,429.79998779296875,20492825,429.1741943359375
2023-08-23,433.5,435.77398681640625,429.79998779296875,433.1499938964844,36566938,432.51934814453125
2023-08-24,435.5,436.8999938964844,422.6000061035156,428.29998779296875,17152856,427.6764221191406
2023-08-25,431.04998779296875,433.20001220703125,425.04998779296875,426.1499938964844,17813843,425.52960205078125
2023-08-29,436.6000061035156,441.1000061035156,432.79998779296875,438.29998779296875,144806978,437.661865234375
2023-08-30,442.0,444.95001220703125,435.875,438.6499938964844,25113846,438.0113830566406
2023-08-31,419.1000061035156,424.3630065917969,414.25,421.45001220703125,59164541,421.06719970703125
2023-09-01,426.20001220703125,431.3500061035156,423.5,427.1499938964844,32060379,426.76202392578125
2023-09-04,432.0,439.20001220703125,430.45599365234375,436.0,32228235,435.60400390625
2023-09-05,431.0,437.20001220703125,430.04998779296875,432.20001220703125,34837686,431.80743408203125
2023-09-06,429.3999938964844,431.3999938964844,426.1000061035156,429.45001220703125,16546328,429.0599365234375
2023-09-07,424.20001220703125,425.8500061035156,420.6499938964844,423.5,18580734,423.1153564453125
2023-09-08,422.3500061035156,428.54998779296875,422.3500061035156,426.0,21689152,425.613037109375
2023-09-11,433.1000061035156,440.54998779296875,432.45001220703125,435.3500061035156,35439674,434.95458984375
2023-09-12,434.04998779296875,437.6000061035156,432.8500061035156,434.6499938964844,26106018,434.2552185058594
2023-09-13,434.0,436.75,429.0,431.8999938964844,21433334,431.50775146484375
2023-09-14,434.1000061035156,452.29998779296875,433.45001220703125,450.75,67802587,450.340576171875
2023-09-15,455.0,459.79998779296875,450.75,456.3999938964844,64254208,455.9854736328125
2023-09-18,458.6499938964844,461.8500061035156,457.04998779296875,459.6499938964844,18937385,459.2325439453125
2023-09-19,460.0,467.3219909667969,459.6000061035156,463.6499938964844,36415235,463.2288513183594
2023-09-20,465.8500061035156,468.95001220703125,457.5069885253906,463.8999938964844,15572310,463.4786376953125
2023-09-21,454.6499938964844,458.75,449.1499938964844,452.04998779296875,26335230,451.6393737792969
2023-09-22,452.6499938964844,461.79998779296875,449.635986328125,455.04998779296875,25356746,454.6366271972656
2023-09-25,449.95001220703125,453.0,444.8940124511719,453.0,19729174,452.5885314941406
2023-09-26,450.0,458.51300048828125,448.25,451.75,17089191,451.33966064453125
2023-09-27,451.5,457.4280090332031,450.29998779296875,453.54998779296875,16361961,453.1380615234375
2023-09-28,453.1499938964844,462.1499938964844,451.70001220703125,461.0,25415052,460.581298828125
2023-09-29,463.04998779296875,477.54998779296875,461.0,469.8999938964844,52441662,469.47314453125
2023-10-02,472.6499938964844,475.1000061035156,460.3500061035156,463.8999938964844,26564853,463.4786376953125
2023-10-03,459.8500061035156,465.04998779296875,449.0,453.25,32344117,452.83831787109375
2023-10-04,447.3500061035156,453.3500061035156,439.489013671875,443.29998779296875,50069987,442.8973388671875
2023-10-05,440.1000061035156,442.75,438.3739929199219,439.8500061035156,21656884,439.4505310058594
2023-10-06,442.45001220703125,446.79998779296875,437.6499938964844,445.0,19577714,444.5958251953125
2023-10-09,446.5,451.0,441.8999938964844,450.75,20626154,450.340576171875
2023-10-10,451.8999938964844,468.6499938964844,447.8999938964844,466.25,27874741,465.8265380859375
2023-10-11,463.8500061035156,467.75,459.6499938964844,461.29998779296875,66606739,460.8810119628906
2023-10-12,465.0,468.05999755859375,457.8999938964844,462.20001220703125,19885144,461.7801818847656
2023-10-13,464.70001220703125,468.45001220703125,452.6499938964844,456.29998779296875,33325228,455.88555908203125
2023-10-16,460.70001220703125,464.8999938964844,452.45001220703125,462.75,51025402,462.32965087890625
2023-10-17,457.5,466.1000061035156,450.70001220703125,462.8500061035156,55521715,462.42962646484375
2023-10-18,462.1499938964844,464.75,452.29998779296875,456.29998779296875,30034656,455.88555908203125
2023-10-19,455.45001220703125,458.20001220703125,447.6000061035156,450.1499938964844,20366158,449.74114990234375
2023-10-20,446.0,447.1300048828125,433.6499938964844,435.3999938964844,31454692,435.0045166015625
2023-10-23,432.1000061035156,432.45001220703125,422.8500061035156,428.75,21235583,428.3605651855469
2023-10-24,430.20001220703125,437.3999938964844,426.1000061035156,434.54998779296875,24046698,434.1552734375
2023-10-25,436.45001220703125,440.79998779296875,431.45001220703125,439.79998779296875,22194143,439.4005126953125
2023-10-26,435.95001220703125,443.0509948730469,432.8999938964844,440.5,21638494,440.09991455078125
2023-10-27,444.8999938964844,449.6000061035156,437.5,445.25,18320029,444.8456115722656
2023-10-30,444.54998779296875,453.7799987792969,443.04998779296875,451.0,36050881,450.5903625488281
2023-10-31,449.8999938964844,454.45001220703125,428.1499938964844,435.1499938964844,42652394,434.7547302246094
2023-11-01,433.8500061035156,438.1499938964844,427.79998779296875,431.6499938964844,22011640,431.2579650878906
2023-11-02,436.8999938964844,447.6499938964844,429.75,440.25,29064332,439.8501281738281
2023-11-03,444.75,447.70001220703125,437.29998779296875,439.6000061035156,15677041,439.20074462890625
2023-11-06,440.25,445.1099853515625,436.95001220703125,442.0,22199923,441.5985412597656
2023-11-07,439.8999938964844,445.70001220703125,430.05999755859375,431.6000061035156,24175620,431.2079772949219
2023-11-08,429.25,431.45001220703125,426.6000061035156,426.6000061035156,18726773,426.2125244140625
2023-11-09,427.70001220703125,431.79998779296875,423.79998779296875,429.70001220703125,19384886,429.3097229003906
2023-11-10,423.70001220703125,432.79998779296875,421.1499938964844,427.1000061035156,35323970,426.7120666503906
2023-11-13,430.3999938964844,432.9779968261719,423.6000061035156,430.45001220703125,13159098,430.05902099609375
2023-11-14,444.0,455.6000061035156,428.5,450.0,48972952,449.59124755859375
2023-11-15,456.3999938964844,474.0,447.75,464.70001220703125,47035434,464.2779235839844
2023-11-16,464.29998779296875,468.0,456.8500061035156,457.6499938964844,35406320,457.2343444824219
2023-11-17,460.0,471.81500244140625,454.20001220703125,467.6499938964844,28159519,467.2252197265625
2023-11-20,462.1499938964844,470.3500061035156,457.6000061035156,465.5,24376884,465.0771789550781
2023-11-21,466.70001220703125,470.25,454.8500061035156,457.0,23533480,456.5848693847656
2023-11-22,457.0,459.95001220703125,447.20001220703125,448.95001220703125,26506645,448.542236328125
2023-11-23,449.45001220703125,452.45001220703125,437.0,449.79998779296875,34006957,449.3914489746094
2023-11-24,445.70001220703125,452.95001220703125,442.25,448.1499938964844,13132755,447.74298095703125
2023-11-27,445.25,450.95001220703125,442.70001220703125,445.5,12262549,445.0953369140625
2023-11-28,443.3999938964844,448.0,440.0,447.04998779296875,20490707,446.6439514160156
2023-11-29,445.29998779296875,453.75,443.29998779296875,443.95001220703125,13598520,443.5467834472656
2023-11-30,447.45001220703125,451.45001220703125,441.45001220703125,441.79998779296875,57364064,441.39874267578125
2023-12-01,445.79998779296875,459.6499938964844,445.29998779296875,457.70001220703125,70112246,457.2843017578125
2023-12-04,447.6499938964844,460.3999938964844,441.75,443.6499938964844,31318594,443.2470397949219
2023-12-05,440.54998779296875,444.3999938964844,433.5,438.3999938964844,22461527,438.0018005371094
2023-12-06,443.5,451.0,435.75,446.5,19833746,446.0944519042969
2023-12-07,442.8500061035156,456.20001220703125,441.1499938964844,453.54998779296875,33628019,453.1380615234375
2023-12-08,451.5,462.8500061035156,448.75,457.3999938964844,33454735,456.9845886230469
2023-12-11,451.0,454.0,438.29998779296875,439.29998779296875,44269138,438.9009704589844
2023-12-12,441.25,445.75,432.6000061035156,436.29998779296875,27182875,435.9037170410156
2023-12-13,433.3999938964844,438.95001220703125,431.25,433.6499938964844,26446023,433.256103515625
2023-12-14,448.45001220703125,456.7380065917969,431.0,453.75,52778866,453.337890625
2023-12-15,460.3999938964844,472.12799072265625,459.20001220703125,460.8500061035156,69181090,460.4314270019531
2023-12-18,459.0,464.6029968261719,456.25,462.6499938964844,25064424,462.22979736328125
2023-12-19,460.1000061035156,468.3999938964844,457.20001220703125,467.79998779296875,35895846,467.3750915527344
2023-12-20,474.0,478.0,464.95001220703125,469.1499938964844,19622028,468.7238464355469
2023-12-21,466.70001220703125,470.25,459.6000061035156,470.20001220703125,34690491,469.7729187011719
2023-12-22,467.29998779296875,473.6239929199219,466.3500061035156,466.3500061035156,12112393,465.9263916015625
2023-12-27,473.75,478.54998779296875,463.54998779296875,471.75,17585124,471.321533203125
2023-12-28,475.0,477.0,469.20001220703125,470.04998779296875,16698371,469.6230773925781
2023-12-29,471.45001220703125,476.1000061035156,471.04998779296875,472.1000061035156,8801158,471.67120361328125
2024-01-02,475.0,477.8999938964844,466.1499938964844,468.70001220703125,17342921,468.2743225097656
2024-01-03,462.6000061035156,465.8999938964844,452.20001220703125,458.5,26163491,458.08355712890625
2024-01-04,460.0,463.20001220703125,455.25,459.25,29427798,458.8328552246094
2024-01-05,456.54998779296875,467.8500061035156,455.6000061035156,463.0,14168292,462.5794372558594
2024-01-08,459.79998779296875,462.04998779296875,452.1000061035156,457.1000061035156,21219277,456.6848449707031
2024-01-09,456.54998779296875,457.0,448.6000061035156,451.79998779296875,44588532,451.3896484375
2024-01-10,447.5,452.9169921875,447.29998779296875,447.95001220703125,22171169,447.5431213378906
2024-01-11,454.25,455.3999938964844,444.25,445.20001220703125,23302814,444.7956237792969
2024-01-12,449.54998779296875,451.75,445.04998779296875,448.1499938964844,22414596,447.74298095703125
2024-01-15,445.3999938964844,448.45001220703125,443.8500061035156,445.0,13918555,444.5958251953125
2024-01-16,443.3999938964844,445.6000061035156,437.32501220703125,439.1499938964844,50703264,438.7511291503906
2024-01-17,421.3999938964844,427.6300048828125,414.8999938964844,419.5,34849476,419.11895751953125
2024-01-18,421.79998779296875,423.6499938964844,414.25,419.8500061035156,25685796,419.46868896484375
2024-01-19,420.8999938964844,422.20001220703125,411.29998779296875,412.29998779296875,39660834,411.92547607421875
2024-01-22,412.1499938964844,414.95001220703125,397.45001220703125,397.8999938964844,45647283,397.5386047363281
2024-01-23,403.20001220703125,408.6499938964844,401.25,405.1499938964844,86857166,404.781982421875
2024-01-24,414.1499938964844,419.20001220703125,412.8999938964844,417.1000061035156,37962628,416.7211608886719
2024-01-25,417.1000061035156,419.25,414.6499938964844,416.1499938964844,25546929,415.7720031738281
2024-01-26,415.8500061035156,426.6499938964844,415.70001220703125,422.70001220703125,24790458,422.3160400390625
2024-01-29,420.20001220703125,425.54998779296875,418.8999938964844,424.95001220703125,36148971,424.56402587890625
2024-01-30,424.3500061035156,427.6000061035156,419.79998779296875,421.04998779296875,23237088,420.66754150390625
2024-01-31,422.8500061035156,424.79998779296875,416.1000061035156,420.45001220703125,26787780,420.0680847167969
2024-02-01,414.29998779296875,429.75,414.29998779296875,426.1000061035156,47106298,425.7130126953125
2024-02-02,426.5,428.0,416.8999938964844,417.6000061035156,38502040,417.2207336425781
2024-02-05,415.45001220703125,418.04998779296875,406.6499938964844,409.3999938964844,34792983,409.02813720703125
2024-02-06,413.1000061035156,415.8500061035156,407.77899169921875,410.5,22025123,410.127197265625
2024-02-07,410.5,412.54998779296875,400.5,402.3999938964844,32675464,402.03448486328125
2024-02-08,403.0,404.70001220703125,396.25,396.79998779296875,22432239,396.4396057128906
2024-02-09,395.04998779296875,395.6499938964844,383.0,385.04998779296875,78351494,384.7002868652344
2024-02-12,385.95001220703125,396.3999938964844,385.45001220703125,394.25,37551815,393.8918762207031
2024-02-13,398.3999938964844,399.45001220703125,390.48699951171875,392.70001220703125,30138922,392.34332275390625
2024-02-14,391.6499938964844,392.6000061035156,385.4700012207031,391.45001220703125,66183260,391.09442138671875
2024-02-15,389.79998779296875,395.5,386.9490051269531,391.04998779296875,22151485,390.6947937011719
2024-02-16,396.45001220703125,405.45001220703125,396.45001220703125,399.54998779296875,47195576,399.18707275390625
2024-02-19,398.5,398.8500061035156,391.8500061035156,395.3999938964844,19213606,395.0408935546875
2024-02-20,391.20001220703125,393.45001220703125,385.85699462890625,390.3999938964844,39945073,390.0453796386719
2024-02-21,377.8500061035156,390.95001220703125,365.31298828125,386.04998779296875,78213840,385.6993408203125
2024-02-22,390.0,393.1499938964844,378.3999938964844,379.8999938964844,51500067,379.5549621582031
2024-02-23,379.20001220703125,380.79998779296875,371.25,375.79998779296875,61659051,375.4586181640625
2024-02-26,371.20001220703125,372.70001220703125,366.98199462890625,368.95001220703125,35974253,368.6148986816406
2024-02-27,371.79998779296875,373.54998779296875,366.79998779296875,372.04998779296875,50218466,371.7120666503906
2024-02-28,370.70001220703125,373.70001220703125,368.3269958496094,373.45001220703125,34034514,373.1108093261719
2024-02-29,376.6499938964844,379.95001220703125,372.75,375.1499938964844,36513673,374.8092956542969
2024-03-01,377.54998779296875,383.0450134277344,376.1510009765625,382.45001220703125,29571049,382.10260009765625
2024-03-04,381.1499938964844,381.45001220703125,376.8500061035156,380.20001220703125,19757111,379.8546447753906
2024-03-05,377.0,388.9100036621094,374.24700927734375,385.3500061035156,40961378,385.0
2024-03-06,385.29998779296875,392.5,384.25,389.1499938964844,43003141,388.79656982421875
2024-03-07,390.70001220703125,400.54998779296875,389.75,399.1000061035156,62867102,398.7375183105469
2024-03-08,399.3500061035156,406.45001220703125,397.114013671875,400.75,42848279,400.385986328125
2024-03-11,394.3500061035156,398.5,391.20001220703125,398.3999938964844,21774900,398.0381164550781
2024-03-12,402.79998779296875,408.8680114746094,399.45001220703125,399.95001220703125,50222798,399.5867614746094
2024-03-13,405.8500061035156,422.20001220703125,402.79998779296875,419.20001220703125,103279556,418.81927490234375
2024-03-14,420.0,422.20001220703125,415.8500061035156,417.25,45797211,416.87103271484375
2024-03-15,423.75,428.0799865722656,419.8999938964844,425.20001220703125,95872842,424.81378173828125
2024-03-18,424.1499938964844,428.29998779296875,422.6000061035156,422.6000061035156,27246352,422.2161865234375
2024-03-19,421.25,423.54998779296875,413.3909912109375,418.6000061035156,63550905,418.21978759765625
2024-03-20,419.3999938964844,420.0740051269531,413.95001220703125,416.20001220703125,30724187,415.8219909667969
2024-03-21,428.1000061035156,433.0,426.70001220703125,428.0,70078436,427.6112365722656
2024-03-22,424.20001220703125,434.45001220703125,423.1000061035156,428.8500061035156,34744551,428.4604797363281
2024-03-25,426.6499938964844,429.71600341796875,423.6000061035156,423.6000061035156,29544306,423.21527099609375
2024-03-26,419.5,428.04998779296875,418.0,423.95001220703125,18083084,423.5649719238281
2024-03-27,423.5,428.75,420.25,428.75,18265442,428.3605651855469
2024-03-28,433.6000061035156,437.20001220703125,431.2300109863281,435.29998779296875,30171017,434.9046325683594
2024-04-02,442.29998779296875,449.8500061035156,441.1499938964844,448.3999938964844,41349309,447.99273681640625
2024-04-03,447.29998779296875,458.3500061035156,444.25,458.29998779296875,68835890,457.88372802734375
2024-04-04,460.20001220703125,466.95001220703125,459.8500061035156,463.54998779296875,29108298,463.12890625
2024-04-05,457.8999938964844,464.20001220703125,455.70001220703125,458.1000061035156,22811254,457.6839294433594
2024-04-08,458.1499938964844,469.1000061035156,457.95001220703125,466.79998779296875,35053075,466.37603759765625
2024-04-09,467.0,476.20001220703125,466.1000061035156,473.0,76475216,472.5704040527344
2024-04-10,476.25,478.29998779296875,462.6499938964844,468.0,73895449,467.5749206542969
2024-04-11,467.1000061035156,470.1499938964844,459.6000061035156,462.1499938964844,27370826,461.7301940917969
2024-04-12,467.8999938964844,488.20001220703125,467.8999938964844,485.70001220703125,51549012,485.25885009765625
2024-04-15,487.1000061035156,489.1579895019531,476.6000061035156,481.6499938964844,30057399,481.2124938964844
2024-04-16,472.70001220703125,475.29998779296875,463.8999938964844,466.6000061035156,40152207,466.1761779785156
2024-04-17,464.95001220703125,480.6409912109375,464.8500061035156,472.8500061035156,38033271,472.4205322265625
2024-04-18,474.1000061035156,475.0580139160156,470.0,475.0,70400214,474.5685729980469
2024-04-19,473.79998779296875,478.62799072265625,467.8999938964844,474.29998779296875,84938901,473.869140625
2024-04-22,473.95001220703125,482.0,472.4469909667969,474.8999938964844,49296256,474.4686279296875
2024-04-23,472.8500061035156,472.8680114746094,463.3999938964844,468.5,25885803,468.0744323730469
2024-04-24,475.0,479.54998779296875,471.8500061035156,474.1000061035156,91615218,473.66937255859375
2024-04-25,478.0,479.6000061035156,464.75,468.6000061035156,46643686,468.17437744140625
2024-04-26,474.3500061035156,477.20001220703125,468.8500061035156,469.5,23930228,469.07354736328125
2024-04-29,474.1000061035156,476.20001220703125,469.3999938964844,473.45001220703125,17953900,473.01995849609375
2024-04-30,473.45001220703125,473.45001220703125,469.74200439453125,467.70001220703125,36605263,467.2751770019531
2024-05-01,473.6000061035156,465.70001220703125,465.0,466.5,2058475,466.0762939453125
2024-05-02,464.3999938964844,469.29998779296875,453.04998779296875,458.70001220703125,46263484,458.33441162109375
2024-05-03,451.1499938964844,461.5,448.3999938964844,455.0,25914850,454.6373291015625
2024-05-07,460.0,469.04998779296875,459.3999938964844,467.95001220703125,28078420,467.5770263671875
2024-05-08,466.5,467.010009765625,457.45001220703125,460.70001220703125,69032654,460.33282470703125
2024-05-09,462.1000061035156,466.75,457.8999938964844,463.54998779296875,44413332,463.1805114746094
2024-05-10,468.20001220703125,479.6499938964844,460.75,476.0,36393268,475.62060546875
2024-05-13,474.75,478.8999938964844,472.70001220703125,475.3999938964844,33670670,475.0210876464844
2024-05-14,476.3999938964844,492.5,475.1499938964844,492.5,81765755,492.10748291015625
2024-05-15,494.54998779296875,498.8999938964844,485.54998779296875,487.8999938964844,25352094,487.5111389160156
2024-05-16,489.6499938964844,495.0,484.95001220703125,493.0,27703343,492.6070861816406
2024-05-17,495.0,498.45001220703125,487.54998779296875,497.0,43470926,496.6038818359375
2024-05-20,500.0,506.7200012207031,498.4020080566406,501.5,25420083,501.10028076171875
2024-05-21,499.0,504.6000061035156,496.25,499.8999938964844,23073023,499.5015563964844
2024-05-22,495.54998779296875,502.8999938964844,479.1499938964844,483.0,56767166,482.6150207519531
2024-05-23,481.0,488.6099853515625,476.6000061035156,483.45001220703125,20298470,483.0646667480469
2024-05-24,479.6499938964844,486.3999938964844,476.6499938964844,483.95001220703125,10405517,483.56427001953125
2024-05-28,487.6499938964844,492.1499938964844,481.0,489.0,60968576,488.6102294921875
2024-05-29,487.6000061035156,491.95001220703125,479.75,483.25,20500012,482.8648376464844
2024-05-30,473.8999938964844,486.1499938964844,470.8999938964844,481.8999938964844,43793528,481.5158996582031
2024-05-31,484.1000061035156,485.3999938964844,479.6000061035156,480.75,84060796,480.3668518066406
2024-06-03,485.3500061035156,486.79998779296875,476.6499938964844,481.5,17135011,481.1162109375
2024-06-04,479.95001220703125,479.95001220703125,467.20001220703125,468.3999938964844,33131643,468.02667236328125
2024-06-05,468.5,471.3500061035156,464.8999938964844,470.04998779296875,26654418,469.67535400390625
2024-06-06,472.1000061035156,477.8500061035156,467.20001220703125,477.20001220703125,22808747,476.8196716308594
2024-06-07,475.8500061035156,480.1000061035156,466.25,469.75,26382699,469.3755798339844
2024-06-10,467.29998779296875,476.20001220703125,466.20001220703125,475.79998779296875,12245909,475.4207763671875
2024-06-11,474.5,478.8999938964844,458.3999938964844,465.54998779296875,47231218,465.1789245605469
2024-06-12,467.8999938964844,470.3500061035156,462.75,462.8999938964844,39054281,462.53106689453125
2024-06-13,460.1000061035156,462.8389892578125,455.54998779296875,460.1499938964844,21127391,459.78326416015625
2024-06-14,460.75,460.75,450.54998779296875,454.54998779296875,15876698,454.187744140625
2024-06-17,451.45001220703125,454.1050109863281,446.1499938964844,448.3500061035156,29378344,447.9926452636719
2024-06-18,455.8999938964844,459.2569885253906,447.3999938964844,453.45001220703125,25518018,453.0885925292969
2024-06-19,455.6499938964844,460.29998779296875,452.8500061035156,456.1499938964844,30792941,455.7864685058594
2024-06-20,456.6000061035156,466.0,453.3999938964844,463.95001220703125,26694426,463.5802001953125
2024-06-21,462.8999938964844,478.95001220703125,454.70001220703125,454.70001220703125,73950723,454.33758544921875
2024-06-24,453.70001220703125,466.75,451.25,459.5,45684622,459.1337890625
2024-06-25,459.8999938964844,462.5,453.3500061035156,454.5,21870933,454.13775634765625
2024-06-26,460.0,465.0,453.8999938964844,454.20001220703125,30074222,453.8379821777344
2024-06-27,450.95001220703125,456.95001220703125,448.1499938964844,452.75,17226331,452.3891296386719
2024-06-28,454.1499938964844,458.54998779296875,451.1000061035156,451.1000061035156,28317987,450.740478515625
2024-07-01,454.6000061035156,465.70001220703125,448.3500061035156,461.70001220703125,30479112,461.33203125
2024-07-02,458.29998779296875,467.29998779296875,456.0,466.25,26294860,465.8783874511719
2024-07-03,474.45001220703125,480.8500061035156,472.20001220703125,477.0,57688916,476.6198425292969
2024-07-04,479.1499938964844,483.29998779296875,474.1000061035156,480.79998779296875,17149958,480.4167785644531
2024-07-05,484.0,489.29998779296875,477.8999938964844,483.04998779296875,38929834,482.6650085449219
2024-07-08,479.04998779296875,483.20001220703125,476.1499938964844,479.3500061035156,26041110,478.96795654296875
2024-07-09,481.3999938964844,485.95001220703125,474.25,476.04998779296875,104073814,475.6705627441406
2024-07-10,475.1499938964844,481.7909851074219,471.6000061035156,479.0,13115139,478.61822509765625
2024-07-11,480.6000061035156,483.1000061035156,474.70001220703125,478.79998779296875,16335902,478.41839599609375
2024-07-12,481.1499938964844,481.95001220703125,473.5,478.3500061035156,19191626,477.9687805175781
2024-07-15,477.70001220703125,481.25,466.1000061035156,471.29998779296875,22878945,470.9243469238281
2024-07-16,467.6499938964844,474.1499938964844,452.95001220703125,458.54998779296875,20198135,458.18450927734375
2024-07-17,456.0,462.8999938964844,451.45001220703125,458.5,14050190,458.13458251953125
2024-07-18,461.5,465.0,447.5,450.8999938964844,29144703,450.5406494140625
2024-07-19,444.8999938964844,461.29998779296875,440.0,441.95001220703125,31017860,441.5977478027344
2024-07-22,443.3500061035156,446.322998046875,442.04998779296875,443.3500061035156,17066639,442.99664306640625
2024-07-23,440.0,440.0,432.1000061035156,433.3999938964844,45562205,433.0545349121094
2024-07-24,430.6499938964844,439.2879943847656,383.17999267578125,433.3500061035156,12308896,433.004638671875
2024-07-25,424.8500061035156,432.70001220703125,422.75,432.29998779296875,16954703,431.9554138183594
2024-07-26,434.6499938964844,438.4219970703125,432.6000061035156,433.6000061035156,10692393,433.2544250488281
2024-07-29,435.6499938964844,437.4460144042969,426.45001220703125,427.45001220703125,61414456,427.10931396484375
2024-07-30,422.45001220703125,426.989990234375,413.8949890136719,416.6000061035156,41022298,416.2679443359375
2024-07-31,423.75,433.3659973144531,423.75,429.79998779296875,30546353,429.4573974609375
2024-08-01,433.0,433.8500061035156,415.04998779296875,415.20001220703125,26967591,414.8690490722656
2024-08-02,411.04998779296875,420.29998779296875,401.3500061035156,405.04998779296875,30324424,404.7271423339844
2024-08-05,391.0,392.5780029296875,380.3450012207031,391.70001220703125,74864723,391.3877868652344
2024-08-06,397.70001220703125,398.95001220703125,386.25,393.1499938964844,60315187,392.836669921875
2024-08-07,385.0,407.31500244140625,383.17999267578125,404.20001220703125,30225139,403.8778381347656
2024-08-08,396.70001220703125,404.1199951171875,391.3420104980469,403.20001220703125,15789835,402.8786315917969
2024-08-09,409.95001220703125,415.1919860839844,405.1000061035156,405.1000061035156,20033036,404.7771301269531
2024-08-12,406.3500061035156,411.9200134277344,405.1000061035156,410.25,24549119,409.92303466796875
2024-08-13,410.0,411.6000061035156,403.04998779296875,405.3999938964844,16820808,405.076904296875
2024-08-14,405.0,407.3500061035156,401.54998779296875,403.20001220703125,15661377,402.8786315917969
2024-08-15,405.3999938964844,412.25,403.6730041503906,408.5,158977455,408.1744384765625
2024-08-16,410.0,412.54998779296875,401.6000061035156,403.8500061035156,37263764,403.5281066894531
2024-08-19,404.0,417.1400146484375,403.54998779296875,415.20001220703125,25181956,414.8690490722656
2024-08-20,415.29998779296875,416.5,410.20001220703125,410.20001220703125,25569268,409.873046875
2024-08-21,414.25,419.18499755859375,383.17999267578125,413.29998779296875,39885981,412.9705505371094
2024-08-22,410.75,413.1000061035156,404.29998779296875,405.29998779296875,75817593,404.9769592285156
2024-08-23,406.3999938964844,412.1090087890625,406.3999938964844,411.1000061035156,21280539,410.7723388671875
2024-08-27,414.0,414.5,409.20001220703125,410.5,13424662,410.1728210449219
2024-08-28,409.25,410.95001220703125,402.1000061035156,404.54998779296875,14583810,404.2275390625
2024-08-29,401.0,405.64801025390625,398.3999938964844,400.1000061035156,19777917,399.8299560546875
2024-08-30,402.0,406.95001220703125,399.9110107421875,400.79998779296875,19268380,400.5294494628906
2024-09-02,399.70001220703125,401.75,394.29998779296875,399.70001220703125,46852141,399.4302062988281
2024-09-03,397.0,399.1000061035156,380.6000061035156,384.75,154545673,384.49029541015625
2024-09-04,380.0,384.3500061035156,377.95001220703125,380.79998779296875,23713083,380.54296875
2024-09-05,378.29998779296875,383.3500061035156,376.3999938964844,379.3500061035156,69959160,379.09393310546875
2024-09-06,378.0,379.3500061035156,366.1499938964844,367.1000061035156,26630329,366.8522033691406
2024-09-09,371.20001220703125,373.8500061035156,369.20001220703125,370.04998779296875,14251477,369.80023193359375
2024-09-10,369.79998779296875,371.95001220703125,362.54998779296875,363.45001220703125,91650698,363.2046813964844
2024-09-11,370.0,371.8500061035156,360.70001220703125,362.79998779296875,46227641,362.55511474609375
2024-09-12,371.6000061035156,378.0,369.3500061035156,372.6499938964844,71363633,372.3984680175781
2024-09-13,374.45001220703125,379.29998779296875,373.75,377.3500061035156,16820710,377.09527587890625
2024-09-16,375.8999938964844,380.3999938964844,373.0,377.70001220703125,18580565,377.445068359375
2024-09-17,380.0,383.29998779296875,378.1499938964844,379.29998779296875,22967074,379.0439453125
2024-09-18,378.54998779296875,381.0669860839844,376.20001220703125,379.8500061035156,31150874,379.5936279296875
2024-09-20,387.0,388.25,378.67999267578125,378.70001220703125,52355925,378.4443664550781
2024-09-23,378.70001220703125,385.5,376.45001220703125,384.8500061035156,48612136,384.5902099609375
2024-09-24,403.3999938964844,405.0,398.29998779296875,399.8500061035156,49708561,399.58013916015625
2024-09-25,400.45001220703125,405.45001220703125,399.8500061035156,403.3500061035156,29275724,403.0777282714844
2024-09-26,416.0,426.70001220703125,403.3999938964844,423.04998779296875,50931719,422.7644348144531
2024-09-27,426.6000061035156,428.6000061035156,420.79998779296875,427.04998779296875,38738138,426.7617492675781
2024-09-30,429.8500061035156,435.7449951171875,426.697998046875,427.70001220703125,43924647,427.4113464355469
2024-10-01,427.79998779296875,433.29998779296875,423.8500061035156,429.1000061035156,23272043,428.8103942871094
2024-10-02,434.20001220703125,437.6000061035156,429.1000061035156,433.3999938964844,19980462,433.1074523925781
2024-10-03,432.29998779296875,433.3999938964844,427.0,429.29998779296875,18182873,429.0102233886719
2024-10-04,429.45001220703125,436.04998779296875,428.1499938964844,433.1000061035156,20059942,432.80767822265625
2024-10-07,433.45001220703125,438.79998779296875,432.6000061035156,437.5,20309255,437.2046813964844
2024-10-08,421.20001220703125,424.4389953613281,415.1000061035156,417.5,96060393,417.21820068359375
2024-10-09,421.70001220703125,423.1000061035156,414.54998779296875,420.8999938964844,18355123,420.6158752441406
2024-10-10,422.5,424.0,415.0,422.0,20849212,421.7151794433594
2024-10-11,421.8500061035156,426.6000061035156,419.70001220703125,424.25,22385459,423.963623046875
2024-10-14,424.0,424.25,413.45001220703125,420.54998779296875,44633502,420.2661437988281
2024-10-15,416.45001220703125,416.70001220703125,403.04998779296875,403.54998779296875,30531180,403.2775573730469
2024-10-16,405.0,411.04998779296875,404.3999938964844,406.6499938964844,37995073,406.37554931640625
2024-10-17,401.29998779296875,409.45001220703125,399.0,403.20001220703125,52417710,402.9278869628906
2024-10-18,409.04998779296875,416.1000061035156,408.70001220703125,408.70001220703125,30404215,408.42413330078125
2024-10-21,410.79998779296875,416.29998779296875,406.8999938964844,406.8999938964844,15546001,406.62530517578125
2024-10-22,408.70001220703125,410.25,403.75,407.8999938964844,12369784,407.6246643066406
2024-10-23,404.29998779296875,407.0,399.8500061035156,400.29998779296875,16809471,400.0298156738281
2024-10-24,401.8999938964844,407.2879943847656,399.3999938964844,398.1000061035156,9334062,397.831298828125
2024-10-25,398.6000061035156,496.1199951171875,397.0,404.20001220703125,16183684,403.92718505859375
2024-10-28,405.75,409.25,399.1499938964844,405.04998779296875,35134968,404.7765808105469
2024-10-29,406.1499938964844,414.04998779296875,401.1000061035156,404.6000061035156,28106682,404.3269348144531
2024-10-30,415.5,416.20001220703125,407.1000061035156,409.6000061035156,34949037,409.3235168457031
2024-10-31,407.0,409.8999938964844,402.8500061035156,406.29998779296875,19986209,406.0257263183594
2024-11-01,406.6499938964844,409.3900146484375,405.25,407.6499938964844,15448945,407.37481689453125
2024-11-04,409.3999938964844,411.95001220703125,406.8999938964844,406.8999938964844,25732443,406.62530517578125
2024-11-05,406.8999938964844,409.25,405.04998779296875,407.3999938964844,12123619,407.125
2024-11-06,406.3500061035156,415.1000061035156,393.75,401.25,34486516,400.97918701171875
2024-11-07,409.20001220703125,418.79998779296875,405.8999938964844,415.3999938964844,33607577,415.1195983886719
2024-11-08,413.29998779296875,414.6499938964844,391.8999938964844,394.79998779296875,40931149,394.53350830078125
2024-11-11,394.29998779296875,396.45001220703125,386.25,388.5,36975397,388.2377624511719
2024-11-12,383.6000061035156,385.20001220703125,374.9590148925781,376.45001220703125,31451187,376.1958923339844
2024-11-13,378.70001220703125,381.54998779296875,373.6000061035156,376.5,45397028,376.2458801269531
2024-11-14,371.79998779296875,376.5849914550781,368.8500061035156,374.70001220703125,22612669,374.4471130371094
2024-11-15,372.20001220703125,383.79998779296875,372.20001220703125,379.3500061035156,27884003,379.09393310546875
2024-11-18,382.5,385.25,378.84698486328125,383.45001220703125,94522968,383.1911926269531
2024-11-19,387.04998779296875,389.0,378.1499938964844,379.45001220703125,30258148,379.19390869140625
2024-11-20,380.8999938964844,383.6499938964844,379.5,380.70001220703125,33662030,380.4430236816406
2024-11-21,380.29998779296875,383.20001220703125,378.1000061035156,381.3999938964844,29116318,381.142578125
2024-11-22,383.0,383.625,376.3500061035156,380.79998779296875,15050926,380.54296875
2024-11-25,384.3500061035156,391.5,382.95001220703125,389.79998779296875,31215805,389.5368957519531
2024-11-26,383.3500061035156,386.74200439453125,378.3500061035156,378.75,39358848,378.4943542480469
2024-11-27,379.25,383.6499938964844,374.70001220703125,375.8999938964844,36029315,375.646240234375
2024-11-28,376.6000061035156,379.2900085449219,373.6820068359375,373.75,17128841,373.4976806640625
2024-11-29,376.0,379.95001220703125,373.6499938964844,379.95001220703125,22053975,379.6935729980469
2024-12-02,376.3500061035156,381.54998779296875,374.6000061035156,377.04998779296875,16096208,376.7955017089844
2024-12-03,383.79998779296875,387.25,381.70001220703125,382.0,55313864,381.7421569824219
2024-12-04,380.3500061035156,383.6000061035156,377.1499938964844,378.20001220703125,46416979,377.9447326660156
2024-12-05,375.8999938964844,381.79998779296875,375.8999938964844,377.29998779296875,16486829,377.0452880859375
2024-12-06,376.29998779296875,381.6499938964844,375.70001220703125,378.0,33944889,377.744873046875
2024-12-09,384.0,397.3999938964844,383.6499938964844,394.8500061035156,90617804,394.58349609375
2024-12-10,387.0,389.41900634765625,383.20001220703125,385.8999938964844,30989391,385.6394958496094
2024-12-11,383.0,387.29998779296875,380.20001220703125,383.25,60879895,382.9913330078125
2024-12-12,389.0,390.75,376.8999938964844,377.8999938964844,22506200,377.6448974609375
2024-12-13,376.3500061035156,379.1499938964844,370.25,371.04998779296875,30990003,370.799560546875
2024-12-16,373.0,374.6000061035156,366.29998779296875,367.75,23559419,367.50177001953125
2024-12-17,365.0,365.95001220703125,360.3500061035156,362.70001220703125,114447889,362.4551696777344
2024-12-18,363.0,455.3399963378906,360.25,362.29998779296875,28522617,362.0554504394531
2024-12-19,355.8500061035156,358.88299560546875,353.70001220703125,354.1000061035156,25353052,353.8609619140625
2024-12-20,352.04998779296875,355.3500061035156,348.3500061035156,352.8999938964844,50446476,352.6617736816406
2024-12-23,352.79998779296875,354.25,349.6000061035156,354.1000061035156,35192481,353.8609619140625
2024-12-24,356.70001220703125,358.79998779296875,354.8999938964844,355.3500061035156,5883053,355.11016845703125
2024-12-27,353.5,357.29998779296875,352.20001220703125,354.6000061035156,14333641,354.3606872558594
2024-12-30,353.3500061035156,353.3500061035156,350.2200012207031,352.29998779296875,17058714,352.06219482421875
2024-12-31,352.25,356.1499938964844,351.6499938964844,353.3999938964844,7131966,353.1614685058594
2025-01-02,357.0,363.6000061035156,355.54998779296875,362.6499938964844,33657245,362.40521240234375
2025-01-03,361.1499938964844,363.70001220703125,357.6000061035156,361.6000061035156,56405452,361.3559265136719
2025-01-06,361.25,372.0,356.95001220703125,366.70001220703125,32723639,366.4525146484375
2025-01-07,365.3500061035156,371.6000061035156,360.5,361.20001220703125,50609138,360.95623779296875
2025-01-08,360.70001220703125,363.95001220703125,355.75,363.95001220703125,24486642,363.7043762207031
2025-01-09,363.75,372.29998779296875,361.29998779296875,365.70001220703125,35559899,365.4531555175781
2025-01-10,367.1499938964844,369.20001220703125,358.3500061035156,358.70001220703125,48054554,358.4578857421875
2025-01-13,357.6499938964844,366.3999938964844,357.29998779296875,363.95001220703125,21549194,363.7043762207031
2025-01-14,368.1000061035156,374.70001220703125,366.3999938964844,367.6000061035156,31383302,367.3518981933594
2025-01-15,368.25,372.95001220703125,367.8399963378906,368.75,29340355,368.5010986328125
2025-01-16,372.25,377.75,369.04998779296875,370.04998779296875,30049053,369.80023193359375
2025-01-17,381.3999938964844,385.1579895019531,376.0,380.1499938964844,74148986,379.8934020996094
2025-01-20,379.0,391.70001220703125,378.04998779296875,387.20001220703125,32678636,386.93865966796875
2025-01-21,384.0,386.20001220703125,379.45001220703125,380.6000061035156,21085244,380.3431091308594
2025-01-22,377.6499938964844,381.3999938964844,374.95001220703125,377.20001220703125,16259679,376.9454040527344
2025-01-23,373.6000061035156,376.5,370.6000061035156,373.5,57581709,373.2478942871094
2025-01-24,377.5,385.95001220703125,374.8999938964844,375.3999938964844,27736742,375.1466064453125
2025-01-27,366.8500061035156,368.5,360.75,361.5,33814613,361.2559814453125
2025-01-28,362.0,362.8999938964844,354.8999938964844,354.95001220703125,22784767,354.7104187011719
2025-01-29,353.79998779296875,354.87701416015625,345.5,345.5,47750492,345.2668151855469
2025-01-30,347.0,356.20001220703125,339.8500061035156,352.95001220703125,36448478,352.7117919921875
2025-01-31,354.75,357.0690002441406,349.20001220703125,350.5,39381109,350.2633972167969
2025-02-03,339.25,343.45001220703125,337.75,342.1000061035156,29667810,341.8691101074219
2025-02-04,349.54998779296875,350.5,342.8500061035156,348.6000061035156,97154024,348.36468505859375
2025-02-05,348.0,351.45001220703125,345.8500061035156,348.20001220703125,28682823,347.9649963378906
2025-02-06,352.5,361.4129943847656,352.4859924316406,354.45001220703125,27894199,354.2107849121094
2025-02-07,354.75,362.29998779296875,353.70001220703125,358.6000061035156,63476572,358.3579406738281
2025-02-10,357.3500061035156,361.04998779296875,356.8500061035156,359.45001220703125,39317012,359.2073669433594
2025-02-11,355.3999938964844,356.04998779296875,347.3500061035156,349.6499938964844,32975655,349.4140319824219
2025-02-12,350.8500061035156,352.3999938964844,340.3500061035156,341.0,53484062,340.76983642578125
2025-02-13,346.6000061035156,348.25,343.8500061035156,345.45001220703125,55069936,345.21685791015625
2025-02-14,349.5,362.1000061035156,347.8999938964844,353.20001220703125,59698913,352.9616394042969
2025-02-17,354.70001220703125,355.6000061035156,349.3999938964844,350.3999938964844,16489116,350.16351318359375
2025-02-18,355.6000061035156,357.3500061035156,352.5,353.54998779296875,25392127,353.3113098144531
2025-02-19,342.0,344.8500061035156,325.0,327.79998779296875,119757499,327.5787658691406
2025-02-20,329.3999938964844,337.3500061035156,324.1000061035156,325.54998779296875,57053585,325.33026123046875
2025-02-21,324.0,329.25,320.5,323.8500061035156,94752836,323.63140869140625
2025-02-24,320.5,326.6499938964844,316.3999938964844,317.95001220703125,40908475,317.7353515625
2025-02-25,313.0,324.95001220703125,311.29998779296875,315.6000061035156,34691855,315.386962890625
2025-02-26,320.0,325.8999938964844,318.95001220703125,321.8999938964844,49697803,321.6827392578125
2025-02-27,319.25,324.0,316.3500061035156,316.8500061035156,30097459,316.6361389160156
2025-02-28,311.6000061035156,321.3900146484375,309.1499938964844,319.1499938964844,43879233,318.9345397949219
2025-03-03,318.29998779296875,328.95001220703125,317.04998779296875,323.45001220703125,63021866,323.231689453125
2025-03-04,316.5,318.177001953125,310.54998779296875,312.8500061035156,35182127,312.63885498046875
2025-03-05,319.1000061035156,327.75,318.8500061035156,320.8999938964844,35486043,320.68341064453125
2025-03-06,323.6000061035156,333.0,323.6000061035156,327.5,38100047,327.2789611816406
2025-03-07,325.1499938964844,326.5,315.6000061035156,319.1499938964844,33075409,318.9345397949219
2025-03-10,319.8999938964844,321.70001220703125,313.6820068359375,315.29998779296875,90913508,315.0871887207031
2025-03-11,316.04998779296875,320.8999938964844,312.29998779296875,313.6499938964844,46110242,313.4382629394531
2025-03-12,317.45001220703125,319.3999938964844,309.8500061035156,312.5,29954384,312.2890625
2025-03-13,310.25,316.20001220703125,309.20001220703125,312.54998779296875,31827172,312.33905029296875
2025-03-14,314.8500061035156,323.3760070800781,314.1499938964844,320.75,31379897,320.5334777832031
2025-03-17,323.20001220703125,325.85400390625,318.8500061035156,318.8500061035156,30196185,318.6347961425781
2025-03-18,322.79998779296875,325.20001220703125,318.0,319.1000061035156,32243601,318.8846435546875
2025-03-19,317.20001220703125,318.54998779296875,313.04998779296875,315.04998779296875,39351234,314.83734130859375
2025-03-20,315.3999938964844,320.1499938964844,309.79998779296875,310.0,43449177,309.7907409667969
2025-03-21,307.25,307.8999938964844,298.3500061035156,299.20001220703125,84522472,298.998046875
2025-03-24,306.0,309.79998779296875,302.8999938964844,302.8999938964844,39990295,302.6955261230469
2025-03-25,303.0,307.70001220703125,302.3500061035156,304.5,51681226,304.29443359375
2025-03-26,307.75,309.25,302.95001220703125,304.0,36576784,303.7948303222656
2025-03-27,301.0,303.1499938964844,296.9679870605469,297.6499938964844,38235758,297.4490966796875
2025-03-28,295.1000061035156,300.20001220703125,292.54998779296875,292.54998779296875,42681804,292.3525085449219
2025-03-31,286.8500061035156,288.1499938964844,279.29901123046875,280.29998779296875,52770112,280.11077880859375
2025-04-01,284.54998779296875,287.29998779296875,282.25,284.1499938964844,36559632,283.9582214355469
2025-04-02,280.0,285.33599853515625,280.0,282.95001220703125,28221270,282.759033203125
2025-04-03,275.0,279.70001220703125,260.79998779296875,260.79998779296875,66089533,260.6239318847656
2025-04-04,256.0,256.3500061035156,230.5500030517578,236.89999389648438,98272422,236.74008178710938
2025-04-07,213.25,242.0,205.0,230.0500030517578,111896551,229.89471435546875
2025-04-08,236.10000610351562,244.9499969482422,232.81900024414062,238.60000610351562,120478163,238.43894958496094
2025-04-09,228.64999389648438,240.1999969482422,227.25,238.1999969482422,71963022,238.03919982910156
2025-04-10,270.0,270.54998779296875,245.0,245.0,65915142,244.83462524414062
2025-04-11,248.6999969482422,256.0199890136719,245.64999389648438,253.64999389648438,52689673,253.4788055419922
2025-04-14,261.1499938964844,263.8999938964844,259.0,260.04998779296875,41219234,259.87445068359375
2025-04-15,260.8500061035156,264.1000061035156,255.0,255.9499969482422,88782321,255.77725219726562
2025-04-16,253.75,258.25,250.5,257.1499938964844,50697681,256.9764404296875
2025-04-17,257.8999938964844,259.95001220703125,253.60000610351562,255.75,39716709,255.57737731933594
2025-04-22,257.6000061035156,258.0,253.14999389648438,256.29998779296875,88059669,256.12701416015625
2025-04-23,262.79998779296875,274.29998779296875,262.6000061035156,266.45001220703125,75968697,266.2701721191406
2025-04-24,266.25,268.54998779296875,261.8500061035156,267.75,158776358,267.5692443847656
2025-04-25,268.0,270.55999755859375,265.3999938964844,268.45001220703125,33589103,268.2688293457031
2025-04-28,268.95001220703125,271.25,265.1499938964844,265.5,46560698,265.32080078125
2025-04-29,267.0,271.29400634765625,263.6000061035156,263.8999938964844,33414499,263.72186279296875
2025-04-30,255.0,259.0799865722656,237.8820037841797,244.39999389648438,114671645,244.23504638671875
2025-05-01,245.10000610351562,247.26600646972656,241.75,244.5,54288865,244.37254333496094
2025-05-02,253.9499969482422,253.9499969482422,246.4499969482422,246.89999389648438,45783656,246.77127075195312
2025-05-06,248.75,250.10000610351562,243.91200256347656,247.75,76257652,247.620849609375
2025-05-07,247.0,255.85000610351562,245.7570037841797,252.0,142655379,251.86862182617188
2025-05-08,250.64999389648438,256.64898681640625,248.6999969482422,252.8000030517578,32014639,252.668212890625
2025-05-09,254.35000610351562,258.0,252.3000030517578,252.3000030517578,30075041,252.16847229003906
2025-05-12,269.29998779296875,273.1400146484375,263.75,267.6499938964844,48906107,267.5104675292969
2025-05-13,268.8999938964844,272.8900146484375,266.20001220703125,269.75,28968494,269.609375
2025-05-14,271.04998779296875,275.6669921875,268.79998779296875,273.75,33588813,273.6072692871094
2025-05-15,271.04998779296875,272.239990234375,266.5,270.6000061035156,67061063,270.45892333984375
2025-05-16,269.3500061035156,271.29998779296875,266.0,266.0,99276323,265.8612976074219
2025-05-19,263.95001220703125,266.6499938964844,262.0,263.70001220703125,32951541,263.5625305175781
2025-05-20,262.70001220703125,271.29998779296875,262.70001220703125,270.95001220703125,32745719,270.8087463378906
2025-05-21,271.20001220703125,271.3999938964844,265.54998779296875,267.1499938964844,26296063,267.0107116699219
2025-05-22,264.79998779296875,269.9859924316406,264.6000061035156,266.8999938964844,27044375,266.7608642578125
2025-05-23,266.3999938964844,271.9639892578125,261.70001220703125,269.1499938964844,31450279,269.0096740722656
2025-05-27,270.3500061035156,275.20001220703125,270.25,274.3999938964844,27707022,274.2569274902344
2025-05-28,272.79998779296875,275.8500061035156,271.3999938964844,272.04998779296875,45043796,271.90814208984375
2025-05-29,275.95001220703125,284.6000061035156,273.84600830078125,277.8999938964844,66993452,277.7550964355469
2025-05-30,276.29998779296875,286.04998779296875,276.20001220703125,283.3999938964844,105186841,283.2522277832031
2025-06-02,281.04998779296875,287.6000061035156,280.75,284.79998779296875,26080572,284.6514892578125
2025-06-03,280.45001220703125,283.54998779296875,276.5,282.70001220703125,29640143,282.5526428222656
2025-06-04,286.3999938964844,291.25,284.46600341796875,288.5,52814538,288.349609375
2025-06-05,289.6000061035156,295.75,286.20001220703125,292.8500061035156,35090162,292.69732666015625
2025-06-06,291.0,293.8500061035156,286.6940002441406,288.1000061035156,24188902,287.9497985839844
2025-06-09,288.0,292.75,287.8999938964844,291.1000061035156,37723026,290.9482421875
2025-06-10,291.3500061035156,292.0,288.9460144042969,290.0,26669976,289.84881591796875
2025-06-11,293.6499938964844,297.61700439453125,289.0,289.0,63479253,288.8493347167969
2025-06-12,286.6000061035156,288.9939880371094,283.95001220703125,287.6499938964844,32940863,287.5000305175781
2025-06-13,283.45001220703125,291.70001220703125,282.25,291.70001220703125,36313947,291.54791259765625
2025-06-16,294.1499938964844,297.75,289.54998779296875,291.6499938964844,27424256,291.4979553222656
2025-06-17,288.0,291.1000061035156,285.5249938964844,286.54998779296875,37077328,286.4006042480469
2025-06-18,287.04998779296875,289.30999755859375,284.3999938964844,289.25,28302295,289.0992126464844
2025-06-19,285.75,287.20001220703125,281.9939880371094,283.6000061035156,17087317,283.4521484375
2025-06-20,284.79998779296875,289.3500061035156,283.9729919433594,286.3500061035156,156612093,286.20074462890625
2025-06-23,285.6499938964844,287.29998779296875,283.75,285.45001220703125,20215476,285.3011779785156
2025-06-24,291.45001220703125,292.75,275.1000061035156,275.1000061035156,84071718,274.9565734863281
2025-06-25,276.6000061035156,282.20001220703125,273.29998779296875,273.29998779296875,43431411,273.1575012207031
2025-06-26,274.6499938964844,290.4159851074219,274.6499938964844,288.20001220703125,54212156,288.0497741699219
2025-06-27,291.79998779296875,291.95001220703125,281.54998779296875,286.70001220703125,28342738,286.550537109375
2025-06-30,287.79998779296875,291.01800537109375,283.20001220703125,283.6000061035156,40570370,283.4521484375
2025-07-01,284.79998779296875,291.25,284.3999938964844,291.25,60547992,291.09814453125
2025-07-02,294.8999938964844,308.3999938964844,293.54998779296875,306.0,107944026,305.8404541015625
2025-07-03,308.8500061035156,310.9989929199219,305.6499938964844,306.20001220703125,39368339,306.0403747558594
2025-07-04,302.54998779296875,304.1310119628906,300.1000061035156,302.8500061035156,18327124,302.6921081542969
2025-07-07,300.20001220703125,301.3500061035156,297.2860107421875,297.8999938964844,15474688,297.74468994140625
2025-07-08,302.6000061035156,308.0719909667969,301.20001220703125,306.3999938964844,42325829,306.240234375
2025-07-09,305.25,305.5039978027344,296.3999938964844,298.20001220703125,46435822,298.0445556640625
2025-07-10,303.3999938964844,312.79998779296875,303.3999938964844,309.95001220703125,37677090,309.7884216308594
2025-07-11,310.75,313.32501220703125,307.8999938964844,312.5,53617584,312.33709716796875
2025-07-14,314.0,317.7489929199219,309.9989929199219,310.20001220703125,29268370,310.0382995605469
2025-07-15,310.95001220703125,315.0,308.6499938964844,309.45001220703125,45033549,309.2886962890625
2025-07-16,308.79998779296875,311.01800537109375,305.5,306.75,25594104,306.590087890625
2025-07-17,307.6000061035156,310.6499938964844,303.2699890136719,303.29998779296875,21589270,303.141845703125
2025-07-18,307.04998779296875,310.45001220703125,303.54998779296875,303.54998779296875,31436628,303.3917236328125
2025-07-21,314.4750061035156,317.25,306.0,312.75,70540004,312.5869445800781
2025-07-23,321.6000061035156,328.95001220703125,321.6000061035156,326.45001220703125,51434373,326.2798156738281
2025-07-24,327.0,328.3999938964844,321.281005859375,322.75,22567966,322.58172607421875
2025-07-25,321.8500061035156,322.79998779296875,317.70001220703125,318.25,44348440,318.0840759277344
2025-07-28,319.0,319.5,310.3500061035156,316.70001220703125,30280433,316.534912109375
2025-07-29,316.75,316.79998779296875,304.8999938964844,305.8999938964844,53546384,305.7405090332031
2025-07-30,305.6000061035156,313.24200439453125,303.70001220703125,311.70001220703125,29232578,311.5375061035156
2025-07-31,301.70001220703125,305.0,296.20001220703125,304.75,51410214,304.59112548828125
2025-08-01,304.6000061035156,307.25,297.29998779296875,300.3500061035156,32461363,300.19342041015625
2025-08-04,302.3500061035156,303.04998779296875,298.75,299.0,80417791,298.8441162109375
2025-08-05,300.25,304.29998779296875,298.79998779296875,301.04998779296875,30443539,300.8930358886719
2025-08-06,296.0,297.29998779296875,284.75,284.75,104636913,284.6015319824219
2025-08-07,282.0,283.70001220703125,275.20001220703125,280.45001220703125,32789269,280.3038024902344
2025-08-08,285.20001220703125,289.29998779296875,284.1000061035156,288.25,47666236,288.0997314453125
2025-08-11,290.04998779296875,294.04998779296875,289.29998779296875,293.1000061035156,34915841,292.94720458984375
2025-08-12,294.45001220703125,295.79998779296875,290.54998779296875,295.20001220703125,24297370,295.0461120605469
2025-08-13,295.70001220703125,297.1499938964844,293.54998779296875,296.1499938964844,25216024,295.99560546875
2025-08-14,295.1499938964844,297.39898681640625,294.04998779296875,294.5,20566627,294.3464660644531
2025-08-15,299.6000061035156,304.70001220703125,299.18798828125,299.75,25242860,299.5937194824219
2025-08-18,300.0,300.79998779296875,288.25,288.25,110913021,288.0997314453125
2025-08-19,288.29998779296875,297.3160095214844,288.29998779296875,292.1000061035156,48975290,291.9477233886719
2025-08-20,290.45001220703125,295.7690124511719,289.70001220703125,291.70001220703125,43907218,291.54791259765625
2025-08-21,291.95001220703125,294.5,291.1499938964844,292.3500061035156,25216770,292.1976013183594
2025-08-22,293.54998779296875,295.6090087890625,289.6000061035156,294.29998779296875,22266779,294.1465759277344
2025-08-26,295.0,296.1719970703125,289.8500061035156,293.1499938964844,51413824,292.9971618652344
2025-08-27,294.54998779296875,298.0,292.20001220703125,293.3999938964844,17825679,293.24700927734375
2025-08-28,289.79998779296875,297.8500061035156,289.79998779296875,294.6499938964844,32057037,294.53375244140625
2025-08-29,296.04998779296875,296.20001220703125,290.3999938964844,292.20001220703125,20875837,292.0847473144531
2025-09-01,290.29998779296875,292.8999938964844,287.25,289.0,51546247,288.8860168457031
2025-09-02,288.8500061035156,289.1000061035156,281.9259948730469,284.29998779296875,22827677,284.1878662109375
2025-09-03,283.5,292.5,282.75,286.95001220703125,26076803,286.8368225097656
2025-09-04,285.95001220703125,291.3500061035156,285.29998779296875,285.45001220703125,15419549,285.3374328613281
2025-09-05,288.0,291.95001220703125,285.79998779296875,286.8999938964844,27754552,286.7868347167969
2025-09-08,288.54998779296875,288.968994140625,284.0,286.5,15757152,286.3869934082031
2025-09-09,286.5,306.45001220703125,286.364013671875,301.6499938964844,72775411,301.531005859375
2025-09-10,300.0,301.489990234375,295.04998779296875,296.6000061035156,38745325,296.4830017089844
2025-09-11,296.79998779296875,299.1000061035156,293.20001220703125,298.6000061035156,22833223,298.48223876953125
2025-09-12,301.54998779296875,312.0039978027344,301.29998779296875,303.5,31883835,303.3802795410156
2025-09-15,304.8500061035156,307.45001220703125,300.45001220703125,306.8500061035156,67153997,306.7289733886719
2025-09-16,309.5,314.04998779296875,304.7550048828125,310.54998779296875,82288320,310.427490234375
2025-09-17,309.04998779296875,312.79400634765625,306.20001220703125,306.20001220703125,35707212,306.0792541503906
2025-09-18,305.20001220703125,312.54998779296875,304.3999938964844,307.3500061035156,30760852,307.228759765625
2025-09-19,310.1499938964844,314.20001220703125,305.9460144042969,312.95001220703125,59234212,312.8265686035156
2025-09-22,314.8999938964844,322.1499938964844,312.8999938964844,319.1000061035156,31120733,318.9741516113281
2025-09-23,318.45001220703125,326.6400146484375,317.3500061035156,320.79998779296875,67810069,320.6734619140625
2025-09-24,320.70001220703125,332.3999938964844,318.0,330.25,49092108,330.1197204589844
2025-09-25,335.0,338.6499938964844,331.8999938964844,332.3500061035156,93889285,332.21893310546875
2025-09-26,332.75,336.1499938964844,330.79998779296875,335.75,93991698,335.6175842285156
2025-09-29,338.0,344.69000244140625,336.04998779296875,341.45001220703125,39907974,341.3153381347656
2025-09-30,340.1499938964844,344.8500061035156,338.6000061035156,341.6000061035156,42479772,341.46527099609375
2025-10-01,340.5,345.8500061035156,339.75,339.95001220703125,55574086,339.81591796875
2025-10-02,343.75,345.29998779296875,339.95001220703125,341.1000061035156,60696360,340.9654541015625
2025-10-03,344.54998779296875,347.70001220703125,342.25,347.70001220703125,86267341,347.5628662109375
2025-10-06,347.3999938964844,355.6000061035156,347.04998779296875,353.70001220703125,40277374,353.5605163574219
2025-10-07,352.0,358.70001220703125,351.8500061035156,356.6000061035156,31048002,356.4593505859375
2025-10-08,354.8500061035156,361.17498779296875,353.04998779296875,355.75,58160381,355.60968017578125
2025-10-09,355.1000061035156,363.0,354.29998779296875,357.1499938964844,62217791,357.0091247558594
2025-10-10,352.3500061035156,356.44000244140625,343.8500061035156,345.8500061035156,35028597,345.7135925292969
2025-10-13,345.6499938964844,358.6000061035156,345.6000061035156,357.25,146899938,357.1091003417969
2025-10-14,350.29998779296875,353.3999938964844,346.29998779296875,353.3999938964844,40076557,353.2606201171875
2025-10-15,358.0,358.0,351.0,353.25,25632164,353.11065673828125
2025-10-16,354.20001220703125,355.2900085449219,348.75,351.5,23627596,351.361328125
2025-10-17,346.3500061035156,351.7030029296875,343.54998779296875,345.79998779296875,28161379,345.66357421875
2025-10-20,347.04998779296875,351.0790100097656,345.75,349.3999938964844,18130052,349.2621765136719
2025-10-21,349.0,350.75,340.6499938964844,344.3999938964844,42569146,344.2641296386719
2025-10-22,348.8999938964844,349.75,339.79998779296875,340.20001220703125,43698101,340.0658264160156
2025-10-23,339.95001220703125,347.5,339.6499938964844,345.0,23363762,344.8639221191406
2025-10-24,343.45001220703125,346.29998779296875,340.6000061035156,346.04998779296875,53460558,345.9134826660156
2025-10-27,352.29998779296875,354.29998779296875,347.54998779296875,347.54998779296875,45989260,347.41290283203125
2025-10-28,347.0,355.0,341.29901123046875,351.45001220703125,31023077,351.3114013671875
2025-10-29,370.0,377.12298583984375,367.6499938964844,371.25,67382473,371.10357666015625
2025-10-30,368.0,368.94000244140625,361.29998779296875,365.3500061035156,39664779,365.2059020996094
2025-10-31,361.54998779296875,365.54998779296875,361.1499938964844,364.45001220703125,28354364,364.3062744140625
2025-11-03,361.04998779296875,364.45001220703125,354.9930114746094,356.75,28709989,356.6092834472656
2025-11-04,350.1499938964844,352.0,346.9110107421875,350.6000061035156,66083737,350.46173095703125
2025-11-05,346.70001220703125,357.6499938964844,346.6000061035156,355.95001220703125,59826079,355.8096008300781
2025-11-06,358.95001220703125,365.75,356.45001220703125,359.75,44188882,359.6081237792969
2025-11-07,358.0,363.8500061035156,355.29998779296875,357.6000061035156,18339236,357.4589538574219
2025-11-10,367.1000061035156,367.25,362.77801513671875,362.79998779296875,22296394,362.6568908691406
2025-11-11,364.6000061035156,370.1000061035156,364.6000061035156,367.79998779296875,55971959,367.6549072265625
2025-11-12,366.8500061035156,374.8999938964844,366.1499938964844,371.6499938964844,39156292,371.5033874511719
2025-11-13,373.0,376.6499938964844,372.25,373.1000061035156,16495090,372.9528503417969
2025-11-14,365.6499938964844,367.3500061035156,358.3500061035156,365.79998779296875,39763519,365.65570068359375
2025-11-17,364.0,365.3219909667969,361.8500061035156,363.8500061035156,23488691,363.7065124511719
2025-11-18,355.0,360.5,351.0,355.6499938964844,34321834,355.50970458984375
2025-11-19,355.6000061035156,357.8949890136719,351.25,352.8999938964844,52126713,352.7607727050781
2025-11-20,357.95001220703125,358.0039978027344,349.04998779296875,349.04998779296875,29259911,348.91229248046875
2025-11-21,338.79998779296875,341.79998779296875,332.20001220703125,335.0,41526223,334.86785888671875
2025-11-24,338.8500061035156,346.3999938964844,338.45001220703125,343.45001220703125,70417476,343.3145446777344
2025-11-25,346.04998779296875,349.6000061035156,343.0,346.54998779296875,22388740,346.41326904296875
2025-11-26,350.0,351.75,346.1499938964844,350.04998779296875,39064971,349.91192626953125
2025-11-27,348.1499938964844,364.04998779296875,346.79998779296875,356.70001220703125,47861217,356.559326171875
2025-11-28,356.5,361.95001220703125,355.8500061035156,360.79998779296875,31112558,360.6576843261719
2025-12-01,362.0,372.1000061035156,360.8999938964844,364.70001220703125,30163895,364.5561828613281
2025-12-02,363.8500061035156,365.6059875488281,360.25,360.3500061035156,20924375,360.2078552246094
2025-12-03,365.79998779296875,386.6000061035156,363.84698486328125,383.1000061035156,66914348,382.94891357421875
2025-12-04,386.0,386.6470031738281,375.9129943847656,382.8999938964844,51646179,382.74896240234375
2025-12-05,389.6499938964844,391.45001220703125,379.8500061035156,379.8500061035156,41319110,379.7001953125
2025-12-08,378.54998779296875,381.8999938964844,377.6000061035156,378.8999938964844,19670639,378.75054931640625
2025-12-09,375.6499938964844,382.82501220703125,372.5,380.5,75489277,380.34991455078125
2025-12-10,383.3999938964844,386.5669860839844,380.04998779296875,380.3999938964844,18655383,380.2499694824219
2025-12-11,383.0,384.8999938964844,379.3500061035156,383.0,24426622,382.8489074707031
2025-12-12,384.0,385.1499938964844,375.5,375.5,37524962,375.3518981933594
2025-12-15,379.3999938964844,383.20001220703125,378.45001220703125,380.79998779296875,56486004,380.6497802734375
2025-12-16,379.45001220703125,382.75,372.0,373.29998779296875,30895368,373.15277099609375
2025-12-17,378.6499938964844,384.8500061035156,374.25,378.95001220703125,30725883,378.800537109375
2025-12-18,380.79998779296875,390.2699890136719,380.1499938964844,386.79998779296875,25379758,386.6474304199219
2025-12-19,386.04998779296875,393.37200927734375,384.5429992675781,389.54998779296875,57366315,389.3963623046875
2025-12-22,392.1499938964844,398.79998779296875,388.3500061035156,389.95001220703125,30554452,389.79620361328125
2025-12-23,389.8999938964844,395.75,387.5,393.8999938964844,19132548,393.74462890625
2025-12-24,395.0,397.10699462890625,393.0379943847656,394.29998779296875,5584293,394.1444396972656
2025-12-29,397.54998779296875,404.20001220703125,395.45001220703125,396.5,24177139,396.3435974121094
2025-12-30,402.3999938964844,408.54998779296875,401.29998779296875,406.5,19304092,406.33966064453125
2025-12-31,408.25,408.8999938964844,405.5899963378906,406.54998779296875,7169573,406.3896179199219
2026-01-02,410.3999938964844,417.54998779296875,408.79998779296875,408.79998779296875,21646075,408.63873291015625
2026-01-05,419.3500061035156,422.6000061035156,415.45001220703125,419.29998779296875,28324458,419.1346130371094
2026-01-06,425.04998779296875,428.75,421.25,427.95001220703125,30482544,427.7812194824219
2026-01-07,426.8999938964844,430.95001220703125,422.6499938964844,422.79998779296875,37790543,422.6332092285156
2026-01-08,421.04998779296875,422.3999938964844,396.67999267578125,413.0,49681463,412.83709716796875
2026-01-09,454.0,459.14300537109375,437.70001220703125,452.6499938964844,118652969,452.4714660644531
2026-01-12,453.54998779296875,468.8999938964844,452.6499938964844,468.5,60175219,468.3152160644531
2026-01-13,466.8999938964844,470.95001220703125,435.8900146484375,470.20001220703125,33916328,470.0145263671875
2026-01-14,478.54998779296875,487.489990234375,475.29998779296875,484.20001220703125,57449375,484.009033203125
2026-01-15,482.0,501.44000244140625,480.0,491.0,47181101,490.80633544921875
2026-01-16,488.3999938964844,488.5,475.614013671875,478.6000061035156,61929821,478.4112243652344
2026-01-19,476.95001220703125,483.5,476.70001220703125,481.04998779296875,18642377,480.8602294921875
2026-01-20,478.8500061035156,482.54998779296875,473.0,482.0,39665018,481.8099060058594
2026-01-21,484.6000061035156,501.8999938964844,484.1780090332031,500.0,46915431,499.8027648925781
2026-01-22,499.6000061035156,501.8800048828125,481.3080139160156,490.1499938964844,38493191,489.9566650390625
2026-01-23,486.6499938964844,501.0249938964844,485.25,501.0,37716159,500.8023986816406
2026-01-26,500.0,506.70001220703125,497.6499938964844,500.1000061035156,43825189,499.9027404785156
2026-01-27,499.1499938964844,503.79998779296875,494.6499938964844,503.79998779296875,24171011,503.6012878417969
2026-01-28,508.29998779296875,510.0,501.70001220703125,505.79998779296875,25823357,505.6004638671875
2026-01-29,514.7000122070312,533.7999877929688,504.5,507.8999938964844,58334649,507.6996765136719
2026-01-30,494.29998779296875,504.47698974609375,487.20001220703125,499.25,55765394,499.0530700683594
2026-02-02,476.45001220703125,502.4410095214844,471.0,501.0,48451751,500.8023986816406
2026-02-03,510.0,519.9000244140625,503.79998779296875,517.2999877929688,84327620,517.095947265625
2026-02-04,520.0,531.0,510.5429992675781,511.20001220703125,44216361,510.9983825683594
2026-02-05,498.45001220703125,507.6000061035156,456.0,475.25,80784896,475.0625305175781
2026-02-06,466.45001220703125,486.70001220703125,465.70001220703125,478.1000061035156,127883071,477.91143798828125
2026-02-09,488.8500061035156,501.1000061035156,484.0,501.1000061035156,78932556,500.90234375
2026-02-10,499.6000061035156,500.9809875488281,492.20001220703125,496.45001220703125,21729049,496.2541809082031
2026-02-11,500.0,509.8999938964844,497.0,502.8999938964844,30702261,502.7016296386719
2026-02-12,508.0,509.3999938964844,490.3999938964844,494.25,45655980,494.0550537109375
2026-02-13,494.0,502.0,484.70001220703125,494.5,30114387,494.304931640625
2026-02-16,490.6000061035156,492.8999938964844,483.2850036621094,492.8999938964844,18331686,492.70556640625
2026-02-17,491.0,495.0,475.3500061035156,486.0,25795881,485.80828857421875
2026-02-18,498.0,509.20001220703125,493.6499938964844,507.70001220703125,43002000,507.4997863769531
2026-02-20,505.0,514.0,501.5,507.0,32493329,506.8000183105469
2026-02-23,513.9000244140625,521.0999755859375,501.6000061035156,513.0,41422120,512.7976684570312
2026-02-24,516.0999755859375,520.0,510.0,519.2999877929688,37459547,519.0951538085938
2026-02-25,527.9000244140625,536.2999877929688,525.2559814453125,534.5,33745947,534.2891845703125
2026-02-26,530.0,531.5999755859375,518.8560180664062,525.5,26118785,525.292724609375
2026-02-27,535.0,539.7999877929688,529.4000244140625,534.0,40399875,533.7893676757812
2026-03-02,539.2999877929688,538.7999877929688,529.2000122070312,534.4000244140625,23884586,534.1892700195312
2026-03-03,525.5999755859375,527.1160278320312,513.2999877929688,526.2999877929688,56536681,526.0924072265625
2026-03-04,526.2000122070312,539.0139770507812,522.6430053710938,528.4000244140625,43528029,528.1915893554688
2026-03-05,527.2999877929688,536.9000244140625,511.29998779296875,515.2999877929688,25628595,515.0967407226562
2026-03-06,515.2999877929688,519.7000122070312,486.9230041503906,502.79998779296875,36737147,502.6016540527344
2026-03-09,489.3500061035156,507.5,486.3500061035156,506.79998779296875,40610615,506.60009765625
2026-03-10,523.2000122070312,526.7999877929688,516.697021484375,522.5999755859375,28400580,522.393798828125
2026-03-11,519.0,525.7999877929688,511.3999938964844,523.4000244140625,27793523,523.193603515625
2026-03-12,522.0,535.7999877929688,519.9000244140625,531.2000122070312,36060576,530.990478515625
2026-03-13,523.7000122070312,529.2000122070312,517.7000122070312,518.4000244140625,26164838,518.195556640625
2026-03-16,515.9000244140625,526.2000122070312,512.7000122070312,516.0,35466145,515.7964477539062
2026-03-17,515.0,531.7000122070312,515.0,524.2000122070312,40039238,523.9932250976562
2026-03-18,525.7000122070312,536.0999755859375,519.2999877929688,525.9000244140625,37078756,525.6925659179688
2026-03-19,509.1000061035156,522.5900268554688,502.20001220703125,518.2000122070312,69408161,517.99560546875
2026-03-20,525.0,527.4000244140625,507.29998779296875,520.0999755859375,232095918,519.8948364257812
2026-03-23,505.0,527.4000244140625,494.5,515.5999755859375,56836333,515.3966064453125
2026-03-24,510.20001220703125,528.9000244140625,507.8370056152344,527.9000244140625,39312334,527.6918334960938
2026-03-25,535.2999877929688,544.7999877929688,532.7000122070312,537.2999877929688,42166417,537.0880737304688
2026-03-26,529.9000244140625,533.2999877929688,523.7000122070312,532.0,42098839,531.7901611328125
2026-03-27,533.7999877929688,542.02001953125,518.7999877929688,538.4000244140625,50318228,538.1876831054688
2026-03-30,540.2000122070312,559.5999755859375,538.4000244140625,553.5,39196874,553.2816772460938
2026-03-31,550.5,571.2000122070312,550.5,565.5,39825391,565.2769775390625
2026-04-01,576.2000122070312,577.260986328125,558.7999877929688,562.5,40495514,562.2781372070312
2026-04-02,558.9000244140625,568.5,554.4000244140625,563.5999755859375,32004480,563.377685546875
2026-04-07,563.0,566.4000244140625,552.7000122070312,558.0,35677183,557.7799072265625
2026-04-08,563.4000244140625,569.5,549.4000244140625,562.7999877929688,36614125,562.5780029296875
2026-04-09,567.0999755859375,573.7000122070312,557.5999755859375,560.5,26371664,560.2789306640625
2026-04-10,562.0999755859375,567.5,558.7999877929688,565.7000122070312,33835419,565.4768676757812
2026-04-13,564.9000244140625,572.5999755859375,560.7000122070312,564.0999755859375,20125637,563.87744140625
2026-04-14,572.2000122070312,577.5999755859375,557.2000122070312,562.5999755859375,30735232,562.3780517578125
2026-04-15,563.0999755859375,565.9000244140625,555.2000122070312,555.2000122070312,28735830,554.9810180664062
2026-04-16,558.5999755859375,560.4000244140625,554.0999755859375,557.9000244140625,20671571,557.679931640625
2026-04-17,556.0,557.947021484375,541.5999755859375,547.0999755859375,38815273,546.8842163085938
2026-04-20,548.7999877929688,551.9000244140625,544.958984375,549.7000122070312,26172280,549.483154296875
2026-04-21,551.2999877929688,551.2999877929688,545.2000122070312,549.0999755859375,15017809,548.8833618164062
2026-04-22,554.2999877929688,564.0999755859375,550.7000122070312,563.0,21567542,562.7779541015625
2026-04-23,559.7000122070312,565.2000122070312,551.5,562.5,19633992,562.2781372070312
2026-04-24,551.9000244140625,561.0999755859375,550.0,557.5,15829445,557.2800903320312
2026-04-27,558.7999877929688,559.0,548.9000244140625,551.5,14572258,551.282470703125
2026-04-28,554.4000244140625,558.4000244140625,547.97998046875,550.9000244140625,16436377,550.6827392578125
2026-04-29,552.0,566.7000122070312,552.0,553.2999877929688,23097577,553.081787109375
2026-04-30,555.0,568.7000122070312,552.4000244140625,567.7999877929688,77319552,567.5759887695312
2026-05-01,563.2999877929688,566.5,559.7999877929688,563.0,15115821,562.7779541015625
2026-05-05,565.9000244140625,568.4000244140625,551.0,559.7999877929688,22980525,559.5791625976562
2026-05-06,567.0,573.2999877929688,559.5999755859375,568.9000244140625,74376919,568.6755981445312
2026-05-07,564.0,570.5999755859375,561.9000244140625,564.4000244140625,47136105,564.2398071289062
2026-05-08,569.2999877929688,570.7899780273438,560.0999755859375,563.2000122070312,46588421,563.0401000976562
2026-05-11,564.4000244140625,577.2999877929688,562.2000122070312,575.7999877929688,77532000,575.6365356445312
2026-05-12,571.7999877929688,578.9000244140625,566.0999755859375,573.4000244140625,130828128,573.2372436523438
2026-05-13,580.0,596.1409912109375,576.2999877929688,592.0999755859375,31511336,591.931884765625
2026-05-14,589.0999755859375,598.0,586.583984375,595.9000244140625,18341182,595.7308349609375
2026-05-15,579.4000244140625,582.9000244140625,567.7999877929688,574.2999877929688,56765504,574.136962890625
2026-05-18,570.4000244140625,580.2000122070312,565.7000122070312,573.7000122070312,18905903,573.5371704101562
2026-05-19,566.2999877929688,569.4000244140625,556.0999755859375,562.5,37655897,562.34033203125
2026-05-20,562.9000244140625,569.2000122070312,478.1000061035156,566.0999755859375,16705100,565.9392700195312
2026-05-21,565.2999877929688,578.9000244140625,560.9299926757812,574.0,30080466,573.8370361328125
2026-05-22,571.7000122070312,577.1530151367188,565.0999755859375,569.0999755859375,18562348,568.9384155273438
2026-05-26,584.2999877929688,588.2999877929688,578.4530029296875,585.5,33550554,585.3338012695312
2026-05-27,584.0,585.2000122070312,567.7000122070312,574.5,36943545,574.3369140625
2026-05-28,571.0,660.5999755859375,565.5759887695312,573.5999755859375,23074474,573.4371337890625
2026-05-29,578.7000122070312,580.1500244140625,567.7999877929688,567.7999877929688,122357157,567.6387939453125
2026-06-01,573.7000122070312,588.135009765625,482.6000061035156,588.0999755859375,43074497,587.9330444335938
2026-06-02,591.0,615.0,590.0,615.0,64853093,614.8253784179688
2026-06-03,613.5,707.2000122070312,604.2999877929688,608.2999877929688,49990673,608.1273193359375
2026-06-04,607.5999755859375,615.9000244140625,601.5,610.0,33834741,609.8268432617188
2026-06-05,607.0,608.0999755859375,587.5,590.2000122070312,38469216,590.032470703125
2026-06-08,582.2999877929688,595.0999755859375,581.5999755859375,588.5999755859375,21121214,588.432861328125
2026-06-09,591.5999755859375,592.5,568.7999877929688,569.2000122070312,68130399,569.0383911132812
2026-06-10,565.7999877929688,569.0,483.8999938964844,564.0,26865892,563.8399047851562
2026-06-11,565.7999877929688,575.4000244140625,563.5,574.2000122070312,59058487,574.0369873046875
2026-06-12,582.9000244140625,591.7000122070312,571.7999877929688,588.9000244140625,40414445,588.7328491210938
2026-06-15,597.7000122070312,597.7000122070312,571.4000244140625,583.0,54946081,582.83447265625
2026-06-16,579.2000122070312,596.0,577.5,590.5999755859375,29725471,590.4323120117188
2026-06-17,589.7999877929688,594.4000244140625,582.9000244140625,583.2000122070312,27114198,583.034423828125
2026-06-18,579.0,579.0,562.7830200195312,566.0,32064467,565.8392944335938
2026-06-19,562.0999755859375,565.0,553.2999877929688,557.0,85921213,556.8418579101562
2026-06-22,557.0,562.7000122070312,556.4000244140625,558.9000244140625,22275368,558.7413330078125
2026-06-23,543.7999877929688,546.9000244140625,524.2999877929688,535.2999877929688,45589950,535.1480102539062
2026-06-24,538.7000122070312,586.0,506.1000061035156,521.7000122070312,54342994,521.5518798828125
2026-06-25,513.9000244140625,524.5,510.5,521.2000122070312,79661296,521.0520629882812
2026-06-26,518.2999877929688,599.2999877929688,506.0,514.7000122070312,35375146,514.5538940429688
2026-06-29,513.0,520.2000122070312,508.1000061035156,511.0,41255729,510.85491943359375
2026-06-30,519.0,527.5999755859375,513.7589721679688,513.7999877929688,38834767,513.6541137695312
2026-07-01,510.1000061035156,518.0,505.6000061035156,512.2999877929688,21797027,512.154541015625
2026-07-02,506.6000061035156,516.2000122070312,503.8999938964844,510.79998779296875,38047862,510.65496826171875
2026-07-03,517.4000244140625,518.7999877929688,511.29998779296875,513.5999755859375,14843470,513.4541625976562
2026-07-06,511.20001220703125,516.5999755859375,508.6000061035156,516.0,37417039,515.853515625
2026-07-07,508.6000061035156,518.0,505.29998779296875,508.5,20277297,508.35565185546875
2026-07-08,509.70001220703125,511.6000061035156,432.29998779296875,490.6499938964844,30293043,490.5107116699219
2026-07-09,505.79998779296875,515.5,501.70001220703125,511.3999938964844,26177613,511.25482177734375
2026-07-10,513.0,517.5,434.70001220703125,510.5,35635800,510.3550720214844
2026-07-13,506.70001220703125,516.0999755859375,505.70001220703125,514.5,30527058,514.3539428710938
2026-07-14,519.5999755859375,536.4000244140625,518.1099853515625,530.2000122070312,28488003,530.0494995117188
2026-07-15,530.7999877929688,531.7000122070312,517.5,517.5,54657562,517.3530883789062
2026-07-16,519.0,520.0,511.29998779296875,516.7000122070312,48655486,516.5533447265625
2026-07-17,510.0,516.7000122070312,505.1650085449219,516.7000122070312,45171839,516.5533447265625
2026-07-20,514.0,515.9000244140625,507.70001220703125,511.8999938964844,89100238,511.7546691894531
2026-07-21,524.4000244140625,528.780029296875,520.4000244140625,527.9000244140625,23446507,527.7501831054688
2026-07-22,525.7999877929688,540.56201171875,523.9000244140625,538.0999755859375,37533167,537.9472045898438
2026-07-23,538.2000122070312,545.5,525.7999877929688,537.7000122070312,29114837,537.54736328125
2026-07-24,531.0999755859375,540.9000244140625,531.0999755859375,537.2999877929688,33004767,537.1474609375
2026-07-27,538.5999755859375,539.2000122070312,515.9000244140625,519.0999755859375,75733024,518.9525756835938
2026-07-28,521.0,521.7000122070312,500.3999938964844,506.5,54289317,506.356201171875
2026-07-29,517.7000122070312,531.0,511.0,520.7000122070312,26320301,520.5521850585938
2026-07-30,518.0999755859375,542.0,516.5999755859375,539.0,58410030,538.8469848632812
2026-07-31,548.5,555.5999755859375,534.7999877929688,543.0,24068318,542.8458251953125
2026-08-03,544.9000244140625,547.7000122070312,531.0,539.0,63587187,538.8469848632812
2026-08-04,548.2999877929688,563.4000244140625,547.9000244140625,550.5999755859375,76579232,550.4436645507812
2026-08-05,570.0,581.0,560.7000122070312,573.2999877929688,39909093,573.13720703125
2026-08-06,572.0,580.0,555.7000122070312,566.0,29431396,565.8392944335938
2026-08-07,565.5999755859375,568.7000122070312,554.4299926757812,557.0,23743736,556.8418579101562
2026-08-10,561.9000244140625,571.9000244140625,560.4000244140625,568.7000122070312,23118919,568.53857421875
2026-08-11,569.2999877929688,575.8150024414062,567.7000122070312,574.2000122070312,27251175,574.0369873046875
2026-08-12,580.0,580.7999877929688,570.7999877929688,572.9000244140625,17151325,572.7373657226562
2026-08-13,564.5,567.7100219726562,556.0,560.9000244140625,44132943,560.7407836914062
2026-08-14,556.0,559.0,543.7999877929688,548.9000244140625,64430084,548.7442016601562
2026-08-17,559.7000122070312,562.9000244140625,550.2000122070312,553.7999877929688,15777984,553.6427612304688
2026-08-18,549.0,556.0,546.4000244140625,551.2000122070312,18957699,551.0435180664062
2026-08-19,552.0,580.0999755859375,550.9000244140625,580.0999755859375,57799201,579.935302734375
2026-08-20,579.7999877929688,584.5,569.2000122070312,584.5,72526387,584.3340454101562
2026-08-21,591.4000244140625,601.4000244140625,591.2999877929688,596.7999877929688,29367135,596.6305541992188
2026-08-24,596.4000244140625,601.4000244140625,593.0999755859375,593.0999755859375,71996586,592.9315795898438
2026-08-25,593.2999877929688,604.0,591.7999877929688,602.0999755859375,64301435,601.9290161132812
2026-08-26,605.0,609.2000122070312,598.7999877929688,598.7999877929688,32929479,598.6300048828125
2026-08-27,589.0,595.2999877929688,583.0,595.2999877929688,17700744,595.2999877929688
2026-08-28,599.2000122070312,600.4000244140625,587.8579711914062,595.5999755859375,88067440,595.5999755859375
