Date,Open,High,Low,Close,Volume,Adj_Close
2016-09-28,36.599998474121094,36.95000076293945,36.54999923706055,36.849998474121094,514185,21.04566764831543
2016-09-29,36.79999923706055,37.20000076293945,36.599998474121094,36.95000076293945,413000,21.102787017822266
2016-09-30,36.54999923706055,36.70000076293945,36.25,36.349998474121094,902200,20.760114669799805
2016-10-03,36.599998474121094,36.95000076293945,36.599998474121094,36.900001525878906,261321,21.07423210144043
2016-10-04,36.95000076293945,37.599998474121094,36.70000076293945,37.599998474121094,777020,21.47401237487793
2016-10-05,37.150001525878906,37.29999923706055,36.400001525878906,36.70000076293945,1617071,20.960004806518555
2016-10-06,36.599998474121094,36.95000076293945,36.54999923706055,36.849998474121094,766101,21.04566764831543
2016-10-07,37.0,37.0,36.5,36.79999923706055,568769,21.017114639282227
2016-10-11,36.79999923706055,36.900001525878906,36.5,36.900001525878906,1186751,21.07423210144043
2016-10-12,37.0,37.0,36.25,36.900001525878906,925425,21.07423210144043
2016-10-13,37.0,37.0,36.400001525878906,36.75,683439,20.988561630249023
2016-10-14,36.95000076293945,36.95000076293945,36.349998474121094,36.79999923706055,1168309,21.017114639282227
2016-10-17,37.0,37.0,35.650001525878906,35.650001525878906,777389,20.36033058166504
2016-10-18,35.79999923706055,36.400001525878906,35.650001525878906,35.79999923706055,1415319,20.445999145507812
2016-10-19,35.650001525878906,36.29999923706055,35.650001525878906,35.75,904930,20.417442321777344
2016-10-20,35.70000076293945,36.0,35.150001525878906,35.5,938035,20.2746639251709
2016-10-21,35.5,35.5,35.5,35.5,0,20.2746639251709
2016-10-24,37.25,37.25,35.54999923706055,36.349998474121094,1133271,20.760114669799805
2016-10-25,36.150001525878906,36.70000076293945,36.150001525878906,36.70000076293945,846060,20.960004806518555
2016-10-26,36.25,36.599998474121094,36.150001525878906,36.599998474121094,630583,20.90289306640625
2016-10-27,36.75,36.75,36.0,36.25,352000,20.7030029296875
2016-10-28,36.29999923706055,36.29999923706055,35.75,36.0,430664,20.56022071838379
2016-10-31,36.04999923706055,36.150001525878906,35.5,35.79999923706055,980213,20.445999145507812
2016-11-01,35.95000076293945,36.54999923706055,35.849998474121094,36.54999923706055,482791,20.87433433532715
2016-11-02,36.0,36.20000076293945,35.25,35.25,774189,20.131881713867188
2016-11-03,35.25,35.5,35.0,35.0,589821,19.989105224609375
2016-11-04,34.900001525878906,35.54999923706055,34.900001525878906,35.400001525878906,1181970,20.217552185058594
2016-11-07,35.150001525878906,35.150001525878906,34.5,34.599998474121094,2062840,19.760656356811523
2016-11-08,34.54999923706055,34.79999923706055,34.400001525878906,34.650001525878906,2251677,19.789216995239258
2016-11-09,34.79999923706055,35.20000076293945,34.099998474121094,34.75,1605643,19.84632682800293
2016-11-10,35.099998474121094,35.150001525878906,34.45000076293945,34.54999923706055,1348531,19.73210334777832
2016-11-11,34.45000076293945,34.650001525878906,34.099998474121094,34.099998474121094,1989553,19.475099563598633
2016-11-14,34.099998474121094,34.45000076293945,33.5,33.70000076293945,1719259,19.246652603149414
2016-11-15,33.70000076293945,33.900001525878906,33.400001525878906,33.900001525878906,503014,19.360877990722656
2016-11-16,33.900001525878906,34.099998474121094,33.54999923706055,33.650001525878906,1455203,19.218097686767578
2016-11-17,33.75,33.79999923706055,33.54999923706055,33.75,1627900,19.275209426879883
2016-11-18,33.75,33.849998474121094,33.599998474121094,33.650001525878906,1388362,19.218097686767578
2016-11-21,33.79999923706055,33.95000076293945,33.349998474121094,33.599998474121094,1693000,19.189538955688477
2016-11-22,34.0,34.0,33.5,33.54999923706055,1568505,19.160982131958008
2016-11-23,33.54999923706055,33.79999923706055,33.400001525878906,33.599998474121094,714625,19.189538955688477
2016-11-24,33.5,33.849998474121094,33.5,33.75,1903505,19.275209426879883
2016-11-25,33.79999923706055,34.0,33.70000076293945,33.95000076293945,1925190,19.38943099975586
2016-11-28,34.0,34.20000076293945,33.400001525878906,33.400001525878906,1292102,19.075321197509766
2016-11-29,33.349998474121094,33.599998474121094,33.25,33.5,1039619,19.132431030273438
2016-11-30,33.5,34.25,33.5,34.20000076293945,2641241,19.532215118408203
2016-12-01,34.150001525878906,34.54999923706055,34.150001525878906,34.400001525878906,2414502,19.64643669128418
2016-12-02,34.349998474121094,34.650001525878906,34.0,34.45000076293945,1615749,19.67499351501465
2016-12-05,34.599998474121094,34.599998474121094,33.95000076293945,34.150001525878906,1627354,19.50365447998047
2016-12-06,34.400001525878906,34.54999923706055,34.04999923706055,34.45000076293945,2639567,19.67499351501465
2016-12-07,34.650001525878906,35.0,34.54999923706055,34.900001525878906,1775478,19.93199348449707
2016-12-08,34.95000076293945,34.95000076293945,34.20000076293945,34.349998474121094,1061889,19.617876052856445
2016-12-09,34.20000076293945,34.5,33.20000076293945,33.25,3135697,18.989648818969727
2016-12-12,33.25,33.5,33.150001525878906,33.45000076293945,1222654,19.10387420654297
2016-12-13,33.45000076293945,33.599998474121094,32.70000076293945,33.599998474121094,1399441,19.189538955688477
2016-12-14,33.650001525878906,33.650001525878906,32.95000076293945,33.20000076293945,1797717,18.961101531982422
2016-12-15,33.29999923706055,33.29999923706055,32.70000076293945,32.79999923706055,1410786,18.732648849487305
2016-12-16,32.849998474121094,33.150001525878906,32.400001525878906,32.95000076293945,2042125,18.81831169128418
2016-12-19,33.0,33.0,32.5,32.70000076293945,414756,18.675537109375
2016-12-20,32.54999923706055,33.0,32.29999923706055,32.5,774934,18.561309814453125
2016-12-21,32.400001525878906,32.650001525878906,32.150001525878906,32.400001525878906,662180,18.504199981689453
2016-12-22,32.45000076293945,32.45000076293945,31.899999618530273,32.25,774476,18.41853141784668
2016-12-23,32.20000076293945,32.349998474121094,32.0,32.04999923706055,939769,18.30430793762207
2016-12-28,32.099998474121094,32.70000076293945,31.899999618530273,32.45000076293945,1878909,18.532756805419922
2016-12-29,32.04999923706055,32.150001525878906,31.899999618530273,32.04999923706055,956956,18.30430793762207
2016-12-30,32.25,32.45000076293945,32.04999923706055,32.04999923706055,321209,18.30430793762207
2017-01-03,32.400001525878906,33.79999923706055,32.150001525878906,33.599998474121094,1606906,19.189538955688477
2017-01-04,33.45000076293945,34.0,33.25,34.0,1099747,19.417987823486328
2017-01-05,34.20000076293945,34.20000076293945,33.650001525878906,34.20000076293945,904480,19.532215118408203
2017-01-06,33.79999923706055,34.25,33.75,34.0,1209529,19.417987823486328
2017-01-09,34.400001525878906,34.5,34.0,34.400001525878906,498274,19.64643669128418
2017-01-10,34.150001525878906,35.0,34.150001525878906,35.0,1122266,19.989105224609375
2017-01-11,35.0,35.20000076293945,34.650001525878906,35.099998474121094,987421,20.046215057373047
2017-01-12,35.400001525878906,35.79999923706055,35.0,35.04999923706055,1813658,20.01766014099121
2017-01-13,34.900001525878906,35.5,34.900001525878906,35.45000076293945,797365,20.24610710144043
2017-01-16,35.54999923706055,35.54999923706055,34.650001525878906,35.150001525878906,515049,20.074777603149414
2017-01-17,35.45000076293945,35.5,34.75,35.5,583249,20.2746639251709
2017-01-18,35.599998474121094,35.70000076293945,34.849998474121094,34.849998474121094,949698,19.903440475463867
2017-01-19,35.20000076293945,35.5,34.900001525878906,35.400001525878906,1269402,20.217552185058594
2017-01-20,34.79999923706055,35.20000076293945,34.650001525878906,34.95000076293945,917960,19.960552215576172
2017-01-23,34.95000076293945,35.54999923706055,34.849998474121094,35.45000076293945,834366,20.24610710144043
2017-01-24,35.54999923706055,35.70000076293945,35.099998474121094,35.70000076293945,771102,20.388887405395508
2017-01-25,35.70000076293945,35.70000076293945,35.04999923706055,35.5,1061782,20.2746639251709
2017-01-26,35.5,36.0,35.45000076293945,36.0,936016,20.56022071838379
2017-01-27,35.95000076293945,35.95000076293945,35.349998474121094,35.5,516940,20.2746639251709
2017-02-01,36.25,36.25,35.099998474121094,35.650001525878906,1592939,20.36033058166504
2017-02-02,35.5,35.650001525878906,35.25,35.400001525878906,642424,20.217552185058594
2017-02-03,35.45000076293945,35.70000076293945,35.04999923706055,35.650001525878906,926521,20.36033058166504
2017-02-06,35.70000076293945,35.70000076293945,35.0,35.20000076293945,1636139,20.103330612182617
2017-02-07,35.349998474121094,35.70000076293945,35.25,35.45000076293945,1470086,20.24610710144043
2017-02-08,35.5,35.650001525878906,35.04999923706055,35.599998474121094,1876137,20.331769943237305
2017-02-09,35.5,35.599998474121094,35.0,35.099998474121094,1937784,20.046215057373047
2017-02-10,35.29999923706055,35.349998474121094,35.0,35.099998474121094,2274342,20.046215057373047
2017-02-13,35.0,35.099998474121094,34.54999923706055,34.54999923706055,1288621,19.73210334777832
2017-02-14,34.900001525878906,35.45000076293945,34.70000076293945,35.099998474121094,1191834,20.046215057373047
2017-02-15,35.20000076293945,35.5,35.150001525878906,35.5,1009981,20.2746639251709
2017-02-16,35.400001525878906,35.400001525878906,34.70000076293945,34.79999923706055,1288700,19.874881744384766
2017-02-17,34.95000076293945,35.29999923706055,34.650001525878906,35.29999923706055,1581087,20.16044044494629
2017-02-20,35.400001525878906,35.400001525878906,34.75,34.900001525878906,601745,19.93199348449707
2017-02-21,34.79999923706055,35.25,34.75,35.0,636163,19.989105224609375
2017-02-22,35.150001525878906,36.0,35.099998474121094,36.0,2573275,20.56022071838379
2017-02-23,36.0,36.25,35.54999923706055,36.25,1292358,20.7030029296875
2017-02-24,36.099998474121094,36.70000076293945,35.849998474121094,36.25,1424052,20.7030029296875
2017-02-27,36.04999923706055,36.29999923706055,35.849998474121094,36.20000076293945,587142,20.67444610595703
2017-02-28,35.900001525878906,36.20000076293945,35.70000076293945,36.20000076293945,1487181,20.67444610595703
2017-03-01,36.400001525878906,36.400001525878906,36.0,36.0,822777,20.56022071838379
2017-03-02,35.900001525878906,36.25,35.900001525878906,36.25,1119812,20.7030029296875
2017-03-03,36.25,36.29999923706055,35.599998474121094,35.849998474121094,655440,20.47455596923828
2017-03-06,36.0,36.29999923706055,35.650001525878906,36.04999923706055,785954,20.588775634765625
2017-03-07,34.95000076293945,35.25,34.650001525878906,35.099998474121094,932137,20.671228408813477
2017-03-08,35.54999923706055,35.75,35.150001525878906,35.75,1552236,21.05402946472168
2017-03-09,35.75,35.79999923706055,35.25,35.54999923706055,726654,20.936241149902344
2017-03-10,35.900001525878906,36.04999923706055,35.5,36.0,1264455,21.20125961303711
2017-03-13,36.099998474121094,36.25,35.650001525878906,36.0,1239801,21.20125961303711
2017-03-14,36.150001525878906,36.25,35.349998474121094,35.900001525878906,808749,21.142366409301758
2017-03-15,35.900001525878906,36.349998474121094,35.5,36.349998474121094,1198344,21.40738296508789
2017-03-16,36.349998474121094,36.75,36.29999923706055,36.70000076293945,1162220,21.613508224487305
2017-03-17,36.95000076293945,36.95000076293945,36.099998474121094,36.099998474121094,3413045,21.260149002075195
2017-03-20,36.29999923706055,36.650001525878906,36.099998474121094,36.5,465676,21.49571990966797
2017-03-21,36.5,36.54999923706055,36.099998474121094,36.400001525878906,921000,21.436830520629883
2017-03-22,36.25,36.25,35.54999923706055,36.0,2042709,21.20125961303711
2017-03-23,36.0,36.349998474121094,35.70000076293945,35.95000076293945,877940,21.171815872192383
2017-03-24,35.79999923706055,35.95000076293945,35.29999923706055,35.599998474121094,1113792,20.965686798095703
2017-03-27,35.599998474121094,35.79999923706055,35.20000076293945,35.70000076293945,618000,21.024585723876953
2017-03-28,35.95000076293945,36.0,35.099998474121094,35.20000076293945,1268483,20.730121612548828
2017-03-29,35.20000076293945,35.349998474121094,34.75,35.150001525878906,2857088,20.700674057006836
2017-03-30,35.25,35.25,34.75,35.0,962290,20.61233901977539
2017-03-31,35.099998474121094,35.45000076293945,35.04999923706055,35.25,1673933,20.75956153869629
2017-04-03,35.25,36.20000076293945,35.25,36.20000076293945,1140168,21.319046020507812
2017-04-05,36.29999923706055,36.5,36.04999923706055,36.25,1821667,21.34848976135254
2017-04-06,36.25,36.599998474121094,36.20000076293945,36.599998474121094,1528342,21.55461311340332
2017-04-07,36.45000076293945,36.79999923706055,36.20000076293945,36.75,717622,21.6429500579834
2017-04-10,36.849998474121094,36.849998474121094,36.150001525878906,36.25,588053,21.34848976135254
2017-04-11,36.54999923706055,36.54999923706055,35.5,35.599998474121094,1240988,20.965686798095703
2017-04-12,35.70000076293945,36.45000076293945,35.5,36.45000076293945,1320842,21.466276168823242
2017-04-13,36.349998474121094,36.400001525878906,35.900001525878906,36.29999923706055,829000,21.377931594848633
2017-04-18,36.20000076293945,36.45000076293945,35.900001525878906,36.29999923706055,1052644,21.377931594848633
2017-04-19,36.349998474121094,36.79999923706055,35.650001525878906,36.400001525878906,1792168,21.436830520629883
2017-04-20,36.5,36.95000076293945,36.29999923706055,36.849998474121094,1334838,21.70184326171875
2017-04-21,36.95000076293945,37.20000076293945,36.650001525878906,36.75,1831465,21.6429500579834
2017-04-24,36.75,36.95000076293945,36.04999923706055,36.25,744268,21.34848976135254
2017-04-25,36.650001525878906,36.79999923706055,36.25,36.349998474121094,471726,21.40738296508789
2017-04-26,36.75,36.75,36.349998474121094,36.650001525878906,843668,21.58405876159668
2017-04-27,36.75,37.0,36.54999923706055,36.849998474121094,1140152,21.70184326171875
2017-04-28,36.75,37.0,36.20000076293945,36.70000076293945,1472303,21.613508224487305
2017-05-02,37.0,37.0,36.45000076293945,36.75,968682,21.6429500579834
2017-05-04,36.849998474121094,36.95000076293945,36.20000076293945,36.54999923706055,1099345,21.525165557861328
2017-05-05,36.70000076293945,36.70000076293945,36.349998474121094,36.45000076293945,466571,21.466276168823242
2017-05-08,36.75,36.79999923706055,36.400001525878906,36.79999923706055,747211,21.672399520874023
2017-05-09,36.75,36.95000076293945,36.45000076293945,36.95000076293945,1371412,21.760740280151367
2017-05-10,36.900001525878906,37.349998474121094,36.650001525878906,36.849998474121094,1812617,21.70184326171875
2017-05-11,37.0,37.400001525878906,36.75,36.849998474121094,1055231,21.70184326171875
2017-05-12,37.0,37.0,36.5,36.70000076293945,659158,21.613508224487305
2017-05-15,36.95000076293945,37.0,36.5,36.95000076293945,697203,21.760740280151367
2017-05-16,37.0,37.0,36.20000076293945,36.599998474121094,1747882,21.55461311340332
2017-05-17,36.45000076293945,36.79999923706055,36.45000076293945,36.70000076293945,744191,21.613508224487305
2017-05-18,36.5,36.900001525878906,36.45000076293945,36.599998474121094,1537661,21.55461311340332
2017-05-19,36.5,36.70000076293945,35.79999923706055,35.79999923706055,1950202,21.083477020263672
2017-05-22,36.150001525878906,36.5,36.099998474121094,36.25,653196,21.34848976135254
2017-05-23,36.099998474121094,36.29999923706055,35.79999923706055,36.0,1340050,21.20125961303711
2017-05-24,36.29999923706055,36.29999923706055,35.70000076293945,36.099998474121094,681572,21.260149002075195
2017-05-25,36.25,36.29999923706055,35.900001525878906,35.900001525878906,932224,21.142366409301758
2017-05-26,36.04999923706055,36.25,36.0,36.099998474121094,450573,21.260149002075195
2017-05-29,36.099998474121094,36.45000076293945,35.900001525878906,35.900001525878906,1065531,21.142366409301758
2017-05-31,36.0,36.79999923706055,35.79999923706055,36.79999923706055,1882497,21.672399520874023
2017-06-01,36.5,36.599998474121094,36.150001525878906,36.599998474121094,1189050,21.55461311340332
2017-06-02,36.54999923706055,36.599998474121094,36.349998474121094,36.349998474121094,324663,21.40738296508789
2017-06-05,36.54999923706055,36.849998474121094,36.29999923706055,36.650001525878906,688272,21.58405876159668
2017-06-06,36.54999923706055,37.70000076293945,36.54999923706055,37.5,1606807,22.08464813232422
2017-06-07,37.599998474121094,37.79999923706055,37.20000076293945,37.54999923706055,1982027,22.11409568786621
2017-06-08,37.5,38.0,37.45000076293945,38.0,1139393,22.379106521606445
2017-06-09,38.0,38.0,37.45000076293945,38.0,986987,22.379106521606445
2017-06-12,38.0,38.0,37.5,37.54999923706055,572543,22.11409568786621
2017-06-13,37.5,37.70000076293945,37.25,37.70000076293945,493138,22.202428817749023
2017-06-14,37.599998474121094,37.95000076293945,37.150001525878906,37.95000076293945,761700,22.349658966064453
2017-06-15,37.900001525878906,38.0,37.150001525878906,38.0,1135360,22.379106521606445
2017-06-16,37.95000076293945,37.95000076293945,37.54999923706055,37.70000076293945,1341493,22.202428817749023
2017-06-19,37.70000076293945,38.0,37.650001525878906,38.0,259053,22.379106521606445
2017-06-20,37.900001525878906,37.900001525878906,37.5,37.54999923706055,433551,22.11409568786621
2017-06-21,37.79999923706055,37.79999923706055,37.04999923706055,37.599998474121094,447724,22.143539428710938
2017-06-22,37.599998474121094,37.79999923706055,37.25,37.349998474121094,609658,21.996307373046875
2017-06-23,37.349998474121094,37.599998474121094,37.29999923706055,37.5,504000,22.08464813232422
2017-06-26,37.599998474121094,37.599998474121094,37.29999923706055,37.54999923706055,274938,22.11409568786621
2017-06-27,37.5,37.54999923706055,37.099998474121094,37.20000076293945,712400,21.907970428466797
2017-06-28,37.0,37.29999923706055,36.849998474121094,37.0,842429,21.790185928344727
2017-06-29,37.25,37.25,36.900001525878906,37.0,433644,21.790185928344727
2017-06-30,36.900001525878906,37.25,36.79999923706055,37.25,786746,21.937410354614258
2017-07-03,37.25,37.5,37.04999923706055,37.349998474121094,1114628,21.996307373046875
2017-07-04,37.5,37.5,36.5,37.150001525878906,520266,21.878522872924805
2017-07-05,37.04999923706055,37.04999923706055,36.900001525878906,37.0,514277,21.790185928344727
2017-07-06,37.0,37.20000076293945,36.75,36.849998474121094,827180,21.70184326171875
2017-07-07,36.849998474121094,37.25,36.849998474121094,37.0,524486,21.790185928344727
2017-07-10,36.900001525878906,37.04999923706055,36.650001525878906,36.75,758173,21.6429500579834
2017-07-11,36.650001525878906,36.79999923706055,36.0,36.20000076293945,2388086,21.319046020507812
2017-07-12,36.349998474121094,36.349998474121094,35.95000076293945,36.150001525878906,820426,21.289596557617188
2017-07-13,36.29999923706055,36.45000076293945,36.150001525878906,36.29999923706055,879872,21.377931594848633
2017-07-14,36.150001525878906,36.5,36.150001525878906,36.29999923706055,472193,21.377931594848633
2017-07-17,36.599998474121094,36.75,36.400001525878906,36.45000076293945,521364,21.466276168823242
2017-07-18,36.54999923706055,36.70000076293945,36.400001525878906,36.70000076293945,434060,21.613508224487305
2017-07-19,36.70000076293945,36.849998474121094,36.650001525878906,36.79999923706055,735060,21.672399520874023
2017-07-20,36.900001525878906,37.0,36.79999923706055,36.849998474121094,549000,21.70184326171875
2017-07-21,36.79999923706055,36.95000076293945,36.75,36.849998474121094,623005,21.70184326171875
2017-07-24,37.20000076293945,37.20000076293945,36.54999923706055,36.79999923706055,2258936,21.672399520874023
2017-07-25,36.650001525878906,37.0,36.400001525878906,37.0,1325094,21.790185928344727
2017-07-26,37.0,37.0,36.5,36.70000076293945,702407,21.613508224487305
2017-07-27,36.79999923706055,37.45000076293945,36.75,37.20000076293945,1595340,21.907970428466797
2017-07-28,37.0,37.400001525878906,36.900001525878906,37.150001525878906,1045800,21.878522872924805
2017-07-31,37.150001525878906,37.79999923706055,37.150001525878906,37.79999923706055,1811055,22.261323928833008
2017-08-01,37.650001525878906,37.79999923706055,37.29999923706055,37.70000076293945,923199,22.202428817749023
2017-08-02,37.79999923706055,37.900001525878906,37.54999923706055,37.54999923706055,476145,22.11409568786621
2017-08-03,37.400001525878906,37.79999923706055,37.400001525878906,37.75,543331,22.23187255859375
2017-08-04,37.900001525878906,37.900001525878906,37.150001525878906,37.25,901050,21.937410354614258
2017-08-07,37.04999923706055,37.099998474121094,36.04999923706055,36.5,2111710,21.49571990966797
2017-08-08,36.54999923706055,36.54999923706055,36.099998474121094,36.29999923706055,1289861,21.377931594848633
2017-08-09,36.400001525878906,36.79999923706055,36.0,36.599998474121094,938246,21.55461311340332
2017-08-10,36.79999923706055,36.95000076293945,36.349998474121094,36.95000076293945,782396,21.760740280151367
2017-08-11,36.400001525878906,36.849998474121094,36.150001525878906,36.70000076293945,1011318,21.613508224487305
2017-08-14,36.95000076293945,37.29999923706055,36.79999923706055,37.20000076293945,849123,21.907970428466797
2017-08-15,37.29999923706055,37.29999923706055,36.54999923706055,36.75,933968,21.6429500579834
2017-08-16,36.95000076293945,37.099998474121094,36.45000076293945,36.79999923706055,1031283,21.672399520874023
2017-08-17,36.900001525878906,36.900001525878906,36.29999923706055,36.650001525878906,1047701,21.737638473510742
2017-08-18,36.29999923706055,36.5,35.599998474121094,35.599998474121094,2364693,21.1148738861084
2017-08-21,35.900001525878906,36.150001525878906,35.70000076293945,35.95000076293945,957248,21.32246208190918
2017-08-22,35.900001525878906,36.25,35.900001525878906,36.150001525878906,534124,21.441085815429688
2017-08-23,36.150001525878906,36.150001525878906,36.150001525878906,36.150001525878906,0,21.441085815429688
2017-08-24,36.099998474121094,36.849998474121094,36.099998474121094,36.20000076293945,799286,21.470741271972656
2017-08-25,36.099998474121094,36.5,35.900001525878906,36.20000076293945,950866,21.470741271972656
2017-08-28,36.25,36.400001525878906,35.849998474121094,36.0,537149,21.35211753845215
2017-08-29,35.79999923706055,36.04999923706055,35.75,35.79999923706055,332108,21.233495712280273
2017-08-30,35.70000076293945,36.04999923706055,35.650001525878906,36.04999923706055,622510,21.381771087646484
2017-08-31,36.04999923706055,36.29999923706055,35.900001525878906,36.20000076293945,1858877,21.470741271972656
2017-09-01,36.150001525878906,36.29999923706055,35.95000076293945,36.150001525878906,798797,21.441085815429688
2017-09-04,35.95000076293945,36.25,35.70000076293945,36.04999923706055,801043,21.381771087646484
2017-09-05,36.04999923706055,36.29999923706055,36.04999923706055,36.20000076293945,399414,21.470741271972656
2017-09-06,36.29999923706055,36.650001525878906,35.95000076293945,36.54999923706055,1148122,21.678333282470703
2017-09-07,36.75,36.95000076293945,36.599998474121094,36.79999923706055,1018361,21.82660675048828
2017-09-08,36.70000076293945,37.349998474121094,36.70000076293945,37.20000076293945,816868,22.063852310180664
2017-09-11,37.20000076293945,37.29999923706055,36.95000076293945,37.04999923706055,479698,21.974885940551758
2017-09-12,37.150001525878906,37.150001525878906,36.400001525878906,37.0,805840,21.945228576660156
2017-09-13,37.150001525878906,37.349998474121094,36.849998474121094,37.04999923706055,902492,21.974885940551758
2017-09-14,37.20000076293945,37.900001525878906,36.849998474121094,37.54999923706055,1711190,22.27144432067871
2017-09-15,37.400001525878906,38.04999923706055,37.29999923706055,38.0,4479318,22.538345336914062
2017-09-18,38.20000076293945,38.20000076293945,37.95000076293945,38.150001525878906,535183,22.6273136138916
2017-09-19,38.20000076293945,38.20000076293945,37.45000076293945,38.099998474121094,779665,22.59765625
2017-09-20,37.900001525878906,38.150001525878906,37.5,37.95000076293945,580426,22.508691787719727
2017-09-21,38.0,38.099998474121094,37.04999923706055,37.400001525878906,1912327,22.182476043701172
2017-09-22,37.0,37.349998474121094,36.75,37.04999923706055,772690,21.974885940551758
2017-09-25,37.25,37.25,36.400001525878906,37.04999923706055,567829,21.974885940551758
2017-09-26,37.150001525878906,37.400001525878906,36.650001525878906,36.95000076293945,482629,21.915578842163086
2017-09-27,37.099998474121094,37.20000076293945,36.5,36.54999923706055,845602,21.678333282470703
2017-09-28,36.79999923706055,36.900001525878906,36.5,36.5,402028,21.64867401123047
2017-09-29,36.79999923706055,36.95000076293945,36.45000076293945,36.75,759478,21.796953201293945
2017-10-03,36.45000076293945,37.349998474121094,36.25,37.25,1031099,22.093509674072266
2017-10-04,37.5,37.650001525878906,37.25,37.5,521125,22.241790771484375
2017-10-06,37.150001525878906,37.79999923706055,37.099998474121094,37.5,1234840,22.241790771484375
2017-10-09,37.75,37.75,37.20000076293945,37.45000076293945,394000,22.212135314941406
2017-10-10,37.5,37.70000076293945,37.349998474121094,37.70000076293945,433883,22.36041259765625
2017-10-11,37.849998474121094,37.849998474121094,37.5,37.650001525878906,288784,22.330760955810547
2017-10-12,37.849998474121094,37.849998474121094,37.54999923706055,37.54999923706055,922850,22.27144432067871
2017-10-13,37.70000076293945,37.70000076293945,37.25,37.5,1061000,22.241790771484375
2017-10-16,37.400001525878906,37.79999923706055,37.400001525878906,37.599998474121094,1062592,22.301097869873047
2017-10-17,37.900001525878906,38.0,37.599998474121094,37.95000076293945,928932,22.508691787719727
2017-10-18,37.599998474121094,37.849998474121094,37.5,37.70000076293945,1296258,22.36041259765625
2017-10-19,37.849998474121094,37.900001525878906,37.5,37.54999923706055,1567635,22.27144432067871
2017-10-20,37.54999923706055,38.20000076293945,37.5,37.95000076293945,1014342,22.508691787719727
2017-10-23,37.599998474121094,37.79999923706055,37.599998474121094,37.75,773056,22.39006996154785
2017-10-24,37.650001525878906,37.75,37.400001525878906,37.70000076293945,1090514,22.36041259765625
2017-10-25,38.20000076293945,38.20000076293945,37.70000076293945,38.04999923706055,558611,22.568002700805664
2017-10-26,37.75,37.900001525878906,37.70000076293945,37.849998474121094,621876,22.44938087463379
2017-10-27,38.150001525878906,38.150001525878906,37.70000076293945,37.79999923706055,1003340,22.419723510742188
2017-10-30,37.70000076293945,37.95000076293945,37.650001525878906,37.95000076293945,316763,22.508691787719727
2017-10-31,38.099998474121094,38.099998474121094,37.650001525878906,37.70000076293945,842671,22.36041259765625
2017-11-01,38.25,38.25,37.900001525878906,38.150001525878906,1816273,22.6273136138916
2017-11-02,38.25,38.349998474121094,38.04999923706055,38.349998474121094,667646,22.74593162536621
2017-11-03,38.20000076293945,38.349998474121094,38.099998474121094,38.349998474121094,331920,22.74593162536621
2017-11-06,38.400001525878906,38.599998474121094,38.04999923706055,38.349998474121094,1012044,22.74593162536621
2017-11-07,38.599998474121094,41.20000076293945,38.45000076293945,41.20000076293945,2251818,24.43631362915039
2017-11-08,42.0,42.0,40.0,40.54999923706055,1108713,24.050785064697266
2017-11-09,41.0,41.0,39.95000076293945,40.54999923706055,1217541,24.050785064697266
2017-11-10,40.650001525878906,40.849998474121094,40.20000076293945,40.849998474121094,743992,24.22871971130371
2017-11-13,40.849998474121094,41.70000076293945,40.45000076293945,41.70000076293945,1201944,24.732866287231445
2017-11-14,41.29999923706055,41.400001525878906,40.150001525878906,40.70000076293945,1501897,24.139753341674805
2017-11-15,40.5,41.25,40.150001525878906,41.04999923706055,1327111,24.347339630126953
2017-11-16,40.900001525878906,40.95000076293945,39.349998474121094,39.599998474121094,1125971,23.48732566833496
2017-11-17,39.5,39.54999923706055,39.099998474121094,39.400001525878906,647903,23.36870765686035
2017-11-20,39.45000076293945,39.599998474121094,39.0,39.400001525878906,614746,23.36870765686035
2017-11-21,39.45000076293945,39.45000076293945,38.599998474121094,39.099998474121094,817041,23.19076919555664
2017-11-22,39.20000076293945,39.599998474121094,39.150001525878906,39.5,1035209,23.428014755249023
2017-11-23,39.099998474121094,39.54999923706055,39.099998474121094,39.54999923706055,910890,23.45767593383789
2017-11-24,40.349998474121094,40.75,39.599998474121094,39.75,866952,23.576295852661133
2017-11-27,40.400001525878906,41.0,40.04999923706055,40.75,1430200,24.169410705566406
2017-11-28,40.349998474121094,41.25,40.099998474121094,40.95000076293945,1507636,24.28803253173828
2017-11-29,41.0,41.0,39.849998474121094,40.0,1435831,23.724576950073242
2017-11-30,40.29999923706055,42.04999923706055,40.0,41.849998474121094,1854813,24.821834564208984
2017-12-01,42.0,42.20000076293945,41.75,42.150001525878906,1270354,24.999771118164062
2017-12-04,42.20000076293945,42.20000076293945,41.5,41.599998474121094,655338,24.673559188842773
2017-12-05,42.0,42.20000076293945,41.70000076293945,42.04999923706055,707965,24.940460205078125
2017-12-06,41.75,42.849998474121094,41.599998474121094,42.79999923706055,1336953,25.385290145874023
2017-12-07,42.900001525878906,42.95000076293945,41.599998474121094,41.650001525878906,952329,24.703210830688477
2017-12-08,41.900001525878906,42.5,41.79999923706055,42.20000076293945,743213,25.0294246673584
2017-12-11,41.75,42.29999923706055,41.349998474121094,41.75,523504,24.762521743774414
2017-12-12,41.54999923706055,41.95000076293945,41.150001525878906,41.70000076293945,562509,24.732866287231445
2017-12-13,41.25,41.29999923706055,40.54999923706055,41.0,931772,24.317684173583984
2017-12-14,40.79999923706055,41.400001525878906,40.79999923706055,41.29999923706055,645282,24.49561882019043
2017-12-15,41.099998474121094,41.099998474121094,40.20000076293945,40.400001525878906,1787210,23.961820602416992
2017-12-18,40.900001525878906,41.95000076293945,40.79999923706055,41.900001525878906,676490,24.851491928100586
2017-12-19,41.45000076293945,42.099998474121094,40.95000076293945,41.95000076293945,473954,24.881149291992188
2017-12-20,41.75,41.900001525878906,41.400001525878906,41.45000076293945,505144,24.584590911865234
2017-12-21,40.95000076293945,41.29999923706055,40.849998474121094,40.849998474121094,392236,24.22871971130371
2017-12-22,40.95000076293945,41.099998474121094,40.900001525878906,41.0,369000,24.317684173583984
2017-12-27,41.0,41.79999923706055,41.0,41.54999923706055,321000,24.643901824951172
2017-12-28,41.54999923706055,41.79999923706055,41.349998474121094,41.79999923706055,202471,24.792179107666016
2017-12-29,41.650001525878906,41.650001525878906,41.150001525878906,41.45000076293945,349385,24.584590911865234
2018-01-02,41.400001525878906,41.79999923706055,41.400001525878906,41.75,1154593,24.762521743774414
2018-01-03,41.599998474121094,42.0,41.599998474121094,41.900001525878906,425651,24.851491928100586
2018-01-04,41.79999923706055,42.95000076293945,41.79999923706055,42.75,1185751,25.355640411376953
2018-01-05,42.54999923706055,43.650001525878906,42.54999923706055,43.650001525878906,1518085,25.889440536499023
2018-01-08,43.5,44.349998474121094,42.150001525878906,44.099998474121094,885579,26.156341552734375
2018-01-09,44.25,44.25,43.54999923706055,44.20000076293945,633584,26.215660095214844
2018-01-10,44.20000076293945,44.20000076293945,43.54999923706055,43.95000076293945,772323,26.067380905151367
2018-01-11,43.75,43.75,42.95000076293945,43.5,508495,25.80047607421875
2018-01-12,44.20000076293945,44.25,43.5,44.25,577760,26.245309829711914
2018-01-15,44.5,44.54999923706055,43.54999923706055,43.75,620652,25.948755264282227
2018-01-16,44.0,44.400001525878906,43.849998474121094,44.349998474121094,691948,26.304616928100586
2018-01-17,44.20000076293945,44.95000076293945,44.150001525878906,44.95000076293945,1153257,26.660499572753906
2018-01-18,44.45000076293945,45.04999923706055,44.20000076293945,45.04999923706055,1032937,26.719804763793945
2018-01-19,45.25,45.29999923706055,44.04999923706055,45.29999923706055,1121178,26.868083953857422
2018-01-22,45.5,45.5,44.650001525878906,44.900001525878906,881202,26.630836486816406
2018-01-23,45.29999923706055,45.5,44.5,45.5,1053394,26.98670768737793
2018-01-24,45.400001525878906,46.0,45.349998474121094,46.0,1146775,27.28325843811035
2018-01-25,45.79999923706055,45.95000076293945,45.150001525878906,45.45000076293945,1413673,26.957048416137695
2018-01-26,45.0,45.5,44.75,44.95000076293945,1064651,26.660499572753906
2018-01-29,44.70000076293945,44.900001525878906,44.150001525878906,44.25,478658,26.245309829711914
2018-01-30,44.650001525878906,44.95000076293945,43.54999923706055,44.29999923706055,1828998,26.274965286254883
2018-01-31,44.099998474121094,44.54999923706055,43.20000076293945,43.70000076293945,3126678,25.919099807739258
2018-02-01,44.099998474121094,44.95000076293945,43.599998474121094,44.400001525878906,2231063,26.334278106689453
2018-02-02,44.400001525878906,46.0,44.04999923706055,45.25,1399729,26.83842658996582
2018-02-05,44.349998474121094,45.099998474121094,44.20000076293945,44.70000076293945,1085438,26.5122127532959
2018-02-06,44.5,44.5,43.20000076293945,43.650001525878906,1485040,25.889440536499023
2018-02-07,43.900001525878906,44.70000076293945,43.0,43.5,1988895,25.80047607421875
2018-02-08,43.400001525878906,43.95000076293945,43.0,43.5,1160665,25.80047607421875
2018-02-09,42.900001525878906,43.599998474121094,42.29999923706055,43.25,1240313,25.65219497680664
2018-02-12,43.20000076293945,43.599998474121094,42.650001525878906,42.79999923706055,1165536,25.385290145874023
2018-02-13,42.75,43.29999923706055,42.650001525878906,42.849998474121094,936591,25.414949417114258
2018-02-14,42.900001525878906,44.0,42.900001525878906,43.599998474121094,784961,25.85978126525879
2018-02-15,43.54999923706055,44.150001525878906,43.25,43.70000076293945,1833126,25.919099807739258
2018-02-20,43.5,43.900001525878906,43.29999923706055,43.5,736478,25.80047607421875
2018-02-21,43.20000076293945,44.400001525878906,43.150001525878906,44.400001525878906,1083000,26.334278106689453
2018-02-22,44.0,44.45000076293945,43.599998474121094,44.0,694296,26.09703254699707
2018-02-23,43.849998474121094,44.349998474121094,43.5,44.099998474121094,684112,26.156341552734375
2018-02-26,44.04999923706055,45.29999923706055,43.599998474121094,45.0,1069568,26.690141677856445
2018-02-27,44.75,44.900001525878906,44.400001525878906,44.54999923706055,980606,26.423246383666992
2018-02-28,44.5,45.349998474121094,43.54999923706055,45.349998474121094,2324946,26.89773941040039
2018-03-01,44.04999923706055,44.349998474121094,43.25,43.70000076293945,1417574,25.919099807739258
2018-03-02,42.95000076293945,43.75,42.95000076293945,43.349998474121094,706194,25.71150779724121
2018-03-05,43.20000076293945,43.54999923706055,42.900001525878906,42.900001525878906,545900,25.444608688354492
2018-03-06,43.0,43.20000076293945,42.849998474121094,43.0,486052,25.503917694091797
2018-03-07,42.900001525878906,43.04999923706055,42.70000076293945,42.79999923706055,913604,25.385290145874023
2018-03-08,43.0,43.70000076293945,42.75,43.599998474121094,591670,25.85978126525879
2018-03-09,43.45000076293945,44.0,43.29999923706055,43.45000076293945,918368,25.770816802978516
2018-03-12,44.29999923706055,44.29999923706055,43.29999923706055,43.95000076293945,586944,26.067380905151367
2018-03-13,42.5,42.5,41.900001525878906,42.099998474121094,1333943,25.61709976196289
2018-03-14,42.25,42.45000076293945,41.95000076293945,42.20000076293945,650755,25.677947998046875
2018-03-15,42.400001525878906,42.70000076293945,42.150001525878906,42.70000076293945,423000,25.982189178466797
2018-03-16,42.5,42.79999923706055,42.25,42.29999923706055,1295642,25.738792419433594
2018-03-19,42.5,42.5,41.849998474121094,42.150001525878906,315538,25.647523880004883
2018-03-20,42.70000076293945,42.70000076293945,42.099998474121094,42.45000076293945,695675,25.83007049560547
2018-03-21,42.70000076293945,42.70000076293945,41.150001525878906,41.150001525878906,1082000,25.03904151916504
2018-03-22,41.599998474121094,41.599998474121094,40.400001525878906,40.95000076293945,617000,24.917343139648438
2018-03-23,40.54999923706055,40.95000076293945,40.04999923706055,40.79999923706055,1164456,24.826074600219727
2018-03-26,40.95000076293945,41.29999923706055,40.5,40.599998474121094,498713,24.704376220703125
2018-03-27,41.400001525878906,41.45000076293945,40.5,40.70000076293945,624942,24.765226364135742
2018-03-28,40.79999923706055,40.900001525878906,40.650001525878906,40.75,639121,24.7956485748291
2018-03-29,41.0,42.5,40.79999923706055,41.5,1149011,25.252010345458984
2018-04-03,41.04999923706055,41.849998474121094,40.75,41.20000076293945,1286464,25.0694637298584
2018-04-04,41.650001525878906,42.400001525878906,41.20000076293945,41.599998474121094,1090448,25.3128604888916
2018-04-06,42.150001525878906,42.650001525878906,41.29999923706055,42.5,1126565,25.860492706298828
2018-04-09,42.29999923706055,42.849998474121094,42.20000076293945,42.650001525878906,555513,25.951763153076172
2018-04-10,42.5,42.95000076293945,42.25,42.900001525878906,610970,26.103885650634766
2018-04-11,43.0,43.650001525878906,42.650001525878906,43.45000076293945,1109353,26.438549041748047
2018-04-12,43.400001525878906,43.79999923706055,43.29999923706055,43.70000076293945,847647,26.590673446655273
2018-04-13,43.29999923706055,43.79999923706055,43.25,43.79999923706055,468906,26.651517868041992
2018-04-16,43.75,43.95000076293945,43.54999923706055,43.95000076293945,331710,26.742795944213867
2018-04-17,43.75,44.0,43.29999923706055,43.75,1198733,26.62109375
2018-04-18,44.0,44.0,43.29999923706055,43.45000076293945,616174,26.438549041748047
2018-04-19,43.400001525878906,43.95000076293945,43.0,43.400001525878906,1174000,26.408124923706055
2018-04-20,43.099998474121094,43.400001525878906,42.849998474121094,43.25,630766,26.316856384277344
2018-04-23,43.04999923706055,43.650001525878906,43.0,43.599998474121094,477943,26.529821395874023
2018-04-24,43.54999923706055,44.45000076293945,43.54999923706055,44.400001525878906,1528972,27.01660919189453
2018-04-25,44.45000076293945,44.900001525878906,44.099998474121094,44.20000076293945,1392759,26.894914627075195
2018-04-26,43.70000076293945,44.849998474121094,43.70000076293945,44.150001525878906,1228204,26.864490509033203
2018-04-27,44.0,44.79999923706055,43.75,44.79999923706055,999867,27.260000228881836
2018-04-30,44.849998474121094,45.95000076293945,44.70000076293945,45.849998474121094,1900891,27.89891242980957
2018-05-02,45.75,45.75,43.900001525878906,44.150001525878906,1597472,26.864490509033203
2018-05-03,44.5,44.599998474121094,43.54999923706055,43.70000076293945,557453,26.590673446655273
2018-05-04,43.5,44.0,43.400001525878906,43.400001525878906,411200,26.408124923706055
2018-05-07,43.75,43.75,43.0,43.54999923706055,413790,26.49939727783203
2018-05-08,43.29999923706055,44.400001525878906,43.29999923706055,44.349998474121094,836669,26.98617935180664
2018-05-09,43.75,44.400001525878906,43.5,44.400001525878906,1060090,27.01660919189453
2018-05-10,44.400001525878906,44.400001525878906,44.04999923706055,44.150001525878906,596777,26.864490509033203
2018-05-11,44.400001525878906,45.099998474121094,44.25,44.45000076293945,842331,27.047029495239258
2018-05-14,44.70000076293945,45.900001525878906,44.70000076293945,45.900001525878906,1010100,27.929330825805664
2018-05-15,45.54999923706055,45.79999923706055,43.5,45.599998474121094,725731,27.746782302856445
2018-05-16,45.29999923706055,45.75,44.599998474121094,44.599998474121094,1169273,27.1383056640625
2018-05-17,45.5,45.5,44.5,44.54999923706055,1066540,27.107877731323242
2018-05-18,44.349998474121094,46.349998474121094,44.349998474121094,45.599998474121094,1178839,27.746782302856445
2018-05-21,45.599998474121094,45.599998474121094,44.79999923706055,45.349998474121094,643739,27.594661712646484
2018-05-23,45.400001525878906,45.400001525878906,44.400001525878906,44.5,635294,27.07746124267578
2018-05-24,44.5,44.5,43.650001525878906,44.20000076293945,781746,26.894914627075195
2018-05-25,44.5,45.04999923706055,44.29999923706055,44.70000076293945,778149,27.19915771484375
2018-05-28,45.099998474121094,45.099998474121094,44.29999923706055,44.650001525878906,172796,27.168729782104492
2018-05-29,44.70000076293945,46.04999923706055,44.400001525878906,45.70000076293945,1063135,27.807634353637695
2018-05-30,45.5,45.900001525878906,45.150001525878906,45.25,1155711,27.533815383911133
2018-05-31,45.650001525878906,46.20000076293945,45.20000076293945,45.349998474121094,2051881,27.594661712646484
2018-06-01,46.20000076293945,46.20000076293945,45.5,45.849998474121094,1004471,27.89891242980957
2018-06-04,45.70000076293945,46.25,45.400001525878906,45.95000076293945,549861,27.959754943847656
2018-06-05,45.75,46.29999923706055,45.849998474121094,46.099998474121094,587928,28.0510311126709
2018-06-06,46.349998474121094,46.900001525878906,46.25,46.75,1073067,28.44654083251953
2018-06-07,46.79999923706055,46.849998474121094,45.849998474121094,46.150001525878906,657725,28.081451416015625
2018-06-08,46.150001525878906,46.150001525878906,45.70000076293945,45.79999923706055,310588,27.86847496032715
2018-06-11,45.45000076293945,45.79999923706055,45.25,45.45000076293945,493025,27.655517578125
2018-06-12,46.0,46.0,45.0,45.349998474121094,601383,27.594661712646484
2018-06-13,46.849998474121094,46.849998474121094,45.099998474121094,45.29999923706055,566521,27.564241409301758
2018-06-14,45.0,45.54999923706055,44.70000076293945,44.75,775562,27.22957992553711
2018-06-15,44.849998474121094,45.650001525878906,44.70000076293945,45.599998474121094,2013215,27.746782302856445
2018-06-19,46.0,46.0,44.70000076293945,45.099998474121094,1669743,27.442550659179688
2018-06-20,45.20000076293945,46.150001525878906,45.0,45.599998474121094,1064610,27.746782302856445
2018-06-21,45.599998474121094,46.29999923706055,45.599998474121094,45.75,1209528,27.838062286376953
2018-06-22,45.20000076293945,45.70000076293945,45.099998474121094,45.150001525878906,1075200,27.47297477722168
2018-06-25,44.79999923706055,45.650001525878906,44.5,45.0,821006,27.381694793701172
2018-06-26,44.95000076293945,45.0,44.20000076293945,45.0,673534,27.381694793701172
2018-06-27,45.099998474121094,45.25,44.400001525878906,44.650001525878906,393170,27.168729782104492
2018-06-28,45.20000076293945,45.20000076293945,44.04999923706055,44.599998474121094,657122,27.1383056640625
2018-06-29,44.400001525878906,44.900001525878906,43.79999923706055,43.79999923706055,1536342,26.651517868041992
2018-07-03,43.25,43.54999923706055,42.150001525878906,43.5,1895061,26.468976974487305
2018-07-04,43.5,43.95000076293945,43.20000076293945,43.349998474121094,594104,26.377702713012695
2018-07-05,43.0,43.20000076293945,42.599998474121094,42.79999923706055,498517,26.043033599853516
2018-07-06,43.20000076293945,43.20000076293945,42.400001525878906,42.400001525878906,1010194,25.799646377563477
2018-07-09,42.75,43.79999923706055,42.75,43.25,671731,26.316856384277344
2018-07-10,43.349998474121094,43.45000076293945,42.849998474121094,42.849998474121094,553354,26.07345962524414
2018-07-11,42.45000076293945,43.400001525878906,42.650001525878906,43.400001525878906,735334,26.408124923706055
2018-07-12,43.5,43.849998474121094,43.099998474121094,43.400001525878906,676479,26.408124923706055
2018-07-13,43.79999923706055,43.79999923706055,42.0,43.400001525878906,620709,26.408124923706055
2018-07-16,43.349998474121094,43.349998474121094,42.25,42.79999923706055,484200,26.043033599853516
2018-07-17,43.29999923706055,43.349998474121094,42.79999923706055,43.099998474121094,694177,26.22557830810547
2018-07-18,43.400001525878906,43.54999923706055,43.25,43.400001525878906,558690,26.408124923706055
2018-07-19,43.5,43.54999923706055,43.0,43.150001525878906,569252,26.256010055541992
2018-07-20,42.849998474121094,43.20000076293945,42.79999923706055,43.04999923706055,316450,26.195159912109375
2018-07-23,42.79999923706055,43.150001525878906,42.25,42.599998474121094,316474,25.921340942382812
2018-07-24,42.599998474121094,42.95000076293945,41.95000076293945,41.95000076293945,956033,25.525827407836914
2018-07-25,41.79999923706055,43.25,41.79999923706055,42.95000076293945,633641,26.134313583374023
2018-07-26,43.20000076293945,43.5,42.29999923706055,42.349998474121094,839254,25.769222259521484
2018-07-27,42.400001525878906,42.849998474121094,42.20000076293945,42.29999923706055,364000,25.738792419433594
2018-07-30,42.20000076293945,42.599998474121094,42.20000076293945,42.349998474121094,292000,25.769222259521484
2018-07-31,42.45000076293945,43.099998474121094,42.20000076293945,42.95000076293945,919870,26.134313583374023
2018-08-01,42.95000076293945,42.900001525878906,42.400001525878906,42.54999923706055,1251678,25.890914916992188
2018-08-02,42.349998474121094,42.79999923706055,41.45000076293945,41.70000076293945,995732,25.373703002929688
2018-08-03,42.0,42.0,41.20000076293945,41.54999923706055,598223,25.28243637084961
2018-08-06,41.70000076293945,41.70000076293945,40.0,40.79999923706055,889467,24.826074600219727
2018-08-07,41.0,42.099998474121094,40.75,41.79999923706055,918139,25.434553146362305
2018-08-08,42.400001525878906,42.95000076293945,41.5,42.5,725065,25.860492706298828
2018-08-09,43.29999923706055,43.29999923706055,41.849998474121094,42.099998474121094,725956,25.61709976196289
2018-08-10,42.29999923706055,42.29999923706055,41.650001525878906,41.79999923706055,471422,25.434553146362305
2018-08-13,41.79999923706055,41.79999923706055,40.900001525878906,41.29999923706055,804249,25.130308151245117
2018-08-14,41.349998474121094,41.70000076293945,41.04999923706055,41.349998474121094,492075,25.160736083984375
2018-08-15,41.0,41.150001525878906,40.0,40.5,731071,24.643529891967773
2018-08-16,40.349998474121094,40.599998474121094,39.79999923706055,39.900001525878906,746027,24.2784366607666
2018-08-17,40.25,40.79999923706055,39.70000076293945,40.099998474121094,601843,24.400129318237305
2018-08-20,40.099998474121094,40.099998474121094,39.29999923706055,40.0,538376,24.504283905029297
2018-08-21,40.0,40.70000076293945,39.95000076293945,40.70000076293945,1054384,24.933107376098633
2018-08-22,40.849998474121094,40.849998474121094,39.900001525878906,40.099998474121094,573000,24.565534591674805
2018-08-23,40.25,40.25,39.70000076293945,40.0,525330,24.504283905029297
2018-08-24,40.04999923706055,40.400001525878906,39.650001525878906,40.20000076293945,539220,24.626802444458008
2018-08-27,41.900001525878906,41.900001525878906,40.20000076293945,41.04999923706055,1036600,25.147510528564453
2018-08-28,40.95000076293945,40.95000076293945,39.70000076293945,39.70000076293945,496588,24.320493698120117
2018-08-29,40.0,40.29999923706055,39.650001525878906,40.0,762734,24.504283905029297
2018-08-30,40.25,40.25,39.75,39.79999923706055,593151,24.381755828857422
2018-08-31,40.0,40.45000076293945,39.45000076293945,40.25,1625992,24.657426834106445
2018-09-03,40.29999923706055,40.599998474121094,40.0,40.29999923706055,528988,24.688058853149414
2018-09-04,39.79999923706055,40.20000076293945,39.650001525878906,39.70000076293945,435000,24.320493698120117
2018-09-05,40.400001525878906,40.400001525878906,38.95000076293945,38.95000076293945,1121614,23.861040115356445
2018-09-06,39.5,39.900001525878906,38.5,38.599998474121094,1204445,23.646631240844727
2018-09-07,39.25,39.349998474121094,38.5,39.25,456748,24.044822692871094
2018-09-10,39.900001525878906,39.900001525878906,38.45000076293945,39.0,725545,23.89167022705078
2018-09-11,39.349998474121094,40.54999923706055,38.95000076293945,40.5,1164800,24.810583114624023
2018-09-12,40.70000076293945,40.849998474121094,40.099998474121094,40.45000076293945,776028,24.77995491027832
2018-09-13,40.849998474121094,40.849998474121094,39.54999923706055,40.0,666034,24.504283905029297
2018-09-14,40.349998474121094,40.900001525878906,40.099998474121094,40.650001525878906,479100,24.90247344970703
2018-09-17,40.79999923706055,40.79999923706055,40.150001525878906,40.54999923706055,473701,24.841211318969727
2018-09-18,40.79999923706055,40.79999923706055,40.349998474121094,40.79999923706055,752537,24.994367599487305
2018-09-19,40.95000076293945,40.95000076293945,40.29999923706055,40.29999923706055,683238,24.688058853149414
2018-09-20,40.54999923706055,40.650001525878906,40.150001525878906,40.20000076293945,602521,24.626802444458008
2018-09-21,40.599998474121094,41.5,39.75,41.45000076293945,2644735,25.39255714416504
2018-09-24,40.95000076293945,40.95000076293945,39.5,39.54999923706055,775546,24.228605270385742
2018-09-26,40.0,40.45000076293945,39.599998474121094,39.900001525878906,736580,24.443017959594727
2018-09-27,40.0,40.900001525878906,40.0,40.650001525878906,807000,24.90247344970703
2018-09-28,40.099998474121094,41.650001525878906,39.54999923706055,39.54999923706055,1425124,24.228605270385742
2018-10-02,39.95000076293945,40.099998474121094,39.25,39.599998474121094,1151503,24.259233474731445
2018-10-03,39.5,40.349998474121094,39.400001525878906,40.150001525878906,1009566,24.59617042541504
2018-10-04,40.150001525878906,40.150001525878906,38.900001525878906,40.0,1031612,24.504283905029297
2018-10-05,39.95000076293945,40.099998474121094,39.25,39.45000076293945,707157,24.16734504699707
2018-10-08,39.400001525878906,40.349998474121094,39.400001525878906,39.75,738000,24.351125717163086
2018-10-09,39.650001525878906,39.95000076293945,39.20000076293945,39.70000076293945,1083745,24.320493698120117
2018-10-10,39.54999923706055,40.04999923706055,38.5,39.25,2124113,24.044822692871094
2018-10-11,38.400001525878906,38.5,37.54999923706055,38.04999923706055,878682,23.309696197509766
2018-10-12,38.04999923706055,38.349998474121094,37.400001525878906,37.54999923706055,824338,23.003393173217773
2018-10-15,37.849998474121094,38.099998474121094,37.25,37.70000076293945,539226,23.09528160095215
2018-10-16,37.849998474121094,38.099998474121094,37.54999923706055,38.04999923706055,623000,23.309696197509766
2018-10-18,38.04999923706055,38.54999923706055,37.95000076293945,38.5,1221725,23.58536720275879
2018-10-19,38.45000076293945,38.45000076293945,37.5,37.79999923706055,1153765,23.15654182434082
2018-10-22,38.20000076293945,38.349998474121094,37.900001525878906,38.150001525878906,883110,23.37095832824707
2018-10-23,38.150001525878906,38.150001525878906,37.0,37.0,996776,22.666460037231445
2018-10-24,37.25,37.599998474121094,37.04999923706055,37.150001525878906,592151,22.758352279663086
2018-10-25,37.150001525878906,37.150001525878906,36.54999923706055,36.900001525878906,690454,22.60519790649414
2018-10-26,37.20000076293945,37.29999923706055,36.349998474121094,36.95000076293945,622000,22.635828018188477
2018-10-29,37.099998474121094,37.099998474121094,36.29999923706055,36.70000076293945,445598,22.482675552368164
2018-10-30,36.900001525878906,36.900001525878906,36.0,36.0,520243,22.053850173950195
2018-10-31,36.20000076293945,36.95000076293945,36.20000076293945,36.75,1055538,22.5133056640625
2018-11-01,36.54999923706055,37.70000076293945,36.54999923706055,37.70000076293945,811914,23.09528160095215
2018-11-02,37.849998474121094,38.45000076293945,37.25,38.04999923706055,794438,23.309696197509766
2018-11-05,37.5,38.20000076293945,37.099998474121094,37.29999923706055,513388,22.850238800048828
2018-11-06,37.29999923706055,38.29999923706055,37.150001525878906,38.20000076293945,1058718,23.401586532592773
2018-11-07,38.04999923706055,39.0,37.400001525878906,38.79999923706055,1361421,23.769149780273438
2018-11-08,39.0,39.04999923706055,37.54999923706055,38.45000076293945,413912,23.55473518371582
2018-11-09,38.150001525878906,38.25,37.25,37.45000076293945,798907,22.9421329498291
2018-11-12,37.400001525878906,38.099998474121094,37.400001525878906,38.099998474121094,420222,23.34032440185547
2018-11-13,37.79999923706055,38.70000076293945,37.54999923706055,38.5,698366,23.58536720275879
2018-11-14,38.75,38.79999923706055,38.25,38.45000076293945,1010879,23.55473518371582
2018-11-15,38.70000076293945,38.70000076293945,38.20000076293945,38.45000076293945,1506800,23.55473518371582
2018-11-16,38.75,38.75,37.900001525878906,38.25,973829,23.432218551635742
2018-11-19,38.400001525878906,39.849998474121094,38.29999923706055,39.70000076293945,744122,24.320493698120117
2018-11-20,39.79999923706055,39.79999923706055,38.75,38.75,439176,23.738515853881836
2018-11-21,38.0,39.29999923706055,38.0,39.29999923706055,605135,24.075450897216797
2018-11-22,39.54999923706055,39.54999923706055,38.900001525878906,38.95000076293945,257774,23.861040115356445
2018-11-23,39.20000076293945,39.349998474121094,38.900001525878906,39.349998474121094,200000,24.106081008911133
2018-11-26,39.25,40.099998474121094,39.25,40.0,393191,24.504283905029297
2018-11-27,39.79999923706055,39.849998474121094,38.849998474121094,38.849998474121094,590602,23.799779891967773
2018-11-28,38.900001525878906,39.25,37.900001525878906,38.75,861051,23.738515853881836
2018-11-29,38.70000076293945,39.79999923706055,38.70000076293945,39.79999923706055,1101302,24.381755828857422
2018-11-30,39.45000076293945,39.5,37.400001525878906,37.400001525878906,3329966,22.9114990234375
2018-12-03,37.900001525878906,38.099998474121094,37.25,38.099998474121094,1379256,23.34032440185547
2018-12-04,37.79999923706055,38.099998474121094,37.45000076293945,37.900001525878906,995076,23.217805862426758
2018-12-05,37.400001525878906,38.349998474121094,37.349998474121094,38.349998474121094,716597,23.49347686767578
2018-12-06,38.099998474121094,38.45000076293945,37.70000076293945,38.45000076293945,988000,23.55473518371582
2018-12-07,39.29999923706055,39.29999923706055,38.400001525878906,38.54999923706055,801934,23.615995407104492
2018-12-10,38.599998474121094,38.599998474121094,37.70000076293945,38.599998474121094,1046395,23.646631240844727
2018-12-11,38.0,38.099998474121094,37.5,37.5,833600,22.972759246826172
2018-12-12,37.900001525878906,38.599998474121094,37.849998474121094,38.54999923706055,766301,23.615995407104492
2018-12-13,38.900001525878906,38.900001525878906,38.5,38.75,554562,23.738515853881836
2018-12-14,38.75,39.04999923706055,38.45000076293945,38.599998474121094,1040618,23.646631240844727
2018-12-17,38.75,38.75,38.20000076293945,38.25,628340,23.432218551635742
2018-12-18,38.0,38.45000076293945,37.900001525878906,38.150001525878906,866777,23.37095832824707
2018-12-19,38.0,38.599998474121094,38.0,38.25,569224,23.432218551635742
2018-12-20,38.400001525878906,38.599998474121094,37.75,38.599998474121094,616130,23.646631240844727
2018-12-21,38.599998474121094,38.599998474121094,37.95000076293945,38.0,1299645,23.27906036376953
2018-12-24,38.25,38.400001525878906,37.70000076293945,38.400001525878906,225346,23.524106979370117
2018-12-27,38.099998474121094,38.400001525878906,37.349998474121094,37.400001525878906,609402,22.9114990234375
2018-12-28,37.29999923706055,38.0,37.29999923706055,37.650001525878906,726309,23.064653396606445
2018-12-31,37.650001525878906,37.79999923706055,37.25,37.25,519512,22.819612503051758
2019-01-02,37.5,37.54999923706055,36.29999923706055,36.45000076293945,935941,22.32952308654785
2019-01-03,36.29999923706055,37.04999923706055,36.29999923706055,36.599998474121094,589242,22.42141342163086
2019-01-04,36.79999923706055,37.75,36.75,37.54999923706055,1064808,23.003393173217773
2019-01-07,37.349998474121094,38.0,36.95000076293945,37.150001525878906,710259,22.758352279663086
2019-01-08,37.349998474121094,38.0,37.349998474121094,37.900001525878906,734598,23.217805862426758
2019-01-09,38.0,38.95000076293945,37.79999923706055,38.75,1456656,23.738515853881836
2019-01-10,38.45000076293945,38.70000076293945,38.099998474121094,38.20000076293945,619233,23.401586532592773
2019-01-11,38.5,38.54999923706055,38.150001525878906,38.349998474121094,527067,23.49347686767578
2019-01-14,38.150001525878906,38.20000076293945,37.54999923706055,37.599998474121094,611651,23.034019470214844
2019-01-15,37.70000076293945,37.849998474121094,37.400001525878906,37.650001525878906,1364966,23.064653396606445
2019-01-16,37.599998474121094,37.849998474121094,37.45000076293945,37.599998474121094,804848,23.034019470214844
2019-01-17,37.849998474121094,37.849998474121094,37.599998474121094,37.849998474121094,1501335,23.18717384338379
2019-01-18,38.75,38.75,37.95000076293945,38.20000076293945,1059312,23.401586532592773
2019-01-21,38.150001525878906,38.45000076293945,38.04999923706055,38.45000076293945,2192000,23.55473518371582
2019-01-22,38.400001525878906,38.849998474121094,38.25,38.599998474121094,946000,23.646631240844727
2019-01-23,38.75,39.54999923706055,38.45000076293945,39.5,1522212,24.197973251342773
2019-01-24,39.900001525878906,40.650001525878906,39.70000076293945,40.349998474121094,1516630,24.718692779541016
2019-01-25,40.400001525878906,40.75,39.70000076293945,40.70000076293945,1290919,24.933107376098633
2019-01-28,40.95000076293945,41.25,40.400001525878906,40.45000076293945,812000,24.77995491027832
2019-01-29,40.54999923706055,41.099998474121094,39.900001525878906,41.099998474121094,1120997,25.178144454956055
2019-01-30,41.20000076293945,41.79999923706055,40.599998474121094,41.5,1387181,25.423187255859375
2019-01-31,41.95000076293945,41.95000076293945,40.599998474121094,40.70000076293945,1807050,24.933107376098633
2019-02-01,41.45000076293945,41.75,41.099998474121094,41.45000076293945,1197962,25.39255714416504
2019-02-04,41.45000076293945,41.95000076293945,40.45000076293945,41.70000076293945,788416,25.54570770263672
2019-02-08,41.54999923706055,41.54999923706055,40.29999923706055,41.04999923706055,1346025,25.147510528564453
2019-02-11,41.45000076293945,41.79999923706055,41.20000076293945,41.75,917360,25.576339721679688
2019-02-12,41.25,41.54999923706055,41.150001525878906,41.20000076293945,1001631,25.239404678344727
2019-02-13,41.5,41.70000076293945,41.349998474121094,41.400001525878906,682131,25.361927032470703
2019-02-14,41.54999923706055,42.75,41.349998474121094,42.54999923706055,1177864,26.06642723083496
2019-02-15,42.5,42.849998474121094,41.900001525878906,42.0,721865,25.7294921875
2019-02-18,42.25,42.599998474121094,41.79999923706055,41.79999923706055,327368,25.60696792602539
2019-02-19,42.04999923706055,42.29999923706055,41.400001525878906,42.0,486861,25.7294921875
2019-02-20,41.849998474121094,42.45000076293945,41.849998474121094,42.099998474121094,716000,25.790752410888672
2019-02-21,41.599998474121094,42.20000076293945,41.5,41.75,1020390,25.576339721679688
2019-02-22,41.70000076293945,43.0,41.70000076293945,42.400001525878906,1559102,25.97453498840332
2019-02-25,42.900001525878906,42.900001525878906,41.95000076293945,42.150001525878906,872660,25.82138442993164
2019-02-26,42.29999923706055,42.29999923706055,41.54999923706055,41.599998474121094,1467068,25.484451293945312
2019-02-27,42.150001525878906,43.5,42.099998474121094,43.099998474121094,1974692,26.403358459472656
2019-02-28,42.849998474121094,43.29999923706055,41.45000076293945,41.45000076293945,2868241,25.39255714416504
2019-03-01,41.400001525878906,41.95000076293945,41.099998474121094,41.650001525878906,1234205,25.51508140563965
2019-03-04,41.95000076293945,42.400001525878906,41.650001525878906,42.400001525878906,828395,25.97453498840332
2019-03-05,42.5,42.54999923706055,41.79999923706055,42.04999923706055,1294021,25.7601261138916
2019-03-06,41.20000076293945,41.20000076293945,40.599998474121094,40.95000076293945,784584,25.804231643676758
2019-03-07,40.95000076293945,41.29999923706055,40.70000076293945,40.95000076293945,1226514,25.804231643676758
2019-03-08,40.650001525878906,41.25,40.599998474121094,40.849998474121094,2034900,25.741214752197266
2019-03-11,40.70000076293945,41.0,40.150001525878906,40.849998474121094,584727,25.741214752197266
2019-03-12,41.150001525878906,41.29999923706055,40.75,41.0,1124376,25.83574104309082
2019-03-13,41.29999923706055,41.45000076293945,41.04999923706055,41.25,1518275,25.993274688720703
2019-03-14,41.25,41.45000076293945,40.95000076293945,41.099998474121094,1145245,25.89875602722168
2019-03-15,41.25,41.400001525878906,41.04999923706055,41.25,1581978,25.993274688720703
2019-03-18,41.400001525878906,41.75,41.099998474121094,41.70000076293945,1072343,26.276836395263672
2019-03-19,41.349998474121094,41.900001525878906,41.349998474121094,41.79999923706055,678970,26.339847564697266
2019-03-20,41.599998474121094,42.349998474121094,41.599998474121094,42.29999923706055,1275413,26.654918670654297
2019-03-21,42.150001525878906,42.150001525878906,41.650001525878906,41.70000076293945,1101854,26.276836395263672
2019-03-22,41.70000076293945,42.150001525878906,41.400001525878906,41.70000076293945,655418,26.276836395263672
2019-03-25,41.20000076293945,41.95000076293945,40.79999923706055,41.04999923706055,1019128,25.867238998413086
2019-03-26,41.04999923706055,41.650001525878906,40.95000076293945,41.45000076293945,943941,26.119304656982422
2019-03-27,41.099998474121094,41.5,41.099998474121094,41.5,823561,26.150808334350586
2019-03-28,41.04999923706055,42.0,41.04999923706055,41.900001525878906,855000,26.40286636352539
2019-03-29,41.849998474121094,42.70000076293945,41.849998474121094,42.04999923706055,1373453,26.497394561767578
2019-04-01,42.849998474121094,43.0,42.29999923706055,43.0,1579260,27.09602165222168
2019-04-02,42.900001525878906,43.099998474121094,42.70000076293945,43.099998474121094,1088341,27.15903091430664
2019-04-03,43.5,43.5,42.70000076293945,43.0,1417944,27.09602165222168
2019-04-04,42.79999923706055,43.54999923706055,42.5,43.54999923706055,1585101,27.442594528198242
2019-04-08,43.599998474121094,43.599998474121094,43.150001525878906,43.29999923706055,1489570,27.285058975219727
2019-04-09,43.400001525878906,43.70000076293945,43.20000076293945,43.349998474121094,1069599,27.31656837463379
2019-04-10,43.04999923706055,43.5,42.95000076293945,43.150001525878906,1255887,27.1905460357666
2019-04-11,43.29999923706055,43.400001525878906,42.25,42.25,1477949,26.623414993286133
2019-04-12,42.20000076293945,42.70000076293945,42.150001525878906,42.54999923706055,528745,26.812458038330078
2019-04-15,42.900001525878906,43.29999923706055,42.400001525878906,42.45000076293945,588961,26.749446868896484
2019-04-16,42.849998474121094,42.849998474121094,42.099998474121094,42.45000076293945,714386,26.749446868896484
2019-04-17,42.45000076293945,42.45000076293945,41.599998474121094,42.349998474121094,1464962,26.68642807006836
2019-04-18,42.099998474121094,42.349998474121094,42.04999923706055,42.29999923706055,486103,26.654918670654297
2019-04-23,42.04999923706055,42.70000076293945,42.04999923706055,42.20000076293945,1119682,26.591907501220703
2019-04-24,42.70000076293945,43.099998474121094,42.45000076293945,43.0,1411739,27.09602165222168
2019-04-25,42.849998474121094,43.099998474121094,42.75,42.849998474121094,1054299,27.001497268676758
2019-04-26,43.25,43.599998474121094,42.95000076293945,43.400001525878906,1348006,27.348073959350586
2019-04-29,43.650001525878906,44.400001525878906,43.25,44.20000076293945,1652260,27.852190017700195
2019-04-30,44.400001525878906,44.650001525878906,43.650001525878906,43.900001525878906,1666712,27.663143157958984
2019-05-02,43.79999923706055,44.20000076293945,43.54999923706055,43.900001525878906,1803055,27.663143157958984
2019-05-03,44.099998474121094,44.95000076293945,44.0,44.29999923706055,1950845,27.915203094482422
2019-05-06,44.25,44.29999923706055,43.400001525878906,43.650001525878906,1175522,27.50560760498047
2019-05-07,44.0,44.099998474121094,43.599998474121094,43.900001525878906,1260479,27.663143157958984
2019-05-08,43.349998474121094,43.75,43.150001525878906,43.349998474121094,608138,27.31656837463379
2019-05-09,42.900001525878906,43.25,42.400001525878906,43.0,858785,27.09602165222168
2019-05-10,42.849998474121094,43.25,42.29999923706055,42.650001525878906,938887,26.875471115112305
2019-05-14,41.849998474121094,42.54999923706055,41.599998474121094,42.0,1005240,26.465879440307617
2019-05-15,42.400001525878906,42.400001525878906,41.79999923706055,42.0,755968,26.465879440307617
2019-05-16,41.75,43.349998474121094,41.75,42.400001525878906,1041845,26.717937469482422
2019-05-17,42.54999923706055,42.70000076293945,42.099998474121094,42.150001525878906,834829,26.560401916503906
2019-05-20,42.54999923706055,42.70000076293945,42.099998474121094,42.54999923706055,656238,26.812458038330078
2019-05-21,42.25,42.900001525878906,41.95000076293945,42.150001525878906,837380,26.560401916503906
2019-05-22,41.900001525878906,42.20000076293945,41.79999923706055,42.099998474121094,590138,26.528894424438477
2019-05-23,41.70000076293945,41.95000076293945,41.0,41.45000076293945,1070942,26.119304656982422
2019-05-24,41.25,41.79999923706055,41.20000076293945,41.5,987762,26.150808334350586
2019-05-27,41.75,41.75,41.04999923706055,41.349998474121094,641000,26.05628776550293
2019-05-28,41.54999923706055,41.54999923706055,40.79999923706055,40.849998474121094,2436016,25.741214752197266
2019-05-29,40.599998474121094,41.150001525878906,40.54999923706055,40.900001525878906,699104,25.77272605895996
2019-05-30,40.75,41.54999923706055,40.650001525878906,40.849998474121094,903683,25.741214752197266
2019-05-31,40.70000076293945,41.0,39.900001525878906,40.79999923706055,2348556,25.709712982177734
2019-06-03,40.900001525878906,41.04999923706055,40.29999923706055,40.95000076293945,1293206,25.804231643676758
2019-06-04,40.900001525878906,40.900001525878906,40.25,40.5,872110,25.52066993713379
2019-06-05,40.54999923706055,40.54999923706055,40.04999923706055,40.25,907639,25.363136291503906
2019-06-06,40.099998474121094,40.79999923706055,40.099998474121094,40.400001525878906,1348787,25.457656860351562
2019-06-10,40.79999923706055,40.849998474121094,39.599998474121094,40.79999923706055,1253071,25.709712982177734
2019-06-11,40.599998474121094,41.54999923706055,40.70000076293945,40.70000076293945,694032,25.646697998046875
2019-06-12,41.0,41.0,39.349998474121094,39.70000076293945,1164123,25.016555786132812
2019-06-13,39.400001525878906,39.45000076293945,38.599998474121094,39.20000076293945,1308782,24.701488494873047
2019-06-14,39.04999923706055,39.650001525878906,38.900001525878906,39.599998474121094,837156,24.95354461669922
2019-06-17,39.650001525878906,40.25,39.349998474121094,39.900001525878906,1313057,25.142589569091797
2019-06-18,40.0,40.29999923706055,39.70000076293945,40.04999923706055,674000,25.237104415893555
2019-06-19,40.54999923706055,40.70000076293945,40.099998474121094,40.349998474121094,509681,25.426149368286133
2019-06-20,40.599998474121094,40.900001525878906,39.95000076293945,40.29999923706055,1311245,25.39463996887207
2019-06-21,40.20000076293945,40.45000076293945,39.599998474121094,39.849998474121094,2076430,25.1110782623291
2019-06-24,40.0,40.5,39.95000076293945,40.5,828244,25.52066993713379
2019-06-25,40.20000076293945,40.70000076293945,40.150001525878906,40.5,957240,25.52066993713379
2019-06-26,40.650001525878906,41.04999923706055,40.29999923706055,41.0,1146160,25.83574104309082
2019-06-27,40.79999923706055,41.25,40.79999923706055,41.0,954270,25.83574104309082
2019-06-28,40.75,41.0,40.29999923706055,40.349998474121094,1911186,25.426149368286133
2019-07-02,40.599998474121094,40.900001525878906,40.400001525878906,40.75,2029905,25.678205490112305
2019-07-03,40.54999923706055,41.5,40.54999923706055,41.0,850874,25.83574104309082
2019-07-04,41.29999923706055,41.5,41.0,41.099998474121094,468502,25.89875602722168
2019-07-05,41.25,41.5,41.20000076293945,41.29999923706055,448684,26.0247802734375
2019-07-08,40.900001525878906,41.25,40.400001525878906,40.95000076293945,774634,25.804231643676758
2019-07-09,41.400001525878906,41.400001525878906,40.20000076293945,40.5,552200,25.52066993713379
2019-07-10,40.349998474121094,42.5,40.349998474121094,40.650001525878906,1067024,25.61519432067871
2019-07-11,40.75,41.099998474121094,40.599998474121094,40.75,774925,25.678205490112305
2019-07-12,40.95000076293945,41.099998474121094,40.54999923706055,40.79999923706055,548000,25.709712982177734
2019-07-15,40.400001525878906,40.400001525878906,39.900001525878906,40.150001525878906,475883,25.30012321472168
2019-07-16,40.150001525878906,40.45000076293945,39.900001525878906,40.45000076293945,1544773,25.489166259765625
2019-07-17,40.45000076293945,40.900001525878906,40.0,40.900001525878906,980738,25.77272605895996
2019-07-18,40.900001525878906,41.04999923706055,40.54999923706055,41.04999923706055,734012,25.867238998413086
2019-07-19,41.25,41.25,40.70000076293945,40.79999923706055,601923,25.709712982177734
2019-07-22,40.70000076293945,40.70000076293945,39.599998474121094,39.650001525878906,1007861,24.98505401611328
2019-07-23,39.79999923706055,39.95000076293945,39.45000076293945,39.95000076293945,943682,25.17409324645996
2019-07-24,40.0,40.29999923706055,39.5,39.599998474121094,966933,24.95354461669922
2019-07-25,39.54999923706055,39.95000076293945,39.29999923706055,39.599998474121094,1095000,24.95354461669922
2019-07-26,39.349998474121094,39.70000076293945,39.20000076293945,39.25,903082,24.732995986938477
2019-07-29,39.70000076293945,39.70000076293945,38.0,38.45000076293945,1709798,24.228883743286133
2019-07-30,38.900001525878906,38.900001525878906,38.400001525878906,38.5,1404228,24.260391235351562
2019-07-31,38.25,38.599998474121094,37.25,37.45000076293945,1721196,23.598743438720703
2019-08-01,37.45000076293945,37.45000076293945,36.650001525878906,36.79999923706055,2536056,23.189151763916016
2019-08-02,36.150001525878906,36.599998474121094,35.70000076293945,36.400001525878906,2864368,22.93709373474121
2019-08-05,36.900001525878906,36.900001525878906,34.54999923706055,34.70000076293945,2383259,21.86585807800293
2019-08-06,34.54999923706055,34.900001525878906,33.400001525878906,33.79999923706055,2709414,21.298728942871094
2019-08-07,34.0,34.0,33.0,33.349998474121094,4519270,21.015169143676758
2019-08-08,33.75,34.70000076293945,33.400001525878906,34.45000076293945,2002204,21.708322525024414
2019-08-09,35.45000076293945,35.45000076293945,33.70000076293945,34.0,1367915,21.424758911132812
2019-08-12,33.45000076293945,34.29999923706055,33.45000076293945,33.95000076293945,1555649,21.393253326416016
2019-08-13,34.20000076293945,34.20000076293945,32.54999923706055,32.79999923706055,1578661,20.66859245300293
2019-08-14,34.25,34.25,31.600000381469727,32.45000076293945,2547032,20.448040008544922
2019-08-15,32.0,33.849998474121094,31.700000762939453,33.70000076293945,2783174,21.2357177734375
2019-08-16,33.45000076293945,34.79999923706055,33.25,34.45000076293945,2550860,21.708322525024414
2019-08-19,34.849998474121094,35.45000076293945,34.29999923706055,34.54999923706055,1368096,21.771337509155273
2019-08-20,34.150001525878906,34.650001525878906,33.900001525878906,34.20000076293945,1220579,21.55078887939453
2019-08-21,34.099998474121094,34.400001525878906,33.75,33.849998474121094,845198,21.330236434936523
2019-08-22,33.849998474121094,33.95000076293945,33.0,33.5,1576462,21.109691619873047
2019-08-23,33.349998474121094,33.95000076293945,33.0,33.29999923706055,914399,20.983661651611328
2019-08-26,32.79999923706055,32.79999923706055,31.5,32.400001525878906,1089126,20.58342933654785
2019-08-27,32.54999923706055,32.650001525878906,31.75,32.599998474121094,1531956,20.710485458374023
2019-08-28,33.0,33.0,32.349998474121094,32.599998474121094,3276000,20.710485458374023
2019-08-29,32.45000076293945,32.849998474121094,31.899999618530273,32.20000076293945,2056018,20.456369400024414
2019-08-30,32.599998474121094,32.599998474121094,31.5,31.75,1782560,20.17049217224121
2019-09-02,32.0,32.0,30.200000762939453,30.899999618530273,2221703,19.630491256713867
2019-09-03,30.899999618530273,30.899999618530273,30.399999618530273,30.450000762939453,1089084,19.3446102142334
2019-09-04,30.700000762939453,33.25,30.299999237060547,32.54999923706055,6462364,20.678720474243164
2019-09-05,32.54999923706055,32.70000076293945,31.0,31.5,2623893,20.01166534423828
2019-09-06,31.75,32.29999923706055,31.649999618530273,32.099998474121094,1789448,20.392839431762695
2019-09-09,32.0,32.0,31.149999618530273,31.149999618530273,1381647,19.7893123626709
2019-09-10,31.200000762939453,31.25,30.700000762939453,30.75,1329870,19.535200119018555
2019-09-11,31.049999237060547,32.5,30.5,32.150001525878906,3401631,20.424606323242188
2019-09-12,32.349998474121094,32.45000076293945,31.700000762939453,31.899999618530273,1599754,20.26578140258789
2019-09-13,31.5,32.150001525878906,31.450000762939453,32.150001525878906,588358,20.424606323242188
2019-09-16,32.0,32.29999923706055,31.450000762939453,31.5,1029366,20.01166534423828
2019-09-17,31.5,31.600000381469727,30.899999618530273,31.600000381469727,1370523,20.075197219848633
2019-09-18,31.299999237060547,31.299999237060547,30.700000762939453,31.200000762939453,1500263,19.82107925415039
2019-09-19,31.299999237060547,31.399999618530273,30.75,31.200000762939453,1352224,19.82107925415039
2019-09-20,31.5,32.0,31.0,31.25,4167713,19.85284423828125
2019-09-23,31.200000762939453,31.549999237060547,30.649999618530273,31.0,1235456,19.694019317626953
2019-09-24,30.899999618530273,31.149999618530273,30.350000381469727,31.0,2026626,19.694019317626953
2019-09-25,30.600000381469727,31.049999237060547,30.25,30.799999237060547,1523712,19.56696128845215
2019-09-26,31.0,31.399999618530273,30.549999237060547,31.25,1962375,19.85284423828125
2019-09-27,31.0,31.799999237060547,31.0,31.350000381469727,876049,19.91637420654297
2019-09-30,31.5,31.75,31.100000381469727,31.600000381469727,2031381,20.075197219848633
2019-10-02,31.75,31.75,30.899999618530273,31.600000381469727,2590080,20.075197219848633
2019-10-03,31.299999237060547,31.799999237060547,30.399999618530273,30.950000762939453,3841068,19.66225814819336
2019-10-04,30.850000381469727,31.5,30.549999237060547,30.850000381469727,1965819,19.59872817993164
2019-10-08,31.450000762939453,31.450000762939453,29.850000381469727,30.200000762939453,4645423,19.185787200927734
2019-10-09,29.700000762939453,30.149999618530273,29.100000381469727,29.200000762939453,3140136,18.550498962402344
2019-10-10,29.100000381469727,29.149999618530273,28.350000381469727,28.5,3947978,18.105792999267578
2019-10-11,28.75,30.149999618530273,28.649999618530273,29.899999618530273,3797036,18.99519920349121
2019-10-14,30.350000381469727,30.399999618530273,29.600000381469727,29.799999237060547,1664394,18.93166732788086
2019-10-15,29.649999618530273,30.049999237060547,29.350000381469727,29.850000381469727,1224187,18.96343421936035
2019-10-16,30.25,30.25,29.600000381469727,30.0,3258197,19.058732986450195
2019-10-17,30.0,30.549999237060547,29.899999618530273,30.100000381469727,1262804,19.122257232666016
2019-10-18,30.200000762939453,30.25,29.600000381469727,29.799999237060547,1425438,18.93166732788086
2019-10-21,29.950000762939453,30.200000762939453,29.75,30.049999237060547,1117962,19.09049415588379
2019-10-22,30.100000381469727,30.600000381469727,30.0,30.450000762939453,2349005,19.3446102142334
2019-10-23,30.649999618530273,30.649999618530273,29.549999237060547,29.899999618530273,3249831,18.99519920349121
2019-10-24,30.0,30.5,30.0,30.5,2446850,19.37637710571289
2019-10-25,31.0,31.0,30.350000381469727,30.899999618530273,1279764,19.630491256713867
2019-10-28,31.299999237060547,31.299999237060547,30.850000381469727,31.25,1139031,19.85284423828125
2019-10-29,31.5,31.5,30.399999618530273,30.450000762939453,1568929,19.3446102142334
2019-10-30,30.75,31.100000381469727,30.399999618530273,30.549999237060547,1516150,19.40814208984375
2019-10-31,30.549999237060547,31.0,30.5,30.950000762939453,1335134,19.66225814819336
2019-11-01,31.100000381469727,31.200000762939453,30.5,31.100000381469727,1143071,19.757549285888672
2019-11-04,31.100000381469727,31.399999618530273,30.850000381469727,31.299999237060547,1162096,19.884607315063477
2019-11-05,31.600000381469727,31.600000381469727,31.049999237060547,31.399999618530273,1296388,19.94813346862793
2019-11-06,31.5,31.899999618530273,31.149999618530273,31.700000762939453,2693348,20.13872528076172
2019-11-07,31.700000762939453,31.950000762939453,31.549999237060547,31.700000762939453,2640366,20.13872528076172
2019-11-08,31.399999618530273,31.600000381469727,30.899999618530273,31.25,5570465,19.85284423828125
2019-11-11,31.0,31.200000762939453,30.299999237060547,30.600000381469727,3825414,19.439905166625977
2019-11-12,31.5,31.5,30.5,30.850000381469727,2908295,19.59872817993164
2019-11-13,30.700000762939453,30.700000762939453,29.200000762939453,29.700000762939453,3948430,18.868141174316406
2019-11-14,29.75,29.799999237060547,29.200000762939453,29.399999618530273,2429243,18.677553176879883
2019-11-15,30.0,30.0,29.25,29.700000762939453,2141138,18.868141174316406
2019-11-18,30.049999237060547,30.549999237060547,29.700000762939453,30.5,1710161,19.37637710571289
2019-11-19,30.0,31.0,30.0,30.799999237060547,3163493,19.56696128845215
2019-11-20,30.899999618530273,31.0,30.100000381469727,30.850000381469727,2532263,19.59872817993164
2019-11-21,29.700000762939453,29.950000762939453,29.299999237060547,29.649999618530273,3800146,18.836380004882812
2019-11-22,29.399999618530273,29.75,28.799999237060547,28.899999618530273,5679910,18.359909057617188
2019-11-25,29.0,29.950000762939453,28.850000381469727,29.049999237060547,8851569,18.455202102661133
2019-11-26,29.600000381469727,29.75,28.5,29.100000381469727,51089777,18.486968994140625
2019-11-27,29.149999618530273,30.100000381469727,29.100000381469727,30.0,7743274,19.058732986450195
2019-11-28,30.100000381469727,30.100000381469727,29.399999618530273,29.600000381469727,2843173,18.804615020751953
2019-11-29,29.649999618530273,29.75,29.350000381469727,29.5,1988947,18.7410831451416
2019-12-02,29.799999237060547,29.899999618530273,29.200000762939453,29.549999237060547,2677620,18.772850036621094
2019-12-03,29.450000762939453,29.5,28.649999618530273,29.25,3778151,18.582260131835938
2019-12-04,29.149999618530273,29.549999237060547,29.0,29.100000381469727,1956835,18.486968994140625
2019-12-05,29.100000381469727,29.549999237060547,28.899999618530273,29.299999237060547,2106901,18.614025115966797
2019-12-06,29.5,30.200000762939453,29.399999618530273,30.0,2135179,19.058732986450195
2019-12-09,30.049999237060547,30.100000381469727,29.700000762939453,29.850000381469727,3477785,18.96343421936035
2019-12-10,29.850000381469727,30.100000381469727,29.5,29.950000762939453,1832466,19.026966094970703
2019-12-11,29.75,30.350000381469727,29.649999618530273,30.200000762939453,2129908,19.185787200927734
2019-12-12,30.25,31.0,30.0,30.299999237060547,2517616,19.24931526184082
2019-12-13,30.649999618530273,31.049999237060547,30.350000381469727,30.899999618530273,1789842,19.630491256713867
2019-12-16,31.0,31.0,30.549999237060547,30.700000762939453,1235595,19.503433227539062
2019-12-17,30.600000381469727,30.700000762939453,30.149999618530273,30.549999237060547,927677,19.40814208984375
2019-12-18,30.399999618530273,30.75,29.850000381469727,29.850000381469727,3007394,18.96343421936035
2019-12-19,30.149999618530273,30.200000762939453,29.5,29.649999618530273,1631181,18.836380004882812
2019-12-20,29.850000381469727,30.649999618530273,29.850000381469727,30.549999237060547,2223492,19.40814208984375
2019-12-23,30.799999237060547,30.799999237060547,30.0,30.399999618530273,1119200,19.312847137451172
2019-12-24,30.549999237060547,30.700000762939453,30.399999618530273,30.549999237060547,468469,19.40814208984375
2019-12-27,30.799999237060547,30.799999237060547,30.100000381469727,30.299999237060547,686127,19.24931526184082
2019-12-30,30.700000762939453,31.049999237060547,30.350000381469727,30.899999618530273,1587630,19.630491256713867
2019-12-31,30.549999237060547,30.700000762939453,30.25,30.549999237060547,1041135,19.40814208984375
2020-01-02,30.549999237060547,31.0,30.450000762939453,30.700000762939453,710816,19.503433227539062
2020-01-03,30.899999618530273,31.200000762939453,30.700000762939453,31.0,2332729,19.694019317626953
2020-01-06,30.950000762939453,31.350000381469727,30.700000762939453,30.899999618530273,1595362,19.630491256713867
2020-01-07,31.100000381469727,31.200000762939453,30.75,30.899999618530273,1393589,19.630491256713867
2020-01-08,30.5,31.0,30.350000381469727,30.799999237060547,1490908,19.56696128845215
2020-01-09,30.799999237060547,30.799999237060547,29.5,29.700000762939453,5844797,18.868141174316406
2020-01-10,29.75,30.0,29.600000381469727,29.850000381469727,2816365,18.96343421936035
2020-01-13,29.850000381469727,30.350000381469727,29.700000762939453,30.149999618530273,1370304,19.154024124145508
2020-01-14,30.149999618530273,30.299999237060547,30.0,30.200000762939453,2097373,19.185787200927734
2020-01-15,30.299999237060547,30.850000381469727,30.149999618530273,30.850000381469727,2518014,19.59872817993164
2020-01-16,30.950000762939453,31.549999237060547,30.950000762939453,31.5,2593686,20.01166534423828
2020-01-17,31.700000762939453,31.799999237060547,31.149999618530273,31.600000381469727,1620950,20.075197219848633
2020-01-20,31.649999618530273,32.099998474121094,31.5,31.850000381469727,1992182,20.234018325805664
2020-01-21,31.75,31.75,30.149999618530273,30.299999237060547,2680459,19.24931526184082
2020-01-22,30.200000762939453,30.299999237060547,29.850000381469727,30.100000381469727,1852727,19.122257232666016
2020-01-23,30.049999237060547,30.200000762939453,29.850000381469727,30.149999618530273,1994798,19.154024124145508
2020-01-24,29.899999618530273,30.25,29.850000381469727,30.200000762939453,705000,19.185787200927734
2020-01-29,29.5,29.75,28.850000381469727,29.700000762939453,3092166,18.868141174316406
2020-01-30,29.399999618530273,29.899999618530273,29.200000762939453,29.649999618530273,5596568,18.836380004882812
2020-01-31,29.600000381469727,30.450000762939453,29.299999237060547,29.299999237060547,7288306,18.614025115966797
2020-02-03,29.0,29.899999618530273,28.850000381469727,29.100000381469727,3500925,18.486968994140625
2020-02-04,29.399999618530273,29.950000762939453,29.100000381469727,29.149999618530273,1956927,18.51873207092285
2020-02-05,29.450000762939453,29.5,29.049999237060547,29.25,1991189,18.582260131835938
2020-02-06,29.450000762939453,30.350000381469727,29.450000762939453,30.200000762939453,1336216,19.185787200927734
2020-02-07,29.899999618530273,30.600000381469727,29.899999618530273,30.549999237060547,2508449,19.40814208984375
2020-02-10,30.200000762939453,30.5,29.399999618530273,29.700000762939453,2833700,18.868141174316406
2020-02-11,29.5,30.0,29.450000762939453,29.649999618530273,2601416,18.836380004882812
2020-02-12,29.899999618530273,30.200000762939453,29.549999237060547,29.799999237060547,1360690,18.93166732788086
2020-02-13,29.700000762939453,30.0,29.549999237060547,29.75,1170087,18.899906158447266
2020-02-14,29.600000381469727,30.049999237060547,29.600000381469727,29.950000762939453,2478427,19.026966094970703
2020-02-17,29.799999237060547,30.399999618530273,29.799999237060547,29.950000762939453,315898,19.026966094970703
2020-02-18,29.950000762939453,30.049999237060547,29.399999618530273,29.600000381469727,1242041,18.804615020751953
2020-02-19,29.5,29.799999237060547,29.350000381469727,29.600000381469727,946628,18.804615020751953
2020-02-20,29.549999237060547,29.600000381469727,28.899999618530273,29.549999237060547,2432208,18.772850036621094
2020-02-21,29.299999237060547,29.600000381469727,29.200000762939453,29.25,1937957,18.582260131835938
2020-02-24,29.149999618530273,29.200000762939453,28.399999618530273,28.399999618530273,2142688,18.042264938354492
2020-02-25,28.350000381469727,28.649999618530273,28.149999618530273,28.350000381469727,1906570,18.010499954223633
2020-02-26,28.350000381469727,28.75,28.100000381469727,28.549999237060547,1545550,18.137556076049805
2020-02-27,28.5,28.75,28.5,28.549999237060547,1181321,18.137556076049805
2020-02-28,28.049999237060547,28.299999237060547,28.0,28.100000381469727,2859686,17.851680755615234
2020-03-02,27.899999618530273,28.299999237060547,27.799999237060547,28.200000762939453,2209762,17.915206909179688
2020-03-03,28.299999237060547,28.649999618530273,28.25,28.5,1994954,18.105792999267578
2020-03-04,27.5,27.5,26.899999618530273,27.100000381469727,1936381,17.953420639038086
2020-03-05,27.299999237060547,27.75,27.149999618530273,27.649999618530273,2215242,18.31778907775879
2020-03-06,27.549999237060547,27.549999237060547,27.0,27.0,1046144,17.88717269897461
2020-03-09,27.0,27.0,24.899999618530273,25.25,4324438,16.72781753540039
2020-03-10,25.5,25.899999618530273,25.049999237060547,25.799999237060547,2493938,17.092187881469727
2020-03-11,25.950000762939453,26.549999237060547,25.799999237060547,26.299999237060547,2288388,17.423429489135742
2020-03-12,26.200000762939453,26.200000762939453,25.299999237060547,25.299999237060547,1275852,16.760942459106445
2020-03-13,25.200000762939453,25.200000762939453,24.049999237060547,24.899999618530273,3461253,16.495946884155273
2020-03-16,24.299999237060547,24.799999237060547,23.899999618530273,23.950000762939453,2583850,15.866585731506348
2020-03-17,24.0,24.0,24.0,24.0,0,15.89970874786377
2020-03-18,24.299999237060547,25.200000762939453,23.25,23.399999618530273,3154688,15.502217292785645
2020-03-19,23.100000381469727,23.450000762939453,21.25,22.25,3666882,14.740354537963867
2020-03-20,22.299999237060547,23.25,22.200000762939453,23.25,2786390,15.402843475341797
2020-03-23,22.0,22.100000381469727,21.450000762939453,21.649999618530273,1842226,14.342862129211426
2020-03-24,22.399999618530273,22.799999237060547,21.899999618530273,22.700000762939453,2723055,15.038475036621094
2020-03-25,22.799999237060547,23.75,22.799999237060547,23.649999618530273,2826513,15.667840957641602
2020-03-26,23.600000381469727,24.450000762939453,23.5,23.950000762939453,1725524,15.866585731506348
2020-03-27,24.399999618530273,24.600000381469727,23.600000381469727,24.200000762939453,1085069,16.032207489013672
2020-03-30,23.549999237060547,24.200000762939453,23.350000381469727,23.850000381469727,911965,15.800335884094238
2020-03-31,24.200000762939453,25.25,24.200000762939453,25.200000762939453,2848851,16.6946964263916
2020-04-01,24.600000381469727,25.149999618530273,24.399999618530273,24.899999618530273,1989918,16.495946884155273
2020-04-02,24.649999618530273,24.700000762939453,24.200000762939453,24.700000762939453,1196685,16.36345100402832
2020-04-03,24.700000762939453,25.149999618530273,24.600000381469727,25.0,1115508,16.562198638916016
2020-04-06,25.0,26.299999237060547,25.0,25.950000762939453,1237938,17.19156265258789
2020-04-07,26.450000762939453,26.850000381469727,25.850000381469727,26.149999618530273,2067319,17.324060440063477
2020-04-08,26.149999618530273,26.350000381469727,25.549999237060547,25.850000381469727,1189194,17.12531089782715
2020-04-09,26.25,26.549999237060547,25.899999618530273,26.350000381469727,1409702,17.45655632019043
2020-04-14,26.549999237060547,26.75,26.100000381469727,26.25,1551795,17.39030647277832
2020-04-15,26.5,26.5,25.399999618530273,25.600000381469727,1878608,16.959688186645508
2020-04-16,25.25,25.399999618530273,24.649999618530273,25.200000762939453,2101079,16.6946964263916
2020-04-17,26.399999618530273,26.399999618530273,25.549999237060547,25.850000381469727,1364453,17.12531089782715
2020-04-20,26.200000762939453,26.75,25.100000381469727,25.850000381469727,2802549,17.12531089782715
2020-04-21,26.100000381469727,26.100000381469727,25.350000381469727,25.450000762939453,1546255,16.860313415527344
2020-04-22,25.299999237060547,25.75,25.299999237060547,25.75,1194397,17.05906105041504
2020-04-23,25.899999618530273,26.200000762939453,25.549999237060547,25.700000762939453,2059601,17.025938034057617
2020-04-24,25.600000381469727,25.600000381469727,24.600000381469727,25.0,1571849,16.562198638916016
2020-04-27,25.0,25.799999237060547,24.649999618530273,25.75,1184791,17.05906105041504
2020-04-28,25.649999618530273,25.899999618530273,25.200000762939453,25.600000381469727,844892,16.959688186645508
2020-04-29,25.600000381469727,26.0,25.5,25.799999237060547,1977200,17.092187881469727
2020-05-04,25.0,25.100000381469727,24.549999237060547,24.75,2286554,16.396575927734375
2020-05-05,24.75,25.0,24.149999618530273,24.5,2153647,16.230953216552734
2020-05-06,24.600000381469727,25.100000381469727,24.350000381469727,24.700000762939453,1198913,16.36345100402832
2020-05-07,24.549999237060547,24.899999618530273,24.350000381469727,24.549999237060547,1432783,16.26407814025879
2020-05-08,24.450000762939453,24.75,24.399999618530273,24.600000381469727,1368606,16.29720115661621
2020-05-11,24.950000762939453,25.350000381469727,24.850000381469727,25.0,938580,16.562198638916016
2020-05-12,24.899999618530273,24.899999618530273,24.200000762939453,24.350000381469727,1538186,16.131580352783203
2020-05-13,24.25,24.25,23.600000381469727,23.850000381469727,1707865,15.800335884094238
2020-05-14,23.75,23.75,23.350000381469727,23.5,1253268,15.568467140197754
2020-05-15,23.600000381469727,23.600000381469727,22.950000762939453,23.100000381469727,1349052,15.303472518920898
2020-05-18,23.0,23.450000762939453,22.950000762939453,23.450000762939453,1311000,15.535344123840332
2020-05-19,23.600000381469727,23.950000762939453,23.549999237060547,23.899999618530273,1336516,15.833457946777344
2020-05-20,23.799999237060547,23.899999618530273,23.450000762939453,23.799999237060547,1485888,15.7672119140625
2020-05-21,23.850000381469727,23.950000762939453,23.5,23.850000381469727,1234783,15.800335884094238
2020-05-22,23.450000762939453,23.450000762939453,21.399999618530273,21.5,5184030,14.243488311767578
2020-05-25,21.399999618530273,21.399999618530273,20.0,21.149999618530273,2535559,14.011616706848145
2020-05-26,20.950000762939453,22.149999618530273,20.5,21.799999237060547,3003740,14.442235946655273
2020-05-27,21.649999618530273,21.850000381469727,21.200000762939453,21.299999237060547,2459040,14.110992431640625
2020-05-28,21.549999237060547,21.950000762939453,20.700000762939453,20.950000762939453,2444421,13.879120826721191
2020-05-29,20.899999618530273,21.299999237060547,20.649999618530273,21.0,2848994,13.912246704101562
2020-06-01,21.0,22.100000381469727,21.0,22.0,3636586,14.57473373413086
2020-06-02,21.700000762939453,23.200000762939453,21.700000762939453,23.200000762939453,2863970,15.36971664428711
2020-06-03,23.5,24.0,23.299999237060547,23.850000381469727,2942794,15.800335884094238
2020-06-04,24.149999618530273,25.0,24.100000381469727,24.600000381469727,4008257,16.29720115661621
2020-06-05,24.899999618530273,25.549999237060547,24.350000381469727,25.399999618530273,3154456,16.827192306518555
2020-06-08,25.5,26.0,25.0,25.399999618530273,2471214,16.827192306518555
2020-06-09,25.450000762939453,26.0,25.350000381469727,25.899999618530273,1974484,17.158437728881836
2020-06-10,26.0,26.0,24.850000381469727,24.950000762939453,2679500,16.529071807861328
2020-06-11,25.049999237060547,25.200000762939453,24.450000762939453,24.549999237060547,2050240,16.26407814025879
2020-06-12,24.100000381469727,24.75,23.600000381469727,24.649999618530273,2089242,16.330324172973633
2020-06-15,24.5,25.049999237060547,23.950000762939453,24.049999237060547,2403712,15.932831764221191
2020-06-16,24.5,25.0,24.350000381469727,24.549999237060547,1364963,16.26407814025879
2020-06-17,24.700000762939453,25.149999618530273,24.25,25.100000381469727,1765604,16.62844467163086
2020-06-18,24.850000381469727,25.200000762939453,24.5,25.049999237060547,1374572,16.595317840576172
2020-06-19,24.700000762939453,25.649999618530273,24.350000381469727,25.25,15302467,16.72781753540039
2020-06-22,25.200000762939453,25.200000762939453,24.700000762939453,24.950000762939453,1389304,16.529071807861328
2020-06-23,25.0,25.25,24.700000762939453,25.25,893189,16.72781753540039
2020-06-24,25.299999237060547,25.350000381469727,24.799999237060547,24.850000381469727,1224394,16.462827682495117
2020-06-26,25.0,25.350000381469727,24.649999618530273,25.049999237060547,1716333,16.595317840576172
2020-06-29,24.600000381469727,25.0,24.299999237060547,24.399999618530273,2125328,16.164705276489258
2020-06-30,24.899999618530273,25.149999618530273,24.25,24.850000381469727,1839377,16.462827682495117
2020-07-02,24.600000381469727,25.75,24.549999237060547,25.0,2609349,16.562198638916016
2020-07-03,25.299999237060547,25.5,24.850000381469727,25.100000381469727,1793478,16.62844467163086
2020-07-06,24.850000381469727,25.75,24.850000381469727,25.549999237060547,1722288,16.926565170288086
2020-07-07,25.899999618530273,25.899999618530273,24.600000381469727,24.649999618530273,1957772,16.330324172973633
2020-07-08,24.75,24.75,24.0,24.450000762939453,1730178,16.197830200195312
2020-07-09,24.25,24.899999618530273,23.75,23.899999618530273,2789909,15.833457946777344
2020-07-10,24.25,24.950000762939453,23.299999237060547,23.75,2634836,15.734086990356445
2020-07-13,23.5,23.950000762939453,23.299999237060547,23.399999618530273,1886300,15.502217292785645
2020-07-14,23.5,23.5,22.299999237060547,22.899999618530273,3852000,15.17096996307373
2020-07-15,23.049999237060547,23.399999618530273,22.25,22.399999618530273,2550018,14.839725494384766
2020-07-16,22.149999618530273,22.600000381469727,22.0,22.049999237060547,2590830,14.607858657836914
2020-07-17,22.049999237060547,22.549999237060547,21.5,22.549999237060547,5243807,14.939102172851562
2020-07-20,22.25,22.299999237060547,21.5,21.5,3798199,14.243488311767578
2020-07-21,21.5,21.799999237060547,21.25,21.600000381469727,2849456,14.309738159179688
2020-07-22,21.399999618530273,22.0,21.399999618530273,21.450000762939453,1818367,14.210363388061523
2020-07-23,21.950000762939453,21.950000762939453,21.049999237060547,21.149999618530273,1604922,14.011616706848145
2020-07-24,21.0,21.299999237060547,20.899999618530273,21.049999237060547,1397762,13.9453706741333
2020-07-27,20.899999618530273,21.399999618530273,20.75,21.299999237060547,2215625,14.110992431640625
2020-07-28,21.25,21.25,20.649999618530273,20.700000762939453,1859569,13.7135009765625
2020-07-29,20.649999618530273,20.950000762939453,20.549999237060547,20.850000381469727,2083662,13.812871932983398
2020-07-30,21.149999618530273,21.399999618530273,20.75,20.899999618530273,2568482,13.84599494934082
2020-07-31,20.950000762939453,21.399999618530273,20.950000762939453,21.399999618530273,3830617,14.177240371704102
2020-08-03,21.649999618530273,22.700000762939453,21.649999618530273,22.200000762939453,7039335,14.707230567932129
2020-08-04,22.75,22.850000381469727,22.450000762939453,22.700000762939453,1968468,15.038475036621094
2020-08-05,22.5,22.649999618530273,22.149999618530273,22.5,4790534,14.905976295471191
2020-08-06,22.649999618530273,22.649999618530273,22.049999237060547,22.5,6081296,14.905976295471191
2020-08-07,22.5,22.600000381469727,22.149999618530273,22.5,2344644,14.905976295471191
2020-08-10,22.549999237060547,23.25,22.450000762939453,22.950000762939453,2121148,15.204096794128418
2020-08-11,23.350000381469727,24.200000762939453,23.299999237060547,24.049999237060547,6050924,15.932831764221191
2020-08-12,24.049999237060547,24.649999618530273,23.700000762939453,24.649999618530273,2297813,16.330324172973633
2020-08-13,24.600000381469727,24.700000762939453,24.299999237060547,24.600000381469727,1836209,16.29720115661621
2020-08-14,24.799999237060547,24.799999237060547,23.950000762939453,24.149999618530273,1270062,15.999079704284668
2020-08-17,24.5,24.700000762939453,23.950000762939453,24.600000381469727,1136669,16.29720115661621
2020-08-18,24.600000381469727,24.700000762939453,24.399999618530273,24.549999237060547,807930,16.26407814025879
2020-08-19,24.549999237060547,24.75,24.350000381469727,24.649999618530273,1196565,16.330324172973633
2020-08-20,24.700000762939453,24.799999237060547,24.200000762939453,24.600000381469727,1639570,16.29720115661621
2020-08-21,24.049999237060547,24.700000762939453,24.049999237060547,24.649999618530273,1446962,16.51154899597168
2020-08-24,24.649999618530273,25.200000762939453,24.5,24.950000762939453,1612378,16.712501525878906
2020-08-25,25.049999237060547,25.049999237060547,24.600000381469727,25.049999237060547,980315,16.779483795166016
2020-08-26,25.299999237060547,25.700000762939453,24.850000381469727,25.200000762939453,1852982,16.879962921142578
2020-08-27,25.5,25.5,24.600000381469727,24.799999237060547,718869,16.612028121948242
2020-08-28,24.950000762939453,25.350000381469727,24.850000381469727,24.899999618530273,608269,16.67900848388672
2020-08-31,24.75,25.450000762939453,24.450000762939453,24.5,1799604,16.411073684692383
2020-09-01,24.299999237060547,24.649999618530273,23.899999618530273,24.0,1778610,16.076152801513672
2020-09-02,24.299999237060547,24.450000762939453,23.75,24.25,1530977,16.243614196777344
2020-09-03,24.5,24.700000762939453,24.25,24.5,806786,16.411073684692383
2020-09-04,24.0,24.549999237060547,24.0,24.5,999696,16.411073684692383
2020-09-07,24.700000762939453,24.950000762939453,24.649999618530273,24.899999618530273,929101,16.67900848388672
2020-09-08,24.850000381469727,24.850000381469727,24.200000762939453,24.600000381469727,475041,16.478059768676758
2020-09-09,24.350000381469727,24.549999237060547,24.049999237060547,24.399999618530273,1357234,16.34408950805664
2020-09-10,24.399999618530273,24.850000381469727,24.100000381469727,24.350000381469727,1441355,16.310596466064453
2020-09-11,24.25,24.299999237060547,23.950000762939453,24.100000381469727,562740,16.143136978149414
2020-09-14,24.149999618530273,24.600000381469727,24.149999618530273,24.200000762939453,555945,16.21012306213379
2020-09-15,24.399999618530273,24.799999237060547,23.649999618530273,24.450000762939453,1205323,16.37758445739746
2020-09-16,24.549999237060547,24.75,24.25,24.600000381469727,1030390,16.478059768676758
2020-09-17,24.700000762939453,24.700000762939453,24.100000381469727,24.25,698682,16.243614196777344
2020-09-18,24.049999237060547,24.200000762939453,23.649999618530273,23.649999618530273,2508894,15.84171199798584
2020-09-21,23.799999237060547,24.049999237060547,23.299999237060547,23.299999237060547,992270,15.60726261138916
2020-09-22,23.5,23.5,22.950000762939453,23.149999618530273,909325,15.506791114807129
2020-09-23,23.450000762939453,23.549999237060547,22.700000762939453,22.700000762939453,1168080,15.205362319946289
2020-09-24,22.850000381469727,23.25,22.75,23.0,1202212,15.406311988830566
2020-09-25,23.350000381469727,23.350000381469727,22.700000762939453,23.200000762939453,975000,15.540281295776367
2020-09-28,23.450000762939453,23.450000762939453,22.850000381469727,23.149999618530273,523084,15.506791114807129
2020-09-29,23.399999618530273,23.399999618530273,22.850000381469727,23.100000381469727,673188,15.473301887512207
2020-09-30,23.299999237060547,23.299999237060547,22.850000381469727,23.149999618530273,1876358,15.506791114807129
2020-10-05,23.899999618530273,24.200000762939453,23.25,24.0,2034932,16.076152801513672
2020-10-06,24.149999618530273,24.25,23.600000381469727,24.100000381469727,800042,16.143136978149414
2020-10-07,24.299999237060547,24.75,24.0,24.649999618530273,2178211,16.51154899597168
2020-10-08,24.799999237060547,24.799999237060547,23.950000762939453,24.5,1211888,16.411073684692383
2020-10-09,24.549999237060547,24.799999237060547,24.450000762939453,24.649999618530273,1279865,16.51154899597168
2020-10-12,24.600000381469727,24.899999618530273,24.200000762939453,24.899999618530273,2147722,16.67900848388672
2020-10-14,24.950000762939453,25.299999237060547,24.600000381469727,25.049999237060547,2271244,16.779483795166016
2020-10-15,25.0,25.299999237060547,24.399999618530273,25.0,3068000,16.745994567871094
2020-10-16,24.950000762939453,25.399999618530273,24.950000762939453,25.399999618530273,1760612,17.01392936706543
2020-10-19,25.0,25.399999618530273,25.0,25.299999237060547,800995,16.946945190429688
2020-10-20,25.100000381469727,25.299999237060547,24.700000762939453,25.049999237060547,1336992,16.779483795166016
2020-10-21,25.25,25.399999618530273,24.950000762939453,25.299999237060547,880960,16.946945190429688
2020-10-22,25.0,25.200000762939453,24.700000762939453,25.0,862648,16.745994567871094
2020-10-23,24.600000381469727,25.200000762939453,24.600000381469727,25.0,689456,16.745994567871094
2020-10-27,25.0,25.0,24.450000762939453,24.850000381469727,755131,16.64552116394043
2020-10-28,24.5,25.25,24.5,25.149999618530273,1117994,16.846471786499023
2020-10-29,24.700000762939453,25.5,24.399999618530273,25.049999237060547,5908842,16.779483795166016
2020-10-30,24.700000762939453,25.0,24.600000381469727,24.649999618530273,728298,16.51154899597168
2020-11-02,24.950000762939453,25.0,24.649999618530273,24.649999618530273,640915,16.51154899597168
2020-11-03,24.75,25.049999237060547,24.700000762939453,24.899999618530273,413000,16.67900848388672
2020-11-04,24.899999618530273,26.049999237060547,24.899999618530273,25.649999618530273,2293026,17.181386947631836
2020-11-05,26.0,26.25,25.200000762939453,26.25,1852427,17.58329200744629
2020-11-06,26.100000381469727,26.299999237060547,26.049999237060547,26.25,862543,17.58329200744629
2020-11-09,26.350000381469727,26.450000762939453,25.899999618530273,26.25,830585,17.58329200744629
2020-11-10,27.600000381469727,27.950000762939453,26.649999618530273,27.850000381469727,3655520,18.655040740966797
2020-11-11,28.049999237060547,28.600000381469727,27.700000762939453,28.549999237060547,1845225,19.123926162719727
2020-11-12,28.549999237060547,28.649999618530273,28.100000381469727,28.549999237060547,1543079,19.123926162719727
2020-11-13,27.799999237060547,28.899999618530273,27.649999618530273,28.700000762939453,1875839,19.22439956665039
2020-11-16,28.5,29.100000381469727,28.200000762939453,28.700000762939453,1440545,19.22439956665039
2020-11-17,28.850000381469727,29.100000381469727,28.850000381469727,29.0,2153433,19.42535400390625
2020-11-18,28.5,28.950000762939453,28.5,28.799999237060547,1361437,19.2913875579834
2020-11-19,29.049999237060547,29.049999237060547,28.299999237060547,28.5,1389731,19.090435028076172
2020-11-20,28.649999618530273,28.899999618530273,28.299999237060547,28.649999618530273,1251609,19.190908432006836
2020-11-23,28.600000381469727,28.700000762939453,28.0,28.600000381469727,830887,19.15741729736328
2020-11-24,28.200000762939453,30.049999237060547,28.200000762939453,29.5,3195229,19.760272979736328
2020-11-25,29.75,30.399999618530273,29.75,30.149999618530273,2565555,20.195669174194336
2020-11-26,30.299999237060547,30.399999618530273,29.600000381469727,29.75,860005,19.927732467651367
2020-11-27,29.5,30.100000381469727,29.5,30.100000381469727,789512,20.16217613220215
2020-11-30,29.850000381469727,31.149999618530273,29.799999237060547,31.149999618530273,3601351,20.865509033203125
2020-12-01,31.100000381469727,31.100000381469727,30.049999237060547,30.350000381469727,1502510,20.329639434814453
2020-12-02,30.350000381469727,30.700000762939453,30.200000762939453,30.649999618530273,675154,20.530590057373047
2020-12-03,30.799999237060547,30.799999237060547,29.75,30.100000381469727,1425175,20.16217613220215
2020-12-04,29.700000762939453,30.299999237060547,29.700000762939453,29.700000762939453,589416,19.894243240356445
2020-12-07,29.649999618530273,30.0,29.5,29.649999618530273,852508,19.860748291015625
2020-12-08,29.799999237060547,29.850000381469727,29.5,29.700000762939453,889000,19.894243240356445
2020-12-09,29.799999237060547,30.799999237060547,29.549999237060547,30.25,781378,20.26265525817871
2020-12-10,30.450000762939453,30.649999618530273,29.799999237060547,30.0,914692,20.09519386291504
2020-12-11,30.0,30.299999237060547,29.899999618530273,29.899999618530273,2237548,20.028207778930664
2020-12-14,29.899999618530273,30.100000381469727,29.600000381469727,29.700000762939453,1549406,19.894243240356445
2020-12-15,29.700000762939453,29.700000762939453,28.950000762939453,29.049999237060547,3555300,19.458845138549805
2020-12-16,28.799999237060547,29.399999618530273,28.799999237060547,29.049999237060547,797507,19.458845138549805
2020-12-17,29.049999237060547,29.399999618530273,28.549999237060547,28.600000381469727,1152586,19.15741729736328
2020-12-18,28.700000762939453,28.899999618530273,28.399999618530273,28.700000762939453,1445701,19.22439956665039
2020-12-21,28.799999237060547,28.850000381469727,28.200000762939453,28.649999618530273,1010501,19.190908432006836
2020-12-22,28.200000762939453,28.549999237060547,28.049999237060547,28.450000762939453,613923,19.056941986083984
2020-12-23,28.200000762939453,28.75,28.049999237060547,28.299999237060547,590993,18.956464767456055
2020-12-24,28.5,28.5,28.5,28.5,0,19.090435028076172
2020-12-28,28.549999237060547,28.649999618530273,28.149999618530273,28.5,273044,19.090435028076172
2020-12-29,28.700000762939453,28.700000762939453,28.100000381469727,28.350000381469727,353000,18.98995590209961
2020-12-30,28.149999618530273,28.700000762939453,28.149999618530273,28.700000762939453,450409,19.22439956665039
2020-12-31,28.399999618530273,28.399999618530273,28.399999618530273,28.399999618530273,0,19.023448944091797
2021-01-04,28.450000762939453,28.600000381469727,28.149999618530273,28.600000381469727,663993,19.15741729736328
2021-01-05,28.700000762939453,29.700000762939453,28.549999237060547,29.700000762939453,1314077,19.894243240356445
2021-01-06,29.850000381469727,29.850000381469727,29.100000381469727,29.700000762939453,923937,19.894243240356445
2021-01-07,29.25,29.5,28.75,28.799999237060547,940000,19.2913875579834
2021-01-08,28.799999237060547,28.799999237060547,27.850000381469727,28.5,802147,19.090435028076172
2021-01-11,28.700000762939453,29.299999237060547,28.649999618530273,29.200000762939453,692277,19.559324264526367
2021-01-12,29.200000762939453,29.399999618530273,29.0,29.149999618530273,375828,19.525829315185547
2021-01-13,29.350000381469727,29.899999618530273,29.200000762939453,29.799999237060547,1159555,19.961223602294922
2021-01-14,29.75,29.75,28.850000381469727,29.450000762939453,1061005,19.72677993774414
2021-01-15,29.450000762939453,29.700000762939453,29.25,29.549999237060547,1426038,19.793766021728516
2021-01-18,29.549999237060547,29.850000381469727,29.049999237060547,29.200000762939453,769415,19.559324264526367
2021-01-19,29.200000762939453,29.649999618530273,29.100000381469727,29.5,717345,19.760272979736328
2021-01-20,29.75,29.75,29.0,29.700000762939453,1131338,19.894243240356445
2021-01-21,29.75,30.399999618530273,29.549999237060547,29.850000381469727,2805236,19.99471664428711
2021-01-22,29.899999618530273,30.0,28.799999237060547,28.850000381469727,1488918,19.32487678527832
2021-01-25,28.850000381469727,28.850000381469727,27.950000762939453,28.0,4269782,18.755512237548828
2021-01-26,28.149999618530273,30.0,28.149999618530273,29.149999618530273,4447724,19.525829315185547
2021-01-27,29.600000381469727,29.600000381469727,29.0,29.25,5388631,19.592811584472656
2021-01-28,29.25,29.25,28.450000762939453,28.850000381469727,2142670,19.32487678527832
2021-01-29,28.799999237060547,28.899999618530273,28.049999237060547,28.25,4007000,18.922975540161133
2021-02-01,28.799999237060547,28.950000762939453,28.350000381469727,28.75,1334543,19.257892608642578
2021-02-02,28.899999618530273,29.299999237060547,28.649999618530273,28.850000381469727,1427706,19.32487678527832
2021-02-03,29.049999237060547,29.049999237060547,28.299999237060547,28.350000381469727,1152000,18.98995590209961
2021-02-04,28.600000381469727,28.600000381469727,28.049999237060547,28.350000381469727,2017089,18.98995590209961
2021-02-05,28.0,28.600000381469727,28.0,28.25,2165227,18.922975540161133
2021-02-08,28.25,28.75,28.200000762939453,28.600000381469727,1938805,19.15741729736328
2021-02-09,28.700000762939453,28.700000762939453,28.25,28.450000762939453,2193928,19.056941986083984
2021-02-10,28.700000762939453,28.75,28.450000762939453,28.600000381469727,1052182,19.15741729736328
2021-02-11,28.850000381469727,28.850000381469727,28.850000381469727,28.850000381469727,0,19.32487678527832
2021-02-16,29.200000762939453,29.649999618530273,28.850000381469727,29.5,5949785,19.760272979736328
2021-02-17,29.299999237060547,29.950000762939453,29.299999237060547,29.899999618530273,3286605,20.028207778930664
2021-02-18,30.0,30.399999618530273,29.649999618530273,30.350000381469727,6829471,20.329639434814453
2021-02-19,30.299999237060547,30.799999237060547,30.25,30.75,1518000,20.597572326660156
2021-02-22,31.0,31.899999618530273,30.850000381469727,31.25,3064060,20.932493209838867
2021-02-23,31.299999237060547,33.0,31.0,32.95000076293945,2344511,22.07122230529785
2021-02-24,33.04999923706055,33.650001525878906,32.29999923706055,32.70000076293945,4222505,21.903759002685547
2021-02-25,32.79999923706055,33.70000076293945,32.70000076293945,33.25,2091733,22.272172927856445
2021-02-26,33.150001525878906,33.5,32.0,33.04999923706055,3083261,22.138202667236328
2021-03-01,32.900001525878906,33.79999923706055,32.150001525878906,32.349998474121094,1949642,21.669313430786133
2021-03-02,32.099998474121094,32.79999923706055,32.0,32.099998474121094,1641053,21.501855850219727
2021-03-03,32.04999923706055,32.54999923706055,31.700000762939453,32.349998474121094,1198091,21.669313430786133
2021-03-04,31.75,32.79999923706055,31.75,32.25,1474559,21.602331161499023
2021-03-05,32.04999923706055,32.599998474121094,31.350000381469727,32.45000076293945,1854712,21.736299514770508
2021-03-08,32.099998474121094,33.5,32.099998474121094,33.099998474121094,2429500,22.17169952392578
2021-03-09,32.599998474121094,33.79999923706055,32.599998474121094,33.79999923706055,2925967,22.640583038330078
2021-03-10,32.5,32.79999923706055,32.0,32.599998474121094,3385944,22.619766235351562
2021-03-11,32.400001525878906,33.04999923706055,32.0,32.04999923706055,1939118,22.238143920898438
2021-03-12,32.20000076293945,32.25,31.049999237060547,31.299999237060547,1683771,21.717750549316406
2021-03-15,31.399999618530273,31.600000381469727,31.049999237060547,31.25,1218078,21.683059692382812
2021-03-16,31.549999237060547,31.549999237060547,30.600000381469727,30.899999618530273,1126028,21.44021224975586
2021-03-17,31.0,31.0,30.5,30.75,789575,21.336132049560547
2021-03-18,30.75,30.950000762939453,30.049999237060547,30.5,1533335,21.16266632080078
2021-03-19,30.299999237060547,30.399999618530273,29.600000381469727,29.649999618530273,5091195,20.572885513305664
2021-03-22,29.75,30.700000762939453,29.649999618530273,30.299999237060547,1409972,21.023895263671875
2021-03-23,30.299999237060547,30.600000381469727,29.850000381469727,30.5,924420,21.16266632080078
2021-03-24,30.700000762939453,30.700000762939453,29.450000762939453,29.700000762939453,1805061,20.607580184936523
2021-03-25,29.950000762939453,30.25,29.0,29.350000381469727,1135000,20.364728927612305
2021-03-26,29.649999618530273,29.649999618530273,29.299999237060547,29.649999618530273,858000,20.572885513305664
2021-03-29,29.700000762939453,30.0,29.25,30.0,1374679,20.815738677978516
2021-03-30,30.149999618530273,31.649999618530273,30.149999618530273,31.5,1786573,21.856523513793945
2021-03-31,31.5,31.799999237060547,30.399999618530273,30.399999618530273,1301090,21.09328269958496
2021-04-01,30.950000762939453,30.950000762939453,29.600000381469727,29.899999618530273,1494516,20.746349334716797
2021-04-07,30.350000381469727,30.350000381469727,29.299999237060547,29.700000762939453,1815256,20.607580184936523
2021-04-08,29.299999237060547,29.649999618530273,29.25,29.600000381469727,1180339,20.538196563720703
2021-04-09,29.450000762939453,29.549999237060547,29.200000762939453,29.549999237060547,988907,20.503503799438477
2021-04-12,29.700000762939453,29.950000762939453,29.399999618530273,29.850000381469727,1136750,20.711658477783203
2021-04-13,30.0,30.299999237060547,29.700000762939453,30.200000762939453,1174395,20.954509735107422
2021-04-14,29.899999618530273,30.600000381469727,29.100000381469727,30.399999618530273,1837027,21.09328269958496
2021-04-15,30.299999237060547,30.700000762939453,30.049999237060547,30.350000381469727,1057501,21.058589935302734
2021-04-16,30.700000762939453,30.799999237060547,30.100000381469727,30.350000381469727,1158925,21.058589935302734
2021-04-19,30.149999618530273,30.799999237060547,30.149999618530273,30.25,1414822,20.98920249938965
2021-04-20,30.149999618530273,30.399999618530273,30.0,30.25,1863310,20.98920249938965
2021-04-21,29.899999618530273,30.25,29.600000381469727,30.0,1315576,20.815738677978516
2021-04-22,30.200000762939453,30.5,29.649999618530273,29.850000381469727,1547793,20.711658477783203
2021-04-23,29.950000762939453,30.049999237060547,29.600000381469727,30.0,633727,20.815738677978516
2021-04-26,30.049999237060547,30.149999618530273,29.799999237060547,29.799999237060547,1035688,20.67696762084961
2021-04-27,29.799999237060547,30.0,29.600000381469727,29.75,612000,20.64227294921875
2021-04-28,29.549999237060547,29.899999618530273,29.299999237060547,29.399999618530273,1288348,20.399423599243164
2021-04-29,29.549999237060547,29.799999237060547,29.450000762939453,29.600000381469727,285125,20.538196563720703
2021-04-30,29.5,29.5,29.0,29.25,912827,20.29534339904785
2021-05-03,29.399999618530273,29.399999618530273,28.799999237060547,29.100000381469727,1149850,20.191267013549805
2021-05-04,29.049999237060547,29.100000381469727,28.799999237060547,29.049999237060547,512303,20.156572341918945
2021-05-05,29.0,29.049999237060547,28.850000381469727,29.0,467516,20.12188148498535
2021-05-06,28.899999618530273,29.299999237060547,28.600000381469727,28.850000381469727,1188207,20.017799377441406
2021-05-07,28.600000381469727,29.299999237060547,28.600000381469727,28.850000381469727,634948,20.017799377441406
2021-05-10,29.25,29.5,28.850000381469727,29.100000381469727,1508819,20.191267013549805
2021-05-11,29.0,29.100000381469727,28.5,28.649999618530273,1044002,19.8790283203125
2021-05-12,28.649999618530273,29.049999237060547,28.25,28.549999237060547,1711840,19.809642791748047
2021-05-13,28.850000381469727,28.950000762939453,28.450000762939453,28.5,1971732,19.774953842163086
2021-05-14,28.5,28.5,28.0,28.299999237060547,1662961,19.636178970336914
2021-05-17,28.450000762939453,28.899999618530273,28.149999618530273,28.649999618530273,1613096,19.8790283203125
2021-05-18,28.600000381469727,29.799999237060547,28.600000381469727,29.450000762939453,1779364,20.43411636352539
2021-05-20,29.399999618530273,30.200000762939453,29.049999237060547,30.149999618530273,1709114,20.919816970825195
2021-05-21,30.149999618530273,30.399999618530273,29.899999618530273,30.200000762939453,1115555,20.954509735107422
2021-05-24,30.200000762939453,30.5,29.700000762939453,30.100000381469727,1872437,20.88512420654297
2021-05-25,30.0,30.700000762939453,29.950000762939453,30.149999618530273,1128985,20.919816970825195
2021-05-26,30.399999618530273,31.399999618530273,29.950000762939453,31.100000381469727,1482266,21.5789794921875
2021-05-27,30.450000762939453,31.200000762939453,30.350000381469727,30.799999237060547,1955000,21.370824813842773
2021-05-28,30.799999237060547,31.049999237060547,30.549999237060547,30.700000762939453,835712,21.30143928527832
2021-05-31,30.5,30.75,29.950000762939453,30.049999237060547,585188,20.850431442260742
2021-06-01,30.049999237060547,30.799999237060547,29.899999618530273,30.700000762939453,1368040,21.30143928527832
2021-06-02,30.899999618530273,31.5,30.899999618530273,31.399999618530273,1591736,21.787139892578125
2021-06-03,31.350000381469727,31.600000381469727,30.950000762939453,31.0,1302357,21.509593963623047
2021-06-04,31.0,31.299999237060547,30.549999237060547,31.200000762939453,1104954,21.648366928100586
2021-06-07,31.100000381469727,31.200000762939453,30.350000381469727,31.100000381469727,914968,21.5789794921875
2021-06-08,31.100000381469727,31.299999237060547,30.700000762939453,30.899999618530273,963565,21.44021224975586
2021-06-09,30.899999618530273,30.950000762939453,30.649999618530273,30.850000381469727,612350,21.405519485473633
2021-06-10,30.600000381469727,31.200000762939453,30.600000381469727,31.100000381469727,1001790,21.5789794921875
2021-06-11,31.100000381469727,31.549999237060547,31.049999237060547,31.25,1181841,21.683059692382812
2021-06-15,31.350000381469727,31.450000762939453,30.299999237060547,30.5,1732074,21.16266632080078
2021-06-16,30.350000381469727,30.600000381469727,30.200000762939453,30.350000381469727,1274743,21.058589935302734
2021-06-17,30.350000381469727,30.799999237060547,30.200000762939453,30.299999237060547,781775,21.023895263671875
2021-06-18,30.299999237060547,30.350000381469727,29.799999237060547,29.950000762939453,4521967,20.781044006347656
2021-06-21,29.950000762939453,30.799999237060547,29.850000381469727,30.649999618530273,1610840,21.266748428344727
2021-06-22,30.700000762939453,32.099998474121094,30.700000762939453,32.0,2090886,22.20345687866211
2021-06-23,32.0,32.150001525878906,31.399999618530273,31.600000381469727,1953608,21.92591094970703
2021-06-24,31.0,32.45000076293945,31.0,32.29999923706055,1570970,22.41160774230957
2021-06-25,32.29999923706055,32.349998474121094,31.799999237060547,31.950000762939453,719004,22.16876220703125
2021-06-28,31.0,31.549999237060547,29.600000381469727,31.149999618530273,975837,21.613676071166992
2021-06-29,30.950000762939453,31.5,30.649999618530273,30.799999237060547,1191730,21.370824813842773
2021-06-30,30.649999618530273,31.399999618530273,30.649999618530273,30.950000762939453,655754,21.47490119934082
2021-07-02,30.899999618530273,31.149999618530273,30.549999237060547,30.950000762939453,1593250,21.47490119934082
2021-07-05,30.549999237060547,31.0,30.549999237060547,30.600000381469727,379490,21.232053756713867
2021-07-06,30.549999237060547,30.75,30.350000381469727,30.399999618530273,530867,21.09328269958496
2021-07-07,30.299999237060547,30.5,30.149999618530273,30.25,987141,20.98920249938965
2021-07-08,30.25,30.5,30.0,30.100000381469727,605839,20.88512420654297
2021-07-09,30.049999237060547,30.350000381469727,29.899999618530273,30.200000762939453,812603,20.954509735107422
2021-07-12,30.25,30.700000762939453,30.0,30.049999237060547,428260,20.850431442260742
2021-07-13,30.049999237060547,30.700000762939453,30.049999237060547,30.649999618530273,876843,21.266748428344727
2021-07-14,30.25,30.649999618530273,30.200000762939453,30.350000381469727,690779,21.058589935302734
2021-07-15,30.100000381469727,30.700000762939453,30.0,30.450000762939453,472212,21.127973556518555
2021-07-16,30.549999237060547,31.149999618530273,30.549999237060547,31.049999237060547,488072,21.544286727905273
2021-07-19,31.149999618530273,31.149999618530273,30.649999618530273,30.899999618530273,573126,21.44021224975586
2021-07-20,31.049999237060547,31.049999237060547,30.600000381469727,30.75,422397,21.336132049560547
2021-07-21,30.549999237060547,31.350000381469727,30.549999237060547,31.049999237060547,517771,21.544286727905273
2021-07-22,31.399999618530273,31.600000381469727,31.200000762939453,31.549999237060547,862566,21.891218185424805
2021-07-23,31.899999618530273,31.899999618530273,31.049999237060547,31.299999237060547,445695,21.717750549316406
2021-07-26,31.450000762939453,31.450000762939453,30.850000381469727,31.0,764193,21.509593963623047
2021-07-27,30.5,31.25,30.5,30.899999618530273,1242527,21.44021224975586
2021-07-28,30.950000762939453,31.25,30.600000381469727,30.850000381469727,1274830,21.405519485473633
2021-07-29,30.75,31.25,30.649999618530273,30.899999618530273,473383,21.44021224975586
2021-07-30,31.049999237060547,31.100000381469727,30.350000381469727,30.600000381469727,878016,21.232053756713867
2021-08-02,30.75,30.799999237060547,30.600000381469727,30.75,412104,21.336132049560547
2021-08-03,30.899999618530273,30.899999618530273,30.049999237060547,30.350000381469727,830130,21.058589935302734
2021-08-04,30.5,30.5,30.100000381469727,30.100000381469727,444520,20.88512420654297
2021-08-05,30.100000381469727,30.100000381469727,29.450000762939453,29.5,643628,20.468807220458984
2021-08-06,29.399999618530273,29.450000762939453,28.799999237060547,29.049999237060547,621266,20.156572341918945
2021-08-09,28.899999618530273,29.799999237060547,28.899999618530273,29.600000381469727,440355,20.538196563720703
2021-08-10,29.549999237060547,29.549999237060547,29.0,29.149999618530273,471039,20.2259578704834
2021-08-11,29.0,29.399999618530273,28.75,28.899999618530273,846474,20.052494049072266
2021-08-12,28.75,28.799999237060547,28.149999618530273,28.200000762939453,1171035,19.566795349121094
2021-08-13,28.200000762939453,28.75,28.200000762939453,28.600000381469727,662532,19.844335556030273
2021-08-16,28.600000381469727,28.950000762939453,28.600000381469727,28.600000381469727,932412,19.844335556030273
2021-08-17,28.700000762939453,28.899999618530273,28.25,28.299999237060547,941620,19.636178970336914
2021-08-18,28.399999618530273,28.549999237060547,28.25,28.299999237060547,907400,19.636178970336914
2021-08-19,28.149999618530273,28.350000381469727,28.0,28.200000762939453,942712,19.566795349121094
2021-08-20,28.350000381469727,28.399999618530273,28.0,28.100000381469727,683740,19.49740982055664
2021-08-23,28.200000762939453,28.299999237060547,28.049999237060547,28.100000381469727,578979,19.49740982055664
2021-08-24,27.950000762939453,28.149999618530273,27.799999237060547,28.100000381469727,831083,19.686569213867188
2021-08-25,28.049999237060547,28.200000762939453,27.700000762939453,28.0,902535,19.61651039123535
2021-08-26,27.799999237060547,28.0,27.649999618530273,27.799999237060547,646188,19.476388931274414
2021-08-27,27.899999618530273,27.950000762939453,27.600000381469727,27.899999618530273,875388,19.54644775390625
2021-08-30,27.950000762939453,28.149999618530273,27.700000762939453,27.850000381469727,634822,19.51141929626465
2021-08-31,27.75,27.899999618530273,27.350000381469727,27.75,1175292,19.441362380981445
2021-09-01,27.600000381469727,28.100000381469727,27.5,27.700000762939453,820908,19.406333923339844
2021-09-02,27.600000381469727,27.899999618530273,27.549999237060547,27.600000381469727,536909,19.336271286010742
2021-09-03,27.600000381469727,27.75,27.299999237060547,27.299999237060547,1617484,19.1260986328125
2021-09-06,27.350000381469727,27.600000381469727,27.200000762939453,27.350000381469727,533057,19.1611270904541
2021-09-07,27.5,27.75,27.0,27.649999618530273,746163,19.371299743652344
2021-09-08,27.700000762939453,27.700000762939453,27.299999237060547,27.399999618530273,1456486,19.196157455444336
2021-09-09,27.399999618530273,28.0,27.399999618530273,27.549999237060547,979763,19.30124282836914
2021-09-10,27.5,28.0,27.5,28.0,711295,19.61651039123535
2021-09-13,27.600000381469727,27.649999618530273,27.100000381469727,27.149999618530273,734666,19.02100372314453
2021-09-14,27.200000762939453,27.399999618530273,26.75,26.799999237060547,971208,18.775800704956055
2021-09-15,26.899999618530273,26.899999618530273,26.600000381469727,26.649999618530273,1004634,18.670713424682617
2021-09-16,26.75,26.75,25.649999618530273,25.850000381469727,1728918,18.11024284362793
2021-09-17,25.450000762939453,25.700000762939453,25.100000381469727,25.200000762939453,3077772,17.654857635498047
2021-09-20,24.950000762939453,25.100000381469727,24.25,24.549999237060547,2369236,17.199474334716797
2021-09-21,24.299999237060547,25.0,24.0,24.549999237060547,1551422,17.199474334716797
2021-09-23,24.649999618530273,25.299999237060547,24.649999618530273,24.950000762939453,1228714,17.479711532592773
2021-09-24,25.049999237060547,25.049999237060547,24.600000381469727,24.649999618530273,1275969,17.269533157348633
2021-09-27,24.350000381469727,24.700000762939453,24.200000762939453,24.299999237060547,1298844,17.024324417114258
2021-09-28,24.549999237060547,24.899999618530273,24.5,24.850000381469727,862974,17.409652709960938
2021-09-29,24.700000762939453,25.200000762939453,24.700000762939453,25.0,659974,17.514738082885742
2021-09-30,25.0,25.5,24.899999618530273,25.350000381469727,1188305,17.759946823120117
2021-10-04,25.350000381469727,25.350000381469727,24.5,24.850000381469727,4191365,17.409652709960938
2021-10-05,25.0,25.0,24.600000381469727,24.799999237060547,2541914,17.374622344970703
2021-10-06,24.75,25.0,24.350000381469727,24.850000381469727,1499962,17.409652709960938
2021-10-07,25.049999237060547,26.149999618530273,25.049999237060547,25.75,1957710,18.040180206298828
2021-10-08,25.700000762939453,26.649999618530273,25.700000762939453,26.399999618530273,1499666,18.49556541442871
2021-10-11,26.649999618530273,26.649999618530273,26.100000381469727,26.299999237060547,1369000,18.425504684448242
2021-10-12,26.399999618530273,26.600000381469727,26.200000762939453,26.5,797198,18.565624237060547
2021-10-15,26.649999618530273,26.75,26.350000381469727,26.5,2506412,18.565624237060547
2021-10-18,26.600000381469727,26.600000381469727,26.0,26.25,1145331,18.390478134155273
2021-10-19,26.700000762939453,26.700000762939453,25.899999618530273,26.200000762939453,963390,18.355445861816406
2021-10-20,26.350000381469727,26.350000381469727,25.950000762939453,26.149999618530273,726917,18.320419311523438
2021-10-21,26.25,26.700000762939453,26.25,26.600000381469727,656000,18.635683059692383
2021-10-22,26.899999618530273,27.200000762939453,26.649999618530273,26.799999237060547,677084,18.775800704956055
2021-10-25,26.899999618530273,26.950000762939453,26.450000762939453,26.649999618530273,564853,18.670713424682617
2021-10-26,26.700000762939453,26.700000762939453,26.100000381469727,26.399999618530273,942000,18.49556541442871
2021-10-27,26.200000762939453,26.549999237060547,26.149999618530273,26.450000762939453,579308,18.530595779418945
2021-10-28,26.450000762939453,26.700000762939453,26.200000762939453,26.450000762939453,624844,18.530595779418945
2021-10-29,26.549999237060547,27.299999237060547,26.549999237060547,27.049999237060547,1255256,18.950944900512695
2021-11-01,26.799999237060547,27.299999237060547,26.399999618530273,26.950000762939453,1209288,18.880887985229492
2021-11-02,26.700000762939453,26.950000762939453,26.399999618530273,26.600000381469727,472000,18.635683059692383
2021-11-03,26.600000381469727,27.0,26.5,26.649999618530273,616101,18.670713424682617
2021-11-04,26.799999237060547,26.850000381469727,26.450000762939453,26.5,524987,18.565624237060547
2021-11-05,26.700000762939453,26.850000381469727,26.149999618530273,26.549999237060547,887487,18.60065460205078
2021-11-08,26.899999618530273,27.450000762939453,26.75,27.100000381469727,522929,18.985979080200195
2021-11-09,27.5,27.5,26.5,26.600000381469727,505696,18.635683059692383
2021-11-10,26.600000381469727,26.950000762939453,26.299999237060547,26.950000762939453,1061758,18.880887985229492
2021-11-11,26.850000381469727,27.0,26.799999237060547,26.950000762939453,456811,18.880887985229492
2021-11-12,26.950000762939453,26.950000762939453,26.450000762939453,26.450000762939453,631100,18.530595779418945
2021-11-15,26.600000381469727,26.600000381469727,26.299999237060547,26.5,634095,18.565624237060547
2021-11-16,26.649999618530273,26.700000762939453,26.350000381469727,26.450000762939453,572162,18.530595779418945
2021-11-17,26.549999237060547,26.649999618530273,26.399999618530273,26.450000762939453,435514,18.530595779418945
2021-11-18,26.549999237060547,26.549999237060547,25.899999618530273,25.950000762939453,1054697,18.180301666259766
2021-11-19,25.950000762939453,26.0,25.600000381469727,25.75,1125742,18.040180206298828
2021-11-22,25.950000762939453,25.950000762939453,25.5,25.549999237060547,728025,17.90006446838379
2021-11-23,25.75,25.850000381469727,25.450000762939453,25.5,488221,17.865034103393555
2021-11-24,25.5,25.5,25.049999237060547,25.149999618530273,816171,17.619827270507812
2021-11-25,25.149999618530273,25.399999618530273,25.049999237060547,25.299999237060547,414000,17.724918365478516
2021-11-26,25.399999618530273,25.399999618530273,25.0,25.0,544056,17.514738082885742
2021-11-29,24.899999618530273,24.899999618530273,24.549999237060547,24.600000381469727,573308,17.23450469970703
2021-11-30,24.700000762939453,24.700000762939453,23.799999237060547,23.799999237060547,2682423,16.67403221130371
2021-12-01,24.100000381469727,24.25,23.549999237060547,23.950000762939453,1819277,16.77911949157715
2021-12-02,23.950000762939453,24.450000762939453,23.700000762939453,24.049999237060547,607854,16.849178314208984
2021-12-03,24.049999237060547,24.200000762939453,23.799999237060547,24.100000381469727,831939,16.88420867919922
2021-12-06,24.350000381469727,24.450000762939453,24.0,24.25,708559,16.98929786682129
2021-12-07,24.299999237060547,24.5,24.200000762939453,24.350000381469727,704482,17.059356689453125
2021-12-08,24.25,24.649999618530273,24.200000762939453,24.450000762939453,662191,17.12941551208496
2021-12-09,24.450000762939453,25.0,24.450000762939453,24.899999618530273,1556776,17.444679260253906
2021-12-10,25.0,25.0,24.25,24.399999618530273,2018273,17.09438705444336
2021-12-13,24.649999618530273,24.799999237060547,24.25,24.25,661380,16.98929786682129
2021-12-14,24.399999618530273,24.799999237060547,23.850000381469727,23.899999618530273,1029840,16.74409294128418
2021-12-15,24.200000762939453,24.450000762939453,24.0,24.200000762939453,587840,16.954267501831055
2021-12-16,24.200000762939453,24.25,23.799999237060547,24.100000381469727,655261,16.88420867919922
2021-12-17,24.25,24.299999237060547,24.049999237060547,24.149999618530273,1198668,16.91923713684082
2021-12-20,24.0,24.25,23.799999237060547,23.899999618530273,1852636,16.74409294128418
2021-12-21,23.850000381469727,24.25,23.850000381469727,23.950000762939453,765199,16.77911949157715
2021-12-22,24.200000762939453,24.200000762939453,23.549999237060547,23.700000762939453,767200,16.603973388671875
2021-12-23,23.700000762939453,23.850000381469727,23.649999618530273,23.799999237060547,534730,16.67403221130371
2021-12-24,23.649999618530273,23.899999618530273,23.549999237060547,23.850000381469727,174879,16.709062576293945
2021-12-28,24.0,24.5,23.899999618530273,24.299999237060547,943127,17.024324417114258
2021-12-29,24.299999237060547,24.549999237060547,24.200000762939453,24.450000762939453,308671,17.12941551208496
2021-12-30,24.600000381469727,25.100000381469727,24.299999237060547,24.549999237060547,1109350,17.199474334716797
2021-12-31,24.649999618530273,24.75,24.0,24.100000381469727,768581,16.88420867919922
2022-01-03,24.200000762939453,24.5,24.149999618530273,24.25,538529,16.98929786682129
2022-01-04,24.149999618530273,24.200000762939453,24.0,24.200000762939453,996361,16.954267501831055
2022-01-05,24.049999237060547,24.100000381469727,23.850000381469727,24.049999237060547,1582157,16.849178314208984
2022-01-06,24.0,24.100000381469727,23.700000762939453,23.899999618530273,869702,16.74409294128418
2022-01-07,23.899999618530273,24.399999618530273,23.850000381469727,24.25,852409,16.98929786682129
2022-01-10,24.0,24.399999618530273,24.049999237060547,24.200000762939453,637098,16.954267501831055
2022-01-11,24.200000762939453,24.399999618530273,24.0,24.049999237060547,1252969,16.849178314208984
2022-01-12,24.049999237060547,24.399999618530273,23.700000762939453,23.700000762939453,2432747,16.603973388671875
2022-01-13,23.899999618530273,24.049999237060547,23.600000381469727,23.700000762939453,1663287,16.603973388671875
2022-01-14,23.799999237060547,23.950000762939453,23.700000762939453,23.799999237060547,921895,16.67403221130371
2022-01-17,23.899999618530273,24.200000762939453,23.799999237060547,24.0,583350,16.814149856567383
2022-01-18,24.25,24.25,23.799999237060547,23.950000762939453,1085985,16.77911949157715
2022-01-19,23.799999237060547,24.049999237060547,23.799999237060547,23.899999618530273,832020,16.74409294128418
2022-01-20,23.899999618530273,24.200000762939453,23.899999618530273,24.100000381469727,1647924,16.88420867919922
2022-01-21,24.049999237060547,24.700000762939453,24.0,24.399999618530273,2080350,17.09438705444336
2022-01-24,24.5,24.75,24.299999237060547,24.5,2214366,17.164445877075195
2022-01-25,24.399999618530273,24.399999618530273,24.149999618530273,24.299999237060547,850000,17.024324417114258
2022-01-26,24.399999618530273,24.549999237060547,24.299999237060547,24.5,376135,17.164445877075195
2022-01-27,24.600000381469727,24.600000381469727,24.049999237060547,24.200000762939453,1004100,16.954267501831055
2022-01-28,24.25,24.25,23.850000381469727,23.850000381469727,1278000,16.709062576293945
2022-01-31,23.950000762939453,23.950000762939453,23.950000762939453,23.950000762939453,0,16.77911949157715
2022-02-04,24.350000381469727,24.350000381469727,23.899999618530273,24.200000762939453,2654839,16.954267501831055
2022-02-07,24.25,24.600000381469727,24.200000762939453,24.350000381469727,1578359,17.059356689453125
2022-02-08,24.350000381469727,24.5,24.299999237060547,24.350000381469727,910765,17.059356689453125
2022-02-09,24.350000381469727,24.700000762939453,24.350000381469727,24.549999237060547,1306970,17.199474334716797
2022-02-10,24.649999618530273,24.700000762939453,24.450000762939453,24.549999237060547,895631,17.199474334716797
2022-02-11,24.299999237060547,24.700000762939453,24.200000762939453,24.399999618530273,1408628,17.09438705444336
2022-02-14,24.149999618530273,24.25,23.899999618530273,24.049999237060547,1374875,16.849178314208984
2022-02-15,24.049999237060547,24.25,24.049999237060547,24.100000381469727,999976,16.88420867919922
2022-02-16,24.399999618530273,24.399999618530273,24.049999237060547,24.100000381469727,1366131,16.88420867919922
2022-02-17,24.049999237060547,24.299999237060547,23.850000381469727,23.899999618530273,1248419,16.74409294128418
2022-02-18,24.0,24.0,23.850000381469727,23.950000762939453,606107,16.77911949157715
2022-02-21,23.899999618530273,24.049999237060547,23.600000381469727,23.75,1124220,16.638999938964844
2022-02-22,23.600000381469727,23.700000762939453,23.399999618530273,23.5,1286604,16.463857650756836
2022-02-23,23.549999237060547,23.549999237060547,23.100000381469727,23.149999618530273,1346168,16.218650817871094
2022-02-24,23.149999618530273,23.149999618530273,22.399999618530273,22.75,2656334,15.938411712646484
2022-02-25,22.799999237060547,23.649999618530273,22.649999618530273,23.100000381469727,3107000,16.18362045288086
2022-02-28,23.0,23.299999237060547,22.850000381469727,23.0,2122755,16.11355972290039
2022-03-01,23.0,23.299999237060547,22.850000381469727,23.149999618530273,1603290,16.218650817871094
2022-03-02,23.200000762939453,23.200000762939453,22.899999618530273,23.0,1425027,16.11355972290039
2022-03-03,23.0,23.549999237060547,23.0,23.25,1156796,16.288707733154297
2022-03-04,23.25,23.25,22.799999237060547,23.0,3186000,16.11355972290039
2022-03-07,23.049999237060547,23.049999237060547,22.649999618530273,22.850000381469727,2580092,16.00847053527832
2022-03-08,23.0,23.350000381469727,22.700000762939453,22.799999237060547,3480485,15.973441123962402
2022-03-09,22.0,22.0,21.100000381469727,21.350000381469727,2327242,15.7666654586792
2022-03-10,21.700000762939453,21.899999618530273,21.0,21.850000381469727,3073451,16.135908126831055
2022-03-11,21.649999618530273,21.850000381469727,21.399999618530273,21.600000381469727,1748240,15.951286315917969
2022-03-14,21.600000381469727,21.649999618530273,21.100000381469727,21.399999618530273,2445533,15.803590774536133
2022-03-15,21.399999618530273,21.399999618530273,20.149999618530273,20.450000762939453,2653335,15.102034568786621
2022-03-16,20.75,21.25,20.5,20.75,3111720,15.323575019836426
2022-03-17,21.350000381469727,22.600000381469727,21.0,22.450000762939453,6311235,16.57900047302246
2022-03-18,22.450000762939453,23.100000381469727,22.200000762939453,23.049999237060547,6012742,17.022092819213867
2022-03-21,22.75,23.399999618530273,22.75,23.299999237060547,1494470,17.20671272277832
2022-03-22,23.299999237060547,23.950000762939453,23.0,23.850000381469727,1400729,17.612882614135742
2022-03-23,23.649999618530273,23.700000762939453,23.049999237060547,23.149999618530273,1142734,17.0959415435791
2022-03-24,23.0,23.549999237060547,23.0,23.450000762939453,878890,17.317485809326172
2022-03-25,23.450000762939453,23.600000381469727,23.0,23.450000762939453,991252,17.317485809326172
2022-03-28,23.350000381469727,23.549999237060547,23.100000381469727,23.5,1475000,17.354413986206055
2022-03-29,23.5,23.5,22.950000762939453,23.100000381469727,2223853,17.059017181396484
2022-03-30,23.100000381469727,23.649999618530273,23.049999237060547,23.299999237060547,1022756,17.20671272277832
2022-03-31,23.149999618530273,23.200000762939453,22.700000762939453,22.899999618530273,2731758,16.911319732666016
2022-04-01,22.899999618530273,23.350000381469727,22.799999237060547,23.149999618530273,1259405,17.0959415435791
2022-04-04,23.5,23.5,23.149999618530273,23.450000762939453,840967,17.317485809326172
2022-04-06,23.450000762939453,23.549999237060547,23.149999618530273,23.399999618530273,1815499,17.28056526184082
2022-04-07,23.399999618530273,23.399999618530273,23.0,23.200000762939453,1106497,17.13286781311035
2022-04-08,23.299999237060547,23.649999618530273,23.200000762939453,23.5,2111846,17.354413986206055
2022-04-11,23.549999237060547,23.600000381469727,23.100000381469727,23.5,2904000,17.354413986206055
2022-04-12,23.5,23.549999237060547,23.200000762939453,23.200000762939453,855432,17.13286781311035
2022-04-13,23.200000762939453,23.399999618530273,23.100000381469727,23.25,3207788,17.169788360595703
2022-04-14,23.200000762939453,23.700000762939453,23.149999618530273,23.5,770830,17.354413986206055
2022-04-19,23.5,23.649999618530273,23.299999237060547,23.450000762939453,806208,17.317485809326172
2022-04-20,23.549999237060547,23.649999618530273,23.200000762939453,23.5,1679406,17.354413986206055
2022-04-21,23.5,23.549999237060547,23.200000762939453,23.25,1106388,17.169788360595703
2022-04-22,23.299999237060547,23.549999237060547,23.149999618530273,23.350000381469727,1607496,17.24363899230957
2022-04-25,23.350000381469727,23.399999618530273,23.100000381469727,23.25,895094,17.169788360595703
2022-04-26,23.200000762939453,23.350000381469727,23.0,23.200000762939453,1418628,17.13286781311035
2022-04-27,23.100000381469727,23.350000381469727,22.850000381469727,23.0,766303,16.985166549682617
2022-04-28,23.100000381469727,23.149999618530273,23.049999237060547,23.149999618530273,368834,17.0959415435791
2022-04-29,23.149999618530273,23.5,23.049999237060547,23.149999618530273,1347897,17.0959415435791
2022-05-03,23.149999618530273,23.450000762939453,22.950000762939453,23.200000762939453,1273808,17.13286781311035
2022-05-04,23.200000762939453,23.600000381469727,23.200000762939453,23.600000381469727,699451,17.428260803222656
2022-05-05,23.649999618530273,23.799999237060547,23.450000762939453,23.75,881791,17.539030075073242
2022-05-06,23.899999618530273,23.950000762939453,23.200000762939453,23.399999618530273,1096775,17.28056526184082
2022-05-10,23.200000762939453,23.200000762939453,21.799999237060547,22.950000762939453,1377534,16.948244094848633
2022-05-11,22.950000762939453,23.100000381469727,22.700000762939453,23.0,634285,16.985166549682617
2022-05-12,22.649999618530273,23.100000381469727,22.649999618530273,22.950000762939453,717216,16.948244094848633
2022-05-13,22.950000762939453,23.350000381469727,22.950000762939453,23.149999618530273,665226,17.0959415435791
2022-05-16,23.299999237060547,23.299999237060547,23.0,23.200000762939453,474518,17.13286781311035
2022-05-17,22.950000762939453,23.399999618530273,22.950000762939453,23.350000381469727,1068097,17.24363899230957
2022-05-18,23.399999618530273,23.5,23.200000762939453,23.350000381469727,515178,17.24363899230957
2022-05-19,23.399999618530273,23.5,23.200000762939453,23.399999618530273,973890,17.28056526184082
2022-05-20,23.399999618530273,23.950000762939453,23.399999618530273,23.799999237060547,1011339,17.575956344604492
2022-05-23,24.0,24.0,23.649999618530273,23.700000762939453,236402,17.502107620239258
2022-05-24,23.5,23.75,23.450000762939453,23.600000381469727,482968,17.428260803222656
2022-05-25,23.600000381469727,24.0,23.600000381469727,23.75,890380,17.539030075073242
2022-05-26,23.850000381469727,23.850000381469727,23.450000762939453,23.549999237060547,517154,17.391332626342773
2022-05-27,23.5,23.799999237060547,23.399999618530273,23.75,789016,17.539030075073242
2022-05-30,23.850000381469727,24.0,23.600000381469727,23.700000762939453,627941,17.502107620239258
2022-05-31,23.75,23.850000381469727,23.299999237060547,23.299999237060547,1248131,17.20671272277832
2022-06-01,23.600000381469727,23.950000762939453,23.450000762939453,23.899999618530273,1374356,17.649805068969727
2022-06-02,23.799999237060547,23.899999618530273,23.399999618530273,23.75,677517,17.539030075073242
2022-06-06,24.0,24.0,23.549999237060547,23.899999618530273,714509,17.649805068969727
2022-06-07,23.700000762939453,23.950000762939453,23.700000762939453,23.700000762939453,569261,17.502107620239258
2022-06-08,23.649999618530273,23.899999618530273,23.649999618530273,23.75,864246,17.539030075073242
2022-06-09,23.799999237060547,23.899999618530273,23.549999237060547,23.850000381469727,672000,17.612882614135742
2022-06-10,23.850000381469727,23.899999618530273,23.350000381469727,23.649999618530273,680000,17.46518325805664
2022-06-13,23.350000381469727,23.649999618530273,23.0,23.100000381469727,598987,17.059017181396484
2022-06-14,23.0,23.149999618530273,22.899999618530273,23.049999237060547,473229,17.022092819213867
2022-06-15,23.350000381469727,23.350000381469727,22.899999618530273,22.950000762939453,823000,16.948244094848633
2022-06-16,23.100000381469727,23.5,22.850000381469727,23.149999618530273,879183,17.0959415435791
2022-06-17,22.950000762939453,23.049999237060547,22.049999237060547,22.049999237060547,6244702,16.283605575561523
2022-06-20,22.399999618530273,22.950000762939453,22.399999618530273,22.700000762939453,986714,16.763622283935547
2022-06-21,22.25,23.399999618530273,22.25,23.149999618530273,748000,17.0959415435791
2022-06-22,23.100000381469727,23.350000381469727,22.850000381469727,22.850000381469727,741073,16.874393463134766
2022-06-23,22.75,23.350000381469727,22.75,23.149999618530273,641000,17.0959415435791
2022-06-24,23.149999618530273,23.299999237060547,22.850000381469727,23.049999237060547,289000,17.022092819213867
2022-06-27,23.0,23.549999237060547,23.0,23.450000762939453,954662,17.317485809326172
2022-06-28,23.5,23.899999618530273,23.399999618530273,23.899999618530273,947611,17.649805068969727
2022-06-29,23.700000762939453,23.950000762939453,23.549999237060547,23.700000762939453,704691,17.502107620239258
2022-06-30,23.649999618530273,23.950000762939453,23.600000381469727,23.649999618530273,1188008,17.46518325805664
2022-07-04,23.450000762939453,23.649999618530273,23.049999237060547,23.549999237060547,1842378,17.391332626342773
2022-07-05,23.549999237060547,23.850000381469727,23.549999237060547,23.700000762939453,263419,17.502107620239258
2022-07-06,23.600000381469727,23.649999618530273,23.299999237060547,23.549999237060547,763811,17.391332626342773
2022-07-07,23.399999618530273,23.600000381469727,23.299999237060547,23.399999618530273,664105,17.28056526184082
2022-07-08,23.649999618530273,23.899999618530273,23.549999237060547,23.75,582172,17.539030075073242
2022-07-11,23.600000381469727,23.850000381469727,23.450000762939453,23.700000762939453,1129000,17.502107620239258
2022-07-12,23.899999618530273,23.950000762939453,23.450000762939453,23.75,819582,17.539030075073242
2022-07-13,23.700000762939453,23.850000381469727,23.5,23.600000381469727,794937,17.428260803222656
2022-07-14,23.600000381469727,23.799999237060547,23.25,23.700000762939453,913891,17.502107620239258
2022-07-15,23.549999237060547,23.799999237060547,23.450000762939453,23.600000381469727,988069,17.428260803222656
2022-07-18,23.600000381469727,23.850000381469727,23.5,23.700000762939453,208157,17.502107620239258
2022-07-19,23.600000381469727,23.700000762939453,23.350000381469727,23.600000381469727,459554,17.428260803222656
2022-07-20,23.700000762939453,23.700000762939453,23.350000381469727,23.399999618530273,357289,17.28056526184082
2022-07-21,23.5,23.5,23.25,23.299999237060547,624305,17.20671272277832
2022-07-22,23.299999237060547,23.399999618530273,23.200000762939453,23.299999237060547,400217,17.20671272277832
2022-07-25,23.399999618530273,23.649999618530273,23.350000381469727,23.600000381469727,881000,17.428260803222656
2022-07-26,23.75,24.049999237060547,23.75,23.899999618530273,1283000,17.649805068969727
2022-07-27,23.799999237060547,24.049999237060547,23.799999237060547,24.0,515314,17.72365379333496
2022-07-28,24.0,24.200000762939453,23.850000381469727,24.049999237060547,692100,17.760576248168945
2022-07-29,24.299999237060547,24.399999618530273,23.950000762939453,24.049999237060547,796500,17.760576248168945
2022-08-01,23.950000762939453,24.200000762939453,23.850000381469727,24.100000381469727,785008,17.797502517700195
2022-08-02,23.850000381469727,24.0,23.549999237060547,23.850000381469727,794846,17.612882614135742
2022-08-03,23.5,24.049999237060547,23.5,23.899999618530273,460103,17.649805068969727
2022-08-04,24.049999237060547,24.200000762939453,23.549999237060547,24.100000381469727,673301,17.797502517700195
2022-08-05,24.200000762939453,24.299999237060547,24.100000381469727,24.25,475327,17.908275604248047
2022-08-08,24.25,24.350000381469727,24.049999237060547,24.149999618530273,323000,17.83442497253418
2022-08-09,24.100000381469727,24.299999237060547,23.950000762939453,24.25,642138,17.908275604248047
2022-08-10,24.149999618530273,24.200000762939453,23.799999237060547,24.0,593214,17.72365379333496
2022-08-11,24.200000762939453,24.200000762939453,23.850000381469727,23.950000762939453,890051,17.686729431152344
2022-08-12,23.600000381469727,24.200000762939453,23.600000381469727,24.149999618530273,380029,17.83442497253418
2022-08-15,24.149999618530273,24.200000762939453,24.049999237060547,24.100000381469727,149000,17.797502517700195
2022-08-16,24.100000381469727,24.399999618530273,24.0,24.149999618530273,282000,17.83442497253418
2022-08-17,24.299999237060547,24.299999237060547,24.149999618530273,24.200000762939453,774000,17.87135124206543
2022-08-18,24.0,24.200000762939453,23.75,24.200000762939453,310493,17.87135124206543
2022-08-19,24.049999237060547,24.100000381469727,23.850000381469727,24.0,786301,17.72365379333496
2022-08-22,23.950000762939453,24.0,23.700000762939453,23.850000381469727,197000,17.612882614135742
2022-08-23,23.850000381469727,23.950000762939453,22.799999237060547,22.850000381469727,1929875,16.874393463134766
2022-08-24,22.850000381469727,23.299999237060547,22.399999618530273,22.399999618530273,1104581,16.542076110839844
2022-08-25,22.649999618530273,22.700000762939453,22.299999237060547,22.450000762939453,478200,16.57900047302246
2022-08-26,22.75,22.850000381469727,22.399999618530273,22.600000381469727,534751,16.689773559570312
2022-08-29,22.600000381469727,22.899999618530273,22.200000762939453,22.450000762939453,577314,16.57900047302246
2022-08-30,22.450000762939453,22.549999237060547,22.200000762939453,22.350000381469727,574643,16.505151748657227
2022-08-31,22.5,22.549999237060547,22.149999618530273,22.149999618530273,4610030,16.35745620727539
2022-09-01,22.399999618530273,22.399999618530273,21.799999237060547,22.25,1876699,16.431303024291992
2022-09-02,22.200000762939453,22.350000381469727,21.75,22.100000381469727,1417330,16.521011352539062
2022-09-05,22.149999618530273,22.149999618530273,21.799999237060547,22.0,160000,16.446256637573242
2022-09-06,21.75,22.149999618530273,21.75,22.0,263000,16.446256637573242
2022-09-07,22.100000381469727,22.100000381469727,21.5,21.649999618530273,1130984,16.18461036682129
2022-09-08,21.899999618530273,22.049999237060547,21.700000762939453,21.950000762939453,1044007,16.408876419067383
2022-09-09,22.100000381469727,22.149999618530273,22.0,22.049999237060547,3088954,16.483631134033203
2022-09-13,22.200000762939453,22.700000762939453,22.100000381469727,22.399999618530273,997581,16.745277404785156
2022-09-14,22.100000381469727,22.149999618530273,21.649999618530273,22.100000381469727,622871,16.521011352539062
2022-09-15,22.0,22.200000762939453,21.950000762939453,22.0,446215,16.446256637573242
2022-09-16,22.0,22.299999237060547,21.75,22.100000381469727,2297830,16.521011352539062
2022-09-19,22.149999618530273,22.299999237060547,21.850000381469727,22.25,665044,16.63314437866211
2022-09-20,22.100000381469727,22.399999618530273,22.0,22.200000762939453,913630,16.595766067504883
2022-09-21,22.200000762939453,22.200000762939453,21.899999618530273,22.0,363294,16.446256637573242
2022-09-22,21.799999237060547,21.799999237060547,21.0,21.200000762939453,1049908,15.848209381103516
2022-09-23,21.299999237060547,21.299999237060547,20.25,20.549999237060547,1456371,15.362296104431152
2022-09-26,20.700000762939453,20.700000762939453,19.860000610351562,19.920000076293945,1342819,14.891336441040039
2022-09-27,20.0,20.200000762939453,19.68000030517578,19.979999542236328,1501740,14.93619155883789
2022-09-28,20.049999237060547,20.100000381469727,19.65999984741211,19.65999984741211,1332660,14.696971893310547
2022-09-29,19.8799991607666,19.899999618530273,19.280000686645508,19.280000686645508,1209144,14.412900924682617
2022-09-30,19.280000686645508,19.8799991607666,19.200000762939453,19.780000686645508,1904679,14.7866792678833
2022-10-03,19.799999237060547,20.700000762939453,19.780000686645508,20.600000381469727,1986014,15.399674415588379
2022-10-05,21.0,21.149999618530273,20.450000762939453,20.600000381469727,670088,15.399674415588379
2022-10-06,20.799999237060547,21.100000381469727,20.5,21.0,601607,15.698698997497559
2022-10-07,21.149999618530273,21.149999618530273,20.700000762939453,20.950000762939453,536000,15.661319732666016
2022-10-10,20.549999237060547,20.600000381469727,20.0,20.149999618530273,476790,15.063274383544922
2022-10-11,20.299999237060547,20.299999237060547,19.81999969482422,20.049999237060547,528476,14.988518714904785
2022-10-12,19.84000015258789,19.959999084472656,19.299999237060547,19.459999084472656,792995,14.547459602355957
2022-10-13,19.399999618530273,19.399999618530273,18.940000534057617,19.31999969482422,873800,14.442803382873535
2022-10-14,19.299999237060547,19.579999923706055,19.1200008392334,19.219999313354492,937265,14.368043899536133
2022-10-17,19.440000534057617,19.440000534057617,18.920000076293945,19.1200008392334,370495,14.293292045593262
2022-10-18,19.459999084472656,19.459999084472656,19.100000381469727,19.239999771118164,351690,14.3829984664917
2022-10-19,19.239999771118164,19.479999542236328,18.559999465942383,18.600000381469727,594250,13.904561042785645
2022-10-20,18.600000381469727,19.0,18.200000762939453,18.479999542236328,1086743,13.81485366821289
2022-10-21,18.799999237060547,18.799999237060547,18.200000762939453,18.200000762939453,462080,13.605538368225098
2022-10-24,18.200000762939453,18.200000762939453,17.399999618530273,17.700000762939453,1039241,13.231760025024414
2022-10-25,17.81999969482422,17.81999969482422,17.440000534057617,17.479999542236328,547461,13.06729507446289
2022-10-26,17.399999618530273,17.860000610351562,17.219999313354492,17.700000762939453,1475506,13.231760025024414
2022-10-27,18.0,18.3799991607666,17.719999313354492,17.780000686645508,893250,13.291563987731934
2022-10-28,17.81999969482422,17.81999969482422,17.239999771118164,17.360000610351562,846056,12.977592468261719
2022-10-31,17.020000457763672,17.299999237060547,16.719999313354492,17.1200008392334,1632520,12.798176765441895
2022-11-01,17.1200008392334,17.65999984741211,17.1200008392334,17.5,795989,13.08224868774414
2022-11-02,17.360000610351562,17.700000762939453,17.139999389648438,17.65999984741211,861399,13.201855659484863
2022-11-03,17.579999923706055,17.579999923706055,17.260000228881836,17.399999618530273,575787,13.007492065429688
2022-11-04,17.31999969482422,18.139999389648438,17.31999969482422,18.040000915527344,804015,13.485928535461426
2022-11-07,17.899999618530273,18.6200008392334,17.899999618530273,18.280000686645508,938928,13.665343284606934
2022-11-08,18.200000762939453,18.34000015258789,17.940000534057617,18.260000228881836,416411,13.650392532348633
2022-11-09,18.18000030517578,18.440000534057617,18.0,18.15999984741211,1327000,13.57563591003418
2022-11-10,18.079999923706055,18.299999237060547,17.920000076293945,18.079999923706055,746763,13.515832901000977
2022-11-11,18.299999237060547,19.219999313354492,18.299999237060547,19.0,815263,14.203583717346191
2022-11-14,19.139999389648438,19.639999389648438,19.139999389648438,19.6200008392334,1434351,14.667069435119629
2022-11-15,19.6200008392334,20.950000762939453,19.6200008392334,20.549999237060547,1466302,15.362296104431152
2022-11-16,20.549999237060547,20.899999618530273,20.100000381469727,20.75,1806053,15.511807441711426
2022-11-17,20.350000381469727,20.600000381469727,20.149999618530273,20.549999237060547,956997,15.362296104431152
2022-11-18,20.899999618530273,20.950000762939453,20.149999618530273,20.450000762939453,986508,15.287542343139648
2022-11-21,20.100000381469727,20.350000381469727,19.600000381469727,20.149999618530273,1043561,15.063274383544922
2022-11-22,20.350000381469727,20.950000762939453,20.299999237060547,20.450000762939453,1459000,15.287542343139648
2022-11-23,20.450000762939453,20.549999237060547,19.920000076293945,20.0,618449,14.951140403747559
2022-11-24,20.0,20.600000381469727,20.0,20.5,168466,15.324919700622559
2022-11-25,20.5,20.700000762939453,20.399999618530273,20.700000762939453,249000,15.474431991577148
2022-11-28,20.700000762939453,20.700000762939453,19.6200008392334,20.25,909007,15.138029098510742
2022-11-29,20.149999618530273,20.700000762939453,20.0,20.5,650415,15.324919700622559
2022-11-30,20.350000381469727,20.649999618530273,20.049999237060547,20.549999237060547,1081301,15.362296104431152
2022-12-01,20.649999618530273,21.350000381469727,20.649999618530273,21.049999237060547,1529836,15.736075401306152
2022-12-02,20.549999237060547,21.350000381469727,20.5,21.100000381469727,1255045,15.773455619812012
2022-12-05,21.299999237060547,21.799999237060547,21.299999237060547,21.600000381469727,761407,16.147233963012695
2022-12-06,21.700000762939453,22.0,21.350000381469727,21.799999237060547,871756,16.296743392944336
2022-12-07,21.450000762939453,22.200000762939453,21.399999618530273,21.399999618530273,666654,15.997720718383789
2022-12-08,21.5,22.0,21.399999618530273,21.799999237060547,485360,16.296743392944336
2022-12-09,22.100000381469727,22.549999237060547,22.0,22.350000381469727,719000,16.707901000976562
2022-12-12,22.299999237060547,22.5,22.149999618530273,22.399999618530273,472706,16.745277404785156
2022-12-13,22.100000381469727,24.0,22.049999237060547,23.700000762939453,3293038,17.71710205078125
2022-12-14,23.899999618530273,24.149999618530273,23.399999618530273,23.399999618530273,1436967,17.492835998535156
2022-12-15,23.600000381469727,23.600000381469727,22.850000381469727,23.350000381469727,675734,17.455455780029297
2022-12-16,23.100000381469727,24.0,22.950000762939453,23.950000762939453,2520008,17.90399169921875
2022-12-19,23.950000762939453,24.799999237060547,23.75,24.549999237060547,2407116,18.35252571105957
2022-12-20,24.350000381469727,24.350000381469727,23.700000762939453,23.950000762939453,1185000,17.90399169921875
2022-12-21,23.450000762939453,24.200000762939453,23.450000762939453,24.100000381469727,615995,18.016124725341797
2022-12-22,24.100000381469727,24.450000762939453,23.850000381469727,24.0,452289,17.941368103027344
2022-12-23,23.899999618530273,24.299999237060547,23.75,24.100000381469727,403074,18.016124725341797
2022-12-28,24.399999618530273,25.200000762939453,24.100000381469727,25.100000381469727,1755859,18.763683319091797
2022-12-29,25.149999618530273,26.450000762939453,25.100000381469727,25.25,1095900,18.87581443786621
2022-12-30,25.200000762939453,25.450000762939453,24.950000762939453,25.299999237060547,1029910,18.913192749023438
2023-01-03,25.299999237060547,26.049999237060547,24.950000762939453,26.0,1688769,19.43648338317871
2023-01-04,26.0,26.450000762939453,25.600000381469727,26.350000381469727,1279884,19.698129653930664
2023-01-05,26.399999618530273,26.899999618530273,26.399999618530273,26.5,1658532,19.810260772705078
2023-01-06,26.5,26.600000381469727,25.899999618530273,26.049999237060547,2014538,19.473861694335938
2023-01-09,26.450000762939453,26.600000381469727,25.450000762939453,25.899999618530273,1044917,19.36172866821289
2023-01-10,25.799999237060547,25.850000381469727,25.0,25.299999237060547,1727149,18.913192749023438
2023-01-11,25.149999618530273,25.549999237060547,25.0,25.100000381469727,1083852,18.763683319091797
2023-01-12,25.100000381469727,25.700000762939453,25.049999237060547,25.549999237060547,1129673,19.100082397460938
2023-01-13,25.450000762939453,25.799999237060547,25.399999618530273,25.5,586484,19.062705993652344
2023-01-16,25.200000762939453,26.5,25.200000762939453,25.850000381469727,885858,19.324352264404297
2023-01-17,25.600000381469727,26.0,25.25,25.950000762939453,905029,19.39910316467285
2023-01-18,25.850000381469727,26.100000381469727,25.700000762939453,25.950000762939453,1436852,19.39910316467285
2023-01-19,25.850000381469727,26.100000381469727,25.549999237060547,26.049999237060547,511608,19.473861694335938
2023-01-20,26.049999237060547,26.299999237060547,25.899999618530273,26.25,1283762,19.623371124267578
2023-01-26,27.0,27.25,26.5,26.700000762939453,1354703,19.959774017333984
2023-01-27,26.950000762939453,27.299999237060547,26.75,27.049999237060547,1320038,20.221418380737305
2023-01-30,27.049999237060547,27.399999618530273,26.5,26.649999618530273,1718574,19.922395706176758
2023-01-31,26.5,27.0,26.0,26.350000381469727,2694810,19.698129653930664
2023-02-01,26.149999618530273,26.399999618530273,25.75,26.350000381469727,1784207,19.698129653930664
2023-02-02,26.350000381469727,26.75,26.149999618530273,26.75,1484936,19.997150421142578
2023-02-03,26.700000762939453,26.950000762939453,26.0,26.950000762939453,1639808,20.14666175842285
2023-02-06,26.850000381469727,26.850000381469727,26.0,26.399999618530273,1025552,19.735504150390625
2023-02-07,26.399999618530273,26.799999237060547,26.299999237060547,26.549999237060547,861937,19.847639083862305
2023-02-08,26.549999237060547,27.200000762939453,26.5,26.950000762939453,2244912,20.14666175842285
2023-02-09,27.0,27.25,26.549999237060547,27.25,1319788,20.37093162536621
2023-02-10,27.200000762939453,27.350000381469727,26.649999618530273,26.899999618530273,1491110,20.109285354614258
2023-02-13,26.75,26.75,25.799999237060547,26.350000381469727,2376599,19.698129653930664
2023-02-14,26.350000381469727,26.850000381469727,26.350000381469727,26.700000762939453,1146621,19.959774017333984
2023-02-15,26.450000762939453,26.600000381469727,26.200000762939453,26.5,2021030,19.810260772705078
2023-02-16,26.149999618530273,26.899999618530273,26.049999237060547,26.799999237060547,1246549,20.034528732299805
2023-02-17,26.600000381469727,26.950000762939453,25.950000762939453,26.299999237060547,1994224,19.660751342773438
2023-02-20,26.200000762939453,26.200000762939453,24.299999237060547,24.350000381469727,3599812,18.203014373779297
2023-02-21,24.350000381469727,24.950000762939453,24.200000762939453,24.299999237060547,2386718,18.165634155273438
2023-02-22,24.299999237060547,24.700000762939453,24.200000762939453,24.600000381469727,859487,18.389904022216797
2023-02-23,24.600000381469727,24.600000381469727,24.200000762939453,24.25,636229,18.128257751464844
2023-02-24,24.25,24.450000762939453,24.200000762939453,24.25,562000,18.128257751464844
2023-02-27,24.200000762939453,24.450000762939453,24.049999237060547,24.350000381469727,833000,18.203014373779297
2023-02-28,24.350000381469727,24.850000381469727,24.350000381469727,24.850000381469727,1561007,18.57679557800293
2023-03-01,24.899999618530273,25.700000762939453,24.899999618530273,25.450000762939453,2395100,19.025325775146484
2023-03-02,24.149999618530273,24.149999618530273,22.799999237060547,23.0,2292974,18.022342681884766
2023-03-03,23.0,23.600000381469727,22.850000381469727,23.5,2413965,18.414134979248047
2023-03-06,23.5,23.850000381469727,23.350000381469727,23.799999237060547,2501204,18.649208068847656
2023-03-07,23.799999237060547,23.850000381469727,23.25,23.350000381469727,1171550,18.29659652709961
2023-03-08,23.350000381469727,23.399999618530273,22.950000762939453,23.100000381469727,1135100,18.10070037841797
2023-03-09,23.200000762939453,23.299999237060547,22.799999237060547,23.049999237060547,1723202,18.061521530151367
2023-03-10,23.0,23.0,22.149999618530273,22.399999618530273,1707373,17.552194595336914
2023-03-13,22.350000381469727,23.0,22.200000762939453,22.850000381469727,1059190,17.904808044433594
2023-03-14,22.5,23.200000762939453,22.25,22.450000762939453,1244329,17.59137535095215
2023-03-15,22.549999237060547,22.75,22.25,22.450000762939453,803230,17.59137535095215
2023-03-16,22.200000762939453,22.549999237060547,22.0,22.299999237060547,963583,17.47383689880371
2023-03-17,22.299999237060547,22.399999618530273,22.0,22.149999618530273,3350799,17.356300354003906
2023-03-20,21.950000762939453,22.5,21.700000762939453,21.799999237060547,1724000,17.082046508789062
2023-03-21,21.799999237060547,22.25,21.799999237060547,21.950000762939453,308718,17.1995849609375
2023-03-22,21.950000762939453,22.450000762939453,21.950000762939453,22.149999618530273,924869,17.356300354003906
2023-03-23,21.899999618530273,22.25,21.850000381469727,21.950000762939453,541300,17.1995849609375
2023-03-24,21.850000381469727,22.149999618530273,21.700000762939453,21.899999618530273,1136074,17.1604061126709
2023-03-27,22.200000762939453,22.25,21.799999237060547,21.899999618530273,644320,17.1604061126709
2023-03-28,21.799999237060547,22.149999618530273,21.799999237060547,22.149999618530273,1010261,17.356300354003906
2023-03-29,22.200000762939453,22.399999618530273,21.799999237060547,21.950000762939453,792651,17.1995849609375
2023-03-30,21.799999237060547,22.5,21.700000762939453,22.350000381469727,1002500,17.513015747070312
2023-03-31,22.399999618530273,22.450000762939453,21.950000762939453,22.299999237060547,887179,17.47383689880371
2023-04-03,22.350000381469727,22.950000762939453,22.350000381469727,22.950000762939453,1519068,17.983165740966797
2023-04-04,23.0,23.450000762939453,22.850000381469727,23.299999237060547,1097677,18.257417678833008
2023-04-06,23.299999237060547,24.049999237060547,23.299999237060547,24.0,2217865,18.80592155456543
2023-04-11,24.100000381469727,24.600000381469727,23.549999237060547,23.600000381469727,933840,18.492490768432617
2023-04-12,23.950000762939453,23.950000762939453,23.299999237060547,23.5,576675,18.414134979248047
2023-04-13,23.649999618530273,23.75,23.299999237060547,23.75,410137,18.610029220581055
2023-04-14,23.799999237060547,23.799999237060547,23.100000381469727,23.299999237060547,728840,18.257417678833008
2023-04-17,23.549999237060547,23.549999237060547,23.0,23.5,1100200,18.414134979248047
2023-04-18,23.600000381469727,23.600000381469727,23.049999237060547,23.200000762939453,345899,18.179059982299805
2023-04-19,23.0,23.0,22.700000762939453,22.799999237060547,590996,17.86562728881836
2023-04-20,22.950000762939453,23.200000762939453,22.700000762939453,23.0,585392,18.022342681884766
2023-04-21,23.299999237060547,23.299999237060547,22.700000762939453,22.799999237060547,404000,17.86562728881836
2023-04-24,23.25,23.25,22.700000762939453,22.850000381469727,155917,17.904808044433594
2023-04-25,22.850000381469727,22.850000381469727,22.100000381469727,22.200000762939453,780030,17.395483016967773
2023-04-26,22.649999618530273,23.299999237060547,22.25,22.600000381469727,1156856,17.708913803100586
2023-04-27,22.549999237060547,22.549999237060547,21.950000762939453,22.149999618530273,1205975,17.356300354003906
2023-04-28,22.0,22.350000381469727,21.899999618530273,22.149999618530273,795326,17.356300354003906
2023-05-02,22.149999618530273,22.600000381469727,21.899999618530273,22.100000381469727,1426356,17.317123413085938
2023-05-03,22.149999618530273,22.149999618530273,21.5,21.700000762939453,941422,17.003692626953125
2023-05-04,21.899999618530273,22.549999237060547,21.700000762939453,22.549999237060547,2475787,17.66973114013672
2023-05-05,22.600000381469727,23.0,22.450000762939453,22.850000381469727,451737,17.904808044433594
2023-05-08,23.100000381469727,23.200000762939453,22.649999618530273,22.950000762939453,415210,17.983165740966797
2023-05-09,22.700000762939453,23.200000762939453,22.450000762939453,22.600000381469727,786633,17.708913803100586
2023-05-10,22.600000381469727,22.700000762939453,22.350000381469727,22.700000762939453,436447,17.787269592285156
2023-05-11,22.799999237060547,22.850000381469727,22.299999237060547,22.5,381564,17.630552291870117
2023-05-12,22.399999618530273,22.399999618530273,22.049999237060547,22.149999618530273,467244,17.356300354003906
2023-05-15,22.600000381469727,22.600000381469727,21.950000762939453,22.299999237060547,219453,17.47383689880371
2023-05-16,22.399999618530273,22.5,21.75,22.149999618530273,530540,17.356300354003906
2023-05-17,22.25,22.25,21.549999237060547,21.600000381469727,385218,16.92533302307129
2023-05-18,21.799999237060547,21.799999237060547,21.049999237060547,21.25,551410,16.651079177856445
2023-05-19,21.399999618530273,21.600000381469727,21.049999237060547,21.450000762939453,867000,16.80779457092285
2023-05-22,21.600000381469727,21.850000381469727,21.200000762939453,21.299999237060547,368180,16.69025421142578
2023-05-23,21.399999618530273,21.399999618530273,21.0,21.0,192200,16.455184936523438
2023-05-24,21.049999237060547,21.049999237060547,20.799999237060547,20.899999618530273,232665,16.37682342529297
2023-05-25,20.850000381469727,20.850000381469727,20.350000381469727,20.75,782099,16.259286880493164
2023-05-29,20.899999618530273,21.049999237060547,20.200000762939453,20.450000762939453,2458167,16.02421760559082
2023-05-30,20.450000762939453,20.450000762939453,19.920000076293945,20.100000381469727,1113800,15.749963760375977
2023-05-31,20.049999237060547,20.049999237060547,19.700000762939453,19.860000610351562,2372787,15.561901092529297
2023-06-01,19.81999969482422,20.049999237060547,19.68000030517578,19.920000076293945,1439568,15.608918190002441
2023-06-02,19.920000076293945,20.450000762939453,19.8799991607666,20.399999618530273,2968000,15.98503589630127
2023-06-05,20.549999237060547,20.549999237060547,20.100000381469727,20.299999237060547,1778018,15.906678199768066
2023-06-06,20.200000762939453,20.200000762939453,19.799999237060547,20.149999618530273,1966601,15.789137840270996
2023-06-07,20.149999618530273,20.200000762939453,19.84000015258789,19.8799991607666,1987556,15.5775728225708
2023-06-08,20.100000381469727,20.149999618530273,19.799999237060547,20.049999237060547,1743141,15.710782051086426
2023-06-09,20.399999618530273,20.549999237060547,19.920000076293945,20.25,1345736,15.867498397827148
2023-06-12,20.149999618530273,20.149999618530273,19.739999771118164,19.920000076293945,1447645,15.608918190002441
2023-06-13,19.979999542236328,19.979999542236328,19.600000381469727,19.940000534057617,1546269,15.624588966369629
2023-06-14,19.940000534057617,19.940000534057617,19.5,19.6200008392334,1742120,15.373844146728516
2023-06-15,19.799999237060547,19.84000015258789,19.559999465942383,19.719999313354492,1086420,15.452199935913086
2023-06-16,19.6200008392334,20.350000381469727,19.6200008392334,20.149999618530273,3304054,15.789137840270996
2023-06-19,20.299999237060547,20.649999618530273,20.149999618530273,20.450000762939453,1174421,16.02421760559082
2023-06-20,20.450000762939453,20.450000762939453,20.0,20.049999237060547,442558,15.710782051086426
2023-06-21,20.25,20.399999618530273,19.700000762939453,19.799999237060547,962715,15.514886856079102
2023-06-23,19.700000762939453,20.049999237060547,19.280000686645508,19.34000015258789,1422246,15.154439926147461
2023-06-26,19.239999771118164,19.459999084472656,19.040000915527344,19.040000915527344,1163845,14.919366836547852
2023-06-27,19.100000381469727,19.520000457763672,19.100000381469727,19.399999618530273,738742,15.20145320892334
2023-06-28,19.299999237060547,19.540000915527344,19.18000030517578,19.540000915527344,765501,15.311158180236816
2023-06-29,19.540000915527344,19.540000915527344,19.15999984741211,19.200000762939453,937553,15.044736862182617
2023-06-30,19.15999984741211,19.420000076293945,19.1200008392334,19.1200008392334,912109,14.982054710388184
2023-07-03,19.34000015258789,19.600000381469727,19.219999313354492,19.479999542236328,1038567,15.264141082763672
2023-07-04,19.3799991607666,19.479999542236328,19.239999771118164,19.360000610351562,721048,15.170113563537598
2023-07-05,19.299999237060547,19.579999923706055,19.200000762939453,19.260000228881836,595555,15.091753959655762
2023-07-06,19.260000228881836,19.360000610351562,18.84000015258789,18.899999618530273,1503749,14.809663772583008
2023-07-07,18.799999237060547,18.899999618530273,18.719999313354492,18.799999237060547,619817,14.731307029724121
2023-07-10,19.0,19.079999923706055,18.34000015258789,18.719999313354492,847071,14.668620109558105
2023-07-11,18.719999313354492,19.100000381469727,18.68000030517578,18.860000610351562,640989,14.778321266174316
2023-07-12,18.65999984741211,19.040000915527344,18.6200008392334,18.719999313354492,527836,14.668620109558105
2023-07-13,18.84000015258789,19.100000381469727,18.84000015258789,18.959999084472656,468000,14.856679916381836
2023-07-14,19.0,19.059999465942383,18.780000686645508,18.899999618530273,1112400,14.809663772583008
2023-07-18,18.84000015258789,18.8799991607666,18.360000610351562,18.520000457763672,1138000,14.511903762817383
2023-07-19,18.5,18.520000457763672,18.040000915527344,18.260000228881836,1443635,14.308175086975098
2023-07-20,18.260000228881836,18.31999969482422,18.100000381469727,18.18000030517578,1026139,14.245485305786133
2023-07-21,18.459999084472656,18.479999542236328,17.799999237060547,18.139999389648438,2444875,14.214143753051758
2023-07-24,18.100000381469727,18.100000381469727,17.739999771118164,17.799999237060547,1458715,13.947726249694824
2023-07-25,18.100000381469727,18.3799991607666,17.940000534057617,18.280000686645508,1974000,14.323846817016602
2023-07-26,18.360000610351562,18.600000381469727,18.34000015258789,18.5,2792700,14.496232986450195
2023-07-27,18.700000762939453,18.979999542236328,18.6200008392334,18.8799991607666,823238,14.79399299621582
2023-07-28,18.860000610351562,18.979999542236328,18.540000915527344,18.81999969482422,796769,14.746977806091309
2023-07-31,18.899999618530273,19.0,18.399999618530273,18.399999618530273,1891802,14.417877197265625
2023-08-01,18.760000228881836,18.8799991607666,18.34000015258789,18.540000915527344,1073941,14.527576446533203
2023-08-02,18.420000076293945,18.540000915527344,18.040000915527344,18.079999923706055,1245983,14.167128562927246
2023-08-03,18.020000457763672,18.420000076293945,17.979999542236328,18.100000381469727,549452,14.182802200317383
2023-08-04,18.020000457763672,18.420000076293945,17.979999542236328,18.020000457763672,1383546,14.120116233825684
2023-08-07,18.280000686645508,18.399999618530273,17.979999542236328,17.979999542236328,926747,14.088769912719727
2023-08-08,18.0,18.0,17.639999389648438,17.799999237060547,972396,13.947726249694824
2023-08-09,17.719999313354492,17.899999618530273,17.520000457763672,17.559999465942383,1149800,13.75966739654541
2023-08-10,17.520000457763672,17.860000610351562,17.520000457763672,17.780000686645508,600359,13.932055473327637
2023-08-11,17.780000686645508,17.959999084472656,17.600000381469727,17.899999618530273,1518719,14.026084899902344
2023-08-14,17.920000076293945,17.920000076293945,17.280000686645508,17.31999969482422,1655661,13.571608543395996
2023-08-15,17.31999969482422,17.540000915527344,16.8799991607666,17.059999465942383,1183000,13.367877960205078
2023-08-16,17.0,17.18000030517578,16.799999237060547,16.940000534057617,1693302,13.273848533630371
2023-08-17,16.940000534057617,17.100000381469727,16.600000381469727,16.979999542236328,610963,13.305191993713379
2023-08-18,16.979999542236328,16.979999542236328,16.700000762939453,16.84000015258789,615845,13.195489883422852
2023-08-21,16.760000228881836,16.799999237060547,16.459999084472656,16.520000457763672,1661101,12.944746017456055
2023-08-22,16.559999465942383,16.600000381469727,16.399999618530273,16.440000534057617,1666727,12.882057189941406
2023-08-23,16.219999313354492,16.360000610351562,16.100000381469727,16.260000228881836,1352373,12.953758239746094
2023-08-24,16.260000228881836,16.780000686645508,16.260000228881836,16.65999984741211,4540403,13.272422790527344
2023-08-25,16.6200008392334,16.6200008392334,16.219999313354492,16.239999771118164,1329700,12.937823295593262
2023-08-28,16.600000381469727,16.600000381469727,15.880000114440918,15.979999542236328,2447731,12.730690956115723
2023-08-29,16.0,16.399999618530273,16.0,16.3799991607666,2100108,13.049357414245605
2023-08-30,16.479999542236328,16.6200008392334,16.239999771118164,16.399999618530273,1234556,13.065290451049805
2023-08-31,16.5,16.559999465942383,16.280000686645508,16.34000015258789,1480020,13.017491340637207
2023-09-04,16.559999465942383,16.84000015258789,16.440000534057617,16.799999237060547,1382792,13.383955001831055
2023-09-05,16.84000015258789,16.84000015258789,16.399999618530273,16.440000534057617,594057,13.097156524658203
2023-09-06,16.68000030517578,16.68000030517578,16.219999313354492,16.540000915527344,971000,13.176824569702148
2023-09-07,16.5,16.68000030517578,16.440000534057617,16.520000457763672,532646,13.160890579223633
2023-09-11,16.31999969482422,16.5,15.819999694824219,15.979999542236328,1630095,12.730690956115723
2023-09-12,15.979999542236328,16.139999389648438,15.65999984741211,15.819999694824219,1045374,12.603225708007812
2023-09-13,15.800000190734863,16.020000457763672,15.619999885559082,15.859999656677246,814217,12.635089874267578
2023-09-14,16.0,16.059999465942383,15.65999984741211,15.84000015258789,1030579,12.619158744812012
2023-09-15,15.920000076293945,15.9399995803833,15.699999809265137,15.84000015258789,1382185,12.619158744812012
2023-09-18,15.739999771118164,15.800000190734863,15.239999771118164,15.319999694824219,2104701,12.204893112182617
2023-09-19,15.319999694824219,15.4399995803833,15.119999885559082,15.319999694824219,1534475,12.204893112182617
2023-09-20,15.539999961853027,15.539999961853027,15.300000190734863,15.34000015258789,738000,12.220826148986816
2023-09-21,15.579999923706055,15.579999923706055,15.079999923706055,15.100000381469727,2118228,12.029626846313477
2023-09-22,15.039999961853027,15.420000076293945,15.0,15.34000015258789,1078484,12.220826148986816
2023-09-25,15.079999923706055,15.460000038146973,14.899999618530273,15.020000457763672,1027345,11.96589469909668
2023-09-26,14.920000076293945,15.020000457763672,14.640000343322754,14.699999809265137,1318246,11.71096134185791
2023-09-27,14.720000267028809,15.039999961853027,14.720000267028809,14.84000015258789,876400,11.822494506835938
2023-09-28,14.800000190734863,14.979999542236328,14.699999809265137,14.720000267028809,362000,11.726895332336426
2023-09-29,14.739999771118164,15.239999771118164,14.739999771118164,15.180000305175781,1095991,12.09335994720459
2023-10-03,15.180000305175781,15.180000305175781,14.579999923706055,14.84000015258789,1023474,11.822494506835938
2023-10-04,14.84000015258789,14.899999618530273,14.640000343322754,14.859999656677246,632064,11.838427543640137
2023-10-05,14.739999771118164,15.100000381469727,14.720000267028809,14.9399995803833,568000,11.90216064453125
2023-10-06,14.960000038146973,15.199999809265137,14.960000038146973,15.100000381469727,629099,12.029626846313477
2023-10-09,15.0,15.180000305175781,14.65999984741211,14.880000114440918,411862,11.854362487792969
2023-10-10,14.899999618530273,15.300000190734863,14.899999618530273,15.100000381469727,533393,12.029626846313477
2023-10-11,15.100000381469727,15.239999771118164,15.020000457763672,15.039999961853027,568932,11.981827735900879
2023-10-12,15.039999961853027,15.100000381469727,14.859999656677246,15.0600004196167,1153262,11.997760772705078
2023-10-13,15.0,15.239999771118164,14.739999771118164,14.739999771118164,978300,11.742827415466309
2023-10-16,14.800000190734863,14.819999694824219,14.699999809265137,14.699999809265137,310578,11.71096134185791
2023-10-17,14.800000190734863,15.0,14.720000267028809,14.9399995803833,524122,11.90216064453125
2023-10-18,14.960000038146973,14.960000038146973,14.65999984741211,14.720000267028809,1042393,11.726895332336426
2023-10-19,14.65999984741211,14.65999984741211,14.460000038146973,14.520000457763672,1207393,11.567562103271484
2023-10-20,14.5,14.699999809265137,14.460000038146973,14.479999542236328,523000,11.53569507598877
2023-10-24,14.479999542236328,14.720000267028809,14.380000114440918,14.579999923706055,959615,11.615362167358398
2023-10-25,14.640000343322754,14.9399995803833,14.420000076293945,14.460000038146973,1072399,11.51976203918457
2023-10-26,14.460000038146973,14.579999923706055,14.279999732971191,14.300000190734863,672220,11.392294883728027
2023-10-27,14.460000038146973,14.680000305175781,14.279999732971191,14.600000381469727,599000,11.631294250488281
2023-10-30,14.600000381469727,14.640000343322754,14.34000015258789,14.359999656677246,796962,11.440093994140625
2023-10-31,14.399999618530273,14.640000343322754,14.380000114440918,14.399999618530273,725022,11.47196102142334
2023-11-01,14.460000038146973,14.600000381469727,14.399999618530273,14.600000381469727,865557,11.631294250488281
2023-11-02,14.600000381469727,15.039999961853027,14.479999542236328,14.859999656677246,1041083,11.838427543640137
2023-11-03,15.100000381469727,15.239999771118164,14.979999542236328,15.079999923706055,823588,12.013693809509277
2023-11-06,15.15999984741211,15.5600004196167,15.15999984741211,15.380000114440918,1068583,12.252693176269531
2023-11-07,15.380000114440918,15.380000114440918,14.800000190734863,14.819999694824219,1111848,11.806560516357422
2023-11-08,14.920000076293945,14.920000076293945,14.699999809265137,14.720000267028809,797000,11.726895332336426
2023-11-09,14.819999694824219,14.880000114440918,14.699999809265137,14.699999809265137,613000,11.71096134185791
2023-11-10,14.680000305175781,14.699999809265137,14.399999618530273,14.479999542236328,1109042,11.53569507598877
2023-11-13,14.619999885559082,14.619999885559082,14.380000114440918,14.539999961853027,1169583,11.583495140075684
2023-11-14,14.640000343322754,14.779999732971191,14.5600004196167,14.720000267028809,627000,11.726895332336426
2023-11-15,14.800000190734863,15.380000114440918,14.800000190734863,15.380000114440918,1236180,12.252693176269531
2023-11-16,15.5600004196167,15.699999809265137,15.119999885559082,15.220000267028809,1154627,12.125226974487305
2023-11-17,15.260000228881836,15.260000228881836,14.880000114440918,15.039999961853027,509000,11.981827735900879
2023-11-20,15.239999771118164,15.479999542236328,15.119999885559082,15.319999694824219,836251,12.204893112182617
2023-11-21,15.5,15.65999984741211,15.359999656677246,15.420000076293945,854632,12.28455924987793
2023-11-22,15.420000076293945,15.4399995803833,15.119999885559082,15.380000114440918,591304,12.252693176269531
2023-11-23,15.239999771118164,15.420000076293945,15.140000343322754,15.420000076293945,381000,12.28455924987793
2023-11-24,15.420000076293945,15.420000076293945,15.220000267028809,15.220000267028809,433000,12.125226974487305
2023-11-27,15.140000343322754,15.140000343322754,14.779999732971191,15.039999961853027,605392,11.981827735900879
2023-11-28,15.039999961853027,15.039999961853027,14.699999809265137,14.819999694824219,673919,11.806560516357422
2023-11-29,14.859999656677246,15.0,14.600000381469727,14.699999809265137,1144345,11.71096134185791
2023-11-30,14.699999809265137,14.859999656677246,14.460000038146973,14.65999984741211,2595913,11.679094314575195
2023-12-01,14.680000305175781,14.84000015258789,14.539999961853027,14.720000267028809,1102000,11.726895332336426
2023-12-04,14.739999771118164,14.84000015258789,14.5,14.539999961853027,1627214,11.583495140075684
2023-12-05,14.5,14.539999961853027,14.420000076293945,14.460000038146973,957983,11.51976203918457
2023-12-06,14.399999618530273,15.359999656677246,14.399999618530273,15.279999732971191,1755745,12.173027992248535
2023-12-07,15.15999984741211,15.279999732971191,14.800000190734863,14.920000076293945,944412,11.886228561401367
2023-12-08,14.920000076293945,15.180000305175781,14.739999771118164,14.760000228881836,1162000,11.75876235961914
2023-12-11,14.800000190734863,14.800000190734863,14.380000114440918,14.520000457763672,1281104,11.567562103271484
2023-12-12,14.460000038146973,14.739999771118164,14.380000114440918,14.65999984741211,878917,11.679094314575195
2023-12-13,14.4399995803833,14.5,14.199999809265137,14.199999809265137,1542030,11.312629699707031
2023-12-14,14.399999618530273,14.920000076293945,14.34000015258789,14.65999984741211,1368001,11.679094314575195
2023-12-15,14.819999694824219,15.279999732971191,14.819999694824219,15.100000381469727,3205092,12.029626846313477
2023-12-18,15.199999809265137,15.199999809265137,14.680000305175781,14.779999732971191,1242516,11.774694442749023
2023-12-19,14.779999732971191,14.779999732971191,14.4399995803833,14.5600004196167,1266585,11.5994291305542
2023-12-20,14.680000305175781,14.84000015258789,14.5,14.579999923706055,1073123,11.615362167358398
2023-12-21,14.579999923706055,14.800000190734863,14.539999961853027,14.739999771118164,830101,11.742827415466309
2023-12-22,14.779999732971191,14.779999732971191,14.5600004196167,14.65999984741211,638746,11.679094314575195
2023-12-27,14.739999771118164,15.0,14.65999984741211,14.880000114440918,578658,11.854362487792969
2023-12-28,15.0,15.420000076293945,15.0,15.380000114440918,1297023,12.252693176269531
2023-12-29,15.460000038146973,15.539999961853027,15.279999732971191,15.5,573768,12.348292350769043
2024-01-02,15.600000381469727,15.600000381469727,15.239999771118164,15.399999618530273,1515949,12.26862621307373
2024-01-03,15.5600004196167,15.5600004196167,15.100000381469727,15.199999809265137,954061,12.109292984008789
2024-01-04,15.119999885559082,15.140000343322754,14.84000015258789,15.020000457763672,1241000,11.96589469909668
2024-01-05,15.100000381469727,15.100000381469727,14.84000015258789,14.84000015258789,1143100,11.822494506835938
2024-01-08,14.84000015258789,14.859999656677246,14.720000267028809,14.819999694824219,667017,11.806560516357422
2024-01-09,14.760000228881836,15.0,14.760000228881836,14.779999732971191,727117,11.774694442749023
2024-01-10,14.84000015258789,14.84000015258789,14.420000076293945,14.539999961853027,1102267,11.583495140075684
2024-01-11,14.5600004196167,14.800000190734863,14.479999542236328,14.65999984741211,819825,11.679094314575195
2024-01-12,14.600000381469727,14.760000228881836,14.539999961853027,14.600000381469727,668000,11.631294250488281
2024-01-15,14.600000381469727,14.600000381469727,14.399999618530273,14.4399995803833,838110,11.503829002380371
2024-01-16,14.4399995803833,14.5,14.119999885559082,14.140000343322754,1584020,11.264830589294434
2024-01-17,14.100000381469727,14.119999885559082,13.4399995803833,13.460000038146973,2972790,10.723097801208496
2024-01-18,13.460000038146973,13.800000190734863,13.300000190734863,13.699999809265137,1393100,10.914297103881836
2024-01-19,13.899999618530273,14.0,13.399999618530273,13.5,609392,10.754965782165527
2024-01-22,13.520000457763672,13.520000457763672,12.920000076293945,13.079999923706055,1674337,10.420366287231445
2024-01-23,13.260000228881836,13.460000038146973,13.079999923706055,13.34000015258789,816940,10.627497673034668
2024-01-24,13.5,13.819999694824219,13.300000190734863,13.720000267028809,1063299,10.930230140686035
2024-01-25,13.720000267028809,13.979999542236328,13.699999809265137,13.920000076293945,1162803,11.089563369750977
2024-01-26,14.0,14.15999984741211,13.800000190734863,13.84000015258789,765181,11.02583122253418
2024-01-29,13.880000114440918,14.119999885559082,13.880000114440918,14.0,723042,11.153295516967773
2024-01-30,14.039999961853027,14.039999961853027,13.65999984741211,13.760000228881836,611400,10.96209716796875
2024-01-31,13.760000228881836,14.100000381469727,13.4399995803833,13.479999542236328,1108453,10.739030838012695
2024-02-01,13.479999542236328,13.479999542236328,13.199999809265137,13.34000015258789,1208006,10.627497673034668
2024-02-02,13.65999984741211,13.739999771118164,13.420000076293945,13.5600004196167,567679,10.802764892578125
2024-02-05,13.5600004196167,13.579999923706055,13.220000267028809,13.319999694824219,618230,10.611564636230469
2024-02-06,13.34000015258789,13.34000015258789,13.100000381469727,13.279999732971191,2565779,10.579697608947754
2024-02-07,13.359999656677246,13.720000267028809,13.34000015258789,13.460000038146973,881871,10.723097801208496
2024-02-08,13.699999809265137,14.0,13.279999732971191,13.300000190734863,1301291,10.595632553100586
2024-02-09,13.300000190734863,13.359999656677246,13.0600004196167,13.260000228881836,502000,10.563764572143555
2024-02-14,13.079999923706055,13.220000267028809,12.65999984741211,13.0600004196167,1116313,10.404433250427246
2024-02-15,13.0600004196167,13.180000305175781,12.84000015258789,13.100000381469727,1167432,10.436299324035645
2024-02-16,13.100000381469727,13.779999732971191,13.100000381469727,13.739999771118164,1764500,10.94616413116455
2024-02-19,13.739999771118164,13.739999771118164,13.420000076293945,13.4399995803833,581500,10.707165718078613
2024-02-20,13.5,13.5,13.220000267028809,13.479999542236328,764000,10.739030838012695
2024-02-21,13.5,13.899999618530273,13.5,13.800000190734863,1414679,10.993964195251465
2024-02-22,13.859999656677246,14.0600004196167,13.140000343322754,13.239999771118164,3571036,10.547832489013672
2024-02-23,13.140000343322754,13.15999984741211,12.699999809265137,12.960000038146973,3525553,10.3247652053833
2024-02-26,13.100000381469727,13.100000381469727,12.819999694824219,12.880000114440918,1918038,10.26103401184082
2024-02-27,12.899999618530273,13.199999809265137,12.720000267028809,13.119999885559082,2301153,10.45223331451416
2024-02-28,13.0,13.420000076293945,12.960000038146973,12.960000038146973,2117529,10.3247652053833
2024-02-29,13.079999923706055,13.140000343322754,12.819999694824219,12.819999694824219,2311761,10.21323299407959
2024-03-01,12.819999694824219,13.039999961853027,12.760000228881836,12.859999656677246,1470698,10.245099067687988
2024-03-04,12.9399995803833,12.979999542236328,12.720000267028809,12.779999732971191,3657729,10.181365966796875
2024-03-05,12.779999732971191,12.779999732971191,12.619999885559082,12.640000343322754,3262227,10.06983470916748
2024-03-06,11.84000015258789,12.0,11.640000343322754,11.720000267028809,2168260,9.97619915008545
2024-03-07,11.800000190734863,11.84000015258789,11.640000343322754,11.819999694824219,1256007,10.061321258544922
2024-03-08,11.880000114440918,12.140000343322754,11.880000114440918,12.020000457763672,935017,10.231563568115234
2024-03-11,12.100000381469727,12.420000076293945,12.100000381469727,12.359999656677246,1580641,10.520977020263672
2024-03-12,12.359999656677246,12.880000114440918,12.239999771118164,12.859999656677246,2425823,10.94658088684082
2024-03-13,12.859999656677246,12.859999656677246,12.4399995803833,12.579999923706055,1575784,10.708242416381836
2024-03-14,12.539999961853027,12.680000305175781,12.520000457763672,12.619999885559082,1355965,10.742290496826172
2024-03-15,12.619999885559082,12.819999694824219,12.380000114440918,12.819999694824219,4276394,10.912532806396484
2024-03-18,12.619999885559082,12.859999656677246,12.619999885559082,12.779999732971191,1454700,10.878483772277832
2024-03-19,12.680000305175781,12.859999656677246,12.600000381469727,12.699999809265137,824289,10.81038761138916
2024-03-20,12.800000190734863,12.800000190734863,12.479999542236328,12.5600004196167,857000,10.691218376159668
2024-03-21,12.5600004196167,12.9399995803833,12.5600004196167,12.619999885559082,1045120,10.742290496826172
2024-03-22,12.600000381469727,12.600000381469727,12.34000015258789,12.479999542236328,835202,10.62312126159668
2024-03-25,12.539999961853027,12.640000343322754,12.420000076293945,12.539999961853027,722657,10.674193382263184
2024-03-26,12.600000381469727,12.640000343322754,12.319999694824219,12.34000015258789,1157075,10.503952026367188
2024-03-27,12.359999656677246,12.460000038146973,12.260000228881836,12.260000228881836,914795,10.4358549118042
2024-03-28,12.420000076293945,12.720000267028809,12.239999771118164,12.619999885559082,1310313,10.742290496826172
2024-04-02,12.699999809265137,12.859999656677246,12.579999923706055,12.65999984741211,1697928,10.776337623596191
2024-04-03,12.680000305175781,12.84000015258789,12.399999618530273,12.460000038146973,920399,10.606097221374512
2024-04-05,12.5,12.539999961853027,12.15999984741211,12.460000038146973,824155,10.606097221374512
2024-04-08,12.5,12.520000457763672,12.220000267028809,12.380000114440918,1162926,10.538000106811523
2024-04-09,12.359999656677246,12.520000457763672,12.300000190734863,12.380000114440918,656015,10.538000106811523
2024-04-10,12.4399995803833,12.5,12.279999732971191,12.279999732971191,529112,10.452878952026367
2024-04-11,12.199999809265137,12.199999809265137,11.920000076293945,12.0600004196167,1677074,10.265613555908203
2024-04-12,12.020000457763672,12.020000457763672,11.779999732971191,11.84000015258789,1592500,10.07834529876709
2024-04-15,11.84000015258789,11.84000015258789,11.600000381469727,11.720000267028809,1071000,9.97619915008545
2024-04-16,11.699999809265137,11.699999809265137,11.300000190734863,11.380000114440918,1387000,9.686787605285645
2024-04-17,11.399999618530273,11.640000343322754,11.319999694824219,11.579999923706055,1587254,9.857030868530273
2024-04-18,11.680000305175781,11.680000305175781,11.4399995803833,11.539999961853027,937573,9.822982788085938
2024-04-19,11.539999961853027,11.539999961853027,11.140000343322754,11.380000114440918,1287021,9.686787605285645
2024-04-22,11.380000114440918,11.720000267028809,11.380000114440918,11.640000343322754,493310,9.908102989196777
2024-04-23,11.699999809265137,11.800000190734863,11.619999885559082,11.720000267028809,528876,9.97619915008545
2024-04-24,11.800000190734863,12.0,11.760000228881836,11.880000114440918,1330300,10.112393379211426
2024-04-25,11.899999618530273,12.020000457763672,11.640000343322754,11.819999694824219,916206,10.061321258544922
2024-04-26,11.880000114440918,12.0600004196167,11.760000228881836,12.0,650379,10.214539527893066
2024-04-29,12.020000457763672,12.300000190734863,11.979999542236328,12.100000381469727,1083000,10.299660682678223
2024-04-30,12.100000381469727,12.279999732971191,12.0600004196167,12.239999771118164,1213726,10.418830871582031
2024-05-02,12.15999984741211,12.460000038146973,11.9399995803833,12.4399995803833,1994416,10.589072227478027
2024-05-03,12.460000038146973,12.5,12.34000015258789,12.34000015258789,1187498,10.503952026367188
2024-05-06,12.420000076293945,12.479999542236328,12.260000228881836,12.359999656677246,617659,10.520977020263672
2024-05-07,12.420000076293945,12.460000038146973,12.180000305175781,12.319999694824219,452000,10.486927032470703
2024-05-08,12.279999732971191,12.279999732971191,11.819999694824219,11.920000076293945,1141886,10.146442413330078
2024-05-09,11.920000076293945,12.0,11.84000015258789,11.960000038146973,1254063,10.180490493774414
2024-05-10,12.020000457763672,12.319999694824219,11.859999656677246,12.260000228881836,1456888,10.4358549118042
2024-05-13,12.199999809265137,12.880000114440918,12.180000305175781,12.779999732971191,3038913,10.878483772277832
2024-05-14,12.779999732971191,12.960000038146973,12.5600004196167,12.640000343322754,2412769,10.759316444396973
2024-05-16,12.640000343322754,12.880000114440918,12.420000076293945,12.800000190734863,2126916,10.895509719848633
2024-05-17,12.880000114440918,13.079999923706055,12.699999809265137,12.960000038146973,1606874,11.031702041625977
2024-05-20,12.960000038146973,13.260000228881836,12.880000114440918,13.0600004196167,1234152,11.11682415008545
2024-05-21,13.079999923706055,13.140000343322754,12.600000381469727,12.739999771118164,1116000,10.844435691833496
2024-05-22,12.779999732971191,12.979999542236328,12.65999984741211,12.739999771118164,672000,10.844435691833496
2024-05-23,12.65999984741211,12.65999984741211,12.260000228881836,12.420000076293945,1311871,10.57204818725586
2024-05-24,12.4399995803833,12.4399995803833,12.119999885559082,12.180000305175781,1186310,10.367757797241211
2024-05-27,12.239999771118164,12.4399995803833,12.020000457763672,12.399999618530273,1182829,10.555024147033691
2024-05-28,12.5,12.539999961853027,12.279999732971191,12.34000015258789,630021,10.503952026367188
2024-05-29,12.239999771118164,12.399999618530273,12.239999771118164,12.300000190734863,679525,10.469903945922852
2024-05-30,12.300000190734863,12.300000190734863,12.119999885559082,12.220000267028809,788993,10.401805877685547
2024-05-31,12.220000267028809,12.399999618530273,12.100000381469727,12.100000381469727,1307529,10.299660682678223
2024-06-03,12.279999732971191,12.399999618530273,12.220000267028809,12.239999771118164,711000,10.418830871582031
2024-06-04,12.359999656677246,12.399999618530273,12.140000343322754,12.220000267028809,721397,10.401805877685547
2024-06-05,12.300000190734863,12.399999618530273,12.100000381469727,12.199999809265137,808000,10.384781837463379
2024-06-06,12.279999732971191,12.319999694824219,11.880000114440918,11.960000038146973,1348050,10.180490493774414
2024-06-07,12.140000343322754,12.100000381469727,11.760000228881836,11.84000015258789,2852406,10.07834529876709
2024-06-11,11.800000190734863,11.9399995803833,11.520000457763672,11.600000381469727,1305170,9.874054908752441
2024-06-12,11.720000267028809,11.84000015258789,11.520000457763672,11.619999885559082,754247,9.891077995300293
2024-06-13,11.800000190734863,11.800000190734863,11.5600004196167,11.699999809265137,865005,9.959176063537598
2024-06-14,11.619999885559082,11.699999809265137,11.5,11.5,805975,9.788933753967285
2024-06-17,11.640000343322754,11.640000343322754,11.319999694824219,11.380000114440918,1375000,9.686787605285645
2024-06-18,11.5600004196167,11.5600004196167,11.319999694824219,11.34000015258789,722500,9.652739524841309
2024-06-19,11.420000076293945,11.640000343322754,11.399999618530273,11.5600004196167,656222,9.840006828308105
2024-06-20,11.539999961853027,11.640000343322754,11.34000015258789,11.34000015258789,215541,9.652739524841309
2024-06-21,11.399999618530273,11.399999618530273,11.260000228881836,11.399999618530273,2345555,9.703811645507812
2024-06-24,11.600000381469727,11.600000381469727,11.180000305175781,11.319999694824219,1079985,9.63571548461914
2024-06-25,11.239999771118164,11.460000038146973,11.239999771118164,11.359999656677246,708500,9.669763565063477
2024-06-26,11.359999656677246,11.479999542236328,11.319999694824219,11.479999542236328,486000,9.7719087600708
2024-06-27,11.300000190734863,11.359999656677246,11.180000305175781,11.220000267028809,662636,9.5505952835083
2024-06-28,11.239999771118164,11.279999732971191,11.140000343322754,11.220000267028809,1069342,9.5505952835083
2024-07-02,11.399999618530273,11.399999618530273,11.140000343322754,11.260000228881836,938530,9.584643363952637
2024-07-03,11.260000228881836,11.399999618530273,11.239999771118164,11.399999618530273,1006084,9.703811645507812
2024-07-04,11.479999542236328,11.5,11.319999694824219,11.34000015258789,400746,9.652739524841309
2024-07-05,11.279999732971191,11.279999732971191,11.15999984741211,11.239999771118164,615105,9.567618370056152
2024-07-08,11.199999809265137,11.220000267028809,10.979999542236328,11.0600004196167,1251909,9.414401054382324
2024-07-09,11.0,11.140000343322754,10.960000038146973,11.140000343322754,789195,9.482497215270996
2024-07-10,11.199999809265137,11.220000267028809,11.0600004196167,11.100000381469727,778205,9.448450088500977
2024-07-11,11.0600004196167,11.239999771118164,11.0600004196167,11.239999771118164,974630,9.567618370056152
2024-07-12,11.319999694824219,11.760000228881836,11.319999694824219,11.65999984741211,1725127,9.925127029418945
2024-07-15,11.4399995803833,11.600000381469727,11.359999656677246,11.420000076293945,665574,9.720836639404297
2024-07-16,11.420000076293945,11.420000076293945,11.180000305175781,11.220000267028809,479000,9.5505952835083
2024-07-17,11.380000114440918,11.460000038146973,11.300000190734863,11.300000190734863,540130,9.618692398071289
2024-07-18,11.300000190734863,11.380000114440918,11.199999809265137,11.34000015258789,474274,9.652739524841309
2024-07-19,11.199999809265137,11.239999771118164,11.119999885559082,11.199999809265137,912000,9.5335693359375
2024-07-22,11.199999809265137,11.199999809265137,10.979999542236328,11.119999885559082,1239789,9.465473175048828
2024-07-23,11.260000228881836,11.260000228881836,11.0,11.079999923706055,1066031,9.43142318725586
2024-07-24,11.100000381469727,11.100000381469727,10.880000114440918,10.960000038146973,1485000,9.329278945922852
2024-07-25,11.0,11.0,10.84000015258789,10.960000038146973,649100,9.329278945922852
2024-07-26,10.979999542236328,11.0600004196167,10.859999656677246,10.9399995803833,544000,9.312254905700684
2024-07-29,10.979999542236328,11.039999961853027,10.920000076293945,10.9399995803833,324906,9.312254905700684
2024-07-30,10.920000076293945,10.979999542236328,10.460000038146973,10.520000457763672,1273000,8.95474624633789
2024-07-31,10.579999923706055,10.739999771118164,10.5,10.699999809265137,1630506,9.107964515686035
2024-08-01,10.819999694824219,10.819999694824219,10.539999961853027,10.640000343322754,985933,9.056891441345215
2024-08-02,10.619999885559082,10.619999885559082,10.359999656677246,10.5,1527000,8.937722206115723
2024-08-05,10.5,10.800000190734863,10.380000114440918,10.640000343322754,1210741,9.056891441345215
2024-08-06,10.640000343322754,10.680000305175781,10.520000457763672,10.5600004196167,1077000,8.988795280456543
2024-08-07,10.5600004196167,10.720000267028809,10.520000457763672,10.680000305175781,940014,9.090940475463867
2024-08-08,10.579999923706055,10.800000190734863,10.579999923706055,10.779999732971191,1082473,9.176060676574707
2024-08-09,10.859999656677246,10.960000038146973,10.84000015258789,10.84000015258789,711200,9.227132797241211
2024-08-12,10.859999656677246,10.899999618530273,10.720000267028809,10.819999694824219,320508,9.21010971069336
2024-08-13,10.819999694824219,10.819999694824219,10.619999885559082,10.779999732971191,308177,9.176060676574707
2024-08-14,10.720000267028809,10.920000076293945,10.699999809265137,10.880000114440918,257220,9.261181831359863
2024-08-15,10.800000190734863,10.899999618530273,10.65999984741211,10.819999694824219,698821,9.21010971069336
2024-08-16,10.819999694824219,10.880000114440918,10.65999984741211,10.760000228881836,504055,9.159037590026855
2024-08-19,10.699999809265137,10.859999656677246,10.699999809265137,10.84000015258789,630492,9.227132797241211
2024-08-20,10.84000015258789,10.880000114440918,10.739999771118164,10.760000228881836,374030,9.159037590026855
2024-08-21,10.760000228881836,10.84000015258789,10.619999885559082,10.720000267028809,282551,9.12498950958252
2024-08-22,10.680000305175781,10.880000114440918,10.619999885559082,10.880000114440918,849500,9.261181831359863
2024-08-23,10.65999984741211,11.460000038146973,10.640000343322754,11.359999656677246,3631291,9.669763565063477
2024-08-26,11.359999656677246,11.739999771118164,11.359999656677246,11.680000305175781,8147142,9.942151069641113
2024-08-27,11.739999771118164,12.180000305175781,11.680000305175781,12.15999984741211,8774093,10.350732803344727
2024-08-28,12.15999984741211,12.5,12.140000343322754,12.319999694824219,7824008,10.486927032470703
2024-08-29,12.279999732971191,12.5,12.279999732971191,12.399999618530273,3366949,10.555024147033691
2024-08-30,12.399999618530273,12.680000305175781,12.300000190734863,12.5600004196167,5143635,10.691218376159668
2024-09-02,12.720000267028809,12.720000267028809,12.34000015258789,12.479999542236328,2399091,10.62312126159668
2024-09-03,12.399999618530273,12.399999618530273,12.039999961853027,12.279999732971191,4221404,10.452878952026367
2024-09-04,12.0600004196167,12.260000228881836,11.979999542236328,12.100000381469727,3304264,10.299660682678223
2024-09-05,12.0600004196167,12.199999809265137,11.979999542236328,12.100000381469727,3782000,10.534732818603516
2024-09-09,12.180000305175781,12.319999694824219,11.859999656677246,12.15999984741211,3403704,10.586971282958984
2024-09-10,12.300000190734863,12.300000190734863,11.819999694824219,11.960000038146973,2568500,10.412842750549316
2024-09-11,11.880000114440918,12.0600004196167,11.800000190734863,11.979999542236328,1105418,10.430256843566895
2024-09-12,12.0,12.039999961853027,11.819999694824219,11.899999618530273,1196000,10.360605239868164
2024-09-13,12.020000457763672,12.0600004196167,11.899999618530273,12.020000457763672,865000,10.465082168579102
2024-09-16,12.020000457763672,12.239999771118164,11.979999542236328,12.239999771118164,3528875,10.656623840332031
2024-09-17,12.260000228881836,12.819999694824219,12.180000305175781,12.65999984741211,4700396,11.02229118347168
2024-09-19,12.779999732971191,12.819999694824219,12.520000457763672,12.600000381469727,1471200,10.970053672790527
2024-09-20,12.699999809265137,12.819999694824219,12.579999923706055,12.640000343322754,5517921,11.00487995147705
2024-09-23,12.720000267028809,12.800000190734863,12.579999923706055,12.619999885559082,1829486,10.987465858459473
2024-09-24,12.779999732971191,12.960000038146973,12.699999809265137,12.84000015258789,3313258,11.179006576538086
2024-09-25,12.899999618530273,13.140000343322754,12.699999809265137,12.699999809265137,2107515,11.057116508483887
2024-09-26,12.739999771118164,12.899999618530273,12.600000381469727,12.859999656677246,2755565,11.196418762207031
2024-09-27,13.100000381469727,13.479999542236328,12.9399995803833,13.380000114440918,5896219,11.649152755737305
2024-09-30,13.5,14.0,13.399999618530273,13.4399995803833,5198651,11.70138931274414
2024-10-02,13.520000457763672,14.460000038146973,13.479999542236328,14.399999618530273,9264045,12.537202835083008
2024-10-03,14.5,14.5,13.640000343322754,14.100000381469727,6895780,12.276012420654297
2024-10-04,14.239999771118164,14.319999694824219,13.819999694824219,14.0600004196167,3514333,12.24118709564209
2024-10-07,14.279999732971191,14.380000114440918,14.0600004196167,14.260000228881836,2574496,12.415314674377441
2024-10-08,14.220000267028809,14.479999542236328,13.199999809265137,13.359999656677246,3963185,11.631739616394043
2024-10-09,13.680000305175781,13.680000305175781,12.899999618530273,13.180000305175781,3709000,11.475024223327637
2024-10-10,13.420000076293945,13.579999923706055,13.199999809265137,13.579999923706055,1443631,11.82327938079834
2024-10-14,13.579999923706055,13.579999923706055,13.020000457763672,13.260000228881836,1149603,11.54467487335205
2024-10-15,13.260000228881836,13.34000015258789,12.819999694824219,12.960000038146973,2233100,11.283483505249023
2024-10-16,12.819999694824219,13.140000343322754,12.779999732971191,13.100000381469727,2365000,11.40537166595459
2024-10-17,13.220000267028809,13.359999656677246,12.600000381469727,12.779999732971191,3091000,11.1267671585083
2024-10-18,13.079999923706055,13.380000114440918,12.600000381469727,13.359999656677246,4013665,11.631739616394043
2024-10-21,13.380000114440918,13.399999618530273,13.020000457763672,13.0600004196167,824157,11.3705472946167
2024-10-22,13.0600004196167,13.15999984741211,12.899999618530273,13.0600004196167,853000,11.3705472946167
2024-10-23,13.220000267028809,13.220000267028809,12.979999542236328,13.0,427901,11.318309783935547
2024-10-24,13.0,13.140000343322754,12.739999771118164,12.779999732971191,1114100,11.1267671585083
2024-10-25,12.800000190734863,12.960000038146973,12.800000190734863,12.899999618530273,787044,11.231244087219238
2024-10-28,12.739999771118164,13.0600004196167,12.739999771118164,13.020000457763672,699300,11.335721969604492
2024-10-29,13.140000343322754,13.199999809265137,12.760000228881836,12.819999694824219,684800,11.161593437194824
2024-10-30,12.819999694824219,12.880000114440918,12.65999984741211,12.739999771118164,998011,11.091941833496094
2024-10-31,12.880000114440918,12.880000114440918,12.539999961853027,12.640000343322754,1130124,11.00487995147705
2024-11-01,12.699999809265137,12.819999694824219,12.600000381469727,12.65999984741211,1824603,11.02229118347168
2024-11-04,12.739999771118164,12.899999618530273,12.600000381469727,12.859999656677246,791850,11.196418762207031
2024-11-05,12.880000114440918,12.960000038146973,12.760000228881836,12.84000015258789,688073,11.179006576538086
2024-11-06,12.899999618530273,12.9399995803833,12.520000457763672,12.760000228881836,1607712,11.109355926513672
2024-11-07,12.640000343322754,12.819999694824219,12.5600004196167,12.800000190734863,561260,11.144181251525879
2024-11-08,12.979999542236328,12.979999542236328,12.65999984741211,12.720000267028809,939540,11.074529647827148
2024-11-11,12.640000343322754,12.680000305175781,12.520000457763672,12.680000305175781,501428,11.039704322814941
2024-11-12,12.779999732971191,12.84000015258789,12.520000457763672,12.640000343322754,1017131,11.00487995147705
2024-11-13,12.520000457763672,12.600000381469727,12.399999618530273,12.579999923706055,1004942,10.952640533447266
2024-11-14,12.5,12.520000457763672,12.300000190734863,12.399999618530273,1421114,10.79592514038086
2024-11-15,12.579999923706055,12.640000343322754,12.4399995803833,12.520000457763672,637400,10.900402069091797
2024-11-18,12.4399995803833,12.680000305175781,12.420000076293945,12.420000076293945,1348418,10.813338279724121
2024-11-19,12.4399995803833,12.5600004196167,12.380000114440918,12.5,379046,10.882988929748535
2024-11-20,12.399999618530273,12.640000343322754,12.399999618530273,12.600000381469727,778368,10.970053672790527
2024-11-21,12.619999885559082,12.680000305175781,12.520000457763672,12.600000381469727,764022,10.970053672790527
2024-11-22,12.600000381469727,12.65999984741211,12.380000114440918,12.460000038146973,1184274,10.848163604736328
2024-11-25,12.420000076293945,12.479999542236328,12.300000190734863,12.4399995803833,1053000,10.830750465393066
2024-11-26,12.319999694824219,12.479999542236328,12.300000190734863,12.460000038146973,874650,10.848163604736328
2024-11-27,12.319999694824219,12.539999961853027,12.319999694824219,12.5,836064,10.882988929748535
2024-11-28,12.4399995803833,12.800000190734863,12.4399995803833,12.579999923706055,726136,10.952640533447266
2024-11-29,12.539999961853027,12.800000190734863,12.460000038146973,12.520000457763672,894000,10.900402069091797
2024-12-02,12.5600004196167,12.779999732971191,12.539999961853027,12.579999923706055,1174348,10.952640533447266
2024-12-03,12.619999885559082,12.720000267028809,12.539999961853027,12.699999809265137,939161,11.057116508483887
2024-12-04,12.680000305175781,12.739999771118164,12.619999885559082,12.699999809265137,375854,11.057116508483887
2024-12-05,12.699999809265137,12.779999732971191,12.640000343322754,12.760000228881836,765691,11.109355926513672
2024-12-06,12.760000228881836,12.880000114440918,12.720000267028809,12.760000228881836,886236,11.109355926513672
2024-12-09,12.760000228881836,12.819999694824219,12.220000267028809,12.819999694824219,4237030,11.161593437194824
2024-12-10,12.859999656677246,13.0,12.619999885559082,12.65999984741211,1508156,11.02229118347168
2024-12-11,12.640000343322754,12.800000190734863,12.5,12.520000457763672,1105596,10.900402069091797
2024-12-12,12.600000381469727,12.699999809265137,12.479999542236328,12.600000381469727,973750,10.970053672790527
2024-12-13,12.579999923706055,12.579999923706055,12.0,12.079999923706055,4181873,10.51732063293457
2024-12-16,12.079999923706055,12.079999923706055,11.720000267028809,11.819999694824219,1958600,10.29095458984375
2024-12-17,11.800000190734863,11.800000190734863,11.640000343322754,11.699999809265137,1728753,10.186477661132812
2024-12-18,11.640000343322754,11.779999732971191,11.640000343322754,11.739999771118164,996074,10.22130298614502
2024-12-19,11.739999771118164,11.739999771118164,11.5600004196167,11.600000381469727,1412500,10.099413871765137
2024-12-20,11.640000343322754,11.739999771118164,11.600000381469727,11.739999771118164,1954872,10.22130298614502
2024-12-23,11.760000228881836,11.9399995803833,11.760000228881836,11.800000190734863,680967,10.273542404174805
2024-12-24,12.039999961853027,12.039999961853027,12.039999961853027,12.039999961853027,0,10.482495307922363
2024-12-27,11.9399995803833,12.119999885559082,11.9399995803833,12.0600004196167,489622,10.499908447265625
2024-12-30,12.0,12.079999923706055,11.800000190734863,11.880000114440918,834817,10.343193054199219
2024-12-31,11.920000076293945,11.920000076293945,11.920000076293945,11.920000076293945,0,10.378019332885742
2025-01-02,11.84000015258789,11.920000076293945,11.720000267028809,11.800000190734863,1079000,10.273542404174805
2025-01-03,11.960000038146973,11.960000038146973,11.680000305175781,11.800000190734863,806536,10.273542404174805
2025-01-06,11.800000190734863,11.880000114440918,11.619999885559082,11.720000267028809,664828,10.203889846801758
2025-01-07,11.739999771118164,11.859999656677246,11.619999885559082,11.739999771118164,641212,10.22130298614502
2025-01-08,11.699999809265137,11.699999809265137,11.359999656677246,11.420000076293945,1911022,9.942699432373047
2025-01-09,11.420000076293945,11.520000457763672,11.319999694824219,11.380000114440918,1081015,9.907873153686523
2025-01-10,11.359999656677246,11.359999656677246,11.039999961853027,11.140000343322754,2022700,9.698920249938965
2025-01-13,11.100000381469727,11.300000190734863,10.979999542236328,11.119999885559082,3430417,9.681507110595703
2025-01-14,11.020000457763672,11.239999771118164,11.020000457763672,11.0600004196167,2261000,9.62926959991455
2025-01-15,11.020000457763672,11.100000381469727,10.9399995803833,11.100000381469727,1691393,9.664095878601074
2025-01-16,11.020000457763672,11.260000228881836,10.979999542236328,11.0,1820005,9.577030181884766
2025-01-17,11.039999961853027,11.260000228881836,10.960000038146973,11.239999771118164,2627000,9.785983085632324
2025-01-20,11.239999771118164,11.4399995803833,11.220000267028809,11.34000015258789,1963000,9.873047828674316
2025-01-21,11.399999618530273,11.4399995803833,11.239999771118164,11.34000015258789,1735103,9.873047828674316
2025-01-22,11.239999771118164,11.239999771118164,11.100000381469727,11.180000305175781,1148382,9.733746528625488
2025-01-23,11.220000267028809,11.260000228881836,11.079999923706055,11.15999984741211,1032005,9.716333389282227
2025-01-24,11.100000381469727,11.279999732971191,11.039999961853027,11.180000305175781,2144000,9.733746528625488
2025-01-27,11.15999984741211,11.4399995803833,11.140000343322754,11.380000114440918,1185772,9.907873153686523
2025-01-28,11.260000228881836,11.260000228881836,11.260000228881836,11.260000228881836,0,9.803396224975586
2025-02-03,11.100000381469727,11.4399995803833,11.0,11.380000114440918,3785726,9.907873153686523
2025-02-04,11.380000114440918,11.479999542236328,11.199999809265137,11.380000114440918,1335525,9.907873153686523
2025-02-05,11.460000038146973,11.460000038146973,11.220000267028809,11.300000190734863,1803431,9.83822250366211
2025-02-06,11.239999771118164,11.4399995803833,11.239999771118164,11.399999618530273,805330,9.925285339355469
2025-02-07,11.239999771118164,11.479999542236328,11.239999771118164,11.399999618530273,1114095,9.925285339355469
2025-02-10,11.300000190734863,11.460000038146973,11.300000190734863,11.4399995803833,752000,9.960111618041992
2025-02-11,11.479999542236328,11.479999542236328,11.199999809265137,11.279999732971191,1145373,9.820808410644531
2025-02-12,11.380000114440918,11.84000015258789,11.34000015258789,11.800000190734863,2616815,10.273542404174805
2025-02-13,11.800000190734863,11.800000190734863,11.479999542236328,11.5,1307106,10.012350082397461
2025-02-14,11.680000305175781,11.979999542236328,11.65999984741211,11.9399995803833,1771100,10.395430564880371
2025-02-17,11.880000114440918,12.15999984741211,11.819999694824219,12.039999961853027,1754320,10.482495307922363
2025-02-18,12.039999961853027,12.619999885559082,11.84000015258789,12.579999923706055,3347162,10.952640533447266
2025-02-19,12.699999809265137,13.119999885559082,12.619999885559082,12.920000076293945,5434325,11.248658180236816
2025-02-20,12.84000015258789,13.079999923706055,12.779999732971191,12.84000015258789,2827957,11.179006576538086
2025-02-21,12.720000267028809,12.979999542236328,12.640000343322754,12.859999656677246,2627930,11.196418762207031
2025-02-24,12.859999656677246,13.420000076293945,12.800000190734863,13.220000267028809,3574276,11.509848594665527
2025-02-25,13.220000267028809,13.4399995803833,13.180000305175781,13.380000114440918,2901045,11.649152755737305
2025-02-26,13.4399995803833,13.460000038146973,13.300000190734863,13.359999656677246,2601495,11.631739616394043
2025-02-27,13.4399995803833,13.619999885559082,13.380000114440918,13.600000381469727,3673186,11.840692520141602
2025-02-28,13.539999961853027,13.5600004196167,13.220000267028809,13.380000114440918,3508322,11.649152755737305
2025-03-03,12.300000190734863,12.65999984741211,12.300000190734863,12.460000038146973,3207734,11.547209739685059
2025-03-04,12.399999618530273,12.699999809265137,12.239999771118164,12.579999923706055,1605239,11.658418655395508
2025-03-05,12.640000343322754,13.020000457763672,12.640000343322754,13.0,2205650,12.047650337219238
2025-03-06,13.079999923706055,13.359999656677246,13.0,13.180000305175781,3497435,12.21446418762207
2025-03-07,13.15999984741211,13.15999984741211,12.819999694824219,12.84000015258789,1066616,11.899373054504395
2025-03-10,13.119999885559082,13.119999885559082,12.819999694824219,12.9399995803833,1642322,11.992045402526855
2025-03-11,12.880000114440918,13.0600004196167,12.720000267028809,12.960000038146973,1469737,12.010581016540527
2025-03-12,12.9399995803833,13.0,12.739999771118164,12.800000190734863,1335164,11.862302780151367
2025-03-13,12.84000015258789,12.899999618530273,12.5600004196167,12.680000305175781,2735860,11.751093864440918
2025-03-14,12.680000305175781,12.779999732971191,12.5,12.539999961853027,1387890,11.62134838104248
2025-03-17,12.5600004196167,12.739999771118164,12.5,12.5,914854,11.58427906036377
2025-03-18,12.539999961853027,12.600000381469727,12.420000076293945,12.5600004196167,899334,11.639884948730469
2025-03-19,12.579999923706055,12.819999694824219,12.5600004196167,12.819999694824219,2891091,11.880836486816406
2025-03-20,12.800000190734863,12.960000038146973,12.520000457763672,12.65999984741211,1318966,11.732558250427246
2025-03-21,12.600000381469727,12.640000343322754,12.380000114440918,12.380000114440918,1695036,11.473071098327637
2025-03-24,12.5,12.600000381469727,12.300000190734863,12.399999618530273,818223,11.491604804992676
2025-03-25,12.5,12.579999923706055,12.399999618530273,12.460000038146973,1488000,11.547209739685059
2025-03-26,12.600000381469727,12.779999732971191,12.479999542236328,12.65999984741211,1661000,11.732558250427246
2025-03-27,12.65999984741211,12.680000305175781,12.4399995803833,12.5,1361746,11.58427906036377
2025-03-28,12.600000381469727,12.600000381469727,12.399999618530273,12.5,1590944,11.58427906036377
2025-03-31,12.479999542236328,12.65999984741211,12.359999656677246,12.600000381469727,3218568,11.67695426940918
2025-04-01,12.600000381469727,12.899999618530273,12.600000381469727,12.640000343322754,1969758,11.71402359008789
2025-04-02,12.699999809265137,12.800000190734863,12.640000343322754,12.739999771118164,3726795,11.806696891784668
2025-04-03,12.5,12.779999732971191,12.5,12.720000267028809,2043954,11.788163185119629
2025-04-07,12.100000381469727,12.199999809265137,11.640000343322754,11.9399995803833,4190867,11.065302848815918
2025-04-08,12.199999809265137,12.199999809265137,11.720000267028809,11.979999542236328,6127135,11.102373123168945
2025-04-09,11.84000015258789,12.0,11.65999984741211,11.800000190734863,3925814,10.935559272766113
2025-04-10,11.859999656677246,12.0,11.65999984741211,11.819999694824219,2023468,10.954094886779785
2025-04-11,11.819999694824219,11.819999694824219,11.600000381469727,11.699999809265137,1518597,10.84288501739502
2025-04-14,11.899999618530273,12.199999809265137,11.800000190734863,12.100000381469727,3282890,11.213582992553711
2025-04-15,12.100000381469727,12.239999771118164,11.979999542236328,12.079999923706055,1528528,11.195047378540039
2025-04-16,12.079999923706055,12.300000190734863,12.039999961853027,12.15999984741211,4420198,11.269186973571777
2025-04-17,12.220000267028809,12.5,12.180000305175781,12.300000190734863,2312475,11.398931503295898
2025-04-22,12.34000015258789,12.34000015258789,12.079999923706055,12.220000267028809,1701158,11.32479190826416
2025-04-23,12.380000114440918,12.399999618530273,12.100000381469727,12.279999732971191,1927580,11.380396842956543
2025-04-24,12.34000015258789,12.460000038146973,12.199999809265137,12.399999618530273,2075272,11.491604804992676
2025-04-25,12.300000190734863,12.5600004196167,12.279999732971191,12.479999542236328,2531030,11.565744400024414
2025-04-28,12.319999694824219,12.579999923706055,12.300000190734863,12.479999542236328,1260000,11.565744400024414
2025-04-29,12.539999961853027,12.65999984741211,12.380000114440918,12.380000114440918,510739,11.473071098327637
2025-04-30,12.399999618530273,12.859999656677246,12.399999618530273,12.65999984741211,3342000,11.732558250427246
2025-05-02,12.739999771118164,12.920000076293945,12.520000457763672,12.819999694824219,1717000,11.880836486816406
2025-05-06,12.880000114440918,12.880000114440918,12.579999923706055,12.760000228881836,732542,11.825233459472656
2025-05-07,12.779999732971191,12.899999618530273,12.699999809265137,12.699999809265137,1344571,11.769627571105957
2025-05-08,12.699999809265137,12.880000114440918,12.600000381469727,12.760000228881836,1523800,11.825233459472656
2025-05-09,12.84000015258789,13.020000457763672,12.699999809265137,13.0,1717797,12.047650337219238
2025-05-12,13.0,13.199999809265137,12.9399995803833,12.960000038146973,1797108,12.010581016540527
2025-05-13,13.079999923706055,13.15999984741211,13.0,13.0600004196167,1715330,12.103255271911621
2025-05-14,12.819999694824219,13.0,12.819999694824219,12.9399995803833,925060,11.992045402526855
2025-05-15,13.0,13.039999961853027,12.800000190734863,12.899999618530273,1519000,11.954976081848145
2025-05-16,12.899999618530273,12.9399995803833,12.779999732971191,12.920000076293945,691000,11.9735107421875
2025-05-19,12.699999809265137,13.020000457763672,12.699999809265137,12.899999618530273,519320,11.954976081848145
2025-05-20,12.859999656677246,12.979999542236328,12.84000015258789,12.859999656677246,963980,11.917905807495117
2025-05-21,12.859999656677246,13.039999961853027,12.819999694824219,12.979999542236328,890401,12.029115676879883
2025-05-22,13.0,13.0,12.739999771118164,12.819999694824219,788810,11.880836486816406
2025-05-23,12.880000114440918,12.880000114440918,12.779999732971191,12.859999656677246,1025665,11.917905807495117
2025-05-26,12.859999656677246,12.880000114440918,12.779999732971191,12.779999732971191,562000,11.843766212463379
2025-05-27,12.84000015258789,12.84000015258789,12.699999809265137,12.800000190734863,914000,11.862302780151367
2025-05-28,12.800000190734863,12.920000076293945,12.640000343322754,12.680000305175781,1156000,11.751093864440918
2025-05-29,12.65999984741211,12.819999694824219,12.640000343322754,12.800000190734863,434000,11.862302780151367
2025-05-30,12.800000190734863,12.899999618530273,12.779999732971191,12.899999618530273,1392000,11.954976081848145
2025-06-02,12.819999694824219,12.84000015258789,12.619999885559082,12.819999694824219,1283000,11.880836486816406
2025-06-03,12.899999618530273,13.140000343322754,12.819999694824219,13.020000457763672,2001262,12.066184997558594
2025-06-04,13.020000457763672,13.300000190734863,13.020000457763672,13.220000267028809,2176560,12.251534461975098
2025-06-05,13.380000114440918,13.720000267028809,13.359999656677246,13.5,2905000,12.511022567749023
2025-06-06,13.619999885559082,14.039999961853027,13.460000038146973,14.039999961853027,8706480,13.011462211608887
2025-06-09,13.979999542236328,14.039999961853027,13.5600004196167,13.65999984741211,2230150,12.659300804138184
2025-06-10,13.539999961853027,13.779999732971191,13.539999961853027,13.680000305175781,925340,12.677836418151855
2025-06-11,13.760000228881836,13.760000228881836,13.579999923706055,13.699999809265137,2034483,12.696370124816895
2025-06-12,13.699999809265137,13.899999618530273,13.680000305175781,13.819999694824219,1972000,12.80757999420166
2025-06-13,13.880000114440918,13.960000038146973,13.720000267028809,13.960000038146973,1269697,12.937323570251465
2025-06-16,13.979999542236328,14.380000114440918,13.859999656677246,14.300000190734863,2904553,13.252415657043457
2025-06-17,14.279999732971191,14.34000015258789,13.979999542236328,14.0600004196167,2066000,13.029998779296875
2025-06-18,13.9399995803833,13.960000038146973,13.619999885559082,13.720000267028809,1483274,12.714905738830566
2025-06-19,13.699999809265137,13.699999809265137,13.479999542236328,13.619999885559082,1750000,12.622230529785156
2025-06-20,13.5,13.699999809265137,13.5,13.600000381469727,2245217,12.603696823120117
2025-06-23,13.579999923706055,13.920000076293945,13.479999542236328,13.899999618530273,2404210,12.881718635559082
2025-06-24,13.9399995803833,14.15999984741211,13.899999618530273,13.960000038146973,2088138,12.937323570251465
2025-06-25,13.960000038146973,14.5,13.960000038146973,14.399999618530273,3602640,13.345088958740234
2025-06-26,14.34000015258789,14.34000015258789,13.960000038146973,14.0600004196167,1473108,13.029998779296875
2025-06-27,14.199999809265137,14.359999656677246,14.0,14.15999984741211,1304373,13.122671127319336
2025-06-30,14.260000228881836,14.279999732971191,14.039999961853027,14.100000381469727,2478614,13.067068099975586
2025-07-02,14.34000015258789,14.5600004196167,14.100000381469727,14.5,3237828,13.437764167785645
2025-07-03,14.5,15.119999885559082,14.5,14.9399995803833,6186242,13.84553050994873
2025-07-04,14.9399995803833,15.0600004196167,14.720000267028809,15.0600004196167,2599000,13.956740379333496
2025-07-07,15.0600004196167,15.140000343322754,14.880000114440918,15.079999923706055,2952129,13.975275039672852
2025-07-08,15.140000343322754,15.180000305175781,14.899999618530273,15.079999923706055,2424276,13.975275039672852
2025-07-09,15.020000457763672,15.180000305175781,14.739999771118164,15.0,3019633,13.901135444641113
2025-07-10,15.0,15.119999885559082,14.859999656677246,14.979999542236328,2415964,13.882600784301758
2025-07-11,14.899999618530273,15.0600004196167,14.739999771118164,14.84000015258789,1945477,13.752857208251953
2025-07-14,14.920000076293945,15.180000305175781,14.84000015258789,15.100000381469727,2911439,13.993809700012207
2025-07-15,15.0,15.220000267028809,14.920000076293945,15.119999885559082,3494076,14.012345314025879
2025-07-16,15.039999961853027,15.180000305175781,14.979999542236328,15.0,1421000,13.901135444641113
2025-07-17,14.979999542236328,15.220000267028809,14.880000114440918,14.9399995803833,812366,13.84553050994873
2025-07-18,14.899999618530273,15.0,14.699999809265137,14.859999656677246,1200048,13.771390914916992
2025-07-21,15.020000457763672,15.020000457763672,14.84000015258789,15.0,1842010,13.901135444641113
2025-07-22,15.020000457763672,15.239999771118164,15.0,15.140000343322754,2433300,14.030879974365234
2025-07-23,15.199999809265137,15.479999542236328,15.100000381469727,15.260000228881836,2159854,14.142088890075684
2025-07-24,15.300000190734863,15.359999656677246,15.0600004196167,15.15999984741211,2569807,14.049413681030273
2025-07-25,15.180000305175781,15.4399995803833,15.079999923706055,15.34000015258789,1517815,14.216227531433105
2025-07-28,15.380000114440918,15.680000305175781,15.300000190734863,15.600000381469727,2837107,14.457181930541992
2025-07-29,15.640000343322754,15.979999542236328,15.579999923706055,15.899999618530273,3478996,14.73520278930664
2025-07-30,16.0,16.0,15.859999656677246,15.979999542236328,2261916,14.809343338012695
2025-07-31,16.020000457763672,16.100000381469727,15.65999984741211,15.65999984741211,3173000,14.512784957885742
2025-08-01,15.800000190734863,15.9399995803833,15.520000457763672,15.520000457763672,1980768,14.383042335510254
2025-08-04,15.520000457763672,15.770000457763672,15.430000305175781,15.720000267028809,2028995,14.568389892578125
2025-08-05,15.829999923706055,15.829999923706055,15.5,15.65999984741211,1539074,14.512784957885742
2025-08-06,15.649999618530273,15.680000305175781,15.539999961853027,15.600000381469727,1286740,14.457181930541992
2025-08-07,15.649999618530273,15.960000038146973,15.569999694824219,15.859999656677246,1713794,14.698132514953613
2025-08-08,15.899999618530273,15.899999618530273,15.59000015258789,15.6899995803833,1277979,14.540587425231934
2025-08-11,15.699999809265137,15.819999694824219,15.600000381469727,15.770000457763672,1305000,14.614727973937988
2025-08-12,15.619999885559082,15.75,15.600000381469727,15.710000038146973,1324073,14.559123039245605
2025-08-13,15.649999618530273,15.649999618530273,15.510000228881836,15.529999732971191,1714721,14.392308235168457
2025-08-14,15.529999732971191,16.010000228881836,15.350000381469727,15.670000076293945,5263285,14.522052764892578
2025-08-15,15.670000076293945,15.850000381469727,15.380000114440918,15.399999618530273,3128787,14.271832466125488
2025-08-18,15.399999618530273,15.470000267028809,15.039999961853027,15.050000190734863,4066000,13.94747257232666
2025-08-19,15.050000190734863,15.1899995803833,14.819999694824219,14.850000381469727,1844661,13.762125015258789
2025-08-20,14.850000381469727,14.979999542236328,14.640000343322754,14.90999984741211,1959476,13.817728042602539
2025-08-21,15.0,15.210000038146973,14.859999656677246,15.119999885559082,3009093,14.012345314025879
2025-08-22,15.119999885559082,15.180000305175781,14.979999542236328,15.069999694824219,1357086,13.966007232666016
2025-08-25,15.100000381469727,15.350000381469727,15.100000381469727,15.1899995803833,1682684,14.077215194702148
2025-08-26,15.199999809265137,15.220000267028809,14.979999542236328,15.020000457763672,2974350,13.919670104980469
2025-08-27,14.800000190734863,15.029999732971191,14.710000038146973,14.789999961853027,3295100,13.957418441772461
2025-08-28,14.760000228881836,14.819999694824219,14.65999984741211,14.729999542236328,1162000,13.900795936584473
2025-08-29,14.720000267028809,14.869999885559082,14.600000381469727,14.640000343322754,4172000,13.815862655639648
2025-09-01,14.619999885559082,14.779999732971191,14.569999694824219,14.779999732971191,1624121,13.947981834411621
2025-09-02,14.699999809265137,15.180000305175781,14.699999809265137,15.119999885559082,2058000,14.268841743469238
2025-09-03,15.119999885559082,15.279999732971191,15.050000190734863,15.100000381469727,1001406,14.249967575073242
2025-09-04,15.0,15.180000305175781,14.970000267028809,15.149999618530273,989469,14.297152519226074
2025-09-05,15.119999885559082,15.399999618530273,15.050000190734863,15.399999618530273,1229648,14.533079147338867
2025-09-08,15.420000076293945,15.680000305175781,15.34000015258789,15.579999923706055,2545000,14.702946662902832
2025-09-09,15.579999923706055,15.90999984741211,15.5,15.8100004196167,2432000,14.919999122619629
2025-09-10,15.899999618530273,16.1200008392334,15.710000038146973,16.059999465942383,2724120,15.155925750732422
2025-09-11,16.040000915527344,16.280000686645508,15.800000190734863,16.25,3351270,15.335229873657227
2025-09-12,16.219999313354492,16.3799991607666,16.0,16.18000030517578,1773292,15.269171714782715
2025-09-15,16.139999389648438,16.239999771118164,16.0,16.190000534057617,1606000,15.278608322143555
2025-09-16,16.209999084472656,16.690000534057617,16.209999084472656,16.649999618530273,3915340,15.712713241577148
2025-09-17,16.649999618530273,16.649999618530273,16.149999618530273,16.270000457763672,1625017,15.354104995727539
2025-09-18,16.270000457763672,16.309999465942383,16.040000915527344,16.100000381469727,799000,15.19367504119873
2025-09-19,16.100000381469727,16.299999237060547,15.970000267028809,16.15999984741211,4050171,15.250296592712402
2025-09-22,16.059999465942383,16.110000610351562,15.850000381469727,15.960000038146973,1367298,15.061554908752441
2025-09-23,15.960000038146973,16.059999465942383,15.880000114440918,15.9399995803833,1032497,15.042680740356445
2025-09-24,15.930000305175781,15.9399995803833,15.770000457763672,15.859999656677246,1926348,14.967184066772461
2025-09-25,15.859999656677246,15.869999885559082,15.380000114440918,15.5,3658461,14.627449989318848
2025-09-26,15.5,15.789999961853027,15.300000190734863,15.59000015258789,2691748,14.712384223937988
2025-09-29,15.789999961853027,16.010000228881836,15.619999885559082,15.890000343322754,2021000,14.995495796203613
2025-09-30,15.890000343322754,16.059999465942383,15.819999694824219,15.899999618530273,1708040,15.004932403564453
2025-10-02,16.040000915527344,16.309999465942383,15.9399995803833,15.970000267028809,2391709,15.070992469787598
2025-10-03,16.200000762939453,16.200000762939453,15.84000015258789,15.880000114440918,749075,14.986059188842773
2025-10-06,15.859999656677246,15.9399995803833,15.699999809265137,15.800000190734863,1634000,14.910562515258789
2025-10-08,15.800000190734863,16.18000030517578,15.6899995803833,15.920000076293945,1174780,15.023807525634766
2025-10-09,15.90999984741211,16.139999389648438,15.859999656677246,16.049999237060547,768464,15.146488189697266
2025-10-10,15.819999694824219,16.079999923706055,15.800000190734863,15.930000305175781,737995,15.033244132995605
2025-10-13,15.550000190734863,15.949999809265137,15.460000038146973,15.859999656677246,1831396,14.967184066772461
2025-10-14,15.770000457763672,16.079999923706055,15.680000305175781,15.680000305175781,1475940,14.797317504882812
2025-10-15,15.600000381469727,15.970000267028809,15.600000381469727,15.899999618530273,1716376,15.004932403564453
2025-10-16,15.979999542236328,15.979999542236328,15.670000076293945,15.800000190734863,1157640,14.910562515258789
2025-10-17,15.739999771118164,15.880000114440918,15.550000190734863,15.619999885559082,3900873,14.740694999694824
2025-10-20,15.800000190734863,16.170000076293945,15.720000267028809,16.1299991607666,2352302,15.221983909606934
2025-10-21,16.149999618530273,16.190000534057617,16.0,16.0,1190195,15.099303245544434
2025-10-22,16.1299991607666,16.1299991607666,15.789999961853027,15.9399995803833,3076234,15.042680740356445
2025-10-23,15.989999771118164,15.989999771118164,15.699999809265137,15.829999923706055,1448983,14.938873291015625
2025-10-24,15.829999923706055,16.0,15.829999923706055,15.960000038146973,1360000,15.061554908752441
2025-10-27,16.0,16.219999313354492,15.949999809265137,16.209999084472656,1533681,15.297480583190918
2025-10-28,16.209999084472656,16.31999969482422,16.1299991607666,16.25,1057000,15.335229873657227
2025-10-30,16.399999618530273,16.469999313354492,15.880000114440918,16.100000381469727,2024520,15.19367504119873
2025-10-31,15.989999771118164,16.190000534057617,15.760000228881836,16.100000381469727,1823107,15.19367504119873
2025-11-03,16.09000015258789,16.209999084472656,15.899999618530273,16.170000076293945,2132249,15.259733200073242
2025-11-04,16.149999618530273,16.290000915527344,16.010000228881836,16.1299991607666,1318487,15.221983909606934
2025-11-05,16.049999237060547,16.260000228881836,15.890000343322754,16.260000228881836,2005321,15.344667434692383
2025-11-06,16.219999313354492,16.329999923706055,16.1200008392334,16.299999237060547,1232848,15.382414817810059
2025-11-07,16.280000686645508,16.350000381469727,16.0,16.18000030517578,1567378,15.269171714782715
2025-11-10,16.209999084472656,16.549999237060547,16.209999084472656,16.510000228881836,1750399,15.580594062805176
2025-11-11,16.579999923706055,16.959999084472656,16.559999465942383,16.93000030517578,2793961,15.976950645446777
2025-11-12,17.0,18.219999313354492,16.8799991607666,17.8799991607666,6941352,16.873470306396484
2025-11-13,17.8799991607666,18.100000381469727,17.700000762939453,17.8700008392334,3489807,16.86403465270996
2025-11-14,17.799999237060547,18.170000076293945,17.799999237060547,17.809999465942383,2354810,16.807411193847656
2025-11-17,17.809999465942383,18.5,17.469999313354492,17.719999313354492,2230886,16.72247886657715
2025-11-18,17.719999313354492,17.799999237060547,17.420000076293945,17.700000762939453,2013475,16.70360565185547
2025-11-19,17.649999618530273,17.850000381469727,17.649999618530273,17.790000915527344,1110618,16.788537979125977
2025-11-20,17.860000610351562,17.989999771118164,17.479999542236328,17.709999084472656,2342672,16.713041305541992
2025-11-21,17.479999542236328,17.700000762939453,17.3799991607666,17.5,2772956,16.514863967895508
2025-11-24,17.5,17.899999618530273,17.450000762939453,17.739999771118164,2442683,16.741352081298828
2025-11-25,17.799999237060547,17.84000015258789,17.59000015258789,17.610000610351562,1430845,16.618671417236328
2025-11-26,17.6299991607666,18.079999923706055,17.6299991607666,17.93000030517578,2159936,16.920658111572266
2025-11-27,17.829999923706055,18.149999618530273,17.6299991607666,18.040000915527344,2235729,17.024465560913086
2025-11-28,17.93000030517578,17.93000030517578,17.65999984741211,17.719999313354492,2706450,16.72247886657715
2025-12-01,17.719999313354492,17.969999313354492,17.639999389648438,17.780000686645508,1541447,16.779102325439453
2025-12-02,17.799999237060547,18.200000762939453,17.770000457763672,18.200000762939453,2062882,17.175458908081055
2025-12-03,17.979999542236328,18.1299991607666,17.739999771118164,17.8700008392334,1878616,16.86403465270996
2025-12-04,17.6200008392334,17.899999618530273,17.510000228881836,17.790000915527344,715939,16.788537979125977
2025-12-05,17.799999237060547,17.899999618530273,17.639999389648438,17.899999618530273,1283670,16.892345428466797
2025-12-08,17.770000457763672,18.049999237060547,17.579999923706055,17.600000381469727,987315,16.609233856201172
2025-12-09,17.530000686645508,17.979999542236328,17.530000686645508,17.899999618530273,1215800,16.892345428466797
2025-12-10,17.959999084472656,18.6200008392334,17.600000381469727,18.420000076293945,3872165,17.383073806762695
2025-12-11,18.420000076293945,18.649999618530273,18.3700008392334,18.5,1184758,17.45857048034668
2025-12-12,18.600000381469727,18.889999389648438,18.600000381469727,18.81999969482422,1606858,17.760555267333984
2025-12-15,18.729999542236328,18.809999465942383,18.600000381469727,18.6299991607666,1404890,17.58125114440918
2025-12-16,18.6299991607666,18.889999389648438,18.399999618530273,18.540000915527344,930780,17.496318817138672
2025-12-17,18.559999465942383,18.799999237060547,18.469999313354492,18.65999984741211,1214738,17.60956382751465
2025-12-18,18.760000228881836,18.8799991607666,18.5,18.649999618530273,1475025,17.60012435913086
2025-12-19,18.649999618530273,18.93000030517578,18.6200008392334,18.719999313354492,2745561,17.66618537902832
2025-12-22,18.950000762939453,18.959999084472656,18.5,18.84000015258789,1773131,17.779430389404297
2025-12-23,18.799999237060547,18.799999237060547,18.6299991607666,18.709999084472656,817353,17.656747817993164
2025-12-24,18.719999313354492,18.719999313354492,18.719999313354492,18.719999313354492,0,17.66618537902832
2025-12-29,18.75,18.780000686645508,18.540000915527344,18.649999618530273,1310052,17.60012435913086
2025-12-30,18.770000457763672,18.950000762939453,18.5,18.709999084472656,1277813,17.656747817993164
2025-12-31,18.829999923706055,18.829999923706055,18.829999923706055,18.829999923706055,0,17.76999282836914
2026-01-02,18.8799991607666,19.0,18.639999389648438,18.8799991607666,1784704,17.81717872619629
2026-01-05,19.0,19.0,18.5,18.6299991607666,2661116,17.58125114440918
2026-01-06,18.639999389648438,19.0,18.1200008392334,18.25,1530578,17.22264289855957
2026-01-07,18.299999237060547,18.600000381469727,18.280000686645508,18.43000030517578,955449,17.39250946044922
2026-01-08,18.40999984741211,18.729999542236328,18.229999542236328,18.520000457763672,1331847,17.47744369506836
2026-01-09,18.600000381469727,18.969999313354492,18.399999618530273,18.969999313354492,1371808,17.902111053466797
2026-01-12,18.969999313354492,19.219999313354492,18.8700008392334,19.200000762939453,1315974,18.119165420532227
2026-01-13,19.200000762939453,19.5,19.0,19.34000015258789,1497521,18.25128173828125
2026-01-14,19.420000076293945,19.5,19.06999969482422,19.290000915527344,1362634,18.204097747802734
2026-01-15,19.290000915527344,19.520000457763672,19.25,19.510000228881836,940860,18.411712646484375
2026-01-16,19.549999237060547,20.420000076293945,19.450000762939453,20.3799991607666,3970065,19.232738494873047
2026-01-19,20.3799991607666,20.479999542236328,19.81999969482422,20.280000686645508,3199624,19.13836669921875
2026-01-20,20.299999237060547,20.639999389648438,20.079999923706055,20.5,1871700,19.34598159790039
2026-01-21,20.5,20.6200008392334,20.299999237060547,20.5,1119039,19.34598159790039
2026-01-22,20.200000762939453,21.760000228881836,20.200000762939453,21.520000457763672,5151365,20.308563232421875
2026-01-23,21.31999969482422,21.520000457763672,20.899999618530273,21.079999923706055,2008365,19.89333152770996
2026-01-26,21.079999923706055,22.700000762939453,20.899999618530273,21.65999984741211,4423895,20.44068145751953
2026-01-27,21.68000030517578,21.8799991607666,21.579999923706055,21.780000686645508,1330603,20.553926467895508
2026-01-28,21.780000686645508,22.020000457763672,21.440000534057617,21.5,2059474,20.289690017700195
2026-01-29,21.31999969482422,21.639999389648438,21.020000457763672,21.559999465942383,2584840,20.346311569213867
2026-01-30,21.65999984741211,22.0,21.360000610351562,21.440000534057617,2187293,20.23306655883789
2026-02-02,21.139999389648438,21.540000915527344,20.899999618530273,21.18000030517578,1324156,19.987703323364258
2026-02-03,21.18000030517578,21.799999237060547,21.18000030517578,21.799999237060547,1501059,20.57280158996582
2026-02-04,21.799999237060547,22.239999771118164,21.65999984741211,22.15999984741211,1514005,20.912534713745117
2026-02-05,22.100000381469727,22.219999313354492,21.700000762939453,22.079999923706055,1086528,20.837038040161133
2026-02-06,21.84000015258789,22.3799991607666,21.5,22.200000762939453,2082458,20.950284957885742
2026-02-09,22.200000762939453,23.0,22.139999389648438,23.0,2861047,21.705249786376953
2026-02-10,23.0,23.280000686645508,22.6200008392334,22.8799991607666,1777904,21.592002868652344
2026-02-11,22.81999969482422,22.979999542236328,22.459999084472656,22.65999984741211,1740742,21.384389877319336
2026-02-12,22.520000457763672,22.959999084472656,22.5,22.760000228881836,2368643,21.478759765625
2026-02-13,22.440000534057617,22.700000762939453,22.100000381469727,22.6200008392334,3160095,21.346641540527344
2026-02-16,22.299999237060547,22.299999237060547,22.299999237060547,22.299999237060547,0,21.044652938842773
2026-02-20,21.979999542236328,22.420000076293945,21.84000015258789,22.15999984741211,2506347,20.912534713745117
2026-02-23,22.399999618530273,23.100000381469727,22.219999313354492,23.059999465942383,1903758,21.761871337890625
2026-02-24,22.8799991607666,23.200000762939453,22.559999465942383,23.15999984741211,2232627,21.85624122619629
2026-02-25,23.15999984741211,23.15999984741211,22.799999237060547,22.959999084472656,1539107,21.667499542236328
2026-02-26,22.959999084472656,23.299999237060547,21.1200008392334,21.3799991607666,6664486,20.176443099975586
2026-02-27,21.0,21.84000015258789,20.5,21.81999969482422,6176087,20.5916748046875
2026-03-02,21.5,21.760000228881836,20.600000381469727,20.799999237060547,7613374,19.629093170166016
2026-03-03,20.799999237060547,21.040000915527344,20.559999465942383,20.700000762939453,3975000,19.534725189208984
2026-03-04,20.420000076293945,20.5,19.979999542236328,20.200000762939453,4517108,19.062870025634766
2026-03-05,20.200000762939453,20.81999969482422,20.15999984741211,20.559999465942383,4291300,19.402605056762695
2026-03-06,20.5,20.600000381469727,20.079999923706055,20.5,2854389,19.34598159790039
2026-03-09,19.899999618530273,19.989999771118164,19.5,19.989999771118164,4318399,18.86469268798828
2026-03-10,20.100000381469727,20.299999237060547,19.790000915527344,19.809999465942383,6422837,18.69482421875
2026-03-11,19.0,19.079999923706055,18.700000762939453,18.809999465942383,3264480,18.507875442504883
2026-03-12,18.809999465942383,18.809999465942383,18.079999923706055,18.420000076293945,4092000,18.124141693115234
2026-03-13,18.299999237060547,18.450000762939453,18.09000015258789,18.450000762939453,2638000,18.15365982055664
2026-03-16,18.34000015258789,18.459999084472656,18.229999542236328,18.34000015258789,2129979,18.045425415039062
2026-03-17,18.280000686645508,18.600000381469727,18.280000686645508,18.34000015258789,1148994,18.045425415039062
2026-03-18,18.299999237060547,18.979999542236328,18.299999237060547,18.81999969482422,1573906,18.517715454101562
2026-03-19,18.530000686645508,18.549999237060547,18.329999923706055,18.399999618530273,2047033,18.104461669921875
2026-03-20,18.299999237060547,18.56999969482422,18.260000228881836,18.31999969482422,5283567,18.025747299194336
2026-03-23,18.18000030517578,18.18000030517578,17.5,17.700000762939453,3771195,17.415706634521484
2026-03-24,17.700000762939453,18.200000762939453,17.700000762939453,18.1299991607666,1684976,17.83879852294922
2026-03-25,18.1299991607666,18.75,18.1299991607666,18.670000076293945,2414601,18.37012481689453
2026-03-26,18.670000076293945,18.90999984741211,18.25,18.450000762939453,1067000,18.15365982055664
2026-03-27,18.399999618530273,18.739999771118164,18.31999969482422,18.6200008392334,3727356,18.3209285736084
2026-03-30,18.299999237060547,18.610000610351562,18.079999923706055,18.440000534057617,2506232,18.14381980895996
2026-03-31,18.540000915527344,18.940000534057617,18.5,18.75,2838625,18.448841094970703
2026-04-01,18.940000534057617,19.59000015258789,18.940000534057617,19.290000915527344,3732050,18.980167388916016
2026-04-02,19.200000762939453,19.299999237060547,18.25,18.420000076293945,2294000,18.124141693115234
2026-04-08,18.790000915527344,19.559999465942383,18.790000915527344,19.420000076293945,3477296,19.10807991027832
2026-04-09,19.399999618530273,19.639999389648438,19.100000381469727,19.5,2085000,19.18679428100586
2026-04-10,19.700000762939453,19.969999313354492,19.510000228881836,19.799999237060547,1819485,19.481975555419922
2026-04-13,19.600000381469727,19.6299991607666,19.1200008392334,19.389999389648438,1081804,19.07855987548828
2026-04-14,19.389999389648438,20.0,19.270000457763672,19.829999923706055,2593464,19.511493682861328
2026-04-15,19.989999771118164,20.15999984741211,19.309999465942383,19.31999969482422,921293,19.009685516357422
2026-04-16,19.31999969482422,19.329999923706055,18.950000762939453,19.190000534057617,2110347,18.881772994995117
2026-04-17,19.190000534057617,19.700000762939453,19.1299991607666,19.25,1385560,18.94080924987793
2026-04-20,19.190000534057617,19.200000762939453,19.040000915527344,19.149999618530273,782000,18.84241485595703
2026-04-21,19.260000228881836,19.440000534057617,19.100000381469727,19.440000534057617,1057000,19.127758026123047
2026-04-22,19.450000762939453,19.5,19.139999389648438,19.420000076293945,1189100,19.10807991027832
2026-04-23,19.450000762939453,19.489999771118164,19.1200008392334,19.489999771118164,975500,19.17695426940918
2026-04-24,19.489999771118164,19.59000015258789,19.18000030517578,19.40999984741211,919243,19.09823989868164
2026-04-27,19.450000762939453,19.479999542236328,19.360000610351562,19.40999984741211,370000,19.09823989868164
2026-04-28,19.329999923706055,19.579999923706055,19.260000228881836,19.389999389648438,1175388,19.07855987548828
2026-04-29,19.469999313354492,19.559999465942383,19.34000015258789,19.559999465942383,1174290,19.245830535888672
2026-04-30,19.459999084472656,19.600000381469727,19.3799991607666,19.600000381469727,1740185,19.285188674926758
2026-05-04,19.600000381469727,20.0,19.600000381469727,19.940000534057617,1530869,19.619728088378906
2026-05-05,19.940000534057617,20.0,19.690000534057617,19.799999237060547,748850,19.481975555419922
2026-05-06,19.899999618530273,20.440000534057617,19.790000915527344,20.3799991607666,2115323,20.052658081054688
2026-05-07,20.5,20.860000610351562,20.3799991607666,20.579999923706055,2583159,20.249446868896484
2026-05-08,20.299999237060547,20.34000015258789,19.700000762939453,20.34000015258789,2173836,20.013301849365234
2026-05-11,20.399999618530273,20.440000534057617,19.979999542236328,20.34000015258789,1681115,20.013301849365234
2026-05-12,20.3799991607666,20.3799991607666,19.799999237060547,19.920000076293945,1820278,19.600048065185547
2026-05-13,19.899999618530273,19.920000076293945,19.3799991607666,19.440000534057617,1962615,19.127758026123047
2026-05-14,19.420000076293945,19.799999237060547,19.420000076293945,19.75,2014958,19.43277931213379
2026-05-15,19.799999237060547,19.799999237060547,19.459999084472656,19.6200008392334,1706068,19.304866790771484
2026-05-18,19.600000381469727,19.6200008392334,18.860000610351562,18.979999542236328,2513654,18.675146102905273
2026-05-19,18.899999618530273,19.18000030517578,18.6299991607666,19.149999618530273,1333390,18.84241485595703
2026-05-20,19.100000381469727,19.299999237060547,18.969999313354492,19.299999237060547,1436014,18.990005493164062
2026-05-21,19.399999618530273,19.399999618530273,19.06999969482422,19.100000381469727,745989,18.7932186126709
2026-05-22,19.290000915527344,19.399999618530273,18.93000030517578,19.200000762939453,1391650,18.891613006591797
2026-05-26,19.0,19.18000030517578,18.700000762939453,18.790000915527344,1935499,18.48819923400879
2026-05-27,18.75,18.899999618530273,18.420000076293945,18.610000610351562,2467811,18.31109046936035
2026-05-28,18.600000381469727,18.889999389648438,18.239999771118164,18.84000015258789,4389530,18.537395477294922
2026-05-29,18.809999465942383,19.0,18.520000457763672,18.649999618530273,4165346,18.350446701049805
2026-06-01,18.600000381469727,18.790000915527344,18.459999084472656,18.6200008392334,4141905,18.3209285736084
2026-06-02,18.6200008392334,18.6200008392334,18.010000228881836,18.200000762939453,3707918,17.90767478942871
2026-06-03,18.1200008392334,18.299999237060547,17.829999923706055,18.0,4915820,17.710886001586914
2026-06-04,17.950000762939453,18.100000381469727,17.6200008392334,17.969999313354492,7900500,17.681367874145508
2026-06-05,17.969999313354492,18.100000381469727,17.709999084472656,17.93000030517578,17087328,17.642011642456055
2026-06-08,17.770000457763672,17.940000534057617,17.489999771118164,17.850000381469727,12427099,17.563297271728516
2026-06-09,17.850000381469727,17.860000610351562,17.5,17.56999969482422,1376835,17.287792205810547
2026-06-10,17.5,17.709999084472656,16.600000381469727,16.860000610351562,6469805,16.589197158813477
2026-06-11,17.040000915527344,17.200000762939453,16.81999969482422,16.93000030517578,1975232,16.65807342529297
2026-06-12,17.100000381469727,17.190000534057617,16.93000030517578,16.979999542236328,1561310,16.7072696685791
2026-06-15,16.979999542236328,17.280000686645508,16.90999984741211,17.280000686645508,1596749,17.002452850341797
2026-06-16,17.389999389648438,17.389999389648438,16.889999389648438,17.110000610351562,1617816,16.835182189941406
2026-06-17,17.079999923706055,17.1200008392334,16.739999771118164,16.809999465942383,1154942,16.53999900817871
2026-06-18,16.610000610351562,16.65999984741211,16.34000015258789,16.579999923706055,2399100,16.31369400024414
2026-06-22,16.5,16.850000381469727,16.200000762939453,16.729999542236328,2765649,16.461284637451172
2026-06-23,16.559999465942383,16.860000610351562,16.559999465942383,16.81999969482422,1617100,16.54983901977539
2026-06-24,16.790000915527344,16.950000762939453,16.420000076293945,16.729999542236328,1500010,16.461284637451172
2026-06-25,16.729999542236328,17.190000534057617,16.489999771118164,17.020000457763672,2555588,16.746627807617188
2026-06-26,16.90999984741211,16.969999313354492,16.510000228881836,16.709999084472656,1258432,16.441606521606445
2026-06-29,16.799999237060547,16.889999389648438,16.719999313354492,16.799999237060547,1506005,16.530160903930664
2026-06-30,16.600000381469727,16.799999237060547,16.1299991607666,16.520000457763672,2629470,16.25465965270996
2026-07-02,16.520000457763672,16.979999542236328,16.520000457763672,16.709999084472656,1226000,16.441606521606445
2026-07-03,16.889999389648438,17.479999542236328,16.889999389648438,17.360000610351562,2367528,17.081167221069336
2026-07-06,17.469999313354492,17.479999542236328,17.25,17.299999237060547,516000,17.02212905883789
2026-07-07,17.479999542236328,17.479999542236328,17.040000915527344,17.18000030517578,453000,16.9040584564209
2026-07-08,17.25,17.40999984741211,17.010000228881836,17.309999465942383,948431,17.03196907043457
2026-07-09,17.309999465942383,17.34000015258789,17.06999969482422,17.149999618530273,816100,16.87453842163086
2026-07-10,17.139999389648438,17.600000381469727,17.110000610351562,17.34000015258789,887770,17.061487197875977
2026-07-13,17.34000015258789,17.510000228881836,17.110000610351562,17.34000015258789,907366,17.061487197875977
2026-07-14,17.34000015258789,17.3700008392334,16.93000030517578,17.350000381469727,924000,17.071327209472656
2026-07-15,17.459999084472656,17.670000076293945,17.440000534057617,17.65999984741211,736088,17.3763484954834
2026-07-16,17.799999237060547,18.280000686645508,17.68000030517578,17.84000015258789,1464072,17.553457260131836
2026-07-17,17.799999237060547,18.229999542236328,17.690000534057617,17.850000381469727,1308804,17.563297271728516
2026-07-20,17.899999618530273,17.899999618530273,17.559999465942383,17.81999969482422,870090,17.533777236938477
2026-07-21,17.799999237060547,17.969999313354492,17.610000610351562,17.850000381469727,796156,17.563297271728516
2026-07-22,17.829999923706055,17.899999618530273,17.540000915527344,17.709999084472656,709764,17.42554473876953
2026-07-23,17.40999984741211,18.09000015258789,17.399999618530273,18.0,767990,17.710886001586914
2026-07-24,17.760000228881836,17.760000228881836,17.530000686645508,17.59000015258789,1044247,17.307472229003906
2026-07-27,17.450000762939453,18.079999923706055,17.3799991607666,18.049999237060547,1680900,17.760082244873047
2026-07-28,18.049999237060547,18.219999313354492,17.920000076293945,18.219999313354492,567120,17.927352905273438
2026-07-29,18.290000915527344,18.450000762939453,18.030000686645508,18.389999389648438,737283,18.094621658325195
2026-07-30,18.440000534057617,18.559999465942383,18.0,18.549999237060547,1081596,18.252052307128906
2026-07-31,18.600000381469727,18.649999618530273,18.149999618530273,18.649999618530273,2067600,18.350446701049805
2026-08-03,18.5,18.690000534057617,18.260000228881836,18.329999923706055,804616,18.035585403442383
2026-08-04,18.5,19.219999313354492,18.270000457763672,18.43000030517578,1230915,18.13397979736328
2026-08-05,18.360000610351562,18.5,18.209999084472656,18.389999389648438,958001,18.094621658325195
2026-08-06,18.200000762939453,18.389999389648438,17.860000610351562,18.09000015258789,1360876,17.799442291259766
2026-08-07,18.200000762939453,18.25,17.860000610351562,17.920000076293945,857488,17.632171630859375
2026-08-10,17.969999313354492,18.309999465942383,17.969999313354492,18.209999084472656,445150,17.917512893676758
2026-08-11,18.299999237060547,18.299999237060547,17.889999389648438,18.020000457763672,562388,17.730566024780273
2026-08-12,17.8799991607666,17.969999313354492,17.719999313354492,17.809999465942383,940810,17.523937225341797
2026-08-13,17.809999465942383,17.940000534057617,17.31999969482422,17.510000228881836,860350,17.228757858276367
2026-08-14,17.5,17.5,17.149999618530273,17.200000762939453,1428350,16.923736572265625
2026-08-17,17.1200008392334,17.299999237060547,16.75,17.049999237060547,1586025,16.77614402770996
2026-08-18,17.0,17.09000015258789,16.81999969482422,16.899999618530273,1996783,16.628555297851562
2026-08-19,16.899999618530273,17.0,16.719999313354492,16.860000610351562,3102896,16.589197158813477
2026-08-20,16.850000381469727,17.3799991607666,16.850000381469727,17.280000686645508,3249000,17.002452850341797
2026-08-21,17.149999618530273,17.200000762939453,16.6299991607666,16.84000015258789,5587512,16.56951904296875
2026-08-24,16.84000015258789,17.1299991607666,16.670000076293945,16.989999771118164,3024965,16.71710968017578
2026-08-25,16.950000762939453,17.100000381469727,16.809999465942383,16.809999465942383,1533882,16.53999900817871
2026-08-26,16.530000686645508,16.770000457763672,16.40999984741211,16.40999984741211,2132287,16.40999984741211
2026-08-27,16.40999984741211,16.540000915527344,16.219999313354492,16.350000381469727,1492912,16.350000381469727
2026-08-28,16.309999465942383,16.479999542236328,16.299999237060547,16.360000610351562,749427,16.360000610351562
2026-08-31,16.239999771118164,16.360000610351562,15.65999984741211,15.930000305175781,4728286,15.930000305175781
2026-09-01,15.899999618530273,15.90999984741211,15.770000457763672,15.859999656677246,1018000,15.859999656677246
2026-09-02,15.800000190734863,16.110000610351562,15.75,16.06999969482422,1142000,16.06999969482422
2026-09-03,16.040000915527344,16.3700008392334,15.979999542236328,16.020000457763672,1471181,16.020000457763672
2026-09-04,16.0,16.520000457763672,16.0,16.3799991607666,1530600,16.3799991607666
2026-09-07,16.3799991607666,16.3799991607666,16.1200008392334,16.31999969482422,1166100,16.31999969482422
2026-09-08,16.31999969482422,16.399999618530273,16.1200008392334,16.329999923706055,1188107,16.329999923706055
2026-09-09,16.299999237060547,16.329999923706055,16.040000915527344,16.1299991607666,517000,16.1299991607666
2026-09-10,16.100000381469727,16.100000381469727,15.859999656677246,15.930000305175781,762765,15.930000305175781
2026-09-11,15.829999923706055,15.880000114440918,15.609999656677246,15.75,1179662,15.75
2026-09-14,15.699999809265137,15.720000267028809,15.449999809265137,15.680000305175781,2022150,15.680000305175781
2026-09-15,15.600000381469727,15.720000267028809,15.550000190734863,15.5600004196167,952231,15.5600004196167
2026-09-16,15.5,15.65999984741211,15.399999618530273,15.59000015258789,759231,15.59000015258789
2026-09-17,15.510000228881836,15.609999656677246,15.350000381469727,15.529999732971191,1335985,15.529999732971191
2026-09-18,15.539999961853027,15.779999732971191,15.449999809265137,15.779999732971191,2916743,15.779999732971191
2026-09-21,15.789999961853027,16.100000381469727,15.649999618530273,15.699999809265137,698710,15.699999809265137
2026-09-22,15.699999809265137,15.930000305175781,15.649999618530273,15.829999923706055,2320838,15.829999923706055
2026-09-23,15.850000381469727,15.930000305175781,15.6899995803833,15.760000228881836,897363,15.760000228881836
2026-09-24,15.699999809265137,15.699999809265137,15.420000076293945,15.550000190734863,1139476,15.550000190734863
2026-09-25,15.5,15.569999694824219,15.300000190734863,15.529999732971191,737245,15.529999732971191
2026-09-28,15.5,15.600000381469727,15.40999984741211,15.600000381469727,914185,15.600000381469727
2026-09-29,15.569999694824219,15.699999809265137,15.40999984741211,15.420000076293945,640794,15.420000076293945
2026-09-30,15.399999618530273,15.619999885559082,15.300000190734863,15.520000457763672,1109005,15.520000457763672
