Date,Open,High,Low,Close,Volume,Adj_Close
2016-09-28,3.5,3.5199999809265137,3.5,3.5199999809265137,138000,1.5031200647354126
2016-09-29,3.549999952316284,3.5799999237060547,3.5399999618530273,3.5399999618530273,138000,1.5116603374481201
2016-09-30,3.5399999618530273,3.5399999618530273,3.4700000286102295,3.4800000190734863,260000,1.4860390424728394
2016-10-03,3.4800000190734863,3.5799999237060547,3.4800000190734863,3.5399999618530273,326170,1.5116603374481201
2016-10-04,3.619999885559082,3.619999885559082,3.5399999618530273,3.559999942779541,189194,1.5202010869979858
2016-10-05,3.5399999618530273,3.5799999237060547,3.5399999618530273,3.5799999237060547,442000,1.5287413597106934
2016-10-06,3.5999999046325684,3.5999999046325684,3.549999952316284,3.559999942779541,556000,1.5202010869979858
2016-10-07,3.559999942779541,3.5899999141693115,3.5399999618530273,3.559999942779541,792000,1.5202010869979858
2016-10-11,3.549999952316284,3.619999885559082,3.549999952316284,3.5999999046325684,428000,1.5372819900512695
2016-10-12,3.5999999046325684,3.5999999046325684,3.559999942779541,3.569999933242798,336000,1.5244710445404053
2016-10-13,3.559999942779541,3.569999933242798,3.5399999618530273,3.559999942779541,128000,1.5202010869979858
2016-10-14,3.559999942779541,3.5799999237060547,3.5399999618530273,3.5799999237060547,176000,1.5287413597106934
2016-10-17,3.5899999141693115,3.630000114440918,3.559999942779541,3.569999933242798,142000,1.5244710445404053
2016-10-18,3.569999933242798,3.619999885559082,3.569999933242798,3.569999933242798,548000,1.5244710445404053
2016-10-19,3.559999942779541,3.640000104904175,3.5199999809265137,3.5899999141693115,4238000,1.5330111980438232
2016-10-20,3.5899999141693115,3.5899999141693115,3.5899999141693115,3.5899999141693115,0,1.5330111980438232
2016-10-21,3.5899999141693115,3.5899999141693115,3.5899999141693115,3.5899999141693115,0,1.5330111980438232
2016-10-24,3.5999999046325684,3.619999885559082,3.5299999713897705,3.609999895095825,470000,1.5415518283843994
2016-10-25,3.5799999237060547,3.630000114440918,3.5799999237060547,3.609999895095825,482000,1.5415518283843994
2016-10-26,3.609999895095825,3.619999885559082,3.569999933242798,3.609999895095825,276000,1.5415518283843994
2016-10-27,3.609999895095825,3.6600000858306885,3.609999895095825,3.6500000953674316,376000,1.5586330890655518
2016-10-28,3.630000114440918,3.640000104904175,3.5999999046325684,3.5999999046325684,176000,1.5372819900512695
2016-10-31,3.630000114440918,3.630000114440918,3.5899999141693115,3.5999999046325684,472000,1.5372819900512695
2016-11-01,3.609999895095825,3.609999895095825,3.5899999141693115,3.5999999046325684,160000,1.5372819900512695
2016-11-02,3.5799999237060547,3.5899999141693115,3.5399999618530273,3.559999942779541,333824,1.5202010869979858
2016-11-03,3.569999933242798,3.5799999237060547,3.569999933242798,3.569999933242798,78000,1.5244710445404053
2016-11-04,3.559999942779541,3.609999895095825,3.559999942779541,3.5999999046325684,46000,1.5372819900512695
2016-11-07,3.5799999237060547,3.5799999237060547,3.5299999713897705,3.559999942779541,56000,1.5202010869979858
2016-11-08,3.5899999141693115,3.5899999141693115,3.549999952316284,3.5799999237060547,1124000,1.5287413597106934
2016-11-09,3.609999895095825,3.619999885559082,3.450000047683716,3.4800000190734863,386000,1.4860390424728394
2016-11-10,3.509999990463257,3.5299999713897705,3.490000009536743,3.5299999713897705,192000,1.5073899030685425
2016-11-11,3.509999990463257,3.559999942779541,3.5,3.5199999809265137,56000,1.5031200647354126
2016-11-14,3.5199999809265137,3.5799999237060547,3.5,3.549999952316284,72000,1.5159308910369873
2016-11-15,3.549999952316284,3.75,3.549999952316284,3.75,1034000,1.6013351678848267
2016-11-16,3.799999952316284,3.799999952316284,3.7300000190734863,3.759999990463257,2284000,1.6056053638458252
2016-11-17,3.7699999809265137,3.799999952316284,3.759999990463257,3.7899999618530273,632000,1.6184159517288208
2016-11-18,3.75,3.799999952316284,3.7100000381469727,3.759999990463257,142000,1.6056053638458252
2016-11-21,3.759999990463257,3.799999952316284,3.75,3.7799999713897705,138038,1.6141457557678223
2016-11-22,3.75,3.759999990463257,3.640000104904175,3.7300000190734863,532000,1.5927945375442505
2016-11-23,3.7799999713897705,3.7799999713897705,3.6600000858306885,3.7799999713897705,88000,1.6141457557678223
2016-11-24,3.7799999713897705,3.7799999713897705,3.700000047683716,3.759999990463257,52000,1.6056053638458252
2016-11-25,3.759999990463257,3.759999990463257,3.7200000286102295,3.759999990463257,148000,1.6056053638458252
2016-11-28,3.799999952316284,3.799999952316284,3.700000047683716,3.759999990463257,430000,1.6056053638458252
2016-11-29,3.7799999713897705,3.819999933242798,3.7100000381469727,3.75,2012000,1.6013351678848267
2016-11-30,3.859999895095825,3.859999895095825,3.75,3.799999952316284,300000,1.622686743736267
2016-12-01,3.8299999237060547,3.8299999237060547,3.740000009536743,3.740000009536743,100000,1.5970652103424072
2016-12-02,3.7699999809265137,3.7899999618530273,3.7300000190734863,3.740000009536743,176000,1.5970652103424072
2016-12-05,3.7100000381469727,3.7200000286102295,3.7100000381469727,3.7200000286102295,12000,1.588524580001831
2016-12-06,3.690000057220459,3.7300000190734863,3.6700000762939453,3.7300000190734863,66000,1.5927945375442505
2016-12-07,3.759999990463257,3.7699999809265137,3.75,3.7699999809265137,48000,1.6098756790161133
2016-12-08,3.75,3.7699999809265137,3.680000066757202,3.7200000286102295,456000,1.588524580001831
2016-12-09,3.740000009536743,3.740000009536743,3.640000104904175,3.6700000762939453,122000,1.5671733617782593
2016-12-12,3.690000057220459,3.690000057220459,3.630000114440918,3.630000114440918,34000,1.550092339515686
2016-12-13,3.5999999046325684,3.6700000762939453,3.5999999046325684,3.6700000762939453,30000,1.5671733617782593
2016-12-14,3.6700000762939453,3.759999990463257,3.5999999046325684,3.759999990463257,452970,1.6056053638458252
2016-12-15,3.759999990463257,3.799999952316284,3.690000057220459,3.700000047683716,737339,1.579984426498413
2016-12-16,3.6600000858306885,3.740000009536743,3.640000104904175,3.700000047683716,310194,1.579984426498413
2016-12-19,3.6500000953674316,3.6500000953674316,3.5899999141693115,3.630000114440918,56000,1.550092339515686
2016-12-20,3.5999999046325684,3.5999999046325684,3.549999952316284,3.5899999141693115,260028,1.5330111980438232
2016-12-21,3.569999933242798,3.7200000286102295,3.5199999809265137,3.7200000286102295,358000,1.588524580001831
2016-12-22,3.690000057220459,3.690000057220459,3.5899999141693115,3.5899999141693115,164000,1.5330111980438232
2016-12-23,3.5999999046325684,3.5999999046325684,3.5899999141693115,3.5899999141693115,1580000,1.5330111980438232
2016-12-28,3.559999942779541,3.5899999141693115,3.450000047683716,3.5399999618530273,366194,1.5116603374481201
2016-12-29,3.559999942779541,3.5899999141693115,3.509999990463257,3.569999933242798,96000,1.5244710445404053
2016-12-30,3.5399999618530273,3.549999952316284,3.5199999809265137,3.549999952316284,94540,1.5159308910369873
2017-01-03,3.569999933242798,3.569999933242798,3.5,3.5399999618530273,774000,1.5116603374481201
2017-01-04,3.5199999809265137,3.5299999713897705,3.509999990463257,3.5299999713897705,268000,1.5073899030685425
2017-01-05,3.5299999713897705,3.549999952316284,3.5299999713897705,3.549999952316284,20000,1.5159308910369873
2017-01-06,3.549999952316284,3.549999952316284,3.509999990463257,3.509999990463257,157995,1.4988497495651245
2017-01-09,3.5299999713897705,3.5899999141693115,3.5199999809265137,3.5299999713897705,122000,1.5073899030685425
2017-01-10,3.5199999809265137,3.5299999713897705,3.509999990463257,3.5199999809265137,556000,1.5031200647354126
2017-01-11,3.549999952316284,3.559999942779541,3.509999990463257,3.5299999713897705,356000,1.5073899030685425
2017-01-12,3.5299999713897705,3.569999933242798,3.5199999809265137,3.5199999809265137,292000,1.5031200647354126
2017-01-13,3.5199999809265137,3.569999933242798,3.5199999809265137,3.549999952316284,194194,1.5159308910369873
2017-01-16,3.5299999713897705,3.5299999713897705,3.5199999809265137,3.5299999713897705,32000,1.5073899030685425
2017-01-17,3.5299999713897705,3.5299999713897705,3.490000009536743,3.509999990463257,554000,1.4988497495651245
2017-01-18,3.509999990463257,3.5199999809265137,3.450000047683716,3.4800000190734863,1166038,1.4860390424728394
2017-01-19,3.490000009536743,3.509999990463257,3.4800000190734863,3.5,124194,1.4945799112319946
2017-01-20,3.4800000190734863,3.509999990463257,3.4800000190734863,3.5,56000,1.4945799112319946
2017-01-23,3.5199999809265137,3.5199999809265137,3.4800000190734863,3.5199999809265137,134000,1.5031200647354126
2017-01-24,3.5299999713897705,3.5399999618530273,3.5,3.509999990463257,244000,1.4988497495651245
2017-01-25,3.509999990463257,3.5199999809265137,3.5,3.509999990463257,1282000,1.4988497495651245
2017-01-26,3.509999990463257,3.569999933242798,3.4800000190734863,3.559999942779541,506000,1.5202010869979858
2017-01-27,3.490000009536743,3.509999990463257,3.4800000190734863,3.509999990463257,22000,1.4988497495651245
2017-02-01,3.5199999809265137,3.569999933242798,3.509999990463257,3.5299999713897705,758000,1.5073899030685425
2017-02-02,3.5199999809265137,3.5299999713897705,3.5199999809265137,3.5199999809265137,264000,1.5031200647354126
2017-02-03,3.509999990463257,3.5199999809265137,3.490000009536743,3.5199999809265137,158000,1.5031200647354126
2017-02-06,3.5199999809265137,3.5199999809265137,3.490000009536743,3.5,228000,1.4945799112319946
2017-02-07,3.5,3.5199999809265137,3.4800000190734863,3.5,700000,1.4945799112319946
2017-02-08,3.5199999809265137,3.5199999809265137,3.490000009536743,3.5,396000,1.4945799112319946
2017-02-09,3.509999990463257,3.5799999237060547,3.509999990463257,3.549999952316284,2432000,1.5159308910369873
2017-02-10,3.559999942779541,3.630000114440918,3.5399999618530273,3.569999933242798,5188000,1.5244710445404053
2017-02-13,3.5999999046325684,3.6500000953674316,3.5999999046325684,3.630000114440918,2158000,1.550092339515686
2017-02-14,3.630000114440918,3.630000114440918,3.569999933242798,3.609999895095825,648000,1.5415518283843994
2017-02-15,3.619999885559082,3.640000104904175,3.569999933242798,3.5999999046325684,698000,1.5372819900512695
2017-02-16,3.619999885559082,3.6700000762939453,3.5899999141693115,3.619999885559082,676000,1.5458223819732666
2017-02-17,3.630000114440918,3.630000114440918,3.5899999141693115,3.5999999046325684,520000,1.5372819900512695
2017-02-20,3.5999999046325684,3.5999999046325684,3.5399999618530273,3.5799999237060547,890000,1.5287413597106934
2017-02-21,3.569999933242798,3.5799999237060547,3.5399999618530273,3.559999942779541,996000,1.5202010869979858
2017-02-22,3.569999933242798,3.619999885559082,3.569999933242798,3.5999999046325684,2440776,1.5372819900512695
2017-02-23,3.609999895095825,3.619999885559082,3.5799999237060547,3.5999999046325684,1765941,1.5372819900512695
2017-02-24,3.609999895095825,3.619999885559082,3.559999942779541,3.569999933242798,565000,1.5244710445404053
2017-02-27,3.569999933242798,3.5799999237060547,3.5399999618530273,3.559999942779541,456298,1.5202010869979858
2017-02-28,3.5799999237060547,3.5999999046325684,3.569999933242798,3.5799999237060547,858000,1.5287413597106934
2017-03-01,3.5799999237060547,3.5799999237060547,3.549999952316284,3.549999952316284,1304000,1.5159308910369873
2017-03-02,3.609999895095825,3.619999885559082,3.509999990463257,3.5199999809265137,2534000,1.5031200647354126
2017-03-03,3.5299999713897705,3.569999933242798,3.4800000190734863,3.490000009536743,1268000,1.490309476852417
2017-03-06,3.509999990463257,3.509999990463257,3.390000104904175,3.4000000953674316,3002194,1.451877474784851
2017-03-07,3.4000000953674316,3.4200000762939453,3.369999885559082,3.390000104904175,1288000,1.4476072788238525
2017-03-08,3.4000000953674316,3.4100000858306885,3.390000104904175,3.4000000953674316,2042000,1.451877474784851
2017-03-09,3.4200000762939453,3.430000066757202,3.369999885559082,3.369999885559082,1420000,1.4390666484832764
2017-03-10,3.369999885559082,3.390000104904175,3.3299999237060547,3.3399999141693115,1302000,1.426255702972412
2017-03-13,3.359999895095825,3.380000114440918,3.3499999046325684,3.380000114440918,849200,1.443336844444275
2017-03-14,3.390000104904175,3.4000000953674316,3.380000114440918,3.390000104904175,1392000,1.4476072788238525
2017-03-15,3.359999895095825,3.369999885559082,3.3499999046325684,3.359999895095825,544000,1.4347960948944092
2017-03-16,3.369999885559082,3.390000104904175,3.369999885559082,3.380000114440918,1378000,1.443336844444275
2017-03-17,3.390000104904175,3.690000057220459,3.380000114440918,3.4800000190734863,13097473,1.4860390424728394
2017-03-20,3.5,3.5299999713897705,3.440000057220459,3.4600000381469727,1452000,1.4774985313415527
2017-03-21,3.4800000190734863,3.5299999713897705,3.4600000381469727,3.5199999809265137,1688000,1.5031200647354126
2017-03-22,3.5,3.549999952316284,3.450000047683716,3.5299999713897705,2818400,1.5073899030685425
2017-03-23,3.549999952316284,3.680000066757202,3.380000114440918,3.4600000381469727,15658000,1.4774985313415527
2017-03-24,3.4600000381469727,3.4600000381469727,3.390000104904175,3.440000057220459,3788000,1.4689582586288452
2017-03-27,3.440000057220459,3.450000047683716,3.359999895095825,3.359999895095825,4464000,1.4347960948944092
2017-03-28,3.369999885559082,3.4000000953674316,3.3499999046325684,3.3499999046325684,1542000,1.4305260181427002
2017-03-29,3.3499999046325684,3.369999885559082,3.3299999237060547,3.3299999237060547,2128000,1.4219858646392822
2017-03-30,3.369999885559082,3.369999885559082,3.319999933242798,3.3399999141693115,1834000,1.426255702972412
2017-03-31,3.3299999237060547,3.3499999046325684,3.319999933242798,3.3399999141693115,1048000,1.426255702972412
2017-04-03,3.3399999141693115,3.359999895095825,3.319999933242798,3.3299999237060547,1228000,1.4219858646392822
2017-04-05,3.3299999237060547,3.380000114440918,3.3299999237060547,3.359999895095825,1808000,1.4347960948944092
2017-04-06,3.359999895095825,3.359999895095825,3.319999933242798,3.3299999237060547,1866000,1.4219858646392822
2017-04-07,3.3299999237060547,3.3399999141693115,3.309999942779541,3.3299999237060547,1434000,1.4219858646392822
2017-04-10,3.3399999141693115,3.380000114440918,3.3399999141693115,3.3499999046325684,970000,1.4305260181427002
2017-04-11,3.359999895095825,3.359999895095825,3.3299999237060547,3.3399999141693115,1252000,1.426255702972412
2017-04-12,3.3299999237060547,3.380000114440918,3.3299999237060547,3.380000114440918,910000,1.443336844444275
2017-04-13,3.380000114440918,3.380000114440918,3.3499999046325684,3.359999895095825,756942,1.4347960948944092
2017-04-18,3.359999895095825,3.369999885559082,3.3399999141693115,3.3499999046325684,626000,1.4305260181427002
2017-04-19,3.3499999046325684,3.359999895095825,3.319999933242798,3.3499999046325684,1658040,1.4305260181427002
2017-04-20,3.3399999141693115,3.359999895095825,3.3299999237060547,3.3399999141693115,884000,1.426255702972412
2017-04-21,3.3499999046325684,3.359999895095825,3.3299999237060547,3.3299999237060547,482000,1.4219858646392822
2017-04-24,3.3399999141693115,3.3499999046325684,3.3299999237060547,3.3399999141693115,204000,1.426255702972412
2017-04-25,3.3399999141693115,3.380000114440918,3.3299999237060547,3.359999895095825,552000,1.4347960948944092
2017-04-26,3.3499999046325684,3.359999895095825,3.3399999141693115,3.3399999141693115,464000,1.426255702972412
2017-04-27,3.3299999237060547,3.3499999046325684,3.3299999237060547,3.3399999141693115,618000,1.426255702972412
2017-04-28,3.3299999237060547,3.3499999046325684,3.319999933242798,3.3399999141693115,644000,1.426255702972412
2017-05-02,3.3399999141693115,3.369999885559082,3.319999933242798,3.3299999237060547,1326000,1.4219858646392822
2017-05-04,3.3399999141693115,3.380000114440918,3.3399999141693115,3.369999885559082,744000,1.4390666484832764
2017-05-05,3.369999885559082,3.380000114440918,3.3299999237060547,3.3399999141693115,176000,1.426255702972412
2017-05-08,3.3299999237060547,3.3399999141693115,3.3299999237060547,3.3399999141693115,244000,1.426255702972412
2017-05-09,3.3499999046325684,3.369999885559082,3.3299999237060547,3.369999885559082,608000,1.4390666484832764
2017-05-10,3.380000114440918,3.4200000762939453,3.359999895095825,3.390000104904175,970000,1.4476072788238525
2017-05-11,3.390000104904175,3.4100000858306885,3.359999895095825,3.380000114440918,248000,1.443336844444275
2017-05-12,3.380000114440918,3.4000000953674316,3.3399999141693115,3.3399999141693115,436000,1.426255702972412
2017-05-15,3.3499999046325684,3.380000114440918,3.3399999141693115,3.3499999046325684,458000,1.4305260181427002
2017-05-16,3.3499999046325684,3.369999885559082,3.3299999237060547,3.359999895095825,512000,1.4347960948944092
2017-05-17,3.359999895095825,3.369999885559082,3.3399999141693115,3.369999885559082,282000,1.4390666484832764
2017-05-18,3.3399999141693115,3.359999895095825,3.309999942779541,3.3399999141693115,702000,1.426255702972412
2017-05-19,3.3499999046325684,3.3499999046325684,3.3299999237060547,3.3299999237060547,210000,1.4219858646392822
2017-05-22,3.3299999237060547,3.3399999141693115,3.299999952316284,3.309999942779541,1958000,1.4134454727172852
2017-05-23,3.309999942779541,3.319999933242798,3.2899999618530273,3.299999952316284,884000,1.409174919128418
2017-05-24,3.299999952316284,3.299999952316284,3.2699999809265137,3.2799999713897705,1090000,1.400634527206421
2017-05-25,3.2899999618530273,3.309999942779541,3.2799999713897705,3.2799999713897705,1682194,1.400634527206421
2017-05-26,3.299999952316284,3.319999933242798,3.2799999713897705,3.2899999618530273,2554000,1.4049047231674194
2017-05-29,3.299999952316284,3.299999952316284,3.259999990463257,3.2799999713897705,1186000,1.400634527206421
2017-05-31,3.2699999809265137,3.3499999046325684,3.259999990463257,3.299999952316284,1830000,1.409174919128418
2017-06-01,3.3299999237060547,3.3499999046325684,3.2799999713897705,3.2899999618530273,3072000,1.4049047231674194
2017-06-02,3.3299999237060547,3.3299999237060547,3.2899999618530273,3.309999942779541,2068000,1.4134454727172852
2017-06-05,3.2699999809265137,3.2699999809265137,3.190000057220459,3.2100000381469727,912000,1.4156502485275269
2017-06-06,3.2200000286102295,3.2200000286102295,3.1600000858306885,3.1700000762939453,1676000,1.3980101346969604
2017-06-07,3.1700000762939453,3.200000047683716,3.1600000858306885,3.190000057220459,1178000,1.406830072402954
2017-06-08,3.190000057220459,3.2300000190734863,3.1700000762939453,3.180000066757202,486000,1.4024200439453125
2017-06-09,3.180000066757202,3.190000057220459,3.1500000953674316,3.1600000858306885,795590,1.393599510192871
2017-06-12,3.190000057220459,3.190000057220459,3.109999895095825,3.119999885559082,711882,1.375958800315857
2017-06-13,3.109999895095825,3.109999895095825,3.049999952316284,3.059999942779541,2146000,1.3494986295700073
2017-06-14,3.0999999046325684,3.0999999046325684,3.059999942779541,3.0799999237060547,1370000,1.3583189249038696
2017-06-15,3.0799999237060547,3.109999895095825,3.059999942779541,3.059999942779541,736000,1.3494986295700073
2017-06-16,3.069999933242798,3.0999999046325684,3.0399999618530273,3.049999952316284,844000,1.3450884819030762
2017-06-19,3.059999942779541,3.0999999046325684,3.0399999618530273,3.069999933242798,808038,1.353908658027649
2017-06-20,3.0799999237060547,3.1500000953674316,3.0799999237060547,3.0999999046325684,2702000,1.3671388626098633
2017-06-21,3.130000114440918,3.130000114440918,3.0999999046325684,3.0999999046325684,536000,1.3671388626098633
2017-06-22,3.1500000953674316,3.1600000858306885,3.0999999046325684,3.0999999046325684,656100,1.3671388626098633
2017-06-23,3.119999885559082,3.140000104904175,3.0899999141693115,3.109999895095825,2144000,1.3715488910675049
2017-06-26,3.0999999046325684,3.109999895095825,3.0799999237060547,3.0999999046325684,832000,1.3671388626098633
2017-06-27,3.1700000762939453,3.1700000762939453,3.0899999141693115,3.109999895095825,1758000,1.3715488910675049
2017-06-28,3.140000104904175,3.140000104904175,3.0999999046325684,3.109999895095825,596000,1.3715488910675049
2017-06-29,3.109999895095825,3.119999885559082,3.0899999141693115,3.0999999046325684,1073000,1.3671388626098633
2017-06-30,3.0899999141693115,3.130000114440918,3.0899999141693115,3.119999885559082,484000,1.375958800315857
2017-07-03,3.130000114440918,3.1500000953674316,3.119999885559082,3.119999885559082,1574000,1.375958800315857
2017-07-04,3.119999885559082,3.1500000953674316,3.059999942779541,3.0799999237060547,2262804,1.3583189249038696
2017-07-05,3.0799999237060547,3.109999895095825,3.0799999237060547,3.0999999046325684,490300,1.3671388626098633
2017-07-06,3.109999895095825,3.109999895095825,3.0899999141693115,3.109999895095825,534000,1.3715488910675049
2017-07-07,3.109999895095825,3.1700000762939453,3.0999999046325684,3.1500000953674316,1394500,1.389189600944519
2017-07-10,3.1700000762939453,3.2100000381469727,3.130000114440918,3.1500000953674316,1952000,1.389189600944519
2017-07-11,3.1500000953674316,3.190000057220459,3.119999885559082,3.180000066757202,1634000,1.4024200439453125
2017-07-12,3.180000066757202,3.2699999809265137,3.1700000762939453,3.25,2336000,1.433290719985962
2017-07-13,3.25,3.25,3.190000057220459,3.2300000190734863,1717610,1.4244707822799683
2017-07-14,3.2300000190734863,3.25,3.2100000381469727,3.2300000190734863,1364000,1.4244707822799683
2017-07-17,3.25,3.299999952316284,3.240000009536743,3.25,1714280,1.433290719985962
2017-07-18,3.25,3.259999990463257,3.2200000286102295,3.2200000286102295,750000,1.420060634613037
2017-07-19,3.2200000286102295,3.259999990463257,3.190000057220459,3.25,1215545,1.433290719985962
2017-07-20,3.2300000190734863,3.2799999713897705,3.2100000381469727,3.240000009536743,1717754,1.4288805723190308
2017-07-21,3.259999990463257,3.299999952316284,3.2300000190734863,3.2899999618530273,2109108,1.450931429862976
2017-07-24,3.2899999618530273,3.3299999237060547,3.25,3.3299999237060547,1783801,1.468571662902832
2017-07-25,3.3399999141693115,3.3399999141693115,3.299999952316284,3.299999952316284,474749,1.4553415775299072
2017-07-26,3.299999952316284,3.319999933242798,3.25,3.2699999809265137,1000557,1.4421108961105347
2017-07-27,3.3499999046325684,3.450000047683716,3.3299999237060547,3.359999895095825,4472060,1.4818021059036255
2017-07-28,3.3499999046325684,3.380000114440918,3.309999942779541,3.309999942779541,1510315,1.459751844406128
2017-07-31,3.309999942779541,3.319999933242798,3.2899999618530273,3.299999952316284,1377063,1.4553415775299072
2017-08-01,3.299999952316284,3.3499999046325684,3.299999952316284,3.3499999046325684,682882,1.4773919582366943
2017-08-02,3.3499999046325684,3.3499999046325684,3.319999933242798,3.3399999141693115,560642,1.4729821681976318
2017-08-03,3.3399999141693115,3.3499999046325684,3.309999942779541,3.319999933242798,819779,1.464161992073059
2017-08-04,3.3499999046325684,3.3499999046325684,3.299999952316284,3.319999933242798,1590369,1.464161992073059
2017-08-07,3.319999933242798,3.3499999046325684,3.309999942779541,3.319999933242798,782652,1.464161992073059
2017-08-08,3.319999933242798,3.3399999141693115,3.299999952316284,3.319999933242798,785578,1.464161992073059
2017-08-09,3.309999942779541,3.3299999237060547,3.2899999618530273,3.309999942779541,469372,1.459751844406128
2017-08-10,3.319999933242798,3.3399999141693115,3.2200000286102295,3.2300000190734863,1801600,1.4244707822799683
2017-08-11,3.2100000381469727,3.2300000190734863,3.1500000953674316,3.1700000762939453,1073279,1.3980101346969604
2017-08-14,3.2100000381469727,3.2699999809265137,3.1700000762939453,3.25,370549,1.433290719985962
2017-08-15,3.25,3.25,3.200000047683716,3.2200000286102295,658000,1.420060634613037
2017-08-16,3.2300000190734863,3.25,3.2100000381469727,3.240000009536743,599068,1.4288805723190308
2017-08-17,3.240000009536743,3.2699999809265137,3.2200000286102295,3.2699999809265137,619770,1.4421108961105347
2017-08-18,3.25,3.25,3.2100000381469727,3.2200000286102295,1309946,1.420060634613037
2017-08-21,3.25,3.259999990463257,3.2200000286102295,3.240000009536743,592836,1.4288805723190308
2017-08-22,3.25,3.25,3.2300000190734863,3.25,220000,1.433290719985962
2017-08-23,3.25,3.25,3.25,3.25,0,1.433290719985962
2017-08-24,3.2699999809265137,3.2799999713897705,3.240000009536743,3.2699999809265137,1353966,1.4421108961105347
2017-08-25,3.3399999141693115,3.3499999046325684,3.25,3.3399999141693115,1339395,1.4729821681976318
2017-08-28,3.3499999046325684,3.4200000762939453,3.319999933242798,3.3399999141693115,1648000,1.4729821681976318
2017-08-29,3.3499999046325684,3.3499999046325684,3.299999952316284,3.299999952316284,582515,1.4553415775299072
2017-08-30,3.309999942779541,3.3299999237060547,3.2899999618530273,3.309999942779541,1537799,1.459751844406128
2017-08-31,3.309999942779541,3.309999942779541,3.2899999618530273,3.309999942779541,728534,1.459751844406128
2017-09-01,3.2899999618530273,3.309999942779541,3.2799999713897705,3.2899999618530273,1600362,1.450931429862976
2017-09-04,3.299999952316284,3.309999942779541,3.2799999713897705,3.299999952316284,1022472,1.4553415775299072
2017-09-05,3.2899999618530273,3.299999952316284,3.2699999809265137,3.2899999618530273,696000,1.450931429862976
2017-09-06,3.299999952316284,3.299999952316284,3.259999990463257,3.2799999713897705,550690,1.4465211629867554
2017-09-07,3.359999895095825,3.359999895095825,3.2899999618530273,3.319999933242798,1156522,1.464161992073059
2017-09-08,3.319999933242798,3.319999933242798,3.2799999713897705,3.2899999618530273,902713,1.450931429862976
2017-09-11,3.309999942779541,3.309999942779541,3.2699999809265137,3.2799999713897705,788561,1.4465211629867554
2017-09-12,3.2899999618530273,3.309999942779541,3.2699999809265137,3.299999952316284,1466710,1.4553415775299072
2017-09-13,3.319999933242798,3.319999933242798,3.2699999809265137,3.2799999713897705,1090328,1.4465211629867554
2017-09-14,3.2200000286102295,3.2200000286102295,3.1500000953674316,3.2200000286102295,346592,1.4465211629867554
2017-09-15,3.190000057220459,3.2100000381469727,3.180000066757202,3.190000057220459,1189765,1.4330445528030396
2017-09-18,3.180000066757202,3.200000047683716,3.140000104904175,3.1500000953674316,1807780,1.4150750637054443
2017-09-19,3.1500000953674316,3.200000047683716,3.1700000762939453,3.200000047683716,1038354,1.437536597251892
2017-09-20,3.1500000953674316,3.2300000190734863,3.1500000953674316,3.2200000286102295,877921,1.4465211629867554
2017-09-21,3.2300000190734863,3.25,3.200000047683716,3.2300000190734863,751523,1.451013445854187
2017-09-22,3.25,3.3399999141693115,3.200000047683716,3.319999933242798,1006270,1.4914443492889404
2017-09-25,3.319999933242798,3.319999933242798,3.25,3.259999990463257,436215,1.464490294456482
2017-09-26,3.259999990463257,3.2899999618530273,3.2300000190734863,3.259999990463257,422198,1.464490294456482
2017-09-27,3.2799999713897705,3.2799999713897705,3.2300000190734863,3.25,466382,1.4599980115890503
2017-09-28,3.2799999713897705,3.299999952316284,3.240000009536743,3.2899999618530273,462382,1.477967381477356
2017-09-29,3.3499999046325684,3.3499999046325684,3.2899999618530273,3.319999933242798,529651,1.4914443492889404
2017-10-03,3.3399999141693115,3.3399999141693115,3.299999952316284,3.309999942779541,700000,1.4869520664215088
2017-10-04,3.319999933242798,3.319999933242798,3.2799999713897705,3.2899999618530273,326000,1.477967381477356
2017-10-06,3.309999942779541,3.309999942779541,3.2699999809265137,3.2799999713897705,725000,1.4734748601913452
2017-10-09,3.299999952316284,3.319999933242798,3.259999990463257,3.2899999618530273,550000,1.477967381477356
2017-10-10,3.319999933242798,3.319999933242798,3.259999990463257,3.2799999713897705,658332,1.4734748601913452
2017-10-11,3.319999933242798,3.319999933242798,3.2799999713897705,3.2899999618530273,643615,1.477967381477356
2017-10-12,3.2899999618530273,3.2899999618530273,3.2699999809265137,3.2899999618530273,571666,1.477967381477356
2017-10-13,3.2899999618530273,3.2899999618530273,3.2699999809265137,3.2799999713897705,482000,1.4734748601913452
2017-10-16,3.2799999713897705,3.309999942779541,3.2699999809265137,3.309999942779541,560257,1.4869520664215088
2017-10-17,3.309999942779541,3.309999942779541,3.2699999809265137,3.2899999618530273,2587000,1.477967381477356
2017-10-18,3.4200000762939453,3.4200000762939453,3.2899999618530273,3.309999942779541,686660,1.4869520664215088
2017-10-19,3.3299999237060547,3.3299999237060547,3.240000009536743,3.25,582294,1.4599980115890503
2017-10-20,3.2899999618530273,3.299999952316284,3.25,3.25,458754,1.4599980115890503
2017-10-23,3.319999933242798,3.319999933242798,3.240000009536743,3.2799999713897705,1084215,1.4734748601913452
2017-10-24,3.2799999713897705,3.2799999713897705,3.240000009536743,3.2699999809265137,342175,1.4689826965332031
2017-10-25,3.2799999713897705,3.2899999618530273,3.2699999809265137,3.2799999713897705,286000,1.4734748601913452
2017-10-26,3.299999952316284,3.309999942779541,3.25,3.259999990463257,608330,1.464490294456482
2017-10-27,3.299999952316284,3.299999952316284,3.259999990463257,3.2699999809265137,519318,1.4689826965332031
2017-10-30,3.309999942779541,3.3399999141693115,3.259999990463257,3.2899999618530273,694689,1.477967381477356
2017-10-31,3.2899999618530273,3.2899999618530273,3.240000009536743,3.259999990463257,1282000,1.464490294456482
2017-11-01,3.25,3.2899999618530273,3.2100000381469727,3.240000009536743,713784,1.4555057287216187
2017-11-02,3.299999952316284,3.299999952316284,3.240000009536743,3.259999990463257,608466,1.464490294456482
2017-11-03,3.2699999809265137,3.2799999713897705,3.2300000190734863,3.25,474164,1.4599980115890503
2017-11-06,3.25,3.25,3.1700000762939453,3.190000057220459,1158964,1.4330445528030396
2017-11-07,3.240000009536743,3.240000009536743,3.190000057220459,3.2100000381469727,150946,1.4420288801193237
2017-11-08,3.2300000190734863,3.2300000190734863,3.180000066757202,3.190000057220459,845832,1.4330445528030396
2017-11-09,3.2100000381469727,3.2100000381469727,3.1600000858306885,3.180000066757202,880640,1.4285520315170288
2017-11-10,3.2100000381469727,3.2100000381469727,3.1600000858306885,3.180000066757202,734000,1.4285520315170288
2017-11-13,3.200000047683716,3.200000047683716,3.1700000762939453,3.1700000762939453,1859718,1.4240599870681763
2017-11-14,3.190000057220459,3.190000057220459,3.0899999141693115,3.0999999046325684,5824050,1.3926136493682861
2017-11-15,3.140000104904175,3.140000104904175,3.0899999141693115,3.109999895095825,1928004,1.3971055746078491
2017-11-16,3.109999895095825,3.109999895095825,2.9800000190734863,3.0399999618530273,5016872,1.3656597137451172
2017-11-17,3.0399999618530273,3.0799999237060547,2.9000000953674316,2.9800000190734863,6400851,1.3387058973312378
2017-11-20,2.990000009536743,3.009999990463257,2.9100000858306885,2.950000047683716,2067084,1.3252289295196533
2017-11-21,2.950000047683716,2.9800000190734863,2.950000047683716,2.9700000286102295,772106,1.3342136144638062
2017-11-22,2.9700000286102295,3.0,2.9700000286102295,2.990000009536743,576434,1.3431981801986694
2017-11-23,3.0199999809265137,3.0199999809265137,2.9600000381469727,3.0,822147,1.3476905822753906
2017-11-24,3.009999990463257,3.009999990463257,2.990000009536743,2.990000009536743,561258,1.3431981801986694
2017-11-27,3.009999990463257,3.0899999141693115,3.009999990463257,3.049999952316284,3042500,1.3701521158218384
2017-11-28,3.049999952316284,3.059999942779541,3.0399999618530273,3.049999952316284,674183,1.3701521158218384
2017-11-29,3.059999942779541,3.0799999237060547,3.0299999713897705,3.069999933242798,1434116,1.379136562347412
2017-11-30,3.069999933242798,3.0799999237060547,3.0299999713897705,3.069999933242798,1440306,1.379136562347412
2017-12-01,3.0799999237060547,3.0799999237060547,3.0199999809265137,3.059999942779541,744000,1.3746445178985596
2017-12-04,3.069999933242798,3.069999933242798,3.0299999713897705,3.049999952316284,690748,1.3701521158218384
2017-12-05,3.059999942779541,3.059999942779541,3.0299999713897705,3.049999952316284,556000,1.3701521158218384
2017-12-06,3.059999942779541,3.059999942779541,3.009999990463257,3.0199999809265137,1374000,1.3566749095916748
2017-12-07,3.009999990463257,3.0299999713897705,2.990000009536743,2.990000009536743,998198,1.3431981801986694
2017-12-08,3.0199999809265137,3.0199999809265137,2.990000009536743,2.990000009536743,3439116,1.3431981801986694
2017-12-11,3.0,3.0199999809265137,2.990000009536743,3.0,2518000,1.3476905822753906
2017-12-12,3.049999952316284,3.049999952316284,3.0,3.009999990463257,886000,1.3521827459335327
2017-12-13,3.0199999809265137,3.0199999809265137,3.0,3.0199999809265137,602000,1.3566749095916748
2017-12-14,3.0399999618530273,3.049999952316284,3.009999990463257,3.0199999809265137,1220000,1.3566749095916748
2017-12-15,3.0199999809265137,3.049999952316284,3.009999990463257,3.0199999809265137,912244,1.3566749095916748
2017-12-18,3.009999990463257,3.0199999809265137,3.0,3.0199999809265137,146231,1.3566749095916748
2017-12-19,3.0,3.0199999809265137,2.990000009536743,3.009999990463257,730000,1.3521827459335327
2017-12-20,3.009999990463257,3.0199999809265137,2.990000009536743,3.0199999809265137,1172000,1.3566749095916748
2017-12-21,3.0199999809265137,3.0199999809265137,2.990000009536743,3.009999990463257,1436000,1.3521827459335327
2017-12-22,3.0,3.0299999713897705,3.0,3.0199999809265137,296000,1.3566749095916748
2017-12-27,3.0299999713897705,3.0299999713897705,3.0,3.0,1320000,1.3476905822753906
2017-12-28,3.0,3.0399999618530273,3.0,3.009999990463257,1492870,1.3521827459335327
2017-12-29,3.0299999713897705,3.0399999618530273,3.0199999809265137,3.0299999713897705,292000,1.3611674308776855
2018-01-02,3.0299999713897705,3.069999933242798,3.0299999713897705,3.069999933242798,1830035,1.379136562347412
2018-01-03,3.0899999141693115,3.130000114440918,3.0899999141693115,3.119999885559082,697038,1.4015980958938599
2018-01-04,3.119999885559082,3.140000104904175,3.0999999046325684,3.119999885559082,998571,1.4015980958938599
2018-01-05,3.1500000953674316,3.1500000953674316,3.109999895095825,3.119999885559082,580566,1.4015980958938599
2018-01-08,3.130000114440918,3.130000114440918,3.109999895095825,3.130000114440918,1199000,1.4060903787612915
2018-01-09,3.130000114440918,3.1600000858306885,3.130000114440918,3.1500000953674316,3251100,1.4150750637054443
2018-01-10,3.1700000762939453,3.180000066757202,3.140000104904175,3.1700000762939453,3001208,1.4240599870681763
2018-01-11,3.1700000762939453,3.1700000762939453,3.119999885559082,3.130000114440918,817258,1.4060903787612915
2018-01-12,3.130000114440918,3.1500000953674316,3.130000114440918,3.140000104904175,632229,1.4105827808380127
2018-01-15,3.140000104904175,3.1500000953674316,3.130000114440918,3.130000114440918,774246,1.4060903787612915
2018-01-16,3.130000114440918,3.140000104904175,3.130000114440918,3.140000104904175,773362,1.4105827808380127
2018-01-17,3.1500000953674316,3.259999990463257,3.130000114440918,3.2300000190734863,2652000,1.451013445854187
2018-01-18,3.240000009536743,3.259999990463257,3.2100000381469727,3.2200000286102295,1156394,1.4465211629867554
2018-01-19,3.2200000286102295,3.240000009536743,3.200000047683716,3.2300000190734863,563140,1.451013445854187
2018-01-22,3.2300000190734863,3.299999952316284,3.2300000190734863,3.259999990463257,2004000,1.464490294456482
2018-01-23,3.259999990463257,3.369999885559082,3.259999990463257,3.2699999809265137,2209961,1.4689826965332031
2018-01-24,3.299999952316284,3.299999952316284,3.2699999809265137,3.2899999618530273,1314464,1.477967381477356
2018-01-25,3.299999952316284,3.3299999237060547,3.2899999618530273,3.309999942779541,1454000,1.4869520664215088
2018-01-26,3.309999942779541,3.3399999141693115,3.309999942779541,3.319999933242798,3459000,1.4914443492889404
2018-01-29,3.319999933242798,3.359999895095825,3.299999952316284,3.319999933242798,851347,1.4914443492889404
2018-01-30,3.319999933242798,3.319999933242798,3.2699999809265137,3.299999952316284,1575400,1.4824596643447876
2018-01-31,3.2799999713897705,3.299999952316284,3.259999990463257,3.2799999713897705,831000,1.4734748601913452
2018-02-01,3.2799999713897705,3.2799999713897705,3.25,3.2699999809265137,486000,1.4689826965332031
2018-02-02,3.259999990463257,3.259999990463257,3.240000009536743,3.259999990463257,900000,1.464490294456482
2018-02-05,3.2200000286102295,3.259999990463257,3.180000066757202,3.25,2680575,1.4599980115890503
2018-02-06,3.200000047683716,3.2300000190734863,3.0999999046325684,3.130000114440918,1952000,1.4060903787612915
2018-02-07,3.190000057220459,3.259999990463257,3.1500000953674316,3.1600000858306885,1400000,1.419567346572876
2018-02-08,3.200000047683716,3.240000009536743,3.130000114440918,3.1700000762939453,1017076,1.4240599870681763
2018-02-09,3.1700000762939453,3.1700000762939453,3.059999942779541,3.0899999141693115,2094000,1.388121247291565
2018-02-12,3.119999885559082,3.140000104904175,3.069999933242798,3.140000104904175,953500,1.4105827808380127
2018-02-13,3.130000114440918,3.1700000762939453,3.130000114440918,3.1500000953674316,664000,1.4150750637054443
2018-02-14,3.1500000953674316,3.1500000953674316,3.0999999046325684,3.0999999046325684,1058000,1.3926136493682861
2018-02-15,3.1500000953674316,3.1500000953674316,3.119999885559082,3.1500000953674316,126000,1.4150750637054443
2018-02-20,3.2100000381469727,3.450000047683716,3.200000047683716,3.380000114440918,3582000,1.5183981657028198
2018-02-21,3.380000114440918,3.4100000858306885,3.369999885559082,3.4000000953674316,1916000,1.5273828506469727
2018-02-22,3.3499999046325684,3.4000000953674316,3.3499999046325684,3.4000000953674316,560676,1.5273828506469727
2018-02-23,3.380000114440918,3.390000104904175,3.3499999046325684,3.380000114440918,1170000,1.5183981657028198
2018-02-26,3.380000114440918,3.4000000953674316,3.369999885559082,3.380000114440918,1002000,1.5183981657028198
2018-02-27,3.3499999046325684,3.4200000762939453,3.3499999046325684,3.369999885559082,2056000,1.513905644416809
2018-02-28,3.369999885559082,3.369999885559082,3.309999942779541,3.3399999141693115,798000,1.5004287958145142
2018-03-01,3.369999885559082,3.4200000762939453,3.3399999141693115,3.4100000858306885,936000,1.5318748950958252
2018-03-02,3.4000000953674316,3.490000009536743,3.380000114440918,3.4600000381469727,2682000,1.5543363094329834
2018-03-05,3.430000066757202,3.490000009536743,3.3299999237060547,3.359999895095825,1946187,1.509413242340088
2018-03-06,3.4000000953674316,3.4100000858306885,3.359999895095825,3.380000114440918,738246,1.5183981657028198
2018-03-07,3.369999885559082,3.4100000858306885,3.3399999141693115,3.369999885559082,880000,1.513905644416809
2018-03-08,3.369999885559082,3.450000047683716,3.3299999237060547,3.3499999046325684,1006000,1.5049209594726562
2018-03-09,3.359999895095825,3.369999885559082,3.319999933242798,3.3399999141693115,758000,1.5004287958145142
2018-03-12,3.3299999237060547,3.369999885559082,3.2799999713897705,3.3399999141693115,1191525,1.5004287958145142
2018-03-13,3.369999885559082,3.369999885559082,3.319999933242798,3.3499999046325684,650464,1.5049209594726562
2018-03-14,3.3399999141693115,3.359999895095825,3.309999942779541,3.3499999046325684,334000,1.5049209594726562
2018-03-15,3.3499999046325684,3.3499999046325684,3.309999942779541,3.3499999046325684,588150,1.5049209594726562
2018-03-16,3.359999895095825,3.359999895095825,3.240000009536743,3.240000009536743,1028000,1.4555057287216187
2018-03-19,3.259999990463257,3.309999942779541,3.240000009536743,3.2899999618530273,519372,1.477967381477356
2018-03-20,3.319999933242798,3.3299999237060547,3.2699999809265137,3.319999933242798,1328000,1.4914443492889404
2018-03-21,3.3399999141693115,3.3399999141693115,3.259999990463257,3.309999942779541,716000,1.4869520664215088
2018-03-22,3.319999933242798,3.319999933242798,3.2799999713897705,3.309999942779541,464194,1.4869520664215088
2018-03-23,3.25,3.2799999713897705,3.200000047683716,3.259999990463257,1882439,1.464490294456482
2018-03-26,3.25,3.25,3.180000066757202,3.2300000190734863,500515,1.451013445854187
2018-03-27,3.2799999713897705,3.319999933242798,3.2300000190734863,3.2899999618530273,726318,1.477967381477356
2018-03-28,3.2899999618530273,3.2899999618530273,3.2100000381469727,3.240000009536743,940000,1.4555057287216187
2018-03-29,3.240000009536743,3.2799999713897705,3.2300000190734863,3.259999990463257,582000,1.464490294456482
2018-04-03,3.2699999809265137,3.309999942779541,3.180000066757202,3.2799999713897705,1796000,1.4734748601913452
2018-04-04,3.2799999713897705,3.2799999713897705,3.240000009536743,3.259999990463257,304000,1.464490294456482
2018-04-06,3.259999990463257,3.2799999713897705,3.25,3.2699999809265137,332000,1.4689826965332031
2018-04-09,3.240000009536743,3.2699999809265137,3.200000047683716,3.2699999809265137,430000,1.4689826965332031
2018-04-10,3.259999990463257,3.2699999809265137,3.2300000190734863,3.2300000190734863,377031,1.451013445854187
2018-04-11,3.2699999809265137,3.2699999809265137,3.2200000286102295,3.259999990463257,217784,1.464490294456482
2018-04-12,3.259999990463257,3.259999990463257,3.2200000286102295,3.259999990463257,82000,1.464490294456482
2018-04-13,3.2300000190734863,3.2300000190734863,3.190000057220459,3.200000047683716,1364000,1.437536597251892
2018-04-16,3.240000009536743,3.259999990463257,3.119999885559082,3.119999885559082,848000,1.4015980958938599
2018-04-17,3.180000066757202,3.180000066757202,3.0899999141693115,3.0999999046325684,786000,1.3926136493682861
2018-04-18,3.119999885559082,3.140000104904175,3.0899999141693115,3.140000104904175,498000,1.4105827808380127
2018-04-19,3.1500000953674316,3.1600000858306885,3.109999895095825,3.1500000953674316,436000,1.4150750637054443
2018-04-20,3.1500000953674316,3.2200000286102295,3.109999895095825,3.140000104904175,369721,1.4105827808380127
2018-04-23,3.130000114440918,3.130000114440918,3.109999895095825,3.119999885559082,190000,1.4015980958938599
2018-04-24,3.119999885559082,3.1700000762939453,3.119999885559082,3.1700000762939453,288000,1.4240599870681763
2018-04-25,3.1600000858306885,3.1600000858306885,3.109999895095825,3.140000104904175,214000,1.4105827808380127
2018-04-26,3.109999895095825,3.1600000858306885,3.0899999141693115,3.119999885559082,392000,1.4015980958938599
2018-04-27,3.119999885559082,3.1500000953674316,3.109999895095825,3.1500000953674316,440000,1.4150750637054443
2018-04-30,3.1500000953674316,3.1600000858306885,3.119999885559082,3.130000114440918,292463,1.4060903787612915
2018-05-02,3.1500000953674316,3.1700000762939453,3.130000114440918,3.1700000762939453,326000,1.4240599870681763
2018-05-03,3.180000066757202,3.180000066757202,3.140000104904175,3.1700000762939453,297575,1.4240599870681763
2018-05-04,3.1700000762939453,3.190000057220459,3.140000104904175,3.180000066757202,226000,1.4285520315170288
2018-05-07,3.2100000381469727,3.2100000381469727,3.1600000858306885,3.1700000762939453,438000,1.4240599870681763
2018-05-08,3.1700000762939453,3.180000066757202,3.140000104904175,3.1700000762939453,255576,1.4240599870681763
2018-05-09,3.190000057220459,3.190000057220459,3.1700000762939453,3.1700000762939453,156000,1.4240599870681763
2018-05-10,3.190000057220459,3.200000047683716,3.1700000762939453,3.200000047683716,411471,1.437536597251892
2018-05-11,3.200000047683716,3.200000047683716,3.1700000762939453,3.180000066757202,710000,1.4285520315170288
2018-05-14,3.180000066757202,3.200000047683716,3.180000066757202,3.180000066757202,354000,1.4285520315170288
2018-05-15,3.2100000381469727,3.2200000286102295,3.1700000762939453,3.200000047683716,252425,1.437536597251892
2018-05-16,3.180000066757202,3.25,3.1700000762939453,3.190000057220459,667115,1.4330445528030396
2018-05-17,3.200000047683716,3.200000047683716,3.190000057220459,3.190000057220459,106000,1.4330445528030396
2018-05-18,3.190000057220459,3.2300000190734863,3.180000066757202,3.2300000190734863,708000,1.451013445854187
2018-05-21,3.25,3.25,3.200000047683716,3.200000047683716,667000,1.437536597251892
2018-05-23,3.2300000190734863,3.25,3.200000047683716,3.240000009536743,311000,1.4555057287216187
2018-05-24,3.2200000286102295,3.25,3.190000057220459,3.2300000190734863,242000,1.451013445854187
2018-05-25,3.2300000190734863,3.240000009536743,3.2100000381469727,3.240000009536743,120000,1.4555057287216187
2018-05-28,3.2200000286102295,3.319999933242798,3.2100000381469727,3.299999952316284,1095700,1.4824596643447876
2018-05-29,3.299999952316284,3.299999952316284,3.1700000762939453,3.2100000381469727,1124000,1.4420288801193237
2018-05-30,3.190000057220459,3.299999952316284,3.180000066757202,3.200000047683716,1422000,1.437536597251892
2018-05-31,3.2300000190734863,3.2799999713897705,3.2300000190734863,3.2799999713897705,806000,1.4734748601913452
2018-06-01,3.299999952316284,3.299999952316284,3.2300000190734863,3.25,436000,1.4599980115890503
2018-06-04,3.200000047683716,3.200000047683716,3.0399999618530273,3.069999933242798,2189295,1.4320108890533447
2018-06-05,3.069999933242798,3.109999895095825,3.049999952316284,3.069999933242798,1278000,1.4320108890533447
2018-06-06,3.069999933242798,3.140000104904175,3.069999933242798,3.130000114440918,286000,1.4599980115890503
2018-06-07,3.0899999141693115,3.1500000953674316,3.0899999141693115,3.1500000953674316,422000,1.4693270921707153
2018-06-08,3.1600000858306885,3.1600000858306885,3.0999999046325684,3.130000114440918,326294,1.4599980115890503
2018-06-11,3.1500000953674316,3.1700000762939453,3.140000104904175,3.1700000762939453,168000,1.478656530380249
2018-06-12,3.1500000953674316,3.1500000953674316,3.119999885559082,3.140000104904175,304000,1.4646626710891724
2018-06-13,3.119999885559082,3.180000066757202,3.119999885559082,3.1600000858306885,368000,1.4739916324615479
2018-06-14,3.1700000762939453,3.190000057220459,3.119999885559082,3.1500000953674316,438000,1.4693270921707153
2018-06-15,3.190000057220459,3.190000057220459,3.0999999046325684,3.109999895095825,170000,1.4506688117980957
2018-06-19,3.109999895095825,3.130000114440918,2.990000009536743,3.0399999618530273,1754000,1.418017029762268
2018-06-20,3.0399999618530273,3.119999885559082,3.0,3.059999942779541,952070,1.4273463487625122
2018-06-21,3.059999942779541,3.0799999237060547,3.049999952316284,3.049999952316284,207002,1.4226819276809692
2018-06-22,3.0899999141693115,3.0899999141693115,3.059999942779541,3.069999933242798,166000,1.4320108890533447
2018-06-25,3.130000114440918,3.130000114440918,3.049999952316284,3.049999952316284,243000,1.4226819276809692
2018-06-26,3.0399999618530273,3.049999952316284,2.9800000190734863,2.9800000190734863,790000,1.3900301456451416
2018-06-27,2.9700000286102295,2.9700000286102295,2.9000000953674316,2.9000000953674316,1131689,1.3527138233184814
2018-06-28,2.940000057220459,2.940000057220459,2.890000104904175,2.9100000858306885,324000,1.3573784828186035
2018-06-29,2.9000000953674316,2.9800000190734863,2.890000104904175,2.9800000190734863,842000,1.3900301456451416
2018-07-03,2.9600000381469727,2.9600000381469727,2.880000114440918,2.9000000953674316,722000,1.3527138233184814
2018-07-04,2.869999885559082,2.9100000858306885,2.869999885559082,2.890000104904175,376000,1.348049283027649
2018-07-05,2.890000104904175,2.9200000762939453,2.880000114440918,2.9000000953674316,457000,1.3527138233184814
2018-07-06,2.9000000953674316,2.940000057220459,2.890000104904175,2.9200000762939453,665513,1.362043023109436
2018-07-09,2.9200000762939453,2.950000047683716,2.9000000953674316,2.950000047683716,440000,1.3760364055633545
2018-07-10,2.9600000381469727,2.9600000381469727,2.880000114440918,2.930000066757202,691605,1.366707682609558
2018-07-11,2.869999885559082,3.0,2.859999895095825,2.9100000858306885,150000,1.3573784828186035
2018-07-12,2.940000057220459,2.940000057220459,2.890000104904175,2.940000057220459,90000,1.371372103691101
2018-07-13,2.940000057220459,2.940000057220459,2.9000000953674316,2.9100000858306885,276000,1.3573784828186035
2018-07-16,2.950000047683716,2.950000047683716,2.869999885559082,2.9000000953674316,298000,1.3527138233184814
2018-07-17,2.9000000953674316,2.9200000762939453,2.869999885559082,2.890000104904175,925994,1.348049283027649
2018-07-18,2.880000114440918,2.880000114440918,2.819999933242798,2.8499999046325684,816000,1.329391360282898
2018-07-19,2.8299999237060547,2.859999895095825,2.8299999237060547,2.859999895095825,200000,1.3340556621551514
2018-07-20,2.8499999046325684,2.869999885559082,2.819999933242798,2.869999885559082,296341,1.3387202024459839
2018-07-23,2.880000114440918,2.880000114440918,2.859999895095825,2.869999885559082,128825,1.3387202024459839
2018-07-24,2.950000047683716,2.950000047683716,2.869999885559082,2.9100000858306885,198000,1.3573784828186035
2018-07-25,3.0,3.0,2.869999885559082,2.890000104904175,282372,1.348049283027649
2018-07-26,2.9100000858306885,2.940000057220459,2.890000104904175,2.940000057220459,376249,1.371372103691101
2018-07-27,2.9100000858306885,2.9100000858306885,2.890000104904175,2.890000104904175,117745,1.348049283027649
2018-07-30,2.890000104904175,2.9200000762939453,2.890000104904175,2.9200000762939453,348000,1.362043023109436
2018-07-31,2.9200000762939453,2.9600000381469727,2.9000000953674316,2.940000057220459,342000,1.371372103691101
2018-08-01,2.9800000190734863,3.049999952316284,2.9800000190734863,3.0299999713897705,828000,1.4133528470993042
2018-08-02,2.990000009536743,2.990000009536743,2.930000066757202,2.930000066757202,310000,1.366707682609558
2018-08-03,2.9800000190734863,3.009999990463257,2.930000066757202,2.950000047683716,193670,1.3760364055633545
2018-08-06,2.950000047683716,2.9700000286102295,2.9000000953674316,2.930000066757202,128000,1.366707682609558
2018-08-07,2.990000009536743,2.990000009536743,2.930000066757202,2.950000047683716,90748,1.3760364055633545
2018-08-08,2.950000047683716,3.0299999713897705,2.9200000762939453,2.9600000381469727,350388,1.3807010650634766
2018-08-09,2.930000066757202,2.950000047683716,2.930000066757202,2.940000057220459,395863,1.371372103691101
2018-08-10,2.940000057220459,2.940000057220459,2.9200000762939453,2.930000066757202,94346,1.366707682609558
2018-08-13,2.9100000858306885,2.950000047683716,2.9100000858306885,2.950000047683716,94669,1.3760364055633545
2018-08-14,2.950000047683716,3.0,2.8499999046325684,2.9100000858306885,678267,1.3573784828186035
2018-08-15,2.930000066757202,2.930000066757202,2.9000000953674316,2.9100000858306885,276000,1.3573784828186035
2018-08-16,2.9100000858306885,2.9100000858306885,2.880000114440918,2.890000104904175,593186,1.348049283027649
2018-08-17,2.880000114440918,2.9200000762939453,2.880000114440918,2.9000000953674316,191718,1.3527138233184814
2018-08-20,2.950000047683716,2.950000047683716,2.890000104904175,2.9100000858306885,146000,1.3573784828186035
2018-08-21,2.930000066757202,2.950000047683716,2.9200000762939453,2.9200000762939453,196000,1.362043023109436
2018-08-22,2.9200000762939453,2.950000047683716,2.9200000762939453,2.940000057220459,48000,1.371372103691101
2018-08-23,2.930000066757202,2.940000057220459,2.890000104904175,2.9000000953674316,368200,1.3527138233184814
2018-08-24,2.890000104904175,2.9200000762939453,2.8399999141693115,2.8499999046325684,482000,1.329391360282898
2018-08-27,2.8399999141693115,2.8399999141693115,2.7799999713897705,2.799999952316284,1676000,1.3060686588287354
2018-08-28,2.809999942779541,2.809999942779541,2.7699999809265137,2.7799999713897705,716000,1.2967395782470703
2018-08-29,2.7699999809265137,2.7799999713897705,2.75,2.7799999713897705,1128000,1.2967395782470703
2018-08-30,2.7799999713897705,2.819999933242798,2.759999990463257,2.819999933242798,446000,1.3153975009918213
2018-08-31,2.7699999809265137,2.809999942779541,2.7699999809265137,2.7699999809265137,306000,1.2920750379562378
2018-09-03,2.759999990463257,2.799999952316284,2.759999990463257,2.7799999713897705,254000,1.2967395782470703
2018-09-04,2.7899999618530273,2.799999952316284,2.7699999809265137,2.7699999809265137,110000,1.2920750379562378
2018-09-05,2.809999942779541,2.809999942779541,2.75,2.759999990463257,250000,1.2874103784561157
2018-09-06,2.7699999809265137,2.7699999809265137,2.740000009536743,2.740000009536743,294427,1.2780814170837402
2018-09-07,2.7899999618530273,2.7899999618530273,2.7300000190734863,2.740000009536743,140800,1.2780814170837402
2018-09-10,2.740000009536743,2.740000009536743,2.680000066757202,2.680000066757202,518000,1.2500940561294556
2018-09-11,2.690000057220459,2.690000057220459,2.630000114440918,2.6600000858306885,578973,1.24076509475708
2018-09-12,2.680000066757202,2.680000066757202,2.619999885559082,2.630000114440918,705422,1.2267718315124512
2018-09-13,2.640000104904175,2.640000104904175,2.630000114440918,2.630000114440918,306000,1.2505463361740112
2018-09-14,2.609999895095825,2.680000066757202,2.559999942779541,2.640000104904175,346000,1.2553012371063232
2018-09-17,2.6500000953674316,2.7899999618530273,2.630000114440918,2.630000114440918,164000,1.2505463361740112
2018-09-18,2.630000114440918,2.700000047683716,2.630000114440918,2.6600000858306885,224000,1.2648108005523682
2018-09-19,2.759999990463257,2.759999990463257,2.680000066757202,2.7200000286102295,270000,1.2933403253555298
2018-09-20,2.7699999809265137,2.7699999809265137,2.7100000381469727,2.7200000286102295,96000,1.2933403253555298
2018-09-21,2.7200000286102295,2.7799999713897705,2.7200000286102295,2.759999990463257,348000,1.312360167503357
2018-09-24,2.7200000286102295,2.7799999713897705,2.7200000286102295,2.759999990463257,80000,1.312360167503357
2018-09-26,2.809999942779541,2.819999933242798,2.759999990463257,2.7899999618530273,192000,1.3266249895095825
2018-09-27,2.7699999809265137,2.799999952316284,2.759999990463257,2.799999952316284,168000,1.331380009651184
2018-09-28,2.869999885559082,2.869999885559082,2.819999933242798,2.8299999237060547,272000,1.3456447124481201
2018-10-02,2.8499999046325684,2.8499999046325684,2.75,2.819999933242798,760000,1.340889573097229
2018-10-03,2.7899999618530273,2.799999952316284,2.759999990463257,2.799999952316284,122000,1.331380009651184
2018-10-04,2.7699999809265137,2.7899999618530273,2.759999990463257,2.7799999713897705,275000,1.3218700885772705
2018-10-05,2.700000047683716,2.759999990463257,2.700000047683716,2.759999990463257,106000,1.312360167503357
2018-10-08,2.759999990463257,2.759999990463257,2.680000066757202,2.759999990463257,318000,1.312360167503357
2018-10-09,2.700000047683716,2.759999990463257,2.680000066757202,2.759999990463257,131402,1.312360167503357
2018-10-10,2.759999990463257,2.799999952316284,2.75,2.799999952316284,66004,1.331380009651184
2018-10-11,2.690000057220459,2.759999990463257,2.680000066757202,2.759999990463257,284000,1.312360167503357
2018-10-12,2.759999990463257,2.759999990463257,2.680000066757202,2.7200000286102295,350000,1.2933403253555298
2018-10-15,2.7100000381469727,2.7699999809265137,2.700000047683716,2.7699999809265137,214000,1.317115068435669
2018-10-16,2.7699999809265137,2.7699999809265137,2.740000009536743,2.759999990463257,294000,1.312360167503357
2018-10-18,2.759999990463257,2.759999990463257,2.7100000381469727,2.75,162000,1.3076053857803345
2018-10-19,2.7100000381469727,2.740000009536743,2.7100000381469727,2.740000009536743,102000,1.3028504848480225
2018-10-22,2.7200000286102295,2.7699999809265137,2.7200000286102295,2.75,228953,1.3076053857803345
2018-10-23,2.75,2.75,2.7200000286102295,2.75,86000,1.3076053857803345
2018-10-24,2.7300000190734863,2.7799999713897705,2.700000047683716,2.75,144000,1.3076053857803345
2018-10-25,2.690000057220459,2.7200000286102295,2.680000066757202,2.680000066757202,330000,1.2743208408355713
2018-10-26,2.680000066757202,2.700000047683716,2.680000066757202,2.700000047683716,14000,1.2838307619094849
2018-10-29,2.700000047683716,2.700000047683716,2.6700000762939453,2.680000066757202,422000,1.2743208408355713
2018-10-30,2.6500000953674316,2.680000066757202,2.559999942779541,2.6500000953674316,114000,1.2600560188293457
2018-10-31,2.700000047683716,2.7100000381469727,2.6700000762939453,2.690000057220459,980000,1.2790756225585938
2018-11-01,2.690000057220459,2.690000057220459,2.5999999046325684,2.680000066757202,60000,1.2743208408355713
2018-11-02,2.6600000858306885,2.7200000286102295,2.6600000858306885,2.700000047683716,676000,1.2838307619094849
2018-11-05,2.7100000381469727,2.7100000381469727,2.680000066757202,2.700000047683716,148000,1.2838307619094849
2018-11-06,2.700000047683716,2.7200000286102295,2.690000057220459,2.7200000286102295,90000,1.2933403253555298
2018-11-07,2.700000047683716,2.7200000286102295,2.700000047683716,2.7200000286102295,118000,1.2933403253555298
2018-11-08,2.7200000286102295,2.7200000286102295,2.6700000762939453,2.7200000286102295,334000,1.2933403253555298
2018-11-09,2.700000047683716,2.7200000286102295,2.700000047683716,2.7200000286102295,392000,1.2933403253555298
2018-11-12,2.7200000286102295,2.7300000190734863,2.700000047683716,2.7200000286102295,484000,1.2933403253555298
2018-11-13,2.700000047683716,2.700000047683716,2.5999999046325684,2.6600000858306885,238000,1.2648108005523682
2018-11-14,2.640000104904175,2.6600000858306885,2.559999942779541,2.6600000858306885,314000,1.2648108005523682
2018-11-15,2.6500000953674316,2.700000047683716,2.640000104904175,2.700000047683716,20000,1.2838307619094849
2018-11-16,2.700000047683716,2.7200000286102295,2.690000057220459,2.700000047683716,178000,1.2838307619094849
2018-11-19,2.700000047683716,2.7200000286102295,2.680000066757202,2.700000047683716,392000,1.2838307619094849
2018-11-20,2.690000057220459,2.700000047683716,2.6500000953674316,2.6500000953674316,84000,1.2600560188293457
2018-11-21,2.6500000953674316,2.7200000286102295,2.6500000953674316,2.690000057220459,206000,1.2790756225585938
2018-11-22,2.6700000762939453,2.700000047683716,2.680000066757202,2.700000047683716,202000,1.2838307619094849
2018-11-23,2.680000066757202,2.700000047683716,2.680000066757202,2.700000047683716,94800,1.2838307619094849
2018-11-26,2.700000047683716,2.740000009536743,2.680000066757202,2.7200000286102295,96000,1.2933403253555298
2018-11-27,2.740000009536743,2.740000009536743,2.7100000381469727,2.7100000381469727,98000,1.2885855436325073
2018-11-28,2.7300000190734863,2.740000009536743,2.700000047683716,2.740000009536743,220000,1.3028504848480225
2018-11-29,2.7300000190734863,2.740000009536743,2.700000047683716,2.7300000190734863,126000,1.298095464706421
2018-11-30,2.740000009536743,2.740000009536743,2.700000047683716,2.740000009536743,220000,1.3028504848480225
2018-12-03,2.740000009536743,2.75,2.690000057220459,2.740000009536743,540000,1.3028504848480225
2018-12-04,2.740000009536743,2.75,2.680000066757202,2.740000009536743,290000,1.3028504848480225
2018-12-05,2.75,2.75,2.700000047683716,2.7200000286102295,185488,1.2933403253555298
2018-12-06,2.680000066757202,2.7100000381469727,2.6500000953674316,2.680000066757202,206000,1.2743208408355713
2018-12-07,2.640000104904175,2.7100000381469727,2.640000104904175,2.700000047683716,190707,1.2838307619094849
2018-12-10,2.6500000953674316,2.700000047683716,2.6500000953674316,2.700000047683716,357000,1.2838307619094849
2018-12-11,2.700000047683716,2.700000047683716,2.680000066757202,2.680000066757202,355000,1.2743208408355713
2018-12-12,2.640000104904175,2.700000047683716,2.640000104904175,2.680000066757202,54000,1.2743208408355713
2018-12-13,2.680000066757202,2.680000066757202,2.6500000953674316,2.6700000762939453,399869,1.2695660591125488
2018-12-14,2.6500000953674316,2.7100000381469727,2.6500000953674316,2.690000057220459,82000,1.2790756225585938
2018-12-17,2.680000066757202,2.690000057220459,2.6600000858306885,2.6600000858306885,101881,1.2648108005523682
2018-12-18,2.6700000762939453,2.75,2.640000104904175,2.7200000286102295,689450,1.2933403253555298
2018-12-19,2.700000047683716,2.700000047683716,2.690000057220459,2.700000047683716,149000,1.2838307619094849
2018-12-20,2.700000047683716,2.7100000381469727,2.680000066757202,2.7100000381469727,143813,1.2885855436325073
2018-12-21,2.6600000858306885,2.700000047683716,2.6600000858306885,2.690000057220459,78910,1.2790756225585938
2018-12-24,2.6600000858306885,2.700000047683716,2.6600000858306885,2.6700000762939453,186000,1.2695660591125488
2018-12-27,2.700000047683716,2.75,2.680000066757202,2.75,315000,1.3076053857803345
2018-12-28,2.7200000286102295,2.75,2.7200000286102295,2.740000009536743,254000,1.3028504848480225
2018-12-31,2.740000009536743,2.740000009536743,2.690000057220459,2.690000057220459,165611,1.2790756225585938
2019-01-02,2.700000047683716,2.75,2.690000057220459,2.7300000190734863,64000,1.298095464706421
2019-01-03,2.75,2.75,2.690000057220459,2.7200000286102295,113000,1.2933403253555298
2019-01-04,2.680000066757202,2.7200000286102295,2.680000066757202,2.700000047683716,174000,1.2838307619094849
2019-01-07,2.6700000762939453,2.700000047683716,2.630000114440918,2.700000047683716,814000,1.2838307619094849
2019-01-08,2.700000047683716,2.75,2.700000047683716,2.7200000286102295,430970,1.2933403253555298
2019-01-09,2.7200000286102295,2.7200000286102295,2.700000047683716,2.7100000381469727,308138,1.2885855436325073
2019-01-10,2.7100000381469727,2.7200000286102295,2.6700000762939453,2.7100000381469727,112000,1.2885855436325073
2019-01-11,2.7100000381469727,2.7100000381469727,2.6700000762939453,2.7100000381469727,134000,1.2885855436325073
2019-01-14,2.700000047683716,2.7100000381469727,2.700000047683716,2.7100000381469727,448000,1.2885855436325073
2019-01-15,2.7100000381469727,2.7200000286102295,2.690000057220459,2.700000047683716,358000,1.2838307619094849
2019-01-16,2.700000047683716,2.700000047683716,2.6700000762939453,2.680000066757202,490000,1.2743208408355713
2019-01-17,2.7300000190734863,2.7300000190734863,2.690000057220459,2.7100000381469727,384000,1.2885855436325073
2019-01-18,2.690000057220459,2.7300000190734863,2.690000057220459,2.700000047683716,1387000,1.2838307619094849
2019-01-21,2.700000047683716,2.7100000381469727,2.700000047683716,2.7100000381469727,1587553,1.2885855436325073
2019-01-22,2.7100000381469727,2.7200000286102295,2.700000047683716,2.7200000286102295,590194,1.2933403253555298
2019-01-23,2.7100000381469727,2.7200000286102295,2.700000047683716,2.7100000381469727,364000,1.2885855436325073
2019-01-24,2.700000047683716,2.7300000190734863,2.700000047683716,2.7200000286102295,786000,1.2933403253555298
2019-01-25,2.7300000190734863,2.740000009536743,2.7100000381469727,2.7300000190734863,336000,1.298095464706421
2019-01-28,2.75,2.75,2.7300000190734863,2.75,303500,1.3076053857803345
2019-01-29,2.759999990463257,2.759999990463257,2.7300000190734863,2.759999990463257,338000,1.312360167503357
2019-01-30,2.75,2.75,2.7300000190734863,2.75,162000,1.3076053857803345
2019-01-31,2.75,2.7699999809265137,2.740000009536743,2.759999990463257,1092000,1.312360167503357
2019-02-01,2.759999990463257,2.7799999713897705,2.759999990463257,2.7799999713897705,268000,1.3218700885772705
2019-02-04,2.7799999713897705,2.7899999618530273,2.7799999713897705,2.7799999713897705,470000,1.3218700885772705
2019-02-08,2.7799999713897705,2.7799999713897705,2.75,2.7699999809265137,248500,1.317115068435669
2019-02-11,2.75,2.8299999237060547,2.75,2.799999952316284,367000,1.331380009651184
2019-02-12,2.799999952316284,2.8299999237060547,2.7799999713897705,2.819999933242798,232000,1.340889573097229
2019-02-13,2.819999933242798,2.880000114440918,2.799999952316284,2.8499999046325684,624000,1.3551546335220337
2019-02-14,2.859999895095825,2.869999885559082,2.819999933242798,2.8399999141693115,366000,1.3503997325897217
2019-02-15,2.8399999141693115,2.890000104904175,2.799999952316284,2.8299999237060547,304000,1.3456447124481201
2019-02-18,2.8299999237060547,2.8499999046325684,2.8299999237060547,2.8499999046325684,484000,1.3551546335220337
2019-02-19,2.8399999141693115,2.859999895095825,2.799999952316284,2.819999933242798,346786,1.340889573097229
2019-02-20,2.8299999237060547,2.869999885559082,2.8299999237060547,2.8299999237060547,212000,1.3456447124481201
2019-02-21,2.809999942779541,2.880000114440918,2.809999942779541,2.8399999141693115,195528,1.3503997325897217
2019-02-22,2.809999942779541,2.8499999046325684,2.799999952316284,2.8399999141693115,614000,1.3503997325897217
2019-02-25,2.8499999046325684,2.869999885559082,2.8299999237060547,2.8499999046325684,472000,1.3551546335220337
2019-02-26,2.8499999046325684,2.8499999046325684,2.819999933242798,2.8499999046325684,552000,1.3551546335220337
2019-02-27,2.8299999237060547,2.8499999046325684,2.819999933242798,2.8499999046325684,260000,1.3551546335220337
2019-02-28,2.8299999237060547,2.9100000858306885,2.809999942779541,2.9100000858306885,390000,1.3836842775344849
2019-03-01,2.880000114440918,2.9000000953674316,2.880000114440918,2.9000000953674316,538000,1.3789293766021729
2019-03-04,2.880000114440918,2.890000104904175,2.859999895095825,2.859999895095825,143000,1.3599094152450562
2019-03-05,2.869999885559082,2.869999885559082,2.8499999046325684,2.859999895095825,577454,1.3599094152450562
2019-03-06,2.9000000953674316,2.9000000953674316,2.859999895095825,2.880000114440918,87000,1.3694194555282593
2019-03-07,2.859999895095825,2.880000114440918,2.8399999141693115,2.859999895095825,297010,1.3599094152450562
2019-03-08,2.880000114440918,2.880000114440918,2.8299999237060547,2.859999895095825,386000,1.3599094152450562
2019-03-11,2.859999895095825,2.859999895095825,2.8299999237060547,2.8499999046325684,48000,1.3551546335220337
2019-03-12,2.880000114440918,2.880000114440918,2.8499999046325684,2.8499999046325684,106000,1.3551546335220337
2019-03-13,2.8499999046325684,2.8499999046325684,2.819999933242798,2.8399999141693115,94000,1.3503997325897217
2019-03-14,2.880000114440918,2.880000114440918,2.8399999141693115,2.8399999141693115,96000,1.3503997325897217
2019-03-15,2.819999933242798,2.8399999141693115,2.819999933242798,2.8299999237060547,299000,1.3456447124481201
2019-03-18,2.8299999237060547,2.859999895095825,2.819999933242798,2.8299999237060547,614466,1.3456447124481201
2019-03-19,2.880000114440918,2.880000114440918,2.819999933242798,2.8399999141693115,331706,1.3503997325897217
2019-03-20,2.819999933242798,2.8499999046325684,2.819999933242798,2.8299999237060547,379000,1.3456447124481201
2019-03-21,2.809999942779541,2.8299999237060547,2.809999942779541,2.819999933242798,184270,1.340889573097229
2019-03-22,2.819999933242798,2.8299999237060547,2.809999942779541,2.8299999237060547,350000,1.3456447124481201
2019-03-25,2.809999942779541,2.8299999237060547,2.809999942779541,2.8299999237060547,570271,1.3456447124481201
2019-03-26,2.819999933242798,2.8299999237060547,2.799999952316284,2.809999942779541,1041473,1.336134672164917
2019-03-27,2.8299999237060547,2.8299999237060547,2.799999952316284,2.8299999237060547,246000,1.3456447124481201
2019-03-28,2.8399999141693115,2.8399999141693115,2.799999952316284,2.809999942779541,300000,1.336134672164917
2019-03-29,2.799999952316284,2.8499999046325684,2.799999952316284,2.8399999141693115,60582,1.3503997325897217
2019-04-01,2.8299999237060547,2.8399999141693115,2.799999952316284,2.809999942779541,234000,1.336134672164917
2019-04-02,2.809999942779541,2.809999942779541,2.799999952316284,2.799999952316284,236000,1.331380009651184
2019-04-03,2.809999942779541,2.8399999141693115,2.799999952316284,2.8399999141693115,577598,1.3503997325897217
2019-04-04,2.8399999141693115,2.8399999141693115,2.7899999618530273,2.799999952316284,262000,1.331380009651184
2019-04-08,2.799999952316284,2.819999933242798,2.799999952316284,2.819999933242798,238000,1.340889573097229
2019-04-09,2.819999933242798,2.8299999237060547,2.809999942779541,2.819999933242798,280000,1.340889573097229
2019-04-10,2.809999942779541,2.809999942779541,2.799999952316284,2.799999952316284,247297,1.331380009651184
2019-04-11,2.799999952316284,2.799999952316284,2.7799999713897705,2.799999952316284,331000,1.331380009651184
2019-04-12,2.799999952316284,2.799999952316284,2.7699999809265137,2.7899999618530273,110000,1.3266249895095825
2019-04-15,2.799999952316284,2.859999895095825,2.799999952316284,2.8499999046325684,292000,1.3551546335220337
2019-04-16,2.819999933242798,2.859999895095825,2.819999933242798,2.859999895095825,204000,1.3599094152450562
2019-04-17,2.8499999046325684,2.8499999046325684,2.799999952316284,2.819999933242798,314454,1.340889573097229
2019-04-18,2.8299999237060547,2.8499999046325684,2.7899999618530273,2.809999942779541,453712,1.336134672164917
2019-04-23,2.819999933242798,2.819999933242798,2.700000047683716,2.7899999618530273,596760,1.3266249895095825
2019-04-24,2.7699999809265137,2.7699999809265137,2.75,2.7699999809265137,154000,1.317115068435669
2019-04-25,2.75,2.75,2.740000009536743,2.75,146000,1.3076053857803345
2019-04-26,2.7300000190734863,2.75,2.7300000190734863,2.75,113039,1.3076053857803345
2019-04-29,2.75,2.7699999809265137,2.7300000190734863,2.75,366000,1.3076053857803345
2019-04-30,2.7300000190734863,2.75,2.680000066757202,2.7300000190734863,404664,1.298095464706421
2019-05-02,2.75,2.7699999809265137,2.7200000286102295,2.740000009536743,527340,1.3028504848480225
2019-05-03,2.7200000286102295,2.740000009536743,2.7100000381469727,2.740000009536743,189100,1.3028504848480225
2019-05-06,2.7200000286102295,2.7200000286102295,2.6600000858306885,2.690000057220459,302000,1.2790756225585938
2019-05-07,2.700000047683716,2.700000047683716,2.680000066757202,2.690000057220459,124000,1.2790756225585938
2019-05-08,2.690000057220459,2.690000057220459,2.6600000858306885,2.680000066757202,2106000,1.2743208408355713
2019-05-09,2.700000047683716,2.700000047683716,2.6500000953674316,2.6600000858306885,287031,1.2648108005523682
2019-05-10,2.6500000953674316,2.7200000286102295,2.6500000953674316,2.690000057220459,160000,1.2790756225585938
2019-05-14,2.680000066757202,2.680000066757202,2.6500000953674316,2.6600000858306885,171607,1.2648108005523682
2019-05-15,2.7200000286102295,2.7200000286102295,2.640000104904175,2.6700000762939453,314000,1.2695660591125488
2019-05-16,2.6500000953674316,2.6600000858306885,2.630000114440918,2.640000104904175,207200,1.2553012371063232
2019-05-17,2.640000104904175,2.6700000762939453,2.640000104904175,2.6500000953674316,78507,1.2600560188293457
2019-05-20,2.6700000762939453,2.6700000762939453,2.6500000953674316,2.6600000858306885,90000,1.2648108005523682
2019-05-21,2.6600000858306885,2.6600000858306885,2.640000104904175,2.6500000953674316,196000,1.2600560188293457
2019-05-22,2.619999885559082,2.640000104904175,2.609999895095825,2.609999895095825,606000,1.2410364151000977
2019-05-23,2.5799999237060547,2.5999999046325684,2.559999942779541,2.5799999237060547,342000,1.2267714738845825
2019-05-24,2.559999942779541,2.569999933242798,2.549999952316284,2.559999942779541,373424,1.2172614336013794
2019-05-27,2.559999942779541,2.5899999141693115,2.5399999618530273,2.5799999237060547,346307,1.2267714738845825
2019-05-28,2.5899999141693115,2.619999885559082,2.450000047683716,2.5399999618530273,501134,1.2077518701553345
2019-05-29,2.5399999618530273,2.5999999046325684,2.5399999618530273,2.559999942779541,119000,1.2172614336013794
2019-05-30,2.559999942779541,2.5999999046325684,2.549999952316284,2.559999942779541,47565,1.2172614336013794
2019-05-31,2.569999933242798,2.6500000953674316,2.559999942779541,2.640000104904175,172000,1.2553012371063232
2019-06-03,2.6600000858306885,2.6600000858306885,2.609999895095825,2.609999895095825,646000,1.2410364151000977
2019-06-04,2.630000114440918,2.630000114440918,2.609999895095825,2.609999895095825,168596,1.2410364151000977
2019-06-05,2.559999942779541,2.559999942779541,2.5,2.5,290000,1.2311867475509644
2019-06-06,2.5,2.5199999809265137,2.4800000190734863,2.490000009536743,164000,1.226261854171753
2019-06-10,2.490000009536743,2.5,2.490000009536743,2.5,164000,1.2311867475509644
2019-06-11,2.5,2.5,2.4800000190734863,2.4800000190734863,492000,1.2213373184204102
2019-06-12,2.4800000190734863,2.5299999713897705,2.4700000286102295,2.4800000190734863,519460,1.2213373184204102
2019-06-13,2.5,2.5,2.4600000381469727,2.490000009536743,506000,1.226261854171753
2019-06-14,2.4800000190734863,2.490000009536743,2.4600000381469727,2.4700000286102295,608000,1.2164124250411987
2019-06-17,2.4600000381469727,2.5,2.4600000381469727,2.4800000190734863,354000,1.2213373184204102
2019-06-18,2.490000009536743,2.509999990463257,2.4600000381469727,2.490000009536743,1026000,1.226261854171753
2019-06-19,2.509999990463257,2.509999990463257,2.490000009536743,2.490000009536743,1194000,1.226261854171753
2019-06-20,2.5,2.5199999809265137,2.490000009536743,2.5,364000,1.2311867475509644
2019-06-21,2.4800000190734863,2.5399999618530273,2.4800000190734863,2.5299999713897705,239862,1.2459609508514404
2019-06-24,2.5299999713897705,2.5299999713897705,2.5,2.509999990463257,58000,1.2361114025115967
2019-06-25,2.5,2.5,2.4800000190734863,2.5,28000,1.2311867475509644
2019-06-26,2.5,2.5199999809265137,2.5,2.509999990463257,10000,1.2361114025115967
2019-06-27,2.509999990463257,2.509999990463257,2.4100000858306885,2.4800000190734863,760243,1.2213373184204102
2019-06-28,2.490000009536743,2.5,2.4600000381469727,2.4800000190734863,100000,1.2213373184204102
2019-07-02,2.490000009536743,2.490000009536743,2.450000047683716,2.4600000381469727,262000,1.211487889289856
2019-07-03,2.440000057220459,2.4600000381469727,2.380000114440918,2.450000047683716,2098115,1.2065629959106445
2019-07-04,2.450000047683716,2.4600000381469727,2.440000057220459,2.450000047683716,394000,1.2065629959106445
2019-07-05,2.440000057220459,2.4600000381469727,2.440000057220459,2.450000047683716,302000,1.2065629959106445
2019-07-08,2.450000047683716,2.450000047683716,2.4200000762939453,2.440000057220459,592000,1.2016383409500122
2019-07-09,2.440000057220459,2.4600000381469727,2.440000057220459,2.4600000381469727,46000,1.211487889289856
2019-07-10,2.4600000381469727,2.4600000381469727,2.430000066757202,2.4600000381469727,65000,1.211487889289856
2019-07-11,2.430000066757202,2.4600000381469727,2.430000066757202,2.440000057220459,207000,1.2016383409500122
2019-07-12,2.440000057220459,2.440000057220459,2.430000066757202,2.430000066757202,258000,1.1967136859893799
2019-07-15,2.430000066757202,2.4800000190734863,2.4200000762939453,2.4700000286102295,114000,1.2164124250411987
2019-07-16,2.4700000286102295,2.4800000190734863,2.440000057220459,2.4800000190734863,79000,1.2213373184204102
2019-07-17,2.450000047683716,2.490000009536743,2.450000047683716,2.4700000286102295,126694,1.2164124250411987
2019-07-18,2.4700000286102295,2.4700000286102295,2.4200000762939453,2.4200000762939453,800000,1.1917890310287476
2019-07-19,2.450000047683716,2.450000047683716,2.430000066757202,2.450000047683716,1604040,1.2065629959106445
2019-07-22,2.430000066757202,2.450000047683716,2.430000066757202,2.430000066757202,40000,1.1967136859893799
2019-07-23,2.450000047683716,2.5,2.450000047683716,2.4700000286102295,82132,1.2164124250411987
2019-07-24,2.4100000858306885,2.450000047683716,2.4100000858306885,2.430000066757202,316000,1.1967136859893799
2019-07-25,2.430000066757202,2.440000057220459,2.4100000858306885,2.440000057220459,160000,1.2016383409500122
2019-07-26,2.430000066757202,2.4600000381469727,2.4200000762939453,2.440000057220459,118000,1.2016383409500122
2019-07-29,2.440000057220459,2.450000047683716,2.430000066757202,2.450000047683716,350000,1.2065629959106445
2019-07-30,2.430000066757202,2.4600000381469727,2.4200000762939453,2.450000047683716,416000,1.2065629959106445
2019-07-31,2.4100000858306885,2.4600000381469727,2.4100000858306885,2.450000047683716,96000,1.2065629959106445
2019-08-01,2.4200000762939453,2.4200000762939453,2.390000104904175,2.4200000762939453,446000,1.1917890310287476
2019-08-02,2.4100000858306885,2.4200000762939453,2.380000114440918,2.390000104904175,339670,1.177014708518982
2019-08-05,2.390000104904175,2.390000104904175,2.359999895095825,2.359999895095825,315446,1.1622401475906372
2019-08-06,2.3299999237060547,2.3299999237060547,2.2799999713897705,2.309999942779541,483466,1.137616515159607
2019-08-07,2.309999942779541,2.3499999046325684,2.309999942779541,2.3399999141693115,210214,1.1523905992507935
2019-08-08,2.3499999046325684,2.390000104904175,2.3399999141693115,2.369999885559082,65573,1.1671650409698486
2019-08-09,2.3499999046325684,2.4100000858306885,2.3499999046325684,2.359999895095825,82000,1.1622401475906372
2019-08-12,2.359999895095825,2.380000114440918,2.309999942779541,2.3399999141693115,168000,1.1523905992507935
2019-08-13,2.3399999141693115,2.3399999141693115,2.2699999809265137,2.309999942779541,406984,1.137616515159607
2019-08-14,2.299999952316284,2.3299999237060547,2.2799999713897705,2.3299999237060547,227037,1.1474659442901611
2019-08-15,2.299999952316284,2.3299999237060547,2.2799999713897705,2.3299999237060547,225265,1.1474659442901611
2019-08-16,2.299999952316284,2.319999933242798,2.2799999713897705,2.299999952316284,268000,1.1326918601989746
2019-08-19,2.299999952316284,2.3299999237060547,2.2699999809265137,2.309999942779541,211579,1.137616515159607
2019-08-20,2.319999933242798,2.3299999237060547,2.299999952316284,2.319999933242798,264000,1.142541527748108
2019-08-21,2.259999990463257,2.309999942779541,2.25,2.2899999618530273,1080000,1.1277670860290527
2019-08-22,2.259999990463257,2.299999952316284,2.259999990463257,2.2899999618530273,703650,1.1277670860290527
2019-08-23,2.2899999618530273,2.309999942779541,2.2899999618530273,2.309999942779541,338000,1.137616515159607
2019-08-26,2.259999990463257,2.309999942779541,2.25,2.309999942779541,306000,1.137616515159607
2019-08-27,2.2899999618530273,2.450000047683716,2.2899999618530273,2.299999952316284,565213,1.1326918601989746
2019-08-28,2.2699999809265137,2.299999952316284,2.2699999809265137,2.299999952316284,30000,1.1326918601989746
2019-08-29,2.299999952316284,2.299999952316284,2.25,2.2799999713897705,194000,1.1228423118591309
2019-08-30,2.2699999809265137,2.2799999713897705,2.259999990463257,2.2799999713897705,737708,1.1228423118591309
2019-09-02,2.2799999713897705,2.2799999713897705,2.25,2.2699999809265137,256000,1.117917537689209
2019-09-03,2.2799999713897705,2.2799999713897705,2.240000009536743,2.259999990463257,292000,1.1129928827285767
2019-09-04,2.259999990463257,2.2899999618530273,2.259999990463257,2.2799999713897705,723000,1.1228423118591309
2019-09-05,2.299999952316284,2.299999952316284,2.25,2.2799999713897705,394000,1.1228423118591309
2019-09-06,2.2799999713897705,2.299999952316284,2.259999990463257,2.2899999618530273,996000,1.1277670860290527
2019-09-09,2.2899999618530273,2.299999952316284,2.259999990463257,2.2699999809265137,174000,1.117917537689209
2019-09-10,2.2799999713897705,2.2799999713897705,2.25,2.259999990463257,701217,1.1129928827285767
2019-09-11,2.25,2.2699999809265137,2.240000009536743,2.259999990463257,1882000,1.1129928827285767
2019-09-12,2.259999990463257,2.2699999809265137,2.240000009536743,2.25,2998000,1.1080681085586548
2019-09-13,2.200000047683716,2.200000047683716,2.1600000858306885,2.190000057220459,980000,1.1131511926651
2019-09-16,2.190000057220459,2.200000047683716,2.1600000858306885,2.180000066757202,376000,1.1080683469772339
2019-09-17,2.1700000762939453,2.180000066757202,2.130000114440918,2.140000104904175,749000,1.0877366065979004
2019-09-18,2.1600000858306885,2.1600000858306885,2.130000114440918,2.1500000953674316,1233602,1.0928195714950562
2019-09-19,2.1500000953674316,2.1500000953674316,2.130000114440918,2.1500000953674316,1458000,1.0928195714950562
2019-09-20,2.130000114440918,2.1600000858306885,2.130000114440918,2.140000104904175,665000,1.0877366065979004
2019-09-23,2.140000104904175,2.1500000953674316,2.119999885559082,2.130000114440918,359131,1.0826537609100342
2019-09-24,2.130000114440918,2.1500000953674316,2.069999933242798,2.0799999237060547,1080000,1.057239294052124
2019-09-25,2.0899999141693115,2.0999999046325684,2.0299999713897705,2.059999942779541,496000,1.047073483467102
2019-09-26,2.0399999618530273,2.0399999618530273,1.9900000095367432,2.0,2330000,1.0165761709213257
2019-09-27,2.0,2.009999990463257,2.0,2.009999990463257,1268000,1.021659255027771
2019-09-30,2.009999990463257,2.0199999809265137,1.9900000095367432,2.009999990463257,950000,1.021659255027771
2019-10-02,2.0199999809265137,2.0299999713897705,2.009999990463257,2.0299999713897705,216000,1.0318248271942139
2019-10-03,2.0299999713897705,2.0399999618530273,2.009999990463257,2.0399999618530273,124000,1.0369077920913696
2019-10-04,2.009999990463257,2.0299999713897705,2.009999990463257,2.0199999809265137,487000,1.0267419815063477
2019-10-08,2.0199999809265137,2.0399999618530273,2.009999990463257,2.0199999809265137,546000,1.0267419815063477
2019-10-09,2.0199999809265137,2.0399999618530273,2.009999990463257,2.009999990463257,642000,1.021659255027771
2019-10-10,2.009999990463257,2.0399999618530273,1.9500000476837158,1.9900000095367432,1914000,1.0114933252334595
2019-10-11,1.9700000286102295,2.009999990463257,1.9700000286102295,1.9800000190734863,2494000,1.0064105987548828
2019-10-14,2.0,2.0,1.9600000381469727,1.9900000095367432,508000,1.0114933252334595
2019-10-15,2.0,2.0,1.9600000381469727,1.9800000190734863,696000,1.0064105987548828
2019-10-16,1.9700000286102295,1.9900000095367432,1.9600000381469727,1.9800000190734863,728000,1.0064105987548828
2019-10-17,1.9800000190734863,1.9900000095367432,1.9500000476837158,1.9700000286102295,1033000,1.0013277530670166
2019-10-18,1.9600000381469727,1.9800000190734863,1.9600000381469727,1.9800000190734863,336178,1.0064105987548828
2019-10-21,1.9800000190734863,2.0299999713897705,1.9600000381469727,2.0199999809265137,851171,1.0267419815063477
2019-10-22,2.0,2.049999952316284,2.0,2.0399999618530273,872000,1.0369077920913696
2019-10-23,2.0399999618530273,2.0399999618530273,1.9900000095367432,2.0,659000,1.0165761709213257
2019-10-24,2.0199999809265137,2.0399999618530273,1.9900000095367432,2.0199999809265137,296444,1.0267419815063477
2019-10-25,2.0,2.0,1.9700000286102295,2.0,1570000,1.0165761709213257
2019-10-28,2.009999990463257,2.0399999618530273,2.009999990463257,2.0199999809265137,740000,1.0267419815063477
2019-10-29,2.0,2.0,1.9900000095367432,2.0,758387,1.0165761709213257
2019-10-30,1.9900000095367432,2.0,1.9700000286102295,1.9900000095367432,531000,1.0114933252334595
2019-10-31,1.9900000095367432,2.0,1.9800000190734863,1.9900000095367432,326000,1.0114933252334595
2019-11-01,1.9900000095367432,2.0,1.9900000095367432,2.0,270000,1.0165761709213257
2019-11-04,2.0,2.0,1.9900000095367432,2.0,1880000,1.0165761709213257
2019-11-05,2.0,2.0,1.9900000095367432,2.0,3298000,1.0165761709213257
2019-11-06,2.0,2.0,1.9900000095367432,2.0,1015923,1.0165761709213257
2019-11-07,2.0,2.0,1.9900000095367432,2.0,1860000,1.0165761709213257
2019-11-08,2.0,2.0299999713897705,1.9900000095367432,2.0199999809265137,2766993,1.0267419815063477
2019-11-11,2.0299999713897705,2.0299999713897705,1.9900000095367432,2.0,1724000,1.0165761709213257
2019-11-12,2.0,2.0,1.9900000095367432,2.0,390245,1.0165761709213257
2019-11-13,2.0,2.0,1.9800000190734863,1.9900000095367432,751000,1.0114933252334595
2019-11-14,1.9800000190734863,2.0,1.9800000190734863,2.0,491000,1.0165761709213257
2019-11-15,1.9900000095367432,2.0,1.9700000286102295,2.0,494000,1.0165761709213257
2019-11-18,2.0,2.0,1.9700000286102295,2.0,450000,1.0165761709213257
2019-11-19,1.9800000190734863,2.0,1.9800000190734863,2.0,207157,1.0165761709213257
2019-11-20,2.0,2.0,1.9900000095367432,2.0,268000,1.0165761709213257
2019-11-21,2.0,2.009999990463257,1.9900000095367432,2.009999990463257,614000,1.021659255027771
2019-11-22,2.0,2.0,1.9800000190734863,2.0,438000,1.0165761709213257
2019-11-25,2.0,2.009999990463257,1.9900000095367432,2.0,1248000,1.0165761709213257
2019-11-26,2.009999990463257,2.0399999618530273,2.0,2.0399999618530273,818000,1.0369077920913696
2019-11-27,2.059999942779541,2.0799999237060547,2.0299999713897705,2.0299999713897705,532668,1.0318248271942139
2019-11-28,2.0299999713897705,2.059999942779541,2.0299999713897705,2.049999952316284,876000,1.0419907569885254
2019-11-29,2.049999952316284,2.059999942779541,2.0199999809265137,2.0299999713897705,685000,1.0318248271942139
2019-12-02,2.009999990463257,2.0199999809265137,1.9900000095367432,2.009999990463257,1406000,1.021659255027771
2019-12-03,2.009999990463257,2.009999990463257,1.9900000095367432,2.0,756000,1.0165761709213257
2019-12-04,2.0,2.0199999809265137,1.9900000095367432,2.0,800000,1.0165761709213257
2019-12-05,2.0,2.0,1.9900000095367432,1.9900000095367432,554000,1.0114933252334595
2019-12-06,2.0,2.0199999809265137,2.0,2.0,1602000,1.0165761709213257
2019-12-09,2.0,2.0199999809265137,1.9900000095367432,2.009999990463257,410000,1.021659255027771
2019-12-10,2.0199999809265137,2.0399999618530273,2.0199999809265137,2.0199999809265137,251000,1.0267419815063477
2019-12-11,2.0199999809265137,2.0399999618530273,1.9900000095367432,2.0,2170000,1.0165761709213257
2019-12-12,1.9900000095367432,2.0199999809265137,1.9900000095367432,2.0,1054000,1.0165761709213257
2019-12-13,1.9900000095367432,2.009999990463257,1.9900000095367432,2.009999990463257,959000,1.021659255027771
2019-12-16,2.009999990463257,2.009999990463257,1.9700000286102295,2.0,931000,1.0165761709213257
2019-12-17,2.009999990463257,2.009999990463257,1.9900000095367432,2.0,1106000,1.0165761709213257
2019-12-18,2.0,2.009999990463257,1.9900000095367432,2.0,1424000,1.0165761709213257
2019-12-19,1.9900000095367432,2.009999990463257,1.9800000190734863,2.009999990463257,1812000,1.021659255027771
2019-12-20,2.0,2.009999990463257,1.9900000095367432,2.009999990463257,1386143,1.021659255027771
2019-12-23,2.0,2.009999990463257,1.9900000095367432,2.009999990463257,1498400,1.021659255027771
2019-12-24,1.9900000095367432,2.009999990463257,1.9800000190734863,2.0,586000,1.0165761709213257
2019-12-27,2.0,2.0199999809265137,1.9900000095367432,2.0199999809265137,3077122,1.0267419815063477
2019-12-30,2.0199999809265137,2.0299999713897705,2.009999990463257,2.0299999713897705,708000,1.0318248271942139
2019-12-31,2.0399999618530273,2.059999942779541,2.0399999618530273,2.049999952316284,1242000,1.0419907569885254
2020-01-02,2.059999942779541,2.069999933242798,2.049999952316284,2.069999933242798,1192000,1.0521564483642578
2020-01-03,2.0799999237060547,2.0899999141693115,2.049999952316284,2.069999933242798,1277733,1.0521564483642578
2020-01-06,2.049999952316284,2.069999933242798,2.049999952316284,2.059999942779541,185400,1.047073483467102
2020-01-07,2.049999952316284,2.0799999237060547,2.049999952316284,2.049999952316284,418301,1.0419907569885254
2020-01-08,2.0399999618530273,2.049999952316284,2.0199999809265137,2.0299999713897705,578000,1.0318248271942139
2020-01-09,2.0299999713897705,2.059999942779541,2.0299999713897705,2.049999952316284,516000,1.0419907569885254
2020-01-10,2.049999952316284,2.130000114440918,2.049999952316284,2.0899999141693115,1286000,1.0623222589492798
2020-01-13,2.0999999046325684,2.109999895095825,2.0899999141693115,2.109999895095825,856000,1.0724878311157227
2020-01-14,2.109999895095825,2.119999885559082,2.0899999141693115,2.0899999141693115,584000,1.0623222589492798
2020-01-15,2.0899999141693115,2.109999895095825,2.069999933242798,2.0999999046325684,3654000,1.0674049854278564
2020-01-16,2.0899999141693115,2.130000114440918,2.0899999141693115,2.119999885559082,4681000,1.0775710344314575
2020-01-17,2.140000104904175,2.180000066757202,2.140000104904175,2.1500000953674316,5250000,1.0928195714950562
2020-01-20,2.1500000953674316,2.2200000286102295,2.1500000953674316,2.200000047683716,5889000,1.1182339191436768
2020-01-21,2.200000047683716,2.2300000190734863,2.180000066757202,2.2300000190734863,2402000,1.133482575416565
2020-01-22,2.25,2.609999895095825,2.25,2.549999952316284,9444000,1.2961349487304688
2020-01-23,2.569999933242798,2.5899999141693115,2.390000104904175,2.5299999713897705,6952000,1.2859688997268677
2020-01-24,2.5,2.549999952316284,2.4700000286102295,2.4800000190734863,840000,1.260554552078247
2020-01-29,2.3399999141693115,2.509999990463257,2.2899999618530273,2.4000000953674316,2396000,1.2198917865753174
2020-01-30,2.3299999237060547,2.369999885559082,2.2699999809265137,2.309999942779541,2260000,1.1741454601287842
2020-01-31,2.299999952316284,2.369999885559082,2.2799999713897705,2.319999933242798,1470000,1.179228663444519
2020-02-03,2.299999952316284,2.3499999046325684,2.2899999618530273,2.3299999237060547,1062000,1.1843112707138062
2020-02-04,2.3399999141693115,2.4600000381469727,2.3299999237060547,2.440000057220459,3184000,1.2402230501174927
2020-02-05,2.440000057220459,2.450000047683716,2.3399999141693115,2.380000114440918,1194000,1.2097258567810059
2020-02-06,2.359999895095825,2.4100000858306885,2.359999895095825,2.390000104904175,504000,1.2148088216781616
2020-02-07,2.4000000953674316,2.4000000953674316,2.2899999618530273,2.3299999237060547,890381,1.1843112707138062
2020-02-10,2.319999933242798,2.319999933242798,2.2799999713897705,2.309999942779541,574000,1.1741454601287842
2020-02-11,2.309999942779541,2.359999895095825,2.299999952316284,2.319999933242798,1108000,1.179228663444519
2020-02-12,2.319999933242798,2.450000047683716,2.319999933242798,2.440000057220459,2149000,1.2402230501174927
2020-02-13,2.4100000858306885,2.4200000762939453,2.380000114440918,2.4100000858306885,458000,1.224974513053894
2020-02-14,2.4000000953674316,2.4000000953674316,2.359999895095825,2.380000114440918,452421,1.2097258567810059
2020-02-17,2.390000104904175,2.4000000953674316,2.3299999237060547,2.3499999046325684,739969,1.1944769620895386
2020-02-18,2.359999895095825,2.380000114440918,2.319999933242798,2.380000114440918,800286,1.2097258567810059
2020-02-19,2.380000114440918,2.380000114440918,2.3399999141693115,2.359999895095825,374000,1.1995599269866943
2020-02-20,2.380000114440918,2.380000114440918,2.3299999237060547,2.3499999046325684,624000,1.1944769620895386
2020-02-21,2.3499999046325684,2.3499999046325684,2.309999942779541,2.3299999237060547,372000,1.1843112707138062
2020-02-24,2.309999942779541,2.309999942779541,2.2100000381469727,2.2799999713897705,1286000,1.1588969230651855
2020-02-25,2.2799999713897705,2.319999933242798,2.259999990463257,2.299999952316284,1600000,1.1690627336502075
2020-02-26,2.240000009536743,2.3299999237060547,2.2300000190734863,2.319999933242798,858011,1.179228663444519
2020-02-27,2.299999952316284,2.319999933242798,2.2699999809265137,2.2899999618530273,262000,1.1639798879623413
2020-02-28,2.25,2.299999952316284,2.2200000286102295,2.299999952316284,2332000,1.1690627336502075
2020-03-02,2.25,2.299999952316284,2.240000009536743,2.2799999713897705,134000,1.1588969230651855
2020-03-03,2.259999990463257,2.299999952316284,2.259999990463257,2.2899999618530273,254000,1.1639798879623413
2020-03-04,2.2899999618530273,2.3399999141693115,2.259999990463257,2.3399999141693115,2036000,1.1893939971923828
2020-03-05,2.3299999237060547,2.390000104904175,2.299999952316284,2.3399999141693115,1107000,1.1893939971923828
2020-03-06,2.299999952316284,2.3299999237060547,2.2699999809265137,2.2799999713897705,584000,1.1588969230651855
2020-03-09,2.2799999713897705,2.2799999713897705,2.1700000762939453,2.2200000286102295,1402000,1.1283994913101196
2020-03-10,2.200000047683716,2.200000047683716,2.119999885559082,2.200000047683716,860000,1.1182339191436768
2020-03-11,2.1700000762939453,2.2699999809265137,2.1600000858306885,2.2200000286102295,1106000,1.1283994913101196
2020-03-12,2.190000057220459,2.190000057220459,2.0799999237060547,2.0999999046325684,698168,1.0674049854278564
2020-03-13,2.0299999713897705,2.0299999713897705,1.9500000476837158,2.0299999713897705,2254000,1.0318248271942139
2020-03-16,1.9500000476837158,2.0199999809265137,1.909999966621399,1.9600000381469727,690000,0.9962446689605713
2020-03-17,1.8799999952316284,1.9199999570846558,1.850000023841858,1.899999976158142,1332000,0.9657474756240845
2020-03-18,1.899999976158142,1.909999966621399,1.850000023841858,1.8799999952316284,763000,0.9555818438529968
2020-03-19,1.8300000429153442,1.8300000429153442,1.7000000476837158,1.7599999904632568,2298000,0.8945871591567993
2020-03-20,1.7300000190734863,1.8200000524520874,1.7200000286102295,1.7899999618530273,3006000,0.9098356366157532
2020-03-23,1.7300000190734863,1.840000033378601,1.7000000476837158,1.8300000429153442,3030000,0.9301673769950867
2020-03-24,1.8600000143051147,1.940000057220459,1.8600000143051147,1.9199999570846558,1496000,0.9759130477905273
2020-03-25,1.9800000190734863,2.2100000381469727,1.9299999475479126,2.1700000762939453,10453500,1.102985143661499
2020-03-26,2.109999895095825,2.190000057220459,2.0999999046325684,2.180000066757202,584000,1.1080683469772339
2020-03-27,2.180000066757202,2.200000047683716,2.130000114440918,2.140000104904175,714000,1.0877366065979004
2020-03-30,2.0999999046325684,2.1500000953674316,2.0899999141693115,2.119999885559082,640000,1.0775710344314575
2020-03-31,2.200000047683716,2.2200000286102295,2.130000114440918,2.180000066757202,2122000,1.1080683469772339
2020-04-01,2.1500000953674316,2.190000057220459,2.109999895095825,2.130000114440918,1631000,1.0826537609100342
2020-04-02,2.109999895095825,2.119999885559082,2.0899999141693115,2.0999999046325684,1832000,1.0674049854278564
2020-04-03,2.0999999046325684,2.130000114440918,2.069999933242798,2.109999895095825,1022000,1.0724878311157227
2020-04-06,2.1500000953674316,2.1500000953674316,2.0899999141693115,2.109999895095825,627700,1.0724878311157227
2020-04-07,2.109999895095825,2.1600000858306885,2.109999895095825,2.1500000953674316,1416000,1.0928195714950562
2020-04-08,2.109999895095825,2.140000104904175,2.109999895095825,2.119999885559082,734000,1.0775710344314575
2020-04-09,2.140000104904175,2.1500000953674316,2.0999999046325684,2.130000114440918,1338000,1.0826537609100342
2020-04-14,2.119999885559082,2.1600000858306885,2.0999999046325684,2.140000104904175,826000,1.0877366065979004
2020-04-15,2.119999885559082,2.140000104904175,2.0899999141693115,2.0899999141693115,1456000,1.0623222589492798
2020-04-16,2.0999999046325684,2.130000114440918,2.0799999237060547,2.0999999046325684,1958000,1.0674049854278564
2020-04-17,2.0999999046325684,2.1500000953674316,2.0999999046325684,2.119999885559082,3036000,1.0775710344314575
2020-04-20,2.119999885559082,2.1500000953674316,2.0999999046325684,2.109999895095825,1205512,1.0724878311157227
2020-04-21,2.0999999046325684,2.140000104904175,2.0999999046325684,2.109999895095825,2956000,1.0724878311157227
2020-04-22,2.0999999046325684,2.119999885559082,2.0899999141693115,2.109999895095825,885200,1.0724878311157227
2020-04-23,2.119999885559082,2.2200000286102295,2.119999885559082,2.190000057220459,2290000,1.1131511926651
2020-04-24,2.190000057220459,2.2300000190734863,2.190000057220459,2.2100000381469727,800000,1.1233166456222534
2020-04-27,2.2100000381469727,2.259999990463257,2.200000047683716,2.259999990463257,797252,1.1487312316894531
2020-04-28,2.240000009536743,2.2799999713897705,2.200000047683716,2.259999990463257,728000,1.1487312316894531
2020-04-29,2.25,2.319999933242798,2.25,2.309999942779541,2490000,1.1741454601287842
2020-05-04,2.259999990463257,2.299999952316284,2.240000009536743,2.299999952316284,2324000,1.1690627336502075
2020-05-05,2.299999952316284,2.3499999046325684,2.259999990463257,2.3299999237060547,2130000,1.1843112707138062
2020-05-06,2.3299999237060547,2.3499999046325684,2.309999942779541,2.309999942779541,521164,1.1741454601287842
2020-05-07,2.2899999618530273,2.3399999141693115,2.2899999618530273,2.3299999237060547,164000,1.1843112707138062
2020-05-08,2.3299999237060547,2.359999895095825,2.319999933242798,2.3399999141693115,1292688,1.1893939971923828
2020-05-11,2.3399999141693115,2.3499999046325684,2.3299999237060547,2.3499999046325684,798000,1.1944769620895386
2020-05-12,2.3499999046325684,2.359999895095825,2.319999933242798,2.3399999141693115,1910000,1.1893939971923828
2020-05-13,2.359999895095825,2.359999895095825,2.319999933242798,2.3299999237060547,1142000,1.1843112707138062
2020-05-14,2.299999952316284,2.3399999141693115,2.2899999618530273,2.319999933242798,1792582,1.179228663444519
2020-05-15,2.2899999618530273,2.3499999046325684,2.2899999618530273,2.3299999237060547,920000,1.1843112707138062
2020-05-18,2.2899999618530273,2.3499999046325684,2.2899999618530273,2.3399999141693115,908707,1.1893939971923828
2020-05-19,2.319999933242798,2.369999885559082,2.319999933242798,2.3399999141693115,1515209,1.1893939971923828
2020-05-20,2.3399999141693115,2.369999885559082,2.3399999141693115,2.369999885559082,620000,1.2046427726745605
2020-05-21,2.3499999046325684,2.359999895095825,2.3399999141693115,2.3499999046325684,420000,1.1944769620895386
2020-05-22,2.319999933242798,2.3499999046325684,2.2799999713897705,2.299999952316284,4022000,1.1690627336502075
2020-05-25,2.2899999618530273,2.3399999141693115,2.2899999618530273,2.2899999618530273,1014000,1.1639798879623413
2020-05-26,2.299999952316284,2.3499999046325684,2.299999952316284,2.309999942779541,1362000,1.1741454601287842
2020-05-27,2.2899999618530273,2.3399999141693115,2.2899999618530273,2.3399999141693115,666216,1.1893939971923828
2020-05-28,2.299999952316284,2.3499999046325684,2.299999952316284,2.319999933242798,1010601,1.179228663444519
2020-05-29,2.2699999809265137,2.3399999141693115,2.240000009536743,2.240000009536743,3442000,1.1385655403137207
2020-06-01,2.2899999618530273,2.319999933242798,2.2799999713897705,2.299999952316284,1082000,1.1690627336502075
2020-06-02,2.319999933242798,2.3399999141693115,2.299999952316284,2.3399999141693115,296000,1.1893939971923828
2020-06-03,2.3299999237060547,2.3399999141693115,2.309999942779541,2.309999942779541,868000,1.1741454601287842
2020-06-04,2.2699999809265137,2.2899999618530273,2.2100000381469727,2.240000009536743,642000,1.1873977184295654
2020-06-05,2.2200000286102295,2.240000009536743,2.2200000286102295,2.240000009536743,310000,1.1873977184295654
2020-06-08,2.2200000286102295,2.240000009536743,2.2200000286102295,2.2300000190734863,274050,1.1820969581604004
2020-06-09,2.2200000286102295,2.259999990463257,2.2100000381469727,2.25,751300,1.19269859790802
2020-06-10,2.2300000190734863,2.25,2.2300000190734863,2.2300000190734863,241298,1.1820969581604004
2020-06-11,2.25,2.25,2.2300000190734863,2.25,1524796,1.19269859790802
2020-06-12,2.2200000286102295,2.240000009536743,2.2200000286102295,2.240000009536743,1028010,1.1873977184295654
2020-06-15,2.2200000286102295,2.240000009536743,2.2200000286102295,2.2200000286102295,1164000,1.1767960786819458
2020-06-16,2.240000009536743,2.25,2.2200000286102295,2.25,1384000,1.19269859790802
2020-06-17,2.25,2.25,2.240000009536743,2.240000009536743,704000,1.1873977184295654
2020-06-18,2.259999990463257,2.259999990463257,2.2100000381469727,2.2200000286102295,1178000,1.1767960786819458
2020-06-19,2.2200000286102295,2.3499999046325684,2.2300000190734863,2.319999933242798,783002,1.2298048734664917
2020-06-22,2.299999952316284,2.390000104904175,2.25,2.319999933242798,746231,1.2298048734664917
2020-06-23,2.319999933242798,2.319999933242798,2.2899999618530273,2.309999942779541,140000,1.224503755569458
2020-06-24,2.309999942779541,2.3399999141693115,2.2799999713897705,2.2799999713897705,234049,1.2086011171340942
2020-06-26,2.2899999618530273,2.2899999618530273,2.240000009536743,2.2699999809265137,939780,1.2033003568649292
2020-06-29,2.2300000190734863,2.299999952316284,2.2200000286102295,2.2899999618530273,1088000,1.2139023542404175
2020-06-30,2.25,2.319999933242798,2.25,2.299999952316284,1101000,1.219202995300293
2020-07-02,2.240000009536743,2.299999952316284,2.240000009536743,2.2799999713897705,1322400,1.2086011171340942
2020-07-03,2.2799999713897705,2.299999952316284,2.2699999809265137,2.299999952316284,374000,1.219202995300293
2020-07-06,2.299999952316284,2.299999952316284,2.2799999713897705,2.299999952316284,1900000,1.219202995300293
2020-07-07,2.299999952316284,2.319999933242798,2.2799999713897705,2.2799999713897705,1478375,1.2086011171340942
2020-07-08,2.309999942779541,2.319999933242798,2.2799999713897705,2.2799999713897705,450000,1.2086011171340942
2020-07-09,2.2799999713897705,2.490000009536743,2.2799999713897705,2.4600000381469727,3558804,1.3040173053741455
2020-07-10,2.4100000858306885,2.4600000381469727,2.369999885559082,2.380000114440918,1074362,1.2616102695465088
2020-07-13,2.380000114440918,2.390000104904175,2.3499999046325684,2.359999895095825,908372,1.2510082721710205
2020-07-14,2.359999895095825,2.369999885559082,2.319999933242798,2.369999885559082,963345,1.2563093900680542
2020-07-15,2.4000000953674316,2.4100000858306885,2.359999895095825,2.390000104904175,810000,1.2669110298156738
2020-07-16,2.390000104904175,2.4200000762939453,2.2799999713897705,2.2799999713897705,1178000,1.2086011171340942
2020-07-17,2.2799999713897705,2.309999942779541,2.259999990463257,2.259999990463257,344000,1.197999358177185
2020-07-20,2.2699999809265137,2.2899999618530273,2.25,2.259999990463257,318000,1.197999358177185
2020-07-21,2.2699999809265137,2.2699999809265137,2.109999895095825,2.200000047683716,1154000,1.1661943197250366
2020-07-22,2.200000047683716,2.25,2.200000047683716,2.2100000381469727,1188167,1.1714951992034912
2020-07-23,2.2200000286102295,2.240000009536743,2.2200000286102295,2.240000009536743,96990,1.1873977184295654
2020-07-24,2.2100000381469727,2.2100000381469727,2.1500000953674316,2.1700000762939453,240225,1.1502915620803833
2020-07-27,2.2200000286102295,2.2200000286102295,2.140000104904175,2.140000104904175,238000,1.1343889236450195
2020-07-28,2.2100000381469727,2.2100000381469727,2.1500000953674316,2.180000066757202,56000,1.1555925607681274
2020-07-29,2.1600000858306885,2.1700000762939453,2.1500000953674316,2.1500000953674316,170000,1.1396899223327637
2020-07-30,2.1500000953674316,2.180000066757202,2.140000104904175,2.1500000953674316,196000,1.1396899223327637
2020-07-31,2.1500000953674316,2.1600000858306885,2.130000114440918,2.1600000858306885,338000,1.1449905633926392
2020-08-03,2.200000047683716,2.200000047683716,2.1600000858306885,2.1600000858306885,242000,1.1449905633926392
2020-08-04,2.1600000858306885,2.200000047683716,2.1600000858306885,2.190000057220459,282000,1.160893440246582
2020-08-05,2.1700000762939453,2.2100000381469727,2.1600000858306885,2.1700000762939453,250000,1.1502915620803833
2020-08-06,2.1600000858306885,2.180000066757202,2.130000114440918,2.180000066757202,397880,1.1555925607681274
2020-08-07,2.180000066757202,2.180000066757202,2.130000114440918,2.140000104904175,242000,1.1343889236450195
2020-08-10,2.140000104904175,2.190000057220459,2.109999895095825,2.1600000858306885,324000,1.1449905633926392
2020-08-11,2.190000057220459,2.2899999618530273,2.190000057220459,2.240000009536743,1738000,1.1873977184295654
2020-08-12,2.240000009536743,2.259999990463257,2.200000047683716,2.200000047683716,590000,1.1661943197250366
2020-08-13,2.240000009536743,2.299999952316284,2.200000047683716,2.2899999618530273,710195,1.2139023542404175
2020-08-14,2.2799999713897705,2.319999933242798,2.259999990463257,2.299999952316284,676000,1.219202995300293
2020-08-17,2.3399999141693115,2.3499999046325684,2.2799999713897705,2.309999942779541,192000,1.224503755569458
2020-08-18,2.259999990463257,2.299999952316284,2.109999895095825,2.299999952316284,182000,1.219202995300293
2020-08-19,2.25,2.2799999713897705,2.2100000381469727,2.25,634000,1.19269859790802
2020-08-20,2.25,2.259999990463257,2.180000066757202,2.25,1030000,1.19269859790802
2020-08-21,2.240000009536743,2.2799999713897705,2.200000047683716,2.2300000190734863,1860000,1.1820969581604004
2020-08-24,2.2100000381469727,2.259999990463257,2.2100000381469727,2.259999990463257,204000,1.197999358177185
2020-08-25,2.259999990463257,2.259999990463257,2.2300000190734863,2.240000009536743,400495,1.1873977184295654
2020-08-26,2.25,2.259999990463257,2.2300000190734863,2.25,340000,1.19269859790802
2020-08-27,2.25,2.259999990463257,2.240000009536743,2.240000009536743,410000,1.1873977184295654
2020-08-28,2.240000009536743,2.259999990463257,2.2300000190734863,2.259999990463257,366000,1.197999358177185
2020-08-31,2.259999990463257,2.309999942779541,2.140000104904175,2.1500000953674316,4927200,1.1396899223327637
2020-09-01,2.1500000953674316,2.25,2.1500000953674316,2.240000009536743,1010000,1.1873977184295654
2020-09-02,2.259999990463257,2.2699999809265137,2.2200000286102295,2.240000009536743,440194,1.1873977184295654
2020-09-03,2.2300000190734863,2.2300000190734863,2.2200000286102295,2.2300000190734863,146000,1.1820969581604004
2020-09-04,2.200000047683716,2.240000009536743,2.200000047683716,2.2200000286102295,532000,1.1767960786819458
2020-09-07,2.2100000381469727,2.2200000286102295,2.2100000381469727,2.2100000381469727,40000,1.1714951992034912
2020-09-08,2.25,2.259999990463257,2.2100000381469727,2.25,76000,1.19269859790802
2020-09-09,2.2799999713897705,2.2799999713897705,2.2300000190734863,2.240000009536743,190000,1.1873977184295654
2020-09-10,2.2699999809265137,2.2799999713897705,2.2200000286102295,2.2200000286102295,272400,1.1767960786819458
2020-09-11,2.2200000286102295,2.25,2.2200000286102295,2.2200000286102295,126000,1.1767960786819458
2020-09-14,2.1600000858306885,2.190000057220459,2.1600000858306885,2.180000066757202,910000,1.1904481649398804
2020-09-15,2.180000066757202,2.190000057220459,2.1700000762939453,2.190000057220459,548000,1.195908784866333
2020-09-16,2.190000057220459,2.190000057220459,2.1700000762939453,2.1700000762939453,108000,1.184987187385559
2020-09-17,2.1700000762939453,2.180000066757202,2.1700000762939453,2.1700000762939453,216000,1.184987187385559
2020-09-18,2.1700000762939453,2.190000057220459,2.1600000858306885,2.1700000762939453,702000,1.184987187385559
2020-09-21,2.180000066757202,2.180000066757202,2.1700000762939453,2.1700000762939453,366000,1.184987187385559
2020-09-22,2.180000066757202,2.2200000286102295,2.1700000762939453,2.200000047683716,228000,1.2013694047927856
2020-09-23,2.200000047683716,2.2100000381469727,2.1500000953674316,2.2100000381469727,242000,1.2068302631378174
2020-09-24,2.1700000762939453,2.180000066757202,2.1700000762939453,2.1700000762939453,48000,1.184987187385559
2020-09-25,2.1600000858306885,2.190000057220459,2.0999999046325684,2.180000066757202,202000,1.1904481649398804
2020-09-28,2.1700000762939453,2.200000047683716,2.1700000762939453,2.200000047683716,227144,1.2013694047927856
2020-09-29,2.200000047683716,2.200000047683716,2.1700000762939453,2.180000066757202,136000,1.1904481649398804
2020-09-30,2.190000057220459,2.200000047683716,2.1700000762939453,2.180000066757202,284000,1.1904481649398804
2020-10-05,2.180000066757202,2.2100000381469727,2.1700000762939453,2.180000066757202,306000,1.1904481649398804
2020-10-06,2.180000066757202,2.200000047683716,2.180000066757202,2.180000066757202,600000,1.1904481649398804
2020-10-07,2.200000047683716,2.200000047683716,2.180000066757202,2.180000066757202,160116,1.1904481649398804
2020-10-08,2.2200000286102295,2.2200000286102295,2.2200000286102295,2.2100000381469727,2000,1.2068302631378174
2020-10-09,2.2100000381469727,2.2100000381469727,2.200000047683716,2.200000047683716,12000,1.2013694047927856
2020-10-12,2.200000047683716,2.200000047683716,2.200000047683716,2.200000047683716,4000,1.2013694047927856
2020-10-14,2.180000066757202,2.200000047683716,2.180000066757202,2.190000057220459,101655,1.195908784866333
2020-10-15,2.1600000858306885,2.200000047683716,2.1600000858306885,2.190000057220459,535000,1.195908784866333
2020-10-16,2.200000047683716,2.25,2.200000047683716,2.2100000381469727,488000,1.2068302631378174
2020-10-19,2.2300000190734863,2.2899999618530273,2.2300000190734863,2.2899999618530273,1022000,1.2505165338516235
2020-10-20,2.309999942779541,2.359999895095825,2.299999952316284,2.3499999046325684,1718440,1.2832810878753662
2020-10-21,2.359999895095825,2.359999895095825,2.3299999237060547,2.3499999046325684,796000,1.2832810878753662
2020-10-22,2.309999942779541,2.3499999046325684,2.309999942779541,2.3299999237060547,128000,1.2723594903945923
2020-10-23,2.3299999237060547,2.369999885559082,2.3299999237060547,2.3499999046325684,250000,1.2832810878753662
2020-10-27,2.3499999046325684,2.3499999046325684,2.319999933242798,2.3399999141693115,472000,1.2778202295303345
2020-10-28,2.3399999141693115,2.3499999046325684,2.3299999237060547,2.3399999141693115,904000,1.2778202295303345
2020-10-29,2.3299999237060547,2.3499999046325684,2.3299999237060547,2.3399999141693115,336000,1.2778202295303345
2020-10-30,2.3299999237060547,2.359999895095825,2.299999952316284,2.3299999237060547,996000,1.2723594903945923
2020-11-02,2.309999942779541,2.3499999046325684,2.299999952316284,2.3399999141693115,410000,1.2778202295303345
2020-11-03,2.3499999046325684,2.3499999046325684,2.3299999237060547,2.3299999237060547,718000,1.2723594903945923
2020-11-04,2.3399999141693115,2.369999885559082,2.3299999237060547,2.3299999237060547,608000,1.2723594903945923
2020-11-05,2.3399999141693115,2.380000114440918,2.3299999237060547,2.359999895095825,642912,1.2887417078018188
2020-11-06,2.380000114440918,2.380000114440918,2.3399999141693115,2.3399999141693115,458077,1.2778202295303345
2020-11-09,2.359999895095825,2.450000047683716,2.3499999046325684,2.4100000858306885,2136400,1.316045880317688
2020-11-10,2.4600000381469727,2.4700000286102295,2.380000114440918,2.390000104904175,652000,1.305124044418335
2020-11-11,2.4000000953674316,2.4200000762939453,2.380000114440918,2.4200000762939453,609352,1.3215066194534302
2020-11-12,2.4200000762939453,2.4200000762939453,2.390000104904175,2.390000104904175,415001,1.305124044418335
2020-11-13,2.4000000953674316,2.4100000858306885,2.390000104904175,2.4100000858306885,698000,1.316045880317688
2020-11-16,2.4100000858306885,2.430000066757202,2.390000104904175,2.4100000858306885,510000,1.316045880317688
2020-11-17,2.4200000762939453,2.4600000381469727,2.4100000858306885,2.4200000762939453,696000,1.3215066194534302
2020-11-18,2.4200000762939453,2.440000057220459,2.4100000858306885,2.4200000762939453,664000,1.3215066194534302
2020-11-19,2.4200000762939453,2.450000047683716,2.4100000858306885,2.450000047683716,614000,1.3378887176513672
2020-11-20,2.450000047683716,2.569999933242798,2.4200000762939453,2.549999952316284,1951000,1.3924964666366577
2020-11-23,2.569999933242798,2.6600000858306885,2.5399999618530273,2.569999933242798,1762000,1.4034181833267212
2020-11-24,2.569999933242798,2.5899999141693115,2.5199999809265137,2.549999952316284,402000,1.3924964666366577
2020-11-25,2.5199999809265137,2.569999933242798,2.5,2.509999990463257,758000,1.3706532716751099
2020-11-26,2.5199999809265137,2.819999933242798,2.509999990463257,2.75,6694000,1.5017118453979492
2020-11-27,2.7200000286102295,2.7200000286102295,2.640000104904175,2.6500000953674316,1576000,1.4471040964126587
2020-11-30,2.640000104904175,2.700000047683716,2.619999885559082,2.700000047683716,1990000,1.4744081497192383
2020-12-01,2.700000047683716,2.700000047683716,2.6600000858306885,2.6700000762939453,536795,1.458025574684143
2020-12-02,2.7300000190734863,2.7300000190734863,2.640000104904175,2.6600000858306885,623700,1.45256507396698
2020-12-03,2.640000104904175,2.6600000858306885,2.630000114440918,2.6500000953674316,1630418,1.4471040964126587
2020-12-04,2.6700000762939453,2.6700000762939453,2.569999933242798,2.640000104904175,750000,1.441643476486206
2020-12-07,2.5999999046325684,2.630000114440918,2.5999999046325684,2.630000114440918,830000,1.4361828565597534
2020-12-08,2.630000114440918,2.630000114440918,2.549999952316284,2.559999942779541,1324000,1.3979572057724
2020-12-09,2.549999952316284,2.5799999237060547,2.5299999713897705,2.549999952316284,1040792,1.3924964666366577
2020-12-10,2.549999952316284,2.549999952316284,2.5,2.5199999809265137,582000,1.3761141300201416
2020-12-11,2.5,2.569999933242798,2.4700000286102295,2.5,1072872,1.3651926517486572
2020-12-14,2.4700000286102295,2.490000009536743,2.450000047683716,2.450000047683716,912000,1.3378887176513672
2020-12-15,2.450000047683716,2.5299999713897705,2.430000066757202,2.5299999713897705,408000,1.3815748691558838
2020-12-16,2.5299999713897705,2.5299999713897705,2.4800000190734863,2.509999990463257,310973,1.3706532716751099
2020-12-17,2.5199999809265137,2.5199999809265137,2.4700000286102295,2.5,234000,1.3651926517486572
2020-12-18,2.5,2.5,2.4600000381469727,2.4800000190734863,691316,1.3542711734771729
2020-12-21,2.490000009536743,2.490000009536743,2.4700000286102295,2.4800000190734863,142000,1.3542711734771729
2020-12-22,2.450000047683716,2.450000047683716,2.390000104904175,2.4000000953674316,924000,1.3105850219726562
2020-12-23,2.369999885559082,2.4000000953674316,2.3499999046325684,2.380000114440918,374000,1.2996634244918823
2020-12-24,2.380000114440918,2.380000114440918,2.380000114440918,2.380000114440918,0,1.2996634244918823
2020-12-28,2.380000114440918,2.4000000953674316,2.369999885559082,2.369999885559082,636000,1.294202446937561
2020-12-29,2.359999895095825,2.380000114440918,2.3499999046325684,2.359999895095825,268000,1.2887417078018188
2020-12-30,2.4000000953674316,2.4000000953674316,2.359999895095825,2.369999885559082,596000,1.294202446937561
2020-12-31,2.369999885559082,2.369999885559082,2.369999885559082,2.369999885559082,0,1.294202446937561
2021-01-04,2.369999885559082,2.450000047683716,2.390000104904175,2.450000047683716,960000,1.3378887176513672
2021-01-05,2.440000057220459,2.450000047683716,2.4100000858306885,2.4200000762939453,798000,1.3215066194534302
2021-01-06,2.4000000953674316,2.440000057220459,2.4000000953674316,2.4100000858306885,486000,1.316045880317688
2021-01-07,2.4200000762939453,2.450000047683716,2.4000000953674316,2.450000047683716,534000,1.3378887176513672
2021-01-08,2.450000047683716,2.450000047683716,2.4100000858306885,2.4200000762939453,470148,1.3215066194534302
2021-01-11,2.4600000381469727,2.4600000381469727,2.380000114440918,2.430000066757202,986000,1.3269672393798828
2021-01-12,2.450000047683716,2.450000047683716,2.4000000953674316,2.430000066757202,326000,1.3269672393798828
2021-01-13,2.440000057220459,2.5299999713897705,2.430000066757202,2.5299999713897705,846000,1.3815748691558838
2021-01-14,2.5299999713897705,2.5999999046325684,2.509999990463257,2.559999942779541,980000,1.3979572057724
2021-01-15,2.559999942779541,2.559999942779541,2.509999990463257,2.5299999713897705,760000,1.3815748691558838
2021-01-18,2.5,2.5199999809265137,2.430000066757202,2.490000009536743,304000,1.359731912612915
2021-01-19,2.5,2.5399999618530273,2.5,2.5,764000,1.3651926517486572
2021-01-20,2.509999990463257,2.5399999618530273,2.5,2.5199999809265137,824440,1.3761141300201416
2021-01-21,2.509999990463257,2.5199999809265137,2.490000009536743,2.5,448000,1.3651926517486572
2021-01-22,2.4700000286102295,2.5,2.440000057220459,2.4600000381469727,466248,1.343349575996399
2021-01-25,2.4600000381469727,2.4700000286102295,2.4000000953674316,2.450000047683716,616000,1.3378887176513672
2021-01-26,2.4200000762939453,2.440000057220459,2.380000114440918,2.4000000953674316,242000,1.3105850219726562
2021-01-27,2.4000000953674316,2.440000057220459,2.3399999141693115,2.359999895095825,817000,1.2887417078018188
2021-01-28,2.3399999141693115,2.369999885559082,2.299999952316284,2.3299999237060547,436000,1.2723594903945923
2021-01-29,2.359999895095825,2.4000000953674316,2.319999933242798,2.4000000953674316,430000,1.3105850219726562
2021-02-01,2.390000104904175,2.390000104904175,2.3299999237060547,2.369999885559082,346003,1.294202446937561
2021-02-02,2.369999885559082,2.380000114440918,2.3299999237060547,2.3499999046325684,104000,1.2832810878753662
2021-02-03,2.3499999046325684,2.369999885559082,2.299999952316284,2.359999895095825,494762,1.2887417078018188
2021-02-04,2.359999895095825,2.390000104904175,2.309999942779541,2.369999885559082,522000,1.294202446937561
2021-02-05,2.359999895095825,2.380000114440918,2.3499999046325684,2.359999895095825,268000,1.2887417078018188
2021-02-08,2.359999895095825,2.4100000858306885,2.359999895095825,2.390000104904175,151465,1.305124044418335
2021-02-09,2.4200000762939453,2.4200000762939453,2.3499999046325684,2.380000114440918,468347,1.2996634244918823
2021-02-10,2.380000114440918,2.4000000953674316,2.380000114440918,2.4000000953674316,470000,1.3105850219726562
2021-02-11,2.3499999046325684,2.3499999046325684,2.3499999046325684,2.3499999046325684,0,1.2832810878753662
2021-02-16,2.380000114440918,2.440000057220459,2.359999895095825,2.440000057220459,534000,1.332427978515625
2021-02-17,2.450000047683716,2.4800000190734863,2.4100000858306885,2.4600000381469727,704000,1.343349575996399
2021-02-18,2.4600000381469727,2.4600000381469727,2.4000000953674316,2.430000066757202,492038,1.3269672393798828
2021-02-19,2.440000057220459,2.4600000381469727,2.4100000858306885,2.4600000381469727,400000,1.343349575996399
2021-02-22,2.4600000381469727,2.4600000381469727,2.4200000762939453,2.450000047683716,240000,1.3378887176513672
2021-02-23,2.430000066757202,2.450000047683716,2.4200000762939453,2.450000047683716,394000,1.3378887176513672
2021-02-24,2.450000047683716,2.4800000190734863,2.4000000953674316,2.440000057220459,588000,1.332427978515625
2021-02-25,2.450000047683716,2.4600000381469727,2.430000066757202,2.450000047683716,270000,1.3378887176513672
2021-02-26,2.430000066757202,2.450000047683716,2.4200000762939453,2.440000057220459,406000,1.332427978515625
2021-03-01,2.440000057220459,2.440000057220459,2.4100000858306885,2.430000066757202,24000,1.3269672393798828
2021-03-02,2.450000047683716,2.5199999809265137,2.430000066757202,2.440000057220459,582000,1.332427978515625
2021-03-03,2.440000057220459,2.4800000190734863,2.440000057220459,2.4700000286102295,218963,1.3488104343414307
2021-03-04,2.450000047683716,2.450000047683716,2.440000057220459,2.450000047683716,336000,1.3378887176513672
2021-03-05,2.440000057220459,2.450000047683716,2.380000114440918,2.430000066757202,262000,1.3269672393798828
2021-03-08,2.4200000762939453,2.430000066757202,2.380000114440918,2.4000000953674316,490000,1.3105850219726562
2021-03-09,2.380000114440918,2.390000104904175,2.369999885559082,2.390000104904175,292000,1.305124044418335
2021-03-10,2.380000114440918,2.4000000953674316,2.369999885559082,2.390000104904175,305526,1.305124044418335
2021-03-11,2.380000114440918,2.4100000858306885,2.369999885559082,2.4000000953674316,542000,1.3105850219726562
2021-03-12,2.369999885559082,2.4000000953674316,2.369999885559082,2.4000000953674316,600000,1.3105850219726562
2021-03-15,2.4000000953674316,2.440000057220459,2.359999895095825,2.4200000762939453,570000,1.3215066194534302
2021-03-16,2.4000000953674316,2.450000047683716,2.4000000953674316,2.450000047683716,366000,1.3378887176513672
2021-03-17,2.440000057220459,2.4700000286102295,2.4000000953674316,2.4700000286102295,310310,1.3488104343414307
2021-03-18,2.450000047683716,2.4800000190734863,2.430000066757202,2.4700000286102295,634000,1.3488104343414307
2021-03-19,2.4600000381469727,2.4800000190734863,2.4200000762939453,2.4800000190734863,687495,1.3542711734771729
2021-03-22,2.4800000190734863,2.549999952316284,2.4800000190734863,2.5399999618530273,2826000,1.387035846710205
2021-03-23,2.5399999618530273,2.5999999046325684,2.5399999618530273,2.559999942779541,2066000,1.3979572057724
2021-03-24,2.5399999618530273,2.569999933242798,2.5,2.549999952316284,2166000,1.3924964666366577
2021-03-25,2.549999952316284,2.6600000858306885,2.549999952316284,2.5999999046325684,4332000,1.4198002815246582
2021-03-26,2.5799999237060547,2.640000104904175,2.559999942779541,2.619999885559082,2854000,1.4307215213775635
2021-03-29,2.619999885559082,2.6500000953674316,2.619999885559082,2.630000114440918,1294000,1.4361828565597534
2021-03-30,2.6500000953674316,2.690000057220459,2.6500000953674316,2.680000066757202,1216000,1.4634864330291748
2021-03-31,2.6500000953674316,2.7100000381469727,2.609999895095825,2.7100000381469727,1396000,1.479868769645691
2021-04-01,2.7200000286102295,2.7200000286102295,2.6700000762939453,2.690000057220459,866000,1.4689472913742065
2021-04-07,2.7200000286102295,2.7799999713897705,2.690000057220459,2.7200000286102295,1478800,1.485329508781433
2021-04-08,2.7200000286102295,2.75,2.680000066757202,2.7300000190734863,981648,1.4907903671264648
2021-04-09,2.740000009536743,2.7799999713897705,2.7300000190734863,2.7300000190734863,758000,1.4907903671264648
2021-04-12,2.7300000190734863,2.7799999713897705,2.7300000190734863,2.7300000190734863,916000,1.4907903671264648
2021-04-13,2.7200000286102295,2.7699999809265137,2.7200000286102295,2.75,878000,1.5017118453979492
2021-04-14,2.75,2.759999990463257,2.7300000190734863,2.75,1072000,1.5017118453979492
2021-04-15,2.7200000286102295,2.75,2.700000047683716,2.75,240000,1.5017118453979492
2021-04-16,2.75,2.75,2.7200000286102295,2.75,816000,1.5017118453979492
2021-04-19,2.75,2.7699999809265137,2.740000009536743,2.759999990463257,678000,1.507172703742981
2021-04-20,2.75,2.759999990463257,2.7200000286102295,2.740000009536743,1273808,1.4962512254714966
2021-04-21,2.7300000190734863,2.7300000190734863,2.700000047683716,2.7200000286102295,1476941,1.485329508781433
2021-04-22,2.7200000286102295,2.75,2.690000057220459,2.7200000286102295,902000,1.485329508781433
2021-04-23,2.700000047683716,2.7200000286102295,2.690000057220459,2.700000047683716,562000,1.4744081497192383
2021-04-26,2.680000066757202,2.7699999809265137,2.680000066757202,2.75,2522000,1.5017118453979492
2021-04-27,2.740000009536743,2.759999990463257,2.7200000286102295,2.75,1062000,1.5017118453979492
2021-04-28,2.75,2.75,2.7200000286102295,2.740000009536743,452000,1.4962512254714966
2021-04-29,2.7300000190734863,2.75,2.700000047683716,2.740000009536743,1088400,1.4962512254714966
2021-04-30,2.740000009536743,2.740000009536743,2.690000057220459,2.690000057220459,666000,1.4689472913742065
2021-05-03,2.7200000286102295,2.7699999809265137,2.690000057220459,2.75,2022000,1.5017118453979492
2021-05-04,2.799999952316284,2.799999952316284,2.759999990463257,2.7799999713897705,1858400,1.5180943012237549
2021-05-05,2.7799999713897705,2.799999952316284,2.759999990463257,2.7699999809265137,518000,1.5126338005065918
2021-05-06,2.7699999809265137,2.7799999713897705,2.7300000190734863,2.75,1312000,1.5017118453979492
2021-05-07,2.75,2.799999952316284,2.75,2.759999990463257,1574000,1.507172703742981
2021-05-10,2.759999990463257,2.7899999618530273,2.7300000190734863,2.7899999618530273,740000,1.523554801940918
2021-05-11,2.7799999713897705,2.7799999713897705,2.7300000190734863,2.7699999809265137,411052,1.5126338005065918
2021-05-12,2.7300000190734863,2.75,2.7100000381469727,2.7300000190734863,442000,1.4907903671264648
2021-05-13,2.7200000286102295,2.7200000286102295,2.690000057220459,2.700000047683716,464000,1.4744081497192383
2021-05-14,2.740000009536743,2.740000009536743,2.640000104904175,2.680000066757202,694000,1.4634864330291748
2021-05-17,2.6500000953674316,2.700000047683716,2.630000114440918,2.680000066757202,494000,1.4634864330291748
2021-05-18,2.6700000762939453,2.7200000286102295,2.6600000858306885,2.7100000381469727,788000,1.479868769645691
2021-05-20,2.7100000381469727,2.7200000286102295,2.6700000762939453,2.7100000381469727,282000,1.479868769645691
2021-05-21,2.700000047683716,2.700000047683716,2.690000057220459,2.690000057220459,158000,1.4689472913742065
2021-05-24,2.680000066757202,2.700000047683716,2.6500000953674316,2.680000066757202,710000,1.4634864330291748
2021-05-25,2.700000047683716,2.7100000381469727,2.680000066757202,2.7100000381469727,152000,1.479868769645691
2021-05-26,2.7100000381469727,2.7100000381469727,2.6700000762939453,2.680000066757202,481000,1.4634864330291748
2021-05-27,2.680000066757202,2.7100000381469727,2.6600000858306885,2.6600000858306885,442000,1.45256507396698
2021-05-28,2.690000057220459,2.7100000381469727,2.680000066757202,2.7100000381469727,108000,1.479868769645691
2021-05-31,2.7100000381469727,2.7100000381469727,2.680000066757202,2.690000057220459,424000,1.4689472913742065
2021-06-01,2.700000047683716,2.7300000190734863,2.700000047683716,2.7100000381469727,460000,1.479868769645691
2021-06-02,2.75,2.75,2.7200000286102295,2.7200000286102295,894000,1.485329508781433
2021-06-03,2.75,2.75,2.700000047683716,2.740000009536743,611000,1.4962512254714966
2021-06-04,2.640000104904175,2.640000104904175,2.5399999618530273,2.5999999046325684,960000,1.50493323802948
2021-06-07,2.5999999046325684,2.5999999046325684,2.559999942779541,2.5899999141693115,1258000,1.499145269393921
2021-06-08,2.5899999141693115,2.5899999141693115,2.549999952316284,2.5799999237060547,126000,1.4933569431304932
2021-06-09,2.5799999237060547,2.5799999237060547,2.549999952316284,2.569999933242798,284000,1.487568736076355
2021-06-10,2.5899999141693115,2.5899999141693115,2.549999952316284,2.5899999141693115,354000,1.499145269393921
2021-06-11,2.5999999046325684,2.5999999046325684,2.549999952316284,2.5899999141693115,374000,1.499145269393921
2021-06-15,2.5899999141693115,2.5899999141693115,2.5299999713897705,2.5399999618530273,420000,1.47020423412323
2021-06-16,2.569999933242798,2.5399999618530273,2.5,2.509999990463257,434000,1.4528394937515259
2021-06-17,2.5199999809265137,2.5999999046325684,2.5,2.5399999618530273,380000,1.47020423412323
2021-06-18,2.569999933242798,2.5999999046325684,2.5199999809265137,2.559999942779541,394000,1.4817805290222168
2021-06-21,2.5799999237060547,2.549999952316284,2.5,2.5399999618530273,378000,1.47020423412323
2021-06-22,2.549999952316284,2.559999942779541,2.509999990463257,2.5299999713897705,312000,1.4644159078598022
2021-06-23,2.5299999713897705,2.5299999713897705,2.509999990463257,2.509999990463257,178000,1.4528394937515259
2021-06-24,2.5,2.509999990463257,2.4700000286102295,2.5,554000,1.4470514059066772
2021-06-25,2.5,2.509999990463257,2.4700000286102295,2.4800000190734863,566000,1.4354748725891113
2021-06-28,2.4800000190734863,2.4800000190734863,2.450000047683716,2.4700000286102295,369481,1.4296867847442627
2021-06-29,2.4600000381469727,2.4800000190734863,2.440000057220459,2.4600000381469727,1508000,1.423898696899414
2021-06-30,2.4600000381469727,2.4800000190734863,2.430000066757202,2.4700000286102295,2217000,1.4296867847442627
2021-07-02,2.5,2.5799999237060547,2.490000009536743,2.549999952316284,836000,1.4759925603866577
2021-07-05,2.509999990463257,2.549999952316284,2.509999990463257,2.5399999618530273,202000,1.47020423412323
2021-07-06,2.5299999713897705,2.549999952316284,2.5,2.509999990463257,97147,1.4528394937515259
2021-07-07,2.569999933242798,2.5999999046325684,2.5,2.5799999237060547,572000,1.4933569431304932
2021-07-08,2.5999999046325684,2.5999999046325684,2.509999990463257,2.549999952316284,414000,1.4759925603866577
2021-07-09,2.5799999237060547,2.5799999237060547,2.5,2.5399999618530273,120000,1.47020423412323
2021-07-12,2.5399999618530273,2.5899999141693115,2.5399999618530273,2.569999933242798,142000,1.487568736076355
2021-07-13,2.559999942779541,2.5899999141693115,2.5299999713897705,2.549999952316284,80000,1.4759925603866577
2021-07-14,2.5299999713897705,2.549999952316284,2.5199999809265137,2.549999952316284,78000,1.4759925603866577
2021-07-15,2.569999933242798,2.5799999237060547,2.4600000381469727,2.559999942779541,458000,1.4817805290222168
2021-07-16,2.5799999237060547,2.5799999237060547,2.5199999809265137,2.559999942779541,50000,1.4817805290222168
2021-07-19,2.490000009536743,2.5899999141693115,2.490000009536743,2.5899999141693115,34000,1.499145269393921
2021-07-20,2.5899999141693115,2.5899999141693115,2.5,2.5299999713897705,218000,1.4644159078598022
2021-07-21,2.509999990463257,2.5799999237060547,2.509999990463257,2.5799999237060547,108000,1.4933569431304932
2021-07-22,2.5799999237060547,2.5999999046325684,2.5799999237060547,2.5999999046325684,254000,1.50493323802948
2021-07-23,2.5999999046325684,2.5999999046325684,2.5799999237060547,2.5999999046325684,408800,1.50493323802948
2021-07-26,2.5999999046325684,2.5999999046325684,2.5799999237060547,2.5799999237060547,2000000,1.4933569431304932
2021-07-27,2.569999933242798,2.569999933242798,2.4700000286102295,2.4800000190734863,466831,1.4354748725891113
2021-07-28,2.4800000190734863,2.490000009536743,2.4700000286102295,2.490000009536743,484000,1.441263198852539
2021-07-29,2.490000009536743,2.5799999237060547,2.490000009536743,2.549999952316284,208000,1.4759925603866577
2021-07-30,2.549999952316284,2.569999933242798,2.5,2.5399999618530273,108000,1.47020423412323
2021-08-02,2.5299999713897705,2.5799999237060547,2.5299999713897705,2.5799999237060547,260000,1.4933569431304932
2021-08-03,2.5999999046325684,2.5999999046325684,2.549999952316284,2.5999999046325684,90000,1.50493323802948
2021-08-04,2.549999952316284,2.5999999046325684,2.549999952316284,2.559999942779541,201200,1.4817805290222168
2021-08-05,2.569999933242798,2.5999999046325684,2.559999942779541,2.5899999141693115,689325,1.499145269393921
2021-08-06,2.5899999141693115,2.5899999141693115,2.5899999141693115,2.5799999237060547,52000,1.4933569431304932
2021-08-09,2.5799999237060547,2.5999999046325684,2.559999942779541,2.569999933242798,152000,1.487568736076355
2021-08-10,2.5999999046325684,2.5999999046325684,2.569999933242798,2.569999933242798,92000,1.487568736076355
2021-08-11,2.569999933242798,2.5999999046325684,2.569999933242798,2.569999933242798,233000,1.487568736076355
2021-08-12,2.559999942779541,2.5999999046325684,2.559999942779541,2.5999999046325684,284000,1.50493323802948
2021-08-13,2.5899999141693115,2.5999999046325684,2.569999933242798,2.5899999141693115,230000,1.499145269393921
2021-08-16,2.5899999141693115,2.5899999141693115,2.5799999237060547,2.5799999237060547,98000,1.4933569431304932
2021-08-17,2.5899999141693115,2.5899999141693115,2.5799999237060547,2.5899999141693115,258000,1.499145269393921
2021-08-18,2.5899999141693115,2.5999999046325684,2.569999933242798,2.5999999046325684,243809,1.50493323802948
2021-08-19,2.609999895095825,2.6700000762939453,2.5899999141693115,2.6600000858306885,2672000,1.5396627187728882
2021-08-20,2.6700000762939453,2.700000047683716,2.569999933242798,2.630000114440918,980000,1.5222980976104736
2021-08-23,2.630000114440918,2.6600000858306885,2.5899999141693115,2.5999999046325684,680000,1.50493323802948
2021-08-24,2.5999999046325684,2.6600000858306885,2.5999999046325684,2.630000114440918,454000,1.5222980976104736
2021-08-25,2.6500000953674316,2.680000066757202,2.609999895095825,2.630000114440918,452000,1.5222980976104736
2021-08-26,2.6500000953674316,2.6500000953674316,2.5999999046325684,2.640000104904175,306000,1.5280864238739014
2021-08-27,2.640000104904175,2.6500000953674316,2.5999999046325684,2.5999999046325684,304000,1.50493323802948
2021-08-30,2.619999885559082,2.619999885559082,2.5799999237060547,2.609999895095825,586000,1.5107214450836182
2021-08-31,2.5999999046325684,2.619999885559082,2.569999933242798,2.5999999046325684,763147,1.50493323802948
2021-09-01,2.569999933242798,2.5999999046325684,2.549999952316284,2.5899999141693115,1222263,1.499145269393921
2021-09-02,2.5999999046325684,2.5999999046325684,2.569999933242798,2.5999999046325684,404000,1.50493323802948
2021-09-03,2.5799999237060547,2.619999885559082,2.5799999237060547,2.5999999046325684,2178077,1.50493323802948
2021-09-06,2.619999885559082,2.6500000953674316,2.5999999046325684,2.619999885559082,1452500,1.516509771347046
2021-09-07,2.619999885559082,2.6500000953674316,2.619999885559082,2.640000104904175,756000,1.5280864238739014
2021-09-08,2.6500000953674316,2.680000066757202,2.6500000953674316,2.680000066757202,719500,1.5512391328811646
2021-09-09,2.680000066757202,2.700000047683716,2.6700000762939453,2.690000057220459,1406000,1.5570275783538818
2021-09-10,2.700000047683716,2.740000009536743,2.700000047683716,2.7100000381469727,1774000,1.5686036348342896
2021-09-13,2.609999895095825,2.640000104904175,2.5999999046325684,2.609999895095825,502000,1.568603515625
2021-09-14,2.619999885559082,2.619999885559082,2.569999933242798,2.569999933242798,750000,1.5445636510849
2021-09-15,2.559999942779541,2.5899999141693115,2.5199999809265137,2.549999952316284,702000,1.5325437784194946
2021-09-16,2.549999952316284,2.5799999237060547,2.509999990463257,2.5299999713897705,660000,1.5205239057540894
2021-09-17,2.5299999713897705,2.559999942779541,2.509999990463257,2.559999942779541,304116,1.5385537147521973
2021-09-20,2.4800000190734863,2.5,2.4200000762939453,2.4700000286102295,670000,1.4844639301300049
2021-09-21,2.4700000286102295,2.5,2.4700000286102295,2.490000009536743,124000,1.4964841604232788
2021-09-23,2.4700000286102295,2.5299999713897705,2.450000047683716,2.509999990463257,584000,1.508503794670105
2021-09-24,2.509999990463257,2.509999990463257,2.4700000286102295,2.490000009536743,262000,1.4964841604232788
2021-09-27,2.4600000381469727,2.4800000190734863,2.430000066757202,2.430000066757202,546000,1.4604243040084839
2021-09-28,2.490000009536743,2.490000009536743,2.4600000381469727,2.4700000286102295,152000,1.4844639301300049
2021-09-29,2.4600000381469727,2.4800000190734863,2.450000047683716,2.450000047683716,223261,1.47244393825531
2021-09-30,2.440000057220459,2.490000009536743,2.440000057220459,2.490000009536743,164000,1.4964841604232788
2021-10-04,2.490000009536743,2.490000009536743,2.440000057220459,2.4800000190734863,260000,1.490473747253418
2021-10-05,2.450000047683716,2.490000009536743,2.440000057220459,2.4800000190734863,138000,1.490473747253418
2021-10-06,2.509999990463257,2.509999990463257,2.450000047683716,2.450000047683716,434000,1.47244393825531
2021-10-07,2.4600000381469727,2.490000009536743,2.4600000381469727,2.4800000190734863,264000,1.490473747253418
2021-10-08,2.4800000190734863,2.4800000190734863,2.450000047683716,2.4700000286102295,106000,1.4844639301300049
2021-10-11,2.4700000286102295,2.5,2.4700000286102295,2.490000009536743,236000,1.4964841604232788
2021-10-12,2.4800000190734863,2.4800000190734863,2.4600000381469727,2.4800000190734863,208000,1.490473747253418
2021-10-15,2.4800000190734863,2.509999990463257,2.4800000190734863,2.4800000190734863,660000,1.490473747253418
2021-10-18,2.4800000190734863,2.509999990463257,2.4800000190734863,2.5,260000,1.502493977546692
2021-10-19,2.509999990463257,2.509999990463257,2.490000009536743,2.490000009536743,206000,1.4964841604232788
2021-10-20,2.4800000190734863,2.5199999809265137,2.4800000190734863,2.5,400388,1.502493977546692
2021-10-21,2.5,2.509999990463257,2.490000009536743,2.509999990463257,256000,1.508503794670105
2021-10-22,2.509999990463257,2.5199999809265137,2.5,2.509999990463257,310000,1.508503794670105
2021-10-25,2.4800000190734863,2.5299999713897705,2.4800000190734863,2.509999990463257,162000,1.508503794670105
2021-10-26,2.5199999809265137,2.5199999809265137,2.5,2.5199999809265137,142000,1.5145137310028076
2021-10-27,2.4800000190734863,2.5199999809265137,2.4800000190734863,2.5199999809265137,310000,1.5145137310028076
2021-10-28,2.5399999618530273,2.5399999618530273,2.490000009536743,2.5,78000,1.502493977546692
2021-10-29,2.5,2.5,2.4600000381469727,2.5,1230000,1.502493977546692
2021-11-01,2.4800000190734863,2.5,2.4800000190734863,2.4800000190734863,258000,1.490473747253418
2021-11-02,2.4800000190734863,2.5,2.4700000286102295,2.4800000190734863,276000,1.490473747253418
2021-11-03,2.4800000190734863,2.509999990463257,2.4700000286102295,2.509999990463257,304000,1.508503794670105
2021-11-04,2.509999990463257,2.509999990463257,2.4800000190734863,2.509999990463257,32000,1.508503794670105
2021-11-05,2.490000009536743,2.509999990463257,2.4800000190734863,2.4800000190734863,76000,1.490473747253418
2021-11-08,2.490000009536743,2.5,2.4600000381469727,2.4700000286102295,228000,1.4844639301300049
2021-11-09,2.4700000286102295,2.4800000190734863,2.450000047683716,2.4800000190734863,310000,1.490473747253418
2021-11-10,2.450000047683716,2.4800000190734863,2.450000047683716,2.4600000381469727,262000,1.4784539937973022
2021-11-11,2.4700000286102295,2.4700000286102295,2.440000057220459,2.4700000286102295,398000,1.4844639301300049
2021-11-12,2.4600000381469727,2.490000009536743,2.450000047683716,2.4800000190734863,208000,1.490473747253418
2021-11-15,2.5,2.5,2.440000057220459,2.4600000381469727,590000,1.4784539937973022
2021-11-16,2.440000057220459,2.4800000190734863,2.430000066757202,2.4600000381469727,642000,1.4784539937973022
2021-11-17,2.4600000381469727,2.4600000381469727,2.430000066757202,2.440000057220459,838000,1.466434121131897
2021-11-18,2.440000057220459,2.440000057220459,2.4100000858306885,2.4200000762939453,700400,1.4544142484664917
2021-11-19,2.4100000858306885,2.4200000762939453,2.390000104904175,2.4200000762939453,1230000,1.4544142484664917
2021-11-22,2.430000066757202,2.450000047683716,2.4200000762939453,2.450000047683716,270000,1.47244393825531
2021-11-23,2.4200000762939453,2.450000047683716,2.4200000762939453,2.440000057220459,184840,1.466434121131897
2021-11-24,2.440000057220459,2.4600000381469727,2.440000057220459,2.4600000381469727,38000,1.4784539937973022
2021-11-25,2.4200000762939453,2.5199999809265137,2.4100000858306885,2.490000009536743,192000,1.4964841604232788
2021-11-26,2.4700000286102295,2.4700000286102295,2.4200000762939453,2.4600000381469727,74000,1.4784539937973022
2021-11-29,2.430000066757202,2.430000066757202,2.4000000953674316,2.4100000858306885,350000,1.4484041929244995
2021-11-30,2.430000066757202,2.440000057220459,2.390000104904175,2.4100000858306885,1292000,1.4484041929244995
2021-12-01,2.4200000762939453,2.450000047683716,2.4200000762939453,2.4200000762939453,340000,1.4544142484664917
2021-12-02,2.440000057220459,2.440000057220459,2.4000000953674316,2.4000000953674316,848000,1.4423942565917969
2021-12-03,2.390000104904175,2.4200000762939453,2.369999885559082,2.380000114440918,1100000,1.430374264717102
2021-12-06,2.4100000858306885,2.4100000858306885,2.369999885559082,2.390000104904175,366000,1.4363840818405151
2021-12-07,2.4000000953674316,2.4100000858306885,2.369999885559082,2.380000114440918,806000,1.430374264717102
2021-12-08,2.380000114440918,2.390000104904175,2.369999885559082,2.390000104904175,220000,1.4363840818405151
2021-12-09,2.380000114440918,2.4100000858306885,2.369999885559082,2.380000114440918,1054000,1.430374264717102
2021-12-10,2.4000000953674316,2.4100000858306885,2.380000114440918,2.390000104904175,276000,1.4363840818405151
2021-12-13,2.380000114440918,2.4000000953674316,2.380000114440918,2.380000114440918,358000,1.430374264717102
2021-12-14,2.369999885559082,2.390000104904175,2.3299999237060547,2.380000114440918,416000,1.430374264717102
2021-12-15,2.369999885559082,2.390000104904175,2.369999885559082,2.380000114440918,262000,1.430374264717102
2021-12-16,2.369999885559082,2.380000114440918,2.3499999046325684,2.380000114440918,312000,1.430374264717102
2021-12-17,2.359999895095825,2.390000104904175,2.3399999141693115,2.369999885559082,170000,1.4243640899658203
2021-12-20,2.369999885559082,2.4200000762939453,2.3499999046325684,2.3499999046325684,314000,1.412344217300415
2021-12-21,2.390000104904175,2.4000000953674316,2.359999895095825,2.369999885559082,250000,1.4243640899658203
2021-12-22,2.3499999046325684,2.390000104904175,2.3499999046325684,2.390000104904175,152000,1.4363840818405151
2021-12-23,2.369999885559082,2.380000114440918,2.359999895095825,2.369999885559082,118000,1.4243640899658203
2021-12-24,2.369999885559082,2.380000114440918,2.369999885559082,2.380000114440918,38000,1.430374264717102
2021-12-28,2.359999895095825,2.369999885559082,2.3499999046325684,2.369999885559082,214192,1.4243640899658203
2021-12-29,2.359999895095825,2.380000114440918,2.359999895095825,2.380000114440918,166000,1.430374264717102
2021-12-30,2.380000114440918,2.390000104904175,2.359999895095825,2.380000114440918,150000,1.430374264717102
2021-12-31,2.359999895095825,2.390000104904175,2.359999895095825,2.380000114440918,24000,1.430374264717102
2022-01-03,2.380000114440918,2.390000104904175,2.3499999046325684,2.390000104904175,176000,1.4363840818405151
2022-01-04,2.4000000953674316,2.4100000858306885,2.369999885559082,2.4000000953674316,418000,1.4423942565917969
2022-01-05,2.380000114440918,2.4000000953674316,2.380000114440918,2.390000104904175,276000,1.4363840818405151
2022-01-06,2.380000114440918,2.390000104904175,2.3499999046325684,2.390000104904175,552000,1.4363840818405151
2022-01-07,2.4000000953674316,2.4700000286102295,2.4000000953674316,2.430000066757202,1019120,1.4604243040084839
2022-01-10,2.450000047683716,2.490000009536743,2.450000047683716,2.4700000286102295,302000,1.4844639301300049
2022-01-11,2.4800000190734863,2.5199999809265137,2.4800000190734863,2.5,468000,1.502493977546692
2022-01-12,2.5799999237060547,2.5899999141693115,2.5199999809265137,2.5399999618530273,1118000,1.5265339612960815
2022-01-13,2.559999942779541,2.5999999046325684,2.5299999713897705,2.5399999618530273,762000,1.5265339612960815
2022-01-14,2.549999952316284,2.559999942779541,2.5199999809265137,2.5399999618530273,326000,1.5265339612960815
2022-01-17,2.559999942779541,2.5899999141693115,2.549999952316284,2.559999942779541,288000,1.5385537147521973
2022-01-18,2.549999952316284,2.559999942779541,2.549999952316284,2.559999942779541,252500,1.5385537147521973
2022-01-19,2.549999952316284,2.549999952316284,2.5,2.5199999809265137,1016388,1.5145137310028076
2022-01-20,2.5299999713897705,2.5399999618530273,2.509999990463257,2.5399999618530273,228000,1.5265339612960815
2022-01-21,2.5199999809265137,2.609999895095825,2.5,2.559999942779541,430000,1.5385537147521973
2022-01-24,2.5299999713897705,2.549999952316284,2.5199999809265137,2.5199999809265137,196000,1.5145137310028076
2022-01-25,2.5,2.509999990463257,2.4700000286102295,2.4800000190734863,524000,1.490473747253418
2022-01-26,2.4800000190734863,2.4800000190734863,2.4000000953674316,2.440000057220459,1274000,1.466434121131897
2022-01-27,2.440000057220459,2.440000057220459,2.4100000858306885,2.430000066757202,492000,1.4604243040084839
2022-01-28,2.4100000858306885,2.4700000286102295,2.4100000858306885,2.4600000381469727,560000,1.4784539937973022
2022-01-31,2.4600000381469727,2.4600000381469727,2.4600000381469727,2.4600000381469727,0,1.4784539937973022
2022-02-04,2.430000066757202,2.4600000381469727,2.430000066757202,2.4600000381469727,802000,1.4784539937973022
2022-02-07,2.440000057220459,2.490000009536743,2.450000047683716,2.490000009536743,230000,1.4964841604232788
2022-02-08,2.490000009536743,2.640000104904175,2.440000057220459,2.630000114440918,1942000,1.5806236267089844
2022-02-09,2.640000104904175,2.640000104904175,2.559999942779541,2.5999999046325684,1960000,1.562593698501587
2022-02-10,2.569999933242798,2.619999885559082,2.569999933242798,2.5799999237060547,418000,1.550573706626892
2022-02-11,2.5799999237060547,2.640000104904175,2.549999952316284,2.5899999141693115,2018000,1.5565836429595947
2022-02-14,2.5899999141693115,2.5899999141693115,2.5299999713897705,2.5799999237060547,964000,1.550573706626892
2022-02-15,2.5799999237060547,2.609999895095825,2.549999952316284,2.5799999237060547,854000,1.550573706626892
2022-02-16,2.569999933242798,2.640000104904175,2.559999942779541,2.569999933242798,1854000,1.5445636510849
2022-02-17,2.619999885559082,2.619999885559082,2.5199999809265137,2.5399999618530273,1654000,1.5265339612960815
2022-02-18,2.5199999809265137,2.559999942779541,2.5199999809265137,2.5399999618530273,162000,1.5265339612960815
2022-02-21,2.559999942779541,2.569999933242798,2.5399999618530273,2.5399999618530273,184000,1.5265339612960815
2022-02-22,2.5399999618530273,2.5399999618530273,2.4800000190734863,2.5,318000,1.502493977546692
2022-02-23,2.4800000190734863,2.5199999809265137,2.4800000190734863,2.5199999809265137,140326,1.5145137310028076
2022-02-24,2.4800000190734863,2.5,2.430000066757202,2.4600000381469727,690000,1.4784539937973022
2022-02-25,2.4600000381469727,2.490000009536743,2.4600000381469727,2.490000009536743,132000,1.4964841604232788
2022-02-28,2.490000009536743,2.490000009536743,2.450000047683716,2.4600000381469727,346000,1.4784539937973022
2022-03-01,2.4600000381469727,2.490000009536743,2.450000047683716,2.490000009536743,118000,1.4964841604232788
2022-03-02,2.4800000190734863,2.490000009536743,2.450000047683716,2.4600000381469727,80000,1.4784539937973022
2022-03-03,2.4600000381469727,2.5,2.4600000381469727,2.4800000190734863,220000,1.490473747253418
2022-03-04,2.4600000381469727,2.4700000286102295,2.4600000381469727,2.4700000286102295,20000,1.4844639301300049
2022-03-07,2.450000047683716,2.4600000381469727,2.390000104904175,2.390000104904175,1644000,1.4363840818405151
2022-03-08,2.380000114440918,2.4200000762939453,2.309999942779541,2.369999885559082,466000,1.4243640899658203
2022-03-09,2.359999895095825,2.4100000858306885,2.3499999046325684,2.4100000858306885,1162000,1.4484041929244995
2022-03-10,2.390000104904175,2.4800000190734863,2.380000114440918,2.4700000286102295,336000,1.4844639301300049
2022-03-11,2.4700000286102295,2.490000009536743,2.4200000762939453,2.490000009536743,590000,1.4964841604232788
2022-03-14,2.490000009536743,2.5199999809265137,2.4800000190734863,2.509999990463257,810000,1.508503794670105
2022-03-15,2.509999990463257,2.509999990463257,2.380000114440918,2.440000057220459,1870000,1.466434121131897
2022-03-16,2.4800000190734863,2.5,2.4200000762939453,2.4800000190734863,590000,1.490473747253418
2022-03-17,2.549999952316284,2.549999952316284,2.4600000381469727,2.4800000190734863,526815,1.490473747253418
2022-03-18,2.4800000190734863,2.5299999713897705,2.4700000286102295,2.4700000286102295,732000,1.4844639301300049
2022-03-21,2.4800000190734863,2.5,2.4600000381469727,2.4800000190734863,562000,1.490473747253418
2022-03-22,2.4800000190734863,2.5,2.4700000286102295,2.4700000286102295,1008000,1.4844639301300049
2022-03-23,2.5,2.509999990463257,2.4600000381469727,2.4600000381469727,1156000,1.4784539937973022
2022-03-24,2.4700000286102295,2.509999990463257,2.4700000286102295,2.509999990463257,1254000,1.508503794670105
2022-03-25,2.490000009536743,2.5399999618530273,2.4800000190734863,2.5299999713897705,989832,1.5205239057540894
2022-03-28,2.4100000858306885,2.4100000858306885,2.299999952316284,2.380000114440918,1656000,1.430374264717102
2022-03-29,2.4000000953674316,2.4000000953674316,2.3499999046325684,2.390000104904175,488000,1.4363840818405151
2022-03-30,2.359999895095825,2.4100000858306885,2.359999895095825,2.4100000858306885,358000,1.4484041929244995
2022-03-31,2.4000000953674316,2.4100000858306885,2.369999885559082,2.4100000858306885,344000,1.4484041929244995
2022-04-01,2.369999885559082,2.4000000953674316,2.359999895095825,2.380000114440918,230000,1.430374264717102
2022-04-04,2.4000000953674316,2.4000000953674316,2.359999895095825,2.390000104904175,212000,1.4363840818405151
2022-04-06,2.4200000762939453,2.430000066757202,2.4000000953674316,2.430000066757202,864000,1.4604243040084839
2022-04-07,2.430000066757202,2.430000066757202,2.390000104904175,2.4200000762939453,240000,1.4544142484664917
2022-04-08,2.4200000762939453,2.4200000762939453,2.359999895095825,2.359999895095825,240000,1.4183542728424072
2022-04-11,2.380000114440918,2.4200000762939453,2.359999895095825,2.4000000953674316,218000,1.4423942565917969
2022-04-12,2.359999895095825,2.390000104904175,2.359999895095825,2.390000104904175,122000,1.4363840818405151
2022-04-13,2.380000114440918,2.4200000762939453,2.3399999141693115,2.369999885559082,670000,1.4243640899658203
2022-04-14,2.4200000762939453,2.4200000762939453,2.369999885559082,2.4100000858306885,246000,1.4484041929244995
2022-04-19,2.4000000953674316,2.4000000953674316,2.3499999046325684,2.390000104904175,240000,1.4363840818405151
2022-04-20,2.369999885559082,2.390000104904175,2.3499999046325684,2.369999885559082,490000,1.4243640899658203
2022-04-21,2.359999895095825,2.390000104904175,2.3399999141693115,2.3399999141693115,250000,1.4063340425491333
2022-04-22,2.3499999046325684,2.3499999046325684,2.3499999046325684,2.3499999046325684,10000,1.412344217300415
2022-04-25,2.309999942779541,2.3299999237060547,2.2899999618530273,2.299999952316284,220000,1.3822941780090332
2022-04-26,2.319999933242798,2.359999895095825,2.25,2.299999952316284,246000,1.3822941780090332
2022-04-27,2.299999952316284,2.3299999237060547,2.299999952316284,2.299999952316284,404000,1.3822941780090332
2022-04-28,2.299999952316284,2.359999895095825,2.299999952316284,2.3499999046325684,493350,1.412344217300415
2022-04-29,2.3499999046325684,2.3499999046325684,2.309999942779541,2.3299999237060547,42000,1.4003244638442993
2022-05-03,2.3299999237060547,2.359999895095825,2.299999952316284,2.299999952316284,204000,1.3822941780090332
2022-05-04,2.309999942779541,2.3499999046325684,2.309999942779541,2.3499999046325684,108000,1.412344217300415
2022-05-05,2.3399999141693115,2.369999885559082,2.3299999237060547,2.369999885559082,398000,1.4243640899658203
2022-05-06,2.359999895095825,2.359999895095825,2.259999990463257,2.2699999809265137,448000,1.3642644882202148
2022-05-10,2.2799999713897705,2.299999952316284,2.25,2.2799999713897705,454000,1.370274305343628
2022-05-11,2.25,2.299999952316284,2.25,2.2799999713897705,258000,1.370274305343628
2022-05-12,2.2799999713897705,2.2799999713897705,2.200000047683716,2.2100000381469727,488000,1.32820463180542
2022-05-13,2.2100000381469727,2.240000009536743,2.200000047683716,2.2200000286102295,366000,1.3342145681381226
2022-05-16,2.200000047683716,2.299999952316284,2.190000057220459,2.2899999618530273,778000,1.3762843608856201
2022-05-17,2.25,2.2799999713897705,2.25,2.2699999809265137,56000,1.3642644882202148
2022-05-18,2.2699999809265137,2.2899999618530273,2.25,2.2799999713897705,554000,1.370274305343628
2022-05-19,2.2699999809265137,2.2799999713897705,2.25,2.2799999713897705,442000,1.370274305343628
2022-05-20,2.2699999809265137,2.299999952316284,2.25,2.2799999713897705,222000,1.370274305343628
2022-05-23,2.2799999713897705,2.299999952316284,2.2699999809265137,2.2899999618530273,362000,1.3762843608856201
2022-05-24,2.2799999713897705,2.2799999713897705,2.259999990463257,2.259999990463257,158000,1.3582545518875122
2022-05-25,2.25,2.2699999809265137,2.240000009536743,2.240000009536743,226000,1.3462344408035278
2022-05-26,2.25,2.2699999809265137,2.240000009536743,2.25,102000,1.3522446155548096
2022-05-27,2.2699999809265137,2.2699999809265137,2.259999990463257,2.2699999809265137,106000,1.3642644882202148
2022-05-30,2.2699999809265137,2.2899999618530273,2.259999990463257,2.259999990463257,162000,1.3582545518875122
2022-05-31,2.259999990463257,2.2899999618530273,2.259999990463257,2.2699999809265137,662000,1.3642644882202148
2022-06-01,2.259999990463257,2.2899999618530273,2.259999990463257,2.2799999713897705,482000,1.370274305343628
2022-06-02,2.2200000286102295,2.25,2.190000057220459,2.240000009536743,432000,1.4015592336654663
2022-06-06,2.240000009536743,2.259999990463257,2.2200000286102295,2.25,186000,1.4078160524368286
2022-06-07,2.25,2.25,2.2200000286102295,2.2300000190734863,32000,1.3953022956848145
2022-06-08,2.2300000190734863,2.259999990463257,2.2300000190734863,2.2300000190734863,166000,1.3953022956848145
2022-06-09,2.2300000190734863,2.240000009536743,2.200000047683716,2.2300000190734863,178000,1.3953022956848145
2022-06-10,2.2200000286102295,2.240000009536743,2.200000047683716,2.200000047683716,82000,1.3765314817428589
2022-06-13,2.200000047683716,2.2100000381469727,2.1700000762939453,2.190000057220459,464000,1.370274543762207
2022-06-14,2.1700000762939453,2.200000047683716,2.1700000762939453,2.190000057220459,94000,1.370274543762207
2022-06-15,2.25,2.25,2.180000066757202,2.180000066757202,78000,1.3640176057815552
2022-06-16,2.190000057220459,2.190000057220459,2.1600000858306885,2.1700000762939453,306000,1.3577604293823242
2022-06-17,2.1700000762939453,2.180000066757202,2.140000104904175,2.1600000858306885,350000,1.351503610610962
2022-06-20,2.1500000953674316,2.1700000762939453,2.1500000953674316,2.1600000858306885,226000,1.351503610610962
2022-06-21,2.1500000953674316,2.1600000858306885,2.140000104904175,2.1500000953674316,310000,1.34524667263031
2022-06-22,2.130000114440918,2.1600000858306885,2.130000114440918,2.130000114440918,762000,1.3327327966690063
2022-06-23,2.130000114440918,2.1700000762939453,2.119999885559082,2.1700000762939453,412000,1.3577604293823242
2022-06-24,2.130000114440918,2.200000047683716,2.130000114440918,2.190000057220459,674000,1.370274543762207
2022-06-27,2.190000057220459,2.2100000381469727,2.1600000858306885,2.200000047683716,488000,1.3765314817428589
2022-06-28,2.200000047683716,2.2200000286102295,2.1700000762939453,2.200000047683716,710000,1.3765314817428589
2022-06-29,2.200000047683716,2.200000047683716,2.1700000762939453,2.1700000762939453,916000,1.3577604293823242
2022-06-30,2.1700000762939453,2.190000057220459,2.1600000858306885,2.180000066757202,1164000,1.3640176057815552
2022-07-04,2.180000066757202,2.180000066757202,2.1500000953674316,2.180000066757202,199000,1.3640176057815552
2022-07-05,2.1700000762939453,2.190000057220459,2.1700000762939453,2.180000066757202,192000,1.3640176057815552
2022-07-06,2.180000066757202,2.190000057220459,2.1500000953674316,2.190000057220459,86000,1.370274543762207
2022-07-07,2.180000066757202,2.190000057220459,2.1700000762939453,2.1700000762939453,166000,1.3577604293823242
2022-07-08,2.180000066757202,2.190000057220459,2.180000066757202,2.190000057220459,98000,1.370274543762207
2022-07-11,2.1700000762939453,2.180000066757202,2.140000104904175,2.1600000858306885,128000,1.351503610610962
2022-07-12,2.1500000953674316,2.1600000858306885,2.140000104904175,2.1600000858306885,236000,1.351503610610962
2022-07-13,2.180000066757202,2.180000066757202,2.1600000858306885,2.1600000858306885,88000,1.351503610610962
2022-07-14,2.180000066757202,2.190000057220459,2.1600000858306885,2.1700000762939453,112000,1.3577604293823242
2022-07-15,2.1600000858306885,2.180000066757202,2.1600000858306885,2.180000066757202,294000,1.3640176057815552
2022-07-18,2.180000066757202,2.180000066757202,2.130000114440918,2.130000114440918,1234000,1.3327327966690063
2022-07-19,2.1700000762939453,2.1700000762939453,2.140000104904175,2.1500000953674316,116000,1.34524667263031
2022-07-20,2.1600000858306885,2.1600000858306885,2.1500000953674316,2.1600000858306885,10000,1.351503610610962
2022-07-21,2.1600000858306885,2.180000066757202,2.1600000858306885,2.1700000762939453,246000,1.3577604293823242
2022-07-22,2.1700000762939453,2.180000066757202,2.1700000762939453,2.1700000762939453,134000,1.3577604293823242
2022-07-25,2.180000066757202,2.180000066757202,2.1500000953674316,2.180000066757202,66000,1.3640176057815552
2022-07-26,2.1700000762939453,2.25,2.1700000762939453,2.200000047683716,262000,1.3765314817428589
2022-07-27,2.1700000762939453,2.200000047683716,2.1700000762939453,2.190000057220459,24000,1.370274543762207
2022-07-28,2.190000057220459,2.180000066757202,2.1600000858306885,2.1600000858306885,32000,1.351503610610962
2022-07-29,2.1600000858306885,2.1700000762939453,2.1500000953674316,2.1500000953674316,86000,1.34524667263031
2022-08-01,2.1500000953674316,2.1500000953674316,2.130000114440918,2.140000104904175,240000,1.3389897346496582
2022-08-02,2.130000114440918,2.140000104904175,2.109999895095825,2.119999885559082,224647,1.3264755010604858
2022-08-03,2.119999885559082,2.1500000953674316,2.0999999046325684,2.0999999046325684,374000,1.3139618635177612
2022-08-04,2.0999999046325684,2.119999885559082,2.0999999046325684,2.0999999046325684,72000,1.3139618635177612
2022-08-05,2.109999895095825,2.1600000858306885,2.109999895095825,2.1500000953674316,160000,1.34524667263031
2022-08-08,2.1500000953674316,2.1600000858306885,2.140000104904175,2.1600000858306885,86000,1.351503610610962
2022-08-09,2.1600000858306885,2.1600000858306885,2.119999885559082,2.140000104904175,72000,1.3389897346496582
2022-08-10,2.1500000953674316,2.1500000953674316,2.130000114440918,2.1500000953674316,34000,1.34524667263031
2022-08-11,2.1500000953674316,2.1500000953674316,2.140000104904175,2.140000104904175,244000,1.3389897346496582
2022-08-12,2.140000104904175,2.1500000953674316,2.130000114440918,2.140000104904175,40000,1.3389897346496582
2022-08-15,2.140000104904175,2.140000104904175,2.109999895095825,2.130000114440918,248000,1.3327327966690063
2022-08-16,2.130000114440918,2.140000104904175,2.119999885559082,2.119999885559082,94000,1.3264755010604858
2022-08-17,2.119999885559082,2.1500000953674316,2.119999885559082,2.1500000953674316,190000,1.34524667263031
2022-08-18,2.140000104904175,2.240000009536743,2.130000114440918,2.2100000381469727,496000,1.3827883005142212
2022-08-19,2.240000009536743,2.2699999809265137,2.240000009536743,2.259999990463257,726000,1.4140732288360596
2022-08-22,2.2300000190734863,2.259999990463257,2.2300000190734863,2.259999990463257,62000,1.4140732288360596
2022-08-23,2.25,2.259999990463257,2.2200000286102295,2.240000009536743,366000,1.4015592336654663
2022-08-24,2.2100000381469727,2.25,2.200000047683716,2.2300000190734863,418000,1.3953022956848145
2022-08-25,2.2300000190734863,2.240000009536743,2.2100000381469727,2.2300000190734863,86000,1.3953022956848145
2022-08-26,2.2200000286102295,2.2200000286102295,2.200000047683716,2.200000047683716,240000,1.3765314817428589
2022-08-29,2.2100000381469727,2.2300000190734863,2.200000047683716,2.200000047683716,114000,1.3765314817428589
2022-08-30,2.200000047683716,2.2100000381469727,2.180000066757202,2.190000057220459,698000,1.370274543762207
2022-08-31,2.180000066757202,2.2200000286102295,2.1700000762939453,2.2200000286102295,1798000,1.3890453577041626
2022-09-01,2.2200000286102295,2.2200000286102295,2.180000066757202,2.200000047683716,480000,1.3765314817428589
2022-09-02,2.200000047683716,2.2100000381469727,2.180000066757202,2.190000057220459,1284000,1.370274543762207
2022-09-05,2.240000009536743,2.240000009536743,2.180000066757202,2.2100000381469727,482000,1.3827883005142212
2022-09-06,2.2100000381469727,2.2100000381469727,2.190000057220459,2.200000047683716,1332000,1.3765314817428589
2022-09-07,2.190000057220459,2.200000047683716,2.180000066757202,2.200000047683716,246000,1.3765314817428589
2022-09-08,2.0999999046325684,2.119999885559082,2.0799999237060547,2.0999999046325684,405330,1.38311767578125
2022-09-09,2.119999885559082,2.140000104904175,2.119999885559082,2.119999885559082,476000,1.3962900638580322
2022-09-13,2.130000114440918,2.130000114440918,2.109999895095825,2.109999895095825,528780,1.3897039890289307
2022-09-14,2.0899999141693115,2.109999895095825,2.0799999237060547,2.0999999046325684,208000,1.38311767578125
2022-09-15,2.0999999046325684,2.109999895095825,2.0999999046325684,2.109999895095825,391500,1.3897039890289307
2022-09-16,2.0999999046325684,2.109999895095825,2.0799999237060547,2.0999999046325684,598000,1.38311767578125
2022-09-19,2.069999933242798,2.1600000858306885,2.069999933242798,2.130000114440918,4072000,1.402876615524292
2022-09-20,2.140000104904175,2.240000009536743,2.140000104904175,2.200000047683716,2968000,1.4489805698394775
2022-09-21,2.2300000190734863,2.3399999141693115,2.2300000190734863,2.2799999713897705,3680000,1.5016708374023438
2022-09-22,2.2799999713897705,2.2899999618530273,2.259999990463257,2.2799999713897705,1232000,1.5016708374023438
2022-09-23,2.2899999618530273,2.3299999237060547,2.2799999713897705,2.309999942779541,2088000,1.521429419517517
2022-09-26,2.3299999237060547,2.390000104904175,2.319999933242798,2.3499999046325684,3397950,1.5477745532989502
2022-09-27,2.359999895095825,2.380000114440918,2.299999952316284,2.309999942779541,2962000,1.521429419517517
2022-09-28,2.299999952316284,2.299999952316284,2.200000047683716,2.240000009536743,3354000,1.475325584411621
2022-09-29,2.25,2.2899999618530273,2.2300000190734863,2.2300000190734863,2440000,1.4687392711639404
2022-09-30,2.240000009536743,2.259999990463257,2.240000009536743,2.240000009536743,3036000,1.475325584411621
2022-10-03,2.240000009536743,2.259999990463257,2.200000047683716,2.2200000286102295,2286000,1.4621530771255493
2022-10-05,2.25,2.2799999713897705,2.240000009536743,2.2799999713897705,1520000,1.5016708374023438
2022-10-06,2.2799999713897705,2.3299999237060547,2.2799999713897705,2.309999942779541,2024000,1.521429419517517
2022-10-07,2.309999942779541,2.309999942779541,2.25,2.2799999713897705,2488000,1.5016708374023438
2022-10-10,2.309999942779541,2.309999942779541,2.25,2.2699999809265137,2674000,1.4950844049453735
2022-10-11,2.299999952316284,2.299999952316284,2.25,2.2699999809265137,2502000,1.4950844049453735
2022-10-12,2.2699999809265137,2.2699999809265137,2.240000009536743,2.25,2508000,1.4819116592407227
2022-10-13,2.259999990463257,2.2799999713897705,2.25,2.259999990463257,2418000,1.4884982109069824
2022-10-14,2.2799999713897705,2.2799999713897705,2.240000009536743,2.25,2500000,1.4819116592407227
2022-10-17,2.25,2.2899999618530273,2.25,2.2799999713897705,3016000,1.5016708374023438
2022-10-18,2.299999952316284,2.319999933242798,2.2899999618530273,2.299999952316284,2396000,1.514843225479126
2022-10-19,2.2899999618530273,2.319999933242798,2.2899999618530273,2.299999952316284,2190000,1.514843225479126
2022-10-20,2.309999942779541,2.309999942779541,2.2899999618530273,2.299999952316284,2556000,1.514843225479126
2022-10-21,2.299999952316284,2.319999933242798,2.299999952316284,2.309999942779541,2654000,1.521429419517517
2022-10-24,2.309999942779541,2.3399999141693115,2.2699999809265137,2.3399999141693115,3634000,1.5411882400512695
2022-10-25,2.319999933242798,2.3399999141693115,2.2899999618530273,2.309999942779541,1296000,1.521429419517517
2022-10-26,2.299999952316284,2.309999942779541,2.2899999618530273,2.309999942779541,1052000,1.521429419517517
2022-10-27,2.319999933242798,2.319999933242798,2.299999952316284,2.309999942779541,1037700,1.521429419517517
2022-10-28,2.309999942779541,2.319999933242798,2.2899999618530273,2.299999952316284,972000,1.514843225479126
2022-10-31,2.2899999618530273,2.299999952316284,2.25,2.2899999618530273,2044000,1.5082569122314453
2022-11-01,2.299999952316284,2.299999952316284,2.259999990463257,2.2899999618530273,970000,1.5082569122314453
2022-11-02,2.259999990463257,2.2799999713897705,2.2300000190734863,2.240000009536743,1668000,1.475325584411621
2022-11-03,2.2300000190734863,2.2300000190734863,2.2100000381469727,2.2200000286102295,1246000,1.4621530771255493
2022-11-04,2.2200000286102295,2.259999990463257,2.2200000286102295,2.2300000190734863,2136000,1.4687392711639404
2022-11-07,2.2200000286102295,2.2899999618530273,2.200000047683716,2.2899999618530273,1350000,1.5082569122314453
2022-11-08,2.2699999809265137,2.2899999618530273,2.259999990463257,2.2799999713897705,352000,1.5016708374023438
2022-11-09,2.259999990463257,2.2799999713897705,2.25,2.259999990463257,426000,1.4884982109069824
2022-11-10,2.240000009536743,2.259999990463257,2.2300000190734863,2.25,308000,1.4819116592407227
2022-11-11,2.2699999809265137,2.2799999713897705,2.2300000190734863,2.2699999809265137,476349,1.4950844049453735
2022-11-14,2.259999990463257,2.319999933242798,2.259999990463257,2.319999933242798,681400,1.5280156135559082
2022-11-15,2.309999942779541,2.3399999141693115,2.299999952316284,2.299999952316284,881358,1.514843225479126
2022-11-16,2.2899999618530273,2.380000114440918,2.2899999618530273,2.380000114440918,690000,1.5675336122512817
2022-11-17,2.359999895095825,2.4600000381469727,2.359999895095825,2.4200000762939453,817905,1.5938786268234253
2022-11-18,2.440000057220459,2.4600000381469727,2.380000114440918,2.440000057220459,1852000,1.607051134109497
2022-11-21,2.369999885559082,2.4700000286102295,2.369999885559082,2.440000057220459,410000,1.607051134109497
2022-11-22,2.430000066757202,2.5399999618530273,2.4100000858306885,2.5399999618530273,1424000,1.672913670539856
2022-11-23,2.5999999046325684,2.5999999046325684,2.5199999809265137,2.569999933242798,1016000,1.692672610282898
2022-11-24,2.569999933242798,2.619999885559082,2.559999942779541,2.5999999046325684,1540000,1.7124314308166504
2022-11-25,2.569999933242798,2.619999885559082,2.5399999618530273,2.609999895095825,1264000,1.7190176248550415
2022-11-28,2.5799999237060547,2.680000066757202,2.5799999237060547,2.680000066757202,1820000,1.7651218175888062
2022-11-29,2.6500000953674316,2.75,2.6500000953674316,2.7200000286102295,2166000,1.7914667129516602
2022-11-30,2.759999990463257,2.7699999809265137,2.690000057220459,2.75,3714000,1.8112257719039917
2022-12-01,2.75,2.7799999713897705,2.690000057220459,2.690000057220459,2756000,1.7717078924179077
2022-12-02,2.799999952316284,2.799999952316284,2.690000057220459,2.690000057220459,1408000,1.7717078924179077
2022-12-05,2.690000057220459,2.700000047683716,2.6500000953674316,2.6500000953674316,892000,1.7453627586364746
2022-12-06,2.5999999046325684,2.7300000190734863,2.5999999046325684,2.690000057220459,1386000,1.7717078924179077
2022-12-07,2.700000047683716,2.7100000381469727,2.640000104904175,2.640000104904175,504500,1.738776683807373
2022-12-08,2.630000114440918,2.6500000953674316,2.5999999046325684,2.619999885559082,410000,1.7256040573120117
2022-12-09,2.569999933242798,2.630000114440918,2.569999933242798,2.569999933242798,664000,1.692672610282898
2022-12-12,2.569999933242798,2.609999895095825,2.569999933242798,2.609999895095825,178000,1.7190176248550415
2022-12-13,2.5999999046325684,2.5999999046325684,2.559999942779541,2.5999999046325684,190000,1.7124314308166504
2022-12-14,2.5899999141693115,2.630000114440918,2.559999942779541,2.569999933242798,510000,1.692672610282898
2022-12-15,2.559999942779541,2.5899999141693115,2.549999952316284,2.5899999141693115,114000,1.7058452367782593
2022-12-16,2.5899999141693115,2.5899999141693115,2.549999952316284,2.559999942779541,390000,1.6860865354537964
2022-12-19,2.5399999618530273,2.5399999618530273,2.4700000286102295,2.4700000286102295,390000,1.6268099546432495
2022-12-20,2.4600000381469727,2.5,2.450000047683716,2.450000047683716,180000,1.6136372089385986
2022-12-21,2.450000047683716,2.5,2.450000047683716,2.4800000190734863,176000,1.6333965063095093
2022-12-22,2.5,2.5,2.450000047683716,2.450000047683716,142000,1.6136372089385986
2022-12-23,2.4600000381469727,2.5299999713897705,2.4600000381469727,2.490000009536743,548000,1.6399824619293213
2022-12-28,2.490000009536743,2.5399999618530273,2.490000009536743,2.5199999809265137,114800,1.6597412824630737
2022-12-29,2.509999990463257,2.509999990463257,2.490000009536743,2.5,394000,1.6465685367584229
2022-12-30,2.5,2.5399999618530273,2.490000009536743,2.5199999809265137,430000,1.6597412824630737
2023-01-03,2.5199999809265137,2.549999952316284,2.5,2.5,416000,1.6465685367584229
2023-01-04,2.5,2.5799999237060547,2.4800000190734863,2.5,950000,1.6465685367584229
2023-01-05,2.5399999618530273,2.559999942779541,2.5199999809265137,2.549999952316284,280194,1.6794999837875366
2023-01-06,2.549999952316284,2.549999952316284,2.509999990463257,2.509999990463257,270000,1.6531550884246826
2023-01-09,2.509999990463257,2.549999952316284,2.509999990463257,2.509999990463257,216000,1.6531550884246826
2023-01-10,2.5,2.549999952316284,2.5,2.5,74000,1.6465685367584229
2023-01-11,2.5299999713897705,2.5299999713897705,2.509999990463257,2.509999990463257,80000,1.6531550884246826
2023-01-12,2.5199999809265137,2.5799999237060547,2.509999990463257,2.569999933242798,464000,1.692672610282898
2023-01-13,2.559999942779541,2.5899999141693115,2.5399999618530273,2.5799999237060547,142000,1.6992589235305786
2023-01-16,2.569999933242798,2.609999895095825,2.5299999713897705,2.609999895095825,192000,1.7190176248550415
2023-01-17,2.5999999046325684,2.5999999046325684,2.549999952316284,2.549999952316284,54000,1.6794999837875366
2023-01-18,2.5399999618530273,2.5799999237060547,2.549999952316284,2.559999942779541,38116,1.6860865354537964
2023-01-19,2.619999885559082,2.619999885559082,2.559999942779541,2.5899999141693115,220000,1.7058452367782593
2023-01-20,2.5999999046325684,2.5999999046325684,2.5199999809265137,2.5899999141693115,1022000,1.7058452367782593
2023-01-26,2.5899999141693115,2.640000104904175,2.559999942779541,2.640000104904175,262135,1.738776683807373
2023-01-27,2.640000104904175,2.640000104904175,2.5999999046325684,2.640000104904175,180000,1.738776683807373
2023-01-30,2.609999895095825,2.690000057220459,2.5999999046325684,2.690000057220459,456000,1.7717078924179077
2023-01-31,2.5999999046325684,2.680000066757202,2.5,2.5799999237060547,1532000,1.6992589235305786
2023-02-01,2.5899999141693115,2.5899999141693115,2.549999952316284,2.559999942779541,172000,1.6860865354537964
2023-02-02,2.569999933242798,2.5999999046325684,2.569999933242798,2.5999999046325684,178000,1.7124314308166504
2023-02-03,2.5999999046325684,2.609999895095825,2.559999942779541,2.569999933242798,256000,1.692672610282898
2023-02-06,2.549999952316284,2.559999942779541,2.5399999618530273,2.549999952316284,106000,1.6794999837875366
2023-02-07,2.5799999237060547,2.5799999237060547,2.5799999237060547,2.5799999237060547,0,1.6992589235305786
2023-02-08,2.549999952316284,2.569999933242798,2.5199999809265137,2.569999933242798,442000,1.692672610282898
2023-02-09,2.5299999713897705,2.569999933242798,2.5199999809265137,2.569999933242798,182000,1.692672610282898
2023-02-10,2.559999942779541,2.559999942779541,2.5299999713897705,2.549999952316284,16000,1.6794999837875366
2023-02-13,2.5299999713897705,2.5299999713897705,2.4800000190734863,2.5199999809265137,204000,1.6597412824630737
2023-02-14,2.5299999713897705,2.549999952316284,2.5199999809265137,2.549999952316284,124000,1.6794999837875366
2023-02-15,2.549999952316284,2.549999952316284,2.490000009536743,2.490000009536743,270000,1.6399824619293213
2023-02-16,2.490000009536743,2.5199999809265137,2.490000009536743,2.5199999809265137,206000,1.6597412824630737
2023-02-17,2.5199999809265137,2.569999933242798,2.5199999809265137,2.549999952316284,660021,1.6794999837875366
2023-02-20,2.549999952316284,2.549999952316284,2.490000009536743,2.509999990463257,556016,1.6531550884246826
2023-02-21,2.5299999713897705,2.5399999618530273,2.4600000381469727,2.4700000286102295,506000,1.6268099546432495
2023-02-22,2.4600000381469727,2.5199999809265137,2.4600000381469727,2.4700000286102295,636000,1.6268099546432495
2023-02-23,2.4800000190734863,2.490000009536743,2.450000047683716,2.4700000286102295,270000,1.6268099546432495
2023-02-24,2.490000009536743,2.490000009536743,2.430000066757202,2.450000047683716,302000,1.6136372089385986
2023-02-27,2.440000057220459,2.4600000381469727,2.4000000953674316,2.4000000953674316,638000,1.5807058811187744
2023-02-28,2.4200000762939453,2.4700000286102295,2.4100000858306885,2.4600000381469727,156000,1.6202236413955688
2023-03-01,2.4700000286102295,2.5,2.4700000286102295,2.490000009536743,148000,1.6399824619293213
2023-03-02,2.5,2.5,2.4800000190734863,2.5,42000,1.6465685367584229
2023-03-03,2.5,2.5299999713897705,2.4700000286102295,2.5,188000,1.6465685367584229
2023-03-06,2.490000009536743,2.549999952316284,2.490000009536743,2.5,470000,1.6465685367584229
2023-03-07,2.5199999809265137,2.559999942779541,2.509999990463257,2.5299999713897705,738000,1.6663274765014648
2023-03-08,2.5199999809265137,2.549999952316284,2.5199999809265137,2.5299999713897705,392000,1.6663274765014648
2023-03-09,2.5399999618530273,2.559999942779541,2.5299999713897705,2.5399999618530273,306000,1.672913670539856
2023-03-10,2.5399999618530273,2.5399999618530273,2.490000009536743,2.5,338797,1.6465685367584229
2023-03-13,2.509999990463257,2.5399999618530273,2.490000009536743,2.5,158000,1.6465685367584229
2023-03-14,2.5,2.5,2.4700000286102295,2.4800000190734863,60000,1.6333965063095093
2023-03-15,2.4800000190734863,2.509999990463257,2.4800000190734863,2.4800000190734863,206000,1.6333965063095093
2023-03-16,2.4700000286102295,2.5299999713897705,2.450000047683716,2.509999990463257,516000,1.6531550884246826
2023-03-17,2.509999990463257,2.5199999809265137,2.4800000190734863,2.509999990463257,104000,1.6531550884246826
2023-03-20,2.509999990463257,2.5199999809265137,2.4600000381469727,2.4600000381469727,202000,1.6202236413955688
2023-03-21,2.4200000762939453,2.4700000286102295,2.4200000762939453,2.4600000381469727,126000,1.6202236413955688
2023-03-22,2.440000057220459,2.4800000190734863,2.440000057220459,2.4600000381469727,272000,1.6202236413955688
2023-03-23,2.450000047683716,2.5,2.440000057220459,2.5,132700,1.6465685367584229
2023-03-24,2.5,2.509999990463257,2.4700000286102295,2.509999990463257,150000,1.6531550884246826
2023-03-27,2.5,2.509999990463257,2.440000057220459,2.450000047683716,462000,1.6136372089385986
2023-03-28,2.4600000381469727,2.549999952316284,2.4600000381469727,2.5299999713897705,485908,1.6663274765014648
2023-03-29,2.5199999809265137,2.5399999618530273,2.5,2.5299999713897705,478681,1.6663274765014648
2023-03-30,2.5199999809265137,2.5199999809265137,2.4800000190734863,2.5,160286,1.6465685367584229
2023-03-31,2.509999990463257,2.5199999809265137,2.5,2.5,240000,1.6465685367584229
2023-04-03,2.4800000190734863,2.490000009536743,2.4700000286102295,2.4800000190734863,468000,1.6333965063095093
2023-04-04,2.4800000190734863,2.4800000190734863,2.4800000190734863,2.4800000190734863,0,1.6333965063095093
2023-04-06,2.4800000190734863,2.509999990463257,2.4700000286102295,2.4700000286102295,200000,1.6268099546432495
2023-04-11,2.490000009536743,2.509999990463257,2.4600000381469727,2.4700000286102295,602000,1.6268099546432495
2023-04-12,2.4700000286102295,2.5,2.4600000381469727,2.5,216000,1.6465685367584229
2023-04-13,2.5,2.490000009536743,2.4600000381469727,2.4700000286102295,122000,1.6268099546432495
2023-04-14,2.490000009536743,2.5,2.4700000286102295,2.4800000190734863,122000,1.6333965063095093
2023-04-17,2.4800000190734863,2.509999990463257,2.4800000190734863,2.509999990463257,168550,1.6531550884246826
2023-04-18,2.5,2.5,2.4700000286102295,2.4800000190734863,370000,1.6333965063095093
2023-04-19,2.4800000190734863,2.5,2.4800000190734863,2.490000009536743,452000,1.6399824619293213
2023-04-20,2.5,2.509999990463257,2.4800000190734863,2.490000009536743,1196000,1.6399824619293213
2023-04-21,2.490000009536743,2.5199999809265137,2.490000009536743,2.5,872000,1.6465685367584229
2023-04-24,2.5299999713897705,2.5299999713897705,2.4800000190734863,2.5,1812000,1.6465685367584229
2023-04-25,2.4800000190734863,2.5199999809265137,2.4700000286102295,2.4700000286102295,1554000,1.6268099546432495
2023-04-26,2.4700000286102295,2.490000009536743,2.4700000286102295,2.4700000286102295,94000,1.6268099546432495
2023-04-27,2.4700000286102295,2.490000009536743,2.4700000286102295,2.490000009536743,248300,1.6399824619293213
2023-04-28,2.490000009536743,2.5,2.4800000190734863,2.5,198000,1.6465685367584229
2023-05-02,2.5,2.6500000953674316,2.490000009536743,2.6500000953674316,5590400,1.7453627586364746
2023-05-03,2.6500000953674316,2.7100000381469727,2.640000104904175,2.6600000858306885,2394000,1.7519493103027344
2023-05-04,2.680000066757202,2.75,2.680000066757202,2.7100000381469727,2981800,1.784880518913269
2023-05-05,2.7200000286102295,2.7300000190734863,2.690000057220459,2.7200000286102295,1688000,1.7914667129516602
2023-05-08,2.700000047683716,2.7200000286102295,2.700000047683716,2.700000047683716,1482220,1.778294324874878
2023-05-09,2.7100000381469727,2.7300000190734863,2.690000057220459,2.700000047683716,1656000,1.778294324874878
2023-05-10,2.7100000381469727,2.7100000381469727,2.680000066757202,2.7100000381469727,1115580,1.784880518913269
2023-05-11,2.700000047683716,2.700000047683716,2.6600000858306885,2.6700000762939453,1050000,1.758535385131836
2023-05-12,2.680000066757202,2.690000057220459,2.619999885559082,2.630000114440918,1562000,1.7321902513504028
2023-05-15,2.640000104904175,2.680000066757202,2.630000114440918,2.680000066757202,558000,1.7651218175888062
2023-05-16,2.690000057220459,2.690000057220459,2.6700000762939453,2.680000066757202,396000,1.7651218175888062
2023-05-17,2.690000057220459,2.700000047683716,2.6700000762939453,2.6700000762939453,1718000,1.758535385131836
2023-05-18,2.690000057220459,2.700000047683716,2.6700000762939453,2.680000066757202,834000,1.7651218175888062
2023-05-19,2.690000057220459,2.690000057220459,2.6700000762939453,2.6700000762939453,400000,1.758535385131836
2023-05-22,2.680000066757202,2.680000066757202,2.6600000858306885,2.680000066757202,272000,1.7651218175888062
2023-05-23,2.680000066757202,2.680000066757202,2.640000104904175,2.6700000762939453,356000,1.758535385131836
2023-05-24,2.6500000953674316,2.6700000762939453,2.609999895095825,2.6700000762939453,1028000,1.758535385131836
2023-05-25,2.630000114440918,2.6700000762939453,2.630000114440918,2.640000104904175,374000,1.738776683807373
2023-05-29,2.640000104904175,2.6700000762939453,2.640000104904175,2.6600000858306885,364000,1.7519493103027344
2023-05-30,2.6600000858306885,2.6700000762939453,2.6600000858306885,2.6600000858306885,92000,1.7519493103027344
2023-05-31,2.640000104904175,2.640000104904175,2.569999933242798,2.569999933242798,802000,1.692672610282898
2023-06-01,2.630000114440918,2.6700000762939453,2.630000114440918,2.6500000953674316,432000,1.7453627586364746
2023-06-02,2.630000114440918,2.6700000762939453,2.609999895095825,2.609999895095825,1288000,1.7190176248550415
2023-06-05,2.4800000190734863,2.559999942779541,2.4800000190734863,2.559999942779541,867200,1.7638016939163208
2023-06-06,2.559999942779541,2.569999933242798,2.549999952316284,2.559999942779541,90000,1.7638016939163208
2023-06-07,2.5199999809265137,2.559999942779541,2.5199999809265137,2.5299999713897705,1380000,1.74313223361969
2023-06-08,2.549999952316284,2.559999942779541,2.5399999618530273,2.559999942779541,790000,1.7638016939163208
2023-06-09,2.559999942779541,2.559999942779541,2.5399999618530273,2.5399999618530273,348000,1.750022053718567
2023-06-12,2.5399999618530273,2.549999952316284,2.5199999809265137,2.5199999809265137,1308000,1.736242413520813
2023-06-13,2.5299999713897705,2.549999952316284,2.5,2.509999990463257,784000,1.7293527126312256
2023-06-14,2.5199999809265137,2.5299999713897705,2.490000009536743,2.490000009536743,230000,1.7155728340148926
2023-06-15,2.5,2.5299999713897705,2.4800000190734863,2.5299999713897705,1216000,1.74313223361969
2023-06-16,2.5399999618530273,2.559999942779541,2.490000009536743,2.5399999618530273,768000,1.750022053718567
2023-06-19,2.5199999809265137,2.5399999618530273,2.490000009536743,2.490000009536743,406000,1.7155728340148926
2023-06-20,2.490000009536743,2.509999990463257,2.450000047683716,2.5,320000,1.72246253490448
2023-06-21,2.5,2.509999990463257,2.4800000190734863,2.4800000190734863,386000,1.7086832523345947
2023-06-23,2.4800000190734863,2.5,2.4800000190734863,2.490000009536743,462000,1.7155728340148926
2023-06-26,2.549999952316284,2.549999952316284,2.4600000381469727,2.5,744000,1.72246253490448
2023-06-27,2.5299999713897705,2.5299999713897705,2.4700000286102295,2.4800000190734863,1046000,1.7086832523345947
2023-06-28,2.4800000190734863,2.509999990463257,2.4800000190734863,2.490000009536743,1736000,1.7155728340148926
2023-06-29,2.5199999809265137,2.5299999713897705,2.5199999809265137,2.5299999713897705,130000,1.74313223361969
2023-06-30,2.5299999713897705,2.5799999237060547,2.5199999809265137,2.549999952316284,694000,1.7569119930267334
2023-07-03,2.549999952316284,2.569999933242798,2.5399999618530273,2.5399999618530273,278000,1.750022053718567
2023-07-04,2.549999952316284,2.569999933242798,2.5399999618530273,2.559999942779541,328000,1.7638016939163208
2023-07-05,2.549999952316284,2.5799999237060547,2.549999952316284,2.549999952316284,540000,1.7569119930267334
2023-07-06,2.5899999141693115,2.5899999141693115,2.549999952316284,2.559999942779541,276000,1.7638016939163208
2023-07-07,2.559999942779541,2.569999933242798,2.549999952316284,2.549999952316284,58000,1.7569119930267334
2023-07-10,2.559999942779541,2.569999933242798,2.5399999618530273,2.5399999618530273,494000,1.750022053718567
2023-07-11,2.5399999618530273,2.5799999237060547,2.5399999618530273,2.569999933242798,120000,1.7706916332244873
2023-07-12,2.5799999237060547,2.5799999237060547,2.549999952316284,2.549999952316284,350000,1.7569119930267334
2023-07-13,2.930000066757202,2.9600000381469727,2.819999933242798,2.9000000953674316,4425339,1.9980566501617432
2023-07-14,2.930000066757202,2.930000066757202,2.7799999713897705,2.809999942779541,1872003,1.936047911643982
2023-07-18,2.799999952316284,2.8399999141693115,2.7799999713897705,2.7899999618530273,1466000,1.9222683906555176
2023-07-19,2.7899999618530273,2.859999895095825,2.7799999713897705,2.8499999046325684,1312000,1.9636074304580688
2023-07-20,2.8499999046325684,2.8499999046325684,2.8299999237060547,2.8499999046325684,280000,1.9636074304580688
2023-07-21,2.8299999237060547,2.869999885559082,2.8299999237060547,2.8499999046325684,816607,1.9636074304580688
2023-07-24,2.8499999046325684,2.890000104904175,2.8299999237060547,2.8499999046325684,1655000,1.9636074304580688
2023-07-25,2.859999895095825,2.9100000858306885,2.859999895095825,2.9000000953674316,2846000,1.9980566501617432
2023-07-26,2.890000104904175,3.109999895095825,2.890000104904175,3.0999999046325684,4946500,2.1358537673950195
2023-07-27,3.0999999046325684,3.190000057220459,3.0899999141693115,3.1600000858306885,2956038,2.1771926879882812
2023-07-28,3.1600000858306885,3.2300000190734863,3.109999895095825,3.2300000190734863,2512000,2.225421905517578
2023-07-31,3.25,3.319999933242798,3.2200000286102295,3.299999952316284,2618000,2.273650646209717
2023-08-01,3.319999933242798,3.3299999237060547,3.190000057220459,3.200000047683716,1825206,2.204752206802368
2023-08-02,3.200000047683716,3.2699999809265137,3.1600000858306885,3.240000009536743,1076000,2.232311725616455
2023-08-03,3.190000057220459,3.2300000190734863,3.1600000858306885,3.180000066757202,1020000,2.1909725666046143
2023-08-04,3.190000057220459,3.200000047683716,3.0899999141693115,3.1500000953674316,828000,2.1703031063079834
2023-08-07,3.1500000953674316,3.1500000953674316,3.0799999237060547,3.130000114440918,856232,2.1565234661102295
2023-08-08,3.0999999046325684,3.130000114440918,3.049999952316284,3.0899999141693115,700000,2.1289637088775635
2023-08-09,3.049999952316284,3.130000114440918,3.049999952316284,3.130000114440918,1134000,2.1565234661102295
2023-08-10,3.0899999141693115,3.3499999046325684,3.0899999141693115,3.3299999237060547,4102000,2.294320583343506
2023-08-11,3.369999885559082,3.4200000762939453,3.2799999713897705,3.2799999713897705,3310000,2.259871244430542
2023-08-14,3.2799999713897705,3.3299999237060547,3.2200000286102295,3.3299999237060547,1798000,2.294320583343506
2023-08-15,3.3299999237060547,3.3299999237060547,3.259999990463257,3.2699999809265137,434000,2.252981185913086
2023-08-16,3.2300000190734863,3.2899999618530273,3.2300000190734863,3.2699999809265137,554000,2.252981185913086
2023-08-17,3.2200000286102295,3.25,3.180000066757202,3.200000047683716,975000,2.204752206802368
2023-08-18,3.200000047683716,3.2899999618530273,3.200000047683716,3.2799999713897705,1398000,2.259871244430542
2023-08-21,3.240000009536743,3.299999952316284,3.2100000381469727,3.2200000286102295,2388000,2.218531847000122
2023-08-22,3.2300000190734863,3.2899999618530273,3.180000066757202,3.2899999618530273,3242000,2.266761064529419
2023-08-23,3.2799999713897705,3.2899999618530273,3.25,3.2799999713897705,1740000,2.259871244430542
2023-08-24,3.2799999713897705,3.2899999618530273,3.1500000953674316,3.180000066757202,1978000,2.1909725666046143
2023-08-25,3.200000047683716,3.259999990463257,3.200000047683716,3.2300000190734863,1432000,2.225421905517578
2023-08-28,3.2799999713897705,3.299999952316284,3.259999990463257,3.259999990463257,2010000,2.246091365814209
2023-08-29,3.2899999618530273,3.2899999618530273,3.25,3.2899999618530273,1647200,2.266761064529419
2023-08-30,3.2899999618530273,3.509999990463257,3.2899999618530273,3.359999895095825,5700034,2.3149898052215576
2023-08-31,3.380000114440918,3.380000114440918,3.2899999618530273,3.309999942779541,1778000,2.280540704727173
2023-09-04,3.2799999713897705,3.369999885559082,3.2200000286102295,3.359999895095825,1362006,2.3149898052215576
2023-09-05,3.3499999046325684,3.3499999046325684,3.309999942779541,3.319999933242798,548024,2.2874302864074707
2023-09-06,3.319999933242798,3.3399999141693115,3.299999952316284,3.3299999237060547,618000,2.294320583343506
2023-09-07,3.299999952316284,3.3399999141693115,3.299999952316284,3.3299999237060547,943576,2.294320583343506
2023-09-11,3.109999895095825,3.109999895095825,2.930000066757202,2.9800000190734863,1914000,2.2019565105438232
2023-09-12,2.9800000190734863,2.9800000190734863,2.940000057220459,2.9700000286102295,452000,2.1945674419403076
2023-09-13,3.0199999809265137,3.049999952316284,2.9800000190734863,3.0,634000,2.2167346477508545
2023-09-14,2.990000009536743,3.0,2.9000000953674316,2.990000009536743,1976000,2.209345817565918
2023-09-15,3.0,3.0899999141693115,2.9800000190734863,3.049999952316284,1344000,2.2536802291870117
2023-09-18,3.0299999713897705,3.0799999237060547,3.009999990463257,3.0799999237060547,526000,2.2758474349975586
2023-09-19,3.059999942779541,3.140000104904175,3.059999942779541,3.140000104904175,1284000,2.3201820850372314
2023-09-20,3.0999999046325684,3.140000104904175,3.0999999046325684,3.109999895095825,858000,2.2980148792266846
2023-09-21,3.0999999046325684,3.259999990463257,3.0999999046325684,3.259999990463257,2728000,2.4088516235351562
2023-09-22,3.25,3.3299999237060547,3.25,3.25,1326000,2.4014625549316406
2023-09-25,3.3299999237060547,3.390000104904175,3.2100000381469727,3.359999895095825,3944000,2.4827427864074707
2023-09-26,3.3299999237060547,3.430000066757202,3.309999942779541,3.4000000953674316,2280000,2.5122995376586914
2023-09-27,3.4000000953674316,3.440000057220459,3.2799999713897705,3.3399999141693115,2984800,2.4679644107818604
2023-09-28,3.3399999141693115,3.440000057220459,3.3299999237060547,3.430000066757202,1622000,2.5344667434692383
2023-09-29,3.450000047683716,3.450000047683716,3.3399999141693115,3.380000114440918,6406800,2.497521162033081
2023-10-03,3.299999952316284,3.369999885559082,3.2200000286102295,3.2899999618530273,4598000,2.4310190677642822
2023-10-04,3.2899999618530273,3.299999952316284,3.2300000190734863,3.2899999618530273,1096000,2.4310190677642822
2023-10-05,3.2699999809265137,3.2699999809265137,3.190000057220459,3.190000057220459,806605,2.3571276664733887
2023-10-06,3.190000057220459,3.2300000190734863,3.059999942779541,3.109999895095825,1246000,2.2980148792266846
2023-10-09,3.109999895095825,3.2699999809265137,3.109999895095825,3.2200000286102295,1262000,2.3792951107025146
2023-10-10,3.2200000286102295,3.3399999141693115,3.2200000286102295,3.2899999618530273,1026000,2.4310190677642822
2023-10-11,3.2799999713897705,3.2899999618530273,3.2300000190734863,3.2699999809265137,766000,2.416240692138672
2023-10-12,3.2799999713897705,3.319999933242798,3.200000047683716,3.259999990463257,1080000,2.4088516235351562
2023-10-13,3.2300000190734863,3.299999952316284,3.2200000286102295,3.2699999809265137,682000,2.416240692138672
2023-10-16,3.240000009536743,3.2699999809265137,3.0899999141693115,3.1500000953674316,1966000,2.327571153640747
2023-10-17,3.1500000953674316,3.190000057220459,3.109999895095825,3.1700000762939453,452000,2.3423495292663574
2023-10-18,3.1600000858306885,3.1700000762939453,3.059999942779541,3.0899999141693115,955871,2.283236503601074
2023-10-19,3.059999942779541,3.069999933242798,2.990000009536743,3.049999952316284,2668000,2.2536802291870117
2023-10-20,3.0799999237060547,3.0899999141693115,3.0399999618530273,3.069999933242798,750000,2.268458366394043
2023-10-24,3.0299999713897705,3.0999999046325684,3.0,3.069999933242798,400000,2.268458366394043
2023-10-25,3.0799999237060547,3.0999999046325684,3.0299999713897705,3.0999999046325684,644115,2.290625810623169
2023-10-26,3.0899999141693115,3.0999999046325684,3.0299999713897705,3.0299999713897705,530000,2.2389020919799805
2023-10-27,3.0299999713897705,3.0799999237060547,3.0199999809265137,3.069999933242798,282000,2.268458366394043
2023-10-30,3.0299999713897705,3.059999942779541,2.9800000190734863,2.990000009536743,358000,2.209345817565918
2023-10-31,2.9800000190734863,3.0,2.9200000762939453,2.9600000381469727,1650000,2.187178373336792
2023-11-01,2.930000066757202,2.990000009536743,2.9200000762939453,2.9600000381469727,918000,2.187178373336792
2023-11-02,3.0,3.0,2.9700000286102295,2.990000009536743,200000,2.209345817565918
2023-11-03,3.0,3.0899999141693115,2.9800000190734863,3.009999990463257,795800,2.22412371635437
2023-11-06,3.0,3.0,2.930000066757202,2.9600000381469727,796000,2.187178373336792
2023-11-07,2.940000057220459,2.950000047683716,2.890000104904175,2.950000047683716,851000,2.1797893047332764
2023-11-08,2.930000066757202,2.940000057220459,2.8499999046325684,2.869999885559082,658000,2.120676040649414
2023-11-09,2.8499999046325684,2.9100000858306885,2.809999942779541,2.809999942779541,1410000,2.076341390609741
2023-11-10,2.809999942779541,2.8499999046325684,2.799999952316284,2.8399999141693115,1060000,2.098508834838867
2023-11-13,2.8299999237060547,2.8499999046325684,2.799999952316284,2.8499999046325684,878000,2.105897903442383
2023-11-14,2.880000114440918,2.950000047683716,2.869999885559082,2.950000047683716,652000,2.1797893047332764
2023-11-15,2.9000000953674316,2.9600000381469727,2.9000000953674316,2.930000066757202,686000,2.165010929107666
2023-11-16,2.930000066757202,2.9700000286102295,2.9200000762939453,2.9200000762939453,86000,2.1576218605041504
2023-11-17,2.9200000762939453,2.930000066757202,2.890000104904175,2.9000000953674316,450000,2.14284348487854
2023-11-20,2.9000000953674316,2.9200000762939453,2.869999885559082,2.9100000858306885,358000,2.1502327919006348
2023-11-21,2.9000000953674316,2.9200000762939453,2.869999885559082,2.890000104904175,442000,2.1354544162750244
2023-11-22,2.869999885559082,2.869999885559082,2.7899999618530273,2.7899999618530273,1458000,2.06156325340271
2023-11-23,2.8299999237060547,2.8299999237060547,2.700000047683716,2.7699999809265137,2092000,2.0467851161956787
2023-11-24,2.7799999713897705,2.799999952316284,2.759999990463257,2.7799999713897705,1028000,2.0541739463806152
2023-11-27,2.7799999713897705,2.8299999237060547,2.7699999809265137,2.809999942779541,788388,2.076341390609741
2023-11-28,2.7699999809265137,2.819999933242798,2.7699999809265137,2.7799999713897705,490000,2.0541739463806152
2023-11-29,2.7799999713897705,2.7799999713897705,2.75,2.7799999713897705,1330000,2.0541739463806152
2023-11-30,2.759999990463257,2.8499999046325684,2.759999990463257,2.7899999618530273,1450000,2.06156325340271
2023-12-01,2.8299999237060547,2.8499999046325684,2.809999942779541,2.819999933242798,498000,2.083730459213257
2023-12-04,2.859999895095825,2.890000104904175,2.859999895095825,2.890000104904175,552000,2.1354544162750244
2023-12-05,2.890000104904175,3.0199999809265137,2.869999885559082,3.009999990463257,2284000,2.22412371635437
2023-12-06,3.009999990463257,3.059999942779541,2.9700000286102295,3.049999952316284,1054000,2.2536802291870117
2023-12-07,3.049999952316284,3.059999942779541,2.990000009536743,3.0399999618530273,658000,2.246291160583496
2023-12-08,3.0299999713897705,3.0399999618530273,3.009999990463257,3.009999990463257,310000,2.22412371635437
2023-12-11,3.0,3.0,2.930000066757202,2.930000066757202,606000,2.165010929107666
2023-12-12,2.950000047683716,2.990000009536743,2.930000066757202,2.950000047683716,488000,2.1797893047332764
2023-12-13,2.9600000381469727,2.990000009536743,2.940000057220459,2.9600000381469727,348000,2.187178373336792
2023-12-14,2.950000047683716,2.990000009536743,2.940000057220459,2.9600000381469727,1008000,2.187178373336792
2023-12-15,2.9700000286102295,3.0399999618530273,2.9700000286102295,3.0399999618530273,606388,2.246291160583496
2023-12-18,3.0199999809265137,3.130000114440918,3.0199999809265137,3.069999933242798,1486000,2.268458366394043
2023-12-19,3.069999933242798,3.069999933242798,2.990000009536743,3.0,434000,2.2167346477508545
2023-12-20,3.0,3.059999942779541,3.0,3.0299999713897705,378000,2.2389020919799805
2023-12-21,3.0,3.049999952316284,2.9700000286102295,3.0,506000,2.2167346477508545
2023-12-22,3.0,3.009999990463257,2.990000009536743,3.0,308000,2.2167346477508545
2023-12-27,2.9600000381469727,3.009999990463257,2.950000047683716,2.9600000381469727,1056000,2.187178373336792
2023-12-28,2.9700000286102295,3.009999990463257,2.9700000286102295,3.009999990463257,410000,2.22412371635437
2023-12-29,3.009999990463257,3.059999942779541,3.009999990463257,3.0399999618530273,392000,2.246291160583496
2024-01-02,3.0399999618530273,3.140000104904175,3.0399999618530273,3.119999885559082,985219,2.3054039478302
2024-01-03,3.119999885559082,3.190000057220459,3.119999885559082,3.180000066757202,553500,2.349738597869873
2024-01-04,3.180000066757202,3.2799999713897705,3.180000066757202,3.2699999809265137,1282000,2.416240692138672
2024-01-05,3.25,3.2899999618530273,3.200000047683716,3.2699999809265137,764180,2.416240692138672
2024-01-08,3.25,3.2799999713897705,3.130000114440918,3.1700000762939453,492000,2.3423495292663574
2024-01-09,3.180000066757202,3.2200000286102295,3.1700000762939453,3.1700000762939453,208000,2.3423495292663574
2024-01-10,3.2100000381469727,3.2100000381469727,3.119999885559082,3.1600000858306885,398000,2.3349602222442627
2024-01-11,3.1600000858306885,3.190000057220459,3.130000114440918,3.1600000858306885,274000,2.3349602222442627
2024-01-12,3.140000104904175,3.2799999713897705,3.140000104904175,3.2799999713897705,956000,2.4236299991607666
2024-01-15,3.2200000286102295,3.3299999237060547,3.2200000286102295,3.299999952316284,1274000,2.438408136367798
2024-01-16,3.3299999237060547,3.3399999141693115,3.259999990463257,3.2799999713897705,622000,2.4236299991607666
2024-01-17,3.2300000190734863,3.2300000190734863,3.1500000953674316,3.1500000953674316,798000,2.327571153640747
2024-01-18,3.1500000953674316,3.259999990463257,3.119999885559082,3.240000009536743,694000,2.394073486328125
2024-01-19,3.240000009536743,3.240000009536743,3.1700000762939453,3.2100000381469727,492000,2.371906042098999
2024-01-22,3.2100000381469727,3.299999952316284,3.059999942779541,3.0899999141693115,1144000,2.283236503601074
2024-01-23,3.0999999046325684,3.200000047683716,3.0999999046325684,3.140000104904175,662000,2.3201820850372314
2024-01-24,3.1600000858306885,3.2699999809265137,3.1600000858306885,3.2100000381469727,864000,2.371906042098999
2024-01-25,3.259999990463257,3.2899999618530273,3.25,3.2899999618530273,778000,2.4310190677642822
2024-01-26,3.2300000190734863,3.359999895095825,3.2300000190734863,3.309999942779541,1366000,2.4457972049713135
2024-01-29,3.319999933242798,3.359999895095825,3.2899999618530273,3.359999895095825,706000,2.4827427864074707
2024-01-30,3.299999952316284,3.3299999237060547,3.259999990463257,3.2699999809265137,558000,2.416240692138672
2024-01-31,3.299999952316284,3.440000057220459,3.299999952316284,3.4000000953674316,2124000,2.5122995376586914
2024-02-01,3.4000000953674316,3.569999933242798,3.4000000953674316,3.549999952316284,4396970,2.623136281967163
2024-02-02,3.5799999237060547,3.5999999046325684,3.5199999809265137,3.559999942779541,2064000,2.6305251121520996
2024-02-05,3.5199999809265137,3.5799999237060547,3.440000057220459,3.559999942779541,2086000,2.6305251121520996
2024-02-06,3.5799999237060547,3.5999999046325684,3.440000057220459,3.5799999237060547,2569823,2.64530348777771
2024-02-07,3.5999999046325684,3.6500000953674316,3.5299999713897705,3.609999895095825,1232644,2.667470693588257
2024-02-08,3.5999999046325684,3.609999895095825,3.5399999618530273,3.5999999046325684,552000,2.660081624984741
2024-02-09,3.5,3.5,3.2799999713897705,3.440000057220459,2776000,2.541856050491333
2024-02-14,3.450000047683716,3.450000047683716,3.25,3.380000114440918,2094000,2.497521162033081
2024-02-15,3.3299999237060547,3.369999885559082,3.299999952316284,3.3499999046325684,600000,2.475353717803955
2024-02-16,3.390000104904175,3.4200000762939453,3.369999885559082,3.4200000762939453,926000,2.5270776748657227
2024-02-19,3.390000104904175,3.569999933242798,3.380000114440918,3.569999933242798,3170000,2.6379144191741943
2024-02-20,3.5399999618530273,3.559999942779541,3.440000057220459,3.5,1191500,2.586190700531006
2024-02-21,3.4600000381469727,3.5999999046325684,3.440000057220459,3.5,2074000,2.586190700531006
2024-02-22,3.5,3.5299999713897705,3.430000066757202,3.5,1614000,2.586190700531006
2024-02-23,3.509999990463257,3.509999990463257,3.440000057220459,3.450000047683716,1046000,2.5492448806762695
2024-02-26,3.4700000286102295,3.4700000286102295,3.390000104904175,3.4000000953674316,524000,2.5122995376586914
2024-02-27,3.4000000953674316,3.5,3.3499999046325684,3.440000057220459,1136000,2.541856050491333
2024-02-28,3.549999952316284,3.640000104904175,3.5,3.5,5274000,2.586190700531006
2024-02-29,3.5,3.5999999046325684,3.490000009536743,3.490000009536743,1614000,2.578801393508911
2024-03-01,3.4800000190734863,3.4800000190734863,3.4200000762939453,3.4600000381469727,754000,2.5566341876983643
2024-03-04,3.490000009536743,3.559999942779541,3.4600000381469727,3.490000009536743,1306000,2.578801393508911
2024-03-05,3.4700000286102295,3.5,3.430000066757202,3.4600000381469727,1125000,2.5566341876983643
2024-03-06,3.4600000381469727,3.509999990463257,3.450000047683716,3.490000009536743,674000,2.578801393508911
2024-03-07,3.490000009536743,3.640000104904175,3.4600000381469727,3.640000104904175,2680000,2.689638376235962
2024-03-08,3.5999999046325684,3.680000066757202,3.569999933242798,3.6700000762939453,2346000,2.711805582046509
2024-03-11,3.690000057220459,3.7799999713897705,3.5999999046325684,3.7699999809265137,3100000,2.785696506500244
2024-03-12,3.7699999809265137,3.7699999809265137,3.6500000953674316,3.6700000762939453,1920000,2.711805582046509
2024-03-13,3.6700000762939453,3.7200000286102295,3.6600000858306885,3.700000047683716,874000,2.7339727878570557
2024-03-14,3.75,3.7699999809265137,3.6600000858306885,3.700000047683716,524000,2.7339727878570557
2024-03-15,3.700000047683716,3.7300000190734863,3.5799999237060547,3.700000047683716,1100000,2.7339727878570557
2024-03-18,3.700000047683716,3.7300000190734863,3.6700000762939453,3.680000066757202,994000,2.7191946506500244
2024-03-19,3.700000047683716,3.700000047683716,3.609999895095825,3.700000047683716,798000,2.7339727878570557
2024-03-20,3.6600000858306885,3.6600000858306885,3.5999999046325684,3.619999885559082,644000,2.6748600006103516
2024-03-21,3.619999885559082,3.630000114440918,3.509999990463257,3.5899999141693115,1650077,2.6526925563812256
2024-03-22,3.5899999141693115,3.5899999141693115,3.4800000190734863,3.549999952316284,1492000,2.623136281967163
2024-03-25,3.5799999237060547,3.5799999237060547,3.4800000190734863,3.4800000190734863,898000,2.5714123249053955
2024-03-26,3.509999990463257,3.509999990463257,3.3399999141693115,3.4100000858306885,3884000,2.519688367843628
2024-03-27,3.5,3.5999999046325684,3.430000066757202,3.4600000381469727,4490000,2.5566341876983643
2024-03-28,3.4700000286102295,3.4800000190734863,3.359999895095825,3.359999895095825,14298000,2.4827427864074707
2024-04-02,3.359999895095825,3.549999952316284,3.319999933242798,3.4600000381469727,3758030,2.5566341876983643
2024-04-03,3.4600000381469727,3.640000104904175,3.4600000381469727,3.549999952316284,1611871,2.623136281967163
2024-04-05,3.5299999713897705,3.630000114440918,3.4800000190734863,3.569999933242798,1614000,2.6379144191741943
2024-04-08,3.5999999046325684,3.6600000858306885,3.549999952316284,3.5799999237060547,624000,2.64530348777771
2024-04-09,3.5999999046325684,3.6600000858306885,3.569999933242798,3.6500000953674316,744000,2.6970274448394775
2024-04-10,3.6500000953674316,3.680000066757202,3.619999885559082,3.630000114440918,742000,2.682249069213867
2024-04-11,3.6600000858306885,3.700000047683716,3.6500000953674316,3.680000066757202,1192000,2.7191946506500244
2024-04-12,3.680000066757202,3.690000057220459,3.630000114440918,3.6600000858306885,1372000,2.704416513442993
2024-04-15,3.5999999046325684,3.6700000762939453,3.549999952316284,3.569999933242798,712000,2.6379144191741943
2024-04-16,3.549999952316284,3.630000114440918,3.509999990463257,3.569999933242798,1172000,2.6379144191741943
2024-04-17,3.5999999046325684,3.700000047683716,3.5999999046325684,3.690000057220459,1440000,2.72658371925354
2024-04-18,3.690000057220459,3.690000057220459,3.609999895095825,3.6700000762939453,1000000,2.711805582046509
2024-04-19,3.630000114440918,3.6600000858306885,3.609999895095825,3.609999895095825,426000,2.667470693588257
2024-04-22,3.6500000953674316,3.6700000762939453,3.609999895095825,3.630000114440918,1716000,2.682249069213867
2024-04-23,3.609999895095825,3.680000066757202,3.609999895095825,3.609999895095825,940000,2.667470693588257
2024-04-24,3.630000114440918,3.6500000953674316,3.619999885559082,3.640000104904175,498000,2.689638376235962
2024-04-25,3.640000104904175,3.6700000762939453,3.619999885559082,3.6600000858306885,734000,2.704416513442993
2024-04-26,3.680000066757202,3.75,3.6600000858306885,3.680000066757202,1036000,2.7191946506500244
2024-04-29,3.6500000953674316,3.7100000381469727,3.619999885559082,3.640000104904175,1078000,2.689638376235962
2024-04-30,3.6600000858306885,3.7200000286102295,3.6600000858306885,3.700000047683716,2055000,2.7339727878570557
2024-05-02,3.700000047683716,3.7100000381469727,3.6600000858306885,3.690000057220459,797990,2.72658371925354
2024-05-03,3.690000057220459,3.7200000286102295,3.6700000762939453,3.680000066757202,858000,2.7191946506500244
2024-05-06,3.680000066757202,3.7200000286102295,3.6500000953674316,3.690000057220459,932582,2.72658371925354
2024-05-07,3.690000057220459,3.740000009536743,3.690000057220459,3.7200000286102295,1154000,2.748750925064087
2024-05-08,3.7300000190734863,3.7300000190734863,3.6500000953674316,3.680000066757202,866000,2.7191946506500244
2024-05-09,3.680000066757202,3.7200000286102295,3.680000066757202,3.690000057220459,810000,2.72658371925354
2024-05-10,3.700000047683716,3.9100000858306885,3.690000057220459,3.8299999237060547,7596116,2.830030918121338
2024-05-13,3.8299999237060547,3.9000000953674316,3.8299999237060547,3.869999885559082,1720000,2.8595874309539795
2024-05-14,3.869999885559082,3.890000104904175,3.8299999237060547,3.859999895095825,1354000,2.852198362350464
2024-05-16,3.869999885559082,3.930000066757202,3.7799999713897705,3.809999942779541,2054000,2.8152527809143066
2024-05-17,3.809999942779541,3.809999942779541,3.7699999809265137,3.7799999713897705,638000,2.7930855751037598
2024-05-20,3.7899999618530273,3.799999952316284,3.7200000286102295,3.75,1675936,2.770918369293213
2024-05-21,3.75,3.809999942779541,3.740000009536743,3.7699999809265137,999996,2.785696506500244
2024-05-22,3.759999990463257,3.880000114440918,3.759999990463257,3.859999895095825,1487625,2.852198362350464
2024-05-23,3.859999895095825,3.859999895095825,3.809999942779541,3.859999895095825,1372803,2.852198362350464
2024-05-24,3.859999895095825,3.9000000953674316,3.799999952316284,3.799999952316284,1182000,2.807863712310791
2024-05-27,3.809999942779541,3.9200000762939453,3.809999942779541,3.880000114440918,1602000,2.8669769763946533
2024-05-28,3.9200000762939453,4.0,3.9100000858306885,3.9200000762939453,3726000,2.896533250808716
2024-05-29,3.9200000762939453,3.9700000286102295,3.9000000953674316,3.930000066757202,1676000,2.9039223194122314
2024-05-30,3.940000057220459,3.940000057220459,3.859999895095825,3.9200000762939453,1060000,2.896533250808716
2024-05-31,3.9200000762939453,4.0,3.869999885559082,3.9600000381469727,3306000,2.9260895252227783
2024-06-03,4.0,4.179999828338623,3.9600000381469727,4.130000114440918,6072000,3.0517048835754395
2024-06-04,4.070000171661377,4.159999847412109,4.059999942779541,4.119999885559082,1762000,3.0443153381347656
2024-06-05,4.139999866485596,4.179999828338623,4.070000171661377,4.099999904632568,2548800,3.0295374393463135
2024-06-06,4.039999961853027,4.039999961853027,3.869999885559082,3.869999885559082,3424000,2.9870851039886475
2024-06-07,3.869999885559082,4.050000190734863,3.869999885559082,4.03000020980835,2102000,3.1105823516845703
2024-06-11,3.950000047683716,4.059999942779541,3.880000114440918,3.890000104904175,2504000,3.0025224685668945
2024-06-12,3.9200000762939453,3.940000057220459,3.880000114440918,3.9000000953674316,838000,3.0102410316467285
2024-06-13,3.859999895095825,3.950000047683716,3.859999895095825,3.9200000762939453,1032000,3.0256779193878174
2024-06-14,3.9100000858306885,3.950000047683716,3.869999885559082,3.9000000953674316,618000,3.0102410316467285
2024-06-17,3.9000000953674316,3.9000000953674316,3.759999990463257,3.8399999141693115,1580000,2.9639294147491455
2024-06-18,3.8499999046325684,3.869999885559082,3.809999942779541,3.8299999237060547,674000,2.9562108516693115
2024-06-19,3.819999933242798,3.930000066757202,3.819999933242798,3.9000000953674316,832000,3.0102410316467285
2024-06-20,3.9200000762939453,3.9200000762939453,3.859999895095825,3.869999885559082,790000,2.9870851039886475
2024-06-21,3.859999895095825,3.869999885559082,3.7699999809265137,3.819999933242798,1606000,2.9484925270080566
2024-06-24,3.819999933242798,3.819999933242798,3.7100000381469727,3.75,829564,2.8944623470306396
2024-06-25,3.75,3.809999942779541,3.740000009536743,3.7799999713897705,580000,2.9176180362701416
2024-06-26,3.7699999809265137,3.7899999618530273,3.680000066757202,3.700000047683716,992000,2.8558695316314697
2024-06-27,3.700000047683716,3.700000047683716,3.6600000858306885,3.680000066757202,644000,2.840432643890381
2024-06-28,3.6700000762939453,3.890000104904175,3.6700000762939453,3.809999942779541,2289000,2.9407739639282227
2024-07-02,3.819999933242798,3.9600000381469727,3.819999933242798,3.930000066757202,1586000,3.0333964824676514
2024-07-03,3.930000066757202,3.9800000190734863,3.9000000953674316,3.9100000858306885,1366000,3.0179595947265625
2024-07-04,3.930000066757202,3.950000047683716,3.869999885559082,3.880000114440918,370000,2.9948041439056396
2024-07-05,3.869999885559082,3.890000104904175,3.799999952316284,3.8299999237060547,584000,2.9562108516693115
2024-07-08,3.799999952316284,3.8499999046325684,3.75,3.799999952316284,992000,2.9330551624298096
2024-07-09,3.799999952316284,3.819999933242798,3.7699999809265137,3.819999933242798,372000,2.9484925270080566
2024-07-10,3.819999933242798,3.8299999237060547,3.759999990463257,3.759999990463257,832000,2.9021809101104736
2024-07-11,3.7899999618530273,3.8399999141693115,3.759999990463257,3.8399999141693115,366000,2.9639294147491455
2024-07-12,3.8399999141693115,3.8399999141693115,3.7799999713897705,3.819999933242798,1058000,2.9484925270080566
2024-07-15,3.8299999237060547,3.8299999237060547,3.759999990463257,3.799999952316284,398000,2.9330551624298096
2024-07-16,3.799999952316284,3.799999952316284,3.740000009536743,3.740000009536743,762000,2.8867440223693848
2024-07-17,3.75,3.75,3.6600000858306885,3.7300000190734863,1284000,2.879025459289551
2024-07-18,3.7899999618530273,3.7899999618530273,3.680000066757202,3.7699999809265137,814000,2.9098997116088867
2024-07-19,3.740000009536743,3.740000009536743,3.6600000858306885,3.680000066757202,1462000,2.840432643890381
2024-07-22,3.6500000953674316,3.7300000190734863,3.6500000953674316,3.7300000190734863,956000,2.879025459289551
2024-07-23,3.680000066757202,3.700000047683716,3.6700000762939453,3.6700000762939453,590000,2.832714080810547
2024-07-24,3.680000066757202,3.7100000381469727,3.680000066757202,3.690000057220459,318000,2.848151206970215
2024-07-25,3.6600000858306885,3.690000057220459,3.6500000953674316,3.6600000858306885,2518000,2.824995517730713
2024-07-26,3.6500000953674316,3.7100000381469727,3.6500000953674316,3.680000066757202,330000,2.840432643890381
2024-07-29,3.680000066757202,3.7100000381469727,3.6700000762939453,3.690000057220459,590000,2.848151206970215
2024-07-30,3.6700000762939453,3.690000057220459,3.6500000953674316,3.6500000953674316,352000,2.817276954650879
2024-07-31,3.6500000953674316,3.700000047683716,3.6500000953674316,3.700000047683716,548400,2.8558695316314697
2024-08-01,3.690000057220459,3.700000047683716,3.6700000762939453,3.6700000762939453,182000,2.832714080810547
2024-08-02,3.6700000762939453,3.690000057220459,3.6500000953674316,3.6600000858306885,590000,2.824995517730713
2024-08-05,3.6500000953674316,3.6500000953674316,3.450000047683716,3.5299999713897705,2856000,2.724654197692871
2024-08-06,3.5299999713897705,3.5799999237060547,3.509999990463257,3.5799999237060547,318000,2.763247013092041
2024-08-07,3.5999999046325684,3.5999999046325684,3.5399999618530273,3.549999952316284,964000,2.740091323852539
2024-08-08,3.549999952316284,3.569999933242798,3.450000047683716,3.5299999713897705,1563004,2.724654197692871
2024-08-09,3.5299999713897705,3.630000114440918,3.5299999713897705,3.5999999046325684,410000,2.778684139251709
2024-08-12,3.5999999046325684,3.609999895095825,3.549999952316284,3.549999952316284,294000,2.740091323852539
2024-08-13,3.559999942779541,3.5999999046325684,3.5399999618530273,3.5999999046325684,276000,2.778684139251709
2024-08-14,3.5799999237060547,3.5999999046325684,3.569999933242798,3.569999933242798,220000,2.755528450012207
2024-08-15,3.5999999046325684,3.6700000762939453,3.5999999046325684,3.6600000858306885,584000,2.824995517730713
2024-08-16,3.640000104904175,3.680000066757202,3.609999895095825,3.630000114440918,496000,2.801839828491211
2024-08-19,3.6700000762939453,3.700000047683716,3.6500000953674316,3.6500000953674316,264000,2.817276954650879
2024-08-20,3.630000114440918,3.630000114440918,3.5799999237060547,3.619999885559082,334000,2.794121026992798
2024-08-21,3.619999885559082,3.6600000858306885,3.609999895095825,3.6600000858306885,786000,2.824995517730713
2024-08-22,3.680000066757202,3.680000066757202,3.619999885559082,3.6600000858306885,432000,2.824995517730713
2024-08-23,3.6500000953674316,4.0,3.630000114440918,3.990000009536743,5988000,3.0797078609466553
2024-08-26,4.03000020980835,4.28000020980835,4.059999942779541,4.269999980926514,7634000,3.295827627182007
2024-08-27,4.349999904632568,4.400000095367432,4.260000228881836,4.389999866485596,5232000,3.388450860977173
2024-08-28,4.360000133514404,4.400000095367432,4.300000190734863,4.360000133514404,878000,3.365295171737671
2024-08-29,4.360000133514404,4.360000133514404,4.28000020980835,4.329999923706055,1234000,3.34213924407959
2024-08-30,4.380000114440918,4.53000020980835,4.329999923706055,4.400000095367432,3629698,3.396169424057007
2024-09-02,4.420000076293945,4.46999979019165,4.400000095367432,4.46999979019165,1186000,3.4501993656158447
2024-09-03,4.440000057220459,4.449999809265137,4.380000114440918,4.440000057220459,1622000,3.4270436763763428
2024-09-04,4.380000114440918,4.400000095367432,4.340000152587891,4.389999866485596,1492000,3.388450860977173
2024-09-05,4.119999885559082,4.139999866485596,3.9100000858306885,4.050000190734863,1448000,3.326842784881592
2024-09-09,4.0,4.119999885559082,3.9600000381469727,4.110000133514404,3556194,3.376129388809204
2024-09-10,4.050000190734863,4.139999866485596,4.019999980926514,4.019999980926514,1252000,3.302199363708496
2024-09-11,4.099999904632568,4.099999904632568,4.0,4.050000190734863,1240000,3.326842784881592
2024-09-12,4.079999923706055,4.079999923706055,3.950000047683716,3.9800000190734863,972000,3.269341468811035
2024-09-13,3.9600000381469727,4.03000020980835,3.9600000381469727,4.03000020980835,873164,3.3104138374328613
2024-09-16,4.03000020980835,4.070000171661377,3.990000009536743,4.039999961853027,736000,3.3186280727386475
2024-09-17,4.079999923706055,4.079999923706055,4.010000228881836,4.050000190734863,906000,3.326842784881592
2024-09-19,4.039999961853027,4.070000171661377,4.0,4.010000228881836,886000,3.293984889984131
2024-09-20,4.019999980926514,4.050000190734863,3.9800000190734863,4.039999961853027,978000,3.3186280727386475
2024-09-23,4.039999961853027,4.059999942779541,4.0,4.0,1317960,3.2857704162597656
2024-09-24,4.050000190734863,4.130000114440918,4.03000020980835,4.090000152587891,2768977,3.3597004413604736
2024-09-25,4.090000152587891,4.21999979019165,4.090000152587891,4.139999866485596,2238400,3.4007723331451416
2024-09-26,4.179999828338623,4.190000057220459,4.079999923706055,4.130000114440918,2266000,3.3925580978393555
2024-09-27,4.130000114440918,4.150000095367432,4.0,4.010000228881836,2928000,3.293984889984131
2024-09-30,4.050000190734863,4.119999885559082,4.0,4.059999942779541,5014000,3.335057020187378
2024-10-02,4.090000152587891,4.210000038146973,4.059999942779541,4.159999847412109,3557996,3.417201280593872
2024-10-03,4.159999847412109,4.159999847412109,4.019999980926514,4.090000152587891,1754000,3.3597004413604736
2024-10-04,4.099999904632568,4.210000038146973,4.099999904632568,4.130000114440918,1306000,3.3925580978393555
2024-10-07,4.139999866485596,4.340000152587891,4.139999866485596,4.320000171661377,2320198,3.5486321449279785
2024-10-08,4.440000057220459,4.449999809265137,4.110000133514404,4.119999885559082,3222000,3.384343385696411
2024-10-09,4.239999771118164,4.239999771118164,4.059999942779541,4.130000114440918,2972000,3.3925580978393555
2024-10-10,4.380000114440918,4.380000114440918,4.179999828338623,4.25,1358342,3.49113130569458
2024-10-14,4.349999904632568,4.420000076293945,4.210000038146973,4.400000095367432,1546000,3.6143476963043213
2024-10-15,4.360000133514404,4.400000095367432,4.269999980926514,4.329999923706055,1336000,3.5568463802337646
2024-10-16,4.349999904632568,4.440000057220459,4.329999923706055,4.360000133514404,1656000,3.5814900398254395
2024-10-17,4.380000114440918,4.389999866485596,4.25,4.300000190734863,1874000,3.532203435897827
2024-10-18,4.25,4.440000057220459,4.25,4.429999828338623,1402000,3.638990879058838
2024-10-21,4.420000076293945,4.5,4.389999866485596,4.420000076293945,1258000,3.6307764053344727
2024-10-22,4.429999828338623,4.460000038146973,4.369999885559082,4.389999866485596,512000,3.606133222579956
2024-10-23,4.389999866485596,4.400000095367432,4.329999923706055,4.349999904632568,548342,3.573275327682495
2024-10-24,4.320000171661377,4.320000171661377,4.260000228881836,4.309999942779541,932000,3.5404176712036133
2024-10-25,4.309999942779541,4.320000171661377,4.269999980926514,4.309999942779541,690000,3.5404176712036133
2024-10-28,4.300000190734863,4.309999942779541,4.25,4.28000020980835,472000,3.5157744884490967
2024-10-29,4.28000020980835,4.28000020980835,4.190000057220459,4.21999979019165,1644000,3.4664876461029053
2024-10-30,4.21999979019165,4.260000228881836,4.190000057220459,4.210000038146973,670000,3.458273410797119
2024-10-31,4.21999979019165,4.329999923706055,4.190000057220459,4.289999961853027,1150000,3.523988962173462
2024-11-01,4.269999980926514,4.400000095367432,4.269999980926514,4.360000133514404,894000,3.5814900398254395
2024-11-04,4.369999885559082,4.369999885559082,4.300000190734863,4.320000171661377,586000,3.5486321449279785
2024-11-05,4.320000171661377,4.320000171661377,4.28000020980835,4.289999961853027,750000,3.523988962173462
2024-11-06,4.340000152587891,4.340000152587891,4.21999979019165,4.25,1074118,3.49113130569458
2024-11-07,4.21999979019165,4.25,4.199999809265137,4.25,1114117,3.49113130569458
2024-11-08,4.239999771118164,4.349999904632568,4.170000076293945,4.199999809265137,2960000,3.450058937072754
2024-11-11,4.179999828338623,4.179999828338623,4.099999904632568,4.110000133514404,2236000,3.376129388809204
2024-11-12,4.130000114440918,4.130000114440918,4.039999961853027,4.079999923706055,1896000,3.3514859676361084
2024-11-13,4.059999942779541,4.119999885559082,4.039999961853027,4.110000133514404,474000,3.376129388809204
2024-11-14,4.099999904632568,4.130000114440918,4.059999942779541,4.079999923706055,1174800,3.3514859676361084
2024-11-15,4.059999942779541,4.199999809265137,4.059999942779541,4.170000076293945,1240000,3.4254159927368164
2024-11-18,4.170000076293945,4.199999809265137,4.150000095367432,4.170000076293945,845000,3.4254159927368164
2024-11-19,4.190000057220459,4.190000057220459,4.110000133514404,4.150000095367432,1638000,3.408987045288086
2024-11-20,4.150000095367432,4.170000076293945,4.119999885559082,4.170000076293945,768000,3.4254159927368164
2024-11-21,4.119999885559082,4.190000057220459,4.110000133514404,4.119999885559082,442000,3.384343385696411
2024-11-22,4.139999866485596,4.139999866485596,4.070000171661377,4.079999923706055,586000,3.3514859676361084
2024-11-25,4.099999904632568,4.130000114440918,4.050000190734863,4.079999923706055,502000,3.3514859676361084
2024-11-26,4.099999904632568,4.110000133514404,4.059999942779541,4.059999942779541,346000,3.335057020187378
2024-11-27,4.039999961853027,4.099999904632568,4.019999980926514,4.050000190734863,474000,3.326842784881592
2024-11-28,4.039999961853027,4.059999942779541,4.03000020980835,4.050000190734863,112000,3.326842784881592
2024-11-29,4.03000020980835,4.059999942779541,4.03000020980835,4.03000020980835,576000,3.3104138374328613
2024-12-02,4.03000020980835,4.050000190734863,4.03000020980835,4.03000020980835,332000,3.3104138374328613
2024-12-03,4.050000190734863,4.110000133514404,4.050000190734863,4.090000152587891,1124000,3.3597004413604736
2024-12-04,4.079999923706055,4.150000095367432,4.079999923706055,4.090000152587891,576000,3.3597004413604736
2024-12-05,4.079999923706055,4.099999904632568,4.059999942779541,4.079999923706055,624000,3.3514859676361084
2024-12-06,4.059999942779541,4.119999885559082,4.03000020980835,4.110000133514404,750000,3.376129388809204
2024-12-09,4.110000133514404,4.170000076293945,4.110000133514404,4.159999847412109,726000,3.417201280593872
2024-12-10,4.199999809265137,4.239999771118164,4.139999866485596,4.159999847412109,848077,3.417201280593872
2024-12-11,4.199999809265137,4.21999979019165,4.170000076293945,4.210000038146973,482000,3.458273410797119
2024-12-12,4.210000038146973,4.269999980926514,4.210000038146973,4.25,2178000,3.49113130569458
2024-12-13,4.25,4.25,4.170000076293945,4.210000038146973,818000,3.458273410797119
2024-12-16,4.21999979019165,4.21999979019165,4.150000095367432,4.190000057220459,674000,3.4418444633483887
2024-12-17,4.190000057220459,4.230000019073486,4.179999828338623,4.199999809265137,398000,3.450058937072754
2024-12-18,4.210000038146973,4.21999979019165,4.199999809265137,4.210000038146973,476000,3.458273410797119
2024-12-19,4.190000057220459,4.230000019073486,4.159999847412109,4.170000076293945,324000,3.4254159927368164
2024-12-20,4.150000095367432,4.199999809265137,4.130000114440918,4.159999847412109,786000,3.417201280593872
2024-12-23,4.130000114440918,4.199999809265137,4.130000114440918,4.199999809265137,202000,3.450058937072754
2024-12-24,4.210000038146973,4.210000038146973,4.210000038146973,4.210000038146973,0,3.458273410797119
2024-12-27,4.210000038146973,4.25,4.170000076293945,4.21999979019165,496000,3.4664876461029053
2024-12-30,4.230000019073486,4.289999961853027,4.230000019073486,4.28000020980835,536000,3.5157744884490967
2024-12-31,4.269999980926514,4.269999980926514,4.269999980926514,4.269999980926514,0,3.5075597763061523
2025-01-02,4.260000228881836,4.260000228881836,4.21999979019165,4.239999771118164,588000,3.4829161167144775
2025-01-03,4.239999771118164,4.260000228881836,4.199999809265137,4.199999809265137,384016,3.450058937072754
2025-01-06,4.199999809265137,4.21999979019165,4.190000057220459,4.199999809265137,422000,3.450058937072754
2025-01-07,4.190000057220459,4.190000057220459,4.150000095367432,4.159999847412109,390000,3.417201280593872
2025-01-08,4.159999847412109,4.170000076293945,4.119999885559082,4.139999866485596,1263009,3.4007723331451416
2025-01-09,4.110000133514404,4.150000095367432,4.099999904632568,4.119999885559082,848000,3.384343385696411
2025-01-10,4.139999866485596,4.139999866485596,4.079999923706055,4.079999923706055,630000,3.3514859676361084
2025-01-13,4.059999942779541,4.079999923706055,4.039999961853027,4.059999942779541,1084000,3.335057020187378
2025-01-14,4.079999923706055,4.119999885559082,4.079999923706055,4.099999904632568,478000,3.3679146766662598
2025-01-15,4.119999885559082,4.199999809265137,4.110000133514404,4.139999866485596,738000,3.4007723331451416
2025-01-16,4.110000133514404,4.150000095367432,4.119999885559082,4.139999866485596,672000,3.4007723331451416
2025-01-17,4.130000114440918,4.170000076293945,4.130000114440918,4.170000076293945,614000,3.4254159927368164
2025-01-20,4.179999828338623,4.179999828338623,4.119999885559082,4.159999847412109,454000,3.417201280593872
2025-01-21,4.159999847412109,4.159999847412109,4.130000114440918,4.139999866485596,1029000,3.4007723331451416
2025-01-22,4.150000095367432,4.179999828338623,4.130000114440918,4.170000076293945,1034000,3.4254159927368164
2025-01-23,4.170000076293945,4.340000152587891,4.170000076293945,4.28000020980835,3474000,3.5157744884490967
2025-01-24,4.300000190734863,4.429999828338623,4.300000190734863,4.409999847412109,2172000,3.6225619316101074
2025-01-27,4.389999866485596,4.429999828338623,4.389999866485596,4.409999847412109,420500,3.6225619316101074
2025-01-28,4.380000114440918,4.380000114440918,4.380000114440918,4.380000114440918,0,3.59791898727417
2025-02-03,4.309999942779541,4.369999885559082,4.289999961853027,4.349999904632568,420000,3.573275327682495
2025-02-04,4.309999942779541,4.389999866485596,4.309999942779541,4.360000133514404,874000,3.5814900398254395
2025-02-05,4.349999904632568,4.400000095367432,4.329999923706055,4.349999904632568,596000,3.573275327682495
2025-02-06,4.369999885559082,4.400000095367432,4.320000171661377,4.380000114440918,466000,3.59791898727417
2025-02-07,4.380000114440918,4.380000114440918,4.320000171661377,4.340000152587891,485074,3.565061330795288
2025-02-10,4.309999942779541,4.369999885559082,4.300000190734863,4.349999904632568,740000,3.573275327682495
2025-02-11,4.340000152587891,4.409999847412109,4.329999923706055,4.380000114440918,976000,3.59791898727417
2025-02-12,4.380000114440918,4.46999979019165,4.349999904632568,4.420000076293945,1228000,3.6307764053344727
2025-02-13,4.429999828338623,4.539999961853027,4.389999866485596,4.5,2596000,3.6964914798736572
2025-02-14,4.460000038146973,4.519999980926514,4.449999809265137,4.489999771118164,1768000,3.688277006149292
2025-02-17,4.489999771118164,4.599999904632568,4.489999771118164,4.559999942779541,1476500,3.7457783222198486
2025-02-18,4.559999942779541,4.559999942779541,4.449999809265137,4.480000019073486,1320000,3.680063009262085
2025-02-19,4.480000019073486,4.550000190734863,4.460000038146973,4.519999980926514,632000,3.712920904159546
2025-02-20,4.519999980926514,4.590000152587891,4.519999980926514,4.539999961853027,1078676,3.729349374771118
2025-02-21,4.539999961853027,4.599999904632568,4.5,4.539999961853027,1862000,3.729349374771118
2025-02-24,4.5,4.5,4.300000190734863,4.440000057220459,4144000,3.647205352783203
2025-02-25,4.349999904632568,4.440000057220459,4.329999923706055,4.400000095367432,1240000,3.6143476963043213
2025-02-26,4.400000095367432,4.429999828338623,4.349999904632568,4.380000114440918,1239000,3.59791898727417
2025-02-27,4.389999866485596,4.480000019073486,4.360000133514404,4.480000019073486,658077,3.680063009262085
2025-02-28,4.440000057220459,4.440000057220459,4.309999942779541,4.340000152587891,1520000,3.565061330795288
2025-03-03,4.309999942779541,4.409999847412109,4.300000190734863,4.349999904632568,1054000,3.573275327682495
2025-03-04,4.349999904632568,4.400000095367432,4.329999923706055,4.329999923706055,1112000,3.5568463802337646
2025-03-05,4.320000171661377,4.420000076293945,4.320000171661377,4.409999847412109,746000,3.6225619316101074
2025-03-06,4.409999847412109,4.409999847412109,4.340000152587891,4.340000152587891,968000,3.565061330795288
2025-03-07,4.340000152587891,4.349999904632568,4.260000228881836,4.269999980926514,2296999,3.5075597763061523
2025-03-10,4.260000228881836,4.300000190734863,4.199999809265137,4.210000038146973,1834000,3.458273410797119
2025-03-11,4.210000038146973,4.260000228881836,4.170000076293945,4.239999771118164,2628000,3.4829161167144775
2025-03-12,4.269999980926514,4.320000171661377,4.239999771118164,4.289999961853027,2192000,3.523988962173462
2025-03-13,4.260000228881836,4.340000152587891,4.21999979019165,4.269999980926514,988000,3.5075597763061523
2025-03-14,4.300000190734863,4.480000019073486,4.28000020980835,4.400000095367432,2360000,3.6143476963043213
2025-03-17,4.409999847412109,4.429999828338623,4.340000152587891,4.380000114440918,1304000,3.59791898727417
2025-03-18,4.400000095367432,4.420000076293945,4.360000133514404,4.389999866485596,1340000,3.606133222579956
2025-03-19,4.369999885559082,4.460000038146973,4.369999885559082,4.440000057220459,1575000,3.647205352783203
2025-03-20,4.440000057220459,4.460000038146973,4.400000095367432,4.429999828338623,1068000,3.638990879058838
2025-03-21,4.460000038146973,4.5,4.369999885559082,4.420000076293945,1610067,3.6307764053344727
2025-03-24,4.480000019073486,4.480000019073486,4.389999866485596,4.440000057220459,606000,3.647205352783203
2025-03-25,4.449999809265137,4.650000095367432,4.429999828338623,4.650000095367432,5989335,3.8197085857391357
2025-03-26,4.650000095367432,4.789999961853027,4.599999904632568,4.619999885559082,11044000,3.795064687728882
2025-03-27,4.699999809265137,4.849999904632568,4.699999809265137,4.820000171661377,6154000,3.95935320854187
2025-03-28,4.829999923706055,4.929999828338623,4.820000171661377,4.929999828338623,4588000,4.049712181091309
2025-03-31,4.949999809265137,5.039999961853027,4.889999866485596,5.019999980926514,17098000,4.123641490936279
2025-04-01,5.019999980926514,5.019999980926514,4.739999771118164,4.820000171661377,9039037,3.95935320854187
2025-04-02,4.820000171661377,4.889999866485596,4.800000190734863,4.849999904632568,1354000,3.9839963912963867
2025-04-03,4.800000190734863,4.800000190734863,4.679999828338623,4.699999809265137,1776000,3.8607802391052246
2025-04-07,4.349999904632568,4.349999904632568,4.170000076293945,4.300000190734863,6624000,3.532203435897827
2025-04-08,4.199999809265137,4.349999904632568,4.199999809265137,4.28000020980835,4643588,3.5157744884490967
2025-04-09,4.199999809265137,4.25,4.079999923706055,4.210000038146973,3605000,3.458273410797119
2025-04-10,4.329999923706055,4.380000114440918,4.269999980926514,4.349999904632568,3202389,3.573275327682495
2025-04-11,4.309999942779541,4.380000114440918,4.300000190734863,4.360000133514404,1230000,3.5814900398254395
2025-04-14,4.360000133514404,4.46999979019165,4.360000133514404,4.440000057220459,1526000,3.647205352783203
2025-04-15,4.449999809265137,4.480000019073486,4.380000114440918,4.409999847412109,624000,3.6225619316101074
2025-04-16,4.409999847412109,4.409999847412109,4.309999942779541,4.360000133514404,660000,3.5814900398254395
2025-04-17,4.360000133514404,4.380000114440918,4.340000152587891,4.380000114440918,604000,3.59791898727417
2025-04-22,4.380000114440918,4.389999866485596,4.329999923706055,4.369999885559082,948000,3.5897040367126465
2025-04-23,4.400000095367432,4.519999980926514,4.369999885559082,4.489999771118164,2816000,3.688277006149292
2025-04-24,4.519999980926514,4.550000190734863,4.480000019073486,4.480000019073486,692440,3.680063009262085
2025-04-25,4.480000019073486,4.599999904632568,4.460000038146973,4.559999942779541,1080000,3.7457783222198486
2025-04-28,4.590000152587891,4.650000095367432,4.579999923706055,4.610000133514404,1118000,3.786850690841675
2025-04-29,4.639999866485596,4.71999979019165,4.610000133514404,4.71999979019165,2102000,3.877208709716797
2025-04-30,4.71999979019165,4.730000019073486,4.670000076293945,4.699999809265137,992000,3.8607802391052246
2025-05-02,4.659999847412109,4.739999771118164,4.659999847412109,4.710000038146973,600039,3.868994951248169
2025-05-06,4.710000038146973,4.730000019073486,4.630000114440918,4.650000095367432,716000,3.8197085857391357
2025-05-07,4.679999828338623,4.679999828338623,4.610000133514404,4.630000114440918,526000,3.8032796382904053
2025-05-08,4.619999885559082,4.630000114440918,4.570000171661377,4.630000114440918,588000,3.8032796382904053
2025-05-09,4.590000152587891,4.679999828338623,4.590000152587891,4.630000114440918,578647,3.8032796382904053
2025-05-12,4.630000114440918,4.760000228881836,4.630000114440918,4.75,1274000,3.901852607727051
2025-05-13,4.75,4.909999847412109,4.75,4.880000114440918,2717124,4.008640289306641
2025-05-14,4.869999885559082,4.909999847412109,4.849999904632568,4.900000095367432,1580000,4.025068759918213
2025-05-15,4.900000095367432,4.920000076293945,4.829999923706055,4.849999904632568,603000,3.9839963912963867
2025-05-16,4.849999904632568,4.889999866485596,4.760000228881836,4.880000114440918,841000,4.008640289306641
2025-05-19,4.869999885559082,4.96999979019165,4.869999885559082,4.900000095367432,1808000,4.025068759918213
2025-05-20,4.869999885559082,4.940000057220459,4.869999885559082,4.909999847412109,612000,4.03328275680542
2025-05-21,4.869999885559082,4.929999828338623,4.849999904632568,4.920000076293945,648000,4.041497707366943
2025-05-22,4.920000076293945,4.960000038146973,4.880000114440918,4.929999828338623,932000,4.049712181091309
2025-05-23,4.900000095367432,4.929999828338623,4.880000114440918,4.889999866485596,538405,4.016854286193848
2025-05-26,4.880000114440918,4.940000057220459,4.860000133514404,4.889999866485596,578000,4.016854286193848
2025-05-27,4.929999828338623,4.929999828338623,4.869999885559082,4.920000076293945,474000,4.041497707366943
2025-05-28,4.940000057220459,4.960000038146973,4.900000095367432,4.929999828338623,454000,4.049712181091309
2025-05-29,4.929999828338623,4.960000038146973,4.929999828338623,4.949999809265137,616000,4.066140651702881
2025-05-30,4.929999828338623,4.980000019073486,4.900000095367432,4.900000095367432,2176000,4.025068759918213
2025-06-02,4.900000095367432,4.929999828338623,4.809999942779541,4.920000076293945,806194,4.041497707366943
2025-06-03,4.929999828338623,5.03000020980835,4.929999828338623,5.019999980926514,1072000,4.123641490936279
2025-06-04,5.03000020980835,5.03000020980835,4.96999979019165,4.989999771118164,874000,4.098998546600342
2025-06-05,5.019999980926514,5.019999980926514,4.989999771118164,5.0,2126800,4.107212543487549
2025-06-06,4.789999961853027,4.889999866485596,4.769999980926514,4.840000152587891,1658000,4.154422283172607
2025-06-09,4.840000152587891,4.860000133514404,4.800000190734863,4.800000190734863,1018000,4.120088577270508
2025-06-10,4.809999942779541,4.949999809265137,4.789999961853027,4.949999809265137,1572000,4.248840808868408
2025-06-11,4.960000038146973,5.079999923706055,4.949999809265137,5.0,2064000,4.2917585372924805
2025-06-12,5.0,5.010000228881836,4.900000095367432,4.920000076293945,1157000,4.223090648651123
2025-06-13,4.929999828338623,5.03000020980835,4.929999828338623,5.010000228881836,1008000,4.300342082977295
2025-06-16,5.010000228881836,5.019999980926514,4.949999809265137,4.989999771118164,794000,4.283174991607666
2025-06-17,4.989999771118164,5.059999942779541,4.96999979019165,5.010000228881836,932000,4.300342082977295
2025-06-18,5.059999942779541,5.179999828338623,5.03000020980835,5.179999828338623,2514000,4.446261405944824
2025-06-19,5.179999828338623,5.420000076293945,5.159999847412109,5.239999771118164,2876000,4.497762680053711
2025-06-20,5.199999809265137,5.320000171661377,5.199999809265137,5.320000171661377,1742378,4.566431522369385
2025-06-23,5.320000171661377,5.429999828338623,5.210000038146973,5.320000171661377,2602000,4.566431522369385
2025-06-24,5.320000171661377,5.489999771118164,5.300000190734863,5.420000076293945,2640000,4.652266502380371
2025-06-25,5.449999809265137,5.650000095367432,5.440000057220459,5.619999885559082,5138020,4.823936462402344
2025-06-26,5.550000190734863,5.639999866485596,5.480000019073486,5.550000190734863,1408000,4.763852119445801
2025-06-27,5.5,5.619999885559082,5.5,5.559999942779541,1504388,4.772435665130615
2025-06-30,5.559999942779541,5.570000171661377,5.480000019073486,5.519999980926514,1230000,4.738101005554199
2025-07-02,5.519999980926514,5.650000095367432,5.519999980926514,5.610000133514404,1232000,4.815353870391846
2025-07-03,5.619999885559082,5.730000019073486,5.599999904632568,5.730000019073486,1924000,4.918355464935303
2025-07-04,5.730000019073486,5.730000019073486,5.599999904632568,5.650000095367432,783020,4.849687099456787
2025-07-07,5.610000133514404,5.659999847412109,5.590000152587891,5.659999847412109,862194,4.858270645141602
2025-07-08,5.659999847412109,5.690000057220459,5.590000152587891,5.659999847412109,1088249,4.858270645141602
2025-07-09,5.599999904632568,5.659999847412109,5.579999923706055,5.639999866485596,980000,4.841103553771973
2025-07-10,5.650000095367432,5.679999828338623,5.519999980926514,5.670000076293945,1522000,4.866854190826416
2025-07-11,5.670000076293945,5.800000190734863,5.619999885559082,5.690000057220459,1930000,4.884021282196045
2025-07-14,5.730000019073486,5.940000057220459,5.690000057220459,5.889999866485596,2926000,5.055691719055176
2025-07-15,5.849999904632568,6.070000171661377,5.769999980926514,5.78000020980835,6234000,4.961273193359375
2025-07-16,5.889999866485596,5.889999866485596,5.71999979019165,5.800000190734863,1680000,4.978440284729004
2025-07-17,5.809999942779541,5.840000152587891,5.670000076293945,5.690000057220459,1064000,4.884021282196045
2025-07-18,5.679999828338623,5.760000228881836,5.679999828338623,5.739999771118164,1320000,4.926938533782959
2025-07-21,5.739999771118164,5.789999961853027,5.710000038146973,5.789999961853027,1562000,4.969856262207031
2025-07-22,5.78000020980835,5.860000133514404,5.679999828338623,5.840000152587891,2028435,5.012774467468262
2025-07-23,5.840000152587891,5.880000114440918,5.789999961853027,5.809999942779541,1502000,4.987023830413818
2025-07-24,5.800000190734863,5.949999809265137,5.800000190734863,5.900000095367432,1402000,5.06427526473999
2025-07-25,5.880000114440918,5.989999771118164,5.860000133514404,5.960000038146973,2444400,5.115776062011719
2025-07-28,5.980000019073486,5.980000019073486,5.809999942779541,5.829999923706055,1190000,5.004190921783447
2025-07-29,5.900000095367432,5.920000076293945,5.829999923706055,5.889999866485596,818000,5.055691719055176
2025-07-30,5.889999866485596,5.929999828338623,5.800000190734863,5.860000133514404,1428000,5.029941082000732
2025-07-31,5.849999904632568,5.849999904632568,5.730000019073486,5.75,1410000,4.935522079467773
2025-08-01,5.75,5.789999961853027,5.699999809265137,5.75,1576000,4.935522079467773
2025-08-04,5.760000228881836,5.760000228881836,5.639999866485596,5.659999847412109,2328000,4.858270645141602
2025-08-05,5.659999847412109,5.75,5.659999847412109,5.71999979019165,1436000,4.909771919250488
2025-08-06,5.71999979019165,5.75,5.659999847412109,5.75,1210000,4.935522079467773
2025-08-07,5.75,5.760000228881836,5.71999979019165,5.760000228881836,998000,4.944106101989746
2025-08-08,5.75,5.75,5.670000076293945,5.730000019073486,2088488,4.918355464935303
2025-08-11,5.730000019073486,5.800000190734863,5.690000057220459,5.78000020980835,702000,4.961273193359375
2025-08-12,5.800000190734863,5.889999866485596,5.789999961853027,5.860000133514404,650000,5.029941082000732
2025-08-13,5.889999866485596,5.940000057220459,5.769999980926514,5.809999942779541,1614000,4.987023830413818
2025-08-14,5.809999942779541,5.849999904632568,5.760000228881836,5.78000020980835,1245164,4.961273193359375
2025-08-15,5.760000228881836,5.78000020980835,5.71999979019165,5.75,1174000,4.935522079467773
2025-08-18,5.75,5.75,5.630000114440918,5.670000076293945,2328000,4.866854190826416
2025-08-19,5.710000038146973,5.710000038146973,5.610000133514404,5.690000057220459,730000,4.884021282196045
2025-08-20,5.699999809265137,5.71999979019165,5.659999847412109,5.699999809265137,584000,4.892604827880859
2025-08-21,5.710000038146973,5.820000171661377,5.710000038146973,5.820000171661377,980432,4.995607376098633
2025-08-22,5.849999904632568,5.900000095367432,5.730000019073486,5.75,1224000,4.935522079467773
2025-08-25,5.75,5.860000133514404,5.75,5.809999942779541,1414767,4.987023830413818
2025-08-26,5.809999942779541,5.820000171661377,5.769999980926514,5.789999961853027,772000,4.969856262207031
2025-08-27,5.78000020980835,6.300000190734863,5.739999771118164,6.28000020980835,9592388,5.390449047088623
2025-08-28,6.320000171661377,6.369999885559082,6.190000057220459,6.260000228881836,3182040,5.373281955718994
2025-08-29,6.25,6.519999980926514,6.25,6.480000019073486,5442000,5.562119007110596
2025-09-01,6.480000019073486,6.570000171661377,6.349999904632568,6.349999904632568,4126000,5.450533390045166
2025-09-02,6.349999904632568,6.510000228881836,6.349999904632568,6.489999771118164,3092000,5.57070255279541
2025-09-03,6.489999771118164,6.550000190734863,6.420000076293945,6.46999979019165,1710000,5.553535461425781
2025-09-04,6.46999979019165,6.510000228881836,6.340000152587891,6.349999904632568,3510000,5.450533390045166
2025-09-05,6.389999866485596,6.480000019073486,6.329999923706055,6.429999828338623,2484313,5.519201278686523
2025-09-08,6.519999980926514,6.519999980926514,6.409999847412109,6.449999809265137,3644000,5.536368370056152
2025-09-09,6.119999885559082,6.159999847412109,6.0,6.070000171661377,3182000,5.4911370277404785
2025-09-10,6.110000133514404,6.110000133514404,5.909999847412109,5.949999809265137,2698963,5.382580280303955
2025-09-11,5.960000038146973,6.03000020980835,5.949999809265137,6.0,1332000,5.427812576293945
2025-09-12,6.0,6.019999980926514,5.849999904632568,5.869999885559082,3282000,5.31020975112915
2025-09-15,5.900000095367432,6.019999980926514,5.900000095367432,5.989999771118164,1730000,5.418765544891357
2025-09-16,6.050000190734863,6.070000171661377,6.0,6.039999961853027,1698000,5.463997840881348
2025-09-17,6.070000171661377,6.079999923706055,5.960000038146973,6.03000020980835,1566000,5.454951286315918
2025-09-18,6.03000020980835,6.03000020980835,5.880000114440918,5.940000057220459,1498000,5.373534202575684
2025-09-19,5.960000038146973,6.059999942779541,5.929999828338623,5.980000019073486,2165017,5.409719467163086
2025-09-22,5.980000019073486,6.0,5.869999885559082,5.869999885559082,1427782,5.31020975112915
2025-09-23,5.869999885559082,5.880000114440918,5.78000020980835,5.849999904632568,1800000,5.292117118835449
2025-09-24,5.840000152587891,5.889999866485596,5.800000190734863,5.820000171661377,4514000,5.264977931976318
2025-09-25,5.820000171661377,5.820000171661377,5.710000038146973,5.71999979019165,3654500,5.174514293670654
2025-09-26,5.71999979019165,5.800000190734863,5.670000076293945,5.769999980926514,3208000,5.219746112823486
2025-09-29,5.800000190734863,5.820000171661377,5.699999809265137,5.820000171661377,4882000,5.264977931976318
2025-09-30,5.75,5.820000171661377,5.699999809265137,5.789999961853027,19897614,5.2378387451171875
2025-10-02,5.789999961853027,5.949999809265137,5.789999961853027,5.920000076293945,7116000,5.355441570281982
2025-10-03,5.920000076293945,5.980000019073486,5.880000114440918,5.980000019073486,982000,5.409719467163086
2025-10-06,5.880000114440918,5.960000038146973,5.809999942779541,5.820000171661377,1518000,5.264977931976318
2025-10-08,5.800000190734863,5.820000171661377,5.739999771118164,5.78000020980835,1666000,5.228792667388916
2025-10-09,5.760000228881836,5.840000152587891,5.760000228881836,5.820000171661377,788583,5.264977931976318
2025-10-10,5.820000171661377,5.829999923706055,5.78000020980835,5.809999942779541,1132000,5.255931377410889
2025-10-13,5.75,5.900000095367432,5.670000076293945,5.869999885559082,3114000,5.31020975112915
2025-10-14,5.880000114440918,5.96999979019165,5.849999904632568,5.920000076293945,1446000,5.355441570281982
2025-10-15,5.920000076293945,5.949999809265137,5.889999866485596,5.940000057220459,1212000,5.373534202575684
2025-10-16,5.940000057220459,6.019999980926514,5.929999828338623,6.010000228881836,2482000,5.436859130859375
2025-10-17,6.03000020980835,6.03000020980835,5.829999923706055,5.889999866485596,2162000,5.328302383422852
2025-10-20,5.96999979019165,5.96999979019165,5.900000095367432,5.920000076293945,824150,5.355441570281982
2025-10-21,5.920000076293945,5.960000038146973,5.860000133514404,5.860000133514404,746000,5.301163196563721
2025-10-22,5.869999885559082,5.949999809265137,5.829999923706055,5.949999809265137,898000,5.382580280303955
2025-10-23,5.949999809265137,5.949999809265137,5.849999904632568,5.889999866485596,532422,5.328302383422852
2025-10-24,5.860000133514404,5.889999866485596,5.849999904632568,5.880000114440918,520000,5.31925630569458
2025-10-27,5.880000114440918,5.940000057220459,5.880000114440918,5.909999847412109,592000,5.346395015716553
2025-10-28,5.940000057220459,5.940000057220459,5.909999847412109,5.929999828338623,624000,5.364487648010254
2025-10-30,5.949999809265137,6.059999942779541,5.949999809265137,6.010000228881836,1286000,5.436859130859375
2025-10-31,6.0,6.050000190734863,5.96999979019165,5.989999771118164,1156000,5.418765544891357
2025-11-03,6.03000020980835,6.03000020980835,5.949999809265137,5.960000038146973,562000,5.391626834869385
2025-11-04,5.989999771118164,6.0,5.909999847412109,5.929999828338623,1304000,5.364487648010254
2025-11-05,5.920000076293945,5.989999771118164,5.860000133514404,5.960000038146973,682000,5.391626834869385
2025-11-06,5.980000019073486,6.03000020980835,5.929999828338623,5.949999809265137,802000,5.382580280303955
2025-11-07,5.949999809265137,5.949999809265137,5.860000133514404,5.880000114440918,2006421,5.31925630569458
2025-11-10,5.880000114440918,5.960000038146973,5.860000133514404,5.949999809265137,1809000,5.382580280303955
2025-11-11,5.949999809265137,6.070000171661377,5.949999809265137,6.019999980926514,2882000,5.4459052085876465
2025-11-12,6.059999942779541,6.179999828338623,6.059999942779541,6.139999866485596,3050000,5.554461479187012
2025-11-13,6.170000076293945,6.170000076293945,6.079999923706055,6.150000095367432,1066000,5.563507556915283
2025-11-14,6.079999923706055,6.170000076293945,6.070000171661377,6.110000133514404,1420000,5.527322292327881
2025-11-17,6.110000133514404,6.110000133514404,6.019999980926514,6.039999961853027,884000,5.463997840881348
2025-11-18,6.039999961853027,6.039999961853027,5.909999847412109,5.929999828338623,1608000,5.364487648010254
2025-11-19,5.929999828338623,6.050000190734863,5.909999847412109,6.050000190734863,1730000,5.473044395446777
2025-11-20,6.050000190734863,6.070000171661377,5.949999809265137,6.019999980926514,1230000,5.4459052085876465
2025-11-21,5.989999771118164,5.989999771118164,5.869999885559082,5.889999866485596,1358421,5.328302383422852
2025-11-24,5.900000095367432,5.989999771118164,5.900000095367432,5.989999771118164,1162000,5.418765544891357
2025-11-25,5.989999771118164,5.989999771118164,5.940000057220459,5.949999809265137,508000,5.382580280303955
2025-11-26,5.960000038146973,6.039999961853027,5.960000038146973,6.0,782000,5.427812576293945
2025-11-27,6.0,6.019999980926514,5.96999979019165,6.0,196000,5.427812576293945
2025-11-28,5.980000019073486,5.980000019073486,5.949999809265137,5.960000038146973,268000,5.391626834869385
2025-12-01,5.96999979019165,6.239999771118164,5.96999979019165,6.230000019073486,2373600,5.635878562927246
2025-12-02,6.230000019073486,6.349999904632568,6.230000019073486,6.289999961853027,2788000,5.69015645980835
2025-12-03,6.289999961853027,6.369999885559082,6.260000228881836,6.260000228881836,880000,5.663017749786377
2025-12-04,6.320000171661377,6.320000171661377,6.21999979019165,6.28000020980835,680000,5.681110382080078
2025-12-05,6.28000020980835,6.28000020980835,6.150000095367432,6.21999979019165,694300,5.626832008361816
2025-12-08,6.199999809265137,6.25,6.139999866485596,6.179999828338623,518000,5.590646743774414
2025-12-09,6.179999828338623,6.409999847412109,6.139999866485596,6.400000095367432,3466000,5.789666652679443
2025-12-10,6.380000114440918,6.46999979019165,6.320000171661377,6.400000095367432,1918000,5.789666652679443
2025-12-11,6.349999904632568,6.349999904632568,6.289999961853027,6.320000171661377,784000,5.7172956466674805
2025-12-12,6.320000171661377,6.420000076293945,6.309999942779541,6.360000133514404,1116000,5.753481388092041
2025-12-15,6.320000171661377,6.329999923706055,6.230000019073486,6.25,744000,5.653971195220947
2025-12-16,6.260000228881836,6.260000228881836,6.110000133514404,6.170000076293945,881000,5.581600666046143
2025-12-17,6.179999828338623,6.190000057220459,6.150000095367432,6.170000076293945,632000,5.581600666046143
2025-12-18,6.150000095367432,6.190000057220459,6.110000133514404,6.159999847412109,580000,5.572553634643555
2025-12-19,6.179999828338623,6.179999828338623,6.079999923706055,6.170000076293945,2108403,5.581600666046143
2025-12-22,6.170000076293945,6.170000076293945,6.119999885559082,6.170000076293945,386000,5.581600666046143
2025-12-23,6.159999847412109,6.309999942779541,6.119999885559082,6.300000190734863,1104000,5.699203014373779
2025-12-24,6.289999961853027,6.289999961853027,6.289999961853027,6.289999961853027,0,5.69015645980835
2025-12-29,6.340000152587891,6.429999828338623,6.099999904632568,6.110000133514404,1286000,5.527322292327881
2025-12-30,6.119999885559082,6.179999828338623,6.03000020980835,6.159999847412109,1114000,5.572553634643555
2025-12-31,6.199999809265137,6.199999809265137,6.199999809265137,6.199999809265137,0,5.608738899230957
2026-01-02,6.179999828338623,6.349999904632568,6.119999885559082,6.28000020980835,1056000,5.681110382080078
2026-01-05,6.28000020980835,6.28000020980835,6.190000057220459,6.199999809265137,1070000,5.608738899230957
2026-01-06,6.179999828338623,6.260000228881836,6.179999828338623,6.21999979019165,566000,5.626832008361816
2026-01-07,6.179999828338623,6.190000057220459,6.150000095367432,6.170000076293945,978000,5.581600666046143
2026-01-08,6.179999828338623,6.179999828338623,6.110000133514404,6.150000095367432,1346000,5.563507556915283
2026-01-09,6.199999809265137,6.320000171661377,6.190000057220459,6.28000020980835,1746000,5.681110382080078
2026-01-12,6.269999980926514,6.309999942779541,6.25,6.260000228881836,394800,5.663017749786377
2026-01-13,6.199999809265137,6.309999942779541,6.199999809265137,6.28000020980835,656000,5.681110382080078
2026-01-14,6.28000020980835,6.28000020980835,6.199999809265137,6.260000228881836,840000,5.663017749786377
2026-01-15,6.289999961853027,6.46999979019165,6.289999961853027,6.449999809265137,3492000,5.834897994995117
2026-01-16,6.46999979019165,6.46999979019165,6.369999885559082,6.429999828338623,802000,5.816805362701416
2026-01-19,6.420000076293945,6.429999828338623,6.369999885559082,6.409999847412109,438200,5.798712730407715
2026-01-20,6.369999885559082,6.400000095367432,6.300000190734863,6.400000095367432,666000,5.789666652679443
2026-01-21,6.400000095367432,6.440000057220459,6.320000171661377,6.440000057220459,694000,5.825851917266846
2026-01-22,6.440000057220459,6.449999809265137,6.360000133514404,6.360000133514404,450388,5.753481388092041
2026-01-23,6.389999866485596,6.420000076293945,6.360000133514404,6.420000076293945,422300,5.8077592849731445
2026-01-26,6.440000057220459,6.440000057220459,6.320000171661377,6.360000133514404,1006000,5.753481388092041
2026-01-27,6.360000133514404,6.400000095367432,6.320000171661377,6.389999866485596,1003500,5.780620098114014
2026-01-28,6.389999866485596,6.400000095367432,6.329999923706055,6.369999885559082,1572000,5.762526988983154
2026-01-29,6.369999885559082,6.400000095367432,6.320000171661377,6.340000152587891,1124000,5.73538875579834
2026-01-30,6.329999923706055,6.369999885559082,6.269999980926514,6.340000152587891,2900000,5.73538875579834
2026-02-02,6.340000152587891,6.340000152587891,6.150000095367432,6.150000095367432,4054200,5.563507556915283
2026-02-03,6.239999771118164,6.300000190734863,6.150000095367432,6.28000020980835,2161000,5.681110382080078
2026-02-04,6.28000020980835,7.0,6.28000020980835,6.880000114440918,12619100,6.223891258239746
2026-02-05,6.849999904632568,6.909999847412109,6.730000019073486,6.869999885559082,3482000,6.214845180511475
2026-02-06,6.869999885559082,6.869999885559082,6.739999771118164,6.78000020980835,1173000,6.13342809677124
2026-02-09,6.769999980926514,6.96999979019165,6.769999980926514,6.889999866485596,2682000,6.232937812805176
2026-02-10,6.889999866485596,6.949999809265137,6.809999942779541,6.940000057220459,647946,6.278169631958008
2026-02-11,6.949999809265137,7.050000190734863,6.920000076293945,7.010000228881836,3782500,6.341494083404541
2026-02-12,7.010000228881836,7.099999904632568,6.920000076293945,7.059999942779541,1668400,6.386725902557373
2026-02-13,7.059999942779541,7.059999942779541,6.869999885559082,6.929999828338623,1499198,6.269123077392578
2026-02-16,7.039999961853027,7.039999961853027,7.039999961853027,7.039999961853027,0,6.368633270263672
2026-02-20,7.070000171661377,7.289999961853027,7.059999942779541,7.25,3280000,6.5586066246032715
2026-02-23,7.349999904632568,7.489999771118164,7.309999942779541,7.360000133514404,1742000,6.658116817474365
2026-02-24,7.300000190734863,7.619999885559082,7.300000190734863,7.610000133514404,3297039,6.884275436401367
2026-02-25,7.639999866485596,7.860000133514404,7.539999961853027,7.849999904632568,3731607,7.101387977600098
2026-02-26,7.849999904632568,7.880000114440918,7.460000038146973,7.550000190734863,4390000,6.829997539520264
2026-02-27,7.53000020980835,7.789999961853027,7.53000020980835,7.769999980926514,1736100,7.029016971588135
2026-03-02,7.78000020980835,7.920000076293945,7.630000114440918,7.710000038146973,2362000,6.974739074707031
2026-03-03,7.710000038146973,7.829999923706055,7.599999904632568,7.630000114440918,1755000,6.902368068695068
2026-03-04,7.630000114440918,7.630000114440918,7.179999828338623,7.239999771118164,3002800,6.549560070037842
2026-03-05,7.239999771118164,7.480000019073486,7.239999771118164,7.360000133514404,1398000,6.658116817474365
2026-03-06,7.320000171661377,7.340000152587891,7.25,7.300000190734863,892000,6.6038384437561035
2026-03-09,7.25,7.25,6.909999847412109,7.03000020980835,2566000,6.3595871925354
2026-03-10,7.079999923706055,7.260000228881836,7.03000020980835,7.199999809265137,954000,6.5133748054504395
2026-03-11,7.170000076293945,7.25,6.989999771118164,7.070000171661377,3072000,6.395772457122803
2026-03-12,7.179999828338623,7.179999828338623,6.989999771118164,7.099999904632568,1730000,6.422911167144775
2026-03-13,7.079999923706055,7.340000152587891,7.070000171661377,7.139999866485596,3850000,6.459096431732178
2026-03-16,7.099999904632568,7.329999923706055,7.099999904632568,7.190000057220459,4088800,6.504328727722168
2026-03-17,7.21999979019165,7.300000190734863,7.179999828338623,7.199999809265137,882000,6.5133748054504395
2026-03-18,7.199999809265137,7.269999980926514,7.179999828338623,7.260000228881836,668000,6.567653179168701
2026-03-19,7.199999809265137,7.199999809265137,6.96999979019165,7.0,2398000,6.3324480056762695
2026-03-20,6.989999771118164,7.050000190734863,6.920000076293945,6.940000057220459,2124357,6.278169631958008
2026-03-23,6.96999979019165,6.96999979019165,6.679999828338623,6.690000057220459,2678000,6.052011013031006
2026-03-24,6.75,6.889999866485596,6.75,6.849999904632568,2318000,6.196752548217773
2026-03-25,6.860000133514404,7.050000190734863,6.679999828338623,6.849999904632568,5158000,6.196752548217773
2026-03-26,6.699999809265137,6.75,6.320000171661377,6.329999923706055,8804000,5.726341724395752
2026-03-27,6.400000095367432,6.539999961853027,6.300000190734863,6.510000228881836,3242200,5.889176845550537
2026-03-30,6.489999771118164,6.489999771118164,6.320000171661377,6.349999904632568,3936000,5.744434833526611
2026-03-31,6.349999904632568,6.400000095367432,6.25,6.269999980926514,2754400,5.672063827514648
2026-04-01,6.409999847412109,6.460000038146973,6.369999885559082,6.440000057220459,2634000,5.825851917266846
2026-04-02,6.400000095367432,6.429999828338623,6.309999942779541,6.369999885559082,1406000,5.762526988983154
2026-04-08,6.5,6.610000133514404,6.489999771118164,6.599999904632568,1819220,5.970593452453613
2026-04-09,6.619999885559082,6.619999885559082,6.46999979019165,6.46999979019165,2340000,5.852990627288818
2026-04-10,6.480000019073486,6.579999923706055,6.460000038146973,6.489999771118164,1242532,5.871083736419678
2026-04-13,6.460000038146973,6.460000038146973,6.260000228881836,6.340000152587891,2350050,5.73538875579834
2026-04-14,6.360000133514404,6.440000057220459,6.300000190734863,6.300000190734863,1908030,5.699203014373779
2026-04-15,6.349999904632568,6.349999904632568,6.21999979019165,6.230000019073486,2762000,5.635878562927246
2026-04-16,6.25,6.260000228881836,6.199999809265137,6.239999771118164,1944000,5.644924640655518
2026-04-17,6.269999980926514,6.269999980926514,6.21999979019165,6.260000228881836,1172000,5.663017749786377
2026-04-20,6.260000228881836,6.260000228881836,6.179999828338623,6.230000019073486,1762000,5.635878562927246
2026-04-21,6.269999980926514,6.380000114440918,6.239999771118164,6.340000152587891,3568918,5.73538875579834
2026-04-22,6.349999904632568,6.380000114440918,6.300000190734863,6.320000171661377,870000,5.7172956466674805
2026-04-23,6.320000171661377,6.329999923706055,6.269999980926514,6.269999980926514,806000,5.672063827514648
2026-04-24,6.269999980926514,6.340000152587891,6.239999771118164,6.329999923706055,844396,5.726341724395752
2026-04-27,6.329999923706055,6.489999771118164,6.269999980926514,6.489999771118164,4219778,5.871083736419678
2026-04-28,6.489999771118164,6.489999771118164,6.400000095367432,6.400000095367432,1218000,5.789666652679443
2026-04-29,6.409999847412109,6.460000038146973,6.360000133514404,6.440000057220459,1360750,5.825851917266846
2026-04-30,6.429999828338623,6.429999828338623,6.360000133514404,6.380000114440918,986000,5.771574020385742
2026-05-04,6.440000057220459,6.489999771118164,6.389999866485596,6.429999828338623,860000,5.816805362701416
2026-05-05,6.389999866485596,6.429999828338623,6.349999904632568,6.369999885559082,1044001,5.762526988983154
2026-05-06,6.420000076293945,6.420000076293945,6.329999923706055,6.389999866485596,1210990,5.780620098114014
2026-05-07,6.429999828338623,6.550000190734863,6.429999828338623,6.539999961853027,2776008,5.916315078735352
2026-05-08,6.539999961853027,6.570000171661377,6.460000038146973,6.53000020980835,1922691,5.907269477844238
2026-05-11,6.53000020980835,6.590000152587891,6.480000019073486,6.550000190734863,848000,5.9253621101379395
2026-05-12,6.599999904632568,6.599999904632568,6.460000038146973,6.460000038146973,1074000,5.843944549560547
2026-05-13,6.460000038146973,6.460000038146973,6.429999828338623,6.429999828338623,932000,5.816805362701416
2026-05-14,6.429999828338623,6.5,6.409999847412109,6.429999828338623,794000,5.816805362701416
2026-05-15,6.429999828338623,6.429999828338623,6.349999904632568,6.380000114440918,1842000,5.771574020385742
2026-05-18,6.349999904632568,6.349999904632568,6.25,6.300000190734863,1766000,5.699203014373779
2026-05-19,6.269999980926514,6.349999904632568,6.269999980926514,6.309999942779541,1626000,5.708249568939209
2026-05-20,6.300000190734863,6.340000152587891,6.269999980926514,6.340000152587891,1198000,5.73538875579834
2026-05-21,6.389999866485596,6.389999866485596,6.269999980926514,6.269999980926514,744000,5.672063827514648
2026-05-22,6.340000152587891,6.340000152587891,6.230000019073486,6.25,1376554,5.653971195220947
2026-05-26,6.25,6.25,6.099999904632568,6.230000019073486,3452000,5.635878562927246
2026-05-27,6.199999809265137,6.289999961853027,6.170000076293945,6.179999828338623,3210000,5.590646743774414
2026-05-28,6.170000076293945,6.170000076293945,6.099999904632568,6.099999904632568,1834200,5.518275737762451
2026-05-29,6.150000095367432,6.21999979019165,6.099999904632568,6.110000133514404,1914000,5.527322292327881
2026-06-01,6.099999904632568,6.239999771118164,6.079999923706055,6.190000057220459,1500000,5.599693298339844
2026-06-02,6.190000057220459,6.239999771118164,6.170000076293945,6.199999809265137,1242000,5.608738899230957
2026-06-03,6.190000057220459,6.190000057220459,6.050000190734863,6.119999885559082,3248000,5.536368370056152
2026-06-04,6.110000133514404,6.159999847412109,6.099999904632568,6.130000114440918,730000,5.545414924621582
2026-06-05,6.099999904632568,6.139999866485596,6.090000152587891,6.110000133514404,1357794,5.527322292327881
2026-06-08,6.090000152587891,6.090000152587891,5.989999771118164,6.070000171661377,2209000,5.4911370277404785
2026-06-09,6.070000171661377,6.119999885559082,6.070000171661377,6.099999904632568,407000,5.518275737762451
2026-06-10,6.090000152587891,6.099999904632568,6.010000228881836,6.039999961853027,1880000,5.463997840881348
2026-06-11,6.039999961853027,6.079999923706055,5.980000019073486,6.0,1630000,5.427812576293945
2026-06-12,6.059999942779541,6.099999904632568,6.050000190734863,6.079999923706055,894000,5.50018310546875
2026-06-15,6.090000152587891,6.239999771118164,6.090000152587891,6.179999828338623,1515000,5.590646743774414
2026-06-16,6.179999828338623,6.230000019073486,6.099999904632568,6.110000133514404,1294350,5.527322292327881
2026-06-17,6.159999847412109,6.159999847412109,6.059999942779541,6.070000171661377,1177735,5.4911370277404785
2026-06-18,6.099999904632568,6.099999904632568,5.900000095367432,5.929999828338623,4442000,5.364487648010254
2026-06-22,6.0,6.010000228881836,5.75,5.900000095367432,4570223,5.337348937988281
2026-06-23,5.71999979019165,5.71999979019165,5.21999979019165,5.269999980926514,8314000,5.013873100280762
2026-06-24,5.289999961853027,5.340000152587891,5.230000019073486,5.300000190734863,2738000,5.042415142059326
2026-06-25,5.349999904632568,5.389999866485596,5.300000190734863,5.340000152587891,2776000,5.080471038818359
2026-06-26,5.369999885559082,5.369999885559082,5.300000190734863,5.309999942779541,2184000,5.051928997039795
2026-06-29,5.400000095367432,5.5,5.329999923706055,5.400000095367432,1480852,5.137555122375488
2026-06-30,5.53000020980835,5.53000020980835,5.320000171661377,5.329999923706055,1518970,5.070957183837891
2026-07-02,5.349999904632568,5.360000133514404,5.21999979019165,5.230000019073486,2139000,4.9758172035217285
2026-07-03,5.230000019073486,5.400000095367432,5.230000019073486,5.369999885559082,1368000,5.109013080596924
2026-07-06,5.369999885559082,5.489999771118164,5.369999885559082,5.480000019073486,1026000,5.213666915893555
2026-07-07,5.449999809265137,5.460000038146973,5.309999942779541,5.320000171661377,1080000,5.061443328857422
2026-07-08,5.400000095367432,5.440000057220459,5.329999923706055,5.440000057220459,752367,5.1756110191345215
2026-07-09,5.440000057220459,5.480000019073486,5.380000114440918,5.400000095367432,696000,5.137555122375488
2026-07-10,5.449999809265137,5.449999809265137,5.400000095367432,5.440000057220459,556000,5.1756110191345215
2026-07-13,5.400000095367432,5.539999961853027,5.400000095367432,5.460000038146973,1464000,5.194639205932617
2026-07-14,5.420000076293945,5.590000152587891,5.409999847412109,5.550000190734863,940000,5.2802653312683105
2026-07-15,5.590000152587891,5.659999847412109,5.579999923706055,5.599999904632568,1056000,5.327834606170654
2026-07-16,5.550000190734863,5.710000038146973,5.539999961853027,5.619999885559082,860000,5.34686279296875
2026-07-17,5.639999866485596,5.710000038146973,5.610000133514404,5.659999847412109,1046000,5.384918689727783
2026-07-20,5.670000076293945,5.800000190734863,5.659999847412109,5.78000020980835,916000,5.499086856842041
2026-07-21,5.800000190734863,5.909999847412109,5.800000190734863,5.820000171661377,1512000,5.537142753601074
2026-07-22,5.820000171661377,5.840000152587891,5.760000228881836,5.840000152587891,806823,5.55617094039917
2026-07-23,5.840000152587891,5.880000114440918,5.800000190734863,5.849999904632568,610000,5.565684795379639
2026-07-24,5.849999904632568,5.909999847412109,5.760000228881836,5.800000190734863,590000,5.518115043640137
2026-07-27,5.809999942779541,5.849999904632568,5.800000190734863,5.809999942779541,544000,5.527628421783447
2026-07-28,5.900000095367432,5.900000095367432,5.800000190734863,5.809999942779541,755850,5.527628421783447
2026-07-29,5.880000114440918,5.96999979019165,5.860000133514404,5.96999979019165,1104116,5.679852485656738
2026-07-30,5.909999847412109,5.96999979019165,5.889999866485596,5.960000038146973,708000,5.6703386306762695
2026-07-31,5.960000038146973,6.0,5.929999828338623,5.980000019073486,774000,5.689366340637207
2026-08-03,5.985000133514404,6.010000228881836,5.900000095367432,5.914999961853027,1362097,5.627525806427002
2026-08-04,5.914999961853027,5.929999828338623,5.739999771118164,5.789999961853027,2556000,5.50860071182251
2026-08-05,5.769999980926514,5.880000114440918,5.755000114440918,5.880000114440918,904000,5.594226837158203
2026-08-06,5.900000095367432,5.900000095367432,5.784999847412109,5.804999828338623,806000,5.522871494293213
2026-08-07,5.804999828338623,5.840000152587891,5.784999847412109,5.829999923706055,1266204,5.546656608581543
2026-08-10,5.829999923706055,5.84499979019165,5.800000190734863,5.809999942779541,876471,5.527628421783447
2026-08-11,5.820000171661377,5.849999904632568,5.75,5.849999904632568,604000,5.565684795379639
2026-08-12,5.96999979019165,5.96999979019165,5.75,5.75,1546000,5.470544815063477
2026-08-13,5.849999904632568,5.849999904632568,5.744999885559082,5.809999942779541,714000,5.527628421783447
2026-08-14,5.760000228881836,5.860000133514404,5.755000114440918,5.840000152587891,700000,5.55617094039917
2026-08-17,5.764999866485596,5.920000076293945,5.760000228881836,5.909999847412109,1606000,5.622768402099609
2026-08-18,5.900000095367432,5.994999885559082,5.900000095367432,5.985000133514404,1386000,5.6941237449646
2026-08-19,6.0,6.0,5.864999771118164,5.875,1057998,5.5894694328308105
2026-08-20,5.945000171661377,6.03000020980835,5.945000171661377,5.989999771118164,1076000,5.698880195617676
2026-08-21,5.945000171661377,6.034999847412109,5.945000171661377,6.03000020980835,990700,5.736936569213867
2026-08-24,6.079999923706055,6.079999923706055,5.920000076293945,5.940000057220459,1382000,5.651310443878174
2026-08-25,5.940000057220459,5.985000133514404,5.900000095367432,5.914999961853027,952000,5.627525806427002
2026-08-26,5.980000019073486,6.0,5.929999828338623,5.965000152587891,1142000,5.675095558166504
2026-08-27,5.949999809265137,6.105000019073486,5.949999809265137,6.045000076293945,2798000,5.75120735168457
2026-08-28,6.034999847412109,6.539999961853027,5.934999942779541,6.534999847412109,11817516,6.217392921447754
2026-08-31,6.420000076293945,6.610000133514404,6.420000076293945,6.534999847412109,3288000,6.217392921447754
2026-09-01,6.46999979019165,6.869999885559082,6.429999828338623,6.869999885559082,9305900,6.536111831665039
2026-09-02,6.849999904632568,6.849999904632568,6.489999771118164,6.65500020980835,8232600,6.331561088562012
2026-09-03,6.65500020980835,6.849999904632568,6.635000228881836,6.824999809265137,7320000,6.493298530578613
2026-09-04,6.824999809265137,6.835000038146973,6.699999809265137,6.795000076293945,3114500,6.464756965637207
2026-09-07,6.795000076293945,6.820000171661377,6.679999828338623,6.795000076293945,2416038,6.464756965637207
2026-09-08,6.795000076293945,6.829999923706055,6.724999904632568,6.829999923706055,8549107,6.498055934906006
2026-09-09,6.820000171661377,6.889999866485596,6.769999980926514,6.789999961853027,8581960,6.4599995613098145
2026-09-10,6.460000038146973,6.460000038146973,6.300000190734863,6.324999809265137,2442000,6.324999809265137
2026-09-11,6.25,6.275000095367432,6.179999828338623,6.264999866485596,2613424,6.264999866485596
2026-09-14,6.264999866485596,6.304999828338623,6.150000095367432,6.260000228881836,1044000,6.260000228881836
2026-09-15,6.210000038146973,6.255000114440918,6.164999961853027,6.239999771118164,1764000,6.239999771118164
2026-09-16,6.300000190734863,6.315000057220459,6.215000152587891,6.300000190734863,1332000,6.300000190734863
2026-09-17,6.244999885559082,6.380000114440918,6.199999809265137,6.369999885559082,1680000,6.369999885559082
2026-09-18,6.369999885559082,6.460000038146973,6.284999847412109,6.454999923706055,2635920,6.454999923706055
2026-09-21,6.434999942779541,6.744999885559082,6.420000076293945,6.744999885559082,4957501,6.744999885559082
2026-09-22,6.744999885559082,6.75,6.559999942779541,6.585000038146973,1722000,6.585000038146973
2026-09-23,6.585000038146973,6.599999904632568,6.494999885559082,6.550000190734863,1221408,6.550000190734863
2026-09-24,6.510000228881836,6.559999942779541,6.489999771118164,6.525000095367432,1626000,6.525000095367432
2026-09-25,6.5,6.53000020980835,6.420000076293945,6.525000095367432,1644000,6.525000095367432
2026-09-28,6.53000020980835,6.635000228881836,6.53000020980835,6.590000152587891,1624000,6.590000152587891
2026-09-29,6.565000057220459,6.630000114440918,6.480000019073486,6.514999866485596,1272000,6.514999866485596
2026-09-30,6.519999980926514,6.675000190734863,6.519999980926514,6.635000228881836,3218000,6.635000228881836
