Date,Open,High,Low,Close,Volume,Adj_Close
2016-09-28,4.96999979019165,5.0,4.920000076293945,4.980000019073486,59383365,2.66957688331604
2016-09-29,5.139999866485596,5.21999979019165,5.119999885559082,5.130000114440918,188618191,2.749985933303833
2016-09-30,5.079999923706055,5.139999866485596,5.059999942779541,5.090000152587891,100088460,2.728543758392334
2016-10-03,5.130000114440918,5.179999828338623,5.110000133514404,5.119999885559082,67435619,2.7446255683898926
2016-10-04,5.159999847412109,5.210000038146973,5.139999866485596,5.190000057220459,82348954,2.782149076461792
2016-10-05,5.159999847412109,5.400000095367432,5.150000095367432,5.349999904632568,272678631,2.867919683456421
2016-10-06,5.409999847412109,5.590000152587891,5.400000095367432,5.570000171661377,307701499,2.985851526260376
2016-10-07,5.599999904632568,5.610000133514404,5.5,5.519999980926514,120062941,2.9590494632720947
2016-10-11,5.650000095367432,5.710000038146973,5.46999979019165,5.550000190734863,196447774,2.975130558013916
2016-10-12,5.519999980926514,5.519999980926514,5.409999847412109,5.46999979019165,128133574,2.9322469234466553
2016-10-13,5.409999847412109,5.429999828338623,5.289999961853027,5.320000171661377,132729174,2.851837396621704
2016-10-14,5.360000133514404,5.420000076293945,5.28000020980835,5.360000133514404,95849192,2.873279571533203
2016-10-17,5.369999885559082,5.369999885559082,5.28000020980835,5.309999942779541,77626617,2.8464767932891846
2016-10-18,5.329999923706055,5.429999828338623,5.320000171661377,5.389999866485596,95340072,2.8893613815307617
2016-10-19,5.409999847412109,5.429999828338623,5.360000133514404,5.380000114440918,41376453,2.884000539779663
2016-10-20,5.460000038146973,5.590000152587891,5.460000038146973,5.539999961853027,148478368,2.9697704315185547
2016-10-21,5.539999961853027,5.539999961853027,5.539999961853027,5.539999961853027,0,2.9697704315185547
2016-10-24,5.619999885559082,5.71999979019165,5.550000190734863,5.690000057220459,193200317,3.0501794815063477
2016-10-25,5.679999828338623,5.699999809265137,5.630000114440918,5.639999866485596,95015011,3.023375988006592
2016-10-26,5.570000171661377,5.610000133514404,5.519999980926514,5.519999980926514,81750617,2.9590494632720947
2016-10-27,5.519999980926514,5.519999980926514,5.369999885559082,5.409999847412109,129071337,2.90008282661438
2016-10-28,5.429999828338623,5.440000057220459,5.340000152587891,5.380000114440918,60907810,2.884000539779663
2016-10-31,5.320000171661377,5.369999885559082,5.28000020980835,5.340000152587891,64767152,2.862558603286743
2016-11-01,5.340000152587891,5.449999809265137,5.309999942779541,5.400000095367432,97030231,2.8947219848632812
2016-11-02,5.289999961853027,5.340000152587891,5.269999980926514,5.28000020980835,76010880,2.830394983291626
2016-11-03,5.25,5.349999904632568,5.25,5.260000228881836,68142390,2.819674015045166
2016-11-04,5.230000019073486,5.340000152587891,5.230000019073486,5.300000190734863,75848101,2.841116428375244
2016-11-07,5.340000152587891,5.420000076293945,5.289999961853027,5.389999866485596,63421055,2.8893613815307617
2016-11-08,5.449999809265137,5.449999809265137,5.329999923706055,5.400000095367432,49582508,2.8947219848632812
2016-11-09,5.440000057220459,5.440000057220459,5.039999961853027,5.199999809265137,226565947,2.7875101566314697
2016-11-10,5.300000190734863,5.349999904632568,5.260000228881836,5.269999980926514,75363389,2.8250341415405273
2016-11-11,5.21999979019165,5.230000019073486,5.119999885559082,5.190000057220459,121769292,2.782149076461792
2016-11-14,5.119999885559082,5.159999847412109,5.070000171661377,5.130000114440918,97834341,2.749985933303833
2016-11-15,5.159999847412109,5.179999828338623,5.099999904632568,5.159999847412109,64841246,2.7660677433013916
2016-11-16,5.239999771118164,5.28000020980835,5.210000038146973,5.210000038146973,106786018,2.7928712368011475
2016-11-17,5.170000076293945,5.230000019073486,5.150000095367432,5.179999828338623,65504285,2.7767891883850098
2016-11-18,5.139999866485596,5.190000057220459,5.099999904632568,5.179999828338623,49057188,2.7767891883850098
2016-11-21,5.170000076293945,5.230000019073486,5.130000114440918,5.199999809265137,67542764,2.7875101566314697
2016-11-22,5.289999961853027,5.449999809265137,5.289999961853027,5.400000095367432,170244165,2.8947219848632812
2016-11-23,5.380000114440918,5.429999828338623,5.360000133514404,5.389999866485596,84391118,2.8893613815307617
2016-11-24,5.329999923706055,5.369999885559082,5.28000020980835,5.349999904632568,56641867,2.867919683456421
2016-11-25,5.349999904632568,5.389999866485596,5.320000171661377,5.360000133514404,57914344,2.873279571533203
2016-11-28,5.320000171661377,5.380000114440918,5.289999961853027,5.349999904632568,66871838,2.867919683456421
2016-11-29,5.340000152587891,5.369999885559082,5.309999942779541,5.340000152587891,98282207,2.862558603286743
2016-11-30,5.340000152587891,5.349999904632568,5.269999980926514,5.269999980926514,95793861,2.8250341415405273
2016-12-01,5.590000152587891,5.590000152587891,5.519999980926514,5.519999980926514,244940573,2.9590494632720947
2016-12-02,5.539999961853027,5.639999866485596,5.489999771118164,5.489999771118164,219334782,2.942967414855957
2016-12-05,5.539999961853027,5.550000190734863,5.400000095367432,5.46999979019165,86822623,2.9322469234466553
2016-12-06,5.53000020980835,5.559999942779541,5.480000019073486,5.519999980926514,61420592,2.9590494632720947
2016-12-07,5.539999961853027,5.539999961853027,5.480000019073486,5.510000228881836,53693657,2.9536890983581543
2016-12-08,5.550000190734863,5.579999923706055,5.449999809265137,5.510000228881836,98912031,2.9536890983581543
2016-12-09,5.53000020980835,5.53000020980835,5.380000114440918,5.440000057220459,129056853,2.916163921356201
2016-12-12,5.559999942779541,5.590000152587891,5.449999809265137,5.46999979019165,204441445,2.9322469234466553
2016-12-13,5.5,5.760000228881836,5.489999771118164,5.760000228881836,293252437,3.087702989578247
2016-12-14,5.940000057220459,6.03000020980835,5.869999885559082,6.019999980926514,363523964,3.227079153060913
2016-12-15,5.949999809265137,5.949999809265137,5.809999942779541,5.909999847412109,190607544,3.1681125164031982
2016-12-16,5.860000133514404,5.960000038146973,5.829999923706055,5.880000114440918,105877299,3.1520304679870605
2016-12-19,5.920000076293945,5.980000019073486,5.840000152587891,5.920000076293945,104859834,3.173473358154297
2016-12-20,5.940000057220459,5.960000038146973,5.849999904632568,5.860000133514404,61183204,3.1413092613220215
2016-12-21,5.889999866485596,5.989999771118164,5.840000152587891,5.949999809265137,97788291,3.1895551681518555
2016-12-22,5.900000095367432,5.960000038146973,5.800000190734863,5.820000171661377,82275780,3.1198668479919434
2016-12-23,5.820000171661377,5.829999923706055,5.739999771118164,5.809999942779541,83664019,3.114506483078003
2016-12-28,5.769999980926514,5.949999809265137,5.75,5.840000152587891,101711755,3.1305882930755615
2016-12-29,5.789999961853027,5.840000152587891,5.75,5.78000020980835,81249115,3.0984251499176025
2016-12-30,5.800000190734863,5.840000152587891,5.760000228881836,5.78000020980835,60770934,3.0984251499176025
2017-01-03,5.75,5.800000190734863,5.71999979019165,5.800000190734863,57195219,3.1091458797454834
2017-01-04,5.820000171661377,5.820000171661377,5.670000076293945,5.730000019073486,113050154,3.071621894836426
2017-01-05,5.829999923706055,6.010000228881836,5.809999942779541,5.96999979019165,186466227,3.2002758979797363
2017-01-06,6.03000020980835,6.139999866485596,6.019999980926514,6.039999961853027,178891778,3.237799882888794
2017-01-09,6.03000020980835,6.269999980926514,6.03000020980835,6.179999828338623,177872033,3.3128483295440674
2017-01-10,6.110000133514404,6.179999828338623,6.039999961853027,6.179999828338623,136437776,3.3128483295440674
2017-01-11,6.159999847412109,6.179999828338623,6.130000114440918,6.170000076293945,153471061,3.307488203048706
2017-01-12,6.199999809265137,6.21999979019165,6.110000133514404,6.119999885559082,107076722,3.2806851863861084
2017-01-13,6.170000076293945,6.309999942779541,6.170000076293945,6.28000020980835,103290400,3.366454839706421
2017-01-16,6.239999771118164,6.260000228881836,6.099999904632568,6.170000076293945,83335367,3.307488203048706
2017-01-17,6.179999828338623,6.28000020980835,6.170000076293945,6.239999771118164,73870316,3.3450124263763428
2017-01-18,6.239999771118164,6.380000114440918,6.239999771118164,6.320000171661377,103494375,3.387897253036499
2017-01-19,6.289999961853027,6.289999961853027,6.179999828338623,6.239999771118164,87863303,3.3450124263763428
2017-01-20,6.25,6.25,6.090000152587891,6.130000114440918,117002172,3.286046266555786
2017-01-23,6.130000114440918,6.239999771118164,6.079999923706055,6.079999923706055,89049649,3.259242534637451
2017-01-24,6.119999885559082,6.210000038146973,6.099999904632568,6.179999828338623,102177840,3.3128483295440674
2017-01-25,6.170000076293945,6.269999980926514,6.159999847412109,6.25,73283276,3.350372552871704
2017-01-26,6.269999980926514,6.340000152587891,6.230000019073486,6.300000190734863,95368596,3.377175807952881
2017-01-27,6.320000171661377,6.320000171661377,6.21999979019165,6.21999979019165,50157783,3.334291458129883
2017-02-01,6.150000095367432,6.199999809265137,6.050000190734863,6.130000114440918,120574430,3.286046266555786
2017-02-02,6.150000095367432,6.159999847412109,6.059999942779541,6.090000152587891,69406750,3.264603853225708
2017-02-03,6.090000152587891,6.099999904632568,5.949999809265137,6.039999961853027,127371521,3.237799882888794
2017-02-06,6.059999942779541,6.090000152587891,5.989999771118164,6.070000171661377,88385208,3.2538821697235107
2017-02-07,6.019999980926514,6.050000190734863,5.96999979019165,6.050000190734863,90055182,3.2431607246398926
2017-02-08,6.010000228881836,6.039999961853027,5.929999828338623,6.039999961853027,120091839,3.237799882888794
2017-02-09,6.010000228881836,6.070000171661377,6.0,6.0,120412629,3.216357946395874
2017-02-10,6.019999980926514,6.210000038146973,6.019999980926514,6.119999885559082,165491964,3.2806851863861084
2017-02-13,6.199999809265137,6.210000038146973,6.150000095367432,6.170000076293945,102762015,3.307488203048706
2017-02-14,6.159999847412109,6.170000076293945,6.079999923706055,6.139999866485596,100651492,3.291405439376831
2017-02-15,6.159999847412109,6.170000076293945,6.099999904632568,6.099999904632568,115409400,3.2699637413024902
2017-02-16,6.059999942779541,6.099999904632568,6.019999980926514,6.03000020980835,144767051,3.2324395179748535
2017-02-17,6.070000171661377,6.070000171661377,6.0,6.039999961853027,84921573,3.237799882888794
2017-02-20,6.039999961853027,6.159999847412109,6.039999961853027,6.110000133514404,97872790,3.275325059890747
2017-02-21,6.110000133514404,6.179999828338623,6.110000133514404,6.139999866485596,114457714,3.291405439376831
2017-02-22,6.190000057220459,6.210000038146973,6.119999885559082,6.210000038146973,123772424,3.328930139541626
2017-02-23,6.150000095367432,6.190000057220459,6.110000133514404,6.110000133514404,102625171,3.275325059890747
2017-02-24,6.130000114440918,6.159999847412109,6.099999904632568,6.110000133514404,97149663,3.275325059890747
2017-02-27,6.099999904632568,6.099999904632568,6.010000228881836,6.019999980926514,129001824,3.227079153060913
2017-02-28,6.019999980926514,6.039999961853027,5.889999866485596,5.909999847412109,149484000,3.1681125164031982
2017-03-01,5.929999828338623,5.929999828338623,5.820000171661377,5.829999923706055,144007551,3.125227689743042
2017-03-02,5.900000095367432,5.929999828338623,5.849999904632568,5.860000133514404,139305963,3.1413092613220215
2017-03-03,5.860000133514404,5.860000133514404,5.800000190734863,5.849999904632568,107342765,3.13594913482666
2017-03-06,5.860000133514404,5.909999847412109,5.820000171661377,5.880000114440918,80989438,3.1520304679870605
2017-03-07,5.869999885559082,5.940000057220459,5.860000133514404,5.920000076293945,59439064,3.173473358154297
2017-03-08,5.900000095367432,5.909999847412109,5.860000133514404,5.889999866485596,70358526,3.157390832901001
2017-03-09,5.760000228881836,5.78000020980835,5.71999979019165,5.760000228881836,139096363,3.087702989578247
2017-03-10,5.71999979019165,5.739999771118164,5.610000133514404,5.679999828338623,136037157,3.044818878173828
2017-03-13,5.659999847412109,5.730000019073486,5.659999847412109,5.699999809265137,82073903,3.055539608001709
2017-03-14,5.659999847412109,5.699999809265137,5.619999885559082,5.690000057220459,77158115,3.0501794815063477
2017-03-15,5.650000095367432,5.670000076293945,5.610000133514404,5.659999847412109,63489607,3.03409743309021
2017-03-16,5.78000020980835,5.849999904632568,5.769999980926514,5.840000152587891,163494605,3.1305882930755615
2017-03-17,5.809999942779541,5.860000133514404,5.789999961853027,5.860000133514404,124718767,3.1413092613220215
2017-03-20,5.800000190734863,5.880000114440918,5.800000190734863,5.869999885559082,92602721,3.146669864654541
2017-03-21,5.869999885559082,5.920000076293945,5.820000171661377,5.900000095367432,72713412,3.1627519130706787
2017-03-22,5.800000190734863,5.820000171661377,5.760000228881836,5.789999961853027,95235396,3.103785753250122
2017-03-23,5.820000171661377,5.869999885559082,5.760000228881836,5.789999961853027,72747130,3.103785753250122
2017-03-24,5.829999923706055,5.829999923706055,5.730000019073486,5.78000020980835,95667526,3.0984251499176025
2017-03-27,5.75,5.809999942779541,5.710000038146973,5.75,86063000,3.0823428630828857
2017-03-28,5.75,5.820000171661377,5.739999771118164,5.769999980926514,79066383,3.093064308166504
2017-03-29,5.820000171661377,5.840000152587891,5.739999771118164,5.75,114935913,3.0823428630828857
2017-03-30,5.789999961853027,5.800000190734863,5.730000019073486,5.760000228881836,73153046,3.087702989578247
2017-03-31,5.78000020980835,5.800000190734863,5.650000095367432,5.690000057220459,117192219,3.0501794815063477
2017-04-03,5.679999828338623,5.71999979019165,5.630000114440918,5.679999828338623,61827785,3.044818878173828
2017-04-05,5.690000057220459,5.71999979019165,5.650000095367432,5.699999809265137,105700028,3.055539608001709
2017-04-06,5.659999847412109,5.690000057220459,5.610000133514404,5.650000095367432,92369637,3.0287373065948486
2017-04-07,5.639999866485596,5.820000171661377,5.599999904632568,5.78000020980835,243227984,3.0984251499176025
2017-04-10,5.800000190734863,5.820000171661377,5.739999771118164,5.769999980926514,59320253,3.093064308166504
2017-04-11,5.760000228881836,5.769999980926514,5.650000095367432,5.679999828338623,115795329,3.044818878173828
2017-04-12,5.650000095367432,5.690000057220459,5.619999885559082,5.679999828338623,89894603,3.044818878173828
2017-04-13,5.679999828338623,5.730000019073486,5.650000095367432,5.690000057220459,73816637,3.0501794815063477
2017-04-18,5.650000095367432,5.679999828338623,5.610000133514404,5.630000114440918,67418119,3.0180158615112305
2017-04-19,5.599999904632568,5.619999885559082,5.5,5.559999942779541,95646523,2.980491876602173
2017-04-20,5.53000020980835,5.559999942779541,5.480000019073486,5.559999942779541,115111824,2.980491876602173
2017-04-21,5.579999923706055,5.599999904632568,5.510000228881836,5.519999980926514,73648475,2.9590494632720947
2017-04-24,5.510000228881836,5.539999961853027,5.440000057220459,5.510000228881836,99173567,2.9536890983581543
2017-04-25,5.559999942779541,5.559999942779541,5.5,5.53000020980835,103178344,2.964409589767456
2017-04-26,5.5,5.559999942779541,5.5,5.519999980926514,76617272,2.9590494632720947
2017-04-27,5.489999771118164,5.510000228881836,5.460000038146973,5.489999771118164,91019782,2.942967414855957
2017-04-28,5.480000019073486,5.510000228881836,5.46999979019165,5.480000019073486,39540164,2.9376068115234375
2017-05-02,5.460000038146973,5.5,5.409999847412109,5.449999809265137,73581973,2.9215247631073
2017-05-04,5.400000095367432,5.429999828338623,5.309999942779541,5.369999885559082,130634996,2.878640651702881
2017-05-05,5.28000020980835,5.289999961853027,5.190000057220459,5.239999771118164,150807498,2.8089523315429688
2017-05-08,5.309999942779541,5.320000171661377,5.239999771118164,5.25,97230289,2.8143134117126465
2017-05-09,5.25,5.349999904632568,5.230000019073486,5.320000171661377,81980670,2.851837396621704
2017-05-10,5.329999923706055,5.349999904632568,5.260000228881836,5.289999961853027,148436563,2.8357551097869873
2017-05-11,5.329999923706055,5.380000114440918,5.300000190734863,5.309999942779541,110583364,2.8464767932891846
2017-05-12,5.289999961853027,5.340000152587891,5.260000228881836,5.309999942779541,65219644,2.8464767932891846
2017-05-15,5.309999942779541,5.369999885559082,5.300000190734863,5.320000171661377,151306497,2.851837396621704
2017-05-16,5.360000133514404,5.369999885559082,5.340000152587891,5.340000152587891,95099597,2.862558603286743
2017-05-17,5.349999904632568,5.369999885559082,5.309999942779541,5.349999904632568,75642063,2.867919683456421
2017-05-18,5.340000152587891,5.340000152587891,5.28000020980835,5.309999942779541,84379452,2.8464767932891846
2017-05-19,5.300000190734863,5.300000190734863,5.21999979019165,5.260000228881836,119350568,2.819674015045166
2017-05-22,5.300000190734863,5.369999885559082,5.300000190734863,5.320000171661377,111422537,2.851837396621704
2017-05-23,5.360000133514404,5.369999885559082,5.300000190734863,5.329999923706055,115622864,2.8571982383728027
2017-05-24,5.329999923706055,5.349999904632568,5.309999942779541,5.320000171661377,71613142,2.851837396621704
2017-05-25,5.369999885559082,5.380000114440918,5.309999942779541,5.340000152587891,84214370,2.862558603286743
2017-05-26,5.300000190734863,5.309999942779541,5.239999771118164,5.289999961853027,119003351,2.8357551097869873
2017-05-29,5.260000228881836,5.28000020980835,5.230000019073486,5.260000228881836,75760024,2.819674015045166
2017-05-31,5.230000019073486,5.269999980926514,5.159999847412109,5.190000057220459,195375912,2.782149076461792
2017-06-01,5.21999979019165,5.21999979019165,5.139999866485596,5.170000076293945,119140383,2.771428108215332
2017-06-02,5.210000038146973,5.210000038146973,5.150000095367432,5.170000076293945,68840209,2.771428108215332
2017-06-05,5.150000095367432,5.190000057220459,5.130000114440918,5.159999847412109,69686115,2.7660677433013916
2017-06-06,5.139999866485596,5.159999847412109,5.119999885559082,5.130000114440918,63937629,2.749985933303833
2017-06-07,5.130000114440918,5.159999847412109,5.099999904632568,5.119999885559082,78380994,2.7446255683898926
2017-06-08,5.099999904632568,5.110000133514404,5.079999923706055,5.099999904632568,77874865,2.7339038848876953
2017-06-09,5.110000133514404,5.110000133514404,5.050000190734863,5.079999923706055,167312781,2.7231829166412354
2017-06-12,5.070000171661377,5.090000152587891,5.019999980926514,5.03000020980835,88848012,2.696380376815796
2017-06-13,5.050000190734863,5.079999923706055,5.03000020980835,5.050000190734863,73643434,2.707101583480835
2017-06-14,5.019999980926514,5.03000020980835,5.0,5.019999980926514,116160123,2.7144386768341064
2017-06-15,4.980000019073486,4.980000019073486,4.929999828338623,4.960000038146973,96984305,2.681995391845703
2017-06-16,4.929999828338623,4.96999979019165,4.929999828338623,4.96999979019165,75507750,2.6874024868011475
2017-06-19,4.940000057220459,4.989999771118164,4.940000057220459,4.96999979019165,51302992,2.6874024868011475
2017-06-20,4.949999809265137,4.96999979019165,4.889999866485596,4.920000076293945,94262305,2.6603665351867676
2017-06-21,4.880000114440918,4.880000114440918,4.829999923706055,4.860000133514404,105251818,2.627923011779785
2017-06-22,4.820000171661377,4.869999885559082,4.789999961853027,4.840000152587891,89958406,2.617108106613159
2017-06-23,4.840000152587891,4.860000133514404,4.809999942779541,4.849999904632568,73215592,2.6225154399871826
2017-06-26,4.849999904632568,4.880000114440918,4.829999923706055,4.869999885559082,66809526,2.6333298683166504
2017-06-27,4.869999885559082,4.869999885559082,4.829999923706055,4.829999923706055,63828836,2.6117007732391357
2017-06-28,4.860000133514404,4.860000133514404,4.809999942779541,4.840000152587891,68064893,2.617108106613159
2017-06-29,4.880000114440918,4.889999866485596,4.789999961853027,4.829999923706055,99256827,2.6117007732391357
2017-06-30,4.789999961853027,4.809999942779541,4.760000228881836,4.78000020980835,114639666,2.584665060043335
2017-07-03,4.809999942779541,4.829999923706055,4.760000228881836,4.769999980926514,109993159,2.5792574882507324
2017-07-04,4.809999942779541,5.03000020980835,4.800000190734863,4.900000095367432,322276673,2.6495518684387207
2017-07-05,4.980000019073486,4.989999771118164,4.920000076293945,4.940000057220459,128463356,2.6711809635162354
2017-07-06,4.880000114440918,4.889999866485596,4.860000133514404,4.880000114440918,100865221,2.638737678527832
2017-07-07,4.829999923706055,4.849999904632568,4.820000171661377,4.840000152587891,65496343,2.617108106613159
2017-07-10,4.820000171661377,4.820000171661377,4.71999979019165,4.769999980926514,168862636,2.5792574882507324
2017-07-11,4.75,4.789999961853027,4.739999771118164,4.78000020980835,100816024,2.584665060043335
2017-07-12,4.829999923706055,4.860000133514404,4.769999980926514,4.789999961853027,80215634,2.5900719165802
2017-07-13,4.840000152587891,4.900000095367432,4.809999942779541,4.829999923706055,102912298,2.6117007732391357
2017-07-14,4.849999904632568,4.909999847412109,4.829999923706055,4.880000114440918,81594251,2.638737678527832
2017-07-17,4.920000076293945,4.929999828338623,4.869999885559082,4.880000114440918,74190782,2.638737678527832
2017-07-18,4.860000133514404,4.929999828338623,4.860000133514404,4.909999847412109,63856846,2.654958724975586
2017-07-19,4.920000076293945,4.96999979019165,4.909999847412109,4.949999809265137,67710438,2.6765875816345215
2017-07-20,4.96999979019165,5.03000020980835,4.929999828338623,4.940000057220459,113126999,2.6711809635162354
2017-07-21,4.949999809265137,4.949999809265137,4.889999866485596,4.909999847412109,107788135,2.654958724975586
2017-07-24,4.909999847412109,4.920000076293945,4.869999885559082,4.900000095367432,87268818,2.6495518684387207
2017-07-25,4.900000095367432,4.940000057220459,4.869999885559082,4.900000095367432,77845747,2.6495518684387207
2017-07-26,5.010000228881836,5.079999923706055,4.980000019073486,5.050000190734863,251284181,2.730660915374756
2017-07-27,5.099999904632568,5.159999847412109,5.070000171661377,5.070000171661377,215562489,2.7414755821228027
2017-07-28,5.03000020980835,5.050000190734863,4.980000019073486,5.03000020980835,101814771,2.71984601020813
2017-07-31,5.059999942779541,5.090000152587891,5.03000020980835,5.03000020980835,82383611,2.71984601020813
2017-08-01,5.170000076293945,5.179999828338623,5.079999923706055,5.079999923706055,177060138,2.746882438659668
2017-08-02,5.090000152587891,5.099999904632568,5.010000228881836,5.019999980926514,114172162,2.7144386768341064
2017-08-03,5.03000020980835,5.039999961853027,5.0,5.010000228881836,54037771,2.709031581878662
2017-08-04,5.0,5.039999961853027,5.0,5.019999980926514,66808994,2.7144386768341064
2017-08-07,5.039999961853027,5.070000171661377,5.019999980926514,5.019999980926514,84652251,2.7144386768341064
2017-08-08,5.0,5.039999961853027,4.989999771118164,5.039999961853027,86299786,2.7252533435821533
2017-08-09,5.010000228881836,5.010000228881836,4.980000019073486,5.0,78201364,2.7036242485046387
2017-08-10,5.0,5.03000020980835,4.949999809265137,4.989999771118164,85499121,2.6982171535491943
2017-08-11,4.940000057220459,4.989999771118164,4.900000095367432,4.929999828338623,132931275,2.665773391723633
2017-08-14,4.920000076293945,4.980000019073486,4.909999847412109,4.949999809265137,50328303,2.6765875816345215
2017-08-15,4.909999847412109,4.920000076293945,4.849999904632568,4.860000133514404,162134320,2.627923011779785
2017-08-16,4.880000114440918,4.889999866485596,4.840000152587891,4.869999885559082,45232683,2.6333298683166504
2017-08-17,4.849999904632568,4.869999885559082,4.809999942779541,4.820000171661377,106760515,2.6062934398651123
2017-08-18,4.809999942779541,4.829999923706055,4.789999961853027,4.789999961853027,103831298,2.5900719165802
2017-08-21,4.820000171661377,4.920000076293945,4.809999942779541,4.860000133514404,121587415,2.627923011779785
2017-08-22,4.880000114440918,4.889999866485596,4.840000152587891,4.860000133514404,80090951,2.627923011779785
2017-08-23,4.860000133514404,4.860000133514404,4.860000133514404,4.860000133514404,0,2.627923011779785
2017-08-24,4.949999809265137,4.949999809265137,4.820000171661377,4.820000171661377,106019265,2.6062934398651123
2017-08-25,5.0,5.039999961853027,4.96999979019165,5.0,271249634,2.7036242485046387
2017-08-28,5.039999961853027,5.050000190734863,4.949999809265137,5.0,146248192,2.7036242485046387
2017-08-29,4.960000038146973,4.989999771118164,4.949999809265137,4.980000019073486,78592715,2.692809820175171
2017-08-30,5.0,5.039999961853027,4.96999979019165,5.019999980926514,119514000,2.7144386768341064
2017-08-31,5.03000020980835,5.039999961853027,4.980000019073486,5.0,95456116,2.7036242485046387
2017-09-01,5.019999980926514,5.090000152587891,5.019999980926514,5.059999942779541,118015046,2.736067295074463
2017-09-04,5.059999942779541,5.110000133514404,5.019999980926514,5.050000190734863,80602888,2.730660915374756
2017-09-05,5.039999961853027,5.059999942779541,5.010000228881836,5.03000020980835,58598952,2.71984601020813
2017-09-06,5.039999961853027,5.050000190734863,4.989999771118164,5.019999980926514,86131281,2.7144386768341064
2017-09-07,5.010000228881836,5.059999942779541,4.980000019073486,4.980000019073486,97347260,2.737093448638916
2017-09-08,4.989999771118164,5.050000190734863,4.989999771118164,5.010000228881836,60369107,2.7535829544067383
2017-09-11,5.039999961853027,5.039999961853027,4.989999771118164,5.0,54514758,2.748086452484131
2017-09-12,5.019999980926514,5.03000020980835,4.989999771118164,5.019999980926514,78817839,2.75907826423645
2017-09-13,5.019999980926514,5.03000020980835,4.940000057220459,4.989999771118164,70747637,2.7425899505615234
2017-09-14,4.989999771118164,5.010000228881836,4.920000076293945,4.96999979019165,71062975,2.731597661972046
2017-09-15,4.96999979019165,4.980000019073486,4.900000095367432,4.949999809265137,133055185,2.7206051349639893
2017-09-18,4.960000038146973,5.010000228881836,4.940000057220459,4.960000038146973,86004948,2.7261013984680176
2017-09-19,4.920000076293945,4.960000038146973,4.900000095367432,4.929999828338623,62366965,2.709613084793091
2017-09-20,4.960000038146973,4.960000038146973,4.880000114440918,4.909999847412109,98371253,2.6986207962036133
2017-09-21,4.909999847412109,4.940000057220459,4.889999866485596,4.909999847412109,80921337,2.6986207962036133
2017-09-22,4.909999847412109,4.929999828338623,4.860000133514404,4.880000114440918,76636030,2.6821322441101074
2017-09-25,4.860000133514404,4.869999885559082,4.800000190734863,4.829999923706055,118964224,2.654651165008545
2017-09-26,4.889999866485596,5.03000020980835,4.880000114440918,5.0,277495651,2.748086452484131
2017-09-27,5.0,5.03000020980835,4.949999809265137,5.010000228881836,108169506,2.7535829544067383
2017-09-28,4.980000019073486,4.989999771118164,4.900000095367432,4.909999847412109,166519421,2.6986207962036133
2017-09-29,4.909999847412109,4.980000019073486,4.909999847412109,4.949999809265137,110635890,2.7206051349639893
2017-10-03,5.0,5.059999942779541,4.920000076293945,4.989999771118164,151122382,2.7425899505615234
2017-10-04,5.03000020980835,5.039999961853027,4.980000019073486,5.019999980926514,71895775,2.75907826423645
2017-10-06,5.079999923706055,5.090000152587891,5.019999980926514,5.039999961853027,93725466,2.770071029663086
2017-10-09,4.989999771118164,5.010000228881836,4.960000038146973,5.0,61758646,2.748086452484131
2017-10-10,4.980000019073486,5.0,4.960000038146973,5.0,49030277,2.748086452484131
2017-10-11,5.019999980926514,5.070000171661377,5.019999980926514,5.03000020980835,95439159,2.7645750045776367
2017-10-12,5.03000020980835,5.050000190734863,4.989999771118164,4.989999771118164,44851915,2.7425899505615234
2017-10-13,4.989999771118164,5.010000228881836,4.96999979019165,4.989999771118164,70715769,2.7425899505615234
2017-10-16,5.019999980926514,5.050000190734863,5.010000228881836,5.039999961853027,72466048,2.770071029663086
2017-10-17,5.070000171661377,5.079999923706055,5.050000190734863,5.050000190734863,86836316,2.7755672931671143
2017-10-18,5.039999961853027,5.059999942779541,5.019999980926514,5.050000190734863,66808253,2.7755672931671143
2017-10-19,5.050000190734863,5.059999942779541,4.96999979019165,4.989999771118164,128817260,2.7425899505615234
2017-10-20,5.0,5.019999980926514,4.940000057220459,5.010000228881836,71883508,2.7535829544067383
2017-10-23,5.010000228881836,5.019999980926514,4.909999847412109,4.96999979019165,88322452,2.731597661972046
2017-10-24,4.920000076293945,4.96999979019165,4.920000076293945,4.929999828338623,62639738,2.709613084793091
2017-10-25,4.960000038146973,4.980000019073486,4.929999828338623,4.96999979019165,73665450,2.731597661972046
2017-10-26,4.929999828338623,4.96999979019165,4.920000076293945,4.949999809265137,73317362,2.7206051349639893
2017-10-27,4.949999809265137,5.0,4.940000057220459,4.980000019073486,60466223,2.737093448638916
2017-10-30,5.03000020980835,5.150000095367432,5.019999980926514,5.090000152587891,246722032,2.7975525856018066
2017-10-31,5.150000095367432,5.150000095367432,5.079999923706055,5.090000152587891,115736204,2.7975525856018066
2017-11-01,5.099999904632568,5.139999866485596,5.099999904632568,5.110000133514404,116375608,2.808544397354126
2017-11-02,5.119999885559082,5.349999904632568,5.110000133514404,5.300000190734863,401105324,2.9129719734191895
2017-11-03,5.360000133514404,5.429999828338623,5.28000020980835,5.28000020980835,190475841,2.9019792079925537
2017-11-06,5.349999904632568,5.449999809265137,5.28000020980835,5.440000057220459,317603262,2.9899182319641113
2017-11-07,5.510000228881836,5.619999885559082,5.5,5.579999923706055,425450850,3.066864252090454
2017-11-08,5.579999923706055,5.630000114440918,5.489999771118164,5.510000228881836,229366347,3.028391122817993
2017-11-09,5.539999961853027,5.599999904632568,5.510000228881836,5.559999942779541,139631514,3.0558714866638184
2017-11-10,5.559999942779541,5.630000114440918,5.53000020980835,5.570000171661377,142354703,3.061368703842163
2017-11-13,5.53000020980835,5.570000171661377,5.449999809265137,5.489999771118164,161132751,3.0173983573913574
2017-11-14,5.429999828338623,5.510000228881836,5.380000114440918,5.420000076293945,139419754,2.9789254665374756
2017-11-15,5.309999942779541,5.329999923706055,5.199999809265137,5.25,254335285,2.8854901790618896
2017-11-16,5.179999828338623,5.269999980926514,5.179999828338623,5.239999771118164,115020295,2.8799943923950195
2017-11-17,5.260000228881836,5.289999961853027,5.179999828338623,5.199999809265137,119726935,2.8580095767974854
2017-11-20,5.230000019073486,5.260000228881836,5.130000114440918,5.159999847412109,136393540,2.8360249996185303
2017-11-21,5.150000095367432,5.210000038146973,5.099999904632568,5.190000057220459,152067812,2.8525137901306152
2017-11-22,5.25,5.309999942779541,5.25,5.289999961853027,162071448,2.907475471496582
2017-11-23,5.349999904632568,5.420000076293945,5.28000020980835,5.300000190734863,157535657,2.9129719734191895
2017-11-24,5.349999904632568,5.380000114440918,5.309999942779541,5.340000152587891,115714693,2.9349563121795654
2017-11-27,5.340000152587891,5.380000114440918,5.300000190734863,5.349999904632568,106813997,2.9404523372650146
2017-11-28,5.349999904632568,5.349999904632568,5.21999979019165,5.28000020980835,139699020,2.9019792079925537
2017-11-29,5.289999961853027,5.320000171661377,5.230000019073486,5.239999771118164,80112621,2.8799943923950195
2017-11-30,5.210000038146973,5.260000228881836,5.190000057220459,5.25,171800533,2.8854901790618896
2017-12-01,5.28000020980835,5.320000171661377,5.230000019073486,5.239999771118164,75212281,2.8799943923950195
2017-12-04,5.25,5.380000114440918,5.25,5.320000171661377,110802024,2.923964262008667
2017-12-05,5.289999961853027,5.340000152587891,5.260000228881836,5.309999942779541,67042934,2.9184682369232178
2017-12-06,5.360000133514404,5.360000133514404,5.199999809265137,5.21999979019165,117800558,2.8690013885498047
2017-12-07,5.210000038146973,5.230000019073486,5.110000133514404,5.150000095367432,139042505,2.830528736114502
2017-12-08,5.110000133514404,5.159999847412109,5.079999923706055,5.130000114440918,71422827,2.8195364475250244
2017-12-11,5.150000095367432,5.210000038146973,5.119999885559082,5.150000095367432,108203263,2.830528736114502
2017-12-12,5.210000038146973,5.230000019073486,5.150000095367432,5.210000038146973,121267573,2.8635058403015137
2017-12-13,5.239999771118164,5.420000076293945,5.21999979019165,5.409999847412109,270938680,2.9734294414520264
2017-12-14,5.429999828338623,5.449999809265137,5.360000133514404,5.409999847412109,143509577,2.9734294414520264
2017-12-15,5.360000133514404,5.400000095367432,5.289999961853027,5.360000133514404,127454866,2.945948839187622
2017-12-18,5.320000171661377,5.380000114440918,5.289999961853027,5.349999904632568,49735706,2.9404523372650146
2017-12-19,5.389999866485596,5.449999809265137,5.360000133514404,5.420000076293945,108192762,2.9789254665374756
2017-12-20,5.380000114440918,5.420000076293945,5.369999885559082,5.409999847412109,63148576,2.9734294414520264
2017-12-21,5.320000171661377,5.46999979019165,5.320000171661377,5.440000057220459,72743026,2.9899182319641113
2017-12-22,5.46999979019165,5.489999771118164,5.440000057220459,5.489999771118164,82421047,3.0173983573913574
2017-12-27,5.519999980926514,5.599999904632568,5.519999980926514,5.519999980926514,165327725,3.0338871479034424
2017-12-28,5.539999961853027,5.550000190734863,5.460000038146973,5.480000019073486,120988365,3.011902332305908
2017-12-29,5.489999771118164,5.519999980926514,5.440000057220459,5.449999809265137,61529460,2.9954137802124023
2018-01-02,5.460000038146973,5.579999923706055,5.460000038146973,5.579999923706055,169165519,3.066864252090454
2018-01-03,5.579999923706055,5.590000152587891,5.489999771118164,5.5,162299145,3.0228958129882812
2018-01-04,5.590000152587891,5.800000190734863,5.570000171661377,5.78000020980835,335204685,3.176787853240967
2018-01-05,5.829999923706055,5.869999885559082,5.760000228881836,5.800000190734863,211226017,3.1877808570861816
2018-01-08,5.800000190734863,5.820000171661377,5.650000095367432,5.760000228881836,166058005,3.165795087814331
2018-01-09,5.760000228881836,5.800000190734863,5.739999771118164,5.78000020980835,83752729,3.176787853240967
2018-01-10,5.849999904632568,5.949999809265137,5.800000190734863,5.820000171661377,229266922,3.198772668838501
2018-01-11,5.869999885559082,5.929999828338623,5.829999923706055,5.880000114440918,110045629,3.2317490577697754
2018-01-12,5.989999771118164,5.989999771118164,5.909999847412109,5.929999828338623,190708269,3.259230136871338
2018-01-15,5.989999771118164,6.0,5.880000114440918,5.909999847412109,157651005,3.2482378482818604
2018-01-16,5.96999979019165,5.980000019073486,5.869999885559082,5.900000095367432,133964159,3.242741584777832
2018-01-17,5.840000152587891,5.869999885559082,5.730000019073486,5.820000171661377,167783593,3.198772668838501
2018-01-18,5.860000133514404,5.880000114440918,5.760000228881836,5.829999923706055,130127526,3.20426869392395
2018-01-19,5.860000133514404,5.860000133514404,5.71999979019165,5.800000190734863,154321122,3.1877808570861816
2018-01-22,5.820000171661377,5.909999847412109,5.769999980926514,5.869999885559082,160414598,3.226252794265747
2018-01-23,5.880000114440918,5.920000076293945,5.840000152587891,5.900000095367432,131553090,3.242741584777832
2018-01-24,5.949999809265137,6.340000152587891,5.929999828338623,6.210000038146973,532385323,3.4131224155426025
2018-01-25,6.300000190734863,6.53000020980835,6.300000190734863,6.349999904632568,384463731,3.4900693893432617
2018-01-26,6.349999904632568,6.400000095367432,6.21999979019165,6.380000114440918,210386740,3.506558418273926
2018-01-29,6.460000038146973,6.659999847412109,6.440000057220459,6.480000019073486,292896129,3.5615203380584717
2018-01-30,6.380000114440918,6.420000076293945,6.21999979019165,6.25,238057976,3.4351084232330322
2018-01-31,6.03000020980835,6.210000038146973,6.019999980926514,6.199999809265137,275017105,3.4076263904571533
2018-02-01,6.159999847412109,6.210000038146973,6.070000171661377,6.099999904632568,173641935,3.352665901184082
2018-02-02,6.139999866485596,6.389999866485596,6.110000133514404,6.329999923706055,257531075,3.479077100753784
2018-02-05,6.070000171661377,6.199999809265137,6.059999942779541,6.170000076293945,160418024,3.3911385536193848
2018-02-06,5.900000095367432,5.920000076293945,5.71999979019165,5.809999942779541,386671180,3.1932764053344727
2018-02-07,5.920000076293945,5.96999979019165,5.619999885559082,5.659999847412109,312321414,3.1108336448669434
2018-02-08,5.590000152587891,5.639999866485596,5.510000228881836,5.570000171661377,178068706,3.061368703842163
2018-02-09,5.400000095367432,5.440000057220459,5.300000190734863,5.380000114440918,279536081,2.9569413661956787
2018-02-12,5.369999885559082,5.420000076293945,5.21999979019165,5.289999961853027,145602107,2.907475471496582
2018-02-13,5.400000095367432,5.400000095367432,5.289999961853027,5.309999942779541,126961811,2.9184682369232178
2018-02-14,5.300000190734863,5.380000114440918,5.260000228881836,5.340000152587891,114993069,2.9349563121795654
2018-02-15,5.489999771118164,5.519999980926514,5.449999809265137,5.449999809265137,145481067,2.9954137802124023
2018-02-20,5.449999809265137,5.53000020980835,5.380000114440918,5.420000076293945,118340136,2.9789254665374756
2018-02-21,5.460000038146973,5.590000152587891,5.440000057220459,5.570000171661377,134229334,3.061368703842163
2018-02-22,5.5,5.550000190734863,5.460000038146973,5.480000019073486,169520133,3.011902332305908
2018-02-23,5.579999923706055,5.630000114440918,5.519999980926514,5.570000171661377,104795260,3.061368703842163
2018-02-26,5.639999866485596,5.710000038146973,5.599999904632568,5.619999885559082,138584619,3.0888490676879883
2018-02-27,5.679999828338623,5.71999979019165,5.559999942779541,5.619999885559082,131279790,3.0888490676879883
2018-02-28,5.559999942779541,5.630000114440918,5.480000019073486,5.53000020980835,140594659,3.039384365081787
2018-03-01,5.420000076293945,5.489999771118164,5.369999885559082,5.460000038146973,125641530,3.000910520553589
2018-03-02,5.349999904632568,5.389999866485596,5.300000190734863,5.349999904632568,191449517,2.9404523372650146
2018-03-05,5.349999904632568,5.420000076293945,5.210000038146973,5.239999771118164,140991455,2.8799943923950195
2018-03-06,5.380000114440918,5.440000057220459,5.360000133514404,5.380000114440918,155362157,2.9569413661956787
2018-03-07,5.329999923706055,5.369999885559082,5.25,5.269999980926514,125596099,2.8964831829071045
2018-03-08,5.289999961853027,5.400000095367432,5.289999961853027,5.360000133514404,90428907,2.945948839187622
2018-03-09,5.420000076293945,5.420000076293945,5.329999923706055,5.349999904632568,77979805,2.9404523372650146
2018-03-12,5.46999979019165,5.480000019073486,5.420000076293945,5.429999828338623,94664571,2.984421491622925
2018-03-13,5.429999828338623,5.449999809265137,5.369999885559082,5.409999847412109,60170394,2.9734294414520264
2018-03-14,5.380000114440918,5.409999847412109,5.320000171661377,5.389999866485596,62500304,2.962437152862549
2018-03-15,5.329999923706055,5.380000114440918,5.300000190734863,5.369999885559082,87851036,2.9514448642730713
2018-03-16,5.300000190734863,5.340000152587891,5.28000020980835,5.320000171661377,93736176,2.923964262008667
2018-03-19,5.320000171661377,5.409999847412109,5.300000190734863,5.340000152587891,51558382,2.9349563121795654
2018-03-20,5.289999961853027,5.380000114440918,5.289999961853027,5.340000152587891,91153995,2.9349563121795654
2018-03-21,5.429999828338623,5.579999923706055,5.420000076293945,5.46999979019165,194198332,3.006406307220459
2018-03-22,5.579999923706055,5.650000095367432,5.5,5.53000020980835,166900399,3.039384365081787
2018-03-23,5.340000152587891,5.440000057220459,5.300000190734863,5.369999885559082,229741384,2.9514448642730713
2018-03-26,5.440000057220459,5.46999979019165,5.309999942779541,5.449999809265137,183653529,2.9954137802124023
2018-03-27,5.489999771118164,5.599999904632568,5.429999828338623,5.5,139601676,3.0228958129882812
2018-03-28,5.429999828338623,5.53000020980835,5.380000114440918,5.489999771118164,145903568,3.0173983573913574
2018-03-29,5.460000038146973,5.489999771118164,5.369999885559082,5.389999866485596,132312210,2.962437152862549
2018-04-03,5.300000190734863,5.400000095367432,5.289999961853027,5.369999885559082,105551306,2.9514448642730713
2018-04-04,5.480000019073486,5.480000019073486,5.309999942779541,5.309999942779541,102203266,2.9184682369232178
2018-04-06,5.309999942779541,5.409999847412109,5.309999942779541,5.369999885559082,112022976,2.9514448642730713
2018-04-09,5.369999885559082,5.460000038146973,5.320000171661377,5.369999885559082,90078159,2.9514448642730713
2018-04-10,5.369999885559082,5.400000095367432,5.320000171661377,5.329999923706055,187596162,2.929459571838379
2018-04-11,5.460000038146973,5.579999923706055,5.449999809265137,5.53000020980835,338377636,3.039384365081787
2018-04-12,5.630000114440918,5.78000020980835,5.619999885559082,5.690000057220459,296819111,3.127322196960449
2018-04-13,5.71999979019165,5.75,5.650000095367432,5.699999809265137,136320941,3.1328179836273193
2018-04-16,5.699999809265137,5.710000038146973,5.53000020980835,5.590000152587891,109051570,3.0723602771759033
2018-04-17,5.539999961853027,5.570000171661377,5.489999771118164,5.519999980926514,145999170,3.0338871479034424
2018-04-18,5.630000114440918,5.650000095367432,5.519999980926514,5.619999885559082,133147684,3.0888490676879883
2018-04-19,5.789999961853027,5.960000038146973,5.769999980926514,5.940000057220459,324864645,3.2647268772125244
2018-04-20,5.889999866485596,5.929999828338623,5.849999904632568,5.869999885559082,184853657,3.226252794265747
2018-04-23,5.840000152587891,5.920000076293945,5.769999980926514,5.820000171661377,104548999,3.198772668838501
2018-04-24,5.860000133514404,5.920000076293945,5.789999961853027,5.860000133514404,163371362,3.220757007598877
2018-04-25,5.880000114440918,5.880000114440918,5.71999979019165,5.760000228881836,195471548,3.165795087814331
2018-04-26,5.760000228881836,5.789999961853027,5.570000171661377,5.619999885559082,146901432,3.0888490676879883
2018-04-27,5.739999771118164,5.800000190734863,5.659999847412109,5.739999771118164,138802634,3.1548032760620117
2018-04-30,5.800000190734863,5.829999923706055,5.699999809265137,5.789999961853027,146467677,3.182284116744995
2018-05-02,5.800000190734863,5.800000190734863,5.619999885559082,5.699999809265137,127245775,3.1328179836273193
2018-05-03,5.619999885559082,5.650000095367432,5.550000190734863,5.599999904632568,115845291,3.0778563022613525
2018-05-04,5.590000152587891,5.619999885559082,5.519999980926514,5.559999942779541,87754895,3.0558714866638184
2018-05-07,5.659999847412109,5.739999771118164,5.579999923706055,5.710000038146973,142360169,3.138314962387085
2018-05-08,5.75,5.789999961853027,5.679999828338623,5.699999809265137,132665854,3.1328179836273193
2018-05-09,5.710000038146973,5.989999771118164,5.710000038146973,5.949999809265137,286700935,3.270223617553711
2018-05-10,6.039999961853027,6.170000076293945,6.0,6.050000190734863,263951244,3.3251845836639404
2018-05-11,6.150000095367432,6.150000095367432,6.010000228881836,6.03000020980835,144190026,3.3141915798187256
2018-05-14,6.139999866485596,6.139999866485596,6.039999961853027,6.119999885559082,113040421,3.3636574745178223
2018-05-15,6.179999828338623,6.190000057220459,6.119999885559082,6.150000095367432,100416842,3.3801462650299072
2018-05-16,6.079999923706055,6.139999866485596,6.03000020980835,6.139999866485596,79943451,3.3746497631073
2018-05-17,6.199999809265137,6.199999809265137,6.119999885559082,6.119999885559082,144470607,3.3636574745178223
2018-05-18,6.239999771118164,6.550000190734863,6.199999809265137,6.510000228881836,382219968,3.5780088901519775
2018-05-21,6.53000020980835,6.550000190734863,6.429999828338623,6.440000057220459,136374454,3.5395355224609375
2018-05-23,6.440000057220459,6.440000057220459,6.139999866485596,6.150000095367432,204040872,3.3801462650299072
2018-05-24,6.139999866485596,6.300000190734863,6.119999885559082,6.239999771118164,133822774,3.429612159729004
2018-05-25,6.170000076293945,6.199999809265137,6.0,6.050000190734863,209607555,3.3251845836639404
2018-05-28,6.260000228881836,6.449999809265137,6.079999923706055,6.440000057220459,466200439,3.5395355224609375
2018-05-29,6.389999866485596,6.5,6.349999904632568,6.389999866485596,231618824,3.512054681777954
2018-05-30,6.289999961853027,6.360000133514404,6.25,6.28000020980835,154679773,3.451596975326538
2018-05-31,6.53000020980835,6.53000020980835,6.420000076293945,6.489999771118164,222628989,3.567016124725342
2018-06-01,6.519999980926514,6.519999980926514,6.389999866485596,6.480000019073486,190958593,3.5615203380584717
2018-06-04,6.5,6.53000020980835,6.400000095367432,6.46999979019165,108063569,3.556023359298706
2018-06-05,6.46999979019165,6.46999979019165,6.329999923706055,6.369999885559082,114192995,3.5010619163513184
2018-06-06,6.400000095367432,6.579999923706055,6.340000152587891,6.559999942779541,157555994,3.6054887771606445
2018-06-07,6.570000171661377,6.659999847412109,6.539999961853027,6.590000152587891,154715155,3.6219780445098877
2018-06-08,6.650000095367432,6.739999771118164,6.53000020980835,6.550000190734863,192015535,3.5999932289123535
2018-06-11,6.599999904632568,6.599999904632568,6.460000038146973,6.550000190734863,92714024,3.5999932289123535
2018-06-12,6.449999809265137,6.679999828338623,6.449999809265137,6.53000020980835,135889553,3.589000701904297
2018-06-13,6.389999866485596,6.429999828338623,6.230000019073486,6.269999980926514,112920706,3.485765218734741
2018-06-14,6.269999980926514,6.289999961853027,6.050000190734863,6.119999885559082,149081101,3.402374029159546
2018-06-15,6.090000152587891,6.210000038146973,6.039999961853027,6.039999961853027,137917742,3.357898235321045
2018-06-19,5.940000057220459,5.96999979019165,5.730000019073486,5.829999923706055,235388768,3.241150140762329
2018-06-20,5.78000020980835,5.940000057220459,5.760000228881836,5.849999904632568,140653229,3.2522687911987305
2018-06-21,5.809999942779541,5.920000076293945,5.739999771118164,5.769999980926514,102480364,3.207794427871704
2018-06-22,5.679999828338623,5.769999980926514,5.619999885559082,5.710000038146973,167576354,3.1744375228881836
2018-06-25,5.820000171661377,5.880000114440918,5.679999828338623,5.730000019073486,154395613,3.1855556964874268
2018-06-26,5.679999828338623,5.769999980926514,5.619999885559082,5.699999809265137,108969356,3.168877601623535
2018-06-27,5.820000171661377,5.849999904632568,5.690000057220459,5.71999979019165,128674266,3.1799964904785156
2018-06-28,5.849999904632568,5.949999809265137,5.820000171661377,5.860000133514404,170064632,3.257828950881958
2018-06-29,5.889999866485596,5.980000019073486,5.800000190734863,5.96999979019165,165212527,3.3189823627471924
2018-07-03,5.820000171661377,5.909999847412109,5.679999828338623,5.880000114440918,151357513,3.2689476013183594
2018-07-04,5.909999847412109,5.920000076293945,5.690000057220459,5.78000020980835,108233377,3.213352680206299
2018-07-05,5.659999847412109,5.739999771118164,5.550000190734863,5.690000057220459,118082583,3.1633176803588867
2018-07-06,5.670000076293945,5.75,5.590000152587891,5.659999847412109,95263373,3.1466400623321533
2018-07-09,5.769999980926514,5.78000020980835,5.659999847412109,5.730000019073486,85230067,3.1855556964874268
2018-07-10,5.800000190734863,5.880000114440918,5.769999980926514,5.860000133514404,129360357,3.257828950881958
2018-07-11,5.840000152587891,5.840000152587891,5.730000019073486,5.769999980926514,96378450,3.207794427871704
2018-07-12,5.710000038146973,5.769999980926514,5.650000095367432,5.75,97588091,3.1966750621795654
2018-07-13,5.78000020980835,5.800000190734863,5.71999979019165,5.75,79331741,3.1966750621795654
2018-07-16,5.75,5.789999961853027,5.630000114440918,5.71999979019165,73787000,3.1799964904785156
2018-07-17,5.619999885559082,5.659999847412109,5.510000228881836,5.559999942779541,150676576,3.0910449028015137
2018-07-18,5.519999980926514,5.570000171661377,5.46999979019165,5.510000228881836,70572342,3.063248872756958
2018-07-19,5.579999923706055,5.610000133514404,5.5,5.519999980926514,67568242,3.068808078765869
2018-07-20,5.590000152587891,5.699999809265137,5.519999980926514,5.639999866485596,134780475,3.1355204582214355
2018-07-23,5.610000133514404,5.670000076293945,5.579999923706055,5.590000152587891,80683604,3.1077237129211426
2018-07-24,5.449999809265137,5.659999847412109,5.449999809265137,5.619999885559082,92187121,3.1244020462036133
2018-07-25,5.75,5.820000171661377,5.699999809265137,5.760000228881836,111636036,3.2022337913513184
2018-07-26,5.849999904632568,5.889999866485596,5.78000020980835,5.820000171661377,93764523,3.235591173171997
2018-07-27,5.829999923706055,5.900000095367432,5.760000228881836,5.889999866485596,75954096,3.274507761001587
2018-07-30,5.869999885559082,5.940000057220459,5.849999904632568,5.920000076293945,65135297,3.291185140609741
2018-07-31,5.949999809265137,5.989999771118164,5.920000076293945,5.989999771118164,133857532,3.3301005363464355
2018-08-01,5.980000019073486,6.019999980926514,5.820000171661377,5.869999885559082,110070215,3.263387680053711
2018-08-02,5.78000020980835,5.820000171661377,5.650000095367432,5.690000057220459,134653005,3.1633176803588867
2018-08-03,5.730000019073486,5.769999980926514,5.659999847412109,5.679999828338623,59448021,3.157758951187134
2018-08-06,5.659999847412109,5.78000020980835,5.650000095367432,5.699999809265137,80906293,3.168877601623535
2018-08-07,5.650000095367432,5.96999979019165,5.650000095367432,5.880000114440918,158745721,3.2689476013183594
2018-08-08,6.0,6.090000152587891,5.940000057220459,6.070000171661377,204344138,3.3745760917663574
2018-08-09,6.0,6.090000152587891,5.849999904632568,6.019999980926514,86315455,3.3467788696289062
2018-08-10,6.0,6.039999961853027,5.900000095367432,5.929999828338623,75918146,3.2967448234558105
2018-08-13,5.849999904632568,5.900000095367432,5.78000020980835,5.809999942779541,108576814,3.2300310134887695
2018-08-14,5.849999904632568,5.889999866485596,5.78000020980835,5.869999885559082,75385896,3.263387680053711
2018-08-15,5.840000152587891,5.860000133514404,5.71999979019165,5.800000190734863,74547476,3.2244725227355957
2018-08-16,5.650000095367432,5.800000190734863,5.650000095367432,5.739999771118164,90340865,3.191115617752075
2018-08-17,5.739999771118164,5.800000190734863,5.659999847412109,5.710000038146973,72923036,3.1744375228881836
2018-08-20,5.739999771118164,5.820000171661377,5.710000038146973,5.760000228881836,67367297,3.2022337913513184
2018-08-21,5.75,5.820000171661377,5.710000038146973,5.789999961853027,95783649,3.2189130783081055
2018-08-22,5.71999979019165,5.869999885559082,5.71999979019165,5.860000133514404,91172948,3.257828950881958
2018-08-23,5.880000114440918,5.909999847412109,5.769999980926514,5.800000190734863,84941565,3.2244725227355957
2018-08-24,5.78000020980835,5.909999847412109,5.760000228881836,5.800000190734863,88689327,3.2244725227355957
2018-08-27,5.900000095367432,6.039999961853027,5.800000190734863,6.010000228881836,144720829,3.3412206172943115
2018-08-28,6.079999923706055,6.090000152587891,5.960000038146973,5.989999771118164,61067732,3.3301005363464355
2018-08-29,5.980000019073486,6.079999923706055,5.96999979019165,6.070000171661377,98296522,3.3745760917663574
2018-08-30,6.099999904632568,6.150000095367432,6.039999961853027,6.070000171661377,131075038,3.3745760917663574
2018-08-31,5.929999828338623,5.940000057220459,5.800000190734863,5.840000152587891,178251955,3.2467100620269775
2018-09-03,5.800000190734863,5.849999904632568,5.659999847412109,5.71999979019165,125479062,3.1799964904785156
2018-09-04,5.710000038146973,5.809999942779541,5.679999828338623,5.789999961853027,67727714,3.2189130783081055
2018-09-05,5.789999961853027,5.800000190734863,5.619999885559082,5.659999847412109,107038226,3.1466400623321533
2018-09-06,5.679999828338623,5.789999961853027,5.639999866485596,5.75,179001999,3.1966750621795654
2018-09-07,5.769999980926514,5.809999942779541,5.71999979019165,5.800000190734863,157453725,3.2244725227355957
2018-09-10,5.809999942779541,5.869999885559082,5.769999980926514,5.829999923706055,145057895,3.241150140762329
2018-09-11,5.800000190734863,5.820000171661377,5.710000038146973,5.739999771118164,89530994,3.191115617752075
2018-09-12,5.829999923706055,5.840000152587891,5.699999809265137,5.760000228881836,92666937,3.2022337913513184
2018-09-13,5.849999904632568,6.010000228881836,5.809999942779541,5.940000057220459,220929160,3.3617987632751465
2018-09-14,5.909999847412109,6.050000190734863,5.820000171661377,5.96999979019165,127007357,3.378777265548706
2018-09-17,5.880000114440918,6.010000228881836,5.880000114440918,6.0,125377557,3.395756721496582
2018-09-18,6.0,6.079999923706055,5.929999828338623,6.050000190734863,134790557,3.424053907394409
2018-09-19,6.059999942779541,6.25,6.059999942779541,6.170000076293945,183124903,3.491969108581543
2018-09-20,6.28000020980835,6.28000020980835,6.099999904632568,6.159999847412109,108454981,3.486309289932251
2018-09-21,6.230000019073486,6.230000019073486,6.079999923706055,6.099999904632568,137976533,3.4523520469665527
2018-09-24,6.019999980926514,6.03000020980835,5.940000057220459,5.980000019073486,117041042,3.384437084197998
2018-09-26,6.099999904632568,6.320000171661377,6.099999904632568,6.269999980926514,228084773,3.548564910888672
2018-09-27,6.25,6.309999942779541,6.179999828338623,6.230000019073486,80400958,3.5259268283843994
2018-09-28,6.25,6.389999866485596,6.239999771118164,6.340000152587891,134790192,3.588181972503662
2018-10-02,6.519999980926514,6.519999980926514,6.28000020980835,6.329999923706055,181124060,3.582521915435791
2018-10-03,6.409999847412109,6.489999771118164,6.260000228881836,6.460000038146973,168281685,3.656097888946533
2018-10-04,6.460000038146973,6.489999771118164,6.21999979019165,6.289999961853027,157515683,3.5598843097686768
2018-10-05,6.150000095367432,6.260000228881836,6.150000095367432,6.230000019073486,132035294,3.5259268283843994
2018-10-08,6.21999979019165,6.269999980926514,6.079999923706055,6.119999885559082,167077732,3.4636707305908203
2018-10-09,6.119999885559082,6.300000190734863,6.119999885559082,6.21999979019165,159582157,3.5202670097351074
2018-10-10,6.199999809265137,6.320000171661377,6.199999809265137,6.230000019073486,154797487,3.5259268283843994
2018-10-11,5.96999979019165,6.039999961853027,5.829999923706055,5.989999771118164,226453435,3.390096426010132
2018-10-12,6.0,6.0,5.809999942779541,5.960000038146973,145042475,3.373117685317993
2018-10-15,5.960000038146973,6.070000171661377,5.900000095367432,6.0,118371880,3.395756721496582
2018-10-16,6.050000190734863,6.190000057220459,6.019999980926514,6.050000190734863,70866777,3.424053907394409
2018-10-18,6.130000114440918,6.130000114440918,5.900000095367432,5.960000038146973,169144999,3.373117685317993
2018-10-19,5.929999828338623,5.96999979019165,5.829999923706055,5.920000076293945,99904034,3.3504796028137207
2018-10-22,5.880000114440918,6.110000133514404,5.880000114440918,6.03000020980835,103860632,3.4127352237701416
2018-10-23,5.96999979019165,6.010000228881836,5.840000152587891,5.920000076293945,98649122,3.3504796028137207
2018-10-24,5.809999942779541,5.889999866485596,5.639999866485596,5.809999942779541,143942420,3.2882237434387207
2018-10-25,5.590000152587891,5.650000095367432,5.550000190734863,5.650000095367432,180259361,3.1976704597473145
2018-10-26,5.679999828338623,5.710000038146973,5.550000190734863,5.559999942779541,97963995,3.1467342376708984
2018-10-29,5.679999828338623,5.690000057220459,5.550000190734863,5.579999923706055,169937633,3.158053159713745
2018-10-30,5.619999885559082,5.639999866485596,5.519999980926514,5.550000190734863,126978047,3.1410744190216064
2018-10-31,5.769999980926514,5.78000020980835,5.650000095367432,5.739999771118164,196521944,3.248605966567993
2018-11-01,5.789999961853027,5.860000133514404,5.760000228881836,5.789999961853027,94257023,3.276905059814453
2018-11-02,5.75,5.849999904632568,5.659999847412109,5.820000171661377,223381374,3.2938830852508545
2018-11-05,5.730000019073486,5.860000133514404,5.71999979019165,5.800000190734863,56840498,3.282564640045166
2018-11-06,5.840000152587891,5.960000038146973,5.820000171661377,5.929999828338623,91634520,3.3561389446258545
2018-11-07,5.920000076293945,6.039999961853027,5.849999904632568,5.96999979019165,105144213,3.378777265548706
2018-11-08,5.980000019073486,6.130000114440918,5.96999979019165,6.050000190734863,124312468,3.424053907394409
2018-11-09,5.920000076293945,5.989999771118164,5.849999904632568,5.909999847412109,70972947,3.3448193073272705
2018-11-12,5.889999866485596,5.96999979019165,5.869999885559082,5.960000038146973,69871997,3.373117685317993
2018-11-13,5.789999961853027,5.889999866485596,5.739999771118164,5.880000114440918,140385980,3.327840566635132
2018-11-14,5.710000038146973,5.730000019073486,5.630000114440918,5.670000076293945,163700169,3.2089900970458984
2018-11-15,5.699999809265137,5.730000019073486,5.639999866485596,5.699999809265137,88028927,3.2259678840637207
2018-11-16,5.650000095367432,5.699999809265137,5.619999885559082,5.679999828338623,105392330,3.214648723602295
2018-11-19,5.699999809265137,5.730000019073486,5.619999885559082,5.670000076293945,95855631,3.2089900970458984
2018-11-20,5.590000152587891,5.630000114440918,5.519999980926514,5.539999961853027,129580162,3.1354150772094727
2018-11-21,5.360000133514404,5.480000019073486,5.360000133514404,5.429999828338623,137843786,3.0731594562530518
2018-11-22,5.480000019073486,5.489999771118164,5.380000114440918,5.420000076293945,81639000,3.0674991607666016
2018-11-23,5.409999847412109,5.420000076293945,5.349999904632568,5.380000114440918,70187050,3.044861316680908
2018-11-26,5.329999923706055,5.329999923706055,5.210000038146973,5.300000190734863,197514665,2.999584913253784
2018-11-27,5.300000190734863,5.360000133514404,5.260000228881836,5.329999923706055,87825260,3.0165631771087646
2018-11-28,5.320000171661377,5.429999828338623,5.300000190734863,5.400000095367432,73677564,3.056180715560913
2018-11-29,5.409999847412109,5.480000019073486,5.400000095367432,5.429999828338623,88727732,3.0731594562530518
2018-11-30,5.46999979019165,5.539999961853027,5.420000076293945,5.489999771118164,121323310,3.107117176055908
2018-12-03,5.760000228881836,5.760000228881836,5.650000095367432,5.699999809265137,129474112,3.2259678840637207
2018-12-04,5.650000095367432,5.690000057220459,5.599999904632568,5.670000076293945,84154976,3.2089900970458984
2018-12-05,5.53000020980835,5.599999904632568,5.510000228881836,5.550000190734863,78936086,3.1410744190216064
2018-12-06,5.420000076293945,5.53000020980835,5.380000114440918,5.429999828338623,114894096,3.0731594562530518
2018-12-07,5.400000095367432,5.420000076293945,5.309999942779541,5.309999942779541,162365118,3.0052437782287598
2018-12-10,5.409999847412109,5.409999847412109,5.329999923706055,5.360000133514404,61579461,3.0335423946380615
2018-12-11,5.289999961853027,5.349999904632568,5.269999980926514,5.289999961853027,57551154,2.993924379348755
2018-12-12,5.369999885559082,5.400000095367432,5.329999923706055,5.380000114440918,62028967,3.044861316680908
2018-12-13,5.409999847412109,5.489999771118164,5.389999866485596,5.449999809265137,77730256,3.0844781398773193
2018-12-14,5.449999809265137,5.46999979019165,5.360000133514404,5.369999885559082,55653814,3.039201259613037
2018-12-17,5.360000133514404,5.369999885559082,5.300000190734863,5.309999942779541,49753027,3.0052437782287598
2018-12-18,5.260000228881836,5.320000171661377,5.159999847412109,5.190000057220459,103822479,2.9373292922973633
2018-12-19,5.110000133514404,5.130000114440918,5.010000228881836,5.039999961853027,175355569,2.852435350418091
2018-12-20,5.010000228881836,5.019999980926514,4.909999847412109,4.949999809265137,89493827,2.8014981746673584
2018-12-21,4.909999847412109,4.920000076293945,4.849999904632568,4.880000114440918,123718711,2.7618818283081055
2018-12-24,4.820000171661377,4.869999885559082,4.820000171661377,4.849999904632568,31930970,2.7449028491973877
2018-12-27,4.980000019073486,5.019999980926514,4.820000171661377,4.840000152587891,66833903,2.7392427921295166
2018-12-28,4.889999866485596,4.889999866485596,4.809999942779541,4.809999942779541,55949464,2.722264289855957
2018-12-31,4.860000133514404,4.900000095367432,4.829999923706055,4.880000114440918,29397578,2.7618818283081055
2019-01-02,4.800000190734863,4.829999923706055,4.590000152587891,4.630000114440918,183543299,2.620391845703125
2019-01-03,4.650000095367432,4.789999961853027,4.639999866485596,4.760000228881836,112858451,2.69396710395813
2019-01-04,4.730000019073486,4.920000076293945,4.730000019073486,4.880000114440918,109483505,2.7618818283081055
2019-01-07,4.929999828338623,4.940000057220459,4.840000152587891,4.909999847412109,87491197,2.7788608074188232
2019-01-08,4.920000076293945,4.980000019073486,4.849999904632568,4.949999809265137,80239063,2.8014981746673584
2019-01-09,5.050000190734863,5.099999904632568,5.010000228881836,5.03000020980835,132605958,2.8467752933502197
2019-01-10,5.039999961853027,5.099999904632568,5.019999980926514,5.03000020980835,92855124,2.8467752933502197
2019-01-11,5.050000190734863,5.059999942779541,4.940000057220459,5.059999942779541,91682785,2.8637542724609375
2019-01-14,4.980000019073486,5.0,4.860000133514404,4.900000095367432,97700124,2.773200750350952
2019-01-15,4.949999809265137,5.059999942779541,4.929999828338623,5.010000228881836,80706089,2.835456609725952
2019-01-16,5.010000228881836,5.050000190734863,4.96999979019165,5.010000228881836,65287383,2.835456609725952
2019-01-17,5.010000228881836,5.010000228881836,4.920000076293945,4.989999771118164,69177584,2.8241372108459473
2019-01-18,5.039999961853027,5.079999923706055,5.0,5.050000190734863,74913333,2.858095169067383
2019-01-21,5.050000190734863,5.170000076293945,5.039999961853027,5.130000114440918,131964201,2.903371572494507
2019-01-22,5.159999847412109,5.190000057220459,4.940000057220459,4.960000038146973,156811981,2.8071582317352295
2019-01-23,4.949999809265137,4.989999771118164,4.880000114440918,4.900000095367432,106465057,2.773200750350952
2019-01-24,4.909999847412109,4.980000019073486,4.889999866485596,4.949999809265137,62627959,2.8014981746673584
2019-01-25,4.980000019073486,5.059999942779541,4.96999979019165,5.039999961853027,67463483,2.852435350418091
2019-01-28,5.010000228881836,5.070000171661377,4.960000038146973,4.989999771118164,70723974,2.8241372108459473
2019-01-29,4.940000057220459,5.0,4.909999847412109,4.980000019073486,68872055,2.8184778690338135
2019-01-30,5.010000228881836,5.010000228881836,4.929999828338623,4.980000019073486,88137789,2.8184778690338135
2019-01-31,5.0,5.079999923706055,4.980000019073486,5.059999942779541,116816463,2.8637542724609375
2019-02-01,5.079999923706055,5.099999904632568,5.039999961853027,5.070000171661377,68296916,2.8694143295288086
2019-02-04,5.070000171661377,5.099999904632568,5.019999980926514,5.050000190734863,37259089,2.858095169067383
2019-02-08,4.940000057220459,4.980000019073486,4.909999847412109,4.960000038146973,101813082,2.8071582317352295
2019-02-11,4.920000076293945,4.960000038146973,4.909999847412109,4.929999828338623,69401204,2.790179491043091
2019-02-12,4.880000114440918,4.940000057220459,4.880000114440918,4.920000076293945,98464939,2.784520149230957
2019-02-13,4.920000076293945,5.050000190734863,4.920000076293945,5.03000020980835,151496209,2.8467752933502197
2019-02-14,4.989999771118164,5.050000190734863,4.980000019073486,5.039999961853027,77809107,2.852435350418091
2019-02-15,5.03000020980835,5.050000190734863,4.960000038146973,4.980000019073486,81809350,2.8184778690338135
2019-02-18,5.050000190734863,5.25,5.03000020980835,5.210000038146973,236232133,2.948648691177368
2019-02-19,5.25,5.300000190734863,5.170000076293945,5.21999979019165,121631970,2.9543070793151855
2019-02-20,5.25,5.300000190734863,5.25,5.289999961853027,100003419,2.993924379348755
2019-02-21,5.28000020980835,5.349999904632568,5.25,5.289999961853027,96185998,2.993924379348755
2019-02-22,5.239999771118164,5.329999923706055,5.210000038146973,5.320000171661377,82921220,3.0109033584594727
2019-02-25,5.320000171661377,5.340000152587891,5.260000228881836,5.309999942779541,96546631,3.0052437782287598
2019-02-26,5.289999961853027,5.309999942779541,5.210000038146973,5.28000020980835,82980127,2.9882655143737793
2019-02-27,5.25,5.300000190734863,5.239999771118164,5.269999980926514,75496514,2.9826056957244873
2019-02-28,5.25,5.269999980926514,5.190000057220459,5.190000057220459,98864257,2.9373292922973633
2019-03-01,5.190000057220459,5.25,5.190000057220459,5.210000038146973,109510217,2.948648691177368
2019-03-04,5.159999847412109,5.260000228881836,5.150000095367432,5.179999828338623,120636642,2.9316694736480713
2019-03-05,5.230000019073486,5.230000019073486,5.119999885559082,5.190000057220459,99042737,2.9373292922973633
2019-03-06,5.199999809265137,5.199999809265137,5.130000114440918,5.159999847412109,67680007,2.9203500747680664
2019-03-07,5.150000095367432,5.179999828338623,5.130000114440918,5.130000114440918,66134043,2.903371572494507
2019-03-08,5.070000171661377,5.099999904632568,5.010000228881836,5.03000020980835,160510787,2.8467752933502197
2019-03-11,5.0,5.070000171661377,5.0,5.059999942779541,64658066,2.8637542724609375
2019-03-12,5.119999885559082,5.170000076293945,5.090000152587891,5.119999885559082,168582379,2.897711753845215
2019-03-13,5.099999904632568,5.130000114440918,5.070000171661377,5.099999904632568,53615664,2.88639235496521
2019-03-14,5.119999885559082,5.190000057220459,5.110000133514404,5.119999885559082,71566563,2.897711753845215
2019-03-15,5.079999923706055,5.170000076293945,5.079999923706055,5.099999904632568,109712084,2.88639235496521
2019-03-18,5.130000114440918,5.260000228881836,5.119999885559082,5.230000019073486,134916141,2.9599673748016357
2019-03-19,5.289999961853027,5.369999885559082,5.269999980926514,5.360000133514404,167359511,3.0335423946380615
2019-03-20,5.369999885559082,5.460000038146973,5.289999961853027,5.380000114440918,138875021,3.044861316680908
2019-03-21,5.400000095367432,5.46999979019165,5.340000152587891,5.389999866485596,100670051,3.0505211353302
2019-03-22,5.409999847412109,5.460000038146973,5.190000057220459,5.28000020980835,147395846,2.9882655143737793
2019-03-25,5.150000095367432,5.170000076293945,5.050000190734863,5.079999923706055,137157453,2.8750736713409424
2019-03-26,5.119999885559082,5.130000114440918,5.059999942779541,5.079999923706055,64513334,2.8750736713409424
2019-03-27,5.099999904632568,5.159999847412109,5.090000152587891,5.110000133514404,56924847,2.89205265045166
2019-03-28,5.079999923706055,5.130000114440918,5.050000190734863,5.110000133514404,70671754,2.89205265045166
2019-03-29,5.099999904632568,5.130000114440918,5.079999923706055,5.090000152587891,81409675,2.880733013153076
2019-04-01,5.159999847412109,5.179999828338623,5.110000133514404,5.150000095367432,86932226,2.9146907329559326
2019-04-02,5.190000057220459,5.230000019073486,5.139999866485596,5.150000095367432,107460348,2.9146907329559326
2019-04-03,5.210000038146973,5.230000019073486,5.170000076293945,5.190000057220459,86552690,2.9373292922973633
2019-04-04,5.199999809265137,5.25,5.159999847412109,5.210000038146973,72544840,2.948648691177368
2019-04-08,5.28000020980835,5.300000190734863,5.239999771118164,5.28000020980835,85870445,2.9882655143737793
2019-04-09,5.300000190734863,5.320000171661377,5.25,5.300000190734863,71978096,2.999584913253784
2019-04-10,5.260000228881836,5.28000020980835,5.199999809265137,5.230000019073486,94999086,2.9599673748016357
2019-04-11,5.28000020980835,5.28000020980835,5.119999885559082,5.159999847412109,67899052,2.9203500747680664
2019-04-12,5.159999847412109,5.170000076293945,5.059999942779541,5.110000133514404,118135651,2.89205265045166
2019-04-15,5.139999866485596,5.170000076293945,5.039999961853027,5.050000190734863,124901549,2.858095169067383
2019-04-16,5.039999961853027,5.099999904632568,5.019999980926514,5.050000190734863,66332980,2.858095169067383
2019-04-17,5.059999942779541,5.099999904632568,5.050000190734863,5.059999942779541,90654263,2.8637542724609375
2019-04-18,5.070000171661377,5.070000171661377,5.019999980926514,5.039999961853027,66353209,2.852435350418091
2019-04-23,5.099999904632568,5.170000076293945,5.079999923706055,5.110000133514404,112961190,2.89205265045166
2019-04-24,5.150000095367432,5.170000076293945,5.070000171661377,5.090000152587891,59393735,2.880733013153076
2019-04-25,5.070000171661377,5.099999904632568,5.050000190734863,5.079999923706055,55101440,2.8750736713409424
2019-04-26,5.050000190734863,5.070000171661377,5.03000020980835,5.050000190734863,53884706,2.858095169067383
2019-04-29,5.050000190734863,5.070000171661377,5.0,5.059999942779541,64255050,2.8637542724609375
2019-04-30,5.0,5.039999961853027,4.949999809265137,4.980000019073486,107122905,2.8184778690338135
2019-05-02,4.949999809265137,4.980000019073486,4.880000114440918,4.900000095367432,115002708,2.773200750350952
2019-05-03,4.880000114440918,4.900000095367432,4.820000171661377,4.880000114440918,76056088,2.7618818283081055
2019-05-06,4.820000171661377,4.829999923706055,4.71999979019165,4.789999961853027,131481796,2.7109453678131104
2019-05-07,4.840000152587891,4.840000152587891,4.760000228881836,4.769999980926514,83086626,2.6996264457702637
2019-05-08,4.71999979019165,4.739999771118164,4.679999828338623,4.699999809265137,92210700,2.6600089073181152
2019-05-09,4.659999847412109,4.710000038146973,4.630000114440918,4.639999866485596,94836593,2.626051425933838
2019-05-10,4.659999847412109,4.690000057220459,4.599999904632568,4.599999904632568,115164726,2.6034131050109863
2019-05-14,4.53000020980835,4.599999904632568,4.519999980926514,4.550000190734863,131006680,2.575115442276001
2019-05-15,4.53000020980835,4.630000114440918,4.53000020980835,4.550000190734863,115058171,2.575115442276001
2019-05-16,4.550000190734863,4.619999885559082,4.53000020980835,4.579999923706055,84104906,2.5920939445495605
2019-05-17,4.619999885559082,4.630000114440918,4.550000190734863,4.559999942779541,74192730,2.5807745456695557
2019-05-20,4.610000133514404,4.650000095367432,4.570000171661377,4.610000133514404,74796887,2.6090729236602783
2019-05-21,4.639999866485596,4.670000076293945,4.579999923706055,4.599999904632568,62217777,2.6034131050109863
2019-05-22,4.599999904632568,4.610000133514404,4.559999942779541,4.579999923706055,48400562,2.5920939445495605
2019-05-23,4.559999942779541,4.570000171661377,4.480000019073486,4.510000228881836,77034244,2.5524768829345703
2019-05-24,4.489999771118164,4.510000228881836,4.429999828338623,4.489999771118164,66950059,2.5411574840545654
2019-05-27,4.489999771118164,4.519999980926514,4.460000038146973,4.480000019073486,33395902,2.5354981422424316
2019-05-28,4.480000019073486,4.519999980926514,4.46999979019165,4.5,98436505,2.546816825866699
2019-05-29,4.460000038146973,4.489999771118164,4.429999828338623,4.429999828338623,73960709,2.50719952583313
2019-05-30,4.5,4.510000228881836,4.460000038146973,4.460000038146973,87404000,2.5241785049438477
2019-05-31,4.429999828338623,4.489999771118164,4.349999904632568,4.380000114440918,149699783,2.4789021015167236
2019-06-03,4.349999904632568,4.400000095367432,4.329999923706055,4.389999866485596,96633699,2.4845614433288574
2019-06-04,4.380000114440918,4.380000114440918,4.309999942779541,4.340000152587891,62681889,2.456263780593872
2019-06-05,4.369999885559082,4.380000114440918,4.260000228881836,4.289999961853027,110081049,2.4279658794403076
2019-06-06,4.289999961853027,4.300000190734863,4.25,4.28000020980835,59524779,2.4223060607910156
2019-06-10,4.320000171661377,4.389999866485596,4.309999942779541,4.349999904632568,94698134,2.461923122406006
2019-06-11,4.369999885559082,4.389999866485596,4.329999923706055,4.349999904632568,77418853,2.461923122406006
2019-06-12,4.340000152587891,4.349999904632568,4.260000228881836,4.28000020980835,70924556,2.4223060607910156
2019-06-13,4.25,4.269999980926514,4.190000057220459,4.230000019073486,104466458,2.394008159637451
2019-06-14,4.230000019073486,4.309999942779541,4.210000038146973,4.269999980926514,106585743,2.416646718978882
2019-06-17,4.28000020980835,4.329999923706055,4.260000228881836,4.28000020980835,58690803,2.4223060607910156
2019-06-18,4.25,4.300000190734863,4.25,4.28000020980835,32918470,2.4223060607910156
2019-06-19,4.380000114440918,4.409999847412109,4.340000152587891,4.369999885559082,106551720,2.4732422828674316
2019-06-20,4.28000020980835,4.349999904632568,4.25,4.340000152587891,98120904,2.515178918838501
2019-06-21,4.400000095367432,4.409999847412109,4.349999904632568,4.360000133514404,132813709,2.5267696380615234
2019-06-24,4.369999885559082,4.380000114440918,4.309999942779541,4.360000133514404,70068601,2.5267696380615234
2019-06-25,4.380000114440918,4.380000114440918,4.28000020980835,4.309999942779541,67308007,2.4977920055389404
2019-06-26,4.340000152587891,4.340000152587891,4.289999961853027,4.300000190734863,28825687,2.491997003555298
2019-06-27,4.329999923706055,4.380000114440918,4.329999923706055,4.349999904632568,42194705,2.5209739208221436
2019-06-28,4.320000171661377,4.340000152587891,4.28000020980835,4.309999942779541,47337097,2.4977920055389404
2019-07-02,4.349999904632568,4.369999885559082,4.329999923706055,4.340000152587891,82401071,2.515178918838501
2019-07-03,4.309999942779541,4.309999942779541,4.230000019073486,4.269999980926514,103641563,2.474611520767212
2019-07-04,4.289999961853027,4.289999961853027,4.230000019073486,4.25,44757459,2.4630203247070312
2019-07-05,4.230000019073486,4.269999980926514,4.230000019073486,4.25,46817070,2.4630203247070312
2019-07-08,4.210000038146973,4.25,4.179999828338623,4.199999809265137,65659362,2.4340438842773438
2019-07-09,4.239999771118164,4.239999771118164,4.190000057220459,4.199999809265137,39771981,2.4340438842773438
2019-07-10,4.230000019073486,4.260000228881836,4.199999809265137,4.210000038146973,49988343,2.4398393630981445
2019-07-11,4.25,4.349999904632568,4.25,4.289999961853027,75510448,2.486201763153076
2019-07-12,4.260000228881836,4.320000171661377,4.260000228881836,4.28000020980835,49323763,2.4804065227508545
2019-07-15,4.28000020980835,4.289999961853027,4.179999828338623,4.269999980926514,99391606,2.474611520767212
2019-07-16,4.28000020980835,4.28000020980835,4.21999979019165,4.260000228881836,42524720,2.468816041946411
2019-07-17,4.21999979019165,4.269999980926514,4.210000038146973,4.260000228881836,48054705,2.468816041946411
2019-07-18,4.210000038146973,4.25,4.210000038146973,4.239999771118164,51261758,2.4572248458862305
2019-07-19,4.260000228881836,4.340000152587891,4.260000228881836,4.289999961853027,89953010,2.486201763153076
2019-07-22,4.260000228881836,4.300000190734863,4.230000019073486,4.239999771118164,39757483,2.4572248458862305
2019-07-23,4.230000019073486,4.260000228881836,4.210000038146973,4.239999771118164,49125342,2.4572248458862305
2019-07-24,4.260000228881836,4.289999961853027,4.239999771118164,4.239999771118164,35000893,2.4572248458862305
2019-07-25,4.239999771118164,4.28000020980835,4.230000019073486,4.269999980926514,51407026,2.474611520767212
2019-07-26,4.230000019073486,4.260000228881836,4.210000038146973,4.25,66685466,2.4630203247070312
2019-07-29,4.21999979019165,4.25,4.190000057220459,4.210000038146973,49833697,2.4398393630981445
2019-07-30,4.210000038146973,4.25,4.190000057220459,4.210000038146973,39714631,2.4398393630981445
2019-07-31,4.179999828338623,4.199999809265137,4.130000114440918,4.159999847412109,67610112,2.410862684249878
2019-08-01,4.099999904632568,4.199999809265137,4.099999904632568,4.170000076293945,88596768,2.4166574478149414
2019-08-02,4.079999923706055,4.079999923706055,4.019999980926514,4.019999980926514,125266297,2.3297278881073
2019-08-05,4.0,4.0,3.9000000953674316,3.9200000762939453,94101222,2.2717740535736084
2019-08-06,3.869999885559082,3.890000104904175,3.8299999237060547,3.869999885559082,119697540,2.242797374725342
2019-08-07,3.890000104904175,3.890000104904175,3.809999942779541,3.869999885559082,117407814,2.242797374725342
2019-08-08,3.8399999141693115,3.9000000953674316,3.8399999141693115,3.890000104904175,89427095,2.2543883323669434
2019-08-09,3.9000000953674316,3.9100000858306885,3.859999895095825,3.880000114440918,49884970,2.2485930919647217
2019-08-12,3.8499999046325684,3.9100000858306885,3.8299999237060547,3.8499999046325684,54553112,2.2312068939208984
2019-08-13,3.819999933242798,3.8299999237060547,3.759999990463257,3.7799999713897705,96892805,2.1906392574310303
2019-08-14,3.819999933242798,3.950000047683716,3.809999942779541,3.819999933242798,144639459,2.213820695877075
2019-08-15,3.7799999713897705,3.8299999237060547,3.759999990463257,3.809999942779541,83631126,2.2080256938934326
2019-08-16,3.819999933242798,3.8299999237060547,3.75,3.799999952316284,76477032,2.202230215072632
2019-08-19,3.8499999046325684,3.880000114440918,3.8299999237060547,3.8499999046325684,58162778,2.2312068939208984
2019-08-20,3.8299999237060547,3.940000057220459,3.819999933242798,3.9000000953674316,71349122,2.260183572769165
2019-08-21,3.869999885559082,3.9100000858306885,3.8499999046325684,3.890000104904175,78249524,2.2543883323669434
2019-08-22,3.9000000953674316,3.9000000953674316,3.819999933242798,3.8499999046325684,50490783,2.2312068939208984
2019-08-23,3.880000114440918,3.880000114440918,3.809999942779541,3.8299999237060547,72630671,2.219615936279297
2019-08-26,3.740000009536743,3.759999990463257,3.690000057220459,3.75,103518821,2.1732537746429443
2019-08-27,3.7699999809265137,3.7699999809265137,3.7100000381469727,3.7300000190734863,67803850,2.1616625785827637
2019-08-28,3.75,3.7699999809265137,3.700000047683716,3.7300000190734863,47713322,2.1616625785827637
2019-08-29,3.7200000286102295,3.759999990463257,3.700000047683716,3.75,69297688,2.1732537746429443
2019-08-30,3.8399999141693115,3.9700000286102295,3.8399999141693115,3.890000104904175,195138753,2.2543883323669434
2019-09-02,3.890000104904175,3.9100000858306885,3.8399999141693115,3.890000104904175,62787554,2.2543883323669434
2019-09-03,3.8399999141693115,3.9100000858306885,3.819999933242798,3.869999885559082,48592859,2.242797374725342
2019-09-04,3.9100000858306885,3.940000057220459,3.8499999046325684,3.9100000858306885,114234696,2.265979051589966
2019-09-05,3.9100000858306885,4.03000020980835,3.9100000858306885,3.9800000190734863,89002129,2.3065459728240967
2019-09-06,4.0,4.039999961853027,3.9700000286102295,3.990000009536743,67777273,2.3123414516448975
2019-09-09,4.050000190734863,4.170000076293945,4.03000020980835,4.119999885559082,222861728,2.387681007385254
2019-09-10,4.139999866485596,4.25,4.139999866485596,4.210000038146973,234938684,2.4398393630981445
2019-09-11,4.25,4.269999980926514,4.179999828338623,4.25,133784014,2.4630203247070312
2019-09-12,4.21999979019165,4.21999979019165,4.139999866485596,4.190000057220459,110256651,2.428248405456543
2019-09-13,4.159999847412109,4.239999771118164,4.159999847412109,4.230000019073486,57112078,2.451430082321167
2019-09-16,4.449999809265137,4.460000038146973,4.300000190734863,4.320000171661377,317555794,2.5557312965393066
2019-09-17,4.329999923706055,4.360000133514404,4.300000190734863,4.309999942779541,153730626,2.5498149394989014
2019-09-18,4.21999979019165,4.25,4.190000057220459,4.239999771118164,87315419,2.5084028244018555
2019-09-19,4.21999979019165,4.21999979019165,4.079999923706055,4.159999847412109,94674254,2.4610748291015625
2019-09-20,4.210000038146973,4.210000038146973,4.150000095367432,4.159999847412109,87259696,2.4610748291015625
2019-09-23,4.190000057220459,4.190000057220459,4.119999885559082,4.130000114440918,57260465,2.443326473236084
2019-09-24,4.179999828338623,4.179999828338623,4.099999904632568,4.130000114440918,57362747,2.443326473236084
2019-09-25,4.099999904632568,4.110000133514404,4.010000228881836,4.050000190734863,78929611,2.395998477935791
2019-09-26,4.0,4.019999980926514,3.950000047683716,3.9700000286102295,102726204,2.3486697673797607
2019-09-27,3.9700000286102295,3.990000009536743,3.930000066757202,3.9600000381469727,52168380,2.3427538871765137
2019-09-30,4.03000020980835,4.070000171661377,4.0,4.03000020980835,87446748,2.3841662406921387
2019-10-02,4.0,4.059999942779541,3.9700000286102295,4.039999961853027,54665081,2.390082359313965
2019-10-03,4.0,4.050000190734863,3.9800000190734863,4.03000020980835,37658214,2.3841662406921387
2019-10-04,4.03000020980835,4.039999961853027,3.9200000762939453,3.9600000381469727,61211647,2.3427538871765137
2019-10-08,3.9600000381469727,4.070000171661377,3.9600000381469727,4.010000228881836,101104082,2.3723347187042236
2019-10-09,3.9700000286102295,4.0,3.9600000381469727,3.990000009536743,37959056,2.360501527786255
2019-10-10,3.9800000190734863,4.039999961853027,3.9600000381469727,4.0,46963307,2.36641788482666
2019-10-11,4.099999904632568,4.170000076293945,4.070000171661377,4.130000114440918,114289557,2.443326473236084
2019-10-14,4.130000114440918,4.159999847412109,4.059999942779541,4.130000114440918,68035293,2.443326473236084
2019-10-15,4.119999885559082,4.119999885559082,4.079999923706055,4.110000133514404,43219861,2.43149471282959
2019-10-16,4.059999942779541,4.079999923706055,4.0,4.079999923706055,78787206,2.4137465953826904
2019-10-17,4.110000133514404,4.150000095367432,4.050000190734863,4.090000152587891,62924136,2.4196624755859375
2019-10-18,4.090000152587891,4.099999904632568,4.039999961853027,4.059999942779541,58701978,2.401914596557617
2019-10-21,4.03000020980835,4.050000190734863,3.990000009536743,4.03000020980835,53428016,2.3841662406921387
2019-10-22,4.039999961853027,4.099999904632568,4.0,4.010000228881836,44542513,2.3723347187042236
2019-10-23,4.039999961853027,4.059999942779541,4.0,4.019999980926514,53916949,2.3782503604888916
2019-10-24,4.039999961853027,4.090000152587891,4.010000228881836,4.059999942779541,50499292,2.401914596557617
2019-10-25,4.079999923706055,4.119999885559082,4.050000190734863,4.079999923706055,56364649,2.4137465953826904
2019-10-28,4.130000114440918,4.130000114440918,4.090000152587891,4.119999885559082,65012142,2.437410593032837
2019-10-29,4.110000133514404,4.130000114440918,4.070000171661377,4.090000152587891,63000959,2.4196624755859375
2019-10-30,4.070000171661377,4.079999923706055,3.9800000190734863,4.010000228881836,74416384,2.3723347187042236
2019-10-31,3.859999895095825,3.9200000762939453,3.8499999046325684,3.8499999046325684,239788254,2.2776777744293213
2019-11-01,3.799999952316284,3.8399999141693115,3.799999952316284,3.809999942779541,131017504,2.2540132999420166
2019-11-04,3.8499999046325684,3.930000066757202,3.8499999046325684,3.880000114440918,109043474,2.2954256534576416
2019-11-05,3.9000000953674316,3.9800000190734863,3.869999885559082,3.9600000381469727,98940529,2.3427538871765137
2019-11-06,3.9700000286102295,4.0,3.940000057220459,3.9800000190734863,54803457,2.354585886001587
2019-11-07,3.9700000286102295,3.9800000190734863,3.9200000762939453,3.9700000286102295,57411256,2.3486697673797607
2019-11-08,3.930000066757202,3.9700000286102295,3.9200000762939453,3.950000047683716,64957735,2.3368380069732666
2019-11-11,3.890000104904175,3.9100000858306885,3.809999942779541,3.8499999046325684,117291477,2.2776777744293213
2019-11-12,3.8499999046325684,3.8499999046325684,3.799999952316284,3.8399999141693115,57803790,2.271761178970337
2019-11-13,3.7699999809265137,3.7899999618530273,3.7200000286102295,3.75,109075177,2.218517303466797
2019-11-14,3.759999990463257,3.7699999809265137,3.690000057220459,3.7200000286102295,94811011,2.2007687091827393
2019-11-15,3.75,3.75,3.690000057220459,3.700000047683716,50408041,2.188936710357666
2019-11-18,3.7300000190734863,3.759999990463257,3.700000047683716,3.7100000381469727,69721639,2.194852828979492
2019-11-19,3.690000057220459,3.740000009536743,3.680000066757202,3.7200000286102295,59310231,2.2007687091827393
2019-11-20,3.680000066757202,3.7200000286102295,3.680000066757202,3.7100000381469727,53944254,2.194852828979492
2019-11-21,3.680000066757202,3.7100000381469727,3.6600000858306885,3.6700000762939453,60456490,2.1711885929107666
2019-11-22,3.700000047683716,3.7200000286102295,3.6700000762939453,3.6700000762939453,59513927,2.1711885929107666
2019-11-25,3.680000066757202,3.7699999809265137,3.680000066757202,3.7200000286102295,82628259,2.2007687091827393
2019-11-26,3.7699999809265137,3.7799999713897705,3.7100000381469727,3.7100000381469727,104958532,2.194852828979492
2019-11-27,3.7200000286102295,3.7300000190734863,3.690000057220459,3.690000057220459,81249443,2.1830203533172607
2019-11-28,3.690000057220459,3.7300000190734863,3.680000066757202,3.680000066757202,50246278,2.1771047115325928
2019-11-29,3.680000066757202,3.680000066757202,3.609999895095825,3.609999895095825,111300564,2.1356923580169678
2019-12-02,3.609999895095825,3.619999885559082,3.5799999237060547,3.5999999046325684,55895875,2.1297764778137207
2019-12-03,3.5899999141693115,3.5999999046325684,3.559999942779541,3.5799999237060547,75297915,2.11794376373291
2019-12-04,3.5,3.559999942779541,3.5,3.5399999618530273,73498168,2.0942797660827637
2019-12-05,3.5799999237060547,3.5899999141693115,3.549999952316284,3.559999942779541,50431236,2.106112003326416
2019-12-06,3.5999999046325684,3.619999885559082,3.559999942779541,3.5799999237060547,72437778,2.11794376373291
2019-12-09,3.609999895095825,3.680000066757202,3.5999999046325684,3.630000114440918,110148768,2.14752459526062
2019-12-10,3.609999895095825,3.6500000953674316,3.5999999046325684,3.619999885559082,52460672,2.141608238220215
2019-12-11,3.609999895095825,3.680000066757202,3.5999999046325684,3.630000114440918,129544964,2.14752459526062
2019-12-12,3.6500000953674316,3.740000009536743,3.6500000953674316,3.700000047683716,111527407,2.188936710357666
2019-12-13,3.75,3.8299999237060547,3.740000009536743,3.8299999237060547,150876908,2.2658450603485107
2019-12-16,3.7799999713897705,3.8499999046325684,3.7799999713897705,3.799999952316284,122962527,2.2480969429016113
2019-12-17,3.799999952316284,3.890000104904175,3.799999952316284,3.8499999046325684,89741010,2.2776777744293213
2019-12-18,3.859999895095825,3.890000104904175,3.8299999237060547,3.859999895095825,68035918,2.2835934162139893
2019-12-19,3.869999885559082,3.869999885559082,3.799999952316284,3.8299999237060547,62098096,2.2658450603485107
2019-12-20,3.809999942779541,3.869999885559082,3.809999942779541,3.859999895095825,98618562,2.2835934162139893
2019-12-23,3.9100000858306885,3.9100000858306885,3.8299999237060547,3.8399999141693115,53584780,2.271761178970337
2019-12-24,3.8299999237060547,3.869999885559082,3.819999933242798,3.819999933242798,20612285,2.2599291801452637
2019-12-27,3.869999885559082,3.940000057220459,3.859999895095825,3.9200000762939453,98171338,2.319089651107788
2019-12-30,3.930000066757202,3.940000057220459,3.890000104904175,3.9000000953674316,92023850,2.307257652282715
2019-12-31,3.9100000858306885,3.940000057220459,3.869999885559082,3.9100000858306885,49062132,2.313173770904541
2020-01-02,3.9000000953674316,3.940000057220459,3.890000104904175,3.930000066757202,61367168,2.325005531311035
2020-01-03,3.930000066757202,4.090000152587891,3.930000066757202,4.039999961853027,232385261,2.390082359313965
2020-01-06,4.090000152587891,4.21999979019165,4.079999923706055,4.199999809265137,312356412,2.484738826751709
2020-01-07,4.179999828338623,4.179999828338623,4.110000133514404,4.130000114440918,130498542,2.443326473236084
2020-01-08,4.210000038146973,4.230000019073486,4.099999904632568,4.139999866485596,151756950,2.44924259185791
2020-01-09,4.050000190734863,4.099999904632568,4.050000190734863,4.099999904632568,134533182,2.4255783557891846
2020-01-10,4.079999923706055,4.079999923706055,3.9600000381469727,4.010000228881836,159606427,2.3723347187042236
2020-01-13,4.019999980926514,4.039999961853027,3.9600000381469727,3.990000009536743,114028183,2.360501527786255
2020-01-14,4.010000228881836,4.010000228881836,3.940000057220459,3.950000047683716,105100743,2.3368380069732666
2020-01-15,3.950000047683716,3.9800000190734863,3.930000066757202,3.940000057220459,55628616,2.3309214115142822
2020-01-16,3.9600000381469727,3.9800000190734863,3.9100000858306885,3.940000057220459,82458625,2.3309214115142822
2020-01-17,3.950000047683716,3.9800000190734863,3.9000000953674316,3.940000057220459,59110056,2.3309214115142822
2020-01-20,3.9100000858306885,3.940000057220459,3.880000114440918,3.890000104904175,68795540,2.3013415336608887
2020-01-21,3.880000114440918,3.9000000953674316,3.7699999809265137,3.7899999618530273,98768854,2.242180585861206
2020-01-22,3.7799999713897705,3.8499999046325684,3.759999990463257,3.819999933242798,44628832,2.2599291801452637
2020-01-23,3.75,3.7699999809265137,3.7100000381469727,3.7300000190734863,90150149,2.2066848278045654
2020-01-24,3.75,3.75,3.700000047683716,3.7300000190734863,36480940,2.2066848278045654
2020-01-29,3.5799999237060547,3.640000104904175,3.559999942779541,3.5899999141693115,121438301,2.1238603591918945
2020-01-30,3.549999952316284,3.559999942779541,3.4800000190734863,3.509999990463257,104343919,2.0765316486358643
2020-01-31,3.5299999713897705,3.549999952316284,3.450000047683716,3.450000047683716,103688013,2.0410361289978027
2020-02-03,3.4200000762939453,3.440000057220459,3.359999895095825,3.380000114440918,152026958,1.9996235370635986
2020-02-04,3.359999895095825,3.4200000762939453,3.359999895095825,3.4100000858306885,156735220,2.017371416091919
2020-02-05,3.380000114440918,3.440000057220459,3.359999895095825,3.4100000858306885,119084442,2.017371416091919
2020-02-06,3.450000047683716,3.5899999141693115,3.440000057220459,3.5299999713897705,242266532,2.0883638858795166
2020-02-07,3.490000009536743,3.5199999809265137,3.4700000286102295,3.5,59879701,2.070615768432617
2020-02-10,3.450000047683716,3.4700000286102295,3.4200000762939453,3.450000047683716,89351399,2.0410361289978027
2020-02-11,3.4800000190734863,3.5,3.4600000381469727,3.4600000381469727,84142465,2.0469517707824707
2020-02-12,3.4800000190734863,3.5199999809265137,3.450000047683716,3.5,72489332,2.070615768432617
2020-02-13,3.5199999809265137,3.5299999713897705,3.440000057220459,3.450000047683716,102932214,2.0410361289978027
2020-02-14,3.450000047683716,3.490000009536743,3.440000057220459,3.450000047683716,69545572,2.0410361289978027
2020-02-17,3.440000057220459,3.490000009536743,3.440000057220459,3.4600000381469727,68371362,2.0469517707824707
2020-02-18,3.440000057220459,3.4600000381469727,3.4100000858306885,3.4200000762939453,78005811,2.023287534713745
2020-02-19,3.4000000953674316,3.450000047683716,3.4000000953674316,3.4200000762939453,70515140,2.023287534713745
2020-02-20,3.440000057220459,3.4700000286102295,3.4100000858306885,3.4200000762939453,70815537,2.023287534713745
2020-02-21,3.4100000858306885,3.430000066757202,3.359999895095825,3.380000114440918,241866699,1.9996235370635986
2020-02-24,3.319999933242798,3.3299999237060547,3.2200000286102295,3.2200000286102295,318467454,1.9049664735794067
2020-02-25,3.200000047683716,3.2200000286102295,3.1700000762939453,3.190000057220459,183416014,1.8872185945510864
2020-02-26,3.119999885559082,3.200000047683716,3.119999885559082,3.1600000858306885,150220383,1.869470477104187
2020-02-27,3.140000104904175,3.190000057220459,3.130000114440918,3.1600000858306885,143318414,1.869470477104187
2020-02-28,3.119999885559082,3.119999885559082,3.0199999809265137,3.0199999809265137,269301936,1.786645770072937
2020-03-02,3.0799999237060547,3.1500000953674316,3.049999952316284,3.0999999046325684,194845810,1.83397376537323
2020-03-03,3.109999895095825,3.1500000953674316,3.0799999237060547,3.0899999141693115,111413694,1.828058123588562
2020-03-04,3.0899999141693115,3.0899999141693115,3.0299999713897705,3.0399999618530273,143691949,1.7984777688980103
2020-03-05,3.059999942779541,3.0999999046325684,3.0399999618530273,3.0899999141693115,120263398,1.828058123588562
2020-03-06,3.0399999618530273,3.059999942779541,3.009999990463257,3.009999990463257,132327278,1.7807296514511108
2020-03-09,2.700000047683716,2.7799999713897705,2.6500000953674316,2.7200000286102295,550780607,1.6091643571853638
2020-03-10,2.7200000286102295,2.8399999141693115,2.7200000286102295,2.7899999618530273,341523007,1.6505767107009888
2020-03-11,2.809999942779541,2.819999933242798,2.7300000190734863,2.7300000190734863,194819819,1.6150803565979004
2020-03-12,2.700000047683716,2.700000047683716,2.559999942779541,2.559999942779541,384476633,1.514507532119751
2020-03-13,2.440000057220459,2.619999885559082,2.359999895095825,2.5799999237060547,433210613,1.5263394117355347
2020-03-16,2.5,2.569999933242798,2.440000057220459,2.4600000381469727,271484598,1.4553472995758057
2020-03-17,2.4600000381469727,2.5,2.359999895095825,2.440000057220459,253642345,1.4435150623321533
2020-03-18,2.4000000953674316,2.4200000762939453,2.299999952316284,2.309999942779541,232121913,1.3666064739227295
2020-03-19,2.2699999809265137,2.299999952316284,2.200000047683716,2.2300000190734863,367126384,1.3192780017852783
2020-03-20,2.319999933242798,2.440000057220459,2.299999952316284,2.440000057220459,278522401,1.4435150623321533
2020-03-23,2.299999952316284,2.359999895095825,2.2899999618530273,2.299999952316284,205524867,1.3606903553009033
2020-03-24,2.4100000858306885,2.4600000381469727,2.369999885559082,2.450000047683716,273282656,1.4494309425354004
2020-03-25,2.5399999618530273,2.630000114440918,2.5199999809265137,2.630000114440918,348640281,1.555919885635376
2020-03-26,2.609999895095825,2.619999885559082,2.5399999618530273,2.569999933242798,200585349,1.5204237699508667
2020-03-27,2.5799999237060547,2.609999895095825,2.5199999809265137,2.549999952316284,246546048,1.5085914134979248
2020-03-30,2.4600000381469727,2.640000104904175,2.450000047683716,2.619999885559082,313970972,1.5500034093856812
2020-03-31,2.6600000858306885,2.8499999046325684,2.6500000953674316,2.8399999141693115,558512973,1.6801567077636719
2020-04-01,2.759999990463257,2.880000114440918,2.7200000286102295,2.7899999618530273,256006960,1.6505767107009888
2020-04-02,2.7799999713897705,3.0799999237060547,2.7699999809265137,3.059999942779541,519487377,1.810309648513794
2020-04-03,3.0399999618530273,3.059999942779541,2.859999895095825,2.890000104904175,249733016,1.7097370624542236
2020-04-06,2.9600000381469727,3.0,2.859999895095825,2.9800000190734863,143988692,1.7629812955856323
2020-04-07,3.0,3.009999990463257,2.890000104904175,2.990000009536743,206722895,1.7688976526260376
2020-04-08,2.9800000190734863,2.9800000190734863,2.9000000953674316,2.930000066757202,105050086,1.7334011793136597
2020-04-09,2.9600000381469727,3.0,2.930000066757202,2.9800000190734863,125563031,1.7629812955856323
2020-04-14,2.9600000381469727,2.9700000286102295,2.8499999046325684,2.9000000953674316,139159880,1.715653419494629
2020-04-15,2.859999895095825,2.9000000953674316,2.7799999713897705,2.7799999713897705,147603549,1.6446609497070312
2020-04-16,2.75,2.809999942779541,2.7300000190734863,2.75,120921450,1.6269123554229736
2020-04-17,2.7899999618530273,2.8299999237060547,2.759999990463257,2.759999990463257,109875596,1.6328284740447998
2020-04-20,2.7300000190734863,2.799999952316284,2.7300000190734863,2.7799999713897705,105518710,1.6446609497070312
2020-04-21,2.7200000286102295,2.7799999713897705,2.6700000762939453,2.7100000381469727,129300192,1.6032480001449585
2020-04-22,2.6600000858306885,2.700000047683716,2.609999895095825,2.680000066757202,111213729,1.5855001211166382
2020-04-23,2.700000047683716,2.7699999809265137,2.690000057220459,2.700000047683716,97689980,1.597332239151001
2020-04-24,2.7300000190734863,2.740000009536743,2.680000066757202,2.690000057220459,59785025,1.5914161205291748
2020-04-27,2.7200000286102295,2.75,2.7100000381469727,2.7300000190734863,58300255,1.6150803565979004
2020-04-28,2.740000009536743,2.759999990463257,2.680000066757202,2.75,60919757,1.6269123554229736
2020-04-29,2.819999933242798,2.859999895095825,2.7699999809265137,2.7899999618530273,91396901,1.6505767107009888
2020-05-04,2.680000066757202,2.700000047683716,2.509999990463257,2.549999952316284,237859446,1.5085914134979248
2020-05-05,2.5799999237060547,2.609999895095825,2.559999942779541,2.5999999046325684,86667975,1.5381720066070557
2020-05-06,2.630000114440918,2.7200000286102295,2.630000114440918,2.690000057220459,107693892,1.5914161205291748
2020-05-07,2.680000066757202,2.680000066757202,2.630000114440918,2.6600000858306885,76502763,1.5736678838729858
2020-05-08,2.680000066757202,2.7300000190734863,2.6600000858306885,2.700000047683716,76636839,1.597332239151001
2020-05-11,2.75,2.7899999618530273,2.740000009536743,2.75,65913165,1.6269123554229736
2020-05-12,2.7300000190734863,2.740000009536743,2.6500000953674316,2.6700000762939453,83314724,1.5795841217041016
2020-05-13,2.640000104904175,2.6700000762939453,2.619999885559082,2.640000104904175,108399898,1.5618360042572021
2020-05-14,2.609999895095825,2.619999885559082,2.569999933242798,2.5799999237060547,118427211,1.5263394117355347
2020-05-15,2.5899999141693115,2.5999999046325684,2.5299999713897705,2.559999942779541,69141869,1.514507532119751
2020-05-18,2.5799999237060547,2.7100000381469727,2.5799999237060547,2.700000047683716,133153155,1.597332239151001
2020-05-19,2.7799999713897705,2.8499999046325684,2.7699999809265137,2.7799999713897705,143783078,1.6446609497070312
2020-05-20,2.7699999809265137,2.7799999713897705,2.7200000286102295,2.740000009536743,76480121,1.620996356010437
2020-05-21,2.75,2.7799999713897705,2.7200000286102295,2.7300000190734863,73818156,1.6150803565979004
2020-05-22,2.6500000953674316,2.680000066757202,2.5399999618530273,2.569999933242798,224034745,1.5204237699508667
2020-05-25,2.549999952316284,2.5999999046325684,2.5199999809265137,2.5899999141693115,77332565,1.5322556495666504
2020-05-26,2.619999885559082,2.6700000762939453,2.619999885559082,2.6600000858306885,84223573,1.5736678838729858
2020-05-27,2.680000066757202,2.690000057220459,2.630000114440918,2.6500000953674316,68818475,1.5677520036697388
2020-05-28,2.619999885559082,2.6700000762939453,2.569999933242798,2.630000114440918,119014875,1.555919885635376
2020-05-29,2.5999999046325684,2.6600000858306885,2.5899999141693115,2.6600000858306885,143361259,1.5736678838729858
2020-06-01,2.700000047683716,2.75,2.680000066757202,2.7100000381469727,117458945,1.6032480001449585
2020-06-02,2.690000057220459,2.7200000286102295,2.6500000953674316,2.690000057220459,64009267,1.5914161205291748
2020-06-03,2.759999990463257,2.7799999713897705,2.740000009536743,2.7699999809265137,123794735,1.638744592666626
2020-06-04,2.7899999618530273,2.809999942779541,2.7200000286102295,2.740000009536743,79271439,1.620996356010437
2020-06-05,2.7300000190734863,2.819999933242798,2.7300000190734863,2.809999942779541,109071720,1.662408709526062
2020-06-08,2.880000114440918,2.890000104904175,2.819999933242798,2.8299999237060547,107321363,1.6742407083511353
2020-06-09,2.8499999046325684,2.9000000953674316,2.8399999141693115,2.869999885559082,116044590,1.6979044675827026
2020-06-10,2.8499999046325684,2.869999885559082,2.809999942779541,2.8299999237060547,85360192,1.6742407083511353
2020-06-11,2.809999942779541,2.819999933242798,2.7300000190734863,2.740000009536743,103505020,1.620996356010437
2020-06-12,2.6600000858306885,2.680000066757202,2.630000114440918,2.6600000858306885,95724399,1.5736678838729858
2020-06-15,2.630000114440918,2.6600000858306885,2.5799999237060547,2.5899999141693115,114148928,1.5322556495666504
2020-06-16,2.6700000762939453,2.7799999713897705,2.6600000858306885,2.75,150286594,1.6269123554229736
2020-06-17,2.740000009536743,2.819999933242798,2.7200000286102295,2.7899999618530273,104295689,1.6505767107009888
2020-06-18,2.7699999809265137,2.819999933242798,2.7300000190734863,2.7899999618530273,80916254,1.6505767107009888
2020-06-19,2.7699999809265137,2.809999942779541,2.75,2.7899999618530273,104677047,1.6505767107009888
2020-06-22,2.700000047683716,2.740000009536743,2.6700000762939453,2.690000057220459,75226751,1.633693814277649
2020-06-23,2.680000066757202,2.700000047683716,2.630000114440918,2.700000047683716,57419312,1.639767050743103
2020-06-24,2.740000009536743,2.75,2.640000104904175,2.6600000858306885,60750400,1.6154742240905762
2020-06-26,2.5999999046325684,2.6500000953674316,2.5999999046325684,2.609999895095825,61583311,1.5851080417633057
2020-06-29,2.5999999046325684,2.5999999046325684,2.549999952316284,2.569999933242798,95978887,1.5608153343200684
2020-06-30,2.5999999046325684,2.609999895095825,2.559999942779541,2.569999933242798,76454309,1.5608153343200684
2020-07-02,2.559999942779541,2.6600000858306885,2.559999942779541,2.640000104904175,98550013,1.6033275127410889
2020-07-03,2.680000066757202,2.7100000381469727,2.6600000858306885,2.700000047683716,128108077,1.639767050743103
2020-07-06,2.7100000381469727,2.930000066757202,2.690000057220459,2.9000000953674316,339111337,1.7612313032150269
2020-07-07,2.9000000953674316,2.930000066757202,2.7799999713897705,2.799999952316284,181730911,1.7004992961883545
2020-07-08,2.819999933242798,2.8499999046325684,2.7699999809265137,2.809999942779541,108885749,1.7065720558166504
2020-07-09,2.9100000858306885,2.930000066757202,2.8499999046325684,2.869999885559082,203111245,1.743011474609375
2020-07-10,2.8299999237060547,2.8399999141693115,2.740000009536743,2.759999990463257,142447116,1.6762062311172485
2020-07-13,2.7899999618530273,2.8299999237060547,2.75,2.7699999809265137,82475023,1.6822794675827026
2020-07-14,2.75,2.75,2.6700000762939453,2.700000047683716,99939276,1.639767050743103
2020-07-15,2.75,2.759999990463257,2.6700000762939453,2.700000047683716,68115450,1.639767050743103
2020-07-16,2.7200000286102295,2.7200000286102295,2.619999885559082,2.619999885559082,86507622,1.5911810398101807
2020-07-17,2.6500000953674316,2.700000047683716,2.640000104904175,2.6500000953674316,60206520,1.6094008684158325
2020-07-20,2.640000104904175,2.690000057220459,2.619999885559082,2.680000066757202,71728499,1.6276202201843262
2020-07-21,2.680000066757202,2.690000057220459,2.6500000953674316,2.6700000762939453,49989167,1.6215474605560303
2020-07-22,2.7899999618530273,2.9100000858306885,2.75,2.7799999713897705,360956624,1.6883527040481567
2020-07-23,2.809999942779541,2.859999895095825,2.759999990463257,2.799999952316284,131886255,1.7004992961883545
2020-07-24,2.930000066757202,2.940000057220459,2.809999942779541,2.859999895095825,321745426,1.736938238143921
2020-07-27,2.880000114440918,2.880000114440918,2.740000009536743,2.7799999713897705,140033148,1.6883527040481567
2020-07-28,2.799999952316284,2.8299999237060547,2.700000047683716,2.7300000190734863,111630909,1.6579866409301758
2020-07-29,2.7300000190734863,2.740000009536743,2.690000057220459,2.7200000286102295,75620751,1.6519135236740112
2020-07-30,2.7200000286102295,2.740000009536743,2.680000066757202,2.690000057220459,107570563,1.633693814277649
2020-07-31,2.690000057220459,2.7200000286102295,2.6600000858306885,2.690000057220459,103628238,1.633693814277649
2020-08-03,2.6600000858306885,2.690000057220459,2.609999895095825,2.630000114440918,190110733,1.5972542762756348
2020-08-04,2.6500000953674316,2.700000047683716,2.640000104904175,2.6700000762939453,117519397,1.6215474605560303
2020-08-05,2.690000057220459,2.809999942779541,2.690000057220459,2.7899999618530273,153235219,1.6944259405136108
2020-08-06,2.819999933242798,2.859999895095825,2.759999990463257,2.7799999713897705,167129505,1.6883527040481567
2020-08-07,2.7699999809265137,2.7699999809265137,2.680000066757202,2.7100000381469727,79231708,1.645839810371399
2020-08-10,2.680000066757202,2.700000047683716,2.6700000762939453,2.680000066757202,49793529,1.6276202201843262
2020-08-11,2.7200000286102295,2.75,2.6700000762939453,2.7100000381469727,59898528,1.645839810371399
2020-08-12,2.690000057220459,2.7300000190734863,2.6600000858306885,2.7300000190734863,76777969,1.6579866409301758
2020-08-13,2.740000009536743,2.759999990463257,2.690000057220459,2.7300000190734863,67280478,1.6579866409301758
2020-08-14,2.7200000286102295,2.7300000190734863,2.700000047683716,2.7100000381469727,57086029,1.645839810371399
2020-08-17,2.7100000381469727,2.7799999713897705,2.680000066757202,2.7699999809265137,75005073,1.6822794675827026
2020-08-18,2.7799999713897705,2.7899999618530273,2.740000009536743,2.75,63230080,1.6701329946517944
2020-08-19,2.630000114440918,2.75,2.549999952316284,2.7200000286102295,51427125,1.6519135236740112
2020-08-20,2.700000047683716,2.700000047683716,2.6700000762939453,2.680000066757202,85655277,1.6276202201843262
2020-08-21,2.690000057220459,2.7200000286102295,2.680000066757202,2.690000057220459,51072503,1.633693814277649
2020-08-24,2.7200000286102295,2.740000009536743,2.690000057220459,2.7100000381469727,51417734,1.645839810371399
2020-08-25,2.7200000286102295,2.7300000190734863,2.700000047683716,2.7300000190734863,48490132,1.6579866409301758
2020-08-26,2.7300000190734863,2.740000009536743,2.7100000381469727,2.7100000381469727,32421745,1.645839810371399
2020-08-27,2.7100000381469727,2.7200000286102295,2.6500000953674316,2.6500000953674316,116632489,1.6094008684158325
2020-08-28,2.6600000858306885,2.700000047683716,2.6600000858306885,2.6700000762939453,128803306,1.6215474605560303
2020-08-31,2.690000057220459,2.7899999618530273,2.680000066757202,2.680000066757202,169014066,1.6276202201843262
2020-09-01,2.680000066757202,2.7100000381469727,2.6700000762939453,2.690000057220459,70239655,1.633693814277649
2020-09-02,2.6700000762939453,2.680000066757202,2.619999885559082,2.630000114440918,140475715,1.5972542762756348
2020-09-03,2.619999885559082,2.640000104904175,2.5799999237060547,2.5799999237060547,124281739,1.5668883323669434
2020-09-04,2.569999933242798,2.5899999141693115,2.549999952316284,2.569999933242798,222437504,1.5608153343200684
2020-09-07,2.559999942779541,2.5899999141693115,2.5399999618530273,2.5399999618530273,112472577,1.5425957441329956
2020-09-08,2.549999952316284,2.5899999141693115,2.5399999618530273,2.549999952316284,93085439,1.5486685037612915
2020-09-09,2.5299999713897705,2.5399999618530273,2.509999990463257,2.5299999713897705,73469344,1.536522388458252
2020-09-10,2.559999942779541,2.559999942779541,2.490000009536743,2.490000009536743,84838321,1.5122296810150146
2020-09-11,2.490000009536743,2.509999990463257,2.4700000286102295,2.490000009536743,65433078,1.5122296810150146
2020-09-14,2.4800000190734863,2.509999990463257,2.4800000190734863,2.490000009536743,42813850,1.5122296810150146
2020-09-15,2.490000009536743,2.5,2.4800000190734863,2.4800000190734863,34374885,1.506156086921692
2020-09-16,2.5,2.509999990463257,2.4700000286102295,2.490000009536743,44411269,1.5122296810150146
2020-09-17,2.5,2.5999999046325684,2.5,2.509999990463257,92937918,1.5243756771087646
2020-09-18,2.5399999618530273,2.549999952316284,2.5,2.5199999809265137,59562870,1.5304492712020874
2020-09-21,2.5299999713897705,2.5299999713897705,2.4700000286102295,2.4700000286102295,62964201,1.500083088874817
2020-09-22,2.5,2.5,2.4100000858306885,2.4200000762939453,101507431,1.4697169065475464
2020-09-23,2.4100000858306885,2.4200000762939453,2.369999885559082,2.4100000858306885,87124678,1.4636437892913818
2020-09-24,2.380000114440918,2.4000000953674316,2.319999933242798,2.3399999141693115,130514405,1.4211311340332031
2020-09-25,2.359999895095825,2.4100000858306885,2.319999933242798,2.3299999237060547,135235846,1.4150581359863281
2020-09-28,2.3399999141693115,2.4100000858306885,2.3399999141693115,2.369999885559082,81421650,1.4393508434295654
2020-09-29,2.299999952316284,2.319999933242798,2.240000009536743,2.2699999809265137,74913986,1.4380396604537964
2020-09-30,2.299999952316284,2.299999952316284,2.2300000190734863,2.2699999809265137,55279924,1.4380396604537964
2020-10-05,2.2699999809265137,2.2799999713897705,2.2100000381469727,2.240000009536743,69914604,1.419034719467163
2020-10-06,2.259999990463257,2.299999952316284,2.240000009536743,2.259999990463257,71186443,1.4317046403884888
2020-10-07,2.240000009536743,2.2699999809265137,2.240000009536743,2.259999990463257,72782985,1.4317046403884888
2020-10-08,2.2699999809265137,2.2699999809265137,2.2300000190734863,2.2699999809265137,42769634,1.4380396604537964
2020-10-09,2.2899999618530273,2.2899999618530273,2.25,2.2699999809265137,55155618,1.4380396604537964
2020-10-12,2.2699999809265137,2.299999952316284,2.259999990463257,2.2899999618530273,84177268,1.4507094621658325
2020-10-14,2.2899999618530273,2.2899999618530273,2.2100000381469727,2.2300000190734863,123534505,1.4126996994018555
2020-10-15,2.2300000190734863,2.240000009536743,2.200000047683716,2.200000047683716,75806666,1.3936948776245117
2020-10-16,2.200000047683716,2.2300000190734863,2.200000047683716,2.200000047683716,64032612,1.3936948776245117
2020-10-19,2.200000047683716,2.2300000190734863,2.200000047683716,2.2100000381469727,90612876,1.4000296592712402
2020-10-20,2.200000047683716,2.2100000381469727,2.180000066757202,2.180000066757202,68264312,1.381024956703186
2020-10-21,2.190000057220459,2.2100000381469727,2.180000066757202,2.190000057220459,54635992,1.3873597383499146
2020-10-22,2.180000066757202,2.190000057220459,2.1600000858306885,2.1600000858306885,95548171,1.3683547973632812
2020-10-23,2.180000066757202,2.319999933242798,2.1700000762939453,2.299999952316284,270682941,1.4570446014404297
2020-10-27,2.2799999713897705,2.299999952316284,2.2300000190734863,2.259999990463257,108112198,1.4317046403884888
2020-10-28,2.259999990463257,2.2699999809265137,2.2100000381469727,2.2200000286102295,66312943,1.4063646793365479
2020-10-29,2.190000057220459,2.2100000381469727,2.180000066757202,2.180000066757202,74036922,1.381024956703186
2020-10-30,2.2100000381469727,2.240000009536743,2.1600000858306885,2.1700000762939453,113021008,1.3746898174285889
2020-11-02,2.190000057220459,2.2200000286102295,2.1700000762939453,2.200000047683716,64249594,1.3936948776245117
2020-11-03,2.25,2.2899999618530273,2.240000009536743,2.2699999809265137,107801974,1.4380396604537964
2020-11-04,2.2899999618530273,2.2899999618530273,2.2300000190734863,2.259999990463257,58435841,1.4317046403884888
2020-11-05,2.299999952316284,2.309999942779541,2.2699999809265137,2.299999952316284,63593818,1.4570446014404297
2020-11-06,2.2899999618530273,2.309999942779541,2.2699999809265137,2.299999952316284,79402201,1.4570446014404297
2020-11-09,2.319999933242798,2.3499999046325684,2.2899999618530273,2.3299999237060547,93823257,1.476049542427063
2020-11-10,2.4700000286102295,2.5,2.4200000762939453,2.4800000190734863,262807262,1.5710740089416504
2020-11-11,2.509999990463257,2.5299999713897705,2.450000047683716,2.5299999713897705,205290887,1.6027491092681885
2020-11-12,2.5299999713897705,2.5399999618530273,2.4600000381469727,2.4800000190734863,103018335,1.5710740089416504
2020-11-13,2.440000057220459,2.440000057220459,2.380000114440918,2.4100000858306885,119752882,1.5267293453216553
2020-11-16,2.430000066757202,2.450000047683716,2.4000000953674316,2.4200000762939453,73922448,1.5330641269683838
2020-11-17,2.4800000190734863,2.609999895095825,2.4600000381469727,2.5299999713897705,310590899,1.6027491092681885
2020-11-18,2.559999942779541,2.569999933242798,2.5,2.5299999713897705,122215116,1.6027491092681885
2020-11-19,2.5199999809265137,2.5399999618530273,2.4800000190734863,2.5199999809265137,115835659,1.5964140892028809
2020-11-20,2.5199999809265137,2.5199999809265137,2.4600000381469727,2.5,120758814,1.5837440490722656
2020-11-23,2.5199999809265137,2.5799999237060547,2.509999990463257,2.5799999237060547,119864633,1.634423851966858
2020-11-24,2.5999999046325684,2.6500000953674316,2.5799999237060547,2.5799999237060547,129382237,1.634423851966858
2020-11-25,2.6500000953674316,2.7200000286102295,2.609999895095825,2.619999885559082,183485028,1.6597635746002197
2020-11-26,2.630000114440918,2.6600000858306885,2.609999895095825,2.6500000953674316,100318960,1.6787687540054321
2020-11-27,2.640000104904175,2.640000104904175,2.5799999237060547,2.630000114440918,85810234,1.666098713874817
2020-11-30,2.609999895095825,2.609999895095825,2.450000047683716,2.4700000286102295,275603077,1.5647391080856323
2020-12-01,2.4700000286102295,2.5,2.440000057220459,2.450000047683716,125683669,1.552069067955017
2020-12-02,2.4600000381469727,2.509999990463257,2.450000047683716,2.4700000286102295,88446234,1.5647391080856323
2020-12-03,2.4800000190734863,2.5199999809265137,2.4700000286102295,2.4800000190734863,76779610,1.5710740089416504
2020-12-04,2.4800000190734863,2.490000009536743,2.430000066757202,2.450000047683716,132249328,1.552069067955017
2020-12-07,2.450000047683716,2.4700000286102295,2.390000104904175,2.4000000953674316,143670833,1.5203944444656372
2020-12-08,2.4100000858306885,2.4200000762939453,2.3299999237060547,2.359999895095825,134437565,1.4950544834136963
2020-12-09,2.359999895095825,2.369999885559082,2.319999933242798,2.3499999046325684,127070073,1.4887193441390991
2020-12-10,2.3299999237060547,2.359999895095825,2.319999933242798,2.319999933242798,80945562,1.4697144031524658
2020-12-11,2.380000114440918,2.440000057220459,2.359999895095825,2.380000114440918,127437751,1.507724404335022
2020-12-14,2.4000000953674316,2.4200000762939453,2.369999885559082,2.4100000858306885,62426413,1.5267293453216553
2020-12-15,2.369999885559082,2.4000000953674316,2.3499999046325684,2.390000104904175,41652725,1.51405930519104
2020-12-16,2.390000104904175,2.4200000762939453,2.380000114440918,2.390000104904175,53049784,1.51405930519104
2020-12-17,2.380000114440918,2.4200000762939453,2.359999895095825,2.4000000953674316,61724669,1.5203944444656372
2020-12-18,2.4000000953674316,2.4600000381469727,2.4000000953674316,2.4200000762939453,116550273,1.5330641269683838
2020-12-21,2.4000000953674316,2.4200000762939453,2.380000114440918,2.4000000953674316,60842982,1.5203944444656372
2020-12-22,2.3499999046325684,2.369999885559082,2.319999933242798,2.3399999141693115,120861642,1.482384443283081
2020-12-23,2.3399999141693115,2.390000104904175,2.319999933242798,2.3499999046325684,80130227,1.4887193441390991
2020-12-24,2.380000114440918,2.380000114440918,2.380000114440918,2.380000114440918,0,1.507724404335022
2020-12-28,2.380000114440918,2.440000057220459,2.380000114440918,2.4000000953674316,83152056,1.5203944444656372
2020-12-29,2.390000104904175,2.430000066757202,2.380000114440918,2.4100000858306885,47649617,1.5267293453216553
2020-12-30,2.4100000858306885,2.4200000762939453,2.390000104904175,2.4100000858306885,72387054,1.5267293453216553
2020-12-31,2.390000104904175,2.390000104904175,2.390000104904175,2.390000104904175,0,1.51405930519104
2021-01-04,2.390000104904175,2.4100000858306885,2.3299999237060547,2.4000000953674316,88466052,1.5203944444656372
2021-01-05,2.359999895095825,2.4000000953674316,2.3499999046325684,2.380000114440918,85782067,1.507724404335022
2021-01-06,2.4200000762939453,2.4700000286102295,2.4100000858306885,2.450000047683716,164429672,1.552069067955017
2021-01-07,2.450000047683716,2.4800000190734863,2.430000066757202,2.450000047683716,119332227,1.552069067955017
2021-01-08,2.4600000381469727,2.4600000381469727,2.380000114440918,2.4100000858306885,151651115,1.5267293453216553
2021-01-11,2.450000047683716,2.450000047683716,2.4000000953674316,2.450000047683716,115542275,1.552069067955017
2021-01-12,2.450000047683716,2.490000009536743,2.430000066757202,2.4800000190734863,103003560,1.5710740089416504
2021-01-13,2.509999990463257,2.609999895095825,2.4800000190734863,2.5899999141693115,260896196,1.6407588720321655
2021-01-14,2.619999885559082,2.630000114440918,2.569999933242798,2.5899999141693115,166496373,1.6407588720321655
2021-01-15,2.5999999046325684,2.630000114440918,2.549999952316284,2.5799999237060547,109800406,1.634423851966858
2021-01-18,2.569999933242798,2.5999999046325684,2.5199999809265137,2.5999999046325684,63827876,1.6470938920974731
2021-01-19,2.619999885559082,2.6500000953674316,2.5999999046325684,2.640000104904175,193505044,1.672433853149414
2021-01-20,2.6600000858306885,2.6600000858306885,2.5799999237060547,2.630000114440918,144892755,1.666098713874817
2021-01-21,2.640000104904175,2.6600000858306885,2.609999895095825,2.640000104904175,115975267,1.672433853149414
2021-01-22,2.640000104904175,2.640000104904175,2.5,2.5299999713897705,152316836,1.6027491092681885
2021-01-25,2.5199999809265137,2.5199999809265137,2.450000047683716,2.450000047683716,171460764,1.552069067955017
2021-01-26,2.430000066757202,2.4800000190734863,2.390000104904175,2.4100000858306885,165861938,1.5267293453216553
2021-01-27,2.440000057220459,2.509999990463257,2.440000057220459,2.4600000381469727,102023499,1.5584042072296143
2021-01-28,2.450000047683716,2.450000047683716,2.380000114440918,2.390000104904175,129314754,1.51405930519104
2021-01-29,2.4000000953674316,2.4100000858306885,2.3499999046325684,2.3499999046325684,115571626,1.4887193441390991
2021-02-01,2.3499999046325684,2.359999895095825,2.319999933242798,2.3499999046325684,117901672,1.4887193441390991
2021-02-02,2.359999895095825,2.4000000953674316,2.3399999141693115,2.3399999141693115,139025167,1.482384443283081
2021-02-03,2.359999895095825,2.380000114440918,2.3399999141693115,2.369999885559082,136824185,1.5013892650604248
2021-02-04,2.4200000762939453,2.450000047683716,2.359999895095825,2.380000114440918,172473857,1.507724404335022
2021-02-05,2.390000104904175,2.4200000762939453,2.380000114440918,2.390000104904175,128520662,1.51405930519104
2021-02-08,2.4200000762939453,2.4600000381469727,2.390000104904175,2.390000104904175,121158805,1.51405930519104
2021-02-09,2.4200000762939453,2.4700000286102295,2.4100000858306885,2.440000057220459,158942308,1.5457342863082886
2021-02-10,2.450000047683716,2.4800000190734863,2.4200000762939453,2.440000057220459,95113107,1.5457342863082886
2021-02-11,2.430000066757202,2.430000066757202,2.430000066757202,2.430000066757202,0,1.539399266242981
2021-02-16,2.5199999809265137,2.759999990463257,2.509999990463257,2.75,603309205,1.7421185970306396
2021-02-17,2.7100000381469727,2.809999942779541,2.6600000858306885,2.75,338679674,1.7421185970306396
2021-02-18,2.740000009536743,2.75,2.6700000762939453,2.700000047683716,284379094,1.7104436159133911
2021-02-19,2.6700000762939453,2.700000047683716,2.609999895095825,2.6700000762939453,212900210,1.6914386749267578
2021-02-22,2.7100000381469727,2.9000000953674316,2.690000057220459,2.799999952316284,443268629,1.773793339729309
2021-02-23,2.890000104904175,2.940000057220459,2.8499999046325684,2.890000104904175,405850536,1.8308079242706299
2021-02-24,2.9200000762939453,2.9700000286102295,2.7799999713897705,2.809999942779541,330405737,1.7801281213760376
2021-02-25,2.9000000953674316,2.9100000858306885,2.819999933242798,2.880000114440918,220995710,1.8244730234146118
2021-02-26,2.809999942779541,2.930000066757202,2.7799999713897705,2.7799999713897705,304063222,1.761123538017273
2021-03-01,2.8299999237060547,2.8399999141693115,2.759999990463257,2.809999942779541,150750362,1.7801281213760376
2021-03-02,2.809999942779541,2.809999942779541,2.700000047683716,2.7200000286102295,159717015,1.7231135368347168
2021-03-03,2.7100000381469727,2.799999952316284,2.7100000381469727,2.799999952316284,112707522,1.773793339729309
2021-03-04,2.819999933242798,2.859999895095825,2.7799999713897705,2.8399999141693115,206173148,1.7991331815719604
2021-03-05,2.9000000953674316,3.0,2.869999885559082,2.930000066757202,343953610,1.8561480045318604
2021-03-08,3.059999942779541,3.190000057220459,3.049999952316284,3.049999952316284,444377695,1.9321677684783936
2021-03-09,3.0899999141693115,3.0999999046325684,2.950000047683716,2.9700000286102295,200826857,1.8814882040023804
2021-03-10,2.930000066757202,2.9800000190734863,2.890000104904175,2.9600000381469727,159743631,1.8751529455184937
2021-03-11,3.0,3.049999952316284,2.9800000190734863,3.0399999618530273,183287968,1.9258323907852173
2021-03-12,3.0799999237060547,3.0799999237060547,2.950000047683716,3.0399999618530273,345753215,1.9258323907852173
2021-03-15,3.0399999618530273,3.109999895095825,2.9800000190734863,3.059999942779541,169610522,1.9385027885437012
2021-03-16,3.0799999237060547,3.0799999237060547,2.9800000190734863,3.0299999713897705,116067888,1.9194977283477783
2021-03-17,3.0399999618530273,3.0399999618530273,2.9600000381469727,3.009999990463257,127121376,1.9068278074264526
2021-03-18,3.0299999713897705,3.0399999618530273,2.9700000286102295,3.0199999809265137,81217758,1.9131628274917603
2021-03-19,2.930000066757202,2.930000066757202,2.809999942779541,2.8499999046325684,365446606,1.805467963218689
2021-03-22,2.8499999046325684,2.9100000858306885,2.8399999141693115,2.880000114440918,117439341,1.8244730234146118
2021-03-23,2.869999885559082,2.890000104904175,2.7899999618530273,2.809999942779541,104304917,1.7801281213760376
2021-03-24,2.759999990463257,2.7799999713897705,2.7200000286102295,2.7799999713897705,157842177,1.761123538017273
2021-03-25,2.809999942779541,2.819999933242798,2.75,2.7699999809265137,124071539,1.7547885179519653
2021-03-26,2.799999952316284,2.8299999237060547,2.7300000190734863,2.809999942779541,201344260,1.7801281213760376
2021-03-29,2.819999933242798,2.880000114440918,2.809999942779541,2.8499999046325684,103671423,1.805467963218689
2021-03-30,2.869999885559082,2.880000114440918,2.8299999237060547,2.880000114440918,110152821,1.8244730234146118
2021-03-31,2.880000114440918,2.880000114440918,2.759999990463257,2.809999942779541,162865455,1.7801281213760376
2021-04-01,2.809999942779541,2.819999933242798,2.759999990463257,2.799999952316284,109666078,1.773793339729309
2021-04-07,2.7799999713897705,2.7899999618530273,2.75,2.7799999713897705,100403676,1.761123538017273
2021-04-08,2.759999990463257,2.799999952316284,2.740000009536743,2.7699999809265137,101693335,1.7547885179519653
2021-04-09,2.759999990463257,2.7899999618530273,2.7100000381469727,2.7300000190734863,157025849,1.7294485569000244
2021-04-12,2.7300000190734863,2.75,2.700000047683716,2.7200000286102295,106849220,1.7231135368347168
2021-04-13,2.7200000286102295,2.759999990463257,2.7100000381469727,2.740000009536743,103431830,1.735783338546753
2021-04-14,2.75,2.7899999618530273,2.740000009536743,2.7799999713897705,92303229,1.761123538017273
2021-04-15,2.819999933242798,2.8399999141693115,2.7799999713897705,2.809999942779541,109475767,1.7801281213760376
2021-04-16,2.809999942779541,2.859999895095825,2.7899999618530273,2.8299999237060547,136192915,1.7927980422973633
2021-04-19,2.8299999237060547,2.859999895095825,2.809999942779541,2.8399999141693115,83670880,1.7991331815719604
2021-04-20,2.8399999141693115,2.8399999141693115,2.7899999618530273,2.809999942779541,72729722,1.7801281213760376
2021-04-21,2.7799999713897705,2.7799999713897705,2.700000047683716,2.740000009536743,195206197,1.735783338546753
2021-04-22,2.7200000286102295,2.740000009536743,2.700000047683716,2.7200000286102295,70289235,1.7231135368347168
2021-04-23,2.7100000381469727,2.7300000190734863,2.690000057220459,2.7200000286102295,93228396,1.7231135368347168
2021-04-26,2.7200000286102295,2.7200000286102295,2.690000057220459,2.7100000381469727,49926854,1.7167783975601196
2021-04-27,2.7200000286102295,2.740000009536743,2.690000057220459,2.7100000381469727,69408203,1.7167783975601196
2021-04-28,2.7100000381469727,2.7300000190734863,2.680000066757202,2.7300000190734863,79357634,1.7294485569000244
2021-04-29,2.7799999713897705,2.8399999141693115,2.759999990463257,2.759999990463257,143988656,1.7484536170959473
2021-04-30,2.880000114440918,2.9200000762939453,2.799999952316284,2.8299999237060547,357305546,1.7927980422973633
2021-05-03,2.809999942779541,2.8399999141693115,2.759999990463257,2.819999933242798,103743355,1.7864630222320557
2021-05-04,2.8399999141693115,2.940000057220459,2.8399999141693115,2.9200000762939453,229610672,1.8498132228851318
2021-05-05,2.940000057220459,2.990000009536743,2.930000066757202,2.9700000286102295,156858248,1.8814882040023804
2021-05-06,2.9700000286102295,3.059999942779541,2.9700000286102295,3.0299999713897705,258130063,1.9194977283477783
2021-05-07,3.049999952316284,3.0899999141693115,3.009999990463257,3.0799999237060547,252862426,1.9511727094650269
2021-05-10,3.119999885559082,3.2300000190734863,3.119999885559082,3.2200000286102295,322031473,2.0398623943328857
2021-05-11,3.180000066757202,3.180000066757202,3.059999942779541,3.130000114440918,234606243,1.9828474521636963
2021-05-12,3.1700000762939453,3.190000057220459,3.0899999141693115,3.140000104904175,171633737,1.9891825914382935
2021-05-13,3.140000104904175,3.190000057220459,3.0999999046325684,3.119999885559082,158688839,1.9765129089355469
2021-05-14,3.119999885559082,3.140000104904175,3.059999942779541,3.0999999046325684,113764700,1.963842511177063
2021-05-17,3.1500000953674316,3.180000066757202,3.109999895095825,3.140000104904175,103980445,1.9891825914382935
2021-05-18,3.200000047683716,3.299999952316284,3.1700000762939453,3.2899999618530273,307379651,2.084207057952881
2021-05-20,3.190000057220459,3.2100000381469727,3.059999942779541,3.140000104904175,268003994,1.9891825914382935
2021-05-21,3.130000114440918,3.140000104904175,3.0999999046325684,3.130000114440918,103046089,1.9828474521636963
2021-05-24,3.140000104904175,3.190000057220459,3.109999895095825,3.140000104904175,114125018,1.9891825914382935
2021-05-25,3.1600000858306885,3.190000057220459,3.130000114440918,3.180000066757202,126041776,2.0145227909088135
2021-05-26,3.180000066757202,3.200000047683716,3.130000114440918,3.1500000953674316,112368971,1.9955174922943115
2021-05-27,3.140000104904175,3.1700000762939453,3.109999895095825,3.1500000953674316,208008796,1.9955174922943115
2021-05-28,3.1700000762939453,3.200000047683716,3.1600000858306885,3.1700000762939453,116319889,2.0081870555877686
2021-05-31,3.1700000762939453,3.1700000762939453,3.109999895095825,3.1700000762939453,98088721,2.0081870555877686
2021-06-01,3.1700000762939453,3.2699999809265137,3.119999885559082,3.25,158468265,2.0588669776916504
2021-06-02,3.2899999618530273,3.369999885559082,3.2799999713897705,3.359999895095825,252173498,2.128551959991455
2021-06-03,3.390000104904175,3.430000066757202,3.3499999046325684,3.359999895095825,149698024,2.128551959991455
2021-06-04,3.3399999141693115,3.4000000953674316,3.309999942779541,3.380000114440918,155072132,2.141221761703491
2021-06-07,3.4000000953674316,3.430000066757202,3.3499999046325684,3.359999895095825,108191158,2.128551959991455
2021-06-08,3.369999885559082,3.380000114440918,3.299999952316284,3.3499999046325684,76097792,2.1222169399261475
2021-06-09,3.380000114440918,3.450000047683716,3.359999895095825,3.4100000858306885,124369273,2.160226821899414
2021-06-10,3.380000114440918,3.450000047683716,3.369999885559082,3.440000057220459,139010859,2.179231643676758
2021-06-11,3.450000047683716,3.619999885559082,3.430000066757202,3.569999933242798,302811252,2.2615866661071777
2021-06-15,3.5999999046325684,3.6700000762939453,3.5199999809265137,3.549999952316284,185718496,2.2489163875579834
2021-06-16,3.569999933242798,3.6500000953674316,3.569999933242798,3.5999999046325684,188725032,2.2805914878845215
2021-06-17,3.5799999237060547,3.6700000762939453,3.5,3.6700000762939453,237029492,2.3249363899230957
2021-06-18,3.5899999141693115,3.5999999046325684,3.5,3.5799999237060547,345278511,2.2679214477539062
2021-06-21,3.4700000286102295,3.4700000286102295,3.359999895095825,3.4200000762939453,149722172,2.2327141761779785
2021-06-22,3.5,3.6700000762939453,3.4800000190734863,3.619999885559082,239732598,2.3632819652557373
2021-06-23,3.6700000762939453,3.740000009536743,3.5999999046325684,3.7100000381469727,278328376,2.422037363052368
2021-06-24,3.740000009536743,3.8299999237060547,3.690000057220459,3.7899999618530273,295355339,2.474264621734619
2021-06-25,3.809999942779541,3.9100000858306885,3.7699999809265137,3.9100000858306885,310074715,2.552605628967285
2021-06-28,3.9000000953674316,3.9100000858306885,3.809999942779541,3.859999895095825,98777081,2.519963264465332
2021-06-29,3.799999952316284,3.809999942779541,3.6700000762939453,3.700000047683716,245746540,2.415508985519409
2021-06-30,3.6700000762939453,3.7899999618530273,3.6700000762939453,3.7799999713897705,186178750,2.4677364826202393
2021-07-02,3.9100000858306885,3.9600000381469727,3.759999990463257,3.7899999618530273,422163678,2.474264621734619
2021-07-05,3.809999942779541,3.9100000858306885,3.799999952316284,3.8499999046325684,166602789,2.5134353637695312
2021-07-06,3.9100000858306885,3.9100000858306885,3.7899999618530273,3.799999952316284,131039970,2.4807932376861572
2021-07-07,3.7100000381469727,3.7300000190734863,3.640000104904175,3.7200000286102295,155599111,2.4285662174224854
2021-07-08,3.6500000953674316,3.6700000762939453,3.450000047683716,3.5,370521813,2.284940719604492
2021-07-09,3.5,3.5399999618530273,3.4200000762939453,3.490000009536743,206148651,2.2784128189086914
2021-07-12,3.549999952316284,3.569999933242798,3.4000000953674316,3.440000057220459,129549428,2.2457704544067383
2021-07-13,3.4700000286102295,3.5199999809265137,3.4000000953674316,3.4800000190734863,159938612,2.2718842029571533
2021-07-14,3.4800000190734863,3.5,3.4000000953674316,3.4200000762939453,110313267,2.2327141761779785
2021-07-15,3.3299999237060547,3.4700000286102295,3.3299999237060547,3.440000057220459,108679243,2.2457704544067383
2021-07-16,3.4100000858306885,3.430000066757202,3.3499999046325684,3.369999885559082,109206528,2.2000715732574463
2021-07-19,3.3299999237060547,3.359999895095825,3.2699999809265137,3.359999895095825,141651479,2.1935434341430664
2021-07-20,3.259999990463257,3.2699999809265137,3.1600000858306885,3.240000009536743,269002654,2.1152026653289795
2021-07-21,3.259999990463257,3.259999990463257,3.180000066757202,3.2200000286102295,108502351,2.1021459102630615
2021-07-22,3.3499999046325684,3.4100000858306885,3.309999942779541,3.3399999141693115,161607799,2.1804869174957275
2021-07-23,3.3399999141693115,3.359999895095825,3.2699999809265137,3.2899999618530273,72844385,2.1478445529937744
2021-07-26,3.2699999809265137,3.2799999713897705,3.2100000381469727,3.2200000286102295,100239506,2.1021459102630615
2021-07-27,3.259999990463257,3.390000104904175,3.190000057220459,3.240000009536743,202993217,2.1152026653289795
2021-07-28,3.2899999618530273,3.309999942779541,3.240000009536743,3.2899999618530273,117130987,2.1478445529937744
2021-07-29,3.309999942779541,3.3399999141693115,3.2100000381469727,3.259999990463257,137255258,2.1282594203948975
2021-07-30,3.240000009536743,3.2799999713897705,3.2200000286102295,3.240000009536743,97213727,2.1152026653289795
2021-08-02,3.240000009536743,3.319999933242798,3.200000047683716,3.299999952316284,64633532,2.1543729305267334
2021-08-03,3.240000009536743,3.2899999618530273,3.2100000381469727,3.2799999713897705,72649914,2.1413161754608154
2021-08-04,3.2899999618530273,3.3399999141693115,3.25,3.2899999618530273,60782711,2.1478445529937744
2021-08-05,3.2100000381469727,3.2300000190734863,3.180000066757202,3.2100000381469727,108747000,2.0956175327301025
2021-08-06,3.240000009536743,3.25,3.1700000762939453,3.2100000381469727,82792006,2.0956175327301025
2021-08-09,3.1700000762939453,3.240000009536743,3.1700000762939453,3.2200000286102295,56903831,2.1021459102630615
2021-08-10,3.200000047683716,3.25,3.1700000762939453,3.2300000190734863,88590543,2.1086742877960205
2021-08-11,3.2699999809265137,3.3499999046325684,3.25,3.3399999141693115,128936338,2.1804869174957275
2021-08-12,3.3299999237060547,3.450000047683716,3.319999933242798,3.4100000858306885,144576097,2.2261853218078613
2021-08-13,3.3499999046325684,3.4200000762939453,3.3499999046325684,3.380000114440918,65275161,2.2065999507904053
2021-08-16,3.380000114440918,3.390000104904175,3.319999933242798,3.3499999046325684,102502190,2.1870150566101074
2021-08-17,3.3399999141693115,3.380000114440918,3.2100000381469727,3.2200000286102295,165866639,2.1021459102630615
2021-08-18,3.2100000381469727,3.259999990463257,3.2100000381469727,3.240000009536743,59418870,2.1152026653289795
2021-08-19,3.190000057220459,3.200000047683716,3.0299999713897705,3.069999933242798,238431422,2.0042197704315186
2021-08-20,3.069999933242798,3.069999933242798,2.940000057220459,2.9800000190734863,204722977,1.9454638957977295
2021-08-23,3.049999952316284,3.0999999046325684,3.0399999618530273,3.069999933242798,100217284,2.0042197704315186
2021-08-24,3.1700000762939453,3.1700000762939453,3.0799999237060547,3.0999999046325684,104773181,2.0238046646118164
2021-08-25,3.1500000953674316,3.1500000953674316,3.0899999141693115,3.140000104904175,75866871,2.0499186515808105
2021-08-26,3.1600000858306885,3.180000066757202,3.119999885559082,3.140000104904175,80426452,2.0499186515808105
2021-08-27,3.119999885559082,3.180000066757202,3.119999885559082,3.1700000762939453,103941706,2.0695035457611084
2021-08-30,3.190000057220459,3.3399999141693115,3.190000057220459,3.299999952316284,175089098,2.1543729305267334
2021-08-31,3.2799999713897705,3.430000066757202,3.2799999713897705,3.4100000858306885,190754089,2.2261853218078613
2021-09-01,3.4100000858306885,3.4700000286102295,3.359999895095825,3.4200000762939453,128610229,2.2327141761779785
2021-09-02,3.4100000858306885,3.4600000381469727,3.359999895095825,3.440000057220459,147670358,2.2457704544067383
2021-09-03,3.4700000286102295,3.5399999618530273,3.4600000381469727,3.5199999809265137,197860597,2.2979979515075684
2021-09-06,3.509999990463257,3.5399999618530273,3.4700000286102295,3.5199999809265137,78367718,2.2979979515075684
2021-09-07,3.509999990463257,3.569999933242798,3.4800000190734863,3.5399999618530273,89167398,2.3110547065734863
2021-09-08,3.5399999618530273,3.559999942779541,3.4800000190734863,3.509999990463257,98215466,2.2914693355560303
2021-09-09,3.369999885559082,3.430000066757202,3.319999933242798,3.3499999046325684,185898542,2.2890982627868652
2021-09-10,3.3499999046325684,3.430000066757202,3.3399999141693115,3.4100000858306885,91248766,2.330096960067749
2021-09-13,3.450000047683716,3.609999895095825,3.430000066757202,3.5799999237060547,261750639,2.4462602138519287
2021-09-14,3.630000114440918,3.799999952316284,3.630000114440918,3.7200000286102295,349859082,2.541924476623535
2021-09-15,3.75,3.8299999237060547,3.680000066757202,3.7699999809265137,263861446,2.576089859008789
2021-09-16,3.880000114440918,3.9100000858306885,3.7300000190734863,3.799999952316284,261757374,2.5965893268585205
2021-09-17,3.75,3.8299999237060547,3.6600000858306885,3.799999952316284,244553356,2.5965893268585205
2021-09-20,3.7699999809265137,3.7799999713897705,3.5999999046325684,3.690000057220459,153617086,2.5214245319366455
2021-09-21,3.6500000953674316,3.740000009536743,3.5999999046325684,3.7200000286102295,109069471,2.541924476623535
2021-09-23,3.9100000858306885,3.9100000858306885,3.7300000190734863,3.7899999618530273,187701660,2.5897557735443115
2021-09-24,3.809999942779541,3.9000000953674316,3.759999990463257,3.799999952316284,197071041,2.5965893268585205
2021-09-27,3.859999895095825,3.9000000953674316,3.7799999713897705,3.8499999046325684,166252838,2.6307551860809326
2021-09-28,3.890000104904175,3.940000057220459,3.8399999141693115,3.930000066757202,222842591,2.685420036315918
2021-09-29,3.869999885559082,3.869999885559082,3.640000104904175,3.6700000762939453,242953039,2.507758378982544
2021-09-30,3.6700000762939453,3.7300000190734863,3.640000104904175,3.690000057220459,126437970,2.5214245319366455
2021-10-04,3.6600000858306885,3.690000057220459,3.609999895095825,3.690000057220459,87088831,2.5214245319366455
2021-10-05,3.7100000381469727,3.9800000190734863,3.690000057220459,3.9700000286102295,306269562,2.712752342224121
2021-10-06,4.0,4.199999809265137,3.990000009536743,4.139999866485596,295231693,2.8289153575897217
2021-10-07,4.050000190734863,4.079999923706055,3.950000047683716,4.039999961853027,172431518,2.7605843544006348
2021-10-08,4.099999904632568,4.139999866485596,3.9600000381469727,4.059999942779541,186617979,2.7742505073547363
2021-10-11,4.139999866485596,4.199999809265137,4.070000171661377,4.110000133514404,168399846,2.8084161281585693
2021-10-12,4.150000095367432,4.150000095367432,3.9600000381469727,4.03000020980835,132955536,2.753751516342163
2021-10-15,4.03000020980835,4.050000190734863,3.890000104904175,4.03000020980835,172070520,2.753751516342163
2021-10-18,4.079999923706055,4.130000114440918,4.010000228881836,4.090000152587891,102895463,2.7947497367858887
2021-10-19,4.110000133514404,4.119999885559082,4.039999961853027,4.090000152587891,75886877,2.7947497367858887
2021-10-20,4.099999904632568,4.099999904632568,4.0,4.059999942779541,114655536,2.7742505073547363
2021-10-21,4.079999923706055,4.110000133514404,4.03000020980835,4.050000190734863,113303335,2.7674176692962646
2021-10-22,4.0,4.010000228881836,3.8499999046325684,3.9000000953674316,179833370,2.6649203300476074
2021-10-25,3.869999885559082,4.0,3.859999895095825,3.950000047683716,84849999,2.6990859508514404
2021-10-26,4.0,4.0,3.930000066757202,3.9600000381469727,45796345,2.7059195041656494
2021-10-27,3.9600000381469727,3.9600000381469727,3.8399999141693115,3.880000114440918,76580564,2.651254415512085
2021-10-28,3.809999942779541,3.8299999237060547,3.6700000762939453,3.740000009536743,197754170,2.5555903911590576
2021-10-29,3.740000009536743,3.7699999809265137,3.690000057220459,3.759999990463257,110243879,2.569256544113159
2021-11-01,3.7899999618530273,3.799999952316284,3.690000057220459,3.75,93499817,2.5624237060546875
2021-11-02,3.809999942779541,3.819999933242798,3.6500000953674316,3.690000057220459,120154577,2.5214245319366455
2021-11-03,3.6700000762939453,3.700000047683716,3.5799999237060547,3.619999885559082,133245383,2.47359299659729
2021-11-04,3.5799999237060547,3.619999885559082,3.5399999618530273,3.619999885559082,94468525,2.47359299659729
2021-11-05,3.5999999046325684,3.5999999046325684,3.4200000762939453,3.440000057220459,206297064,2.3505966663360596
2021-11-08,3.4700000286102295,3.5799999237060547,3.4600000381469727,3.509999990463257,82970269,2.398427963256836
2021-11-09,3.5199999809265137,3.549999952316284,3.4600000381469727,3.509999990463257,59910432,2.398427963256836
2021-11-10,3.569999933242798,3.569999933242798,3.450000047683716,3.5199999809265137,69649119,2.405261516571045
2021-11-11,3.4800000190734863,3.5399999618530273,3.440000057220459,3.5299999713897705,105114468,2.412094831466675
2021-11-12,3.559999942779541,3.559999942779541,3.5,3.549999952316284,65576230,2.4257607460021973
2021-11-15,3.559999942779541,3.569999933242798,3.4700000286102295,3.5399999618530273,69739848,2.4189279079437256
2021-11-16,3.569999933242798,3.619999885559082,3.5199999809265137,3.5799999237060547,105867400,2.4462602138519287
2021-11-17,3.559999942779541,3.6600000858306885,3.549999952316284,3.640000104904175,103021586,2.4872591495513916
2021-11-18,3.619999885559082,3.619999885559082,3.5199999809265137,3.5399999618530273,89107095,2.4189279079437256
2021-11-19,3.509999990463257,3.569999933242798,3.4700000286102295,3.5399999618530273,66581585,2.4189279079437256
2021-11-22,3.490000009536743,3.5199999809265137,3.450000047683716,3.4800000190734863,75984352,2.3779289722442627
2021-11-23,3.5,3.549999952316284,3.4700000286102295,3.5,61770592,2.3915953636169434
2021-11-24,3.609999895095825,3.700000047683716,3.559999942779541,3.569999933242798,120083760,2.439426898956299
2021-11-25,3.5999999046325684,3.609999895095825,3.509999990463257,3.5299999713897705,57345177,2.412094831466675
2021-11-26,3.5,3.5,3.380000114440918,3.4100000858306885,134291713,2.330096960067749
2021-11-29,3.369999885559082,3.440000057220459,3.3399999141693115,3.4100000858306885,115961542,2.330096960067749
2021-11-30,3.4100000858306885,3.4800000190734863,3.3399999141693115,3.390000104904175,159253257,2.3164310455322266
2021-12-01,3.369999885559082,3.450000047683716,3.359999895095825,3.430000066757202,105123414,2.3437633514404297
2021-12-02,3.380000114440918,3.490000009536743,3.359999895095825,3.440000057220459,84651367,2.3505966663360596
2021-12-03,3.450000047683716,3.5299999713897705,3.4000000953674316,3.509999990463257,117439474,2.398427963256836
2021-12-06,3.5199999809265137,3.569999933242798,3.4800000190734863,3.509999990463257,100208103,2.398427963256836
2021-12-07,3.559999942779541,3.5799999237060547,3.490000009536743,3.5199999809265137,74052676,2.405261516571045
2021-12-08,3.549999952316284,3.5799999237060547,3.509999990463257,3.549999952316284,93551416,2.4257607460021973
2021-12-09,3.5799999237060547,3.6500000953674316,3.5399999618530273,3.5799999237060547,88373690,2.4462602138519287
2021-12-10,3.549999952316284,3.5799999237060547,3.5,3.5299999713897705,35979114,2.412094831466675
2021-12-13,3.5399999618530273,3.5799999237060547,3.509999990463257,3.549999952316284,38571898,2.4257607460021973
2021-12-14,3.509999990463257,3.5199999809265137,3.430000066757202,3.5,62064535,2.3915953636169434
2021-12-15,3.490000009536743,3.5,3.430000066757202,3.450000047683716,57401547,2.3574297428131104
2021-12-16,3.440000057220459,3.5299999713897705,3.440000057220459,3.5299999713897705,72239807,2.412094831466675
2021-12-17,3.5399999618530273,3.559999942779541,3.490000009536743,3.509999990463257,73958167,2.398427963256836
2021-12-20,3.4800000190734863,3.4800000190734863,3.369999885559082,3.430000066757202,106742178,2.3437633514404297
2021-12-21,3.430000066757202,3.430000066757202,3.3299999237060547,3.369999885559082,98858874,2.302764654159546
2021-12-22,3.4000000953674316,3.4200000762939453,3.369999885559082,3.4000000953674316,46352307,2.3232643604278564
2021-12-23,3.4200000762939453,3.5199999809265137,3.4000000953674316,3.4700000286102295,88293545,2.371096134185791
2021-12-24,3.5399999618530273,3.5399999618530273,3.4800000190734863,3.4800000190734863,20434036,2.3779289722442627
2021-12-28,3.509999990463257,3.5399999618530273,3.4800000190734863,3.5,48363283,2.3915953636169434
2021-12-29,3.5199999809265137,3.5199999809265137,3.4800000190734863,3.509999990463257,28361069,2.398427963256836
2021-12-30,3.509999990463257,3.509999990463257,3.430000066757202,3.4700000286102295,44788480,2.371096134185791
2021-12-31,3.4800000190734863,3.490000009536743,3.430000066757202,3.4700000286102295,26880000,2.371096134185791
2022-01-03,3.4700000286102295,3.509999990463257,3.450000047683716,3.4800000190734863,36654422,2.3779289722442627
2022-01-04,3.509999990463257,3.509999990463257,3.430000066757202,3.4600000381469727,60100797,2.364262580871582
2022-01-05,3.4800000190734863,3.5399999618530273,3.440000057220459,3.509999990463257,84686482,2.398427963256836
2022-01-06,3.5299999713897705,3.5299999713897705,3.4600000381469727,3.490000009536743,54020615,2.3847620487213135
2022-01-07,3.5399999618530273,3.7200000286102295,3.509999990463257,3.7100000381469727,258293020,2.535090923309326
2022-01-10,3.7100000381469727,3.7200000286102295,3.6700000762939453,3.7200000286102295,70220385,2.541924476623535
2022-01-11,3.690000057220459,3.75,3.6500000953674316,3.700000047683716,69530563,2.5282578468322754
2022-01-12,3.819999933242798,3.869999885559082,3.7699999809265137,3.819999933242798,124623614,2.610255479812622
2022-01-13,3.880000114440918,3.930000066757202,3.8499999046325684,3.890000104904175,158687887,2.6580872535705566
2022-01-14,3.880000114440918,3.890000104904175,3.8499999046325684,3.869999885559082,72563381,2.644420862197876
2022-01-17,3.859999895095825,3.930000066757202,3.859999895095825,3.9000000953674316,79152129,2.6649203300476074
2022-01-18,3.9000000953674316,3.9800000190734863,3.869999885559082,3.9700000286102295,125219803,2.712752342224121
2022-01-19,4.019999980926514,4.039999961853027,3.9800000190734863,4.019999980926514,124486954,2.746917963027954
2022-01-20,3.9000000953674316,3.9700000286102295,3.880000114440918,3.950000047683716,171080466,2.6990859508514404
2022-01-21,3.890000104904175,3.9000000953674316,3.7899999618530273,3.9000000953674316,194347636,2.6649203300476074
2022-01-24,3.890000104904175,3.9600000381469727,3.869999885559082,3.9200000762939453,67355905,2.678586721420288
2022-01-25,3.859999895095825,3.9200000762939453,3.8299999237060547,3.869999885559082,109387132,2.644420862197876
2022-01-26,3.930000066757202,3.9700000286102295,3.9100000858306885,3.940000057220459,103628014,2.692253351211548
2022-01-27,3.9600000381469727,3.9700000286102295,3.880000114440918,3.930000066757202,76510452,2.685420036315918
2022-01-28,3.950000047683716,3.9600000381469727,3.8499999046325684,3.9000000953674316,71806389,2.6649203300476074
2022-01-31,3.880000114440918,3.880000114440918,3.880000114440918,3.880000114440918,0,2.651254415512085
2022-02-04,3.950000047683716,4.0,3.950000047683716,3.9700000286102295,101173605,2.712752342224121
2022-02-07,4.010000228881836,4.130000114440918,4.0,4.099999904632568,190113656,2.8015828132629395
2022-02-08,4.099999904632568,4.150000095367432,4.059999942779541,4.130000114440918,177377584,2.82208251953125
2022-02-09,4.070000171661377,4.150000095367432,4.050000190734863,4.119999885559082,102565959,2.815249443054199
2022-02-10,4.119999885559082,4.139999866485596,4.059999942779541,4.090000152587891,87120131,2.7947497367858887
2022-02-11,4.099999904632568,4.170000076293945,4.070000171661377,4.139999866485596,91463508,2.8289153575897217
2022-02-14,4.25,4.289999961853027,4.21999979019165,4.25,184711016,2.9040801525115967
2022-02-15,4.25,4.25,4.059999942779541,4.099999904632568,106091143,2.8015828132629395
2022-02-16,3.9800000190734863,4.110000133514404,3.9600000381469727,4.090000152587891,103107790,2.7947497367858887
2022-02-17,4.119999885559082,4.130000114440918,4.050000190734863,4.119999885559082,54040657,2.815249443054199
2022-02-18,4.099999904632568,4.130000114440918,4.039999961853027,4.090000152587891,51232487,2.7947497367858887
2022-02-21,4.090000152587891,4.119999885559082,4.019999980926514,4.099999904632568,71906110,2.8015828132629395
2022-02-22,4.159999847412109,4.25,4.099999904632568,4.170000076293945,121948810,2.849414825439453
2022-02-23,4.190000057220459,4.190000057220459,4.099999904632568,4.119999885559082,71027254,2.815249443054199
2022-02-24,4.110000133514404,4.289999961853027,4.090000152587891,4.260000228881836,318063228,2.9109134674072266
2022-02-25,4.260000228881836,4.260000228881836,4.050000190734863,4.099999904632568,319608071,2.8015828132629395
2022-02-28,4.119999885559082,4.179999828338623,4.090000152587891,4.170000076293945,152082344,2.849414825439453
2022-03-01,4.170000076293945,4.199999809265137,4.090000152587891,4.130000114440918,90053879,2.82208251953125
2022-03-02,4.210000038146973,4.289999961853027,4.179999828338623,4.25,198834435,2.9040801525115967
2022-03-03,4.289999961853027,4.349999904632568,4.269999980926514,4.300000190734863,139731422,2.9382450580596924
2022-03-04,4.190000057220459,4.300000190734863,4.179999828338623,4.28000020980835,165062787,2.92457914352417
2022-03-07,4.480000019073486,4.489999771118164,4.369999885559082,4.46999979019165,296156368,3.054408550262451
2022-03-08,4.480000019073486,4.480000019073486,4.289999961853027,4.320000171661377,210958889,2.9519121646881104
2022-03-09,4.300000190734863,4.340000152587891,4.039999961853027,4.170000076293945,220126240,2.849414825439453
2022-03-10,4.079999923706055,4.090000152587891,3.9800000190734863,4.010000228881836,233751108,2.7400851249694824
2022-03-11,4.0,4.0,3.809999942779541,3.950000047683716,174567532,2.6990859508514404
2022-03-14,3.869999885559082,3.940000057220459,3.740000009536743,3.7899999618530273,154958560,2.5897557735443115
2022-03-15,3.6700000762939453,3.690000057220459,3.4600000381469727,3.5399999618530273,300938967,2.4189279079437256
2022-03-16,3.549999952316284,3.6600000858306885,3.4700000286102295,3.630000114440918,197754028,2.48042631149292
2022-03-17,3.680000066757202,3.799999952316284,3.5999999046325684,3.7899999618530273,172378457,2.5897557735443115
2022-03-18,3.8299999237060547,3.940000057220459,3.809999942779541,3.8499999046325684,227589331,2.6307551860809326
2022-03-21,3.890000104904175,3.890000104904175,3.7799999713897705,3.809999942779541,119366911,2.603422164916992
2022-03-22,3.869999885559082,4.019999980926514,3.869999885559082,3.990000009536743,135260457,2.7264184951782227
2022-03-23,3.9700000286102295,3.990000009536743,3.9000000953674316,3.930000066757202,110962080,2.685420036315918
2022-03-24,3.990000009536743,4.079999923706055,3.9600000381469727,4.0,118817651,2.7332515716552734
2022-03-25,3.930000066757202,4.079999923706055,3.9200000762939453,4.019999980926514,74441418,2.746917963027954
2022-03-28,4.079999923706055,4.150000095367432,4.03000020980835,4.110000133514404,107909793,2.8084161281585693
2022-03-29,4.070000171661377,4.150000095367432,4.03000020980835,4.130000114440918,72924394,2.82208251953125
2022-03-30,4.090000152587891,4.139999866485596,4.059999942779541,4.119999885559082,112443714,2.815249443054199
2022-03-31,4.059999942779541,4.139999866485596,4.03000020980835,4.059999942779541,92027397,2.7742505073547363
2022-04-01,3.950000047683716,4.0,3.890000104904175,3.990000009536743,143022672,2.7264184951782227
2022-04-04,3.990000009536743,4.090000152587891,3.9700000286102295,4.050000190734863,97892470,2.7674176692962646
2022-04-06,4.0,4.210000038146973,4.0,4.130000114440918,156273833,2.82208251953125
2022-04-07,4.150000095367432,4.159999847412109,4.070000171661377,4.079999923706055,76207188,2.787916660308838
2022-04-08,4.079999923706055,4.130000114440918,4.050000190734863,4.090000152587891,78026089,2.7947497367858887
2022-04-11,4.090000152587891,4.099999904632568,4.0,4.019999980926514,76383208,2.746917963027954
2022-04-12,4.0,4.019999980926514,3.9000000953674316,3.950000047683716,103917951,2.6990859508514404
2022-04-13,4.0,4.090000152587891,3.990000009536743,4.03000020980835,71560768,2.753751516342163
2022-04-14,4.090000152587891,4.139999866485596,4.070000171661377,4.079999923706055,69492160,2.787916660308838
2022-04-19,4.090000152587891,4.179999828338623,4.070000171661377,4.119999885559082,91164111,2.815249443054199
2022-04-20,4.010000228881836,4.090000152587891,3.9800000190734863,4.0,93136408,2.7332515716552734
2022-04-21,4.0,4.059999942779541,3.9100000858306885,3.940000057220459,86501358,2.692253351211548
2022-04-22,3.890000104904175,3.930000066757202,3.8499999046325684,3.9100000858306885,99442976,2.6717536449432373
2022-04-25,3.799999952316284,3.8399999141693115,3.7100000381469727,3.740000009536743,125838414,2.5555903911590576
2022-04-26,3.740000009536743,3.75,3.630000114440918,3.690000057220459,116353783,2.5214245319366455
2022-04-27,3.7300000190734863,3.7799999713897705,3.6700000762939453,3.7300000190734863,103444819,2.548757314682007
2022-04-28,3.7799999713897705,3.819999933242798,3.7200000286102295,3.7699999809265137,146679853,2.576089859008789
2022-04-29,3.8499999046325684,3.8499999046325684,3.7100000381469727,3.799999952316284,219449656,2.5965893268585205
2022-05-03,3.819999933242798,3.9100000858306885,3.7799999713897705,3.8499999046325684,103897547,2.6307551860809326
2022-05-04,3.859999895095825,3.9200000762939453,3.859999895095825,3.9200000762939453,72492811,2.678586721420288
2022-05-05,4.010000228881836,4.03000020980835,3.9700000286102295,4.0,126537565,2.7332515716552734
2022-05-06,3.940000057220459,4.019999980926514,3.9100000858306885,3.950000047683716,68700510,2.6990859508514404
2022-05-10,3.7100000381469727,3.799999952316284,3.700000047683716,3.7799999713897705,159688937,2.5829226970672607
2022-05-11,3.7300000190734863,3.75,3.7200000286102295,3.7300000190734863,98627177,2.548757314682007
2022-05-12,3.7699999809265137,3.8299999237060547,3.680000066757202,3.7100000381469727,78142953,2.535090923309326
2022-05-13,3.740000009536743,3.7699999809265137,3.7100000381469727,3.75,65552206,2.5624237060546875
2022-05-16,3.799999952316284,3.819999933242798,3.680000066757202,3.7100000381469727,79794877,2.535090923309326
2022-05-17,3.7699999809265137,3.8399999141693115,3.740000009536743,3.819999933242798,96248148,2.610255479812622
2022-05-18,3.809999942779541,3.880000114440918,3.7799999713897705,3.8399999141693115,69077933,2.6239216327667236
2022-05-19,3.7699999809265137,3.8399999141693115,3.759999990463257,3.8299999237060547,49362919,2.6170883178710938
2022-05-20,3.8499999046325684,3.940000057220459,3.8499999046325684,3.9100000858306885,101943872,2.6717536449432373
2022-05-23,3.930000066757202,3.9700000286102295,3.9000000953674316,3.940000057220459,66038379,2.692253351211548
2022-05-24,3.940000057220459,3.9800000190734863,3.9000000953674316,3.940000057220459,72302856,2.692253351211548
2022-05-25,3.9800000190734863,4.039999961853027,3.950000047683716,4.019999980926514,75795257,2.746917963027954
2022-05-26,4.039999961853027,4.050000190734863,3.9700000286102295,4.039999961853027,82131041,2.7605843544006348
2022-05-27,4.079999923706055,4.190000057220459,4.079999923706055,4.130000114440918,135622053,2.82208251953125
2022-05-30,4.159999847412109,4.190000057220459,4.110000133514404,4.119999885559082,69121977,2.815249443054199
2022-05-31,4.119999885559082,4.210000038146973,4.119999885559082,4.210000038146973,164639437,2.8767473697662354
2022-06-01,4.170000076293945,4.190000057220459,4.119999885559082,4.179999828338623,110579874,2.856247663497925
2022-06-02,4.139999866485596,4.150000095367432,4.079999923706055,4.150000095367432,73406975,2.8357489109039307
2022-06-06,4.25,4.25,4.150000095367432,4.190000057220459,103647047,2.863081455230713
2022-06-07,4.199999809265137,4.25,4.139999866485596,4.230000019073486,74646562,2.890413761138916
2022-06-08,4.309999942779541,4.340000152587891,4.25,4.329999923706055,127106932,2.958745002746582
2022-06-09,4.349999904632568,4.429999828338623,4.320000171661377,4.360000133514404,97220082,2.9792444705963135
2022-06-10,4.269999980926514,4.349999904632568,4.25,4.309999942779541,89040563,2.9450788497924805
2022-06-13,4.210000038146973,4.320000171661377,4.199999809265137,4.309999942779541,93953641,2.9450788497924805
2022-06-14,4.269999980926514,4.360000133514404,4.21999979019165,4.320000171661377,130992144,2.9519121646881104
2022-06-15,4.300000190734863,4.320000171661377,4.210000038146973,4.239999771118164,84058882,2.8972465991973877
2022-06-16,4.199999809265137,4.21999979019165,4.059999942779541,4.090000152587891,108151784,2.7947497367858887
2022-06-17,4.0,4.050000190734863,3.9800000190734863,3.9800000190734863,184945538,2.719585657119751
2022-06-20,3.7899999618530273,3.809999942779541,3.7200000286102295,3.799999952316284,142054682,2.672541856765747
2022-06-21,3.819999933242798,3.869999885559082,3.809999942779541,3.8499999046325684,58696582,2.707706928253174
2022-06-22,3.819999933242798,3.8299999237060547,3.6700000762939453,3.690000057220459,189312121,2.5951788425445557
2022-06-23,3.690000057220459,3.7200000286102295,3.6700000762939453,3.700000047683716,92927928,2.6022117137908936
2022-06-24,3.6500000953674316,3.680000066757202,3.5999999046325684,3.6700000762939453,148693631,2.5811126232147217
2022-06-27,3.700000047683716,3.75,3.6500000953674316,3.7300000190734863,144808242,2.6233108043670654
2022-06-28,3.7899999618530273,3.8399999141693115,3.7799999713897705,3.819999933242798,101537754,2.686607837677002
2022-06-29,3.859999895095825,3.890000104904175,3.7799999713897705,3.7799999713897705,97913934,2.658475875854492
2022-06-30,3.7699999809265137,3.7799999713897705,3.7200000286102295,3.740000009536743,80283300,2.6303436756134033
2022-07-04,3.7200000286102295,3.740000009536743,3.6700000762939453,3.7100000381469727,95601262,2.6092448234558105
2022-07-05,3.7200000286102295,3.7799999713897705,3.700000047683716,3.7100000381469727,69724360,2.6092448234558105
2022-07-06,3.559999942779541,3.609999895095825,3.490000009536743,3.549999952316284,224806266,2.4967164993286133
2022-07-07,3.4800000190734863,3.5299999713897705,3.4700000286102295,3.5299999713897705,84341252,2.4826505184173584
2022-07-08,3.5899999141693115,3.609999895095825,3.549999952316284,3.559999942779541,56879743,2.5037496089935303
2022-07-11,3.549999952316284,3.569999933242798,3.509999990463257,3.5399999618530273,31745067,2.4896836280822754
2022-07-12,3.509999990463257,3.5799999237060547,3.509999990463257,3.549999952316284,58005753,2.4967164993286133
2022-07-13,3.5199999809265137,3.5299999713897705,3.4700000286102295,3.5299999713897705,63841255,2.4826505184173584
2022-07-14,3.509999990463257,3.5399999618530273,3.4800000190734863,3.509999990463257,60599487,2.4685845375061035
2022-07-15,3.490000009536743,3.509999990463257,3.4100000858306885,3.4600000381469727,68646205,2.433419704437256
2022-07-18,3.509999990463257,3.630000114440918,3.4800000190734863,3.609999895095825,118424855,2.538914680480957
2022-07-19,3.609999895095825,3.6600000858306885,3.5999999046325684,3.630000114440918,55281707,2.552980661392212
2022-07-20,3.6700000762939453,3.6700000762939453,3.630000114440918,3.6500000953674316,42059927,2.567046880722046
2022-07-21,3.609999895095825,3.619999885559082,3.569999933242798,3.609999895095825,51629764,2.538914680480957
2022-07-22,3.5799999237060547,3.619999885559082,3.559999942779541,3.5999999046325684,48032764,2.53188157081604
2022-07-25,3.5999999046325684,3.640000104904175,3.549999952316284,3.569999933242798,42510978,2.5107827186584473
2022-07-26,3.5999999046325684,3.690000057220459,3.5999999046325684,3.6600000858306885,57608700,2.574079751968384
2022-07-27,3.7100000381469727,3.7100000381469727,3.6500000953674316,3.690000057220459,64497784,2.5951788425445557
2022-07-28,3.680000066757202,3.7200000286102295,3.6600000858306885,3.680000066757202,48909115,2.5881457328796387
2022-07-29,3.740000009536743,3.740000009536743,3.619999885559082,3.6500000953674316,61636000,2.567046880722046
2022-08-01,3.680000066757202,3.690000057220459,3.619999885559082,3.630000114440918,32041089,2.552980661392212
2022-08-02,3.559999942779541,3.5899999141693115,3.5,3.5799999237060547,62621926,2.5178158283233643
2022-08-03,3.569999933242798,3.609999895095825,3.5299999713897705,3.569999933242798,39171741,2.5107827186584473
2022-08-04,3.5399999618530273,3.569999933242798,3.5,3.509999990463257,103344751,2.4685845375061035
2022-08-05,3.4700000286102295,3.5,3.4000000953674316,3.430000066757202,195057933,2.412320375442505
2022-08-08,3.430000066757202,3.440000057220459,3.4000000953674316,3.430000066757202,92340236,2.412320375442505
2022-08-09,3.430000066757202,3.5,3.4200000762939453,3.450000047683716,99341982,2.426386594772339
2022-08-10,3.490000009536743,3.5199999809265137,3.4200000762939453,3.440000057220459,48661097,2.419353485107422
2022-08-11,3.4700000286102295,3.490000009536743,3.450000047683716,3.4800000190734863,62706735,2.4474856853485107
2022-08-12,3.509999990463257,3.549999952316284,3.490000009536743,3.5199999809265137,93081000,2.4756176471710205
2022-08-15,3.490000009536743,3.490000009536743,3.369999885559082,3.4000000953674316,160598230,2.391221523284912
2022-08-16,3.359999895095825,3.369999885559082,3.309999942779541,3.319999933242798,98823776,2.3349575996398926
2022-08-17,3.309999942779541,3.390000104904175,3.299999952316284,3.359999895095825,92194041,2.3630893230438232
2022-08-18,3.4000000953674316,3.4000000953674316,3.3499999046325684,3.380000114440918,80917233,2.3771555423736572
2022-08-19,3.4100000858306885,3.4800000190734863,3.4000000953674316,3.430000066757202,96873388,2.412320375442505
2022-08-22,3.4000000953674316,3.4600000381469727,3.380000114440918,3.430000066757202,94694825,2.412320375442505
2022-08-23,3.430000066757202,3.5299999713897705,3.430000066757202,3.509999990463257,134862929,2.4685845375061035
2022-08-24,3.609999895095825,3.6700000762939453,3.559999942779541,3.5899999141693115,145908672,2.5248489379882812
2022-08-25,3.609999895095825,3.690000057220459,3.5999999046325684,3.6500000953674316,123694599,2.567046880722046
2022-08-26,3.7300000190734863,3.7799999713897705,3.6700000762939453,3.7699999809265137,177006598,2.651442527770996
2022-08-29,3.759999990463257,3.809999942779541,3.7300000190734863,3.7899999618530273,87909046,2.66550874710083
2022-08-30,3.799999952316284,3.8499999046325684,3.759999990463257,3.7799999713897705,109698284,2.658475875854492
2022-08-31,3.7200000286102295,3.7300000190734863,3.630000114440918,3.7100000381469727,199300421,2.6092448234558105
2022-09-01,3.6500000953674316,3.700000047683716,3.630000114440918,3.6700000762939453,116183298,2.5811126232147217
2022-09-02,3.6500000953674316,3.680000066757202,3.609999895095825,3.6700000762939453,69959647,2.5811126232147217
2022-09-05,3.690000057220459,3.7799999713897705,3.680000066757202,3.740000009536743,95220710,2.6303436756134033
2022-09-06,3.740000009536743,3.819999933242798,3.740000009536743,3.759999990463257,135279339,2.644409656524658
2022-09-07,3.7200000286102295,3.740000009536743,3.630000114440918,3.740000009536743,147908498,2.6303436756134033
2022-09-08,3.6700000762939453,3.690000057220459,3.609999895095825,3.6700000762939453,163293002,2.5811126232147217
2022-09-09,3.450000047683716,3.509999990463257,3.450000047683716,3.5,133385888,2.6287150382995605
2022-09-13,3.5,3.5399999618530273,3.4600000381469727,3.509999990463257,97101472,2.636225700378418
2022-09-14,3.4600000381469727,3.5,3.450000047683716,3.490000009536743,56516860,2.6212046146392822
2022-09-15,3.509999990463257,3.5399999618530273,3.4800000190734863,3.5,66923278,2.6287150382995605
2022-09-16,3.4700000286102295,3.4700000286102295,3.4100000858306885,3.430000066757202,134868086,2.576140880584717
2022-09-19,3.430000066757202,3.440000057220459,3.369999885559082,3.380000114440918,89559173,2.538588047027588
2022-09-20,3.380000114440918,3.4000000953674316,3.359999895095825,3.369999885559082,84496776,2.5310769081115723
2022-09-21,3.3499999046325684,3.4200000762939453,3.3399999141693115,3.4100000858306885,83332804,2.561119556427002
2022-09-22,3.319999933242798,3.440000057220459,3.319999933242798,3.390000104904175,95800655,2.546098232269287
2022-09-23,3.4000000953674316,3.5,3.390000104904175,3.440000057220459,123601284,2.583651304244995
2022-09-26,3.380000114440918,3.380000114440918,3.2300000190734863,3.2699999809265137,219544893,2.4559710025787354
2022-09-27,3.25,3.299999952316284,3.2300000190734863,3.2699999809265137,83914251,2.4559710025787354
2022-09-28,3.259999990463257,3.2799999713897705,3.190000057220459,3.200000047683716,129010935,2.4033966064453125
2022-09-29,3.259999990463257,3.309999942779541,3.1700000762939453,3.200000047683716,113850124,2.4033966064453125
2022-09-30,3.200000047683716,3.259999990463257,3.180000066757202,3.2200000286102295,137093484,2.4184181690216064
2022-10-03,3.200000047683716,3.240000009536743,3.180000066757202,3.2200000286102295,85290891,2.4184181690216064
2022-10-05,3.299999952316284,3.380000114440918,3.2799999713897705,3.369999885559082,137651437,2.5310769081115723
2022-10-06,3.359999895095825,3.390000104904175,3.3499999046325684,3.380000114440918,79042600,2.538588047027588
2022-10-07,3.390000104904175,3.430000066757202,3.359999895095825,3.380000114440918,45470488,2.538588047027588
2022-10-10,3.380000114440918,3.450000047683716,3.359999895095825,3.4100000858306885,93995186,2.561119556427002
2022-10-11,3.4000000953674316,3.4200000762939453,3.359999895095825,3.390000104904175,69154303,2.546098232269287
2022-10-12,3.3399999141693115,3.369999885559082,3.299999952316284,3.3399999141693115,99266193,2.508545160293579
2022-10-13,3.3299999237060547,3.3499999046325684,3.2699999809265137,3.299999952316284,66247343,2.4785025119781494
2022-10-14,3.3399999141693115,3.359999895095825,3.2799999713897705,3.299999952316284,79548706,2.4785025119781494
2022-10-17,3.319999933242798,3.3499999046325684,3.2699999809265137,3.309999942779541,64380047,2.486013174057007
2022-10-18,3.319999933242798,3.3499999046325684,3.299999952316284,3.3399999141693115,58080800,2.508545160293579
2022-10-19,3.3299999237060547,3.359999895095825,3.299999952316284,3.319999933242798,52976893,2.4935240745544434
2022-10-20,3.309999942779541,3.369999885559082,3.2799999713897705,3.369999885559082,94457466,2.5310769081115723
2022-10-21,3.380000114440918,3.430000066757202,3.3299999237060547,3.4000000953674316,86851732,2.5536086559295654
2022-10-24,3.369999885559082,3.4200000762939453,3.2799999713897705,3.319999933242798,81629916,2.4935240745544434
2022-10-25,3.3399999141693115,3.3399999141693115,3.2300000190734863,3.309999942779541,112736643,2.486013174057007
2022-10-26,3.309999942779541,3.3399999141693115,3.2699999809265137,3.309999942779541,54090193,2.486013174057007
2022-10-27,3.3499999046325684,3.380000114440918,3.2899999618530273,3.299999952316284,93036562,2.4785025119781494
2022-10-28,3.319999933242798,3.3499999046325684,3.240000009536743,3.2699999809265137,131693354,2.4559710025787354
2022-10-31,3.259999990463257,3.2699999809265137,2.950000047683716,3.0,454880687,2.2531840801239014
2022-11-01,3.0,3.069999933242798,2.9800000190734863,3.0399999618530273,169933309,2.283226490020752
2022-11-02,3.0399999618530273,3.130000114440918,3.009999990463257,3.0999999046325684,122777051,2.3282899856567383
2022-11-03,3.0999999046325684,3.1600000858306885,3.0799999237060547,3.109999895095825,102119863,2.335801124572754
2022-11-04,3.119999885559082,3.2300000190734863,3.0899999141693115,3.180000066757202,108753918,2.3883755207061768
2022-11-07,3.190000057220459,3.3499999046325684,3.180000066757202,3.309999942779541,122568796,2.486013174057007
2022-11-08,3.3399999141693115,3.380000114440918,3.309999942779541,3.3299999237060547,58226053,2.5010344982147217
2022-11-09,3.3299999237060547,3.359999895095825,3.259999990463257,3.299999952316284,55804591,2.4785025119781494
2022-11-10,3.2100000381469727,3.259999990463257,3.140000104904175,3.25,140359878,2.4409496784210205
2022-11-11,3.3299999237060547,3.3399999141693115,3.2699999809265137,3.309999942779541,105692490,2.486013174057007
2022-11-14,3.359999895095825,3.4100000858306885,3.3299999237060547,3.359999895095825,130130851,2.523566484451294
2022-11-15,3.369999885559082,3.430000066757202,3.3399999141693115,3.390000104904175,109417065,2.546098232269287
2022-11-16,3.390000104904175,3.490000009536743,3.369999885559082,3.4200000762939453,130349230,2.5686304569244385
2022-11-17,3.390000104904175,3.440000057220459,3.359999895095825,3.380000114440918,77039379,2.538588047027588
2022-11-18,3.390000104904175,3.390000104904175,3.319999933242798,3.359999895095825,74150439,2.523566484451294
2022-11-21,3.309999942779541,3.3299999237060547,3.259999990463257,3.319999933242798,68703280,2.4935240745544434
2022-11-22,3.3399999141693115,3.440000057220459,3.3399999141693115,3.4000000953674316,93964103,2.5536086559295654
2022-11-23,3.430000066757202,3.490000009536743,3.4100000858306885,3.430000066757202,77493119,2.576140880584717
2022-11-24,3.380000114440918,3.450000047683716,3.380000114440918,3.4200000762939453,42611451,2.5686304569244385
2022-11-25,3.450000047683716,3.490000009536743,3.4200000762939453,3.450000047683716,60339248,2.5911619663238525
2022-11-28,3.4100000858306885,3.4200000762939453,3.3499999046325684,3.390000104904175,66867721,2.546098232269287
2022-11-29,3.440000057220459,3.5,3.4100000858306885,3.4800000190734863,105773123,2.613693952560425
2022-11-30,3.4700000286102295,3.559999942779541,3.450000047683716,3.5399999618530273,192258349,2.6587576866149902
2022-12-01,3.559999942779541,3.5999999046325684,3.4700000286102295,3.5,106954460,2.6287150382995605
2022-12-02,3.5,3.569999933242798,3.430000066757202,3.569999933242798,365036730,2.6812891960144043
2022-12-05,3.569999933242798,3.6500000953674316,3.549999952316284,3.5999999046325684,185201794,2.7038209438323975
2022-12-06,3.549999952316284,3.5899999141693115,3.5,3.5799999237060547,88486354,2.688800096511841
2022-12-07,3.569999933242798,3.569999933242798,3.4600000381469727,3.490000009536743,121602129,2.6212046146392822
2022-12-08,3.4800000190734863,3.5299999713897705,3.450000047683716,3.4600000381469727,79431190,2.598672389984131
2022-12-09,3.440000057220459,3.490000009536743,3.430000066757202,3.4700000286102295,110197497,2.6061832904815674
2022-12-12,3.430000066757202,3.509999990463257,3.4200000762939453,3.5,79929266,2.6287150382995605
2022-12-13,3.5,3.509999990463257,3.4700000286102295,3.4800000190734863,75051225,2.613693952560425
2022-12-14,3.5199999809265137,3.5799999237060547,3.5,3.5399999618530273,97338822,2.6587576866149902
2022-12-15,3.5399999618530273,3.5899999141693115,3.509999990463257,3.559999942779541,55611637,2.673778772354126
2022-12-16,3.5799999237060547,3.5799999237060547,3.5299999713897705,3.549999952316284,80523969,2.6662681102752686
2022-12-19,3.549999952316284,3.5799999237060547,3.4800000190734863,3.509999990463257,69271079,2.636225700378418
2022-12-20,3.509999990463257,3.5199999809265137,3.4700000286102295,3.490000009536743,48796478,2.6212046146392822
2022-12-21,3.490000009536743,3.509999990463257,3.4600000381469727,3.5,33910427,2.6287150382995605
2022-12-22,3.5399999618530273,3.5799999237060547,3.5199999809265137,3.549999952316284,82142043,2.6662681102752686
2022-12-23,3.509999990463257,3.569999933242798,3.5,3.5199999809265137,44684030,2.6437363624572754
2022-12-28,3.569999933242798,3.6700000762939453,3.559999942779541,3.609999895095825,92639111,2.711332082748413
2022-12-29,3.5999999046325684,3.5999999046325684,3.5299999713897705,3.559999942779541,55877756,2.673778772354126
2022-12-30,3.5899999141693115,3.619999885559082,3.559999942779541,3.569999933242798,42505769,2.6812891960144043
2023-01-03,3.549999952316284,3.640000104904175,3.509999990463257,3.5999999046325684,56950573,2.7038209438323975
2023-01-04,3.5999999046325684,3.619999885559082,3.559999942779541,3.5999999046325684,63603042,2.7038209438323975
2023-01-05,3.5899999141693115,3.5899999141693115,3.5299999713897705,3.5799999237060547,76744715,2.688800096511841
2023-01-06,3.609999895095825,3.609999895095825,3.569999933242798,3.5899999141693115,41181330,2.696310520172119
2023-01-09,3.619999885559082,3.619999885559082,3.5799999237060547,3.5999999046325684,61835877,2.7038209438323975
2023-01-10,3.619999885559082,3.6500000953674316,3.569999933242798,3.5799999237060547,68743826,2.688800096511841
2023-01-11,3.5799999237060547,3.640000104904175,3.559999942779541,3.609999895095825,104442648,2.711332082748413
2023-01-12,3.630000114440918,3.7899999618530273,3.630000114440918,3.75,235857735,2.8164803981781006
2023-01-13,3.759999990463257,3.869999885559082,3.75,3.8299999237060547,177551677,2.876565456390381
2023-01-16,3.8399999141693115,3.940000057220459,3.8299999237060547,3.880000114440918,142107432,2.914119005203247
2023-01-17,3.880000114440918,3.9000000953674316,3.8399999141693115,3.869999885559082,75792477,2.9066076278686523
2023-01-18,3.890000104904175,3.9200000762939453,3.8399999141693115,3.9200000762939453,94380118,2.9441609382629395
2023-01-19,3.9000000953674316,3.930000066757202,3.8499999046325684,3.880000114440918,111894396,2.914119005203247
2023-01-20,3.940000057220459,4.050000190734863,3.930000066757202,4.019999980926514,180440539,3.0192668437957764
2023-01-26,4.159999847412109,4.179999828338623,4.059999942779541,4.170000076293945,230656054,3.1319260597229004
2023-01-27,4.190000057220459,4.21999979019165,4.139999866485596,4.199999809265137,115000443,3.1544578075408936
2023-01-30,4.179999828338623,4.230000019073486,4.139999866485596,4.179999828338623,186595287,3.1394364833831787
2023-01-31,4.179999828338623,4.239999771118164,4.150000095367432,4.170000076293945,189898977,3.1319260597229004
2023-02-01,4.170000076293945,4.25,4.159999847412109,4.21999979019165,102640662,3.1694793701171875
2023-02-02,4.230000019073486,4.230000019073486,4.159999847412109,4.210000038146973,63687829,3.16196870803833
2023-02-03,4.199999809265137,4.199999809265137,4.070000171661377,4.099999904632568,132912446,3.0793519020080566
2023-02-06,4.059999942779541,4.079999923706055,4.019999980926514,4.070000171661377,85349162,3.0568201541900635
2023-02-07,4.090000152587891,4.119999885559082,4.070000171661377,4.099999904632568,86083700,3.0793519020080566
2023-02-08,4.110000133514404,4.170000076293945,4.110000133514404,4.119999885559082,70408737,3.0943729877471924
2023-02-09,4.119999885559082,4.150000095367432,4.090000152587891,4.119999885559082,53741844,3.0943729877471924
2023-02-10,4.099999904632568,4.130000114440918,4.079999923706055,4.099999904632568,59526250,3.0793519020080566
2023-02-13,4.099999904632568,4.159999847412109,4.070000171661377,4.130000114440918,71274077,3.10188364982605
2023-02-14,4.150000095367432,4.170000076293945,4.099999904632568,4.130000114440918,67690207,3.10188364982605
2023-02-15,4.130000114440918,4.139999866485596,4.070000171661377,4.099999904632568,75240201,3.0793519020080566
2023-02-16,4.130000114440918,4.159999847412109,4.090000152587891,4.119999885559082,62001031,3.0943729877471924
2023-02-17,4.099999904632568,4.170000076293945,4.099999904632568,4.130000114440918,49200636,3.10188364982605
2023-02-20,4.119999885559082,4.190000057220459,4.119999885559082,4.170000076293945,67424262,3.1319260597229004
2023-02-21,4.170000076293945,4.210000038146973,4.139999866485596,4.190000057220459,78621834,3.1469473838806152
2023-02-22,4.190000057220459,4.21999979019165,4.139999866485596,4.150000095367432,81005364,3.1169052124023438
2023-02-23,4.150000095367432,4.179999828338623,4.119999885559082,4.130000114440918,58928917,3.10188364982605
2023-02-24,4.130000114440918,4.179999828338623,4.110000133514404,4.119999885559082,79589027,3.0943729877471924
2023-02-27,4.099999904632568,4.139999866485596,4.070000171661377,4.079999923706055,72112541,3.064330816268921
2023-02-28,4.119999885559082,4.119999885559082,4.019999980926514,4.019999980926514,119442145,3.0192668437957764
2023-03-01,4.03000020980835,4.139999866485596,4.03000020980835,4.110000133514404,104919020,3.086862564086914
2023-03-02,4.110000133514404,4.199999809265137,4.090000152587891,4.150000095367432,105665710,3.1169052124023438
2023-03-03,4.159999847412109,4.289999961853027,4.159999847412109,4.269999980926514,184716851,3.2070322036743164
2023-03-06,4.239999771118164,4.360000133514404,4.239999771118164,4.309999942779541,135136030,3.237074851989746
2023-03-07,4.300000190734863,4.519999980926514,4.300000190734863,4.5,349860170,3.3797762393951416
2023-03-08,4.420000076293945,4.489999771118164,4.389999866485596,4.480000019073486,186958742,3.364755153656006
2023-03-09,4.449999809265137,4.550000190734863,4.420000076293945,4.420000076293945,111619256,3.3196918964385986
2023-03-10,4.369999885559082,4.429999828338623,4.269999980926514,4.320000171661377,145855181,3.2445855140686035
2023-03-13,4.360000133514404,4.489999771118164,4.360000133514404,4.489999771118164,178933048,3.3722658157348633
2023-03-14,4.429999828338623,4.449999809265137,4.269999980926514,4.320000171661377,156399294,3.2445855140686035
2023-03-15,4.320000171661377,4.380000114440918,4.25,4.360000133514404,145242685,3.2746284008026123
2023-03-16,4.25,4.269999980926514,4.110000133514404,4.190000057220459,348860988,3.1469473838806152
2023-03-17,4.190000057220459,4.440000057220459,4.170000076293945,4.389999866485596,249998161,3.297159194946289
2023-03-20,4.329999923706055,4.389999866485596,4.230000019073486,4.269999980926514,159532127,3.2070322036743164
2023-03-21,4.260000228881836,4.309999942779541,4.190000057220459,4.25,75424095,3.1920106410980225
2023-03-22,4.28000020980835,4.380000114440918,4.28000020980835,4.320000171661377,88949621,3.2445855140686035
2023-03-23,4.360000133514404,4.380000114440918,4.300000190734863,4.360000133514404,72469470,3.2746284008026123
2023-03-24,4.369999885559082,4.380000114440918,4.210000038146973,4.25,157871694,3.1920106410980225
2023-03-27,4.179999828338623,4.28000020980835,4.119999885559082,4.260000228881836,107577418,3.199522018432617
2023-03-28,4.320000171661377,4.380000114440918,4.239999771118164,4.300000190734863,94235415,3.2295639514923096
2023-03-29,4.349999904632568,4.389999866485596,4.289999961853027,4.340000152587891,86162432,3.2596068382263184
2023-03-30,4.429999828338623,4.710000038146973,4.400000095367432,4.679999828338623,426831168,3.514967441558838
2023-03-31,4.690000057220459,4.789999961853027,4.650000095367432,4.650000095367432,221257416,3.4924354553222656
2023-04-03,4.789999961853027,4.900000095367432,4.699999809265137,4.71999979019165,175522798,3.5450096130371094
2023-04-04,4.75,4.829999923706055,4.699999809265137,4.820000171661377,131210703,3.6201157569885254
2023-04-06,4.809999942779541,4.829999923706055,4.71999979019165,4.789999961853027,127429011,3.5975840091705322
2023-04-11,4.900000095367432,4.980000019073486,4.880000114440918,4.880000114440918,226101290,3.665179967880249
2023-04-12,4.900000095367432,5.0,4.869999885559082,4.980000019073486,160212784,3.740285634994507
2023-04-13,4.960000038146973,5.150000095367432,4.949999809265137,5.010000228881836,188799556,3.7628180980682373
2023-04-14,5.010000228881836,5.139999866485596,5.010000228881836,5.079999923706055,207287073,3.8153915405273438
2023-04-17,5.079999923706055,5.340000152587891,5.070000171661377,5.329999923706055,411721685,4.003157138824463
2023-04-18,5.289999961853027,5.349999904632568,5.230000019073486,5.309999942779541,144689340,3.9881362915039062
2023-04-19,5.309999942779541,5.369999885559082,5.179999828338623,5.190000057220459,230818759,3.8980085849761963
2023-04-20,5.190000057220459,5.239999771118164,5.130000114440918,5.230000019073486,149419010,3.928050994873047
2023-04-21,5.190000057220459,5.309999942779541,5.190000057220459,5.230000019073486,114042248,3.928050994873047
2023-04-24,5.260000228881836,5.329999923706055,5.159999847412109,5.21999979019165,162568631,3.9205403327941895
2023-04-25,5.230000019073486,5.380000114440918,5.230000019073486,5.329999923706055,169735669,4.003157138824463
2023-04-26,5.289999961853027,5.360000133514404,5.239999771118164,5.329999923706055,111063581,4.003157138824463
2023-04-27,5.269999980926514,5.369999885559082,5.21999979019165,5.340000152587891,107517394,4.0106682777404785
2023-04-28,5.329999923706055,5.489999771118164,5.320000171661377,5.429999828338623,227075151,4.078263282775879
2023-05-02,5.5,5.53000020980835,5.349999904632568,5.409999847412109,80780594,4.063241958618164
2023-05-03,5.320000171661377,5.320000171661377,5.150000095367432,5.170000076293945,143167195,3.8829874992370605
2023-05-04,5.139999866485596,5.329999923706055,5.059999942779541,5.300000190734863,235986869,3.9806253910064697
2023-05-05,5.300000190734863,5.389999866485596,5.199999809265137,5.269999980926514,116307007,3.9580936431884766
2023-05-08,5.320000171661377,5.5,5.300000190734863,5.480000019073486,154751290,4.115816116333008
2023-05-09,5.5,5.619999885559082,5.449999809265137,5.489999771118164,275839311,4.123326778411865
2023-05-10,5.480000019073486,5.559999942779541,5.400000095367432,5.5,142598876,4.130837440490723
2023-05-11,5.5,5.5,5.309999942779541,5.420000076293945,147936912,4.07075309753418
2023-05-12,5.46999979019165,5.519999980926514,5.340000152587891,5.369999885559082,101552687,4.033199310302734
2023-05-15,5.369999885559082,5.449999809265137,5.289999961853027,5.420000076293945,107800928,4.07075309753418
2023-05-16,5.440000057220459,5.550000190734863,5.369999885559082,5.489999771118164,98652521,4.123326778411865
2023-05-17,5.449999809265137,5.480000019073486,5.320000171661377,5.340000152587891,68334018,4.0106682777404785
2023-05-18,5.389999866485596,5.550000190734863,5.389999866485596,5.519999980926514,100575987,4.145859241485596
2023-05-19,5.510000228881836,5.510000228881836,5.349999904632568,5.400000095367432,101723242,4.055731296539307
2023-05-22,5.420000076293945,5.489999771118164,5.360000133514404,5.420000076293945,63328949,4.07075309753418
2023-05-23,5.440000057220459,5.519999980926514,5.380000114440918,5.400000095367432,95474986,4.055731296539307
2023-05-24,5.429999828338623,5.440000057220459,5.320000171661377,5.329999923706055,107152940,4.003157138824463
2023-05-25,5.320000171661377,5.329999923706055,5.170000076293945,5.21999979019165,124060761,3.9205403327941895
2023-05-29,5.199999809265137,5.440000057220459,5.199999809265137,5.340000152587891,100238800,4.0106682777404785
2023-05-30,5.369999885559082,5.449999809265137,5.300000190734863,5.349999904632568,104337930,4.018178462982178
2023-05-31,5.230000019073486,5.260000228881836,5.059999942779541,5.059999942779541,230782841,3.8003711700439453
2023-06-01,5.059999942779541,5.230000019073486,5.019999980926514,5.179999828338623,118054178,3.8904976844787598
2023-06-02,5.28000020980835,5.400000095367432,5.260000228881836,5.329999923706055,124361563,4.003157138824463
2023-06-05,5.429999828338623,5.460000038146973,5.309999942779541,5.369999885559082,92178902,4.033199310302734
2023-06-06,5.400000095367432,5.550000190734863,5.360000133514404,5.510000228881836,147265980,4.1383490562438965
2023-06-07,5.460000038146973,5.570000171661377,5.440000057220459,5.510000228881836,117689356,4.1383490562438965
2023-06-08,5.519999980926514,5.659999847412109,5.5,5.619999885559082,125379896,4.2209649085998535
2023-06-09,5.610000133514404,5.789999961853027,5.599999904632568,5.769999980926514,162171839,4.333623886108398
2023-06-12,5.769999980926514,5.869999885559082,5.659999847412109,5.690000057220459,171674202,4.2735395431518555
2023-06-13,5.610000133514404,5.619999885559082,5.460000038146973,5.570000171661377,207407738,4.183412075042725
2023-06-14,5.610000133514404,5.730000019073486,5.590000152587891,5.619999885559082,114000693,4.2209649085998535
2023-06-15,5.639999866485596,5.730000019073486,5.480000019073486,5.699999809265137,159444560,4.2810492515563965
2023-06-16,5.769999980926514,5.929999828338623,5.75,5.800000190734863,215350362,4.356156349182129
2023-06-19,5.800000190734863,5.829999923706055,5.71999979019165,5.730000019073486,127584967,4.303582191467285
2023-06-20,5.5,5.539999961853027,5.360000133514404,5.420000076293945,129007250,4.250854015350342
2023-06-21,5.389999866485596,5.53000020980835,5.320000171661377,5.489999771118164,95047648,4.3057541847229
2023-06-23,5.440000057220459,5.5,5.389999866485596,5.440000057220459,54590022,4.26654052734375
2023-06-26,5.510000228881836,5.510000228881836,5.409999847412109,5.420000076293945,81209499,4.250854015350342
2023-06-27,5.400000095367432,5.570000171661377,5.389999866485596,5.510000228881836,81954505,4.321440696716309
2023-06-28,5.480000019073486,5.550000190734863,5.46999979019165,5.539999961853027,46278198,4.344969272613525
2023-06-29,5.550000190734863,5.579999923706055,5.380000114440918,5.420000076293945,77709320,4.250854015350342
2023-06-30,5.420000076293945,5.5,5.400000095367432,5.420000076293945,76159444,4.250854015350342
2023-07-03,5.400000095367432,5.699999809265137,5.400000095367432,5.659999847412109,79369497,4.439084529876709
2023-07-04,5.630000114440918,5.769999980926514,5.590000152587891,5.679999828338623,51927989,4.454769134521484
2023-07-05,5.659999847412109,5.71999979019165,5.590000152587891,5.590000152587891,53349988,4.384183883666992
2023-07-06,5.610000133514404,5.710000038146973,5.420000076293945,5.460000038146973,127380454,4.2822265625
2023-07-07,5.420000076293945,5.440000057220459,5.329999923706055,5.389999866485596,134417790,4.227325439453125
2023-07-10,5.5,5.539999961853027,5.349999904632568,5.380000114440918,56793456,4.219482421875
2023-07-11,5.380000114440918,5.5,5.320000171661377,5.440000057220459,93412646,4.26654052734375
2023-07-12,5.5,5.619999885559082,5.480000019073486,5.539999961853027,86750243,4.344969272613525
2023-07-13,5.519999980926514,5.820000171661377,5.519999980926514,5.800000190734863,141661507,4.548884391784668
2023-07-14,5.829999923706055,5.989999771118164,5.829999923706055,5.860000133514404,150383998,4.595942497253418
2023-07-18,5.840000152587891,5.869999885559082,5.75,5.78000020980835,62666666,4.533198833465576
2023-07-19,5.800000190734863,5.880000114440918,5.78000020980835,5.869999885559082,58914254,4.603784561157227
2023-07-20,5.840000152587891,5.960000038146973,5.809999942779541,5.820000171661377,63485947,4.564570426940918
2023-07-21,5.849999904632568,5.860000133514404,5.75,5.849999904632568,41065584,4.588099002838135
2023-07-24,5.800000190734863,5.869999885559082,5.71999979019165,5.760000228881836,65136779,4.517513275146484
2023-07-25,5.900000095367432,5.940000057220459,5.730000019073486,5.75,110458516,4.509670257568359
2023-07-26,5.730000019073486,5.800000190734863,5.630000114440918,5.710000038146973,91911486,4.478298664093018
2023-07-27,5.730000019073486,5.809999942779541,5.670000076293945,5.699999809265137,71515565,4.470454692840576
2023-07-28,5.699999809265137,5.699999809265137,5.639999866485596,5.670000076293945,70245460,4.446927070617676
2023-07-31,5.670000076293945,5.710000038146973,5.570000171661377,5.690000057220459,113099250,4.462612628936768
2023-08-01,5.679999828338623,5.880000114440918,5.670000076293945,5.769999980926514,96511137,4.525355339050293
2023-08-02,5.769999980926514,5.78000020980835,5.570000171661377,5.599999904632568,111049301,4.392026424407959
2023-08-03,5.599999904632568,5.650000095367432,5.460000038146973,5.480000019073486,111115335,4.297911167144775
2023-08-04,5.510000228881836,5.639999866485596,5.510000228881836,5.539999961853027,94149971,4.344969272613525
2023-08-07,5.559999942779541,5.71999979019165,5.550000190734863,5.639999866485596,97114073,4.423398017883301
2023-08-08,5.619999885559082,5.800000190734863,5.619999885559082,5.730000019073486,123022320,4.493984222412109
2023-08-09,5.679999828338623,5.800000190734863,5.679999828338623,5.789999961853027,73552551,4.541041374206543
2023-08-10,5.820000171661377,5.980000019073486,5.789999961853027,5.909999847412109,172281929,4.635156631469727
2023-08-11,5.920000076293945,5.920000076293945,5.849999904632568,5.869999885559082,85778244,4.603784561157227
2023-08-14,5.760000228881836,5.849999904632568,5.75,5.769999980926514,91410966,4.525355339050293
2023-08-15,5.739999771118164,5.800000190734863,5.71999979019165,5.739999771118164,46095725,4.501827239990234
2023-08-16,5.619999885559082,5.679999828338623,5.550000190734863,5.650000095367432,91545844,4.431241035461426
2023-08-17,5.559999942779541,5.630000114440918,5.539999961853027,5.610000133514404,91489178,4.399869441986084
2023-08-18,5.670000076293945,5.75,5.599999904632568,5.610000133514404,83533704,4.399869441986084
2023-08-21,5.570000171661377,5.599999904632568,5.489999771118164,5.519999980926514,74959029,4.329283237457275
2023-08-22,5.5,5.599999904632568,5.46999979019165,5.539999961853027,77683679,4.344969272613525
2023-08-23,5.519999980926514,5.690000057220459,5.519999980926514,5.630000114440918,97215801,4.415555477142334
2023-08-24,5.679999828338623,5.690000057220459,5.599999904632568,5.619999885559082,49969511,4.407711982727051
2023-08-25,5.599999904632568,5.670000076293945,5.579999923706055,5.579999923706055,42395103,4.376340389251709
2023-08-28,5.679999828338623,5.769999980926514,5.630000114440918,5.639999866485596,76650724,4.423398017883301
2023-08-29,5.699999809265137,5.730000019073486,5.639999866485596,5.670000076293945,55702449,4.446927070617676
2023-08-30,5.670000076293945,5.699999809265137,5.579999923706055,5.619999885559082,84311212,4.407711982727051
2023-08-31,5.659999847412109,5.679999828338623,5.489999771118164,5.659999847412109,163142923,4.439084529876709
2023-09-04,5.78000020980835,5.949999809265137,5.760000228881836,5.869999885559082,249145282,4.603784561157227
2023-09-05,5.820000171661377,5.940000057220459,5.809999942779541,5.840000152587891,120821780,4.580256938934326
2023-09-06,5.889999866485596,5.929999828338623,5.769999980926514,5.849999904632568,144622263,4.588099002838135
2023-09-07,5.880000114440918,6.050000190734863,5.840000152587891,6.019999980926514,206998118,4.721427917480469
2023-09-11,6.0,6.050000190734863,5.940000057220459,6.0,216237217,4.705742835998535
2023-09-12,5.909999847412109,5.909999847412109,5.46999979019165,5.489999771118164,325423246,4.47666597366333
2023-09-13,5.610000133514404,5.690000057220459,5.420000076293945,5.489999771118164,196564083,4.47666597366333
2023-09-14,5.510000228881836,5.809999942779541,5.5,5.809999942779541,208643635,4.737601280212402
2023-09-15,5.909999847412109,6.019999980926514,5.769999980926514,5.809999942779541,229087382,4.737601280212402
2023-09-18,5.769999980926514,5.800000190734863,5.650000095367432,5.75,134281940,4.688675880432129
2023-09-19,5.75,5.800000190734863,5.670000076293945,5.739999771118164,91481534,4.680521488189697
2023-09-20,5.739999771118164,5.869999885559082,5.71999979019165,5.809999942779541,120944389,4.737601280212402
2023-09-21,5.789999961853027,5.900000095367432,5.75,5.769999980926514,101287530,4.704983711242676
2023-09-22,5.739999771118164,5.809999942779541,5.670000076293945,5.809999942779541,84943658,4.737601280212402
2023-09-25,5.75,5.800000190734863,5.75,5.78000020980835,63914684,4.713138580322266
2023-09-26,5.769999980926514,5.849999904632568,5.71999979019165,5.739999771118164,106175995,4.680521488189697
2023-09-27,5.739999771118164,5.869999885559082,5.739999771118164,5.820000171661377,63814831,4.745755195617676
2023-09-28,5.960000038146973,6.019999980926514,5.869999885559082,5.900000095367432,142248909,4.8109893798828125
2023-09-29,5.949999809265137,5.960000038146973,5.880000114440918,5.900000095367432,64227667,4.8109893798828125
2023-10-03,5.78000020980835,5.789999961853027,5.539999961853027,5.599999904632568,135814676,4.566362380981445
2023-10-04,5.550000190734863,5.579999923706055,5.420000076293945,5.480000019073486,72372948,4.468511581420898
2023-10-05,5.360000133514404,5.5,5.349999904632568,5.480000019073486,49866603,4.468511581420898
2023-10-06,5.480000019073486,5.53000020980835,5.449999809265137,5.5,31587101,4.484820365905762
2023-10-09,5.599999904632568,5.739999771118164,5.599999904632568,5.639999866485596,109542515,4.598979473114014
2023-10-10,5.75,5.78000020980835,5.659999847412109,5.699999809265137,93673605,4.647903919219971
2023-10-11,5.789999961853027,5.820000171661377,5.670000076293945,5.71999979019165,108864526,4.664213180541992
2023-10-12,5.739999771118164,5.75,5.510000228881836,5.619999885559082,217597279,4.58267068862915
2023-10-13,5.630000114440918,5.670000076293945,5.590000152587891,5.630000114440918,103641549,4.59082555770874
2023-10-16,5.699999809265137,5.769999980926514,5.630000114440918,5.659999847412109,102649149,4.615288734436035
2023-10-17,5.690000057220459,5.710000038146973,5.590000152587891,5.699999809265137,93626252,4.647903919219971
2023-10-18,5.730000019073486,5.789999961853027,5.690000057220459,5.760000228881836,87287059,4.6968302726745605
2023-10-19,5.699999809265137,5.730000019073486,5.599999904632568,5.639999866485596,99122480,4.598979473114014
2023-10-20,5.630000114440918,5.690000057220459,5.599999904632568,5.619999885559082,76363436,4.58267068862915
2023-10-24,5.539999961853027,5.559999942779541,5.440000057220459,5.53000020980835,96718947,4.509283065795898
2023-10-25,5.550000190734863,5.559999942779541,5.239999771118164,5.309999942779541,192167444,4.329890251159668
2023-10-26,5.309999942779541,5.349999904632568,5.239999771118164,5.320000171661377,93655106,4.338045120239258
2023-10-27,5.329999923706055,5.380000114440918,5.28000020980835,5.340000152587891,93114207,4.354353427886963
2023-10-30,5.25,5.300000190734863,5.090000152587891,5.159999847412109,199434791,4.207576751708984
2023-10-31,5.230000019073486,5.230000019073486,4.929999828338623,5.099999904632568,214530929,4.158651351928711
2023-11-01,5.110000133514404,5.179999828338623,5.079999923706055,5.159999847412109,68670483,4.207576751708984
2023-11-02,5.21999979019165,5.300000190734863,5.179999828338623,5.190000057220459,80370947,4.232039451599121
2023-11-03,5.25,5.300000190734863,5.210000038146973,5.239999771118164,62119255,4.272810459136963
2023-11-06,5.260000228881836,5.260000228881836,5.03000020980835,5.059999942779541,205996729,4.126035213470459
2023-11-07,5.03000020980835,5.110000133514404,5.0,5.090000152587891,104238133,4.150496959686279
2023-11-08,5.039999961853027,5.059999942779541,4.940000057220459,4.980000019073486,120206308,4.060801029205322
2023-11-09,4.960000038146973,4.980000019073486,4.909999847412109,4.960000038146973,105748497,4.044492721557617
2023-11-10,4.940000057220459,4.960000038146973,4.860000133514404,4.940000057220459,90873977,4.028184413909912
2023-11-13,4.989999771118164,5.070000171661377,4.940000057220459,5.050000190734863,65951372,4.117880821228027
2023-11-14,5.119999885559082,5.139999866485596,5.059999942779541,5.079999923706055,66416938,4.142343044281006
2023-11-15,5.099999904632568,5.239999771118164,5.099999904632568,5.210000038146973,99410256,4.248348236083984
2023-11-16,5.210000038146973,5.25,5.150000095367432,5.199999809265137,63991346,4.240193843841553
2023-11-17,5.130000114440918,5.139999866485596,5.039999961853027,5.110000133514404,107558703,4.166805744171143
2023-11-20,5.150000095367432,5.210000038146973,5.079999923706055,5.179999828338623,90737248,4.223884582519531
2023-11-21,5.239999771118164,5.289999961853027,5.159999847412109,5.179999828338623,77929195,4.223884582519531
2023-11-22,5.179999828338623,5.230000019073486,5.130000114440918,5.210000038146973,50301023,4.248348236083984
2023-11-23,5.179999828338623,5.210000038146973,5.119999885559082,5.190000057220459,56415715,4.232039451599121
2023-11-24,5.130000114440918,5.190000057220459,5.130000114440918,5.150000095367432,27837807,4.199422836303711
2023-11-27,5.190000057220459,5.199999809265137,5.110000133514404,5.150000095367432,31779078,4.199422836303711
2023-11-28,5.159999847412109,5.159999847412109,5.070000171661377,5.110000133514404,50544596,4.166805744171143
2023-11-29,5.179999828338623,5.179999828338623,5.019999980926514,5.070000171661377,86997077,4.134189128875732
2023-11-30,5.059999942779541,5.179999828338623,5.019999980926514,5.130000114440918,138755738,4.183114528656006
2023-12-01,5.130000114440918,5.179999828338623,5.099999904632568,5.110000133514404,58119190,4.166805744171143
2023-12-04,5.190000057220459,5.21999979019165,5.110000133514404,5.119999885559082,74195698,4.174960136413574
2023-12-05,5.119999885559082,5.139999866485596,4.949999809265137,5.03000020980835,85431274,4.101572036743164
2023-12-06,5.0,5.010000228881836,4.900000095367432,4.96999979019165,75360464,4.052646636962891
2023-12-07,4.900000095367432,4.909999847412109,4.730000019073486,4.860000133514404,132584263,3.9629509449005127
2023-12-08,4.880000114440918,4.920000076293945,4.829999923706055,4.860000133514404,63143123,3.9629509449005127
2023-12-11,4.800000190734863,4.860000133514404,4.739999771118164,4.849999904632568,75092341,3.954796314239502
2023-12-12,4.880000114440918,4.900000095367432,4.800000190734863,4.869999885559082,44149086,3.971104383468628
2023-12-13,4.809999942779541,4.849999904632568,4.789999961853027,4.820000171661377,83694947,3.930333137512207
2023-12-14,4.900000095367432,4.920000076293945,4.800000190734863,4.829999923706055,80661578,3.9384872913360596
2023-12-15,4.920000076293945,5.010000228881836,4.920000076293945,4.929999828338623,167038397,4.020029544830322
2023-12-18,4.849999904632568,4.989999771118164,4.820000171661377,4.920000076293945,72501764,4.011875629425049
2023-12-19,4.949999809265137,4.96999979019165,4.869999885559082,4.889999866485596,62029512,3.987412691116333
2023-12-20,4.929999828338623,4.989999771118164,4.849999904632568,4.889999866485596,65779619,3.987412691116333
2023-12-21,4.809999942779541,4.920000076293945,4.789999961853027,4.900000095367432,43736124,3.9955670833587646
2023-12-22,4.909999847412109,5.019999980926514,4.900000095367432,4.949999809265137,88202575,4.036338806152344
2023-12-27,4.96999979019165,5.170000076293945,4.949999809265137,5.130000114440918,143122905,4.183114528656006
2023-12-28,5.110000133514404,5.199999809265137,5.090000152587891,5.159999847412109,75622094,4.207576751708984
2023-12-29,5.150000095367432,5.190000057220459,5.099999904632568,5.159999847412109,42864969,4.207576751708984
2024-01-02,5.159999847412109,5.239999771118164,5.139999866485596,5.199999809265137,50820946,4.240193843841553
2024-01-03,5.179999828338623,5.28000020980835,5.139999866485596,5.230000019073486,89394031,4.2646565437316895
2024-01-04,5.269999980926514,5.389999866485596,5.230000019073486,5.369999885559082,120549187,4.378815174102783
2024-01-05,5.340000152587891,5.5,5.28000020980835,5.440000057220459,150698189,4.4358954429626465
2024-01-08,5.440000057220459,5.550000190734863,5.360000133514404,5.420000076293945,100119160,4.419586181640625
2024-01-09,5.329999923706055,5.440000057220459,5.269999980926514,5.380000114440918,90124368,4.386969566345215
2024-01-10,5.360000133514404,5.409999847412109,5.320000171661377,5.340000152587891,88916218,4.354353427886963
2024-01-11,5.340000152587891,5.340000152587891,5.21999979019165,5.239999771118164,106767570,4.272810459136963
2024-01-12,5.21999979019165,5.320000171661377,5.199999809265137,5.289999961853027,78482448,4.313581943511963
2024-01-15,5.289999961853027,5.300000190734863,5.210000038146973,5.28000020980835,67717841,4.305427074432373
2024-01-16,5.210000038146973,5.329999923706055,5.210000038146973,5.21999979019165,69404899,4.256502151489258
2024-01-17,5.179999828338623,5.179999828338623,4.989999771118164,5.050000190734863,176453795,4.117880821228027
2024-01-18,5.050000190734863,5.050000190734863,4.869999885559082,4.980000019073486,167943007,4.060801029205322
2024-01-19,4.989999771118164,5.019999980926514,4.909999847412109,4.96999979019165,90871451,4.052646636962891
2024-01-22,4.980000019073486,4.980000019073486,4.809999942779541,4.900000095367432,144071256,3.9955670833587646
2024-01-23,4.920000076293945,5.039999961853027,4.849999904632568,4.949999809265137,99075005,4.036338806152344
2024-01-24,5.039999961853027,5.300000190734863,5.010000228881836,5.25,207892939,4.2809648513793945
2024-01-25,5.269999980926514,5.739999771118164,5.269999980926514,5.670000076293945,343290739,4.62344217300415
2024-01-26,5.699999809265137,5.800000190734863,5.619999885559082,5.710000038146973,187731510,4.656059265136719
2024-01-29,5.78000020980835,5.900000095367432,5.730000019073486,5.789999961853027,198079197,4.721292495727539
2024-01-30,5.71999979019165,5.769999980926514,5.650000095367432,5.699999809265137,134421087,4.647903919219971
2024-01-31,5.679999828338623,5.739999771118164,5.599999904632568,5.650000095367432,100559105,4.607133865356445
2024-02-01,5.619999885559082,5.670000076293945,5.519999980926514,5.590000152587891,124402703,4.558208465576172
2024-02-02,5.610000133514404,5.78000020980835,5.590000152587891,5.730000019073486,144839864,4.672367572784424
2024-02-05,5.630000114440918,5.869999885559082,5.610000133514404,5.739999771118164,184409698,4.680521488189697
2024-02-06,5.739999771118164,5.849999904632568,5.670000076293945,5.71999979019165,153092318,4.664213180541992
2024-02-07,5.760000228881836,5.760000228881836,5.599999904632568,5.699999809265137,121136969,4.647903919219971
2024-02-08,5.670000076293945,5.71999979019165,5.610000133514404,5.630000114440918,68106109,4.59082555770874
2024-02-09,5.579999923706055,5.659999847412109,5.519999980926514,5.639999866485596,37705573,4.598979473114014
2024-02-14,5.519999980926514,5.619999885559082,5.5,5.610000133514404,50488365,4.574516773223877
2024-02-15,5.579999923706055,5.619999885559082,5.550000190734863,5.599999904632568,33724673,4.566362380981445
2024-02-16,5.619999885559082,5.730000019073486,5.570000171661377,5.670000076293945,70629360,4.62344217300415
2024-02-19,5.670000076293945,5.889999866485596,5.659999847412109,5.820000171661377,122949242,4.745755195617676
2024-02-20,5.840000152587891,5.929999828338623,5.800000190734863,5.900000095367432,147684202,4.8109893798828125
2024-02-21,5.929999828338623,6.019999980926514,5.909999847412109,5.940000057220459,170000767,4.8436055183410645
2024-02-22,5.929999828338623,6.300000190734863,5.929999828338623,6.28000020980835,253618819,5.120848655700684
2024-02-23,6.230000019073486,6.340000152587891,6.170000076293945,6.260000228881836,187842621,5.104541778564453
2024-02-26,6.25,6.329999923706055,6.119999885559082,6.190000057220459,104432694,5.04746150970459
2024-02-27,6.179999828338623,6.230000019073486,6.119999885559082,6.199999809265137,107347973,5.055614948272705
2024-02-28,6.21999979019165,6.25,6.03000020980835,6.159999847412109,120667816,5.022998809814453
2024-02-29,6.130000114440918,6.21999979019165,6.130000114440918,6.170000076293945,122462452,5.031153202056885
2024-03-01,6.139999866485596,6.170000076293945,6.079999923706055,6.110000133514404,83319547,4.982227802276611
2024-03-04,6.130000114440918,6.260000228881836,6.119999885559082,6.21999979019165,112863206,5.071923732757568
2024-03-05,6.119999885559082,6.199999809265137,6.0,6.070000171661377,129266644,4.949610710144043
2024-03-06,6.110000133514404,6.110000133514404,5.980000019073486,6.070000171661377,120031530,4.949610710144043
2024-03-07,6.090000152587891,6.309999942779541,6.079999923706055,6.139999866485596,186708160,5.00669002532959
2024-03-08,6.139999866485596,6.230000019073486,6.03000020980835,6.190000057220459,136508286,5.04746150970459
2024-03-11,6.199999809265137,6.320000171661377,6.150000095367432,6.260000228881836,167483807,5.104541778564453
2024-03-12,6.260000228881836,6.380000114440918,6.190000057220459,6.230000019073486,134388777,5.080078125
2024-03-13,6.190000057220459,6.260000228881836,6.130000114440918,6.230000019073486,94262369,5.080078125
2024-03-14,6.320000171661377,6.53000020980835,6.300000190734863,6.360000133514404,128533884,5.186083793640137
2024-03-15,6.300000190734863,6.510000228881836,6.300000190734863,6.440000057220459,198899806,5.251317501068115
2024-03-18,6.380000114440918,6.449999809265137,6.329999923706055,6.329999923706055,94424010,5.161620140075684
2024-03-19,6.300000190734863,6.559999942779541,6.25,6.400000095367432,147542357,5.218699932098389
2024-03-20,6.449999809265137,6.550000190734863,6.360000133514404,6.429999828338623,99272994,5.243162631988525
2024-03-21,6.519999980926514,6.699999809265137,6.5,6.570000171661377,156219280,5.357321739196777
2024-03-22,6.53000020980835,6.659999847412109,6.380000114440918,6.409999847412109,124830287,5.226853847503662
2024-03-25,6.429999828338623,6.460000038146973,6.429999828338623,6.460000038146973,86834713,5.267625331878662
2024-03-26,6.650000095367432,6.650000095367432,6.489999771118164,6.5,141008986,5.300241947174072
2024-03-27,6.5,6.519999980926514,6.389999866485596,6.46999979019165,88335512,5.2757792472839355
2024-03-28,6.449999809265137,6.800000190734863,6.429999828338623,6.690000057220459,137592534,5.455172538757324
2024-04-02,6.849999904632568,7.21999979019165,6.849999904632568,7.139999866485596,236928726,5.822112083435059
2024-04-03,7.150000095367432,7.320000171661377,7.119999885559082,7.170000076293945,168895681,5.8465752601623535
2024-04-05,7.190000057220459,7.199999809265137,7.0,7.119999885559082,96956409,5.8058037757873535
2024-04-08,7.070000171661377,7.349999904632568,7.010000228881836,7.210000038146973,152735592,5.879191875457764
2024-04-09,7.190000057220459,7.340000152587891,7.170000076293945,7.170000076293945,103248386,5.8465752601623535
2024-04-10,7.150000095367432,7.420000076293945,7.119999885559082,7.380000114440918,138290573,6.017813682556152
2024-04-11,7.260000228881836,7.489999771118164,7.260000228881836,7.400000095367432,163350741,6.034121990203857
2024-04-12,7.349999904632568,7.389999866485596,7.239999771118164,7.320000171661377,105773969,5.968888282775879
2024-04-15,7.210000038146973,7.559999942779541,7.199999809265137,7.480000019073486,180401256,6.099355697631836
2024-04-16,7.380000114440918,7.710000038146973,7.380000114440918,7.53000020980835,274428245,6.140127182006836
2024-04-17,7.480000019073486,7.5,7.349999904632568,7.429999828338623,176583963,6.058584690093994
2024-04-18,7.349999904632568,7.349999904632568,7.179999828338623,7.320000171661377,182326219,5.968888282775879
2024-04-19,7.309999942779541,7.550000190734863,7.28000020980835,7.489999771118164,165766404,6.107510089874268
2024-04-22,7.539999961853027,7.650000095367432,7.269999980926514,7.289999961853027,155928107,5.944425106048584
2024-04-23,7.289999961853027,7.329999923706055,7.150000095367432,7.239999771118164,126839760,5.903654098510742
2024-04-24,7.260000228881836,7.369999885559082,7.230000019073486,7.269999980926514,100905114,5.928117275238037
2024-04-25,7.21999979019165,7.400000095367432,7.210000038146973,7.360000133514404,86098538,6.001505374908447
2024-04-26,7.429999828338623,7.630000114440918,7.429999828338623,7.539999961853027,165147107,6.148281097412109
2024-04-29,7.510000228881836,7.53000020980835,7.21999979019165,7.300000190734863,177747992,5.952579975128174
2024-04-30,7.289999961853027,7.489999771118164,7.21999979019165,7.380000114440918,142643494,6.017813682556152
2024-05-02,7.210000038146973,7.329999923706055,7.070000171661377,7.099999904632568,185755718,5.789495468139648
2024-05-03,7.119999885559082,7.179999828338623,7.050000190734863,7.110000133514404,116242584,5.79764986038208
2024-05-06,7.110000133514404,7.159999847412109,6.949999809265137,7.159999847412109,181435535,5.838420867919922
2024-05-07,7.199999809265137,7.340000152587891,7.170000076293945,7.239999771118164,110461347,5.903654098510742
2024-05-08,7.300000190734863,7.440000057220459,7.230000019073486,7.28000020980835,93969086,5.936271667480469
2024-05-09,7.360000133514404,7.46999979019165,7.260000228881836,7.340000152587891,99608738,5.985196590423584
2024-05-10,7.349999904632568,7.71999979019165,7.340000152587891,7.679999828338623,256837294,6.262439727783203
2024-05-13,7.590000152587891,7.739999771118164,7.519999980926514,7.619999885559082,117761511,6.213514804840088
2024-05-14,7.630000114440918,7.679999828338623,7.489999771118164,7.539999961853027,120744758,6.148281097412109
2024-05-16,7.579999923706055,7.579999923706055,7.320000171661377,7.46999979019165,126666832,6.0912017822265625
2024-05-17,7.480000019073486,7.599999904632568,7.420000076293945,7.570000171661377,183090102,6.172744274139404
2024-05-20,7.579999923706055,7.840000152587891,7.570000171661377,7.71999979019165,224158481,6.2950568199157715
2024-05-21,7.730000019073486,7.800000190734863,7.630000114440918,7.71999979019165,138451880,6.2950568199157715
2024-05-22,7.789999961853027,7.789999961853027,7.659999847412109,7.659999847412109,103428496,6.246131896972656
2024-05-23,7.650000095367432,7.730000019073486,7.480000019073486,7.670000076293945,109960081,6.25428581237793
2024-05-24,7.610000133514404,7.71999979019165,7.599999904632568,7.670000076293945,90563901,6.25428581237793
2024-05-27,7.670000076293945,7.940000057220459,7.659999847412109,7.940000057220459,135927590,6.474449634552002
2024-05-28,7.940000057220459,8.210000038146973,7.889999866485596,8.109999656677246,172120156,6.613070964813232
2024-05-29,8.109999656677246,8.199999809265137,8.029999732971191,8.109999656677246,111353781,6.613070964813232
2024-05-30,8.039999961853027,8.119999885559082,7.940000057220459,7.960000038146973,121596249,6.490758895874023
2024-05-31,7.989999771118164,8.15999984741211,7.929999828338623,7.96999979019165,207851473,6.4989118576049805
2024-06-03,8.029999732971191,8.220000267028809,8.029999732971191,8.039999961853027,119878709,6.5559916496276855
2024-06-04,7.900000095367432,7.949999809265137,7.769999980926514,7.900000095367432,159094718,6.441833019256592
2024-06-05,7.880000114440918,7.889999866485596,7.670000076293945,7.739999771118164,191993635,6.311365604400635
2024-06-06,7.769999980926514,7.929999828338623,7.760000228881836,7.809999942779541,101934891,6.36844539642334
2024-06-07,7.96999979019165,8.039999961853027,7.739999771118164,7.75,100670406,6.319519519805908
2024-06-11,7.75,7.860000133514404,7.519999980926514,7.670000076293945,137628110,6.25428581237793
2024-06-12,7.619999885559082,7.75,7.5,7.670000076293945,82391196,6.25428581237793
2024-06-13,7.710000038146973,7.78000020980835,7.630000114440918,7.690000057220459,59462813,6.270594120025635
2024-06-14,7.650000095367432,7.699999809265137,7.550000190734863,7.610000133514404,101263681,6.2053608894348145
2024-06-17,7.599999904632568,7.670000076293945,7.429999828338623,7.480000019073486,103783552,6.099355697631836
2024-06-18,7.309999942779541,7.329999923706055,7.110000133514404,7.289999961853027,109849233,6.152414798736572
2024-06-19,7.309999942779541,7.670000076293945,7.309999942779541,7.619999885559082,134163964,6.4309186935424805
2024-06-20,7.639999866485596,7.880000114440918,7.630000114440918,7.800000190734863,137692553,6.582830905914307
2024-06-21,7.699999809265137,7.860000133514404,7.679999828338623,7.679999828338623,100849384,6.481556415557861
2024-06-24,7.619999885559082,7.730000019073486,7.599999904632568,7.690000057220459,54416606,6.489995956420898
2024-06-25,7.730000019073486,7.829999923706055,7.710000038146973,7.75,63071579,6.540633201599121
2024-06-26,7.699999809265137,7.769999980926514,7.639999866485596,7.71999979019165,61701170,6.515314102172852
2024-06-27,7.690000057220459,7.760000228881836,7.510000228881836,7.570000171661377,109144076,6.388721942901611
2024-06-28,7.539999961853027,8.0,7.53000020980835,7.900000095367432,179715191,6.667226791381836
2024-07-02,7.980000019073486,8.300000190734863,7.980000019073486,8.229999542236328,209814093,6.945730686187744
2024-07-03,8.239999771118164,8.489999771118164,8.220000267028809,8.40999984741211,140141988,7.097641944885254
2024-07-04,8.399999618530273,8.550000190734863,8.399999618530273,8.539999961853027,119238423,7.207355976104736
2024-07-05,8.510000228881836,8.600000381469727,8.34000015258789,8.4399995803833,90790457,7.122960090637207
2024-07-08,8.329999923706055,8.489999771118164,8.329999923706055,8.40999984741211,70903100,7.097641944885254
2024-07-09,8.390000343322754,8.399999618530273,8.210000038146973,8.25,107302787,6.962609767913818
2024-07-10,8.220000267028809,8.289999961853027,7.929999828338623,8.010000228881836,150552184,6.760061264038086
2024-07-11,8.039999961853027,8.119999885559082,7.96999979019165,8.079999923706055,70725440,6.819138050079346
2024-07-12,8.210000038146973,8.220000267028809,7.980000019073486,8.020000457763672,96155430,6.768500804901123
2024-07-15,8.010000228881836,8.130000114440918,7.940000057220459,7.980000019073486,74610741,6.734742164611816
2024-07-16,7.960000038146973,8.069999694824219,7.869999885559082,7.920000076293945,82768985,6.684104919433594
2024-07-17,7.909999847412109,7.909999847412109,7.360000133514404,7.460000038146973,300264540,6.295886993408203
2024-07-18,7.460000038146973,7.570000171661377,7.400000095367432,7.460000038146973,84928936,6.295886993408203
2024-07-19,7.369999885559082,7.420000076293945,7.03000020980835,7.110000133514404,229124572,6.000504016876221
2024-07-22,7.03000020980835,7.090000152587891,6.840000152587891,7.070000171661377,150545603,5.966745376586914
2024-07-23,7.059999942779541,7.150000095367432,7.019999980926514,7.039999961853027,80967910,5.941426753997803
2024-07-24,7.03000020980835,7.110000133514404,6.96999979019165,7.079999923706055,84058799,5.975185394287109
2024-07-25,7.050000190734863,7.090000152587891,6.730000019073486,6.820000171661377,195868609,5.7557573318481445
2024-07-26,6.860000133514404,6.949999809265137,6.739999771118164,6.809999942779541,74837912,5.747317790985107
2024-07-29,6.860000133514404,6.96999979019165,6.769999980926514,6.909999847412109,77508450,5.83171272277832
2024-07-30,6.900000095367432,6.900000095367432,6.619999885559082,6.690000057220459,115898456,5.646043300628662
2024-07-31,6.71999979019165,6.849999904632568,6.690000057220459,6.809999942779541,90408924,5.747317790985107
2024-08-01,6.900000095367432,7.03000020980835,6.860000133514404,6.940000057220459,107707906,5.857031345367432
2024-08-02,6.699999809265137,6.829999923706055,6.679999828338623,6.809999942779541,82655893,5.747317790985107
2024-08-05,6.699999809265137,6.699999809265137,6.25,6.440000057220459,317488617,5.435055255889893
2024-08-06,6.5,6.579999923706055,6.360000133514404,6.400000095367432,126774777,5.401296615600586
2024-08-07,6.380000114440918,6.670000076293945,6.369999885559082,6.570000171661377,129979624,5.544768810272217
2024-08-08,6.639999866485596,6.659999847412109,6.480000019073486,6.53000020980835,80053256,5.511011123657227
2024-08-09,6.599999904632568,6.78000020980835,6.590000152587891,6.670000076293945,81881566,5.629164218902588
2024-08-12,6.690000057220459,6.739999771118164,6.599999904632568,6.670000076293945,59061783,5.629164218902588
2024-08-13,6.75,6.849999904632568,6.659999847412109,6.730000019073486,63991985,5.679801940917969
2024-08-14,6.699999809265137,6.730000019073486,6.639999866485596,6.71999979019165,39290815,5.671361923217773
2024-08-15,6.670000076293945,6.809999942779541,6.650000095367432,6.75,50545618,5.696680545806885
2024-08-16,6.809999942779541,6.940000057220459,6.809999942779541,6.880000114440918,87814292,5.806394577026367
2024-08-19,6.889999866485596,6.980000019073486,6.820000171661377,6.900000095367432,89917366,5.823273658752441
2024-08-20,6.880000114440918,6.900000095367432,6.650000095367432,6.739999771118164,114401871,5.6882405281066895
2024-08-21,6.710000038146973,6.75,6.650000095367432,6.739999771118164,43558081,5.6882405281066895
2024-08-22,6.769999980926514,6.820000171661377,6.630000114440918,6.789999961853027,74741586,5.730438709259033
2024-08-23,6.760000228881836,6.840000152587891,6.710000038146973,6.760000228881836,68354547,5.70512056350708
2024-08-26,6.840000152587891,6.949999809265137,6.820000171661377,6.869999885559082,90880602,5.797954559326172
2024-08-27,6.929999828338623,7.230000019073486,6.929999828338623,7.150000095367432,209696551,6.034261703491211
2024-08-28,7.099999904632568,7.199999809265137,7.070000171661377,7.099999904632568,77012046,5.992063999176025
2024-08-29,6.989999771118164,7.070000171661377,6.949999809265137,7.039999961853027,130983419,5.941426753997803
2024-08-30,7.03000020980835,7.139999866485596,7.019999980926514,7.070000171661377,121824982,5.966745376586914
2024-09-02,6.989999771118164,7.090000152587891,6.880000114440918,7.03000020980835,85770007,5.932987213134766
2024-09-03,7.03000020980835,7.050000190734863,6.880000114440918,6.929999828338623,65308685,5.8485918045043945
2024-09-04,6.75,6.75,6.429999828338623,6.510000228881836,216768958,5.4941325187683105
2024-09-05,6.510000228881836,6.570000171661377,6.210000038146973,6.320000171661377,238614395,5.333780765533447
2024-09-09,6.269999980926514,6.269999980926514,5.900000095367432,5.929999828338623,392702685,5.004639148712158
2024-09-10,5.900000095367432,5.989999771118164,5.829999923706055,5.929999828338623,164546347,5.004639148712158
2024-09-11,5.5,5.619999885559082,5.340000152587891,5.610000133514404,283571764,4.934561729431152
2024-09-12,5.599999904632568,5.650000095367432,5.460000038146973,5.599999904632568,155499044,4.925765514373779
2024-09-13,5.670000076293945,5.75,5.599999904632568,5.639999866485596,127372777,4.960949420928955
2024-09-16,5.599999904632568,5.639999866485596,5.510000228881836,5.639999866485596,58447414,4.960949420928955
2024-09-17,5.659999847412109,5.78000020980835,5.650000095367432,5.75,95588866,5.057705402374268
2024-09-19,5.730000019073486,5.75,5.619999885559082,5.75,166640607,5.057705402374268
2024-09-20,5.800000190734863,6.010000228881836,5.789999961853027,5.860000133514404,169582319,5.154461860656738
2024-09-23,5.829999923706055,6.03000020980835,5.820000171661377,5.949999809265137,135267771,5.233625411987305
2024-09-24,6.050000190734863,6.260000228881836,6.050000190734863,6.21999979019165,266011336,5.4711174964904785
2024-09-25,6.449999809265137,6.550000190734863,6.349999904632568,6.369999885559082,295243257,5.603058338165283
2024-09-26,6.400000095367432,6.480000019073486,6.059999942779541,6.239999771118164,474773909,5.488709926605225
2024-09-27,6.170000076293945,6.46999979019165,6.070000171661377,6.300000190734863,530291223,5.5414862632751465
2024-09-30,6.440000057220459,6.519999980926514,6.21999979019165,6.340000152587891,329163408,5.576670169830322
2024-10-02,6.570000171661377,6.710000038146973,6.28000020980835,6.650000095367432,462278392,5.84934663772583
2024-10-03,6.690000057220459,6.699999809265137,6.449999809265137,6.550000190734863,254641566,5.761386394500732
2024-10-04,6.760000228881836,6.840000152587891,6.619999885559082,6.760000228881836,306664752,5.946103096008301
2024-10-07,6.940000057220459,7.070000171661377,6.78000020980835,6.880000114440918,259308270,6.051654815673828
2024-10-08,7.059999942779541,7.059999942779541,6.349999904632568,6.360000133514404,575782130,5.594262599945068
2024-10-09,6.260000228881836,6.320000171661377,6.019999980926514,6.159999847412109,313037619,5.418342113494873
2024-10-10,6.199999809265137,6.489999771118164,6.199999809265137,6.400000095367432,263009227,5.629446029663086
2024-10-14,6.389999866485596,6.559999942779541,6.320000171661377,6.409999847412109,224377727,5.638242244720459
2024-10-15,6.269999980926514,6.340000152587891,6.159999847412109,6.210000038146973,209967232,5.462321758270264
2024-10-16,6.139999866485596,6.210000038146973,6.019999980926514,6.110000133514404,328735295,5.374362468719482
2024-10-17,6.119999885559082,6.25,5.960000038146973,5.989999771118164,209931287,5.268809795379639
2024-10-18,6.059999942779541,6.119999885559082,5.980000019073486,6.099999904632568,151731495,5.365565776824951
2024-10-21,6.019999980926514,6.159999847412109,5.980000019073486,6.0,117839802,5.2776055335998535
2024-10-22,5.989999771118164,6.090000152587891,5.989999771118164,6.039999961853027,101542455,5.3127899169921875
2024-10-23,6.039999961853027,6.110000133514404,5.980000019073486,6.079999923706055,124482852,5.347973823547363
2024-10-24,6.010000228881836,6.110000133514404,5.989999771118164,6.059999942779541,115728732,5.330382347106934
2024-10-25,6.010000228881836,6.079999923706055,6.010000228881836,6.03000020980835,95490135,5.3039937019348145
2024-10-28,5.96999979019165,5.980000019073486,5.820000171661377,5.940000057220459,228508420,5.22482967376709
2024-10-29,5.860000133514404,5.929999828338623,5.75,5.809999942779541,245809358,5.1104817390441895
2024-10-30,5.860000133514404,5.949999809265137,5.75,5.789999961853027,149832247,5.09289026260376
2024-10-31,5.849999904632568,5.900000095367432,5.820000171661377,5.840000152587891,101349954,5.13686990737915
2024-11-01,5.900000095367432,5.96999979019165,5.860000133514404,5.900000095367432,124167378,5.189645767211914
2024-11-04,5.949999809265137,5.949999809265137,5.820000171661377,5.889999866485596,79008669,5.180849552154541
2024-11-05,5.889999866485596,5.980000019073486,5.840000152587891,5.980000019073486,75958393,5.260013580322266
2024-11-06,5.900000095367432,5.96999979019165,5.78000020980835,5.789999961853027,211135047,5.09289026260376
2024-11-07,5.800000190734863,5.840000152587891,5.710000038146973,5.820000171661377,160346572,5.1192779541015625
2024-11-08,5.789999961853027,5.860000133514404,5.71999979019165,5.71999979019165,161797933,5.031317710876465
2024-11-11,5.579999923706055,5.670000076293945,5.539999961853027,5.659999847412109,156002118,4.978541851043701
2024-11-12,5.599999904632568,5.679999828338623,5.460000038146973,5.53000020980835,152201338,4.864193439483643
2024-11-13,5.480000019073486,5.579999923706055,5.46999979019165,5.550000190734863,115091066,4.8817853927612305
2024-11-14,5.489999771118164,5.570000171661377,5.440000057220459,5.460000038146973,121929963,4.802621841430664
2024-11-15,5.460000038146973,5.539999961853027,5.460000038146973,5.46999979019165,90249040,4.811417579650879
2024-11-18,5.46999979019165,5.659999847412109,5.46999979019165,5.590000152587891,112153822,4.9169697761535645
2024-11-19,5.659999847412109,5.690000057220459,5.599999904632568,5.639999866485596,97077740,4.960949420928955
2024-11-20,5.610000133514404,5.670000076293945,5.610000133514404,5.659999847412109,59673334,4.978541851043701
2024-11-21,5.599999904632568,5.679999828338623,5.599999904632568,5.610000133514404,72231353,4.934561729431152
2024-11-22,5.610000133514404,5.690000057220459,5.519999980926514,5.550000190734863,90151589,4.8817853927612305
2024-11-25,5.590000152587891,5.659999847412109,5.53000020980835,5.539999961853027,126706905,4.872989654541016
2024-11-26,5.480000019073486,5.579999923706055,5.449999809265137,5.550000190734863,105565769,4.8817853927612305
2024-11-27,5.53000020980835,5.590000152587891,5.480000019073486,5.579999923706055,90444966,4.908173084259033
2024-11-28,5.579999923706055,5.579999923706055,5.510000228881836,5.539999961853027,57820340,4.872989654541016
2024-11-29,5.53000020980835,5.570000171661377,5.480000019073486,5.510000228881836,60524371,4.846601486206055
2024-12-02,5.5,5.559999942779541,5.420000076293945,5.46999979019165,109561099,4.811417579650879
2024-12-03,5.46999979019165,5.630000114440918,5.449999809265137,5.630000114440918,120110005,4.952153205871582
2024-12-04,5.630000114440918,5.880000114440918,5.579999923706055,5.809999942779541,222264931,5.1104817390441895
2024-12-05,5.78000020980835,5.869999885559082,5.71999979019165,5.769999980926514,74080558,5.075297832489014
2024-12-06,5.760000228881836,5.840000152587891,5.760000228881836,5.789999961853027,134583179,5.09289026260376
2024-12-09,5.760000228881836,5.880000114440918,5.699999809265137,5.880000114440918,130454723,5.172053337097168
2024-12-10,5.980000019073486,5.989999771118164,5.760000228881836,5.769999980926514,155784766,5.075297832489014
2024-12-11,5.789999961853027,5.889999866485596,5.760000228881836,5.78000020980835,125026628,5.084094047546387
2024-12-12,5.800000190734863,5.840000152587891,5.739999771118164,5.769999980926514,131212410,5.075297832489014
2024-12-13,5.730000019073486,5.760000228881836,5.610000133514404,5.650000095367432,136471645,4.969745635986328
2024-12-16,5.650000095367432,5.760000228881836,5.610000133514404,5.760000228881836,142626876,5.066502094268799
2024-12-17,5.699999809265137,5.869999885559082,5.699999809265137,5.769999980926514,145276921,5.075297832489014
2024-12-18,5.769999980926514,5.900000095367432,5.769999980926514,5.829999923706055,141213295,5.128073692321777
2024-12-19,5.800000190734863,5.880000114440918,5.769999980926514,5.800000190734863,118337616,5.101686000823975
2024-12-20,5.800000190734863,5.860000133514404,5.730000019073486,5.78000020980835,162810867,5.084094047546387
2024-12-23,5.880000114440918,5.900000095367432,5.800000190734863,5.880000114440918,113671888,5.172053337097168
2024-12-24,6.050000190734863,6.050000190734863,6.050000190734863,6.050000190734863,0,5.3215861320495605
2024-12-27,6.03000020980835,6.130000114440918,5.96999979019165,6.03000020980835,105864080,5.3039937019348145
2024-12-30,6.079999923706055,6.199999809265137,6.03000020980835,6.039999961853027,114679598,5.3127899169921875
2024-12-31,6.119999885559082,6.119999885559082,6.119999885559082,6.119999885559082,0,5.383158206939697
2025-01-02,6.119999885559082,6.170000076293945,5.980000019073486,6.03000020980835,151757334,5.3039937019348145
2025-01-03,6.050000190734863,6.179999828338623,6.050000190734863,6.119999885559082,140671856,5.383158206939697
2025-01-06,6.170000076293945,6.25,6.079999923706055,6.159999847412109,178737470,5.418342113494873
2025-01-07,6.139999866485596,6.170000076293945,6.039999961853027,6.119999885559082,141722421,5.383158206939697
2025-01-08,6.139999866485596,6.289999961853027,6.119999885559082,6.210000038146973,186512546,5.462321758270264
2025-01-09,6.230000019073486,6.25,6.130000114440918,6.139999866485596,131783664,5.400750160217285
2025-01-10,6.199999809265137,6.260000228881836,6.079999923706055,6.099999904632568,96746292,5.365565776824951
2025-01-13,6.190000057220459,6.300000190734863,6.110000133514404,6.25,177340454,5.497506141662598
2025-01-14,6.260000228881836,6.320000171661377,6.21999979019165,6.289999961853027,135843600,5.532690048217773
2025-01-15,6.320000171661377,6.329999923706055,6.210000038146973,6.239999771118164,98662375,5.488709926605225
2025-01-16,6.329999923706055,6.380000114440918,6.289999961853027,6.309999942779541,115137162,5.5502824783325195
2025-01-17,6.289999961853027,6.320000171661377,6.210000038146973,6.230000019073486,89576074,5.479913711547852
2025-01-20,6.239999771118164,6.28000020980835,6.110000133514404,6.119999885559082,145056365,5.383158206939697
2025-01-21,6.099999904632568,6.150000095367432,6.010000228881836,6.059999942779541,111700058,5.330382347106934
2025-01-22,6.050000190734863,6.070000171661377,5.960000038146973,5.980000019073486,87597055,5.260013580322266
2025-01-23,5.980000019073486,6.050000190734863,5.920000076293945,5.960000038146973,80667841,5.242422103881836
2025-01-24,5.940000057220459,5.96999979019165,5.880000114440918,5.949999809265137,115197413,5.233625411987305
2025-01-27,5.940000057220459,6.070000171661377,5.909999847412109,6.059999942779541,109608205,5.330382347106934
2025-01-28,5.989999771118164,5.989999771118164,5.989999771118164,5.989999771118164,0,5.268809795379639
2025-02-03,5.900000095367432,6.039999961853027,5.880000114440918,5.940000057220459,64185827,5.22482967376709
2025-02-04,6.050000190734863,6.110000133514404,5.929999828338623,6.050000190734863,92515792,5.3215861320495605
2025-02-05,6.059999942779541,6.059999942779541,5.960000038146973,6.010000228881836,74257893,5.286402225494385
2025-02-06,6.019999980926514,6.090000152587891,6.010000228881836,6.079999923706055,71029534,5.347973823547363
2025-02-07,6.059999942779541,6.079999923706055,5.960000038146973,6.03000020980835,94378714,5.3039937019348145
2025-02-10,6.050000190734863,6.090000152587891,6.010000228881836,6.039999961853027,75703852,5.3127899169921875
2025-02-11,6.070000171661377,6.139999866485596,6.010000228881836,6.119999885559082,89689328,5.383158206939697
2025-02-12,6.150000095367432,6.21999979019165,6.139999866485596,6.199999809265137,96053310,5.453525543212891
2025-02-13,6.179999828338623,6.190000057220459,6.059999942779541,6.059999942779541,145155921,5.330382347106934
2025-02-14,6.099999904632568,6.139999866485596,6.010000228881836,6.059999942779541,158112783,5.330382347106934
2025-02-17,5.96999979019165,6.019999980926514,5.900000095367432,6.010000228881836,208454225,5.286402225494385
2025-02-18,6.010000228881836,6.039999961853027,5.949999809265137,6.010000228881836,133975619,5.286402225494385
2025-02-19,6.019999980926514,6.019999980926514,5.949999809265137,6.010000228881836,80813408,5.286402225494385
2025-02-20,6.0,6.099999904632568,5.96999979019165,6.059999942779541,100550665,5.330382347106934
2025-02-21,6.090000152587891,6.130000114440918,5.989999771118164,6.03000020980835,151154806,5.3039937019348145
2025-02-24,5.980000019073486,6.03000020980835,5.929999828338623,5.980000019073486,134023002,5.260013580322266
2025-02-25,6.0,6.03000020980835,5.880000114440918,5.920000076293945,133911049,5.207237720489502
2025-02-26,5.909999847412109,5.949999809265137,5.829999923706055,5.889999866485596,140680221,5.180849552154541
2025-02-27,5.800000190734863,5.880000114440918,5.760000228881836,5.840000152587891,124290530,5.13686990737915
2025-02-28,5.820000171661377,5.909999847412109,5.769999980926514,5.789999961853027,169291353,5.09289026260376
2025-03-03,5.800000190734863,5.880000114440918,5.800000190734863,5.820000171661377,84042413,5.1192779541015625
2025-03-04,5.78000020980835,5.78000020980835,5.659999847412109,5.690000057220459,155072696,5.004929542541504
2025-03-05,5.699999809265137,5.78000020980835,5.690000057220459,5.760000228881836,94556369,5.066502094268799
2025-03-06,5.760000228881836,5.769999980926514,5.679999828338623,5.75,125783075,5.057705402374268
2025-03-07,5.710000038146973,5.849999904632568,5.710000038146973,5.800000190734863,150553221,5.101686000823975
2025-03-10,5.809999942779541,5.909999847412109,5.78000020980835,5.849999904632568,134208646,5.145665645599365
2025-03-11,5.820000171661377,5.869999885559082,5.769999980926514,5.860000133514404,88342995,5.154461860656738
2025-03-12,5.829999923706055,5.920000076293945,5.809999942779541,5.860000133514404,99153995,5.154461860656738
2025-03-13,5.860000133514404,5.949999809265137,5.829999923706055,5.909999847412109,106160971,5.198441505432129
2025-03-14,5.949999809265137,5.960000038146973,5.880000114440918,5.920000076293945,93145374,5.207237720489502
2025-03-17,5.920000076293945,6.059999942779541,5.920000076293945,6.019999980926514,123957206,5.2951979637146
2025-03-18,6.03000020980835,6.119999885559082,6.0,6.099999904632568,120066990,5.365565776824951
2025-03-19,6.090000152587891,6.099999904632568,6.019999980926514,6.050000190734863,93490766,5.3215861320495605
2025-03-20,6.039999961853027,6.130000114440918,6.039999961853027,6.059999942779541,106887824,5.330382347106934
2025-03-21,6.079999923706055,6.150000095367432,6.050000190734863,6.050000190734863,138710613,5.3215861320495605
2025-03-24,6.119999885559082,6.119999885559082,6.019999980926514,6.070000171661377,113881950,5.339178085327148
2025-03-25,6.039999961853027,6.110000133514404,6.010000228881836,6.059999942779541,133049137,5.330382347106934
2025-03-26,6.099999904632568,6.099999904632568,6.03000020980835,6.070000171661377,124868169,5.339178085327148
2025-03-27,6.059999942779541,6.320000171661377,6.059999942779541,6.289999961853027,265111843,5.532690048217773
2025-03-28,6.320000171661377,6.320000171661377,6.110000133514404,6.159999847412109,137557635,5.418342113494873
2025-03-31,6.179999828338623,6.420000076293945,6.170000076293945,6.289999961853027,222766366,5.532690048217773
2025-04-01,6.349999904632568,6.53000020980835,6.349999904632568,6.420000076293945,194099147,5.647038459777832
2025-04-02,6.5,6.5,6.369999885559082,6.369999885559082,153152519,5.603058338165283
2025-04-03,6.25,6.369999885559082,6.170000076293945,6.300000190734863,149073539,5.5414862632751465
2025-04-07,5.5,5.71999979019165,5.320000171661377,5.320000171661377,709630068,4.679477214813232
2025-04-08,5.300000190734863,5.5,5.300000190734863,5.46999979019165,346718168,4.811417579650879
2025-04-09,5.28000020980835,5.329999923706055,5.070000171661377,5.199999809265137,461769299,4.573925018310547
2025-04-10,5.369999885559082,5.409999847412109,5.230000019073486,5.239999771118164,350832144,4.609108924865723
2025-04-11,5.199999809265137,5.300000190734863,5.099999904632568,5.28000020980835,344810572,4.644292831420898
2025-04-14,5.349999904632568,5.559999942779541,5.329999923706055,5.510000228881836,396839558,4.846601486206055
2025-04-15,5.550000190734863,5.630000114440918,5.519999980926514,5.579999923706055,179810010,4.908173084259033
2025-04-16,5.570000171661377,5.619999885559082,5.539999961853027,5.590000152587891,151533481,4.9169697761535645
2025-04-17,5.659999847412109,5.769999980926514,5.619999885559082,5.670000076293945,155393346,4.987338066101074
2025-04-22,5.659999847412109,5.789999961853027,5.639999866485596,5.769999980926514,122294507,5.075297832489014
2025-04-23,5.860000133514404,5.900000095367432,5.789999961853027,5.820000171661377,125157740,5.1192779541015625
2025-04-24,5.809999942779541,5.840000152587891,5.75,5.769999980926514,84322560,5.075297832489014
2025-04-25,5.820000171661377,5.829999923706055,5.769999980926514,5.78000020980835,84814096,5.084094047546387
2025-04-28,5.809999942779541,5.849999904632568,5.769999980926514,5.829999923706055,72349540,5.128073692321777
2025-04-29,5.829999923706055,5.849999904632568,5.789999961853027,5.800000190734863,87842402,5.101686000823975
2025-04-30,5.849999904632568,6.0,5.840000152587891,5.940000057220459,163755807,5.22482967376709
2025-05-02,5.949999809265137,5.960000038146973,5.880000114440918,5.940000057220459,45908666,5.22482967376709
2025-05-06,5.869999885559082,5.929999828338623,5.789999961853027,5.909999847412109,130245281,5.198441505432129
2025-05-07,6.019999980926514,6.070000171661377,5.960000038146973,6.039999961853027,107528805,5.3127899169921875
2025-05-08,6.010000228881836,6.090000152587891,6.0,6.0,97002987,5.2776055335998535
2025-05-09,6.039999961853027,6.119999885559082,6.039999961853027,6.110000133514404,78461976,5.374362468719482
2025-05-12,6.210000038146973,6.25,6.139999866485596,6.230000019073486,151275427,5.479913711547852
2025-05-13,6.190000057220459,6.28000020980835,6.179999828338623,6.21999979019165,115953804,5.4711174964904785
2025-05-14,6.260000228881836,6.380000114440918,6.239999771118164,6.340000152587891,137616263,5.576670169830322
2025-05-15,6.300000190734863,6.360000133514404,6.25,6.260000228881836,117740420,5.506302356719971
2025-05-16,6.28000020980835,6.28000020980835,6.170000076293945,6.190000057220459,126312685,5.444730281829834
2025-05-19,6.170000076293945,6.25,6.110000133514404,6.230000019073486,134776924,5.479913711547852
2025-05-20,6.230000019073486,6.349999904632568,6.21999979019165,6.340000152587891,103093971,5.576670169830322
2025-05-21,6.349999904632568,6.480000019073486,6.309999942779541,6.449999809265137,201400383,5.673426151275635
2025-05-22,6.400000095367432,6.519999980926514,6.389999866485596,6.409999847412109,204230590,5.638242244720459
2025-05-23,6.440000057220459,6.489999771118164,6.420000076293945,6.480000019073486,123434078,5.699814319610596
2025-05-26,6.460000038146973,6.619999885559082,6.440000057220459,6.5,173995581,5.717406272888184
2025-05-27,6.590000152587891,6.590000152587891,6.46999979019165,6.53000020980835,151074941,5.7437944412231445
2025-05-28,6.510000228881836,6.630000114440918,6.5,6.590000152587891,193222929,5.796570301055908
2025-05-29,6.610000133514404,6.699999809265137,6.610000133514404,6.639999866485596,159656452,5.840550422668457
2025-05-30,6.579999923706055,6.639999866485596,6.539999961853027,6.590000152587891,316652157,5.796570301055908
2025-06-02,6.550000190734863,6.579999923706055,6.360000133514404,6.510000228881836,74245388,5.726202964782715
2025-06-03,6.570000171661377,6.71999979019165,6.559999942779541,6.699999809265137,159875041,5.893326282501221
2025-06-04,6.699999809265137,6.78000020980835,6.699999809265137,6.78000020980835,142336911,5.963695049285889
2025-06-05,6.78000020980835,6.829999923706055,6.710000038146973,6.820000171661377,137049585,5.9988789558410645
2025-06-06,6.800000190734863,6.900000095367432,6.789999961853027,6.840000152587891,153698110,6.0164713859558105
2025-06-09,6.920000076293945,6.960000038146973,6.860000133514404,6.940000057220459,143847639,6.104430675506592
2025-06-10,6.949999809265137,7.090000152587891,6.949999809265137,7.070000171661377,194413900,6.21877908706665
2025-06-11,7.070000171661377,7.21999979019165,7.059999942779541,7.159999847412109,181468377,6.297943115234375
2025-06-12,7.230000019073486,7.340000152587891,7.150000095367432,7.269999980926514,210769482,6.394698619842529
2025-06-13,7.440000057220459,7.539999961853027,7.28000020980835,7.400000095367432,275421228,6.509047031402588
2025-06-16,7.489999771118164,7.5,7.329999923706055,7.380000114440918,237006846,6.491455078125
2025-06-17,7.139999866485596,7.139999866485596,6.96999979019165,7.050000190734863,209214966,6.439120292663574
2025-06-18,7.070000171661377,7.159999847412109,6.909999847412109,6.949999809265137,185729667,6.347784996032715
2025-06-19,6.940000057220459,6.940000057220459,6.670000076293945,6.800000190734863,232269343,6.210782527923584
2025-06-20,6.800000190734863,6.800000190734863,6.670000076293945,6.710000038146973,183356276,6.128581523895264
2025-06-23,6.820000171661377,6.889999866485596,6.670000076293945,6.710000038146973,168088680,6.128581523895264
2025-06-24,6.599999904632568,6.699999809265137,6.5,6.690000057220459,178410243,6.11031436920166
2025-06-25,6.71999979019165,6.75,6.619999885559082,6.690000057220459,105146550,6.11031436920166
2025-06-26,6.679999828338623,6.809999942779541,6.679999828338623,6.78000020980835,99075930,6.192516326904297
2025-06-27,6.789999961853027,6.840000152587891,6.739999771118164,6.809999942779541,128608183,6.219916343688965
2025-06-30,6.820000171661377,6.820000171661377,6.690000057220459,6.75,76028337,6.1651153564453125
2025-07-02,6.75,6.829999923706055,6.75,6.800000190734863,68368592,6.210782527923584
2025-07-03,6.829999923706055,6.869999885559082,6.769999980926514,6.829999923706055,44785962,6.238183498382568
2025-07-04,6.78000020980835,6.849999904632568,6.769999980926514,6.809999942779541,45845321,6.219916343688965
2025-07-07,6.809999942779541,6.820000171661377,6.710000038146973,6.809999942779541,48554868,6.219916343688965
2025-07-08,6.840000152587891,6.880000114440918,6.789999961853027,6.849999904632568,52597571,6.256450176239014
2025-07-09,6.840000152587891,6.980000019073486,6.800000190734863,6.909999847412109,91131551,6.311251640319824
2025-07-10,6.929999828338623,7.03000020980835,6.929999828338623,7.010000228881836,81286633,6.402586460113525
2025-07-11,7.010000228881836,7.150000095367432,7.010000228881836,7.050000190734863,110391121,6.439120292663574
2025-07-14,7.070000171661377,7.190000057220459,7.070000171661377,7.159999847412109,103745786,6.539588928222656
2025-07-15,7.179999828338623,7.210000038146973,7.090000152587891,7.179999828338623,78325961,6.55785608291626
2025-07-16,7.159999847412109,7.21999979019165,7.150000095367432,7.159999847412109,62428203,6.539588928222656
2025-07-17,7.139999866485596,7.150000095367432,7.050000190734863,7.110000133514404,97569516,6.493921756744385
2025-07-18,7.179999828338623,7.230000019073486,7.130000114440918,7.210000038146973,71564834,6.585256576538086
2025-07-21,7.25,7.519999980926514,7.230000019073486,7.46999979019165,226057488,6.822727203369141
2025-07-22,7.46999979019165,7.519999980926514,7.389999866485596,7.449999809265137,121011834,6.804460525512695
2025-07-23,7.449999809265137,7.539999961853027,7.440000057220459,7.46999979019165,76834563,6.822727203369141
2025-07-24,7.449999809265137,7.519999980926514,7.420000076293945,7.460000038146973,80617419,6.813593864440918
2025-07-25,7.420000076293945,7.579999923706055,7.389999866485596,7.449999809265137,76204995,6.804460525512695
2025-07-28,7.440000057220459,7.440000057220459,7.269999980926514,7.329999923706055,106782665,6.694858074188232
2025-07-29,7.329999923706055,7.539999961853027,7.309999942779541,7.53000020980835,175730584,6.877529144287109
2025-07-30,7.550000190734863,7.900000095367432,7.53000020980835,7.820000171661377,319980653,7.14240026473999
2025-07-31,7.75,7.820000171661377,7.639999866485596,7.670000076293945,120441343,7.005397796630859
2025-08-01,7.639999866485596,7.639999866485596,7.360000133514404,7.420000076293945,200326825,6.777060031890869
2025-08-04,7.340000152587891,7.380000114440918,7.199999809265137,7.380000114440918,135779372,6.740525722503662
2025-08-05,7.380000114440918,7.440000057220459,7.329999923706055,7.360000133514404,86199436,6.722259044647217
2025-08-06,7.309999942779541,7.53000020980835,7.309999942779541,7.5,95848672,6.850128173828125
2025-08-07,7.539999961853027,7.619999885559082,7.46999979019165,7.570000171661377,75210294,6.914062976837158
2025-08-08,7.5,7.639999866485596,7.480000019073486,7.570000171661377,62609964,6.914062976837158
2025-08-11,7.570000171661377,7.590000152587891,7.480000019073486,7.539999961853027,61444854,6.886662006378174
2025-08-12,7.510000228881836,7.690000057220459,7.510000228881836,7.670000076293945,71905791,7.005397796630859
2025-08-13,7.670000076293945,7.75,7.639999866485596,7.699999809265137,80146382,7.0327982902526855
2025-08-14,7.730000019073486,7.800000190734863,7.679999828338623,7.710000038146973,102454023,7.041931629180908
2025-08-15,7.699999809265137,7.769999980926514,7.650000095367432,7.679999828338623,74776833,7.014531135559082
2025-08-18,7.659999847412109,7.670000076293945,7.510000228881836,7.510000228881836,89615553,6.859261512756348
2025-08-19,7.5,7.5,7.400000095367432,7.46999979019165,88045191,6.822727203369141
2025-08-20,7.389999866485596,7.460000038146973,7.360000133514404,7.449999809265137,72913501,6.804460525512695
2025-08-21,7.46999979019165,7.570000171661377,7.440000057220459,7.550000190734863,85637615,6.895795822143555
2025-08-22,7.550000190734863,7.599999904632568,7.449999809265137,7.510000228881836,74192732,6.859261512756348
2025-08-25,7.579999923706055,7.619999885559082,7.460000038146973,7.480000019073486,91738055,6.83186149597168
2025-08-26,7.489999771118164,7.559999942779541,7.420000076293945,7.429999828338623,95117619,6.78619384765625
2025-08-27,7.400000095367432,7.539999961853027,7.360000133514404,7.389999866485596,113032242,6.749659061431885
2025-08-28,7.400000095367432,7.460000038146973,7.340000152587891,7.380000114440918,88365114,6.740525722503662
2025-08-29,7.429999828338623,7.639999866485596,7.429999828338623,7.510000228881836,162732840,6.859261512756348
2025-09-01,7.559999942779541,7.679999828338623,7.510000228881836,7.630000114440918,124474843,6.9688639640808105
2025-09-02,7.610000133514404,7.789999961853027,7.610000133514404,7.670000076293945,111238189,7.005397796630859
2025-09-03,7.670000076293945,7.840000152587891,7.670000076293945,7.739999771118164,155691694,7.069331645965576
2025-09-04,7.71999979019165,7.769999980926514,7.590000152587891,7.630000114440918,100011528,6.9688639640808105
2025-09-05,7.619999885559082,7.71999979019165,7.619999885559082,7.690000057220459,98928068,7.023664951324463
2025-09-08,7.690000057220459,7.860000133514404,7.570000171661377,7.789999961853027,141673070,7.114999294281006
2025-09-09,7.579999923706055,7.590000152587891,7.329999923706055,7.389999866485596,152552766,6.965186595916748
2025-09-10,7.420000076293945,7.510000228881836,7.369999885559082,7.449999809265137,91680690,7.021737575531006
2025-09-11,7.460000038146973,7.489999771118164,7.400000095367432,7.449999809265137,50370349,7.021737575531006
2025-09-12,7.5,7.510000228881836,7.28000020980835,7.389999866485596,99244070,6.965186595916748
2025-09-15,7.400000095367432,7.429999828338623,7.340000152587891,7.409999847412109,47911657,6.984036922454834
2025-09-16,7.400000095367432,7.440000057220459,7.320000171661377,7.349999904632568,54585180,6.927486419677734
2025-09-17,7.360000133514404,7.420000076293945,7.320000171661377,7.349999904632568,60073405,6.927486419677734
2025-09-18,7.340000152587891,7.360000133514404,7.199999809265137,7.260000228881836,90646768,6.842659950256348
2025-09-19,7.199999809265137,7.28000020980835,7.170000076293945,7.21999979019165,77587681,6.804959297180176
2025-09-22,7.239999771118164,7.25,7.050000190734863,7.090000152587891,115986643,6.682432651519775
2025-09-23,7.119999885559082,7.119999885559082,7.039999961853027,7.070000171661377,58946319,6.6635823249816895
2025-09-24,7.090000152587891,7.170000076293945,7.039999961853027,7.070000171661377,58291944,6.6635823249816895
2025-09-25,7.099999904632568,7.110000133514404,7.03000020980835,7.079999923706055,70868555,6.673007011413574
2025-09-26,7.079999923706055,7.179999828338623,7.059999942779541,7.110000133514404,70103334,6.701282978057861
2025-09-29,7.159999847412109,7.329999923706055,7.119999885559082,7.28000020980835,151161198,6.861510276794434
2025-09-30,7.269999980926514,7.300000190734863,6.989999771118164,7.079999923706055,183867552,6.673007011413574
2025-10-02,7.099999904632568,7.269999980926514,7.059999942779541,7.199999809265137,89369214,6.78610897064209
2025-10-03,7.130000114440918,7.230000019073486,7.059999942779541,7.139999866485596,56419624,6.729557991027832
2025-10-06,7.159999847412109,7.170000076293945,7.090000152587891,7.119999885559082,32517988,6.710707664489746
2025-10-08,7.150000095367432,7.170000076293945,7.050000190734863,7.150000095367432,48899038,6.738983631134033
2025-10-09,7.159999847412109,7.320000171661377,7.079999923706055,7.260000228881836,121873387,6.842659950256348
2025-10-10,7.210000038146973,7.289999961853027,7.159999847412109,7.269999980926514,65084075,6.852085113525391
2025-10-13,7.099999904632568,7.329999923706055,7.099999904632568,7.300000190734863,155769586,6.880361080169678
2025-10-14,7.269999980926514,7.320000171661377,7.159999847412109,7.210000038146973,88665309,6.795534133911133
2025-10-15,7.260000228881836,7.269999980926514,7.150000095367432,7.25,85033181,6.833234786987305
2025-10-16,7.25,7.440000057220459,7.210000038146973,7.429999828338623,129011213,7.002887725830078
2025-10-17,7.420000076293945,7.460000038146973,7.269999980926514,7.320000171661377,86610089,6.8992109298706055
2025-10-20,7.449999809265137,7.699999809265137,7.349999904632568,7.690000057220459,223690132,7.247941493988037
2025-10-21,7.699999809265137,7.889999866485596,7.699999809265137,7.800000190734863,189744767,7.35161828994751
2025-10-22,7.769999980926514,7.920000076293945,7.71999979019165,7.889999866485596,123086405,7.436444282531738
2025-10-23,7.880000114440918,8.149999618530273,7.880000114440918,8.010000228881836,166348418,7.549546718597412
2025-10-24,7.980000019073486,8.079999923706055,7.940000057220459,8.0,97228455,7.540121078491211
2025-10-27,8.09000015258789,8.100000381469727,7.960000038146973,7.989999771118164,91313491,7.530695915222168
2025-10-28,8.039999961853027,8.0600004196167,7.960000038146973,8.0,65847798,7.540121078491211
2025-10-30,8.079999923706055,8.079999923706055,7.900000095367432,7.96999979019165,78616587,7.511845111846924
2025-10-31,7.949999809265137,8.170000076293945,7.949999809265137,8.020000457763672,121559172,7.558971881866455
2025-11-03,8.100000381469727,8.350000381469727,8.0600004196167,8.289999961853027,170112568,7.813450813293457
2025-11-04,8.289999961853027,8.579999923706055,8.270000457763672,8.329999923706055,200963550,7.8511505126953125
2025-11-05,8.25,8.369999885559082,8.199999809265137,8.359999656677246,89432507,7.879426002502441
2025-11-06,8.430000305175781,8.460000038146973,8.34000015258789,8.449999809265137,82753799,7.9642534255981445
2025-11-07,8.479999542236328,8.5600004196167,8.4399995803833,8.510000228881836,79002527,8.020804405212402
2025-11-10,8.569999694824219,8.789999961853027,8.5600004196167,8.760000228881836,176416608,8.25643253326416
2025-11-11,8.75,8.829999923706055,8.630000114440918,8.819999694824219,93458052,8.312983512878418
2025-11-12,8.880000114440918,9.130000114440918,8.84000015258789,9.069999694824219,188987516,8.548612594604492
2025-11-13,8.949999809265137,8.989999771118164,8.850000381469727,8.960000038146973,112368260,8.44493579864502
2025-11-14,8.880000114440918,8.960000038146973,8.75,8.789999961853027,120266498,8.284708023071289
2025-11-17,8.779999732971191,8.880000114440918,8.680000305175781,8.850000381469727,78312143,8.341259956359863
2025-11-18,8.800000190734863,8.920000076293945,8.770000457763672,8.84000015258789,124057399,8.33183479309082
2025-11-19,8.869999885559082,9.100000381469727,8.800000190734863,9.029999732971191,116177986,8.510910987854004
2025-11-20,8.989999771118164,9.09000015258789,8.9399995803833,9.0,74368802,8.482635498046875
2025-11-21,8.90999984741211,8.920000076293945,8.65999984741211,8.699999809265137,129848100,8.199881553649902
2025-11-24,8.699999809265137,8.75,8.460000038146973,8.640000343322754,159571185,8.143331527709961
2025-11-25,8.640000343322754,8.760000228881836,8.5600004196167,8.6899995803833,63497830,8.19045639038086
2025-11-26,8.800000190734863,8.850000381469727,8.640000343322754,8.699999809265137,56441821,8.199881553649902
2025-11-27,8.65999984741211,8.829999923706055,8.65999984741211,8.739999771118164,54126934,8.237582206726074
2025-11-28,8.800000190734863,8.800000190734863,8.640000343322754,8.680000305175781,47994784,8.181032180786133
2025-12-01,8.699999809265137,8.819999694824219,8.6899995803833,8.779999732971191,49177806,8.275282859802246
2025-12-02,8.770000457763672,9.0,8.770000457763672,8.850000381469727,60119480,8.341259956359863
2025-12-03,8.850000381469727,8.869999885559082,8.75,8.779999732971191,54427331,8.275282859802246
2025-12-04,8.800000190734863,8.890000343322754,8.760000228881836,8.800000190734863,37044589,8.294133186340332
2025-12-05,8.75,8.84000015258789,8.729999542236328,8.829999923706055,50932504,8.322408676147461
2025-12-08,8.979999542236328,8.989999771118164,8.640000343322754,8.680000305175781,73804480,8.181032180786133
2025-12-09,8.630000114440918,8.680000305175781,8.369999885559082,8.420000076293945,137813188,7.935977935791016
2025-12-10,8.359999656677246,8.390000343322754,8.1899995803833,8.289999961853027,123873765,7.813450813293457
2025-12-11,8.289999961853027,8.390000343322754,8.210000038146973,8.260000228881836,81302750,7.785175323486328
2025-12-12,8.289999961853027,8.319999694824219,8.149999618530273,8.239999771118164,131861489,7.766324520111084
2025-12-15,8.130000114440918,8.199999809265137,8.0600004196167,8.140000343322754,140907714,7.672073841094971
2025-12-16,8.069999694824219,8.119999885559082,7.920000076293945,8.029999732971191,125489305,7.56839656829834
2025-12-17,8.0,8.029999732971191,7.900000095367432,8.029999732971191,91150833,7.56839656829834
2025-12-18,8.020000457763672,8.119999885559082,8.010000228881836,8.100000381469727,100722068,7.634372711181641
2025-12-19,8.130000114440918,8.140000343322754,8.020000457763672,8.09000015258789,88798572,7.624948024749756
2025-12-22,8.09000015258789,8.09000015258789,7.96999979019165,8.079999923706055,97885215,7.615522384643555
2025-12-23,8.180000305175781,8.289999961853027,8.109999656677246,8.130000114440918,76884337,7.6626482009887695
2025-12-24,8.130000114440918,8.130000114440918,8.130000114440918,8.130000114440918,0,7.6626482009887695
2025-12-29,8.140000343322754,8.380000114440918,8.130000114440918,8.260000228881836,111022130,7.785175323486328
2025-12-30,8.260000228881836,8.5600004196167,8.260000228881836,8.460000038146973,144469610,7.973677635192871
2025-12-31,8.380000114440918,8.380000114440918,8.380000114440918,8.380000114440918,0,7.8982768058776855
2026-01-02,8.449999809265137,8.539999961853027,8.380000114440918,8.520000457763672,68414960,8.030229568481445
2026-01-05,8.40999984741211,8.4399995803833,8.0600004196167,8.220000267028809,314656941,7.7474751472473145
2026-01-06,8.270000457763672,8.319999694824219,8.130000114440918,8.260000228881836,171393419,7.785175323486328
2026-01-07,8.180000305175781,8.270000457763672,7.96999979019165,8.020000457763672,205288370,7.558971881866455
2026-01-08,8.0,8.029999732971191,7.860000133514404,7.96999979019165,143748901,7.511845111846924
2026-01-09,8.100000381469727,8.220000267028809,8.029999732971191,8.100000381469727,137416398,7.634372711181641
2026-01-12,8.180000305175781,8.210000038146973,8.079999923706055,8.109999656677246,72256852,7.643797397613525
2026-01-13,8.1899995803833,8.3100004196167,8.140000343322754,8.220000267028809,85316070,7.7474751472473145
2026-01-14,8.300000190734863,8.380000114440918,8.229999542236328,8.260000228881836,105061264,7.785175323486328
2026-01-15,8.220000267028809,8.470000267028809,8.220000267028809,8.300000190734863,92790529,7.8228759765625
2026-01-16,8.329999923706055,8.359999656677246,8.180000305175781,8.229999542236328,72390735,7.756899356842041
2026-01-19,8.199999809265137,8.319999694824219,8.109999656677246,8.220000267028809,84808660,7.7474751472473145
2026-01-20,8.229999542236328,8.289999961853027,8.149999618530273,8.210000038146973,79351204,7.738049507141113
2026-01-21,8.210000038146973,8.4399995803833,8.199999809265137,8.399999618530273,117930946,7.917126655578613
2026-01-22,8.449999809265137,8.779999732971191,8.40999984741211,8.600000381469727,192258134,8.105629920959473
2026-01-23,8.630000114440918,8.680000305175781,8.380000114440918,8.420000076293945,86691777,7.935977935791016
2026-01-26,8.479999542236328,8.760000228881836,8.460000038146973,8.729999542236328,114631218,8.228156089782715
2026-01-27,8.800000190734863,8.869999885559082,8.699999809265137,8.8100004196167,91686256,8.303559303283691
2026-01-28,8.880000114440918,9.350000381469727,8.880000114440918,9.25,236897045,8.71826457977295
2026-01-29,9.25,9.579999923706055,9.229999542236328,9.390000343322754,214872642,8.85021686553955
2026-01-30,9.550000190734863,9.619999885559082,9.180000305175781,9.279999732971191,194995473,8.746540069580078
2026-02-02,9.0600004196167,9.239999771118164,8.8100004196167,8.949999809265137,168881807,8.435510635375977
2026-02-03,8.979999542236328,9.100000381469727,8.890000343322754,8.970000267028809,73946430,8.454361915588379
2026-02-04,9.09000015258789,9.170000076293945,8.970000267028809,9.15999984741211,86142539,8.633438110351562
2026-02-05,9.25,9.329999923706055,8.880000114440918,9.100000381469727,98179484,8.576888084411621
2026-02-06,8.890000343322754,9.300000190734863,8.8100004196167,9.279999732971191,112674965,8.746540069580078
2026-02-09,9.279999732971191,9.329999923706055,9.119999885559082,9.15999984741211,73977364,8.633438110351562
2026-02-10,9.25,9.40999984741211,9.210000038146973,9.3100004196167,60803224,8.774816513061523
2026-02-11,9.34000015258789,9.420000076293945,9.210000038146973,9.380000114440918,45556069,8.840791702270508
2026-02-12,9.420000076293945,9.59000015258789,9.399999618530273,9.460000038146973,84196856,8.916193008422852
2026-02-13,9.350000381469727,9.350000381469727,9.039999961853027,9.050000190734863,111248203,8.529762268066406
2026-02-16,9.239999771118164,9.239999771118164,9.239999771118164,9.239999771118164,0,8.708840370178223
2026-02-20,9.329999923706055,9.640000343322754,9.329999923706055,9.520000457763672,94420900,8.97274398803711
2026-02-23,9.65999984741211,9.670000076293945,9.479999542236328,9.569999694824219,45183262,9.019869804382324
2026-02-24,9.710000038146973,9.729999542236328,9.5,9.5600004196167,122115944,9.010444641113281
2026-02-25,9.600000381469727,9.760000228881836,9.520000457763672,9.600000381469727,111324289,9.04814624786377
2026-02-26,9.630000114440918,9.630000114440918,9.380000114440918,9.460000038146973,95841697,8.916193008422852
2026-02-27,9.460000038146973,9.550000190734863,9.279999732971191,9.539999961853027,149644089,8.991594314575195
2026-03-02,10.100000381469727,10.100000381469727,9.619999885559082,9.930000305175781,465437336,9.359175682067871
2026-03-03,9.989999771118164,10.609999656677246,9.899999618530273,10.430000305175781,505995465,9.830432891845703
2026-03-04,10.420000076293945,10.420000076293945,9.819999694824219,10.119999885559082,360599197,9.538252830505371
2026-03-05,10.140000343322754,10.5,9.920000076293945,10.260000228881836,269202765,9.670206069946289
2026-03-06,10.40999984741211,10.59000015258789,10.199999809265137,10.399999618530273,222741822,9.802157402038574
2026-03-09,11.130000114440918,11.279999732971191,10.5,10.640000343322754,462190539,10.028361320495605
2026-03-10,10.239999771118164,10.4399995803833,10.069999694824219,10.260000228881836,219696701,9.670206069946289
2026-03-11,10.220000267028809,10.550000190734863,10.010000228881836,10.5,183872332,9.896409034729004
2026-03-12,10.670000076293945,10.890000343322754,10.520000457763672,10.619999885559082,197970541,10.00951099395752
2026-03-13,10.75,11.020000457763672,10.520000457763672,10.670000076293945,157392382,10.056636810302734
2026-03-16,10.65999984741211,10.850000381469727,10.529999732971191,10.619999885559082,137281267,10.00951099395752
2026-03-17,10.600000381469727,10.710000038146973,10.399999618530273,10.579999923706055,144348393,9.971809387207031
2026-03-18,10.59000015258789,10.649999618530273,10.260000228881836,10.479999542236328,130878569,9.877557754516602
2026-03-19,10.539999961853027,10.770000457763672,10.539999961853027,10.729999542236328,143738908,10.113186836242676
2026-03-20,10.680000305175781,10.979999542236328,10.430000305175781,10.90999984741211,206411188,10.282840728759766
2026-03-23,10.90999984741211,11.09000015258789,10.59000015258789,10.760000228881836,246879592,10.141463279724121
2026-03-24,10.710000038146973,10.880000114440918,10.529999732971191,10.720000267028809,199819314,10.10376262664795
2026-03-25,10.699999809265137,10.84000015258789,10.359999656677246,10.720000267028809,171990669,10.10376262664795
2026-03-26,10.720000267028809,10.90999984741211,10.619999885559082,10.880000114440918,146799794,10.254565238952637
2026-03-27,10.84000015258789,11.039999961853027,10.720000267028809,10.970000267028809,137590530,10.339390754699707
2026-03-30,11.15999984741211,11.279999732971191,10.9399995803833,11.140000343322754,168917976,10.499618530273438
2026-03-31,11.220000267028809,11.25,10.600000381469727,10.75,231852570,10.132038116455078
2026-04-01,10.600000381469727,10.949999809265137,10.479999542236328,10.550000190734863,149480466,9.943535804748535
2026-04-02,10.449999809265137,10.779999732971191,10.4399995803833,10.770000457763672,152200427,10.150888442993164
2026-04-08,10.479999542236328,10.619999885559082,10.149999618530273,10.5600004196167,174043007,9.952960014343262
2026-04-09,10.5600004196167,10.770000457763672,10.529999732971191,10.770000457763672,113724408,10.150888442993164
2026-04-10,10.760000228881836,10.90999984741211,10.729999542236328,10.800000190734863,76956497,10.179163932800293
2026-04-13,10.819999694824219,11.050000190734863,10.819999694824219,10.970000267028809,96106689,10.339390754699707
2026-04-14,10.880000114440918,11.010000228881836,10.819999694824219,10.90999984741211,78841715,10.282840728759766
2026-04-15,10.8100004196167,10.850000381469727,10.5,10.579999923706055,146543669,9.971809387207031
2026-04-16,10.479999542236328,10.649999618530273,10.4399995803833,10.609999656677246,97145073,10.00008487701416
2026-04-17,10.5600004196167,10.710000038146973,10.5,10.6899995803833,95756391,10.07548713684082
2026-04-20,10.420000076293945,10.569999694824219,10.270000457763672,10.34000015258789,157178282,9.745606422424316
2026-04-21,10.34000015258789,10.449999809265137,10.270000457763672,10.4399995803833,129903437,9.83985710144043
2026-04-22,10.449999809265137,10.649999618530273,10.4399995803833,10.649999618530273,100311623,10.037786483764648
2026-04-23,10.649999618530273,11.100000381469727,10.600000381469727,11.100000381469727,167221760,10.461917877197266
2026-04-24,11.039999961853027,11.329999923706055,11.039999961853027,11.329999923706055,166545618,10.678696632385254
2026-04-27,11.319999694824219,11.529999732971191,11.25,11.460000038146973,120418774,10.801223754882812
2026-04-28,11.279999732971191,11.710000038146973,11.229999542236328,11.670000076293945,165895351,10.999152183532715
2026-04-29,11.699999809265137,12.020000457763672,11.65999984741211,11.979999542236328,168454091,11.29133129119873
2026-04-30,11.920000076293945,12.220000267028809,11.710000038146973,12.029999732971191,212401381,11.338457107543945
2026-05-04,12.119999885559082,12.15999984741211,11.649999618530273,11.699999809265137,87673723,11.027427673339844
2026-05-05,11.729999542236328,11.84000015258789,11.59000015258789,11.680000305175781,52172287,11.008577346801758
2026-05-06,11.680000305175781,11.710000038146973,11.399999618530273,11.680000305175781,172231777,11.008577346801758
2026-05-07,11.270000457763672,11.329999923706055,10.619999885559082,10.6899995803833,307153470,10.07548713684082
2026-05-08,10.680000305175781,10.760000228881836,10.470000267028809,10.59000015258789,122436878,9.98123550415039
2026-05-11,10.6899995803833,10.760000228881836,10.569999694824219,10.640000343322754,87493260,10.028361320495605
2026-05-12,10.800000190734863,11.15999984741211,10.699999809265137,11.0600004196167,147036168,10.42421817779541
2026-05-13,11.0600004196167,11.260000228881836,11.010000228881836,11.0600004196167,81505457,10.42421817779541
2026-05-14,11.239999771118164,11.239999771118164,10.779999732971191,10.920000076293945,90059188,10.292265892028809
2026-05-15,10.890000343322754,11.029999732971191,10.819999694824219,10.890000343322754,85439082,10.26399040222168
2026-05-18,11.050000190734863,11.260000228881836,10.930000305175781,10.989999771118164,88812396,10.358241081237793
2026-05-19,10.989999771118164,11.210000038146973,10.859999656677246,11.119999885559082,100664621,10.480768203735352
2026-05-20,11.100000381469727,11.369999885559082,10.960000038146973,11.199999809265137,113695896,10.556169509887695
2026-05-21,11.100000381469727,11.300000190734863,10.84000015258789,10.9399995803833,183505686,10.311115264892578
2026-05-22,11.1899995803833,11.1899995803833,10.8100004196167,10.829999923706055,88886224,10.207438468933105
2026-05-26,10.600000381469727,10.949999809265137,10.460000038146973,10.90999984741211,186882093,10.282840728759766
2026-05-27,10.800000190734863,10.899999618530273,10.539999961853027,10.699999809265137,141045211,10.084911346435547
2026-05-28,10.670000076293945,10.829999923706055,10.569999694824219,10.779999732971191,189148855,10.160313606262207
2026-05-29,10.739999771118164,10.90999984741211,10.600000381469727,10.890000343322754,171841209,10.26399040222168
2026-06-01,10.789999961853027,11.119999885559082,10.789999961853027,10.90999984741211,106200340,10.282840728759766
2026-06-02,10.90999984741211,11.270000457763672,10.65999984741211,10.75,104192013,10.132038116455078
2026-06-03,10.770000457763672,10.819999694824219,10.34000015258789,10.6899995803833,141931019,10.07548713684082
2026-06-04,10.6899995803833,10.819999694824219,10.520000457763672,10.550000190734863,87957954,9.943535804748535
2026-06-05,10.550000190734863,10.649999618530273,10.449999809265137,10.550000190734863,99535067,9.943535804748535
2026-06-08,10.470000267028809,10.6899995803833,10.420000076293945,10.6899995803833,107140336,10.07548713684082
2026-06-09,10.640000343322754,10.640000343322754,10.180000305175781,10.199999809265137,118256299,9.613654136657715
2026-06-10,10.149999618530273,10.170000076293945,9.899999618530273,10.149999618530273,128574045,9.5665283203125
2026-06-11,10.329999923706055,10.420000076293945,10.029999732971191,10.210000038146973,71493769,9.623079299926758
2026-06-12,10.09000015258789,10.350000381469727,10.039999961853027,10.350000381469727,63193736,9.75503158569336
2026-06-15,10.079999923706055,10.239999771118164,9.850000381469727,9.989999771118164,174371282,9.415726661682129
2026-06-16,9.869999885559082,10.0,9.680000305175781,9.789999961853027,128583370,9.227222442626953
2026-06-17,9.699999809265137,9.819999694824219,9.680000305175781,9.729999542236328,79408624,9.170672416687012
2026-06-18,9.420000076293945,9.460000038146973,9.09000015258789,9.180000305175781,143266482,8.91554069519043
2026-06-22,9.180000305175781,9.279999732971191,9.020000457763672,9.15999984741211,96588632,8.896116256713867
2026-06-23,9.140000343322754,9.239999771118164,8.8100004196167,8.9399995803833,103375651,8.682454109191895
2026-06-24,9.050000190734863,9.050000190734863,8.880000114440918,8.949999809265137,64851702,8.692166328430176
2026-06-25,8.899999618530273,8.949999809265137,8.579999923706055,8.729999542236328,125189417,8.478503227233887
2026-06-26,8.8100004196167,8.850000381469727,8.630000114440918,8.779999732971191,120493241,8.527063369750977
2026-06-29,8.899999618530273,8.930000305175781,8.680000305175781,8.789999961853027,82509397,8.536775588989258
2026-06-30,8.789999961853027,8.789999961853027,8.319999694824219,8.479999542236328,157267103,8.235705375671387
2026-07-02,8.4399995803833,8.800000190734863,8.390000343322754,8.75,123878672,8.49792766571045
2026-07-03,8.699999809265137,8.859999656677246,8.699999809265137,8.819999694824219,62765900,8.565911293029785
2026-07-06,8.5,9.010000228881836,8.5,8.90999984741211,56420778,8.653318405151367
2026-07-07,8.789999961853027,8.9399995803833,8.699999809265137,8.9399995803833,84938813,8.682454109191895
2026-07-08,9.100000381469727,9.319999694824219,9.069999694824219,9.119999885559082,128790248,8.857268333435059
2026-07-09,9.239999771118164,9.289999961853027,9.020000457763672,9.039999961853027,86021191,8.779573440551758
2026-07-10,9.140000343322754,9.15999984741211,8.779999732971191,9.029999732971191,74765061,8.769861221313477
2026-07-13,9.130000114440918,9.289999961853027,9.09000015258789,9.25,79492963,8.98352336883545
2026-07-14,9.579999923706055,9.670000076293945,9.399999618530273,9.569999694824219,125027407,9.294304847717285
2026-07-15,9.539999961853027,9.59000015258789,9.430000305175781,9.539999961853027,54779336,9.265169143676758
2026-07-16,9.680000305175781,9.6899995803833,9.4399995803833,9.470000267028809,46953383,9.197186470031738
2026-07-17,9.5,9.59000015258789,9.350000381469727,9.59000015258789,121800564,9.313729286193848
2026-07-20,9.75,10.119999885559082,9.720000267028809,9.989999771118164,104488537,9.702205657958984
2026-07-21,9.899999618530273,9.989999771118164,9.670000076293945,9.819999694824219,86123907,9.537102699279785
2026-07-22,9.569999694824219,10.069999694824219,9.569999694824219,10.050000190734863,60950292,9.760477066040039
2026-07-23,10.010000228881836,10.220000267028809,9.989999771118164,10.109999656677246,78478768,9.818748474121094
2026-07-24,10.140000343322754,10.25,10.039999961853027,10.210000038146973,77564316,9.915867805480957
2026-07-27,9.899999618530273,9.979999542236328,9.779999732971191,9.850000381469727,104782526,9.566239356994629
2026-07-28,9.800000190734863,9.890000343322754,9.6899995803833,9.84000015258789,102563740,9.556527137756348
2026-07-29,9.789999961853027,9.9399995803833,9.699999809265137,9.930000305175781,70085788,9.64393424987793
2026-07-30,9.989999771118164,10.199999809265137,9.989999771118164,10.149999618530273,89082406,9.857596397399902
2026-07-31,10.149999618530273,10.149999618530273,9.890000343322754,9.9399995803833,77169023,9.653645515441895
2026-08-03,9.890000343322754,9.984999656677246,9.725000381469727,9.8100004196167,81719701,9.52739143371582
2026-08-04,9.800000190734863,9.850000381469727,9.59000015258789,9.645000457763672,108176834,9.367144584655762
2026-08-05,9.460000038146973,9.524999618530273,9.350000381469727,9.489999771118164,134354167,9.216609954833984
2026-08-06,9.399999618530273,9.550000190734863,9.300000190734863,9.414999961853027,114819264,9.143770217895508
2026-08-07,9.479999542236328,9.635000228881836,9.479999542236328,9.505000114440918,81601981,9.231178283691406
2026-08-10,9.510000228881836,9.614999771118164,9.420000076293945,9.5649995803833,57320630,9.289448738098145
2026-08-11,9.739999771118164,9.890000343322754,9.664999961853027,9.734999656677246,94255133,9.454551696777344
2026-08-12,9.630000114440918,9.729999542236328,9.454999923706055,9.510000228881836,80269353,9.23603343963623
2026-08-13,9.489999771118164,9.520000457763672,9.385000228881836,9.399999618530273,68924015,9.129201889038086
2026-08-14,9.350000381469727,9.475000381469727,9.3149995803833,9.454999923706055,53940581,9.182618141174316
2026-08-17,9.53499984741211,9.6899995803833,9.46500015258789,9.5649995803833,44627901,9.289448738098145
2026-08-18,9.595000267028809,9.859999656677246,9.550000190734863,9.805000305175781,103311199,9.52253532409668
2026-08-19,9.800000190734863,10.079999923706055,9.770000457763672,9.96500015258789,109613721,9.677926063537598
2026-08-20,9.96500015258789,10.0600004196167,9.850000381469727,10.029999732971191,58517703,9.741053581237793
2026-08-21,10.109999656677246,10.319999694824219,10.029999732971191,10.130000114440918,79763906,9.838172912597656
2026-08-24,10.130000114440918,10.220000267028809,9.960000038146973,10.140000343322754,68188473,9.847885131835938
2026-08-25,10.180000305175781,10.180000305175781,10.039999961853027,10.0600004196167,43820465,9.77018928527832
2026-08-26,9.899999618530273,9.979999542236328,9.8149995803833,9.920000076293945,82027175,9.634222030639648
2026-08-27,10.010000228881836,10.09000015258789,9.880000114440918,9.970000267028809,33354555,9.682782173156738
2026-08-28,9.880000114440918,10.199999809265137,9.854999542236328,10.1899995803833,66590360,9.896443367004395
2026-08-31,10.260000228881836,10.399999618530273,10.109999656677246,10.170000076293945,116498995,9.877019882202148
2026-09-01,10.170000076293945,10.350000381469727,10.130000114440918,10.199999809265137,63918073,9.906155586242676
2026-09-02,10.270000457763672,10.430000305175781,9.96500015258789,10.100000381469727,59846967,9.809037208557129
2026-09-03,10.079999923706055,10.210000038146973,9.989999771118164,10.020000457763672,44941208,9.731342315673828
2026-09-04,10.020000457763672,10.229999542236328,10.020000457763672,10.15999984741211,82167712,9.867308616638184
2026-09-07,10.170000076293945,10.229999542236328,9.904999732971191,9.960000038146973,66055997,9.673069953918457
2026-09-08,9.90999984741211,10.359999656677246,9.90999984741211,10.350000381469727,82065706,10.051835060119629
2026-09-09,10.350000381469727,10.510000228881836,10.260000228881836,10.430000305175781,73524945,10.12952995300293
2026-09-10,10.119999885559082,10.3100004196167,10.050000190734863,10.09000015258789,102263412,10.09000015258789
2026-09-11,10.15999984741211,10.239999771118164,9.960000038146973,9.979999542236328,99082498,9.979999542236328
2026-09-14,10.0,10.09000015258789,9.8149995803833,9.920000076293945,54303804,9.920000076293945
2026-09-15,9.920000076293945,10.0,9.869999885559082,9.975000381469727,60580284,9.975000381469727
2026-09-16,10.029999732971191,10.069999694824219,9.774999618530273,9.789999961853027,62278437,9.789999961853027
2026-09-17,9.6899995803833,9.78499984741211,9.484999656677246,9.5600004196167,73391122,9.5600004196167
2026-09-18,9.53499984741211,9.600000381469727,9.46500015258789,9.489999771118164,90669356,9.489999771118164
2026-09-21,9.520000457763672,9.520000457763672,9.350000381469727,9.510000228881836,70449358,9.510000228881836
2026-09-22,9.4399995803833,9.489999771118164,9.270000457763672,9.430000305175781,94671573,9.430000305175781
2026-09-23,9.479999542236328,9.479999542236328,9.34000015258789,9.350000381469727,63249162,9.350000381469727
2026-09-24,9.354999542236328,9.65999984741211,9.350000381469727,9.614999771118164,71152000,9.614999771118164
2026-09-25,9.505000114440918,9.609999656677246,9.395000457763672,9.40999984741211,26418884,9.40999984741211
2026-09-28,9.494999885559082,9.864999771118164,9.399999618530273,9.699999809265137,102604056,9.699999809265137
2026-09-29,9.755000114440918,9.765000343322754,9.619999885559082,9.710000038146973,119399776,9.710000038146973
2026-09-30,9.569999694824219,9.710000038146973,9.510000228881836,9.664999961853027,77633849,9.664999961853027
