Date,Open,High,Low,Close,Volume,Adj_Close
2016-09-28,2.107692003250122,2.107692003250122,2.0538458824157715,2.061537981033325,14960834,0.869587779045105
2016-09-29,2.061537981033325,2.07692289352417,2.0538458824157715,2.061537981033325,6225700,0.869587779045105
2016-09-30,2.061537981033325,2.061537981033325,2.023076057434082,2.030769109725952,7109268,0.856609046459198
2016-10-03,2.0538458824157715,2.0538458824157715,2.023076057434082,2.023076057434082,6410950,0.8533639907836914
2016-10-04,2.023076057434082,2.023076057434082,2.0,2.0076920986175537,14277393,0.8468748927116394
2016-10-05,2.0076920986175537,2.0999999046325684,1.9846149682998657,2.069230079650879,24351609,0.8728324770927429
2016-10-06,2.0999999046325684,2.215384006500244,2.0923070907592773,2.1692299842834473,39499418,0.9150139689445496
2016-10-07,2.184614896774292,2.1923069953918457,2.0999999046325684,2.1230759620666504,13674581,0.895545482635498
2016-10-11,2.115384101867676,2.138461112976074,2.069230079650879,2.0923070907592773,14891272,0.8825667500495911
2016-10-12,2.069230079650879,2.0846149921417236,2.0538458824157715,2.069230079650879,10201687,0.8728324770927429
2016-10-13,2.07692289352417,2.0846149921417236,2.0384609699249268,2.0461530685424805,19604757,0.8630982637405396
2016-10-14,2.07692289352417,2.0846149921417236,2.0153839588165283,2.0461530685424805,18126605,0.8630982637405396
2016-10-17,2.061537981033325,2.0846149921417236,2.0538458824157715,2.0538458824157715,13286967,0.8663432002067566
2016-10-18,2.07692289352417,2.1307690143585205,2.061537981033325,2.115384101867676,12278240,0.8923010230064392
2016-10-19,2.1230759620666504,2.1307690143585205,2.07692289352417,2.0846149921417236,13171650,0.8793219923973083
2016-10-20,2.107692003250122,2.115384101867676,2.069230079650879,2.0923070907592773,9252454,0.8825667500495911
2016-10-21,2.0923070907592773,2.0923070907592773,2.0923070907592773,2.0923070907592773,0,0.8825667500495911
2016-10-24,2.0999999046325684,2.1615378856658936,2.069230079650879,2.146152973175049,16406496,0.9052796959877014
2016-10-25,2.153846025466919,2.153846025466919,2.1307690143585205,2.153846025466919,6366327,0.9085246920585632
2016-10-26,2.1615378856658936,2.1615378856658936,2.107692003250122,2.1230759620666504,11418550,0.895545482635498
2016-10-27,2.1230759620666504,2.146152973175049,2.0999999046325684,2.1230759620666504,10947300,0.895545482635498
2016-10-28,2.1230759620666504,2.138461112976074,2.07692289352417,2.0923070907592773,7363785,0.8825667500495911
2016-10-31,2.0999999046325684,2.0999999046325684,2.0538458824157715,2.061537981033325,8282431,0.869587779045105
2016-11-01,2.061537981033325,2.0923070907592773,2.061537981033325,2.061537981033325,6133010,0.869587779045105
2016-11-02,2.061537981033325,2.069230079650879,2.0076920986175537,2.0153839588165283,17595500,0.8501193523406982
2016-11-03,2.0153839588165283,2.061537981033325,2.0153839588165283,2.023076057434082,5500359,0.8533639907836914
2016-11-04,2.0153839588165283,2.0461530685424805,2.0153839588165283,2.023076057434082,7536250,0.8533639907836914
2016-11-07,2.0384609699249268,2.0538458824157715,2.0153839588165283,2.0384609699249268,7301680,0.8598536849021912
2016-11-08,2.0384609699249268,2.0538458824157715,2.0,2.0384609699249268,9044360,0.8598536849021912
2016-11-09,2.0384609699249268,2.0384609699249268,1.9923069477081299,2.030769109725952,11783965,0.856609046459198
2016-11-10,2.0461530685424805,2.1307690143585205,2.0384609699249268,2.115384101867676,25405250,0.8923010230064392
2016-11-11,2.0846149921417236,2.1769230365753174,2.07692289352417,2.1307690143585205,33581723,0.8987904191017151
2016-11-14,2.153846025466919,2.223076105117798,2.138461112976074,2.184614896774292,51484629,0.9215036034584045
2016-11-15,2.200000047683716,2.230768918991089,2.1307690143585205,2.1692299842834473,44540672,0.9150139689445496
2016-11-16,2.184614896774292,2.299999952316284,2.184614896774292,2.2538459300994873,79876733,0.9507061839103699
2016-11-17,2.2846150398254395,2.4230759143829346,2.2769229412078857,2.4000000953674316,106650229,1.0123564004898071
2016-11-18,2.3615379333496094,2.384614944458008,2.2846150398254395,2.3307690620422363,63633469,0.9831535816192627
2016-11-21,2.338460922241211,2.384614944458008,2.307692050933838,2.338460922241211,47763055,0.9863979816436768
2016-11-22,2.338460922241211,2.369230031967163,2.299999952316284,2.323076009750366,31198785,0.9799085855484009
2016-11-23,2.3307690620422363,2.3615379333496094,2.292306900024414,2.292306900024414,16008635,0.9669296741485596
2016-11-24,2.299999952316284,2.338460922241211,2.2846150398254395,2.338460922241211,19146913,0.9863979816436768
2016-11-25,2.338460922241211,2.3615379333496094,2.307692050933838,2.3307690620422363,13830846,0.9831535816192627
2016-11-28,2.338460922241211,2.446152925491333,2.3307690620422363,2.369230031967163,45022273,0.9993770122528076
2016-11-29,2.369230031967163,2.523076057434082,2.369230031967163,2.5,58460035,1.0545378923416138
2016-11-30,2.5,2.5999999046325684,2.446152925491333,2.446152925491333,267940830,1.0318242311477661
2016-12-01,2.4384610652923584,2.4846150875091553,2.3923070430755615,2.4076919555664062,50218729,1.0156008005142212
2016-12-02,2.41538405418396,2.461538076400757,2.369230031967163,2.3923070430755615,34101925,1.0091114044189453
2016-12-05,2.384614944458008,2.4769229888916016,2.376923084259033,2.3923070430755615,23567973,1.0091114044189453
2016-12-06,2.369230031967163,2.446152925491333,2.369230031967163,2.4076919555664062,23909080,1.0156008005142212
2016-12-07,2.4076919555664062,2.4307689666748047,2.369230031967163,2.41538405418396,17981275,1.018845558166504
2016-12-08,2.41538405418396,2.4307689666748047,2.261538028717041,2.261538028717041,42676649,0.9539508819580078
2016-12-09,2.2692298889160156,2.299999952316284,2.223076105117798,2.223076105117798,37184711,0.9377270936965942
2016-12-12,2.2461531162261963,2.2461531162261963,2.061537981033325,2.061537981033325,58273224,0.869587779045105
2016-12-13,2.069230079650879,2.146152973175049,2.061537981033325,2.1230759620666504,54512298,0.895545482635498
2016-12-14,2.1230759620666504,2.1307690143585205,2.069230079650879,2.069230079650879,24457750,0.8728324770927429
2016-12-15,2.0538458824157715,2.07692289352417,2.0384609699249268,2.069230079650879,23460140,0.8728324770927429
2016-12-16,2.0538458824157715,2.0999999046325684,2.0538458824157715,2.0923070907592773,24425050,0.8825667500495911
2016-12-19,2.0846149921417236,2.0846149921417236,2.0384609699249268,2.0384609699249268,11464700,0.8598536849021912
2016-12-20,2.0384609699249268,2.061537981033325,2.0,2.0153839588165283,23513571,0.8501193523406982
2016-12-21,2.0153839588165283,2.07692289352417,2.0153839588165283,2.069230079650879,7821450,0.8728324770927429
2016-12-22,2.061537981033325,2.069230079650879,2.0384609699249268,2.0384609699249268,8034390,0.8598536849021912
2016-12-23,2.0384609699249268,2.0538458824157715,2.0076920986175537,2.0538458824157715,8701030,0.8663432002067566
2016-12-28,2.0538458824157715,2.0923070907592773,2.023076057434082,2.0846149921417236,12990182,0.8793219923973083
2016-12-29,2.069230079650879,2.0923070907592773,2.069230079650879,2.07692289352417,5209704,0.8760774731636047
2016-12-30,2.07692289352417,2.0999999046325684,2.0461530685424805,2.0846149921417236,15079364,0.8793219923973083
2017-01-03,2.0846149921417236,2.115384101867676,2.0538458824157715,2.061537981033325,12907050,0.869587779045105
2017-01-04,2.061537981033325,2.0846149921417236,2.061537981033325,2.069230079650879,9262818,0.8728324770927429
2017-01-05,2.0846149921417236,2.115384101867676,2.0846149921417236,2.0846149921417236,8767255,0.8793219923973083
2017-01-06,2.107692003250122,2.146152973175049,2.0999999046325684,2.1307690143585205,17457885,0.8987904191017151
2017-01-09,2.146152973175049,2.146152973175049,2.1230759620666504,2.1307690143585205,18216477,0.8987904191017151
2017-01-10,2.1307690143585205,2.1769230365753174,2.1230759620666504,2.1692299842834473,22281350,0.9150139689445496
2017-01-11,2.1692299842834473,2.2076919078826904,2.146152973175049,2.1615378856658936,28949378,0.9117693305015564
2017-01-12,2.1769230365753174,2.184614896774292,2.115384101867676,2.1307690143585205,18790304,0.8987904191017151
2017-01-13,2.1307690143585205,2.146152973175049,2.107692003250122,2.146152973175049,6880507,0.9052796959877014
2017-01-16,2.1307690143585205,2.1307690143585205,2.0846149921417236,2.0999999046325684,10270000,0.8858116269111633
2017-01-17,2.0923070907592773,2.138461112976074,2.0923070907592773,2.115384101867676,11910336,0.8923010230064392
2017-01-18,2.115384101867676,2.2692298889160156,2.115384101867676,2.261538028717041,51813850,0.9539508819580078
2017-01-19,2.2461531162261963,2.261538028717041,2.2076919078826904,2.2461531162261963,12576843,0.9474613070487976
2017-01-20,2.215384006500244,2.230768918991089,2.1923069953918457,2.223076105117798,9529000,0.9377270936965942
2017-01-23,2.1923069953918457,2.215384006500244,2.1769230365753174,2.200000047683716,14487785,0.9279930591583252
2017-01-24,2.1923069953918457,2.299999952316284,2.184614896774292,2.2461531162261963,38019345,0.9474613070487976
2017-01-25,2.2461531162261963,2.2692298889160156,2.223076105117798,2.2538459300994873,9981042,0.9507061839103699
2017-01-26,2.261538028717041,2.2846150398254395,2.230768918991089,2.2692298889160156,14024380,0.9571954011917114
2017-01-27,2.2769229412078857,2.2769229412078857,2.230768918991089,2.2384610176086426,2803450,0.9442166090011597
2017-02-01,2.2384610176086426,2.2538459300994873,2.200000047683716,2.215384006500244,5831670,0.9344825148582458
2017-02-02,2.215384006500244,2.2461531162261963,2.1615378856658936,2.1615378856658936,10664600,0.9117693305015564
2017-02-03,2.1769230365753174,2.200000047683716,2.1615378856658936,2.200000047683716,15918865,0.9279930591583252
2017-02-06,2.215384006500244,2.215384006500244,2.184614896774292,2.200000047683716,6412168,0.9279930591583252
2017-02-07,2.184614896774292,2.2692298889160156,2.184614896774292,2.2384610176086426,23966800,0.9442166090011597
2017-02-08,2.2384610176086426,2.292306900024414,2.223076105117798,2.2846150398254395,25019800,0.9636849761009216
2017-02-09,2.299999952316284,2.569230079650879,2.299999952316284,2.5461530685424805,180162916,1.0740058422088623
2017-02-10,2.6307690143585205,2.6769230365753174,2.5153839588165283,2.6230759620666504,123783520,1.1064532995224
2017-02-13,2.6307690143585205,2.9000000953674316,2.6307690143585205,2.9000000953674316,126562675,1.2232638597488403
2017-02-14,2.884614944458008,2.884614944458008,2.761538028717041,2.799999952316284,62793387,1.1810822486877441
2017-02-15,2.823076009750366,2.838460922241211,2.715384006500244,2.7461531162261963,58356715,1.1583688259124756
2017-02-16,2.7461531162261963,2.823076009750366,2.7076919078826904,2.7461531162261963,33745400,1.1583688259124756
2017-02-17,2.7769229412078857,2.799999952316284,2.730768918991089,2.7769229412078857,27729432,1.171347975730896
2017-02-20,2.7384610176086426,2.884614944458008,2.715384006500244,2.8538460731506348,50855350,1.2037954330444336
2017-02-21,2.8615379333496094,2.869230031967163,2.7384610176086426,2.7461531162261963,24613156,1.1583688259124756
2017-02-22,2.7461531162261963,3.023076057434082,2.7461531162261963,3.023076057434082,75764847,1.2751790285110474
2017-02-23,3.023076057434082,3.0384609699249268,2.9307689666748047,2.9769229888916016,32957251,1.2557110786437988
2017-02-24,2.9846150875091553,2.9846150875091553,2.8538460731506348,2.884614944458008,39536192,1.2167739868164062
2017-02-27,2.876923084259033,2.9846150875091553,2.8461530208587646,2.9000000953674316,20289750,1.2232638597488403
2017-02-28,2.9076919555664062,2.9307689666748047,2.838460922241211,2.8461530208587646,22198800,1.2005503177642822
2017-03-01,2.8461530208587646,2.9384610652923584,2.823076009750366,2.869230031967163,23199930,1.21028470993042
2017-03-02,2.9076919555664062,2.953845977783203,2.8153839111328125,2.8153839111328125,30254250,1.187571406364441
2017-03-03,2.823076009750366,2.823076009750366,2.7461531162261963,2.7692298889160156,22804289,1.1681029796600342
2017-03-06,2.7769229412078857,2.799999952316284,2.730768918991089,2.7384610176086426,24734606,1.155124306678772
2017-03-07,2.723076105117798,2.7769229412078857,2.7076919078826904,2.7384610176086426,26889369,1.155124306678772
2017-03-08,2.715384006500244,2.9000000953674316,2.715384006500244,2.884614944458008,60973770,1.2167739868164062
2017-03-09,2.8538460731506348,2.876923084259033,2.700000047683716,2.723076105117798,48551750,1.148634672164917
2017-03-10,2.761538028717041,2.7692298889160156,2.6307690143585205,2.638461112976074,35854104,1.1129426956176758
2017-03-13,2.6615378856658936,2.792306900024414,2.6615378856658936,2.723076105117798,48229658,1.148634672164917
2017-03-14,2.723076105117798,2.7692298889160156,2.723076105117798,2.7538459300994873,17429703,1.1616138219833374
2017-03-15,2.7538459300994873,2.8307690620422363,2.723076105117798,2.792306900024414,25923185,1.1778372526168823
2017-03-16,2.8307690620422363,2.8615379333496094,2.792306900024414,2.8307690620422363,17817800,1.1940611600875854
2017-03-17,2.8538460731506348,2.884614944458008,2.715384006500244,2.7461531162261963,27120483,1.1583688259124756
2017-03-20,2.761538028717041,2.799999952316284,2.7076919078826904,2.761538028717041,21031663,1.164858341217041
2017-03-21,2.7538459300994873,2.838460922241211,2.7538459300994873,2.792306900024414,16684136,1.1778372526168823
2017-03-22,2.7692298889160156,2.7692298889160156,2.6230759620666504,2.646152973175049,42361975,1.1161872148513794
2017-03-23,2.6692299842834473,2.7076919078826904,2.6230759620666504,2.6692299842834473,16304262,1.1259214878082275
2017-03-24,2.6923069953918457,2.730768918991089,2.646152973175049,2.715384006500244,21129481,1.1453900337219238
2017-03-27,2.730768918991089,2.7538459300994873,2.607692003250122,2.615384101867676,21641620,1.1032085418701172
2017-03-28,2.6692299842834473,2.6692299842834473,2.607692003250122,2.6615378856658936,19234150,1.1226768493652344
2017-03-29,2.6923069953918457,2.8307690620422363,2.6923069953918457,2.792306900024414,54121600,1.1778372526168823
2017-03-30,2.807692050933838,2.823076009750366,2.730768918991089,2.799999952316284,20386758,1.1810822486877441
2017-03-31,2.7384610176086426,2.8153839111328125,2.7076919078826904,2.7384610176086426,15116809,1.155124306678772
2017-04-03,2.7384610176086426,2.799999952316284,2.715384006500244,2.7538459300994873,12860568,1.1616138219833374
2017-04-05,2.761538028717041,2.8153839111328125,2.700000047683716,2.7384610176086426,25450447,1.155124306678772
2017-04-06,2.7538459300994873,2.7538459300994873,2.6923069953918457,2.7076919078826904,13961893,1.1421452760696411
2017-04-07,2.700000047683716,2.7769229412078857,2.684614896774292,2.7769229412078857,25292714,1.171347975730896
2017-04-10,2.869230031967163,2.876923084259033,2.715384006500244,2.7538459300994873,37984406,1.1616138219833374
2017-04-11,2.7538459300994873,2.7692298889160156,2.6923069953918457,2.7384610176086426,22276975,1.155124306678772
2017-04-12,2.723076105117798,2.7384610176086426,2.6769230365753174,2.7384610176086426,21123503,1.155124306678772
2017-04-13,2.715384006500244,2.730768918991089,2.6923069953918457,2.7076919078826904,9528104,1.1421452760696411
2017-04-18,2.700000047683716,2.700000047683716,2.5461530685424805,2.561537981033325,32840769,1.0804954767227173
2017-04-19,2.5538458824157715,2.569230079650879,2.4846150875091553,2.4846150875091553,36122060,1.0480481386184692
2017-04-20,2.5,2.5846149921417236,2.4846150875091553,2.5384609699249268,15127463,1.0707612037658691
2017-04-21,2.569230079650879,2.5846149921417236,2.523076057434082,2.5461530685424805,14166898,1.0740058422088623
2017-04-24,2.5384609699249268,2.5461530685424805,2.49230694770813,2.5153839588165283,10958164,1.0610268115997314
2017-04-25,2.530769109725952,2.5999999046325684,2.5153839588165283,2.5846149921417236,21089543,1.0902296304702759
2017-04-26,2.5846149921417236,2.5999999046325684,2.5153839588165283,2.5538458824157715,21252400,1.077250599861145
2017-04-27,2.5461530685424805,2.5846149921417236,2.5153839588165283,2.57692289352417,12534314,1.0869848728179932
2017-04-28,2.5999999046325684,2.6307690143585205,2.5538458824157715,2.615384101867676,15758834,1.1032085418701172
2017-05-02,2.6307690143585205,2.6692299842834473,2.607692003250122,2.6307690143585205,18725200,1.1096980571746826
2017-05-04,2.615384101867676,2.6230759620666504,2.5461530685424805,2.569230079650879,14879516,1.0837401151657104
2017-05-05,2.569230079650879,2.57692289352417,2.4692299365997314,2.5,12851800,1.0545378923416138
2017-05-08,2.4846150875091553,2.5153839588165283,2.4692299365997314,2.5076920986175537,6580286,1.0577822923660278
2017-05-09,2.5538458824157715,2.5538458824157715,2.461538076400757,2.530769109725952,16096906,1.0675166845321655
2017-05-10,2.530769109725952,2.561537981033325,2.5153839588165283,2.523076057434082,10036195,1.0642715692520142
2017-05-11,2.523076057434082,2.5461530685424805,2.49230694770813,2.5384609699249268,7536824,1.0707612037658691
2017-05-12,2.523076057434082,2.5384609699249268,2.5,2.530769109725952,7161965,1.0675166845321655
2017-05-15,2.530769109725952,2.6307690143585205,2.530769109725952,2.5923070907592773,17609010,1.0934743881225586
2017-05-16,2.5923070907592773,2.6615378856658936,2.569230079650879,2.6307690143585205,16762460,1.1096980571746826
2017-05-17,2.6307690143585205,2.700000047683716,2.615384101867676,2.653846025466919,19193476,1.1194324493408203
2017-05-18,2.615384101867676,2.7769229412078857,2.569230079650879,2.684614896774292,35308000,1.1324111223220825
2017-05-19,2.700000047683716,2.715384006500244,2.653846025466919,2.6923069953918457,14440613,1.1356557607650757
2017-05-22,2.684614896774292,2.723076105117798,2.6769230365753174,2.7076919078826904,11651510,1.1421452760696411
2017-05-23,2.700000047683716,2.723076105117798,2.646152973175049,2.6615378856658936,9034350,1.1226768493652344
2017-05-24,2.6615378856658936,2.6923069953918457,2.646152973175049,2.6769230365753174,6345170,1.1291664838790894
2017-05-25,2.6692299842834473,2.715384006500244,2.6615378856658936,2.715384006500244,8311290,1.1453900337219238
2017-05-26,2.723076105117798,2.7846150398254395,2.715384006500244,2.7461531162261963,15801370,1.1583688259124756
2017-05-29,2.7461531162261963,2.792306900024414,2.7384610176086426,2.761538028717041,11211850,1.164858341217041
2017-05-31,2.7538459300994873,2.7769229412078857,2.6923069953918457,2.723076105117798,10913566,1.148634672164917
2017-06-01,2.7076919078826904,2.723076105117798,2.653846025466919,2.700000047683716,14923617,1.138900637626648
2017-06-02,2.6923069953918457,2.700000047683716,2.6692299842834473,2.6923069953918457,4963613,1.1356557607650757
2017-06-05,2.6615378856658936,2.715384006500244,2.638461112976074,2.6615378856658936,7214083,1.1226768493652344
2017-06-06,2.653846025466919,2.6615378856658936,2.6230759620666504,2.646152973175049,5948800,1.1161872148513794
2017-06-07,2.6307690143585205,2.684614896774292,2.6307690143585205,2.6692299842834473,9181374,1.1259214878082275
2017-06-08,2.646152973175049,2.723076105117798,2.646152973175049,2.715384006500244,16222157,1.1453900337219238
2017-06-09,2.7538459300994873,2.7538459300994873,2.6307690143585205,2.6307690143585205,10360350,1.1096980571746826
2017-06-12,2.6230759620666504,2.653846025466919,2.5538458824157715,2.615384101867676,11419850,1.1032085418701172
2017-06-13,2.5999999046325684,2.638461112976074,2.57692289352417,2.615384101867676,8181585,1.1032085418701172
2017-06-14,2.607692003250122,2.638461112976074,2.5846149921417236,2.5923070907592773,8249335,1.0934743881225586
2017-06-15,2.615384101867676,2.615384101867676,2.561537981033325,2.57692289352417,7060140,1.0869848728179932
2017-06-16,2.569230079650879,2.5846149921417236,2.5384609699249268,2.5461530685424805,9281022,1.0740058422088623
2017-06-19,2.5461530685424805,2.57692289352417,2.5384609699249268,2.561537981033325,8360029,1.0804954767227173
2017-06-20,2.57692289352417,2.6615378856658936,2.561537981033325,2.638461112976074,9659000,1.1129426956176758
2017-06-21,2.653846025466919,2.792306900024414,2.638461112976074,2.7461531162261963,31422495,1.1583688259124756
2017-06-22,2.7538459300994873,2.7846150398254395,2.684614896774292,2.700000047683716,10308259,1.138900637626648
2017-06-23,2.715384006500244,2.723076105117798,2.684614896774292,2.700000047683716,5935371,1.138900637626648
2017-06-26,2.7384610176086426,2.792306900024414,2.7076919078826904,2.730768918991089,8275150,1.1518794298171997
2017-06-27,2.7461531162261963,2.7692298889160156,2.684614896774292,2.700000047683716,7182370,1.138900637626648
2017-06-28,2.684614896774292,2.6923069953918457,2.6307690143585205,2.684614896774292,4243424,1.1324111223220825
2017-06-29,2.7076919078826904,2.730768918991089,2.6923069953918457,2.700000047683716,5914630,1.138900637626648
2017-06-30,2.6769230365753174,2.838460922241211,2.6769230365753174,2.838460922241211,30365262,1.197305679321289
2017-07-03,2.807692050933838,2.838460922241211,2.7769229412078857,2.807692050933838,11716100,1.1843268871307373
2017-07-04,2.807692050933838,2.8538460731506348,2.730768918991089,2.7846150398254395,15043141,1.1745927333831787
2017-07-05,2.7846150398254395,2.8153839111328125,2.761538028717041,2.807692050933838,7715862,1.1843268871307373
2017-07-06,2.8153839111328125,2.8307690620422363,2.7769229412078857,2.8153839111328125,8321950,1.187571406364441
2017-07-07,3.0384609699249268,3.215384006500244,2.9846150875091553,3.1307690143585205,109509895,1.3206055164337158
2017-07-10,3.200000047683716,3.5,3.1692299842834473,3.299999952316284,129931846,1.3919895887374878
2017-07-11,3.323076009750366,3.338460922241211,3.215384006500244,3.307692050933838,38913687,1.39523446559906
2017-07-12,3.3153839111328125,3.323076009750366,3.146152973175049,3.184614896774292,30282844,1.3433187007904053
2017-07-13,3.184614896774292,3.292306900024414,3.184614896774292,3.223076105117798,29274585,1.3595421314239502
2017-07-14,3.261538028717041,3.299999952316284,3.230768918991089,3.261538028717041,16828240,1.3757659196853638
2017-07-17,3.2846150398254395,3.307692050933838,3.223076105117798,3.2461531162261963,21731996,1.3692762851715088
2017-07-18,3.2769229412078857,3.292306900024414,3.2384610176086426,3.261538028717041,22318925,1.3757659196853638
2017-07-19,3.2769229412078857,3.376923084259033,3.215384006500244,3.3538460731506348,42450590,1.4147030115127563
2017-07-20,3.369230031967163,3.446152925491333,3.292306900024414,3.299999952316284,26663656,1.3919895887374878
2017-07-21,3.2769229412078857,3.369230031967163,3.261538028717041,3.323076009750366,19030670,1.4017236232757568
2017-07-24,3.3307690620422363,3.7538459300994873,3.299999952316284,3.730768918991089,110089518,1.5736947059631348
2017-07-25,3.715384006500244,3.730768918991089,3.5846149921417236,3.6307690143585205,38953297,1.5315132141113281
2017-07-26,3.684614896774292,3.8461530208587646,3.569230079650879,3.5846149921417236,130770220,1.5120446681976318
2017-07-27,3.653846025466919,3.6615378856658936,3.4230759143829346,3.5384609699249268,83561930,1.492576241493225
2017-07-28,3.5384609699249268,3.607692003250122,3.5,3.5461530685424805,46944300,1.4958208799362183
2017-07-31,3.6230759620666504,3.8153839111328125,3.5923070907592773,3.730768918991089,76534897,1.5736947059631348
2017-08-01,3.7384610176086426,3.7846150398254395,3.607692003250122,3.6307690143585205,36345413,1.5315132141113281
2017-08-02,3.6692299842834473,3.7384610176086426,3.607692003250122,3.723076105117798,27331241,1.5704495906829834
2017-08-03,3.6923069953918457,3.730768918991089,3.646152973175049,3.6769230365753174,10591357,1.5509816408157349
2017-08-04,3.7076919078826904,3.9692299365997314,3.700000047683716,3.9230759143829346,105089648,1.6548126935958862
2017-08-07,3.9000000953674316,4.15384578704834,3.869230031967163,4.107691764831543,110792770,1.7326864004135132
2017-08-08,4.130768775939941,4.253846168518066,3.9846150875091553,4.15384578704834,85238683,1.7521549463272095
2017-08-09,4.15384578704834,4.230769157409668,4.023076057434082,4.230769157409668,53972100,1.784602403640747
2017-08-10,4.192306995391846,4.300000190734863,3.9692299365997314,4.0461530685424805,72978295,1.7067285776138306
2017-08-11,3.9230759143829346,4.007691860198975,3.7076919078826904,3.7538459300994873,88264009,1.5834290981292725
2017-08-14,3.8461530208587646,3.9076919555664062,3.7461531162261963,3.8461530208587646,35298697,1.6223652362823486
2017-08-15,3.8923070430755615,3.953845977783203,3.7461531162261963,3.7769229412078857,27315944,1.5931631326675415
2017-08-16,3.807692050933838,3.8307690620422363,3.715384006500244,3.7846150398254395,17139982,1.5964077711105347
2017-08-17,3.807692050933838,4.061538219451904,3.807692050933838,4.0538458824157715,55997601,1.7099734544754028
2017-08-18,3.946152925491333,4.030768871307373,3.9076919555664062,3.9307689666748047,36237145,1.6580575704574585
2017-08-21,3.961538076400757,4.030768871307373,3.8923070430755615,3.9769229888916016,23689936,1.6775261163711548
2017-08-22,3.9846150875091553,4.015384197235107,3.8923070430755615,3.9000000953674316,19040472,1.6450790166854858
2017-08-23,3.9000000953674316,3.9000000953674316,3.9000000953674316,3.9000000953674316,0,1.6450790166854858
2017-08-24,3.8923070430755615,3.9076919555664062,3.7692298889160156,3.7846150398254395,26634340,1.5964077711105347
2017-08-25,3.7769229412078857,3.8615379333496094,3.7769229412078857,3.838460922241211,15244361,1.6191208362579346
2017-08-28,3.8615379333496094,3.9307689666748047,3.8307690620422363,3.9076919555664062,13838373,1.6483232975006104
2017-08-29,3.884614944458008,3.9846150875091553,3.8538460731506348,3.9307689666748047,16594500,1.6580575704574585
2017-08-30,3.961538076400757,3.9769229888916016,3.876923084259033,3.9307689666748047,15990993,1.6580575704574585
2017-08-31,3.9307689666748047,3.9692299365997314,3.7384610176086426,3.8153839111328125,36363379,1.6093868017196655
2017-09-01,3.807692050933838,4.007691860198975,3.807692050933838,3.9769229888916016,35408490,1.6775261163711548
2017-09-04,3.9230759143829346,3.953845977783203,3.838460922241211,3.869230031967163,33388553,1.6320993900299072
2017-09-05,3.876923084259033,3.884614944458008,3.7846150398254395,3.807692050933838,28842697,1.6061418056488037
2017-09-06,3.823076009750366,3.823076009750366,3.715384006500244,3.799999952316284,23532892,1.6028974056243896
2017-09-07,3.8153839111328125,3.838460922241211,3.7461531162261963,3.7538459300994873,9900475,1.5834290981292725
2017-09-08,3.792306900024414,3.9076919555664062,3.7538459300994873,3.823076009750366,18217706,1.61263108253479
2017-09-11,3.8461530208587646,3.8923070430755615,3.807692050933838,3.823076009750366,20960893,1.61263108253479
2017-09-12,3.869230031967163,4.0538458824157715,3.8307690620422363,3.961538076400757,73978988,1.6710368394851685
2017-09-13,3.99230694770813,4.007691860198975,3.884614944458008,3.884614944458008,30130464,1.6385893821716309
2017-09-14,3.91538405418396,4.007691860198975,3.8538460731506348,3.869230031967163,36171630,1.6320993900299072
2017-09-15,3.91538405418396,3.9307689666748047,3.7769229412078857,3.869230031967163,38672318,1.6320993900299072
2017-09-18,3.869230031967163,3.869230031967163,3.7538459300994873,3.7692298889160156,43711699,1.5899180173873901
2017-09-19,3.8153839111328125,3.8923070430755615,3.7692298889160156,3.7769229412078857,24499997,1.5931631326675415
2017-09-20,3.792306900024414,3.8153839111328125,3.761538028717041,3.7692298889160156,14163500,1.5899180173873901
2017-09-21,3.7846150398254395,3.792306900024414,3.523076057434082,3.561537981033325,84022250,1.5023103952407837
2017-09-22,3.5461530685424805,3.5538458824157715,3.4307689666748047,3.461538076400757,79231415,1.4601290225982666
2017-09-25,3.461538076400757,3.461538076400757,3.2384610176086426,3.2461531162261963,70831150,1.3692762851715088
2017-09-26,3.223076105117798,3.3307690620422363,3.2076919078826904,3.292306900024414,38080487,1.3887447118759155
2017-09-27,3.3153839111328125,3.3461530208587646,3.2692298889160156,3.338460922241211,21542625,1.4082132577896118
2017-09-28,3.338460922241211,3.338460922241211,3.2076919078826904,3.215384006500244,23200422,1.356297492980957
2017-09-29,3.223076105117798,3.2384610176086426,3.1769230365753174,3.223076105117798,15169437,1.3595421314239502
2017-10-03,3.230768918991089,3.2692298889160156,3.1923069953918457,3.230768918991089,19072625,1.362787127494812
2017-10-04,3.230768918991089,3.2769229412078857,3.215384006500244,3.2461531162261963,16415139,1.3692762851715088
2017-10-06,3.2692298889160156,3.41538405418396,3.2538459300994873,3.369230031967163,35973750,1.4211922883987427
2017-10-09,3.384614944458008,3.384614944458008,3.230768918991089,3.2538459300994873,28384712,1.3725212812423706
2017-10-10,3.2692298889160156,3.299999952316284,3.215384006500244,3.2769229412078857,23502700,1.3822554349899292
2017-10-11,3.4230759143829346,3.4230759143829346,3.115384101867676,3.1307690143585205,139077597,1.3206055164337158
2017-10-12,3.1307690143585205,3.1615378856658936,3.0999999046325684,3.1230759620666504,28037100,1.317360520362854
2017-10-13,3.115384101867676,3.184614896774292,3.061537981033325,3.153846025466919,40512429,1.330339789390564
2017-10-16,3.1923069953918457,3.1923069953918457,3.0923070907592773,3.0923070907592773,52445208,1.3043818473815918
2017-10-17,3.107692003250122,3.146152973175049,3.069230079650879,3.07692289352417,37293703,1.297892451286316
2017-10-18,3.0923070907592773,3.153846025466919,3.0846149921417236,3.146152973175049,19836306,1.3270950317382812
2017-10-19,3.1615378856658936,3.1769230365753174,3.0461530685424805,3.0538458824157715,22269217,1.2881581783294678
2017-10-20,3.0846149921417236,3.1692299842834473,3.0846149921417236,3.153846025466919,28274350,1.330339789390564
2017-10-23,3.1615378856658936,3.2846150398254395,3.146152973175049,3.2846150398254395,47981286,1.3855003118515015
2017-10-24,3.261538028717041,3.2769229412078857,3.153846025466919,3.1692299842834473,26620750,1.3368289470672607
2017-10-25,3.1923069953918457,3.215384006500244,3.153846025466919,3.184614896774292,13757564,1.3433187007904053
2017-10-26,3.1692299842834473,3.2538459300994873,3.1692299842834473,3.1923069953918457,20654884,1.346563458442688
2017-10-27,3.2461531162261963,3.461538076400757,3.2461531162261963,3.453845977783203,129328550,1.4568843841552734
2017-10-30,3.461538076400757,3.5076920986175537,3.3461530208587646,3.3538460731506348,40290042,1.4147030115127563
2017-10-31,3.3615379333496094,3.384614944458008,3.2461531162261963,3.292306900024414,49426130,1.3887447118759155
2017-11-01,3.323076009750366,3.323076009750366,3.1769230365753174,3.230768918991089,34575261,1.362787127494812
2017-11-02,3.2384610176086426,3.2384610176086426,3.138461112976074,3.153846025466919,35050921,1.330339789390564
2017-11-03,3.153846025466919,3.1769230365753174,3.061537981033325,3.0923070907592773,38713585,1.3043818473815918
2017-11-06,3.115384101867676,3.115384101867676,3.0,3.0076920986175537,46777603,1.2686901092529297
2017-11-07,3.023076057434082,3.07692289352417,3.0076920986175537,3.07692289352417,19958339,1.297892451286316
2017-11-08,3.0846149921417236,3.107692003250122,3.0384609699249268,3.0384609699249268,19539419,1.281668782234192
2017-11-09,3.0461530685424805,3.2461531162261963,3.0461530685424805,3.107692003250122,88100473,1.3108713626861572
2017-11-10,3.0923070907592773,3.0999999046325684,3.0538458824157715,3.061537981033325,26490756,1.29140305519104
2017-11-13,3.07692289352417,3.07692289352417,2.961538076400757,2.9846150875091553,39808225,1.258955717086792
2017-11-14,3.0153839588165283,3.0153839588165283,2.9000000953674316,2.91538405418396,56550097,1.2297531366348267
2017-11-15,2.9076919555664062,2.9307689666748047,2.8615379333496094,2.869230031967163,24877725,1.21028470993042
2017-11-16,2.869230031967163,2.9230759143829346,2.838460922241211,2.8461530208587646,28987595,1.2005503177642822
2017-11-17,2.869230031967163,2.8923070430755615,2.807692050933838,2.8307690620422363,20079260,1.1940611600875854
2017-11-20,2.8461530208587646,2.8461530208587646,2.723076105117798,2.761538028717041,25121891,1.164858341217041
2017-11-21,2.7692298889160156,2.799999952316284,2.7384610176086426,2.799999952316284,21028611,1.1810822486877441
2017-11-22,2.823076009750366,2.91538405418396,2.823076009750366,2.884614944458008,26059280,1.2167739868164062
2017-11-23,2.9000000953674316,3.0076920986175537,2.869230031967163,2.9307689666748047,30367207,1.236242651939392
2017-11-24,2.953845977783203,2.9846150875091553,2.9230759143829346,2.9307689666748047,12998050,1.236242651939392
2017-11-27,2.946152925491333,2.946152925491333,2.8461530208587646,2.8615379333496094,10862872,1.2070399522781372
2017-11-28,2.876923084259033,2.91538405418396,2.807692050933838,2.91538405418396,12674637,1.2297531366348267
2017-11-29,2.9076919555664062,2.9076919555664062,2.8461530208587646,2.8538460731506348,10011861,1.2037954330444336
2017-11-30,2.8615379333496094,2.869230031967163,2.8307690620422363,2.8538460731506348,6033300,1.2037954330444336
2017-12-01,2.884614944458008,2.8923070430755615,2.8307690620422363,2.869230031967163,7838675,1.21028470993042
2017-12-04,2.869230031967163,3.0999999046325684,2.8538460731506348,3.069230079650879,61604042,1.2946475744247437
2017-12-05,3.030769109725952,3.061537981033325,2.961538076400757,3.0076920986175537,17540844,1.2686901092529297
2017-12-06,3.0,3.0076920986175537,2.884614944458008,2.9307689666748047,16597516,1.236242651939392
2017-12-07,2.953845977783203,2.9692299365997314,2.838460922241211,2.8461530208587646,17061850,1.2005503177642822
2017-12-08,2.8615379333496094,2.9076919555664062,2.8461530208587646,2.9000000953674316,9298354,1.2232638597488403
2017-12-11,2.9076919555664062,3.0461530685424805,2.9000000953674316,2.9846150875091553,21820500,1.258955717086792
2017-12-12,3.0,3.069230079650879,2.953845977783203,2.961538076400757,20609399,1.2492215633392334
2017-12-13,2.9769229888916016,3.0461530685424805,2.9230759143829346,3.030769109725952,13133252,1.2784240245819092
2017-12-14,3.0384609699249268,3.0538458824157715,2.99230694770813,3.0384609699249268,10645469,1.281668782234192
2017-12-15,3.030769109725952,3.030769109725952,2.961538076400757,2.99230694770813,13568097,1.2622002363204956
2017-12-18,3.0153839588165283,3.0153839588165283,2.961538076400757,2.9846150875091553,6250007,1.258955717086792
2017-12-19,3.0076920986175537,3.030769109725952,2.9769229888916016,3.023076057434082,14845091,1.2751790285110474
2017-12-20,3.0,3.153846025466919,3.0,3.0846149921417236,35368195,1.3011372089385986
2017-12-21,3.07692289352417,3.146152973175049,3.069230079650879,3.138461112976074,23224071,1.323850393295288
2017-12-22,3.138461112976074,3.138461112976074,3.061537981033325,3.07692289352417,10392200,1.297892451286316
2017-12-27,3.0923070907592773,3.146152973175049,3.023076057434082,3.030769109725952,18548805,1.2784240245819092
2017-12-28,3.0538458824157715,3.07692289352417,3.023076057434082,3.061537981033325,15692560,1.29140305519104
2017-12-29,3.07692289352417,3.115384101867676,3.061537981033325,3.0999999046325684,13093600,1.307626724243164
2018-01-02,3.107692003250122,3.1923069953918457,3.107692003250122,3.184614896774292,30332005,1.3433187007904053
2018-01-03,3.184614896774292,3.2692298889160156,3.184614896774292,3.2461531162261963,46233813,1.3692762851715088
2018-01-04,3.2692298889160156,3.292306900024414,3.200000047683716,3.2692298889160156,28447783,1.379010558128357
2018-01-05,3.2769229412078857,3.3538460731506348,3.230768918991089,3.3461530208587646,37603425,1.4114577770233154
2018-01-08,3.369230031967163,3.4307689666748047,3.3307690620422363,3.4307689666748047,45192079,1.4471502304077148
2018-01-09,3.41538405418396,3.4230759143829346,3.2076919078826904,3.230768918991089,55529598,1.362787127494812
2018-01-10,3.230768918991089,3.292306900024414,3.230768918991089,3.2384610176086426,26314256,1.3660318851470947
2018-01-11,3.2384610176086426,3.2692298889160156,3.200000047683716,3.223076105117798,15638082,1.3595421314239502
2018-01-12,3.2384610176086426,3.2692298889160156,3.215384006500244,3.2538459300994873,13863525,1.3725212812423706
2018-01-15,3.2692298889160156,3.292306900024414,3.0923070907592773,3.107692003250122,37520238,1.3108713626861572
2018-01-16,3.107692003250122,3.153846025466919,3.0999999046325684,3.146152973175049,13127821,1.3270950317382812
2018-01-17,3.138461112976074,3.146152973175049,3.0384609699249268,3.0999999046325684,34604460,1.307626724243164
2018-01-18,3.115384101867676,3.153846025466919,3.0923070907592773,3.146152973175049,20525144,1.3270950317382812
2018-01-19,3.138461112976074,3.3153839111328125,3.107692003250122,3.2692298889160156,47974959,1.379010558128357
2018-01-22,3.2846150398254395,3.2846150398254395,3.215384006500244,3.261538028717041,18549245,1.3757659196853638
2018-01-23,3.2538459300994873,3.261538028717041,3.200000047683716,3.2461531162261963,27849264,1.3692762851715088
2018-01-24,3.2461531162261963,3.384614944458008,3.230768918991089,3.384614944458008,59805668,1.427681803703308
2018-01-25,3.384614944458008,3.5153839588165283,3.3153839111328125,3.4076919555664062,64239702,1.4374159574508667
2018-01-26,3.4076919555664062,3.5999999046325684,3.3923070430755615,3.5461530685424805,76268816,1.4958208799362183
2018-01-29,3.5999999046325684,3.761538028717041,3.5999999046325684,3.6769230365753174,104673496,1.5509816408157349
2018-01-30,3.6769230365753174,3.684614896774292,3.446152925491333,3.5153839588165283,61687680,1.482841968536377
2018-01-31,3.4076919555664062,3.561537981033325,3.4000000953674316,3.561537981033325,53190124,1.5023103952407837
2018-02-01,3.607692003250122,3.607692003250122,3.323076009750366,3.3461530208587646,56701613,1.4114577770233154
2018-02-02,3.338460922241211,3.4307689666748047,3.2769229412078857,3.4230759143829346,37237980,1.4439051151275635
2018-02-05,3.2384610176086426,3.4846150875091553,3.223076105117798,3.4307689666748047,31442485,1.4471502304077148
2018-02-06,3.292306900024414,3.3615379333496094,3.146152973175049,3.1769230365753174,52079358,1.340074062347412
2018-02-07,3.2846150398254395,3.292306900024414,3.1230759620666504,3.153846025466919,39710622,1.330339789390564
2018-02-08,3.200000047683716,3.215384006500244,3.1230759620666504,3.1923069953918457,22278464,1.346563458442688
2018-02-09,3.138461112976074,3.138461112976074,2.884614944458008,3.030769109725952,60492273,1.2784240245819092
2018-02-12,3.023076057434082,3.069230079650879,2.961538076400757,3.023076057434082,24352770,1.2751790285110474
2018-02-13,3.07692289352417,3.1692299842834473,3.061537981033325,3.0846149921417236,17938645,1.3011372089385986
2018-02-14,3.138461112976074,3.138461112976074,3.0538458824157715,3.115384101867676,7800224,1.3141160011291504
2018-02-15,3.1307690143585205,3.1769230365753174,3.1307690143585205,3.153846025466919,9961250,1.330339789390564
2018-02-20,3.153846025466919,3.1769230365753174,3.07692289352417,3.138461112976074,7626548,1.323850393295288
2018-02-21,3.153846025466919,3.230768918991089,3.0999999046325684,3.230768918991089,15338618,1.362787127494812
2018-02-22,3.1923069953918457,3.2692298889160156,3.1692299842834473,3.223076105117798,20727882,1.3595421314239502
2018-02-23,3.2538459300994873,3.2769229412078857,3.223076105117798,3.2461531162261963,13222939,1.3692762851715088
2018-02-26,3.2538459300994873,3.2692298889160156,3.1692299842834473,3.223076105117798,16835845,1.3595421314239502
2018-02-27,3.2384610176086426,3.2538459300994873,3.1615378856658936,3.184614896774292,24039129,1.3433187007904053
2018-02-28,3.1692299842834473,3.2384610176086426,3.0999999046325684,3.1615378856658936,15587390,1.3335844278335571
2018-03-01,3.115384101867676,3.200000047683716,3.0846149921417236,3.1692299842834473,12807502,1.3368289470672607
2018-03-02,3.138461112976074,3.153846025466919,3.069230079650879,3.07692289352417,22219545,1.297892451286316
2018-03-05,3.0923070907592773,3.0923070907592773,2.9769229888916016,3.0076920986175537,25403118,1.2686901092529297
2018-03-06,3.0384609699249268,3.0846149921417236,3.023076057434082,3.07692289352417,15789259,1.297892451286316
2018-03-07,3.07692289352417,3.0923070907592773,2.99230694770813,3.0153839588165283,22551750,1.2719345092773438
2018-03-08,3.0461530685424805,3.215384006500244,3.023076057434082,3.184614896774292,28399948,1.3433187007904053
2018-03-09,3.184614896774292,3.384614944458008,3.184614896774292,3.261538028717041,51791285,1.3757659196853638
2018-03-12,3.299999952316284,3.384614944458008,3.2538459300994873,3.3307690620422363,30159896,1.4049687385559082
2018-03-13,3.3538460731506348,3.3615379333496094,3.2846150398254395,3.307692050933838,11139064,1.39523446559906
2018-03-14,3.307692050933838,3.307692050933838,3.215384006500244,3.261538028717041,12377245,1.3757659196853638
2018-03-15,3.2538459300994873,3.292306900024414,3.223076105117798,3.230768918991089,8879237,1.362787127494812
2018-03-16,3.215384006500244,3.3153839111328125,3.215384006500244,3.2692298889160156,15449366,1.379010558128357
2018-03-19,3.2692298889160156,3.3153839111328125,3.2461531162261963,3.261538028717041,12696200,1.3757659196853638
2018-03-20,3.2384610176086426,3.2692298889160156,3.215384006500244,3.261538028717041,9222261,1.3757659196853638
2018-03-21,3.261538028717041,3.3538460731506348,3.2461531162261963,3.261538028717041,12655890,1.3757659196853638
2018-03-22,3.2769229412078857,3.307692050933838,3.2076919078826904,3.223076105117798,15895421,1.3595421314239502
2018-03-23,3.0384609699249268,3.115384101867676,2.9000000953674316,3.061537981033325,63989900,1.29140305519104
2018-03-26,3.023076057434082,3.0923070907592773,2.9769229888916016,3.0923070907592773,18914897,1.3043818473815918
2018-03-27,3.1692299842834473,3.1769230365753174,3.0846149921417236,3.0999999046325684,15662595,1.307626724243164
2018-03-28,3.07692289352417,3.07692289352417,2.9846150875091553,3.0076920986175537,17594040,1.2686901092529297
2018-03-29,3.0384609699249268,3.0461530685424805,2.9692299365997314,2.99230694770813,15119845,1.2622002363204956
2018-04-03,2.961538076400757,3.0153839588165283,2.884614944458008,3.0,14664443,1.2654452323913574
2018-04-04,3.0,3.0153839588165283,2.946152925491333,2.953845977783203,13788230,1.2459766864776611
2018-04-06,2.9230759143829346,2.99230694770813,2.9230759143829346,2.961538076400757,16175047,1.2492215633392334
2018-04-09,2.9384610652923584,3.0076920986175537,2.9076919555664062,2.99230694770813,14080401,1.2622002363204956
2018-04-10,3.0076920986175537,3.023076057434082,2.961538076400757,2.99230694770813,21435867,1.2622002363204956
2018-04-11,3.023076057434082,3.115384101867676,3.0,3.07692289352417,67386957,1.297892451286316
2018-04-12,3.07692289352417,3.0846149921417236,2.9846150875091553,3.0076920986175537,10989761,1.2686901092529297
2018-04-13,3.0153839588165283,3.0461530685424805,2.9769229888916016,3.0076920986175537,10295727,1.2686901092529297
2018-04-16,3.0,3.0076920986175537,2.9307689666748047,2.9384610652923584,16365700,1.2394874095916748
2018-04-17,2.9769229888916016,2.99230694770813,2.8923070430755615,2.9076919555664062,13989141,1.226508378982544
2018-04-18,2.9384610652923584,2.961538076400757,2.807692050933838,2.9384610652923584,22035101,1.2394874095916748
2018-04-19,2.9846150875091553,3.07692289352417,2.9846150875091553,3.0153839588165283,29256675,1.2719345092773438
2018-04-20,3.0384609699249268,3.07692289352417,2.99230694770813,3.0,16336546,1.2654452323913574
2018-04-23,3.0,3.0538458824157715,2.9846150875091553,3.0461530685424805,8187010,1.284913420677185
2018-04-24,3.061537981033325,3.0923070907592773,3.0076920986175537,3.061537981033325,13901933,1.29140305519104
2018-04-25,3.0384609699249268,3.061537981033325,2.9769229888916016,3.030769109725952,19444373,1.2784240245819092
2018-04-26,3.0538458824157715,3.0538458824157715,2.9846150875091553,3.030769109725952,6730266,1.2784240245819092
2018-04-27,3.0461530685424805,3.061537981033325,2.99230694770813,3.0538458824157715,8914750,1.2881581783294678
2018-04-30,3.061537981033325,3.115384101867676,3.061537981033325,3.0923070907592773,15566389,1.3043818473815918
2018-05-02,3.07692289352417,3.146152973175049,2.9769229888916016,3.0,47679320,1.2654452323913574
2018-05-03,2.9846150875091553,3.023076057434082,2.9384610652923584,3.0,10636737,1.2654452323913574
2018-05-04,3.0076920986175537,3.030769109725952,2.9692299365997314,2.99230694770813,9508850,1.2622002363204956
2018-05-07,2.9769229888916016,3.030769109725952,2.961538076400757,2.99230694770813,8751069,1.2622002363204956
2018-05-08,3.023076057434082,3.1230759620666504,3.023076057434082,3.069230079650879,14131046,1.2946475744247437
2018-05-09,3.069230079650879,3.07692289352417,3.0384609699249268,3.061537981033325,4561050,1.29140305519104
2018-05-10,3.061537981033325,3.0846149921417236,3.030769109725952,3.0461530685424805,8548052,1.284913420677185
2018-05-11,3.069230079650879,3.069230079650879,3.0,3.0076920986175537,11042809,1.2686901092529297
2018-05-14,3.030769109725952,3.107692003250122,3.023076057434082,3.107692003250122,13808275,1.3108713626861572
2018-05-15,3.107692003250122,3.2692298889160156,3.0999999046325684,3.230768918991089,53126667,1.362787127494812
2018-05-16,3.215384006500244,3.369230031967163,3.2076919078826904,3.338460922241211,53228671,1.4082132577896118
2018-05-17,3.4230759143829346,3.4230759143829346,3.2538459300994873,3.3307690620422363,22668240,1.4049687385559082
2018-05-18,3.2846150398254395,3.5,3.2538459300994873,3.461538076400757,48515858,1.4601290225982666
2018-05-21,3.5461530685424805,3.7076919078826904,3.5384609699249268,3.638461112976074,100698258,1.5347579717636108
2018-05-23,3.607692003250122,3.6769230365753174,3.49230694770813,3.561537981033325,30532482,1.5023103952407837
2018-05-24,3.530769109725952,3.5999999046325684,3.461538076400757,3.4769229888916016,26164320,1.4666186571121216
2018-05-25,3.4692299365997314,3.5999999046325684,3.446152925491333,3.4692299365997314,33156500,1.4633736610412598
2018-05-28,3.4692299365997314,3.615384101867676,3.4692299365997314,3.561537981033325,34143174,1.5023103952407837
2018-05-29,3.5846149921417236,3.646152973175049,3.4846150875091553,3.5538458824157715,37086842,1.49906587600708
2018-05-30,3.461538076400757,3.461538076400757,3.3461530208587646,3.3461530208587646,37401955,1.4114577770233154
2018-05-31,3.41538405418396,3.41538405418396,3.299999952316284,3.3923070430755615,264437257,1.4309260845184326
2018-06-01,3.376923084259033,3.4230759143829346,3.323076009750366,3.3461530208587646,22869538,1.4114577770233154
2018-06-04,3.3538460731506348,3.4230759143829346,3.3538460731506348,3.3615379333496094,15718300,1.4179472923278809
2018-06-05,3.369230031967163,3.446152925491333,3.3538460731506348,3.3923070430755615,35863379,1.4309260845184326
2018-06-06,3.4076919555664062,3.4384610652923584,3.3461530208587646,3.3615379333496094,15319200,1.4179472923278809
2018-06-07,3.3923070430755615,3.4230759143829346,3.3153839111328125,3.338460922241211,14280500,1.4082132577896118
2018-06-08,3.3153839111328125,3.3615379333496094,3.2538459300994873,3.2538459300994873,14829100,1.3725212812423706
2018-06-11,3.2538459300994873,3.2769229412078857,3.184614896774292,3.2076919078826904,25019187,1.353053092956543
2018-06-12,3.2076919078826904,3.2538459300994873,3.1692299842834473,3.2461531162261963,16390877,1.3692762851715088
2018-06-13,3.2076919078826904,3.2846150398254395,3.2076919078826904,3.2076919078826904,6813184,1.353053092956543
2018-06-14,3.230768918991089,3.2461531162261963,3.153846025466919,3.200000047683716,9682169,1.3498082160949707
2018-06-15,3.1923069953918457,3.215384006500244,3.1230759620666504,3.1769230365753174,27868408,1.340074062347412
2018-06-19,3.138461112976074,3.138461112976074,2.9230759143829346,2.961538076400757,41886650,1.2492215633392334
2018-06-20,2.961538076400757,2.9846150875091553,2.8923070430755615,2.9307689666748047,16823758,1.236242651939392
2018-06-21,2.9230759143829346,2.99230694770813,2.9076919555664062,2.9076919555664062,19775275,1.226508378982544
2018-06-22,2.9076919555664062,2.953845977783203,2.884614944458008,2.9230759143829346,14283100,1.2329976558685303
2018-06-25,2.9076919555664062,2.961538076400757,2.9000000953674316,2.9000000953674316,9182875,1.2232638597488403
2018-06-26,2.884614944458008,2.884614944458008,2.653846025466919,2.700000047683716,60324599,1.138900637626648
2018-06-27,2.7384610176086426,2.7846150398254395,2.57692289352417,2.5846149921417236,34084700,1.0902296304702759
2018-06-28,2.5999999046325684,2.638461112976074,2.523076057434082,2.5461530685424805,31173677,1.0740058422088623
2018-06-29,2.5846149921417236,2.7692298889160156,2.5538458824157715,2.7692298889160156,31736250,1.1681029796600342
2018-07-03,2.730768918991089,2.730768918991089,2.57692289352417,2.6923069953918457,20692100,1.1356557607650757
2018-07-04,2.6923069953918457,2.6923069953918457,2.5923070907592773,2.607692003250122,9533477,1.099963903427124
2018-07-05,2.6307690143585205,2.646152973175049,2.4769229888916016,2.57692289352417,19727419,1.0869848728179932
2018-07-06,2.57692289352417,2.6307690143585205,2.49230694770813,2.57692289352417,16191905,1.0869848728179932
2018-07-09,2.6307690143585205,2.6615378856658936,2.5999999046325684,2.615384101867676,10477350,1.1032085418701172
2018-07-10,2.653846025466919,2.653846025466919,2.57692289352417,2.57692289352417,6093171,1.0869848728179932
2018-07-11,2.5384609699249268,2.5538458824157715,2.4769229888916016,2.523076057434082,11800919,1.0642715692520142
2018-07-12,2.5,2.5923070907592773,2.5,2.561537981033325,8222987,1.0804954767227173
2018-07-13,2.57692289352417,2.607692003250122,2.5461530685424805,2.561537981033325,5859031,1.0804954767227173
2018-07-16,2.5846149921417236,2.5846149921417236,2.5076920986175537,2.5461530685424805,5273450,1.0740058422088623
2018-07-17,2.5461530685424805,2.57692289352417,2.523076057434082,2.5461530685424805,7653084,1.0740058422088623
2018-07-18,2.57692289352417,2.5999999046325684,2.5,2.523076057434082,11879400,1.0642715692520142
2018-07-19,2.5384609699249268,2.5461530685424805,2.5076920986175537,2.530769109725952,6769750,1.0675166845321655
2018-07-20,2.5461530685424805,2.5461530685424805,2.4230759143829346,2.49230694770813,14187625,1.0512927770614624
2018-07-23,2.4769229888916016,2.530769109725952,2.41538405418396,2.523076057434082,7018684,1.0642715692520142
2018-07-24,2.5153839588165283,2.653846025466919,2.5153839588165283,2.615384101867676,9563450,1.1032085418701172
2018-07-25,2.653846025466919,2.6692299842834473,2.561537981033325,2.569230079650879,8634350,1.0837401151657104
2018-07-26,2.57692289352417,2.638461112976074,2.5538458824157715,2.57692289352417,9168900,1.0869848728179932
2018-07-27,2.5923070907592773,2.607692003250122,2.561537981033325,2.607692003250122,5001100,1.099963903427124
2018-07-30,2.57692289352417,2.638461112976074,2.569230079650879,2.5846149921417236,6227650,1.0902296304702759
2018-07-31,2.5846149921417236,2.5923070907592773,2.5153839588165283,2.523076057434082,13156390,1.0642715692520142
2018-08-01,2.5538458824157715,2.5999999046325684,2.5384609699249268,2.569230079650879,18686200,1.0837401151657104
2018-08-02,2.569230079650879,2.569230079650879,2.4692299365997314,2.49230694770813,11537500,1.0512927770614624
2018-08-03,2.5,2.530769109725952,2.461538076400757,2.5076920986175537,8872110,1.0577822923660278
2018-08-06,2.523076057434082,2.561537981033325,2.461538076400757,2.5,10594350,1.0545378923416138
2018-08-07,2.4692299365997314,2.5384609699249268,2.4692299365997314,2.5384609699249268,8305440,1.0707612037658691
2018-08-08,2.530769109725952,2.57692289352417,2.461538076400757,2.57692289352417,11348317,1.0869848728179932
2018-08-09,2.5538458824157715,2.6615378856658936,2.530769109725952,2.6615378856658936,20750951,1.1226768493652344
2018-08-10,2.6615378856658936,2.6692299842834473,2.607692003250122,2.6615378856658936,16849300,1.1226768493652344
2018-08-13,2.615384101867676,2.615384101867676,2.5,2.530769109725952,8924025,1.0675166845321655
2018-08-14,2.530769109725952,2.5538458824157715,2.4846150875091553,2.523076057434082,9691500,1.0642715692520142
2018-08-15,2.530769109725952,2.530769109725952,2.4076919555664062,2.4230759143829346,16609807,1.022089958190918
2018-08-16,2.369230031967163,2.446152925491333,2.3461530208587646,2.41538405418396,8403361,1.018845558166504
2018-08-17,2.446152925491333,2.4769229888916016,2.4000000953674316,2.41538405418396,9161006,1.018845558166504
2018-08-20,2.446152925491333,2.4769229888916016,2.3923070430755615,2.453845977783203,12303850,1.035069227218628
2018-08-21,2.453845977783203,2.523076057434082,2.453845977783203,2.5153839588165283,15006225,1.0610268115997314
2018-08-22,2.49230694770813,2.530769109725952,2.4846150875091553,2.5153839588165283,6884800,1.0610268115997314
2018-08-23,2.4692299365997314,2.5153839588165283,2.4692299365997314,2.49230694770813,9984469,1.0512927770614624
2018-08-24,2.4769229888916016,2.49230694770813,2.453845977783203,2.49230694770813,5565300,1.0512927770614624
2018-08-27,2.49230694770813,2.5461530685424805,2.49230694770813,2.523076057434082,7842672,1.0642715692520142
2018-08-28,2.523076057434082,2.569230079650879,2.5076920986175537,2.561537981033325,5862308,1.0804954767227173
2018-08-29,2.523076057434082,2.5923070907592773,2.523076057434082,2.561537981033325,4870450,1.0804954767227173
2018-08-30,2.5923070907592773,2.5999999046325684,2.530769109725952,2.5461530685424805,5916674,1.0740058422088623
2018-08-31,2.5076920986175537,2.5153839588165283,2.4384610652923584,2.5153839588165283,20130862,1.0610268115997314
2018-09-03,2.523076057434082,2.523076057434082,2.3923070430755615,2.4000000953674316,12175259,1.0123564004898071
2018-09-04,2.4000000953674316,2.4384610652923584,2.3923070430755615,2.4230759143829346,5460319,1.022089958190918
2018-09-05,2.4307689666748047,2.4769229888916016,2.4230759143829346,2.4384610652923584,14898967,1.0285797119140625
2018-09-06,2.4384610652923584,2.4769229888916016,2.323076009750366,2.338460922241211,16220855,0.9863979816436768
2018-09-07,2.338460922241211,2.384614944458008,2.323076009750366,2.3461530208587646,8334300,0.9896427989006042
2018-09-10,2.323076009750366,2.3538460731506348,2.230768918991089,2.2538459300994873,14885226,0.9507061839103699
2018-09-11,2.2384610176086426,2.2692298889160156,2.200000047683716,2.230768918991089,5313597,0.9409719705581665
2018-09-12,2.215384006500244,2.230768918991089,2.153846025466919,2.1769230365753174,12732560,0.9182589650154114
2018-09-13,2.230768918991089,2.3307690620422363,2.2076919078826904,2.3307690620422363,17158710,0.9831535816192627
2018-09-14,2.338460922241211,2.3461530208587646,2.292306900024414,2.338460922241211,10047861,0.9863979816436768
2018-09-17,2.307692050933838,2.338460922241211,2.292306900024414,2.3307690620422363,7678450,0.9831535816192627
2018-09-18,2.2846150398254395,2.4000000953674316,2.2846150398254395,2.384614944458008,8828716,1.005866527557373
2018-09-19,2.376923084259033,2.446152925491333,2.376923084259033,2.4384610652923584,8713471,1.0285797119140625
2018-09-20,2.41538405418396,2.461538076400757,2.4076919555664062,2.4307689666748047,5650775,1.0253349542617798
2018-09-21,2.4692299365997314,2.5384609699249268,2.453845977783203,2.530769109725952,12515002,1.0675166845321655
2018-09-24,2.530769109725952,2.530769109725952,2.4076919555664062,2.4692299365997314,6690242,1.0415585041046143
2018-09-26,2.4846150875091553,2.5076920986175537,2.4692299365997314,2.4769229888916016,5816882,1.044803500175476
2018-09-27,2.5,2.523076057434082,2.453845977783203,2.4769229888916016,5314259,1.044803500175476
2018-09-28,2.4769229888916016,2.523076057434082,2.4769229888916016,2.5,5064800,1.0545378923416138
2018-10-02,2.5384609699249268,2.5384609699249268,2.4000000953674316,2.41538405418396,7063257,1.018845558166504
2018-10-03,2.461538076400757,2.49230694770813,2.4000000953674316,2.446152925491333,7833355,1.0318242311477661
2018-10-04,2.4846150875091553,2.4846150875091553,2.41538405418396,2.4384610652923584,3972150,1.0285797119140625
2018-10-05,2.4230759143829346,2.4230759143829346,2.3461530208587646,2.3615379333496094,8530496,0.9961323738098145
2018-10-08,2.3615379333496094,2.4230759143829346,2.323076009750366,2.3461530208587646,11410750,0.9896427989006042
2018-10-09,2.3615379333496094,2.384614944458008,2.3153839111328125,2.323076009750366,10195387,0.9799085855484009
2018-10-10,2.3538460731506348,2.4000000953674316,2.323076009750366,2.338460922241211,5625616,0.9863979816436768
2018-10-11,2.3153839111328125,2.3153839111328125,2.184614896774292,2.215384006500244,19643696,0.9344825148582458
2018-10-12,2.215384006500244,2.292306900024414,2.215384006500244,2.2769229412078857,12378600,0.9604405164718628
2018-10-15,2.299999952316284,2.3153839111328125,2.230768918991089,2.2461531162261963,4602786,0.9474613070487976
2018-10-16,2.261538028717041,2.292306900024414,2.184614896774292,2.2076919078826904,8628447,0.9312377572059631
2018-10-18,2.223076105117798,2.223076105117798,2.146152973175049,2.184614896774292,7452216,0.9215036034584045
2018-10-19,2.184614896774292,2.3153839111328125,2.146152973175049,2.261538028717041,14889875,0.9539508819580078
2018-10-22,2.2769229412078857,2.338460922241211,2.2769229412078857,2.299999952316284,10441600,0.9701746702194214
2018-10-23,2.299999952316284,2.3307690620422363,2.2384610176086426,2.2461531162261963,5171210,0.9474613070487976
2018-10-24,2.307692050933838,2.307692050933838,2.184614896774292,2.1923069953918457,10943465,0.9247483015060425
2018-10-25,2.153846025466919,2.2076919078826904,2.153846025466919,2.200000047683716,8564446,0.9279930591583252
2018-10-26,2.2076919078826904,2.230768918991089,2.153846025466919,2.1615378856658936,10267130,0.9117693305015564
2018-10-29,2.1769230365753174,2.1923069953918457,2.153846025466919,2.1615378856658936,4366573,0.9117693305015564
2018-10-30,2.1692299842834473,2.1923069953918457,2.0846149921417236,2.115384101867676,20694349,0.8923010230064392
2018-10-31,2.1230759620666504,2.1692299842834473,2.0999999046325684,2.153846025466919,8924656,0.9085246920585632
2018-11-01,2.1615378856658936,2.200000047683716,2.138461112976074,2.138461112976074,11677250,0.9020350575447083
2018-11-02,2.261538028717041,2.3461530208587646,2.2538459300994873,2.3307690620422363,36153669,0.9831535816192627
2018-11-05,2.299999952316284,2.3153839111328125,2.2692298889160156,2.292306900024414,6486550,0.9669296741485596
2018-11-06,2.323076009750366,2.3461530208587646,2.261538028717041,2.338460922241211,10530650,0.9863979816436768
2018-11-07,2.338460922241211,2.4230759143829346,2.292306900024414,2.3153839111328125,13413400,0.9766640067100525
2018-11-08,2.3461530208587646,2.376923084259033,2.3153839111328125,2.3307690620422363,7429501,0.9831535816192627
2018-11-09,2.2846150398254395,2.2846150398254395,2.230768918991089,2.2384610176086426,14205100,0.9442166090011597
2018-11-12,2.2538459300994873,2.2846150398254395,2.184614896774292,2.261538028717041,10793900,0.9539508819580078
2018-11-13,2.261538028717041,2.307692050933838,2.223076105117798,2.2846150398254395,7983147,0.9636849761009216
2018-11-14,2.323076009750366,2.3307690620422363,2.2769229412078857,2.323076009750366,10290096,0.9799085855484009
2018-11-15,2.3153839111328125,2.369230031967163,2.307692050933838,2.338460922241211,5702642,0.9863979816436768
2018-11-16,2.323076009750366,2.384614944458008,2.299999952316284,2.384614944458008,7636553,1.005866527557373
2018-11-19,2.3923070430755615,2.4307689666748047,2.369230031967163,2.4307689666748047,13965250,1.0253349542617798
2018-11-20,2.384614944458008,2.4230759143829346,2.3538460731506348,2.3538460731506348,7147400,0.9928876757621765
2018-11-21,2.338460922241211,2.384614944458008,2.3307690620422363,2.376923084259033,6799650,1.0026220083236694
2018-11-22,2.3615379333496094,2.4230759143829346,2.3615379333496094,2.4230759143829346,7978750,1.022089958190918
2018-11-23,2.4307689666748047,2.4307689666748047,2.2769229412078857,2.3307690620422363,15793986,0.9831535816192627
2018-11-26,2.3307690620422363,2.384614944458008,2.3307690620422363,2.3615379333496094,4867200,0.9961323738098145
2018-11-27,2.376923084259033,2.384614944458008,2.3307690620422363,2.3615379333496094,4390578,0.9961323738098145
2018-11-28,2.376923084259033,2.41538405418396,2.3615379333496094,2.384614944458008,11454740,1.005866527557373
2018-11-29,2.4000000953674316,2.4076919555664062,2.3307690620422363,2.369230031967163,7943551,0.9993770122528076
2018-11-30,2.369230031967163,2.446152925491333,2.369230031967163,2.446152925491333,19379102,1.0318242311477661
2018-12-03,2.530769109725952,2.5846149921417236,2.4769229888916016,2.523076057434082,24338964,1.0642715692520142
2018-12-04,2.5384609699249268,2.5384609699249268,2.461538076400757,2.5384609699249268,7756405,1.0707612037658691
2018-12-05,2.461538076400757,2.49230694770813,2.446152925491333,2.4846150875091553,7740805,1.0480481386184692
2018-12-06,2.453845977783203,2.4846150875091553,2.299999952316284,2.323076009750366,12160876,0.9799085855484009
2018-12-07,2.338460922241211,2.3538460731506348,2.307692050933838,2.323076009750366,5659973,0.9799085855484009
2018-12-10,2.307692050933838,2.307692050933838,2.230768918991089,2.2461531162261963,6795100,0.9474613070487976
2018-12-11,2.2692298889160156,2.2769229412078857,2.2461531162261963,2.261538028717041,5484078,0.9539508819580078
2018-12-12,2.2769229412078857,2.307692050933838,2.2692298889160156,2.299999952316284,2577675,0.9701746702194214
2018-12-13,2.3307690620422363,2.338460922241211,2.292306900024414,2.3307690620422363,5510784,0.9831535816192627
2018-12-14,2.299999952316284,2.323076009750366,2.2769229412078857,2.307692050933838,3888300,0.9734193086624146
2018-12-17,2.3153839111328125,2.3153839111328125,2.2692298889160156,2.292306900024414,2912728,0.9669296741485596
2018-12-18,2.292306900024414,2.307692050933838,2.2384610176086426,2.2538459300994873,6632659,0.9507061839103699
2018-12-19,2.2692298889160156,2.2692298889160156,2.230768918991089,2.2538459300994873,4299354,0.9507061839103699
2018-12-20,2.2692298889160156,2.2692298889160156,2.223076105117798,2.2384610176086426,7394075,0.9442166090011597
2018-12-21,2.2461531162261963,2.2538459300994873,2.200000047683716,2.2076919078826904,7160567,0.9312377572059631
2018-12-24,2.1923069953918457,2.2076919078826904,2.1615378856658936,2.1692299842834473,4611063,0.9150139689445496
2018-12-27,2.2076919078826904,2.230768918991089,2.1615378856658936,2.1692299842834473,7714883,0.9150139689445496
2018-12-28,2.184614896774292,2.2076919078826904,2.1615378856658936,2.184614896774292,3525007,0.9215036034584045
2018-12-31,2.200000047683716,2.2769229412078857,2.184614896774292,2.2692298889160156,3342950,0.9571954011917114
2019-01-02,2.2769229412078857,2.2769229412078857,2.1769230365753174,2.230768918991089,4349805,0.9409719705581665
2019-01-03,2.2461531162261963,2.2538459300994873,2.200000047683716,2.223076105117798,4131870,0.9377270936965942
2019-01-04,2.230768918991089,2.292306900024414,2.200000047683716,2.292306900024414,9027054,0.9669296741485596
2019-01-07,2.338460922241211,2.3461530208587646,2.299999952316284,2.3461530208587646,8007350,0.9896427989006042
2019-01-08,2.338460922241211,2.4307689666748047,2.3307690620422363,2.376923084259033,16025405,1.0026220083236694
2019-01-09,2.4000000953674316,2.4692299365997314,2.3923070430755615,2.4384610652923584,8832475,1.0285797119140625
2019-01-10,2.446152925491333,2.4692299365997314,2.4076919555664062,2.446152925491333,5042882,1.0318242311477661
2019-01-11,2.4384610652923584,2.4692299365997314,2.4076919555664062,2.4692299365997314,13288895,1.0415585041046143
2019-01-14,2.446152925491333,2.461538076400757,2.41538405418396,2.4307689666748047,2966275,1.0253349542617798
2019-01-15,2.4307689666748047,2.461538076400757,2.4076919555664062,2.4384610652923584,10277493,1.0285797119140625
2019-01-16,2.4230759143829346,2.4307689666748047,2.3923070430755615,2.4307689666748047,4303000,1.0253349542617798
2019-01-17,2.4384610652923584,2.461538076400757,2.4230759143829346,2.4384610652923584,4191202,1.0285797119140625
2019-01-18,2.446152925491333,2.461538076400757,2.4230759143829346,2.4384610652923584,3601747,1.0285797119140625
2019-01-21,2.4769229888916016,2.5,2.453845977783203,2.5,6362046,1.0545378923416138
2019-01-22,2.49230694770813,2.49230694770813,2.4230759143829346,2.4769229888916016,7384000,1.044803500175476
2019-01-23,2.4846150875091553,2.4846150875091553,2.4000000953674316,2.41538405418396,5848529,1.018845558166504
2019-01-24,2.4000000953674316,2.4384610652923584,2.4000000953674316,2.4384610652923584,3932303,1.0285797119140625
2019-01-25,2.41538405418396,2.4769229888916016,2.41538405418396,2.461538076400757,5079100,1.0383139848709106
2019-01-28,2.4846150875091553,2.5,2.4230759143829346,2.4384610652923584,6168500,1.0285797119140625
2019-01-29,2.4384610652923584,2.4307689666748047,2.384614944458008,2.41538405418396,6492460,1.018845558166504
2019-01-30,2.3923070430755615,2.41538405418396,2.376923084259033,2.4000000953674316,6009900,1.0123564004898071
2019-01-31,2.4076919555664062,2.461538076400757,2.4076919555664062,2.4307689666748047,4731675,1.0253349542617798
2019-02-01,2.4384610652923584,2.4846150875091553,2.4230759143829346,2.4769229888916016,10124075,1.044803500175476
2019-02-04,2.461538076400757,2.5,2.446152925491333,2.4769229888916016,2763800,1.044803500175476
2019-02-08,2.4769229888916016,2.5,2.4307689666748047,2.4692299365997314,6415611,1.0415585041046143
2019-02-11,2.461538076400757,2.461538076400757,2.4230759143829346,2.453845977783203,4262368,1.035069227218628
2019-02-12,2.461538076400757,2.461538076400757,2.41538405418396,2.446152925491333,9771693,1.0318242311477661
2019-02-13,2.453845977783203,2.49230694770813,2.4307689666748047,2.4769229888916016,8266761,1.044803500175476
2019-02-14,2.4692299365997314,2.5538458824157715,2.4692299365997314,2.5153839588165283,11097512,1.0610268115997314
2019-02-15,2.5153839588165283,2.5153839588165283,2.4307689666748047,2.453845977783203,6626945,1.035069227218628
2019-02-18,2.4692299365997314,2.5,2.446152925491333,2.461538076400757,6759057,1.0383139848709106
2019-02-19,2.461538076400757,2.5153839588165283,2.4076919555664062,2.4692299365997314,14337700,1.0415585041046143
2019-02-20,2.461538076400757,2.5,2.446152925491333,2.4846150875091553,11496642,1.0480481386184692
2019-02-21,2.49230694770813,2.523076057434082,2.461538076400757,2.5076920986175537,12576850,1.0577822923660278
2019-02-22,2.4846150875091553,2.5461530685424805,2.4769229888916016,2.5384609699249268,11510037,1.0707612037658691
2019-02-25,2.530769109725952,2.684614896774292,2.523076057434082,2.684614896774292,27957150,1.1324111223220825
2019-02-26,2.6923069953918457,2.715384006500244,2.6230759620666504,2.6615378856658936,19799098,1.1226768493652344
2019-02-27,2.6923069953918457,2.6923069953918457,2.5846149921417236,2.607692003250122,13318510,1.099963903427124
2019-02-28,2.615384101867676,2.6692299842834473,2.607692003250122,2.6307690143585205,15772702,1.1096980571746826
2019-03-01,2.653846025466919,2.653846025466919,2.5846149921417236,2.6230759620666504,12621700,1.1064532995224
2019-03-04,2.638461112976074,2.684614896774292,2.615384101867676,2.6307690143585205,14259700,1.1096980571746826
2019-03-05,2.653846025466919,2.653846025466919,2.607692003250122,2.6307690143585205,6858814,1.1096980571746826
2019-03-06,2.6307690143585205,2.6692299842834473,2.5999999046325684,2.638461112976074,9943901,1.1129426956176758
2019-03-07,2.638461112976074,2.646152973175049,2.561537981033325,2.5923070907592773,9037444,1.0934743881225586
2019-03-08,2.5846149921417236,2.5846149921417236,2.3307690620422363,2.4000000953674316,23045106,1.0123564004898071
2019-03-11,2.4076919555664062,2.4692299365997314,2.369230031967163,2.453845977783203,8870550,1.035069227218628
2019-03-12,2.4846150875091553,2.49230694770813,2.4230759143829346,2.446152925491333,9716027,1.0318242311477661
2019-03-13,2.4384610652923584,2.4384610652923584,2.384614944458008,2.4000000953674316,6569969,1.0123564004898071
2019-03-14,2.4000000953674316,2.41538405418396,2.3538460731506348,2.369230031967163,5102453,0.9993770122528076
2019-03-15,2.3923070430755615,2.453845977783203,2.369230031967163,2.384614944458008,8271742,1.005866527557373
2019-03-18,2.3923070430755615,2.4384610652923584,2.3615379333496094,2.41538405418396,7592005,1.018845558166504
2019-03-19,2.41538405418396,2.453845977783203,2.41538405418396,2.4230759143829346,4649450,1.022089958190918
2019-03-20,2.4384610652923584,2.4384610652923584,2.3923070430755615,2.4076919555664062,5402605,1.0156008005142212
2019-03-21,2.4307689666748047,2.461538076400757,2.3923070430755615,2.4000000953674316,4283126,1.0123564004898071
2019-03-22,2.4000000953674316,2.453845977783203,2.4000000953674316,2.4384610652923584,7471750,1.0285797119140625
2019-03-25,2.384614944458008,2.4307689666748047,2.3615379333496094,2.369230031967163,6775502,0.9993770122528076
2019-03-26,2.376923084259033,2.49230694770813,2.3461530208587646,2.4076919555664062,19101461,1.0156008005142212
2019-03-27,2.4384610652923584,2.461538076400757,2.4000000953674316,2.4384610652923584,9751597,1.0285797119140625
2019-03-28,2.453845977783203,2.4846150875091553,2.4076919555664062,2.453845977783203,11452885,1.035069227218628
2019-03-29,2.453845977783203,2.530769109725952,2.453845977783203,2.5076920986175537,11858145,1.0577822923660278
2019-04-01,2.5153839588165283,2.6307690143585205,2.5,2.607692003250122,19022060,1.099963903427124
2019-04-02,2.615384101867676,2.646152973175049,2.607692003250122,2.6307690143585205,15558195,1.1096980571746826
2019-04-03,2.6615378856658936,3.0538458824157715,2.569230079650879,3.023076057434082,84009543,1.2751790285110474
2019-04-04,2.99230694770813,3.030769109725952,2.838460922241211,2.9769229888916016,48702947,1.2557110786437988
2019-04-08,2.9384610652923584,2.9846150875091553,2.823076009750366,2.91538405418396,25330890,1.2297531366348267
2019-04-09,2.9076919555664062,2.9384610652923584,2.8538460731506348,2.9230759143829346,11190497,1.2329976558685303
2019-04-10,2.9000000953674316,2.9076919555664062,2.838460922241211,2.9000000953674316,13477750,1.2232638597488403
2019-04-11,2.869230031967163,2.961538076400757,2.8153839111328125,2.838460922241211,16299345,1.197305679321289
2019-04-12,2.807692050933838,2.9307689666748047,2.7076919078826904,2.9000000953674316,11758758,1.2232638597488403
2019-04-15,2.9076919555664062,2.9692299365997314,2.8307690620422363,2.869230031967163,16198500,1.21028470993042
2019-04-16,2.8461530208587646,2.876923084259033,2.807692050933838,2.8461530208587646,3681324,1.2005503177642822
2019-04-17,2.838460922241211,2.91538405418396,2.838460922241211,2.8538460731506348,14800890,1.2037954330444336
2019-04-18,2.8615379333496094,2.953845977783203,2.8615379333496094,2.9076919555664062,21987550,1.226508378982544
2019-04-23,2.9076919555664062,2.953845977783203,2.823076009750366,2.9230759143829346,24032125,1.2329976558685303
2019-04-24,2.946152925491333,2.99230694770813,2.8923070430755615,2.9307689666748047,13672100,1.236242651939392
2019-04-25,2.9384610652923584,2.9384610652923584,2.799999952316284,2.799999952316284,7746498,1.1810822486877441
2019-04-26,2.799999952316284,2.8461530208587646,2.7538459300994873,2.7769229412078857,7031635,1.171347975730896
2019-04-29,2.8307690620422363,2.884614944458008,2.7769229412078857,2.7769229412078857,5835869,1.171347975730896
2019-04-30,2.7384610176086426,2.8461530208587646,2.715384006500244,2.807692050933838,11395741,1.1843268871307373
2019-05-02,2.823076009750366,2.8461530208587646,2.7692298889160156,2.792306900024414,8378637,1.1778372526168823
2019-05-03,2.823076009750366,2.8307690620422363,2.730768918991089,2.8153839111328125,3729516,1.187571406364441
2019-05-06,2.6769230365753174,2.6923069953918457,2.5461530685424805,2.5923070907592773,13609752,1.0934743881225586
2019-05-07,2.638461112976074,2.638461112976074,2.5384609699249268,2.57692289352417,8292467,1.0869848728179932
2019-05-08,2.5461530685424805,2.57692289352417,2.5384609699249268,2.5461530685424805,7131319,1.0740058422088623
2019-05-09,2.5538458824157715,2.5538458824157715,2.4000000953674316,2.4307689666748047,13333754,1.0253349542617798
2019-05-10,2.49230694770813,2.530769109725952,2.446152925491333,2.49230694770813,9160060,1.0512927770614624
2019-05-14,2.4000000953674316,2.4000000953674316,2.307692050933838,2.3615379333496094,26537134,0.9961323738098145
2019-05-15,2.384614944458008,2.41538405418396,2.3538460731506348,2.376923084259033,8238113,1.0026220083236694
2019-05-16,2.4000000953674316,2.4000000953674316,2.3461530208587646,2.3615379333496094,6884400,0.9961323738098145
2019-05-17,2.376923084259033,2.376923084259033,2.307692050933838,2.307692050933838,6815250,0.9734193086624146
2019-05-20,2.323076009750366,2.3307690620422363,2.230768918991089,2.2461531162261963,6574460,0.9474613070487976
2019-05-21,2.230768918991089,2.299999952316284,2.230768918991089,2.2692298889160156,4539665,0.9571954011917114
2019-05-22,2.2692298889160156,2.299999952316284,2.2461531162261963,2.2461531162261963,4925700,0.9474613070487976
2019-05-23,2.2461531162261963,2.2461531162261963,2.184614896774292,2.215384006500244,7209412,0.9344825148582458
2019-05-24,2.2384610176086426,2.2384610176086426,2.1769230365753174,2.1923069953918457,6489340,0.9247483015060425
2019-05-27,2.2076919078826904,2.2692298889160156,2.200000047683716,2.261538028717041,4668950,0.9539508819580078
2019-05-28,2.292306900024414,2.3615379333496094,2.2384610176086426,2.3615379333496094,16307956,0.9961323738098145
2019-05-29,2.3307690620422363,2.3307690620422363,2.230768918991089,2.230768918991089,10826920,0.9409719705581665
2019-05-30,2.223076105117798,2.2769229412078857,2.223076105117798,2.223076105117798,6701500,0.9377270936965942
2019-05-31,2.2384610176086426,2.2384610176086426,2.1923069953918457,2.223076105117798,8901655,0.9377270936965942
2019-06-03,2.2461531162261963,2.2461531162261963,2.200000047683716,2.2461531162261963,8069750,0.9474613070487976
2019-06-04,2.2538459300994873,2.2769229412078857,2.1769230365753174,2.184614896774292,7856420,0.9215036034584045
2019-06-05,2.230768918991089,2.2384610176086426,2.200000047683716,2.200000047683716,3485839,0.9279930591583252
2019-06-06,2.223076105117798,2.223076105117798,2.184614896774292,2.184614896774292,3112655,0.9215036034584045
2019-06-10,2.215384006500244,2.261538028717041,2.2076919078826904,2.2461531162261963,5644986,0.9474613070487976
2019-06-11,2.2692298889160156,2.3307690620422363,2.2538459300994873,2.3153839111328125,8548178,0.9766640067100525
2019-06-12,2.307692050933838,2.307692050933838,2.230768918991089,2.261538028717041,4682402,0.9539508819580078
2019-06-13,2.2538459300994873,2.2846150398254395,2.223076105117798,2.2384610176086426,4073091,0.9442166090011597
2019-06-14,2.2538459300994873,2.261538028717041,2.2076919078826904,2.215384006500244,4138440,0.9344825148582458
2019-06-17,2.2076919078826904,2.2538459300994873,2.2076919078826904,2.2076919078826904,3071900,0.9312377572059631
2019-06-18,2.2076919078826904,2.2538459300994873,2.2076919078826904,2.2461531162261963,2873546,0.9474613070487976
2019-06-19,2.299999952316284,2.3538460731506348,2.299999952316284,2.3307690620422363,7229950,0.9831535816192627
2019-06-20,2.338460922241211,2.376923084259033,2.3307690620422363,2.376923084259033,5120700,1.0026220083236694
2019-06-21,2.384614944458008,2.41538405418396,2.3461530208587646,2.41538405418396,8261981,1.018845558166504
2019-06-24,2.3923070430755615,2.4076919555664062,2.338460922241211,2.4000000953674316,4495400,1.0123564004898071
2019-06-25,2.384614944458008,2.384614944458008,2.299999952316284,2.3461530208587646,6269900,0.9896427989006042
2019-06-26,2.3461530208587646,2.369230031967163,2.3153839111328125,2.3615379333496094,3226600,0.9961323738098145
2019-06-27,2.369230031967163,2.3923070430755615,2.3307690620422363,2.3538460731506348,8336771,0.9928876757621765
2019-06-28,2.369230031967163,2.384614944458008,2.307692050933838,2.3461530208587646,6432775,0.9896427989006042
2019-07-02,2.3923070430755615,2.4076919555664062,2.376923084259033,2.3923070430755615,7973747,1.0091114044189453
2019-07-03,2.4230759143829346,2.4230759143829346,2.3461530208587646,2.369230031967163,5033081,0.9993770122528076
2019-07-04,2.384614944458008,2.4769229888916016,2.3538460731506348,2.4230759143829346,14314319,1.022089958190918
2019-07-05,2.4230759143829346,2.4846150875091553,2.3923070430755615,2.4076919555664062,8415505,1.0156008005142212
2019-07-08,2.4230759143829346,2.4230759143829346,2.323076009750366,2.3615379333496094,5232396,0.9961323738098145
2019-07-09,2.3615379333496094,2.3615379333496094,2.2846150398254395,2.3307690620422363,4940000,0.9831535816192627
2019-07-10,2.3307690620422363,2.369230031967163,2.3153839111328125,2.338460922241211,2338050,0.9863979816436768
2019-07-11,2.3461530208587646,2.384614944458008,2.3153839111328125,2.3461530208587646,2452945,0.9896427989006042
2019-07-12,2.323076009750366,2.3538460731506348,2.307692050933838,2.307692050933838,3703700,0.9734193086624146
2019-07-15,2.307692050933838,2.3307690620422363,2.2692298889160156,2.323076009750366,2625294,0.9799085855484009
2019-07-16,2.3307690620422363,2.3923070430755615,2.323076009750366,2.376923084259033,4336800,1.0026220083236694
2019-07-17,2.3307690620422363,2.3923070430755615,2.3307690620422363,2.3615379333496094,4265300,0.9961323738098145
2019-07-18,2.376923084259033,2.3923070430755615,2.323076009750366,2.3307690620422363,2601950,0.9831535816192627
2019-07-19,2.338460922241211,2.4384610652923584,2.338460922241211,2.41538405418396,8401783,1.018845558166504
2019-07-22,2.384614944458008,2.4230759143829346,2.3615379333496094,2.3615379333496094,3751150,0.9961323738098145
2019-07-23,2.4000000953674316,2.4000000953674316,2.3615379333496094,2.3615379333496094,2346630,0.9961323738098145
2019-07-24,2.3615379333496094,2.3923070430755615,2.3307690620422363,2.3538460731506348,3157147,0.9928876757621765
2019-07-25,2.3538460731506348,2.3615379333496094,2.323076009750366,2.3538460731506348,4347318,0.9928876757621765
2019-07-26,2.3153839111328125,2.338460922241211,2.292306900024414,2.292306900024414,6854238,0.9669296741485596
2019-07-29,2.2846150398254395,2.307692050933838,2.2384610176086426,2.261538028717041,4391543,0.9539508819580078
2019-07-30,2.2461531162261963,2.261538028717041,2.2384610176086426,2.2384610176086426,3517800,0.9442166090011597
2019-07-31,2.2538459300994873,2.2692298889160156,2.215384006500244,2.261538028717041,2980250,0.9539508819580078
2019-08-01,2.2538459300994873,2.2538459300994873,2.200000047683716,2.200000047683716,5703100,0.9279930591583252
2019-08-02,2.153846025466919,2.1923069953918457,2.115384101867676,2.115384101867676,15033850,0.8923010230064392
2019-08-05,2.115384101867676,2.115384101867676,2.07692289352417,2.07692289352417,6744006,0.8760774731636047
2019-08-06,2.07692289352417,2.0923070907592773,2.0384609699249268,2.069230079650879,8525475,0.8728324770927429
2019-08-07,2.0999999046325684,2.107692003250122,2.07692289352417,2.0923070907592773,5027055,0.8825667500495911
2019-08-08,2.0923070907592773,2.223076105117798,2.0846149921417236,2.184614896774292,9580350,0.9215036034584045
2019-08-09,2.184614896774292,2.200000047683716,2.107692003250122,2.107692003250122,6282250,0.8890562653541565
2019-08-12,2.0999999046325684,2.153846025466919,2.0999999046325684,2.107692003250122,2387450,0.8890562653541565
2019-08-13,2.0846149921417236,2.0923070907592773,2.0461530685424805,2.0461530685424805,6451693,0.8630982637405396
2019-08-14,2.069230079650879,2.115384101867676,2.0538458824157715,2.061537981033325,6780150,0.869587779045105
2019-08-15,2.0384609699249268,2.061537981033325,2.023076057434082,2.0384609699249268,5477470,0.8598536849021912
2019-08-16,2.0538458824157715,2.0999999046325684,2.0461530685424805,2.069230079650879,3490500,0.8728324770927429
2019-08-19,2.07692289352417,2.1692299842834473,2.07692289352417,2.146152973175049,5869955,0.9052796959877014
2019-08-20,2.1307690143585205,2.184614896774292,2.1230759620666504,2.1230759620666504,3686800,0.895545482635498
2019-08-21,2.115384101867676,2.153846025466919,2.107692003250122,2.115384101867676,3818367,0.8923010230064392
2019-08-22,2.138461112976074,2.153846025466919,2.115384101867676,2.1307690143585205,3713710,0.8987904191017151
2019-08-23,2.138461112976074,2.1923069953918457,2.115384101867676,2.1615378856658936,5909800,0.9117693305015564
2019-08-26,2.061537981033325,2.115384101867676,2.061537981033325,2.0846149921417236,5573100,0.8793219923973083
2019-08-27,2.0923070907592773,2.1307690143585205,2.0846149921417236,2.1307690143585205,8038438,0.8987904191017151
2019-08-28,2.1230759620666504,2.138461112976074,2.107692003250122,2.107692003250122,2830035,0.8890562653541565
2019-08-29,2.107692003250122,2.146152973175049,2.0923070907592773,2.138461112976074,3869450,0.9020350575447083
2019-08-30,2.153846025466919,2.1769230365753174,2.1307690143585205,2.153846025466919,4129455,0.9085246920585632
2019-09-02,2.2076919078826904,2.2076919078826904,2.1230759620666504,2.153846025466919,4091750,0.9085246920585632
2019-09-03,2.138461112976074,2.1615378856658936,2.0999999046325684,2.0999999046325684,5252373,0.8858116269111633
2019-09-04,2.07692289352417,2.1769230365753174,2.07692289352417,2.1692299842834473,7454896,0.9150139689445496
2019-09-05,2.1769230365753174,2.230768918991089,2.1692299842834473,2.223076105117798,10148125,0.9377270936965942
2019-09-06,2.215384006500244,2.261538028717041,2.215384006500244,2.2461531162261963,6517540,0.9474613070487976
2019-09-09,2.2538459300994873,2.2769229412078857,2.215384006500244,2.2384610176086426,5090150,0.9442166090011597
2019-09-10,2.2538459300994873,2.2538459300994873,2.1769230365753174,2.2461531162261963,4932200,0.9474613070487976
2019-09-11,2.230768918991089,2.3461530208587646,2.230768918991089,2.338460922241211,11830010,0.9863979816436768
2019-09-12,2.4230759143829346,2.4230759143829346,2.3153839111328125,2.369230031967163,8259550,0.9993770122528076
2019-09-13,2.3615379333496094,2.3923070430755615,2.307692050933838,2.384614944458008,5261222,1.005866527557373
2019-09-16,2.369230031967163,2.376923084259033,2.307692050933838,2.3538460731506348,4750850,0.9928876757621765
2019-09-17,2.3307690620422363,2.3461530208587646,2.2692298889160156,2.3153839111328125,8206532,0.9766640067100525
2019-09-18,2.3153839111328125,2.3307690620422363,2.292306900024414,2.323076009750366,4944578,0.9799085855484009
2019-09-19,2.3153839111328125,2.323076009750366,2.2461531162261963,2.261538028717041,6679934,0.9539508819580078
2019-09-20,2.2538459300994873,2.261538028717041,2.230768918991089,2.2538459300994873,6495859,0.9507061839103699
2019-09-23,2.2384610176086426,2.2461531162261963,2.2076919078826904,2.215384006500244,3331785,0.9344825148582458
2019-09-24,2.200000047683716,2.223076105117798,2.1769230365753174,2.200000047683716,4970940,0.9279930591583252
2019-09-25,2.184614896774292,2.1923069953918457,2.153846025466919,2.153846025466919,3272575,0.9085246920585632
2019-09-26,2.153846025466919,2.1923069953918457,2.138461112976074,2.146152973175049,6433700,0.9052796959877014
2019-09-27,2.184614896774292,2.184614896774292,2.146152973175049,2.1615378856658936,1422237,0.9117693305015564
2019-09-30,2.138461112976074,2.184614896774292,2.1230759620666504,2.146152973175049,2830750,0.9052796959877014
2019-10-02,2.115384101867676,2.138461112976074,2.107692003250122,2.115384101867676,4375540,0.8923010230064392
2019-10-03,2.07692289352417,2.1230759620666504,2.07692289352417,2.107692003250122,2179840,0.8890562653541565
2019-10-04,2.1230759620666504,2.1615378856658936,2.0999999046325684,2.115384101867676,1332975,0.8923010230064392
2019-10-08,2.115384101867676,2.146152973175049,2.107692003250122,2.1307690143585205,3435224,0.8987904191017151
2019-10-09,2.115384101867676,2.138461112976074,2.107692003250122,2.1230759620666504,3565783,0.895545482635498
2019-10-10,2.1230759620666504,2.2461531162261963,2.1230759620666504,2.215384006500244,5031000,0.9344825148582458
2019-10-11,2.215384006500244,2.292306900024414,2.215384006500244,2.261538028717041,7211952,0.9539508819580078
2019-10-14,2.292306900024414,2.3461530208587646,2.2769229412078857,2.307692050933838,8385650,0.9734193086624146
2019-10-15,2.3538460731506348,2.369230031967163,2.2846150398254395,2.307692050933838,9526881,0.9734193086624146
2019-10-16,2.3153839111328125,2.338460922241211,2.2846150398254395,2.307692050933838,3939241,0.9734193086624146
2019-10-17,2.292306900024414,2.292306900024414,2.215384006500244,2.2461531162261963,5035875,0.9474613070487976
2019-10-18,2.223076105117798,2.2538459300994873,2.215384006500244,2.2384610176086426,2096815,0.9442166090011597
2019-10-21,2.2461531162261963,2.2461531162261963,2.2076919078826904,2.2461531162261963,2229500,0.9474613070487976
2019-10-22,2.2769229412078857,2.2769229412078857,2.200000047683716,2.2384610176086426,3662522,0.9442166090011597
2019-10-23,2.2461531162261963,2.2692298889160156,2.215384006500244,2.2692298889160156,3890705,0.9571954011917114
2019-10-24,2.2692298889160156,2.292306900024414,2.2384610176086426,2.292306900024414,3161321,0.9669296741485596
2019-10-25,2.2846150398254395,2.299999952316284,2.261538028717041,2.2692298889160156,2984150,0.9571954011917114
2019-10-28,2.2692298889160156,2.299999952316284,2.261538028717041,2.2769229412078857,1655550,0.9604405164718628
2019-10-29,2.2769229412078857,2.292306900024414,2.261538028717041,2.292306900024414,4090205,0.9669296741485596
2019-10-30,2.2846150398254395,2.292306900024414,2.2538459300994873,2.2692298889160156,2905500,0.9571954011917114
2019-10-31,2.292306900024414,2.338460922241211,2.230768918991089,2.261538028717041,5097300,0.9539508819580078
2019-11-01,2.2461531162261963,2.307692050933838,2.2461531162261963,2.292306900024414,3853200,0.9669296741485596
2019-11-04,2.292306900024414,2.3461530208587646,2.292306900024414,2.3461530208587646,7657443,0.9896427989006042
2019-11-05,2.3538460731506348,2.3923070430755615,2.3307690620422363,2.384614944458008,7285850,1.005866527557373
2019-11-06,2.4000000953674316,2.41538405418396,2.3461530208587646,2.369230031967163,3844948,0.9993770122528076
2019-11-07,2.3615379333496094,2.384614944458008,2.3153839111328125,2.384614944458008,3014219,1.005866527557373
2019-11-08,2.4076919555664062,2.4846150875091553,2.3923070430755615,2.4307689666748047,12099558,1.0253349542617798
2019-11-11,2.4384610652923584,2.4384610652923584,2.307692050933838,2.3307690620422363,4699500,0.9831535816192627
2019-11-12,2.3538460731506348,2.369230031967163,2.2769229412078857,2.323076009750366,5909082,0.9799085855484009
2019-11-13,2.3153839111328125,2.3153839111328125,2.2538459300994873,2.292306900024414,4437992,0.9669296741485596
2019-11-14,2.307692050933838,2.307692050933838,2.230768918991089,2.2461531162261963,3580142,0.9474613070487976
2019-11-15,2.2538459300994873,2.2692298889160156,2.2076919078826904,2.230768918991089,3328097,0.9409719705581665
2019-11-18,2.2461531162261963,2.292306900024414,2.2461531162261963,2.292306900024414,4960800,0.9669296741485596
2019-11-19,2.307692050933838,2.307692050933838,2.2692298889160156,2.2846150398254395,1795300,0.9636849761009216
2019-11-20,2.2846150398254395,2.2846150398254395,2.230768918991089,2.2538459300994873,5129150,0.9507061839103699
2019-11-21,2.230768918991089,2.230768918991089,2.1923069953918457,2.2076919078826904,5102500,0.9312377572059631
2019-11-22,2.223076105117798,2.223076105117798,2.184614896774292,2.200000047683716,5920200,0.9279930591583252
2019-11-25,2.223076105117798,2.2769229412078857,2.2076919078826904,2.261538028717041,3614000,0.9539508819580078
2019-11-26,2.2538459300994873,2.2846150398254395,2.230768918991089,2.2384610176086426,10772710,0.9442166090011597
2019-11-27,2.230768918991089,2.2692298889160156,2.230768918991089,2.261538028717041,2455449,0.9539508819580078
2019-11-28,2.2384610176086426,2.2692298889160156,2.230768918991089,2.2538459300994873,3768358,0.9507061839103699
2019-11-29,2.2384610176086426,2.2769229412078857,2.2076919078826904,2.223076105117798,14165450,0.9377270936965942
2019-12-02,2.223076105117798,2.2538459300994873,2.215384006500244,2.215384006500244,3909945,0.9344825148582458
2019-12-03,2.230768918991089,2.2461531162261963,2.2076919078826904,2.2076919078826904,3634644,0.9312377572059631
2019-12-04,2.1769230365753174,2.2384610176086426,2.1769230365753174,2.184614896774292,4843822,0.9215036034584045
2019-12-05,2.2076919078826904,2.2384610176086426,2.200000047683716,2.223076105117798,3337916,0.9377270936965942
2019-12-06,2.223076105117798,2.2384610176086426,2.1923069953918457,2.200000047683716,6834100,0.9279930591583252
2019-12-09,2.215384006500244,2.223076105117798,2.1923069953918457,2.200000047683716,7246850,0.9279930591583252
2019-12-10,2.200000047683716,2.2076919078826904,2.184614896774292,2.1923069953918457,8730475,0.9247483015060425
2019-12-11,2.200000047683716,2.323076009750366,2.200000047683716,2.2384610176086426,14773874,0.9442166090011597
2019-12-12,2.261538028717041,2.261538028717041,2.230768918991089,2.2461531162261963,3167502,0.9474613070487976
2019-12-13,2.292306900024414,2.384614944458008,2.292306900024414,2.384614944458008,31596177,1.005866527557373
2019-12-16,2.384614944458008,2.4000000953674316,2.307692050933838,2.369230031967163,12143982,0.9993770122528076
2019-12-17,2.4000000953674316,2.461538076400757,2.376923084259033,2.453845977783203,10330351,1.035069227218628
2019-12-18,2.461538076400757,2.461538076400757,2.41538405418396,2.4307689666748047,4189953,1.0253349542617798
2019-12-19,2.4230759143829346,2.4307689666748047,2.3923070430755615,2.4307689666748047,5709971,1.0253349542617798
2019-12-20,2.4384610652923584,2.4846150875091553,2.384614944458008,2.4307689666748047,8069241,1.0253349542617798
2019-12-23,2.4076919555664062,2.4230759143829346,2.3615379333496094,2.384614944458008,4487223,1.005866527557373
2019-12-24,2.3538460731506348,2.384614944458008,2.3461530208587646,2.3615379333496094,2376908,0.9961323738098145
2019-12-27,2.4000000953674316,2.453845977783203,2.3923070430755615,2.4230759143829346,9720318,1.022089958190918
2019-12-30,2.41538405418396,2.453845977783203,2.3923070430755615,2.4307689666748047,5395601,1.0253349542617798
2019-12-31,2.446152925491333,2.461538076400757,2.4076919555664062,2.4307689666748047,3558100,1.0253349542617798
2020-01-02,2.4384610652923584,2.653846025466919,2.4384610652923584,2.653846025466919,24063812,1.1194324493408203
2020-01-03,2.6692299842834473,2.684614896774292,2.5,2.5153839588165283,13522359,1.0610268115997314
2020-01-06,2.5,2.530769109725952,2.461538076400757,2.5076920986175537,11727601,1.0577822923660278
2020-01-07,2.5,2.569230079650879,2.5,2.523076057434082,7071350,1.0642715692520142
2020-01-08,2.4692299365997314,2.49230694770813,2.41538405418396,2.446152925491333,9774286,1.0318242311477661
2020-01-09,2.49230694770813,2.5461530685424805,2.453845977783203,2.5461530685424805,10836516,1.0740058422088623
2020-01-10,2.5461530685424805,2.561537981033325,2.4769229888916016,2.5076920986175537,4875041,1.0577822923660278
2020-01-13,2.49230694770813,2.530769109725952,2.461538076400757,2.5153839588165283,9437795,1.0610268115997314
2020-01-14,2.523076057434082,2.57692289352417,2.5,2.5538458824157715,10774056,1.077250599861145
2020-01-15,2.5538458824157715,2.5538458824157715,2.4692299365997314,2.5153839588165283,6589233,1.0610268115997314
2020-01-16,2.530769109725952,2.530769109725952,2.461538076400757,2.4846150875091553,6148820,1.0480481386184692
2020-01-17,2.4846150875091553,2.4846150875091553,2.4230759143829346,2.446152925491333,8562882,1.0318242311477661
2020-01-20,2.446152925491333,2.461538076400757,2.4000000953674316,2.4230759143829346,4878032,1.022089958190918
2020-01-21,2.4000000953674316,2.4000000953674316,2.299999952316284,2.3153839111328125,12064000,0.9766640067100525
2020-01-22,2.3461530208587646,2.3538460731506348,2.2846150398254395,2.3461530208587646,4930900,0.9896427989006042
2020-01-23,2.3615379333496094,2.4000000953674316,2.299999952316284,2.323076009750366,11521575,0.9799085855484009
2020-01-24,2.3461530208587646,2.369230031967163,2.299999952316284,2.3615379333496094,2864550,0.9961323738098145
2020-01-29,2.261538028717041,2.261538028717041,2.1615378856658936,2.1769230365753174,12374481,0.9182589650154114
2020-01-30,2.1692299842834473,2.2076919078826904,2.1307690143585205,2.146152973175049,8821150,0.9052796959877014
2020-01-31,2.184614896774292,2.1923069953918457,2.153846025466919,2.153846025466919,7614750,0.9085246920585632
2020-02-03,2.146152973175049,2.146152973175049,2.0923070907592773,2.0999999046325684,11527835,0.8858116269111633
2020-02-04,2.1307690143585205,2.1615378856658936,2.0999999046325684,2.153846025466919,12461303,0.9085246920585632
2020-02-05,2.1615378856658936,2.1923069953918457,2.1307690143585205,2.146152973175049,5845486,0.9052796959877014
2020-02-06,2.184614896774292,2.215384006500244,2.153846025466919,2.2076919078826904,7495419,0.9312377572059631
2020-02-07,2.1923069953918457,2.1923069953918457,2.1230759620666504,2.153846025466919,15189430,0.9085246920585632
2020-02-10,2.146152973175049,2.146152973175049,2.115384101867676,2.138461112976074,7554300,0.9020350575447083
2020-02-11,2.138461112976074,2.215384006500244,2.138461112976074,2.200000047683716,8566238,0.9279930591583252
2020-02-12,2.200000047683716,2.2076919078826904,2.1615378856658936,2.1769230365753174,8903126,0.9182589650154114
2020-02-13,2.184614896774292,2.184614896774292,2.1230759620666504,2.153846025466919,13288648,0.9085246920585632
2020-02-14,2.138461112976074,2.146152973175049,2.115384101867676,2.138461112976074,11825568,0.9020350575447083
2020-02-17,2.1307690143585205,2.2076919078826904,2.1307690143585205,2.200000047683716,11875076,0.9279930591583252
2020-02-18,2.200000047683716,2.215384006500244,2.1769230365753174,2.2076919078826904,6446050,0.9312377572059631
2020-02-19,2.2076919078826904,2.215384006500244,2.1769230365753174,2.200000047683716,5405015,0.9279930591583252
2020-02-20,2.2076919078826904,2.2384610176086426,2.184614896774292,2.223076105117798,6858800,0.9377270936965942
2020-02-21,2.223076105117798,2.230768918991089,2.1692299842834473,2.1769230365753174,6441500,0.9182589650154114
2020-02-24,2.146152973175049,2.153846025466919,2.0999999046325684,2.107692003250122,14867594,0.8890562653541565
2020-02-25,2.0999999046325684,2.107692003250122,2.07692289352417,2.0846149921417236,11408022,0.8793219923973083
2020-02-26,2.069230079650879,2.1230759620666504,2.0538458824157715,2.069230079650879,10942100,0.8728324770927429
2020-02-27,2.0923070907592773,2.0999999046325684,2.061537981033325,2.07692289352417,7652060,0.8760774731636047
2020-02-28,2.0384609699249268,2.069230079650879,2.0,2.0,17378400,0.843630313873291
2020-03-02,2.0,2.0538458824157715,1.9846149682998657,2.0153839588165283,10548200,0.8501193523406982
2020-03-03,2.0384609699249268,2.061537981033325,1.9923069477081299,2.0,12034100,0.843630313873291
2020-03-04,2.0153839588165283,2.0153839588165283,1.9769229888916016,1.9846149682998657,11119644,0.8371405005455017
2020-03-05,1.9923069477081299,2.069230079650879,1.9769229888916016,2.061537981033325,8351200,0.869587779045105
2020-03-06,2.0461530685424805,2.061537981033325,1.9846149682998657,2.0,5047250,0.843630313873291
2020-03-09,1.9538459777832031,1.969230055809021,1.9307689666748047,1.9307689666748047,12250550,0.8144275546073914
2020-03-10,1.91538405418396,1.9615379571914673,1.9076919555664062,1.9384609460830688,12746500,0.8176721334457397
2020-03-11,1.969230055809021,2.0461530685424805,1.9461530447006226,1.9769229888916016,12115594,0.8338959217071533
2020-03-12,1.9538459777832031,1.969230055809021,1.8923070430755615,1.8923070430755615,13522618,0.7982036471366882
2020-03-13,1.7846150398254395,1.861538052558899,1.7307690382003784,1.8307689428329468,19393665,0.7722458839416504
2020-03-16,1.7999999523162842,1.8230760097503662,1.761538028717041,1.761538028717041,13898300,0.7430433034896851
2020-03-17,1.7538460493087769,1.7923070192337036,1.6692299842834473,1.7230759859085083,15749500,0.7268195748329163
2020-03-18,1.6923069953918457,1.807692050933838,1.6923069953918457,1.70769202709198,9569300,0.7203303575515747
2020-03-19,1.70769202709198,1.70769202709198,1.5692299604415894,1.6153839826583862,18275093,0.6813933849334717
2020-03-20,1.661538004875183,1.6923069953918457,1.6153839826583862,1.6461529731750488,11251433,0.6943721771240234
2020-03-23,1.607692003250122,1.6307690143585205,1.5615379810333252,1.5615379810333252,10487750,0.658680260181427
2020-03-24,1.5769230127334595,1.6307690143585205,1.5769230127334595,1.600000023841858,11499281,0.6749041080474854
2020-03-25,1.6461529731750488,1.6923069953918457,1.5769230127334595,1.600000023841858,29315473,0.6749041080474854
2020-03-26,1.607692003250122,1.6384609937667847,1.5769230127334595,1.6153839826583862,19394700,0.6813933849334717
2020-03-27,1.6307690143585205,1.6461529731750488,1.600000023841858,1.600000023841858,12017037,0.6749041080474854
2020-03-30,1.5769230127334595,1.5846149921417236,1.553846001625061,1.5692299604415894,8632650,0.6619249582290649
2020-03-31,1.5923069715499878,1.6461529731750488,1.5615379810333252,1.6461529731750488,21043100,0.6943721771240234
2020-04-01,1.653846025466919,1.653846025466919,1.5923069715499878,1.6153839826583862,7877136,0.6813933849334717
2020-04-02,1.6153839826583862,1.653846025466919,1.5923069715499878,1.653846025466919,7360600,0.69761723279953
2020-04-03,1.661538004875183,1.661538004875183,1.5923069715499878,1.6230759620666504,5539950,0.6846379041671753
2020-04-06,1.607692003250122,1.6230759620666504,1.5692299604415894,1.6230759620666504,8932300,0.6846379041671753
2020-04-07,1.6461529731750488,1.6846150159835815,1.6384609937667847,1.6769230365753174,11730550,0.7073515057563782
2020-04-08,1.6692299842834473,1.761538028717041,1.661538004875183,1.7307690382003784,13756600,0.7300645112991333
2020-04-09,1.761538028717041,1.7846150398254395,1.6846150159835815,1.70769202709198,12842583,0.7203303575515747
2020-04-14,1.70769202709198,1.70769202709198,1.653846025466919,1.6769230365753174,8554326,0.7073515057563782
2020-04-15,1.6769230365753174,1.7153840065002441,1.6307690143585205,1.653846025466919,8620582,0.69761723279953
2020-04-16,1.653846025466919,1.661538004875183,1.5846149921417236,1.5846149921417236,16204154,0.6684144735336304
2020-04-17,1.600000023841858,1.653846025466919,1.600000023841858,1.6307690143585205,8686354,0.6878829598426819
2020-04-20,1.6384609937667847,1.6692299842834473,1.6153839826583862,1.653846025466919,7564050,0.69761723279953
2020-04-21,1.6461529731750488,1.6692299842834473,1.600000023841858,1.607692003250122,5603770,0.6781487464904785
2020-04-22,1.5923069715499878,1.607692003250122,1.5846149921417236,1.607692003250122,4206055,0.6781487464904785
2020-04-23,1.600000023841858,1.6230759620666504,1.5846149921417236,1.607692003250122,7204944,0.6781487464904785
2020-04-24,1.600000023841858,1.6153839826583862,1.5846149921417236,1.5846149921417236,4806054,0.6684144735336304
2020-04-27,1.5846149921417236,1.6230759620666504,1.5846149921417236,1.600000023841858,5328297,0.6749041080474854
2020-04-28,1.6153839826583862,1.7307690382003784,1.600000023841858,1.70769202709198,11414000,0.7203303575515747
2020-04-29,1.70769202709198,1.7461529970169067,1.6923069953918457,1.7230759859085083,5977725,0.7268195748329163
2020-05-04,1.6846150159835815,1.6846150159835815,1.607692003250122,1.6384609937667847,9359038,0.6911276578903198
2020-05-05,1.661538004875183,1.661538004875183,1.607692003250122,1.607692003250122,3773250,0.6781487464904785
2020-05-06,1.6230759620666504,1.6692299842834473,1.607692003250122,1.6153839826583862,7459020,0.6813933849334717
2020-05-07,1.607692003250122,1.6307690143585205,1.5923069715499878,1.600000023841858,7735260,0.6749041080474854
2020-05-08,1.6153839826583862,1.6384609937667847,1.600000023841858,1.6384609937667847,6351800,0.6911276578903198
2020-05-11,1.661538004875183,1.6923069953918457,1.6461529731750488,1.661538004875183,6729494,0.7008618116378784
2020-05-12,1.653846025466919,1.6692299842834473,1.6230759620666504,1.661538004875183,6469860,0.7008618116378784
2020-05-13,1.661538004875183,1.661538004875183,1.6153839826583862,1.6153839826583862,6571188,0.6813933849334717
2020-05-14,1.607692003250122,1.6307690143585205,1.5615379810333252,1.600000023841858,11173853,0.6749041080474854
2020-05-15,1.5923069715499878,1.5923069715499878,1.5692299604415894,1.5846149921417236,6672250,0.6684144735336304
2020-05-18,1.5615379810333252,1.5846149921417236,1.5615379810333252,1.5615379810333252,7487350,0.658680260181427
2020-05-19,1.5846149921417236,1.6153839826583862,1.5692299604415894,1.5923069715499878,13266136,0.6716591119766235
2020-05-20,1.600000023841858,1.607692003250122,1.5769230127334595,1.600000023841858,4409600,0.6749041080474854
2020-05-21,1.6153839826583862,1.6153839826583862,1.5846149921417236,1.600000023841858,4029350,0.6749041080474854
2020-05-22,1.5769230127334595,1.5846149921417236,1.4923069477081299,1.5076919794082642,16001700,0.6359672546386719
2020-05-25,1.5076919794082642,1.5076919794082642,1.4769229888916016,1.4923069477081299,12361844,0.6294776201248169
2020-05-26,1.5076919794082642,1.5153839588165283,1.4769229888916016,1.4923069477081299,7577050,0.6294776201248169
2020-05-27,1.5076919794082642,1.5153839588165283,1.4769229888916016,1.5,4575192,0.6327226161956787
2020-05-28,1.4846149682998657,1.5076919794082642,1.4769229888916016,1.4846149682998657,6439737,0.6262331008911133
2020-05-29,1.4846149682998657,1.5153839588165283,1.4615379571914673,1.5076919794082642,12553024,0.6359672546386719
2020-06-01,1.523076057434082,1.600000023841858,1.523076057434082,1.5923069715499878,11293484,0.6716591119766235
2020-06-02,1.600000023841858,1.6384609937667847,1.5923069715499878,1.6230759620666504,8510443,0.6846379041671753
2020-06-03,1.6692299842834473,1.6692299842834473,1.607692003250122,1.6384609937667847,9497150,0.6911276578903198
2020-06-04,1.661538004875183,1.6769230365753174,1.6384609937667847,1.6769230365753174,12809063,0.7073515057563782
2020-06-05,1.661538004875183,1.7000000476837158,1.661538004875183,1.7000000476837158,10522850,0.7170857191085815
2020-06-08,1.70769202709198,1.7769229412078857,1.70769202709198,1.7461529970169067,11860725,0.7365537881851196
2020-06-09,1.7230759859085083,1.7692300081253052,1.7230759859085083,1.7384610176086426,6196720,0.7333090305328369
2020-06-10,1.7384610176086426,1.7461529970169067,1.7000000476837158,1.7153840065002441,4458278,0.7235748767852783
2020-06-11,1.7230759859085083,1.7230759859085083,1.6692299842834473,1.6692299842834473,5582337,0.704106330871582
2020-06-12,1.6384609937667847,1.6461529731750488,1.600000023841858,1.6153839826583862,7242717,0.6813933849334717
2020-06-15,1.6153839826583862,1.761538028717041,1.6153839826583862,1.7384610176086426,17187458,0.7333090305328369
2020-06-16,1.7692300081253052,1.7692300081253052,1.70769202709198,1.7230759859085083,6088036,0.7268195748329163
2020-06-17,1.7307690382003784,1.7461529970169067,1.7153840065002441,1.7384610176086426,4558760,0.7333090305328369
2020-06-18,1.7461529970169067,1.8230760097503662,1.7153840065002441,1.7923070192337036,13338663,0.7560221552848816
2020-06-19,1.8230760097503662,1.8461530208587646,1.7846150398254395,1.807692050933838,15715029,0.7625117897987366
2020-06-22,1.807692050933838,1.8230760097503662,1.7230759859085083,1.7538460493087769,9042872,0.7397987842559814
2020-06-23,1.7384610176086426,1.7461529970169067,1.7000000476837158,1.7153840065002441,3320336,0.7235748767852783
2020-06-24,1.7538460493087769,1.7846150398254395,1.7307690382003784,1.761538028717041,4925870,0.7430433034896851
2020-06-26,1.761538028717041,1.761538028717041,1.7230759859085083,1.7230759859085083,3007550,0.7268195748329163
2020-06-29,1.7461529970169067,1.7461529970169067,1.6846150159835815,1.6923069953918457,8437993,0.7138406038284302
2020-06-30,1.6846150159835815,1.7230759859085083,1.6846150159835815,1.7153840065002441,3582883,0.7235748767852783
2020-07-02,1.70769202709198,1.7999999523162842,1.70769202709198,1.7999999523162842,13284050,0.7592670321464539
2020-07-03,1.807692050933838,1.9769229888916016,1.807692050933838,1.9538459777832031,28311058,0.8241616487503052
2020-07-06,1.9615379571914673,2.200000047683716,1.9615379571914673,2.184614896774292,36757383,0.9215036034584045
2020-07-07,2.230768918991089,2.2692298889160156,2.061537981033325,2.07692289352417,23991949,0.8760774731636047
2020-07-08,2.107692003250122,2.307692050933838,2.0538458824157715,2.2461531162261963,39370953,0.9474613070487976
2020-07-09,2.2461531162261963,2.2769229412078857,2.1769230365753174,2.215384006500244,17066340,0.9344825148582458
2020-07-10,2.215384006500244,2.215384006500244,2.0461530685424805,2.0461530685424805,21173922,0.8630982637405396
2020-07-13,2.069230079650879,2.2076919078826904,2.069230079650879,2.1615378856658936,17834677,0.9117693305015564
2020-07-14,2.1615378856658936,2.1692299842834473,2.061537981033325,2.0999999046325684,7769580,0.8858116269111633
2020-07-15,2.153846025466919,2.1615378856658936,2.0923070907592773,2.138461112976074,12808642,0.9020350575447083
2020-07-16,2.1230759620666504,2.138461112976074,2.0,2.023076057434082,10068877,0.8533639907836914
2020-07-17,2.023076057434082,2.0846149921417236,2.0153839588165283,2.0461530685424805,13659490,0.8630982637405396
2020-07-20,2.069230079650879,2.215384006500244,2.023076057434082,2.2076919078826904,17311255,0.9312377572059631
2020-07-21,2.1692299842834473,2.2384610176086426,2.1692299842834473,2.2076919078826904,15126233,0.9312377572059631
2020-07-22,2.1923069953918457,2.2461531162261963,2.153846025466919,2.1692299842834473,17520666,0.9150139689445496
2020-07-23,2.223076105117798,2.223076105117798,2.030769109725952,2.0846149921417236,28467075,0.8793219923973083
2020-07-24,2.0846149921417236,2.1230759620666504,2.0538458824157715,2.07692289352417,13449061,0.8760774731636047
2020-07-27,2.07692289352417,2.0923070907592773,2.0384609699249268,2.0538458824157715,8135813,0.8663432002067566
2020-07-28,2.0538458824157715,2.0923070907592773,2.0153839588165283,2.023076057434082,16679377,0.8533639907836914
2020-07-29,2.030769109725952,2.1769230365753174,2.023076057434082,2.153846025466919,31025150,0.9085246920585632
2020-07-30,2.1230759620666504,2.200000047683716,2.1230759620666504,2.184614896774292,10067850,0.9215036034584045
2020-07-31,2.215384006500244,2.323076009750366,2.1307690143585205,2.2461531162261963,35160739,0.9474613070487976
2020-08-03,2.2846150398254395,2.523076057434082,2.2846150398254395,2.4846150875091553,71141527,1.0480481386184692
2020-08-04,2.5076920986175537,2.523076057434082,2.4307689666748047,2.4692299365997314,38083500,1.0415585041046143
2020-08-05,2.5,2.5,2.4076919555664062,2.453845977783203,21157354,1.035069227218628
2020-08-06,2.4384610652923584,2.5,2.3923070430755615,2.5,22188940,1.0545378923416138
2020-08-07,2.49230694770813,2.5538458824157715,2.461538076400757,2.523076057434082,33694050,1.0642715692520142
2020-08-10,2.530769109725952,2.7538459300994873,2.5076920986175537,2.723076105117798,68460762,1.148634672164917
2020-08-11,2.7692298889160156,2.946152925491333,2.7538459300994873,2.8461530208587646,73490909,1.2005503177642822
2020-08-12,2.8461530208587646,2.953845977783203,2.7692298889160156,2.9307689666748047,39441704,1.236242651939392
2020-08-13,2.946152925491333,2.961538076400757,2.8461530208587646,2.869230031967163,15978976,1.21028470993042
2020-08-14,2.876923084259033,2.99230694770813,2.869230031967163,2.9692299365997314,31723287,1.2524662017822266
2020-08-17,3.0,3.1923069953918457,2.953845977783203,3.0,44101726,1.2654452323913574
2020-08-18,3.0538458824157715,3.0538458824157715,2.8923070430755615,2.91538405418396,27184287,1.2297531366348267
2020-08-19,3.030769109725952,3.0923070907592773,2.9230759143829346,3.07692289352417,22281577,1.297892451286316
2020-08-20,3.023076057434082,3.0384609699249268,2.8461530208587646,2.9076919555664062,36626075,1.226508378982544
2020-08-21,2.9000000953674316,3.0384609699249268,2.876923084259033,2.9846150875091553,24187716,1.258955717086792
2020-08-24,2.9769229888916016,2.99230694770813,2.8461530208587646,2.8923070430755615,15915575,1.220018744468689
2020-08-25,2.9000000953674316,2.99230694770813,2.8538460731506348,2.9692299365997314,27099150,1.2524662017822266
2020-08-26,2.9769229888916016,3.0,2.91538405418396,2.9769229888916016,10528750,1.2557110786437988
2020-08-27,2.961538076400757,2.9769229888916016,2.8615379333496094,2.953845977783203,10837707,1.2459766864776611
2020-08-28,2.9230759143829346,3.0538458824157715,2.9076919555664062,2.99230694770813,18188237,1.2622002363204956
2020-08-31,3.0384609699249268,3.200000047683716,2.99230694770813,2.99230694770813,50169327,1.2622002363204956
2020-09-01,2.99230694770813,3.07692289352417,2.99230694770813,3.023076057434082,21526351,1.2751790285110474
2020-09-02,3.0076920986175537,3.115384101867676,2.9692299365997314,2.99230694770813,24910193,1.2622002363204956
2020-09-03,3.0,3.153846025466919,2.9846150875091553,3.0846149921417236,47554835,1.3011372089385986
2020-09-04,3.0384609699249268,3.0538458824157715,3.0,3.023076057434082,16210143,1.2751790285110474
2020-09-07,3.0846149921417236,3.292306900024414,3.069230079650879,3.292306900024414,52857691,1.3887447118759155
2020-09-08,3.3307690620422363,3.3461530208587646,3.1923069953918457,3.230768918991089,31227814,1.362787127494812
2020-09-09,3.146152973175049,3.4076919555664062,3.061537981033325,3.4076919555664062,50226302,1.4374159574508667
2020-09-10,3.4000000953674316,3.453845977783203,3.3153839111328125,3.3923070430755615,33408640,1.4309260845184326
2020-09-11,3.4000000953674316,3.41538405418396,3.030769109725952,3.069230079650879,60182398,1.2946475744247437
2020-09-14,3.0923070907592773,3.107692003250122,2.761538028717041,2.761538028717041,108995250,1.164858341217041
2020-09-15,2.7769229412078857,2.884614944458008,2.761538028717041,2.8461530208587646,40347476,1.2005503177642822
2020-09-16,2.8615379333496094,2.9230759143829346,2.8307690620422363,2.91538405418396,32168971,1.2297531366348267
2020-09-17,2.9384610652923584,2.9384610652923584,2.8153839111328125,2.869230031967163,14297453,1.21028470993042
2020-09-18,2.869230031967163,2.9230759143829346,2.8461530208587646,2.91538405418396,21185086,1.2297531366348267
2020-09-21,2.9230759143829346,2.9230759143829346,2.7769229412078857,2.799999952316284,19073860,1.1810822486877441
2020-09-22,2.761538028717041,2.7846150398254395,2.646152973175049,2.7384610176086426,19635271,1.155124306678772
2020-09-23,2.799999952316284,2.8923070430755615,2.7538459300994873,2.838460922241211,23573868,1.197305679321289
2020-09-24,2.838460922241211,2.838460922241211,2.6692299842834473,2.7384610176086426,12836200,1.155124306678772
2020-09-25,2.807692050933838,2.884614944458008,2.700000047683716,2.7384610176086426,10803438,1.155124306678772
2020-09-28,2.715384006500244,2.8538460731506348,2.6769230365753174,2.807692050933838,11205350,1.1843268871307373
2020-09-29,2.8538460731506348,2.961538076400757,2.8307690620422363,2.8923070430755615,16724541,1.220018744468689
2020-09-30,2.9384610652923584,2.9769229888916016,2.838460922241211,2.91538405418396,15229710,1.2297531366348267
2020-10-05,2.9230759143829346,3.1230759620666504,2.884614944458008,3.115384101867676,21577957,1.3141160011291504
2020-10-06,3.115384101867676,3.2076919078826904,3.069230079650879,3.138461112976074,16573700,1.323850393295288
2020-10-07,3.146152973175049,3.200000047683716,3.115384101867676,3.1769230365753174,13832083,1.340074062347412
2020-10-08,3.1769230365753174,3.292306900024414,3.115384101867676,3.2846150398254395,19580506,1.3855003118515015
2020-10-09,3.307692050933838,3.338460922241211,3.138461112976074,3.215384006500244,24238500,1.356297492980957
2020-10-12,3.215384006500244,3.261538028717041,3.1923069953918457,3.200000047683716,28271458,1.3498082160949707
2020-10-14,3.223076105117798,3.323076009750366,3.2076919078826904,3.323076009750366,31853078,1.4017236232757568
2020-10-15,3.323076009750366,3.3615379333496094,3.2461531162261963,3.338460922241211,17851722,1.4082132577896118
2020-10-16,3.369230031967163,3.4230759143829346,3.299999952316284,3.4230759143829346,30224460,1.4439051151275635
2020-10-19,3.4230759143829346,3.461538076400757,3.292306900024414,3.299999952316284,16690514,1.3919895887374878
2020-10-20,3.307692050933838,3.3307690620422363,3.200000047683716,3.2846150398254395,14821102,1.3855003118515015
2020-10-21,3.2846150398254395,3.307692050933838,3.2461531162261963,3.292306900024414,9666150,1.3887447118759155
2020-10-22,3.2846150398254395,3.4000000953674316,3.261538028717041,3.307692050933838,14753700,1.39523446559906
2020-10-23,3.323076009750366,3.5846149921417236,3.299999952316284,3.569230079650879,53833235,1.5055551528930664
2020-10-27,3.5846149921417236,3.638461112976074,3.446152925491333,3.615384101867676,39021630,1.5250235795974731
2020-10-28,3.638461112976074,3.7076919078826904,3.5384609699249268,3.6923069953918457,32901120,1.5574710369110107
2020-10-29,3.5846149921417236,3.823076009750366,3.5846149921417236,3.7384610176086426,38336249,1.5769392251968384
2020-10-30,3.7692298889160156,3.953845977783203,3.7384610176086426,3.807692050933838,59918248,1.6061418056488037
2020-11-02,3.961538076400757,4.0,3.6230759620666504,3.730768918991089,48799969,1.5736947059631348
2020-11-03,3.730768918991089,4.115384101867676,3.6923069953918457,4.099999904632568,58565991,1.7294420003890991
2020-11-04,4.030768871307373,4.184615135192871,4.007691860198975,4.099999904632568,31896924,1.7294420003890991
2020-11-05,4.15384578704834,4.5,4.15384578704834,4.5,49450354,1.8981678485870361
2020-11-06,4.569230079650879,4.692306995391846,4.376923084259033,4.5,61764688,1.8981678485870361
2020-11-09,4.607691764831543,5.092307090759277,4.607691764831543,4.907691955566406,100459166,2.070138454437256
2020-11-10,5.030768871307373,5.138461112976074,4.7846150398254395,4.907691955566406,63784567,2.070138454437256
2020-11-11,4.8461527824401855,4.8461527824401855,4.238461017608643,4.338460922241211,92827231,1.8300281763076782
2020-11-12,4.415383815765381,4.607691764831543,4.400000095367432,4.584615230560303,35017184,1.933859944343567
2020-11-13,4.692306995391846,4.7846150398254395,4.530768871307373,4.7846150398254395,66528035,2.0182230472564697
2020-11-16,4.946153163909912,5.084615230560303,4.62307596206665,4.861537933349609,57112250,2.0506699085235596
2020-11-17,4.861537933349609,5.2846150398254395,4.807692050933838,5.223075866699219,67755326,2.203172445297241
2020-11-18,5.199999809265137,5.384614944458008,5.092307090759277,5.323075771331787,60095954,2.2453536987304688
2020-11-19,5.3461527824401855,5.384614944458008,5.246152877807617,5.3461527824401855,34798896,2.2550878524780273
2020-11-20,5.361537933349609,5.861537933349609,5.361537933349609,5.769229888916016,86812035,2.4335479736328125
2020-11-23,5.823075771331787,6.276923179626465,5.8153839111328125,6.12307596206665,115130774,2.58280611038208
2020-11-24,6.115384101867676,6.223075866699219,5.907691955566406,6.130768775939941,39113963,2.586050510406494
2020-11-25,6.230769157409668,6.438460826873779,5.853846073150635,5.946153163909912,47953206,2.5081775188446045
2020-11-26,5.961537837982178,6.092307090759277,5.7076921463012695,5.976922988891602,38772565,2.5211563110351562
2020-11-27,5.923076152801514,5.961537837982178,5.538461208343506,5.715384006500244,53481285,2.4108352661132812
2020-11-30,5.715384006500244,6.0538458824157715,5.57692289352417,5.57692289352417,62498845,2.352430582046509
2020-12-01,5.57692289352417,5.807692050933838,5.415383815765381,5.746152877807617,50684176,2.423813819885254
2020-12-02,5.65384578704834,5.753846168518066,5.5,5.584615230560303,29086241,2.355674982070923
2020-12-03,5.584615230560303,5.715384006500244,5.515384197235107,5.5538458824157715,18081294,2.342695951461792
2020-12-04,5.684615135192871,5.7846150398254395,5.561538219451904,5.746152877807617,29687125,2.423813819885254
2020-12-07,5.8153839111328125,5.830769062042236,5.292306900024414,5.453845977783203,45572046,2.3005146980285645
2020-12-08,5.453845977783203,5.561538219451904,5.392306804656982,5.515384197235107,27586910,2.326472520828247
2020-12-09,5.5461530685424805,5.62307596206665,5.376923084259033,5.400000095367432,40441963,2.277801275253296
2020-12-10,5.3461527824401855,5.699999809265137,5.3461527824401855,5.530768871307373,45299094,2.3329617977142334
2020-12-11,5.65384578704834,5.65384578704834,5.069230079650879,5.292306900024414,51202625,2.232374906539917
2020-12-14,5.230769157409668,5.330769062042236,5.12307596206665,5.2076921463012695,36257650,2.196683168411255
2020-12-15,5.246152877807617,5.792306900024414,5.246152877807617,5.738461017608643,55993395,2.42056941986084
2020-12-16,5.800000190734863,5.884614944458008,5.661538124084473,5.853846073150635,37253307,2.469241142272949
2020-12-17,5.861537933349609,6.161538124084473,5.7846150398254395,6.15384578704834,50017103,2.595784902572632
2020-12-18,6.15384578704834,6.269229888916016,6.084615230560303,6.223075866699219,36914092,2.6249871253967285
2020-12-21,6.292306900024414,6.538461208343506,6.261538028717041,6.407691955566406,39695073,2.7028613090515137
2020-12-22,6.3461527824401855,6.3461527824401855,5.823075771331787,5.892306804656982,41531735,2.485463857650757
2020-12-23,5.861537933349609,6.369229793548584,5.861537933349609,6.292306900024414,37607241,2.6541900634765625
2020-12-24,6.353846073150635,6.353846073150635,6.353846073150635,6.353846073150635,0,2.680148124694824
2020-12-28,6.961537837982178,7.223075866699219,6.8153839111328125,7.038461208343506,69673620,2.9689295291900635
2020-12-29,7.0461530685424805,7.184615135192871,6.823075771331787,7.030768871307373,38289901,2.965684413909912
2020-12-30,7.176922798156738,7.384614944458008,6.753846168518066,6.838460922241211,57339209,2.884566068649292
2020-12-31,7.092307090759277,7.092307090759277,7.092307090759277,7.092307090759277,0,2.991642475128174
2021-01-04,7.176922798156738,7.8461527824401855,7.176922798156738,7.800000190734863,66795883,3.2901580333709717
2021-01-05,7.892306804656982,8.061537742614746,7.684615135192871,8.0,42304375,3.374521255493164
2021-01-06,8.138461112976074,8.30769157409668,7.923076152801514,8.15384578704834,49890527,3.4394147396087646
2021-01-07,8.138461112976074,8.461538314819336,7.9692301750183105,8.04615306854248,59953071,3.393989086151123
2021-01-08,8.030769348144531,8.384614944458008,7.800000190734863,8.353845596313477,55628556,3.523777723312378
2021-01-11,8.55384635925293,8.676922798156738,7.892306804656982,7.9692301750183105,62509309,3.361541986465454
2021-01-12,8.30769157409668,8.30769157409668,7.769229888916016,7.953845977783203,60393162,3.3550522327423096
2021-01-13,7.9692301750183105,8.661538124084473,7.9692301750183105,8.600000381469727,72848722,3.6276092529296875
2021-01-14,8.615384101867676,8.800000190734863,7.8153839111328125,7.861537933349609,68009578,3.316115140914917
2021-01-15,7.8461527824401855,8.0,7.253846168518066,7.800000190734863,85607705,3.2901580333709717
2021-01-18,7.953845977783203,8.384614944458008,7.530768871307373,8.384614944458008,56456727,3.536757230758667
2021-01-19,8.384614944458008,8.384614944458008,7.461537837982178,7.615384101867676,91807146,3.2122836112976074
2021-01-20,7.723075866699219,7.938460826873779,7.4692301750183105,7.638461112976074,60034773,3.222017526626587
2021-01-21,7.669229984283447,8.123076438903809,7.561538219451904,7.8153839111328125,62567528,3.2966465950012207
2021-01-22,7.830769062042236,8.199999809265137,7.723075866699219,8.0,54654408,3.374521255493164
2021-01-25,7.830769062042236,7.984614849090576,7.615384101867676,7.676922798156738,51308175,3.2382421493530273
2021-01-26,7.630768775939941,7.8153839111328125,6.976922988891602,7.092307090759277,74645730,2.991642475128174
2021-01-27,7.115384101867676,7.192306995391846,6.538461208343506,6.946153163909912,72731252,2.929992198944092
2021-01-28,6.738461017608643,6.807692050933838,6.300000190734863,6.384614944458008,90052296,2.693126916885376
2021-01-29,6.561538219451904,6.561538219451904,5.869229793548584,6.038461208343506,108772176,2.547114133834839
2021-02-01,5.730769157409668,6.369229793548584,5.57692289352417,6.192306995391846,81256355,2.612008810043335
2021-02-02,6.238461017608643,6.523076057434082,5.984614849090576,6.084615230560303,68469319,2.566582441329956
2021-02-03,6.199999809265137,6.276923179626465,5.769229888916016,6.130768775939941,79065243,2.586050510406494
2021-02-04,6.2846150398254395,6.2846150398254395,5.438460826873779,5.507691860198975,84672113,2.323227643966675
2021-02-05,5.415383815765381,5.830769062042236,5.407691955566406,5.769229888916016,56800757,2.4335479736328125
2021-02-08,5.884614944458008,5.953845977783203,5.530768871307373,5.761538028717041,46567388,2.4303038120269775
2021-02-09,5.823075771331787,5.823075771331787,5.515384197235107,5.723075866699219,37802224,2.4140799045562744
2021-02-10,5.746152877807617,6.0,5.723075866699219,5.976922988891602,34024250,2.5211563110351562
2021-02-11,5.892306804656982,5.892306804656982,5.892306804656982,5.892306804656982,0,2.485463857650757
2021-02-16,6.015384197235107,6.65384578704834,5.923076152801514,6.65384578704834,69560587,2.806692600250244
2021-02-17,6.807692050933838,6.953845977783203,6.5538458824157715,6.646152973175049,51472590,2.803447723388672
2021-02-18,6.676922798156738,7.169229984283447,6.669229984283447,6.792306900024414,88971040,2.865097761154175
2021-02-19,6.907691955566406,6.984614849090576,6.353846073150635,6.938460826873779,68381635,2.9267473220825195
2021-02-22,7.023076057434082,7.569230079650879,6.961537837982178,7.276923179626465,88761878,3.0695159435272217
2021-02-23,7.146152973175049,7.4692301750183105,6.930768966674805,7.0,47870413,2.9527053833007812
2021-02-24,7.0,7.3461527824401855,6.661538124084473,6.776923179626465,64707470,2.8586082458496094
2021-02-25,7.061538219451904,7.307692050933838,6.723075866699219,7.276923179626465,50531975,3.0695159435272217
2021-02-26,6.907691955566406,7.146152973175049,6.607691764831543,6.630768775939941,66184006,2.7969586849212646
2021-03-01,6.8461527824401855,7.146152973175049,6.738461017608643,7.107691764831543,36053418,2.99813175201416
2021-03-02,7.223075866699219,7.253846168518066,6.223075866699219,6.369229793548584,79784879,2.6866374015808105
2021-03-03,6.5,6.761538028717041,6.338460922241211,6.723075866699219,28919324,2.8358945846557617
2021-03-04,6.615384101867676,6.676922798156738,6.300000190734863,6.415383815765381,49131564,2.706106185913086
2021-03-05,6.2846150398254395,6.392306804656982,6.0,6.353846073150635,39749507,2.680148124694824
2021-03-08,6.523076057434082,6.57692289352417,5.415383815765381,5.430768966674805,116864185,2.2907803058624268
2021-03-09,5.738461017608643,6.038461208343506,5.453845977783203,5.5461530685424805,128737918,2.3394508361816406
2021-03-10,5.8461527824401855,5.9692301750183105,5.584615230560303,5.615384101867676,67673135,2.3686537742614746
2021-03-11,5.753846168518066,6.2846150398254395,5.676922798156738,6.253846168518066,71923842,2.6379661560058594
2021-03-12,6.307692050933838,6.57692289352417,6.130768775939941,6.223075866699219,42588097,2.6249871253967285
2021-03-15,6.415383815765381,6.515384197235107,6.169229984283447,6.292306900024414,34867414,2.6541900634765625
2021-03-16,6.423076152801514,6.807692050933838,6.230769157409668,6.807692050933838,78513293,2.8715875148773193
2021-03-17,6.8461527824401855,7.530768871307373,6.646152973175049,7.515384197235107,111157976,3.170102119445801
2021-03-18,7.538461208343506,7.984614849090576,7.538461208343506,7.923076152801514,82430761,3.342073678970337
2021-03-19,7.907691955566406,8.230769157409668,7.5461530685424805,7.7076921463012695,85902980,3.251220703125
2021-03-22,7.861537933349609,8.30769157409668,7.599999904632568,7.630768775939941,78091115,3.21877384185791
2021-03-23,7.8461527824401855,7.861537933349609,7.061538219451904,7.169229984283447,55424406,3.0240893363952637
2021-03-24,7.069230079650879,7.069230079650879,6.292306900024414,6.530768871307373,106175539,2.754776954650879
2021-03-25,6.57692289352417,7.023076057434082,6.3153839111328125,6.792306900024414,94711202,2.865097761154175
2021-03-26,6.938460826873779,7.523076057434082,6.884614944458008,7.269229888916016,89884275,3.0662708282470703
2021-03-29,7.538461208343506,7.607691764831543,6.938460826873779,7.15384578704834,71136604,3.0176002979278564
2021-03-30,7.161538124084473,7.300000190734863,7.023076057434082,7.253846168518066,48575194,3.059782028198242
2021-03-31,7.384614944458008,7.8461527824401855,6.8461527824401855,7.692306995391846,98483876,3.2447314262390137
2021-04-01,7.892306804656982,8.338460922241211,7.684615135192871,8.138461112976074,81270020,3.4329257011413574
2021-04-07,9.353845596313477,10.584614753723145,9.353845596313477,10.507692337036133,246048348,4.432303428649902
2021-04-08,10.384614944458008,10.384614944458008,9.292306900024414,9.523076057434082,156354539,4.016977310180664
2021-04-09,9.507692337036133,10.138461112976074,9.446152687072754,9.661538124084473,87781077,4.075382232666016
2021-04-12,9.830768585205078,9.830768585205078,8.784614562988281,9.230769157409668,93180092,3.893677234649658
2021-04-13,9.199999809265137,9.246152877807617,8.70769214630127,8.769229888916016,80241998,3.698993444442749
2021-04-14,8.830768585205078,8.969229698181152,8.600000381469727,8.738460540771484,58404678,3.6860148906707764
2021-04-15,8.784614562988281,9.138461112976074,8.723075866699219,8.815383911132812,56346533,3.7184622287750244
2021-04-16,8.89230728149414,9.523076057434082,8.784614562988281,9.292306900024414,77470889,3.919635057449341
2021-04-19,9.369230270385742,9.538460731506348,9.138461112976074,9.338460922241211,41857003,3.939103364944458
2021-04-20,9.430768966674805,9.753846168518066,9.215383529663086,9.338460922241211,55243340,3.939103364944458
2021-04-21,9.15384578704834,9.523076057434082,8.938461303710938,9.338460922241211,48420893,3.939103364944458
2021-04-22,9.49230670928955,10.276923179626465,9.461538314819336,10.184615135192871,110838007,4.296024322509766
2021-04-23,10.076923370361328,10.369230270385742,9.89230728149414,10.30769157409668,56470124,4.347939491271973
2021-04-26,10.384614944458008,10.969229698181152,10.30769157409668,10.461538314819336,95131537,4.412834644317627
2021-04-27,10.676922798156738,11.261537551879883,10.569230079650879,11.261537551879883,90506510,4.75028657913208
2021-04-28,11.323076248168945,11.415384292602539,10.600000381469727,10.769229888916016,79408808,4.542623519897461
2021-04-29,10.723075866699219,11.261537551879883,10.523076057434082,11.15384578704834,56725994,4.704861164093018
2021-04-30,11.138461112976074,11.276923179626465,10.615384101867676,10.692307472229004,46174830,4.510176658630371
2021-05-03,10.86153793334961,11.846153259277344,10.692307472229004,11.846153259277344,70874588,4.99688720703125
2021-05-04,11.969229698181152,12.984615325927734,11.476922988891602,12.615384101867676,99686494,5.321359157562256
2021-05-05,12.600000381469727,13.276923179626465,12.246152877807617,13.230769157409668,86694905,5.580938339233398
2021-05-06,13.15384578704834,13.15384578704834,12.507692337036133,13.15384578704834,99880405,5.548490524291992
2021-05-07,13.384614944458008,14.276923179626465,12.630768775939941,12.70769214630127,230866802,5.360296249389648
2021-05-10,13.0,13.738460540771484,12.507692337036133,13.692307472229004,116396352,5.7756218910217285
2021-05-11,13.276923179626465,13.538460731506348,11.923075675964355,12.430768966674805,144701528,5.243486404418945
2021-05-12,12.415384292602539,12.769229888916016,11.692307472229004,12.215383529663086,95937987,5.152632713317871
2021-05-13,11.769229888916016,12.676922798156738,11.692307472229004,12.04615306854248,67225169,5.081249713897705
2021-05-14,12.399999618530273,12.676922798156738,11.723075866699219,12.415384292602539,97731948,5.236996650695801
2021-05-17,12.769229888916016,13.55384635925293,12.55384635925293,13.15384578704834,117949275,5.548490524291992
2021-05-18,13.415384292602539,13.830768585205078,13.261537551879883,13.753846168518066,88711074,5.80157995223999
2021-05-20,13.523076057434082,13.523076057434082,12.261537551879883,12.615384101867676,109407092,5.321359157562256
2021-05-21,12.753846168518066,13.55384635925293,12.584614753723145,13.230769157409668,95482890,5.580938339233398
2021-05-24,13.415384292602539,13.461538314819336,12.415384292602539,12.753846168518066,82640486,5.379764556884766
2021-05-25,12.800000190734863,12.86153793334961,11.86153793334961,12.30769157409668,89413409,5.191569805145264
2021-05-26,12.076923370361328,12.292306900024414,11.246152877807617,11.538460731506348,145929538,4.867096900939941
2021-05-27,11.630768775939941,12.138461112976074,11.49230670928955,11.953845977783203,93436244,5.0423126220703125
2021-05-28,12.15384578704834,12.692307472229004,12.030769348144531,12.476922988891602,104672620,5.2629547119140625
2021-05-31,12.692307472229004,12.784614562988281,12.230769157409668,12.569230079650879,46779915,5.301890850067139
2021-06-01,12.615384101867676,12.815383911132812,12.076923370361328,12.49230670928955,99385565,5.269443035125732
2021-06-02,12.538460731506348,13.15384578704834,12.0,12.076923370361328,127976560,5.094228744506836
2021-06-03,12.246152877807617,12.323076248168945,11.723075866699219,11.86153793334961,93741818,5.00337553024292
2021-06-04,11.89230728149414,12.276923179626465,11.676922798156738,12.276923179626465,79391897,5.178591251373291
2021-06-07,12.476922988891602,12.923075675964355,12.30769157409668,12.830768585205078,89041574,5.412212371826172
2021-06-08,12.953845977783203,13.215383529663086,12.723075866699219,13.107691764831543,94238820,5.529021739959717
2021-06-09,13.15384578704834,13.276923179626465,12.600000381469727,13.230769157409668,89790746,5.580938339233398
2021-06-10,13.338460922241211,15.061537742614746,13.276923179626465,14.769229888916016,251845973,6.229884147644043
2021-06-11,15.01538372039795,15.199999809265137,14.523076057434082,14.738460540771484,100833380,6.216905117034912
2021-06-15,14.692307472229004,15.65384578704834,14.569230079650879,15.353845596313477,84830158,6.476484298706055
2021-06-16,15.353845596313477,15.384614944458008,14.399999618530273,14.49230670928955,69687413,6.113073825836182
2021-06-17,14.615384101867676,15.769229888916016,14.538460731506348,15.384614944458008,120008003,6.489462852478027
2021-06-18,15.5,15.692307472229004,15.01538372039795,15.576923370361328,90666507,6.570581912994385
2021-06-21,15.323076248168945,15.323076248168945,14.738460540771484,15.01538372039795,68004372,6.33371639251709
2021-06-22,15.338460922241211,15.538460731506348,14.969229698181152,15.123076438903809,55546153,6.379141330718994
2021-06-23,15.230769157409668,16.153846740722656,14.276923179626465,14.507692337036133,167831565,6.119564056396484
2021-06-24,14.646153450012207,14.738460540771484,14.076923370361328,14.215383529663086,93053935,5.99626350402832
2021-06-25,14.569230079650879,15.04615306854248,14.476922988891602,15.0,94582072,6.327226638793945
2021-06-28,15.215383529663086,15.5,14.876922607421875,15.092307090759277,37728568,6.366162300109863
2021-06-29,15.030769348144531,15.030769348144531,14.215383529663086,14.446152687072754,115980709,6.09360408782959
2021-06-30,14.615384101867676,15.184615135192871,14.538460731506348,15.04615306854248,68706899,6.346694469451904
2021-07-02,15.0,15.5,14.615384101867676,15.423075675964355,83206319,6.505685806274414
2021-07-05,15.30769157409668,15.80769157409668,14.784614562988281,15.0,120648106,6.327226638793945
2021-07-06,15.260000228881836,16.440000534057617,15.119999885559082,15.899999618530273,81904482,6.706860065460205
2021-07-07,16.399999618530273,17.479999542236328,15.760000228881836,17.459999084472656,99769024,7.364891529083252
2021-07-08,16.760000228881836,17.31999969482422,16.200000762939453,16.239999771118164,152032470,6.850278377532959
2021-07-09,15.84000015258789,16.0,14.199999809265137,14.5,180538448,6.11631965637207
2021-07-12,15.020000457763672,15.100000381469727,14.399999618530273,14.479999542236328,58091362,6.107882022857666
2021-07-13,14.699999809265137,15.220000267028809,14.5600004196167,14.819999694824219,58607954,6.251299858093262
2021-07-14,14.800000190734863,14.979999542236328,13.819999694824219,13.819999694824219,82962991,5.829483985900879
2021-07-15,13.979999542236328,14.0,12.5,13.65999984741211,142671485,5.761993885040283
2021-07-16,13.84000015258789,14.199999809265137,13.619999885559082,13.899999618530273,54794788,5.863228797912598
2021-07-19,13.65999984741211,14.65999984741211,13.5,14.020000457763672,58979377,5.913846969604492
2021-07-20,13.960000038146973,14.039999961853027,13.239999771118164,13.399999618530273,44174534,5.652321815490723
2021-07-21,13.579999923706055,13.760000228881836,12.899999618530273,13.119999885559082,49273943,5.534214496612549
2021-07-22,13.359999656677246,13.979999542236328,13.319999694824219,13.520000457763672,61445138,5.702940464019775
2021-07-23,13.720000267028809,13.720000267028809,12.5,12.579999923706055,71470946,5.30643367767334
2021-07-26,12.399999618530273,13.0,12.140000343322754,12.479999542236328,49666664,5.264252185821533
2021-07-27,12.699999809265137,12.859999656677246,11.039999961853027,11.420000076293945,77349801,4.817128658294678
2021-07-28,11.619999885559082,12.260000228881836,11.220000267028809,12.180000305175781,89018343,5.137707710266113
2021-07-29,12.600000381469727,12.720000267028809,11.920000076293945,12.039999961853027,75911654,5.078653812408447
2021-07-30,12.140000343322754,12.220000267028809,11.220000267028809,11.699999809265137,93218483,4.935236930847168
2021-08-02,11.979999542236328,12.84000015258789,11.520000457763672,12.819999694824219,83839163,5.407669544219971
2021-08-03,12.819999694824219,13.680000305175781,12.4399995803833,13.239999771118164,86467507,5.584831714630127
2021-08-04,13.239999771118164,13.720000267028809,13.020000457763672,13.15999984741211,52714745,5.55108642578125
2021-08-05,13.15999984741211,13.399999618530273,12.65999984741211,12.859999656677246,48304518,5.424542427062988
2021-08-06,13.119999885559082,13.539999961853027,12.819999694824219,13.479999542236328,55178350,5.686066627502441
2021-08-09,13.479999542236328,14.0,13.279999732971191,13.300000190734863,57567562,5.610140323638916
2021-08-10,13.4399995803833,13.699999809265137,13.199999809265137,13.699999809265137,49983630,5.778866291046143
2021-08-11,13.699999809265137,14.220000267028809,13.65999984741211,13.899999618530273,59644753,5.863228797912598
2021-08-12,14.199999809265137,15.0,14.119999885559082,15.0,99338094,6.327226638793945
2021-08-13,15.119999885559082,15.520000457763672,14.640000343322754,14.9399995803833,61336116,6.30191707611084
2021-08-16,14.9399995803833,14.9399995803833,13.800000190734863,13.880000114440918,59784719,5.854792594909668
2021-08-17,13.9399995803833,14.359999656677246,13.420000076293945,13.680000305175781,44514736,5.770430088043213
2021-08-18,13.699999809265137,14.039999961853027,13.0600004196167,14.020000457763672,42596072,5.913846969604492
2021-08-19,14.0600004196167,14.34000015258789,13.880000114440918,13.9399995803833,38741228,5.880102157592773
2021-08-20,13.899999618530273,13.899999618530273,12.420000076293945,13.199999809265137,79399292,5.567958354949951
2021-08-23,13.619999885559082,14.460000038146973,13.199999809265137,14.399999618530273,67964653,6.074136257171631
2021-08-24,14.680000305175781,15.100000381469727,14.079999923706055,14.199999809265137,54084905,5.989773750305176
2021-08-25,14.460000038146973,14.779999732971191,14.119999885559082,14.460000038146973,42838311,6.099446773529053
2021-08-26,14.279999732971191,14.760000228881836,14.239999771118164,14.319999694824219,26800750,6.040391445159912
2021-08-27,14.220000267028809,14.5600004196167,13.84000015258789,14.5,44019434,6.11631965637207
2021-08-30,14.699999809265137,15.279999732971191,14.600000381469727,15.180000305175781,71786913,6.403153419494629
2021-08-31,15.260000228881836,15.260000228881836,14.220000267028809,14.699999809265137,91827145,6.200682163238525
2021-09-01,14.699999809265137,14.800000190734863,14.039999961853027,14.119999885559082,65359499,5.956028461456299
2021-09-02,14.260000228881836,14.479999542236328,13.640000343322754,13.680000305175781,58562088,5.770430088043213
2021-09-03,13.84000015258789,14.15999984741211,13.300000190734863,14.100000381469727,54465318,5.9475932121276855
2021-09-06,14.15999984741211,14.479999542236328,13.779999732971191,14.15999984741211,41296446,5.972901344299316
2021-09-07,14.199999809265137,14.859999656677246,14.180000305175781,14.819999694824219,54278611,6.251299858093262
2021-09-08,14.9399995803833,15.399999618530273,14.84000015258789,15.100000381469727,71804917,6.369407653808594
2021-09-09,14.960000038146973,15.300000190734863,14.520000457763672,14.5600004196167,58318133,6.141627788543701
2021-09-10,14.5600004196167,15.779999732971191,14.399999618530273,15.579999923706055,110923736,6.571878433227539
2021-09-13,15.239999771118164,16.100000381469727,14.899999618530273,15.640000343322754,93423394,6.5971879959106445
2021-09-14,15.739999771118164,15.960000038146973,14.800000190734863,14.819999694824219,50934753,6.251299858093262
2021-09-15,14.880000114440918,15.180000305175781,14.239999771118164,14.300000190734863,44418389,6.031956195831299
2021-09-16,14.5,14.5600004196167,13.800000190734863,13.899999618530273,42094054,5.863228797912598
2021-09-17,13.899999618530273,14.399999618530273,13.619999885559082,14.15999984741211,36597404,5.972901344299316
2021-09-20,14.100000381469727,14.279999732971191,13.300000190734863,13.579999923706055,32090459,5.728248119354248
2021-09-21,13.279999732971191,13.65999984741211,13.220000267028809,13.600000381469727,39308537,5.736685752868652
2021-09-23,13.920000076293945,14.319999694824219,13.739999771118164,13.920000076293945,44886022,5.8716654777526855
2021-09-24,14.220000267028809,14.5600004196167,14.0,14.100000381469727,61228407,5.9475932121276855
2021-09-27,14.039999961853027,14.119999885559082,12.079999923706055,12.079999923706055,162828114,5.095526218414307
2021-09-28,12.199999809265137,12.380000114440918,11.800000190734863,12.079999923706055,92256283,5.095526218414307
2021-09-29,11.899999618530273,12.079999923706055,11.260000228881836,11.699999809265137,84043389,4.935236930847168
2021-09-30,11.859999656677246,12.479999542236328,11.720000267028809,11.9399995803833,54774170,5.036472320556641
2021-10-04,11.65999984741211,11.84000015258789,10.800000190734863,10.960000038146973,77531539,4.623094081878662
2021-10-05,10.779999732971191,11.300000190734863,10.279999732971191,11.300000190734863,76104614,4.766510486602783
2021-10-06,11.65999984741211,11.739999771118164,11.079999923706055,11.180000305175781,36666335,4.715892791748047
2021-10-07,11.359999656677246,11.779999732971191,11.220000267028809,11.399999618530273,47335340,4.80869197845459
2021-10-08,11.579999923706055,11.579999923706055,10.460000038146973,11.4399995803833,107391930,4.825564384460449
2021-10-11,11.84000015258789,11.979999542236328,11.020000457763672,11.15999984741211,84345396,4.707456588745117
2021-10-12,11.119999885559082,11.380000114440918,10.859999656677246,10.979999542236328,44414994,4.631530284881592
2021-10-15,10.600000381469727,10.680000305175781,9.760000228881836,9.890000343322754,187234526,4.171750068664551
2021-10-18,10.039999961853027,10.600000381469727,10.039999961853027,10.579999923706055,79451300,4.462804317474365
2021-10-19,11.140000343322754,11.380000114440918,10.960000038146973,11.359999656677246,76618560,4.7918195724487305
2021-10-20,11.399999618530273,11.420000076293945,10.920000076293945,11.0,56962605,4.6399664878845215
2021-10-21,11.100000381469727,11.279999732971191,10.819999694824219,11.239999771118164,50702827,4.741201877593994
2021-10-22,11.239999771118164,11.579999923706055,10.979999542236328,11.319999694824219,71480054,4.774947166442871
2021-10-25,11.199999809265137,12.079999923706055,11.0,11.859999656677246,67886919,5.002727031707764
2021-10-26,12.0,12.100000381469727,11.699999809265137,11.819999694824219,32537826,4.985854625701904
2021-10-27,11.819999694824219,11.899999618530273,11.420000076293945,11.699999809265137,31497543,4.935236930847168
2021-10-28,11.680000305175781,11.880000114440918,11.34000015258789,11.579999923706055,31088467,4.884619235992432
2021-10-29,11.779999732971191,12.279999732971191,11.5600004196167,12.079999923706055,63861671,5.095526218414307
2021-11-01,12.079999923706055,12.100000381469727,11.0600004196167,11.300000190734863,72547668,4.766510486602783
2021-11-02,11.460000038146973,11.800000190734863,11.300000190734863,11.380000114440918,43643165,4.800256252288818
2021-11-03,11.399999618530273,12.0600004196167,11.399999618530273,11.859999656677246,51081394,5.002727031707764
2021-11-04,12.0,12.359999656677246,11.920000076293945,12.079999923706055,48614156,5.095526218414307
2021-11-05,11.800000190734863,11.880000114440918,11.34000015258789,11.359999656677246,47457407,4.7918195724487305
2021-11-08,11.359999656677246,11.760000228881836,11.300000190734863,11.520000457763672,28344833,4.859310150146484
2021-11-09,11.600000381469727,11.760000228881836,11.399999618530273,11.520000457763672,17611489,4.859310150146484
2021-11-10,11.680000305175781,11.720000267028809,11.220000267028809,11.460000038146973,27513948,4.834001064300537
2021-11-11,11.199999809265137,11.600000381469727,11.15999984741211,11.579999923706055,23319775,4.884619235992432
2021-11-12,11.720000267028809,11.779999732971191,11.359999656677246,11.4399995803833,17483708,4.825564384460449
2021-11-15,11.399999618530273,11.399999618530273,10.9399995803833,11.100000381469727,36755090,4.682147979736328
2021-11-16,11.180000305175781,11.720000267028809,11.039999961853027,11.65999984741211,40901312,4.91836404800415
2021-11-17,11.579999923706055,11.859999656677246,11.380000114440918,11.680000305175781,33459450,4.926800727844238
2021-11-18,11.539999961853027,12.079999923706055,11.420000076293945,11.520000457763672,27246627,4.859310150146484
2021-11-19,11.520000457763672,11.600000381469727,11.34000015258789,11.460000038146973,18323425,4.834001064300537
2021-11-22,11.520000457763672,12.039999961853027,11.479999542236328,11.819999694824219,47757765,4.985854625701904
2021-11-23,11.819999694824219,11.960000038146973,11.5600004196167,11.699999809265137,19043593,4.935236930847168
2021-11-24,11.600000381469727,11.779999732971191,11.5600004196167,11.65999984741211,15365413,4.91836404800415
2021-11-25,11.65999984741211,12.180000305175781,11.640000343322754,12.100000381469727,33207273,5.1039628982543945
2021-11-26,12.0,12.119999885559082,11.640000343322754,11.680000305175781,27233615,4.926800727844238
2021-11-29,12.039999961853027,12.979999542236328,12.0,12.880000114440918,93547447,5.43297815322876
2021-11-30,13.0600004196167,13.619999885559082,12.65999984741211,13.34000015258789,94109964,5.627013683319092
2021-12-01,13.279999732971191,13.5600004196167,13.0600004196167,13.119999885559082,31792678,5.534214496612549
2021-12-02,13.119999885559082,13.720000267028809,13.100000381469727,13.279999732971191,37402185,5.601704120635986
2021-12-03,13.420000076293945,13.65999984741211,13.100000381469727,13.579999923706055,38784185,5.728248119354248
2021-12-06,13.5,14.399999618530273,13.5,13.979999542236328,63977367,5.896974563598633
2021-12-07,14.5600004196167,15.199999809265137,14.199999809265137,14.34000015258789,91279291,6.048829078674316
2021-12-08,14.5,14.979999542236328,14.199999809265137,14.819999694824219,47970950,6.251299858093262
2021-12-09,14.9399995803833,15.0,14.579999923706055,14.859999656677246,31760025,6.268171787261963
2021-12-10,14.84000015258789,15.479999542236328,14.680000305175781,15.199999809265137,64269632,6.411589622497559
2021-12-13,15.279999732971191,15.520000457763672,14.819999694824219,14.899999618530273,34472193,6.2850446701049805
2021-12-14,14.65999984741211,14.819999694824219,13.920000076293945,14.119999885559082,62338080,5.956028461456299
2021-12-15,14.0,14.84000015258789,13.960000038146973,14.420000076293945,45385340,6.082573890686035
2021-12-16,14.65999984741211,14.979999542236328,14.5,14.800000190734863,25569207,6.242863655090332
2021-12-17,14.800000190734863,15.180000305175781,14.680000305175781,14.680000305175781,37081373,6.1922454833984375
2021-12-20,14.739999771118164,15.279999732971191,14.579999923706055,14.84000015258789,35547726,6.25973653793335
2021-12-21,15.0,15.180000305175781,14.720000267028809,15.0,36437638,6.327226638793945
2021-12-22,15.279999732971191,15.359999656677246,14.0600004196167,14.300000190734863,62521880,6.031956195831299
2021-12-23,14.460000038146973,15.180000305175781,14.4399995803833,15.079999923706055,43655538,6.360971927642822
2021-12-24,15.119999885559082,15.119999885559082,14.619999885559082,14.819999694824219,15402806,6.251299858093262
2021-12-28,15.100000381469727,15.420000076293945,14.800000190734863,15.380000114440918,44800510,6.487515926361084
2021-12-29,15.380000114440918,15.5,15.0600004196167,15.0600004196167,13678196,6.352534770965576
2021-12-30,15.100000381469727,15.199999809265137,14.65999984741211,15.079999923706055,17145654,6.360971927642822
2021-12-31,15.220000267028809,15.260000228881836,14.9399995803833,15.119999885559082,11550047,6.377844333648682
2022-01-03,15.180000305175781,16.200000762939453,15.119999885559082,16.079999923706055,54332784,6.782787799835205
2022-01-04,15.920000076293945,16.5,15.779999732971191,16.0,64489629,6.749042510986328
2022-01-05,16.0,16.399999618530273,15.279999732971191,15.399999618530273,57692575,6.495952606201172
2022-01-06,15.739999771118164,15.739999771118164,14.739999771118164,15.039999961853027,48387246,6.344099521636963
2022-01-07,15.020000457763672,15.199999809265137,14.699999809265137,14.920000076293945,28140935,6.293481826782227
2022-01-10,14.920000076293945,14.979999542236328,14.279999732971191,14.859999656677246,28833202,6.268171787261963
2022-01-11,14.680000305175781,15.260000228881836,14.65999984741211,14.819999694824219,24891240,6.251299858093262
2022-01-12,15.039999961853027,15.260000228881836,14.920000076293945,15.15999984741211,23407151,6.394716262817383
2022-01-13,15.300000190734863,15.699999809265137,15.199999809265137,15.539999961853027,36576620,6.555006504058838
2022-01-14,15.420000076293945,16.020000457763672,15.0600004196167,15.920000076293945,55270970,6.715296268463135
2022-01-17,15.800000190734863,15.859999656677246,15.100000381469727,15.260000228881836,43605569,6.436897277832031
2022-01-18,15.0600004196167,15.739999771118164,14.859999656677246,15.399999618530273,33508007,6.495952606201172
2022-01-19,15.399999618530273,15.5600004196167,14.899999618530273,15.079999923706055,25639278,6.360971927642822
2022-01-20,14.880000114440918,15.199999809265137,14.600000381469727,14.819999694824219,42459953,6.251299858093262
2022-01-21,14.84000015258789,14.9399995803833,13.979999542236328,14.180000305175781,54328360,5.981338977813721
2022-01-24,13.84000015258789,14.300000190734863,13.600000381469727,14.0,24626296,5.9054107666015625
2022-01-25,13.579999923706055,14.399999618530273,13.359999656677246,13.619999885559082,72668503,5.745121002197266
2022-01-26,13.880000114440918,14.34000015258789,13.779999732971191,13.800000190734863,32931567,5.821048259735107
2022-01-27,13.800000190734863,14.15999984741211,13.640000343322754,13.979999542236328,30566949,5.896974563598633
2022-01-28,14.0,14.15999984741211,13.380000114440918,13.760000228881836,26161500,5.80417537689209
2022-01-31,13.979999542236328,13.979999542236328,13.979999542236328,13.979999542236328,0,5.896974563598633
2022-02-04,14.180000305175781,14.239999771118164,13.880000114440918,14.15999984741211,14897656,5.972901344299316
2022-02-07,14.15999984741211,14.300000190734863,13.800000190734863,14.199999809265137,30747169,5.989773750305176
2022-02-08,14.399999618530273,15.180000305175781,13.960000038146973,15.140000343322754,63907030,6.386280536651611
2022-02-09,15.220000267028809,15.5,14.880000114440918,15.039999961853027,34404774,6.344099521636963
2022-02-10,15.140000343322754,15.380000114440918,15.0,15.119999885559082,32686006,6.377844333648682
2022-02-11,15.119999885559082,15.880000114440918,14.979999542236328,15.579999923706055,64126110,6.571878433227539
2022-02-14,15.600000381469727,15.600000381469727,14.859999656677246,15.039999961853027,46620874,6.344099521636963
2022-02-15,14.899999618530273,15.039999961853027,14.699999809265137,14.920000076293945,21384804,6.293481826782227
2022-02-16,14.979999542236328,15.579999923706055,14.979999542236328,15.15999984741211,24112843,6.394716262817383
2022-02-17,15.260000228881836,15.5,15.15999984741211,15.460000038146973,24402559,6.521260738372803
2022-02-18,15.4399995803833,15.5600004196167,15.15999984741211,15.539999961853027,25738525,6.555006504058838
2022-02-21,15.34000015258789,15.579999923706055,15.319999694824219,15.380000114440918,15699222,6.487515926361084
2022-02-22,15.119999885559082,15.15999984741211,14.420000076293945,14.699999809265137,33323899,6.200682163238525
2022-02-23,14.739999771118164,15.0600004196167,14.619999885559082,14.899999618530273,15475555,6.2850446701049805
2022-02-24,14.619999885559082,15.119999885559082,14.5,14.779999732971191,28889426,6.234426975250244
2022-02-25,14.859999656677246,15.199999809265137,14.640000343322754,14.720000267028809,26200570,6.209118366241455
2022-02-28,14.739999771118164,15.800000190734863,14.699999809265137,15.699999809265137,65605499,6.622497081756592
2022-03-01,15.84000015258789,16.15999984741211,15.779999732971191,15.960000038146973,40534460,6.732169151306152
2022-03-02,16.0,16.059999465942383,15.800000190734863,15.920000076293945,30835048,6.715296268463135
2022-03-03,16.0,17.100000381469727,16.0,17.100000381469727,87278679,7.213037967681885
2022-03-04,16.799999237060547,17.280000686645508,16.6200008392334,17.1200008392334,42448855,7.221474647521973
2022-03-07,16.899999618530273,17.15999984741211,16.260000228881836,16.3799991607666,41020305,6.909329891204834
2022-03-08,16.0,16.5,14.920000076293945,15.0,78167244,6.327226638793945
2022-03-09,15.119999885559082,15.579999923706055,14.079999923706055,14.760000228881836,61798182,6.2259907722473145
2022-03-10,15.15999984741211,15.279999732971191,14.579999923706055,14.720000267028809,33825105,6.209118366241455
2022-03-11,14.779999732971191,15.239999771118164,14.399999618530273,15.100000381469727,57136473,6.369407653808594
2022-03-14,14.899999618530273,15.140000343322754,13.479999542236328,13.739999771118164,87764805,5.795738697052002
2022-03-15,13.699999809265137,14.039999961853027,12.100000381469727,12.420000076293945,126355240,5.238943099975586
2022-03-16,12.979999542236328,14.199999809265137,12.960000038146973,14.039999961853027,81950114,5.922283172607422
2022-03-17,14.680000305175781,14.880000114440918,14.100000381469727,14.579999923706055,64825862,6.150064468383789
2022-03-18,14.680000305175781,15.380000114440918,14.4399995803833,15.020000457763672,54661800,6.335662841796875
2022-03-21,15.180000305175781,15.4399995803833,14.5600004196167,14.880000114440918,38422998,6.276609420776367
2022-03-22,14.880000114440918,15.399999618530273,14.800000190734863,15.34000015258789,40550548,6.470643043518066
2022-03-23,15.5,15.579999923706055,14.920000076293945,15.0600004196167,34329127,6.352534770965576
2022-03-24,15.039999961853027,15.300000190734863,14.779999732971191,14.819999694824219,36981879,6.251299858093262
2022-03-25,14.600000381469727,14.760000228881836,13.979999542236328,14.039999961853027,45777787,5.922283172607422
2022-03-28,13.34000015258789,13.880000114440918,12.800000190734863,13.720000267028809,83031557,5.787302017211914
2022-03-29,13.819999694824219,14.140000343322754,13.520000457763672,14.140000343322754,36657949,5.964466094970703
2022-03-30,14.279999732971191,14.4399995803833,13.819999694824219,14.0,44028376,5.9054107666015625
2022-03-31,13.520000457763672,13.84000015258789,13.399999618530273,13.65999984741211,61929519,5.761993885040283
2022-04-01,13.800000190734863,15.0600004196167,13.699999809265137,15.0,72071034,6.327226638793945
2022-04-04,14.960000038146973,15.15999984741211,14.619999885559082,14.720000267028809,33361365,6.209118366241455
2022-04-06,14.140000343322754,14.180000305175781,13.420000076293945,13.579999923706055,100371978,5.728248119354248
2022-04-07,13.399999618530273,13.479999542236328,12.899999618530273,12.920000076293945,77693004,5.4498515129089355
2022-04-08,12.920000076293945,13.140000343322754,12.539999961853027,12.9399995803833,64515008,5.458287239074707
2022-04-11,12.819999694824219,12.819999694824219,12.300000190734863,12.520000457763672,40472996,5.281125068664551
2022-04-12,12.5,12.899999618530273,12.34000015258789,12.680000305175781,48214308,5.348614692687988
2022-04-13,12.5600004196167,12.9399995803833,12.5600004196167,12.779999732971191,29686922,5.390796184539795
2022-04-14,12.9399995803833,13.15999984741211,12.84000015258789,12.960000038146973,33983205,5.466723442077637
2022-04-19,12.920000076293945,13.119999885559082,12.5,13.0600004196167,51401707,5.508904933929443
2022-04-20,13.15999984741211,13.479999542236328,12.9399995803833,13.020000457763672,45395197,5.4920334815979
2022-04-21,12.880000114440918,12.979999542236328,12.460000038146973,12.619999885559082,31259650,5.323306083679199
2022-04-22,12.4399995803833,12.760000228881836,12.239999771118164,12.640000343322754,21563117,5.331743240356445
2022-04-25,12.319999694824219,12.399999618530273,11.5,11.619999885559082,47752110,4.901491641998291
2022-04-26,11.680000305175781,11.9399995803833,11.520000457763672,11.680000305175781,30961832,4.926800727844238
2022-04-27,11.460000038146973,12.34000015258789,11.319999694824219,12.300000190734863,55164594,5.18832540512085
2022-04-28,12.359999656677246,12.399999618530273,11.9399995803833,12.380000114440918,33162413,5.222070693969727
2022-04-29,12.300000190734863,12.5600004196167,11.899999618530273,12.460000038146973,26902838,5.255815505981445
2022-05-03,12.220000267028809,13.279999732971191,12.220000267028809,12.899999618530273,31254510,5.4414143562316895
2022-05-04,13.0,13.220000267028809,12.760000228881836,12.880000114440918,16236828,5.43297815322876
2022-05-05,13.199999809265137,13.220000267028809,12.84000015258789,12.880000114440918,36854129,5.43297815322876
2022-05-06,12.619999885559082,12.699999809265137,12.239999771118164,12.380000114440918,30669364,5.222070693969727
2022-05-10,11.899999618530273,12.4399995803833,11.5,12.420000076293945,62023484,5.238943099975586
2022-05-11,12.420000076293945,12.479999542236328,12.220000267028809,12.260000228881836,32603213,5.17145299911499
2022-05-12,12.079999923706055,12.380000114440918,11.699999809265137,11.720000267028809,32024547,4.943673133850098
2022-05-13,11.859999656677246,12.319999694824219,11.800000190734863,12.180000305175781,37440995,5.137707710266113
2022-05-16,12.180000305175781,12.539999961853027,11.979999542236328,12.079999923706055,25105006,5.095526218414307
2022-05-17,12.199999809265137,12.460000038146973,12.079999923706055,12.460000038146973,26994859,5.255815505981445
2022-05-18,12.460000038146973,12.739999771118164,12.260000228881836,12.640000343322754,32550757,5.331743240356445
2022-05-19,12.279999732971191,12.380000114440918,12.020000457763672,12.380000114440918,38130659,5.222070693969727
2022-05-20,12.479999542236328,13.100000381469727,12.34000015258789,13.100000381469727,54627728,5.525777816772461
2022-05-23,13.359999656677246,13.65999984741211,13.359999656677246,13.600000381469727,67696291,5.736685752868652
2022-05-24,13.5,13.920000076293945,13.300000190734863,13.380000114440918,41455542,5.643885612487793
2022-05-25,13.460000038146973,13.680000305175781,13.34000015258789,13.460000038146973,36033368,5.67763090133667
2022-05-26,13.460000038146973,13.600000381469727,13.199999809265137,13.539999961853027,23512400,5.711376190185547
2022-05-27,13.699999809265137,13.819999694824219,13.460000038146973,13.699999809265137,29153802,5.778866291046143
2022-05-30,13.819999694824219,13.880000114440918,13.479999542236328,13.680000305175781,16820547,5.770430088043213
2022-05-31,13.699999809265137,13.979999542236328,13.65999984741211,13.899999618530273,69939245,5.863228797912598
2022-06-01,13.760000228881836,14.180000305175781,13.720000267028809,14.0600004196167,34943580,5.930720806121826
2022-06-02,14.0600004196167,14.199999809265137,13.859999656677246,13.979999542236328,26885981,5.896974563598633
2022-06-06,13.920000076293945,14.15999984741211,13.819999694824219,13.899999618530273,35040199,5.863228797912598
2022-06-07,13.920000076293945,14.5600004196167,13.859999656677246,14.4399995803833,68275026,6.09100866317749
2022-06-08,14.4399995803833,14.4399995803833,14.020000457763672,14.319999694824219,45047342,6.040391445159912
2022-06-09,13.619999885559082,13.65999984741211,13.100000381469727,13.220000267028809,107247240,5.5763959884643555
2022-06-10,12.520000457763672,13.239999771118164,12.520000457763672,13.039999961853027,93260639,5.500468730926514
2022-06-13,12.800000190734863,12.960000038146973,12.640000343322754,12.739999771118164,31722662,5.3739237785339355
2022-06-14,12.5,12.739999771118164,12.34000015258789,12.5,45748041,5.272688388824463
2022-06-15,12.720000267028809,13.300000190734863,12.720000267028809,13.15999984741211,63228271,5.55108642578125
2022-06-16,13.239999771118164,13.260000228881836,12.539999961853027,12.619999885559082,63003725,5.323306083679199
2022-06-17,12.300000190734863,12.65999984741211,12.100000381469727,12.460000038146973,65690152,5.255815505981445
2022-06-20,12.460000038146973,12.619999885559082,12.260000228881836,12.539999961853027,40899988,5.289560794830322
2022-06-21,11.699999809265137,11.920000076293945,11.520000457763672,11.720000267028809,37412011,5.382240295410156
2022-06-22,11.699999809265137,11.819999694824219,11.079999923706055,11.180000305175781,44438550,5.134252071380615
2022-06-23,11.180000305175781,11.220000267028809,10.600000381469727,10.800000190734863,73276998,4.959743022918701
2022-06-24,10.739999771118164,11.039999961853027,10.600000381469727,10.880000114440918,53458654,4.9964823722839355
2022-06-27,11.079999923706055,11.359999656677246,11.0,11.300000190734863,40838681,5.189361095428467
2022-06-28,11.279999732971191,11.760000228881836,11.199999809265137,11.640000343322754,36539728,5.34550142288208
2022-06-29,11.520000457763672,11.579999923706055,11.140000343322754,11.260000228881836,28037376,5.17099142074585
2022-06-30,11.260000228881836,11.300000190734863,10.920000076293945,10.960000038146973,25425248,5.0332207679748535
2022-07-04,10.859999656677246,10.960000038146973,10.680000305175781,10.9399995803833,32620907,5.024035930633545
2022-07-05,11.0,11.279999732971191,10.9399995803833,11.0600004196167,27210495,5.07914400100708
2022-07-06,11.0,11.0600004196167,10.65999984741211,10.859999656677246,39015142,4.987297534942627
2022-07-07,11.600000381469727,11.720000267028809,11.180000305175781,11.420000076293945,115573044,5.244468688964844
2022-07-08,11.779999732971191,11.800000190734863,11.520000457763672,11.579999923706055,51436703,5.317946910858154
2022-07-11,11.579999923706055,11.680000305175781,11.319999694824219,11.539999961853027,24770313,5.299577713012695
2022-07-12,11.539999961853027,11.699999809265137,11.260000228881836,11.260000228881836,24330098,5.17099142074585
2022-07-13,11.300000190734863,11.539999961853027,11.239999771118164,11.460000038146973,20128983,5.262837886810303
2022-07-14,11.5,11.539999961853027,11.34000015258789,11.520000457763672,19930064,5.290392875671387
2022-07-15,11.479999542236328,11.720000267028809,11.260000228881836,11.279999732971191,28648843,5.180176258087158
2022-07-18,11.4399995803833,11.760000228881836,11.380000114440918,11.760000228881836,28015024,5.400609016418457
2022-07-19,11.760000228881836,12.079999923706055,11.720000267028809,12.0600004196167,34464504,5.5383806228637695
2022-07-20,12.220000267028809,12.359999656677246,12.0,12.020000457763672,32998572,5.520010471343994
2022-07-21,11.880000114440918,12.020000457763672,11.739999771118164,11.760000228881836,24592798,5.400609016418457
2022-07-22,11.880000114440918,12.180000305175781,11.800000190734863,12.100000381469727,30428729,5.55674934387207
2022-07-25,12.100000381469727,12.100000381469727,11.380000114440918,11.399999618530273,40307830,5.235284328460693
2022-07-26,11.479999542236328,11.619999885559082,11.319999694824219,11.5,15364721,5.281208038330078
2022-07-27,11.399999618530273,11.579999923706055,11.380000114440918,11.579999923706055,17150978,5.317946910858154
2022-07-28,11.680000305175781,11.760000228881836,11.479999542236328,11.600000381469727,16821734,5.327131748199463
2022-07-29,11.800000190734863,12.140000343322754,11.699999809265137,11.739999771118164,42944290,5.391424179077148
2022-08-01,11.84000015258789,11.84000015258789,11.300000190734863,11.4399995803833,19673575,5.2536540031433105
2022-08-02,11.279999732971191,11.279999732971191,10.800000190734863,10.880000114440918,40177014,4.9964823722839355
2022-08-03,10.960000038146973,11.140000343322754,10.859999656677246,11.0,17263622,5.051590442657471
2022-08-04,11.079999923706055,11.180000305175781,10.859999656677246,11.020000457763672,15726876,5.060775279998779
2022-08-05,11.100000381469727,11.380000114440918,10.920000076293945,11.319999694824219,28236737,5.198544979095459
2022-08-08,11.260000228881836,11.760000228881836,11.180000305175781,11.680000305175781,28563350,5.363871097564697
2022-08-09,11.84000015258789,11.899999618530273,11.640000343322754,11.65999984741211,27912378,5.354685306549072
2022-08-10,11.760000228881836,11.899999618530273,11.5,11.600000381469727,14266660,5.327131748199463
2022-08-11,11.819999694824219,11.960000038146973,11.680000305175781,11.800000190734863,18925730,5.418978691101074
2022-08-12,11.859999656677246,12.0600004196167,11.699999809265137,11.760000228881836,27103274,5.400609016418457
2022-08-15,11.680000305175781,11.680000305175781,11.100000381469727,11.279999732971191,50347991,5.180176258087158
2022-08-16,11.220000267028809,11.300000190734863,11.039999961853027,11.260000228881836,26357473,5.17099142074585
2022-08-17,11.300000190734863,11.380000114440918,11.220000267028809,11.380000114440918,10130066,5.226099967956543
2022-08-18,11.199999809265137,11.380000114440918,11.079999923706055,11.180000305175781,19480248,5.134252071380615
2022-08-19,11.239999771118164,11.739999771118164,11.199999809265137,11.600000381469727,34454287,5.327131748199463
2022-08-22,11.600000381469727,11.720000267028809,11.5600004196167,11.680000305175781,22735532,5.363871097564697
2022-08-23,11.600000381469727,11.779999732971191,11.460000038146973,11.539999961853027,23551022,5.299577713012695
2022-08-24,11.5600004196167,11.619999885559082,11.15999984741211,11.239999771118164,29125800,5.161806106567383
2022-08-25,11.100000381469727,11.699999809265137,11.100000381469727,11.640000343322754,22152862,5.34550142288208
2022-08-26,11.640000343322754,11.699999809265137,11.460000038146973,11.479999542236328,16141650,5.2720232009887695
2022-08-29,11.260000228881836,11.34000015258789,11.0,11.239999771118164,33277939,5.161806106567383
2022-08-30,11.300000190734863,12.0,11.300000190734863,11.960000038146973,95302770,5.492456912994385
2022-08-31,12.760000228881836,12.760000228881836,11.720000267028809,11.779999732971191,149895049,5.409793853759766
2022-09-01,11.720000267028809,11.720000267028809,11.039999961853027,11.100000381469727,114643821,5.0975141525268555
2022-09-02,11.119999885559082,11.180000305175781,10.539999961853027,10.640000343322754,89946161,4.886265277862549
2022-09-05,10.680000305175781,10.720000267028809,10.380000114440918,10.520000457763672,48191581,4.831157207489014
2022-09-06,10.5600004196167,10.600000381469727,9.970000267028809,10.420000076293945,66497811,4.785233497619629
2022-09-07,10.34000015258789,10.380000114440918,10.199999809265137,10.300000190734863,31887643,4.730125904083252
2022-09-08,10.119999885559082,10.380000114440918,10.020000457763672,10.100000381469727,41232655,4.638278007507324
2022-09-09,10.180000305175781,10.260000228881836,10.079999923706055,10.199999809265137,27074314,4.684202194213867
2022-09-13,10.319999694824219,10.4399995803833,10.239999771118164,10.300000190734863,23856585,4.730125904083252
2022-09-14,10.119999885559082,10.4399995803833,10.100000381469727,10.380000114440918,19197358,4.766863822937012
2022-09-15,10.380000114440918,10.399999618530273,10.079999923706055,10.15999984741211,24773349,4.66583251953125
2022-09-16,10.0600004196167,10.0600004196167,9.890000343322754,9.899999618530273,40077061,4.546431064605713
2022-09-19,9.899999618530273,9.899999618530273,9.510000228881836,9.539999961853027,46721675,4.381106376647949
2022-09-20,9.579999923706055,9.75,9.579999923706055,9.710000038146973,16218949,4.459176540374756
2022-09-21,9.6899995803833,10.100000381469727,9.59000015258789,9.8100004196167,30220814,4.505099773406982
2022-09-22,9.720000267028809,9.770000457763672,9.539999961853027,9.5600004196167,27806181,4.390291690826416
2022-09-23,9.539999961853027,9.619999885559082,9.069999694824219,9.170000076293945,43518389,4.211189270019531
2022-09-26,9.0600004196167,9.130000114440918,8.8100004196167,8.90999984741211,58368593,4.091788291931152
2022-09-27,8.90999984741211,9.079999923706055,8.84000015258789,9.069999694824219,37147485,4.1652655601501465
2022-09-28,9.069999694824219,9.069999694824219,8.8100004196167,8.949999809265137,51773962,4.110157489776611
2022-09-29,9.010000228881836,9.09000015258789,8.819999694824219,8.869999885559082,28965898,4.073418140411377
2022-09-30,8.859999656677246,9.260000228881836,8.800000190734863,9.210000038146973,33106975,4.229558944702148
2022-10-03,9.199999809265137,9.3100004196167,8.899999618530273,9.180000305175781,11903857,4.215782165527344
2022-10-05,9.520000457763672,9.670000076293945,9.40999984741211,9.539999961853027,22228256,4.381106376647949
2022-10-06,9.489999771118164,9.489999771118164,9.239999771118164,9.399999618530273,14673010,4.316813945770264
2022-10-07,9.380000114440918,9.5,9.260000228881836,9.260000228881836,13200753,4.2525200843811035
2022-10-10,9.260000228881836,9.279999732971191,8.869999885559082,8.949999809265137,27669415,4.110157489776611
2022-10-11,9.100000381469727,9.289999961853027,9.020000457763672,9.100000381469727,30332329,4.179042816162109
2022-10-12,9.039999961853027,9.15999984741211,8.850000381469727,9.039999961853027,33933546,4.151488304138184
2022-10-13,9.029999732971191,9.130000114440918,8.869999885559082,8.930000305175781,21406140,4.1009721755981445
2022-10-14,8.979999542236328,9.1899995803833,8.979999542236328,9.130000114440918,32615186,4.192819118499756
2022-10-17,9.109999656677246,9.229999542236328,8.989999771118164,9.100000381469727,15345600,4.179042816162109
2022-10-18,9.180000305175781,9.25,8.979999542236328,9.09000015258789,19546705,4.174450397491455
2022-10-19,9.050000190734863,9.270000457763672,9.050000190734863,9.09000015258789,27092154,4.174450397491455
2022-10-20,9.010000228881836,9.020000457763672,8.65999984741211,8.880000114440918,68173902,4.078011512756348
2022-10-21,8.899999618530273,9.180000305175781,8.869999885559082,9.15999984741211,28959703,4.206596851348877
2022-10-24,9.15999984741211,9.1899995803833,8.720000267028809,8.770000457763672,36252461,4.02749490737915
2022-10-25,8.789999961853027,9.0600004196167,8.710000038146973,9.029999732971191,36695737,4.1468963623046875
2022-10-26,9.100000381469727,9.140000343322754,8.920000076293945,9.029999732971191,23458133,4.1468963623046875
2022-10-27,9.149999618530273,9.199999809265137,9.0,9.010000228881836,29442005,4.137712478637695
2022-10-28,9.010000228881836,9.050000190734863,8.619999885559082,8.789999961853027,49595417,4.036680221557617
2022-10-31,8.760000228881836,8.760000228881836,8.25,8.470000267028809,78641273,3.8897247314453125
2022-11-01,8.470000267028809,8.899999618530273,8.40999984741211,8.819999694824219,43573189,4.05045747756958
2022-11-02,8.8100004196167,8.8100004196167,8.510000228881836,8.710000038146973,31615493,3.9999403953552246
2022-11-03,8.449999809265137,8.5,8.220000267028809,8.40999984741211,79931818,3.8621699810028076
2022-11-04,8.380000114440918,8.90999984741211,8.359999656677246,8.779999732971191,58807584,4.032087326049805
2022-11-07,8.75,9.40999984741211,8.739999771118164,9.34000015258789,59993617,4.289259433746338
2022-11-08,9.359999656677246,9.4399995803833,9.229999542236328,9.369999885559082,34788250,4.303036689758301
2022-11-09,9.380000114440918,9.489999771118164,9.34000015258789,9.449999809265137,32978874,4.3397746086120605
2022-11-10,9.329999923706055,9.470000267028809,9.199999809265137,9.430000305175781,22249372,4.330591201782227
2022-11-11,10.0,10.0,9.569999694824219,9.710000038146973,43049874,4.459176540374756
2022-11-14,9.859999656677246,9.930000305175781,9.710000038146973,9.8100004196167,39379561,4.505099773406982
2022-11-15,9.829999923706055,9.890000343322754,9.729999542236328,9.829999923706055,25726806,4.514285087585449
2022-11-16,9.869999885559082,9.890000343322754,9.720000267028809,9.75,32573364,4.477545738220215
2022-11-17,9.75,9.779999732971191,9.449999809265137,9.569999694824219,33102712,4.394883632659912
2022-11-18,9.59000015258789,9.670000076293945,9.229999542236328,9.300000190734863,37165835,4.270889759063721
2022-11-21,9.289999961853027,9.430000305175781,9.170000076293945,9.350000381469727,30443801,4.293851375579834
2022-11-22,9.369999885559082,9.920000076293945,9.369999885559082,9.859999656677246,50189325,4.528061866760254
2022-11-23,9.949999809265137,10.0600004196167,9.859999656677246,9.880000114440918,39962837,4.537246227264404
2022-11-24,9.930000305175781,9.930000305175781,9.729999542236328,9.819999694824219,62565000,4.509692192077637
2022-11-25,7.900000095367432,8.149999618530273,7.829999923706055,7.889999866485596,75525919,4.677765369415283
2022-11-28,7.809999942779541,7.960000038146973,7.619999885559082,7.889999866485596,45883563,4.677765369415283
2022-11-29,7.949999809265137,7.989999771118164,7.869999885559082,7.960000038146973,41091128,4.719266891479492
2022-11-30,7.989999771118164,8.430000305175781,7.96999979019165,8.430000305175781,86660523,4.997917175292969
2022-12-01,8.5,8.510000228881836,8.140000343322754,8.149999618530273,37221588,4.831912517547607
2022-12-02,8.119999885559082,8.170000076293945,7.960000038146973,8.109999656677246,26459405,4.808197498321533
2022-12-05,8.119999885559082,8.420000076293945,8.119999885559082,8.369999885559082,47417728,4.962345123291016
2022-12-06,8.329999923706055,8.479999542236328,8.220000267028809,8.229999542236328,34378893,4.879342555999756
2022-12-07,8.180000305175781,8.350000381469727,8.09000015258789,8.109999656677246,39807827,4.808197498321533
2022-12-08,8.130000114440918,8.319999694824219,8.130000114440918,8.239999771118164,27131035,4.885271072387695
2022-12-09,8.239999771118164,8.380000114440918,8.210000038146973,8.3100004196167,28749000,4.926772594451904
2022-12-12,8.289999961853027,8.329999923706055,8.149999618530273,8.260000228881836,25852914,4.897128582000732
2022-12-13,8.300000190734863,8.34000015258789,8.170000076293945,8.180000305175781,26162044,4.849699020385742
2022-12-14,8.1899995803833,8.239999771118164,8.020000457763672,8.020000457763672,39141311,4.754839897155762
2022-12-15,8.079999923706055,8.149999618530273,7.800000190734863,7.949999809265137,28861973,4.713337421417236
2022-12-16,7.949999809265137,8.369999885559082,7.909999847412109,8.350000381469727,44880793,4.95048713684082
2022-12-19,8.369999885559082,8.420000076293945,7.909999847412109,7.949999809265137,28146753,4.713337421417236
2022-12-20,8.0,8.029999732971191,7.849999904632568,8.020000457763672,14031376,4.754839897155762
2022-12-21,8.010000228881836,8.079999923706055,7.900000095367432,8.029999732971191,11856912,4.760767936706543
2022-12-22,8.100000381469727,8.329999923706055,8.0600004196167,8.119999885559082,16429290,4.814126014709473
2022-12-23,8.050000190734863,8.239999771118164,8.029999732971191,8.149999618530273,8878116,4.831912517547607
2022-12-28,8.130000114440918,8.170000076293945,8.029999732971191,8.069999694824219,19596087,4.784482479095459
2022-12-29,8.079999923706055,8.119999885559082,7.849999904632568,7.900000095367432,22869864,4.683693885803223
2022-12-30,7.980000019073486,8.020000457763672,7.900000095367432,7.960000038146973,10001451,4.719266891479492
2023-01-03,7.989999771118164,7.989999771118164,7.820000171661377,7.940000057220459,12949036,4.707409858703613
2023-01-04,7.940000057220459,7.989999771118164,7.849999904632568,7.909999847412109,25314592,4.6896233558654785
2023-01-05,7.920000076293945,7.940000057220459,7.789999961853027,7.820000171661377,26611701,4.636264801025391
2023-01-06,7.869999885559082,7.909999847412109,7.809999942779541,7.809999942779541,15808429,4.630335807800293
2023-01-09,7.849999904632568,8.0600004196167,7.78000020980835,8.029999732971191,27338166,4.760767936706543
2023-01-10,8.039999961853027,8.050000190734863,7.849999904632568,7.980000019073486,11020384,4.731124401092529
2023-01-11,8.0,8.100000381469727,7.920000076293945,7.929999828338623,19794391,4.701480388641357
2023-01-12,7.960000038146973,8.0,7.889999866485596,7.989999771118164,16072721,4.7370524406433105
2023-01-13,8.0,8.069999694824219,7.929999828338623,7.949999809265137,13189995,4.713337421417236
2023-01-16,7.929999828338623,7.980000019073486,7.869999885559082,7.909999847412109,16497200,4.6896233558654785
2023-01-17,7.949999809265137,7.960000038146973,7.809999942779541,7.869999885559082,15505856,4.665908336639404
2023-01-18,7.829999923706055,7.849999904632568,7.760000228881836,7.78000020980835,19457458,4.612549304962158
2023-01-19,7.869999885559082,7.949999809265137,7.78000020980835,7.949999809265137,16270992,4.713337421417236
2023-01-20,7.989999771118164,8.100000381469727,7.909999847412109,8.100000381469727,17796512,4.802268981933594
2023-01-26,8.079999923706055,8.100000381469727,7.789999961853027,7.960000038146973,16928181,4.719266891479492
2023-01-27,7.949999809265137,7.96999979019165,7.829999923706055,7.929999828338623,12088172,4.701480388641357
2023-01-30,7.929999828338623,7.949999809265137,7.820000171661377,7.860000133514404,17167661,4.659979820251465
2023-01-31,7.889999866485596,8.130000114440918,7.809999942779541,8.100000381469727,41566619,4.802268981933594
2023-02-01,8.119999885559082,8.640000343322754,8.109999656677246,8.609999656677246,66461076,5.104633808135986
2023-02-02,8.619999885559082,8.720000267028809,8.479999542236328,8.520000457763672,31386920,5.051275730133057
2023-02-03,8.600000381469727,8.609999656677246,8.319999694824219,8.479999542236328,24477502,5.027560234069824
2023-02-06,8.420000076293945,8.4399995803833,8.319999694824219,8.40999984741211,15232756,4.986059188842773
2023-02-07,8.380000114440918,8.449999809265137,8.319999694824219,8.399999618530273,15061750,4.980130195617676
2023-02-08,8.40999984741211,8.649999618530273,8.40999984741211,8.609999656677246,28202746,5.104633808135986
2023-02-09,8.579999923706055,8.699999809265137,8.539999961853027,8.649999618530273,15827375,5.128349304199219
2023-02-10,8.649999618530273,8.6899995803833,8.5,8.579999923706055,16484039,5.08684778213501
2023-02-13,8.5600004196167,8.579999923706055,8.420000076293945,8.489999771118164,11330453,5.033488750457764
2023-02-14,8.489999771118164,8.569999694824219,8.399999618530273,8.430000305175781,15226725,4.997917175292969
2023-02-15,8.420000076293945,8.470000267028809,8.270000457763672,8.319999694824219,15636563,4.932701110839844
2023-02-16,8.359999656677246,8.539999961853027,8.329999923706055,8.399999618530273,17659157,4.980130195617676
2023-02-17,8.4399995803833,8.4399995803833,8.300000190734863,8.3100004196167,7892051,4.926772594451904
2023-02-20,8.3100004196167,8.319999694824219,8.119999885559082,8.270000457763672,18040820,4.90305757522583
2023-02-21,8.239999771118164,8.5600004196167,8.229999542236328,8.34000015258789,18777031,4.944558620452881
2023-02-22,8.329999923706055,8.390000343322754,8.300000190734863,8.369999885559082,7619996,4.962345123291016
2023-02-23,8.359999656677246,8.489999771118164,8.329999923706055,8.369999885559082,18073957,4.962345123291016
2023-02-24,8.380000114440918,8.460000038146973,8.300000190734863,8.3100004196167,22148156,4.926772594451904
2023-02-27,8.279999732971191,8.3100004196167,8.1899995803833,8.260000228881836,10973760,4.897128582000732
2023-02-28,8.270000457763672,8.3100004196167,8.130000114440918,8.140000343322754,25423973,4.825984001159668
2023-03-01,8.180000305175781,8.5,8.15999984741211,8.5,35706287,5.039417743682861
2023-03-02,8.449999809265137,8.890000343322754,8.420000076293945,8.850000381469727,55319906,5.246923923492432
2023-03-03,8.880000114440918,8.930000305175781,8.739999771118164,8.920000076293945,20473437,5.288424491882324
2023-03-06,8.920000076293945,9.039999961853027,8.789999961853027,8.859999656677246,16938880,5.252852439880371
2023-03-07,8.890000343322754,9.010000228881836,8.720000267028809,8.770000457763672,15209245,5.199493885040283
2023-03-08,8.65999984741211,8.720000267028809,8.529999732971191,8.680000305175781,15161350,5.1461358070373535
2023-03-09,8.670000076293945,8.8100004196167,8.630000114440918,8.729999542236328,15230550,5.175778388977051
2023-03-10,8.619999885559082,8.729999542236328,8.479999542236328,8.539999961853027,24026896,5.063133716583252
2023-03-13,8.470000267028809,8.710000038146973,8.399999618530273,8.5600004196167,39012821,5.074991226196289
2023-03-14,8.539999961853027,8.550000190734863,8.239999771118164,8.279999732971191,21182328,4.908985614776611
2023-03-15,8.399999618530273,8.899999618530273,8.390000343322754,8.84000015258789,32852926,5.240994930267334
2023-03-16,8.720000267028809,8.880000114440918,8.579999923706055,8.619999885559082,16631624,5.110562324523926
2023-03-17,8.630000114440918,8.920000076293945,8.630000114440918,8.920000076293945,34744205,5.288424491882324
2023-03-20,8.890000343322754,8.949999809265137,8.65999984741211,8.770000457763672,22726346,5.199493885040283
2023-03-21,8.84000015258789,8.84000015258789,8.6899995803833,8.819999694824219,18857577,5.229137897491455
2023-03-22,8.84000015258789,8.880000114440918,8.670000076293945,8.699999809265137,16735791,5.157992362976074
2023-03-23,8.8100004196167,9.350000381469727,8.779999732971191,9.25,74129251,5.484072685241699
2023-03-24,9.25,9.300000190734863,9.09000015258789,9.199999809265137,26259969,5.454428672790527
2023-03-27,9.180000305175781,9.180000305175781,9.0,9.050000190734863,22232500,5.365498065948486
2023-03-28,9.039999961853027,9.15999984741211,9.020000457763672,9.140000343322754,17774418,5.418856143951416
2023-03-29,9.1899995803833,9.199999809265137,9.010000228881836,9.079999923706055,25923587,5.383284568786621
2023-03-30,9.0600004196167,9.390000343322754,8.970000267028809,9.369999885559082,34777234,5.555217742919922
2023-03-31,9.4399995803833,9.479999542236328,8.760000228881836,8.829999923706055,102089131,5.235065460205078
2023-04-03,8.859999656677246,8.880000114440918,8.420000076293945,8.510000228881836,47715274,5.045346736907959
2023-04-04,8.539999961853027,8.640000343322754,8.460000038146973,8.520000457763672,20003277,5.051275730133057
2023-04-06,8.539999961853027,8.619999885559082,8.420000076293945,8.609999656677246,25833490,5.104633808135986
2023-04-11,8.609999656677246,8.789999961853027,8.579999923706055,8.75,41510133,5.187636852264404
2023-04-12,8.789999961853027,8.979999542236328,8.710000038146973,8.850000381469727,39438908,5.246923923492432
2023-04-13,8.779999732971191,9.220000267028809,8.75,9.180000305175781,45422888,5.442571640014648
2023-04-14,9.220000267028809,9.380000114440918,9.170000076293945,9.380000114440918,54034713,5.561146259307861
2023-04-17,9.359999656677246,9.630000114440918,9.3100004196167,9.569999694824219,50843190,5.673791885375977
2023-04-18,9.539999961853027,9.729999542236328,9.529999732971191,9.699999809265137,36516927,5.750864505767822
2023-04-19,9.739999771118164,9.8100004196167,9.59000015258789,9.770000457763672,46187157,5.792366981506348
2023-04-20,9.739999771118164,9.8100004196167,9.59000015258789,9.789999961853027,29258921,5.804224014282227
2023-04-21,9.800000190734863,9.800000190734863,9.510000228881836,9.550000190734863,35342403,5.6619343757629395
2023-04-24,9.539999961853027,9.680000305175781,9.390000343322754,9.539999961853027,30078732,5.656005859375
2023-04-25,9.489999771118164,9.579999923706055,9.239999771118164,9.350000381469727,20383832,5.543359756469727
2023-04-26,9.350000381469727,9.350000381469727,9.15999984741211,9.279999732971191,17226726,5.501858711242676
2023-04-27,9.15999984741211,9.270000457763672,9.039999961853027,9.130000114440918,24435597,5.412927627563477
2023-04-28,9.130000114440918,9.199999809265137,9.0600004196167,9.079999923706055,39916550,5.383284568786621
2023-05-02,9.079999923706055,9.100000381469727,8.8100004196167,9.069999694824219,22916270,5.377355575561523
2023-05-03,8.9399995803833,9.069999694824219,8.859999656677246,8.979999542236328,17730012,5.3239970207214355
2023-05-04,8.979999542236328,9.180000305175781,8.960000038146973,9.0600004196167,36762021,5.371427536010742
2023-05-05,9.100000381469727,9.15999984741211,8.960000038146973,9.020000457763672,43145338,5.347712516784668
2023-05-08,9.069999694824219,9.5,9.010000228881836,9.449999809265137,36561391,5.602646827697754
2023-05-09,9.5,9.829999923706055,9.479999542236328,9.59000015258789,57373548,5.685649871826172
2023-05-10,9.670000076293945,9.770000457763672,9.600000381469727,9.670000076293945,43584574,5.733078479766846
2023-05-11,9.680000305175781,9.84000015258789,9.619999885559082,9.789999961853027,29862111,5.804224014282227
2023-05-12,9.84000015258789,9.850000381469727,9.670000076293945,9.6899995803833,27017406,5.744936466217041
2023-05-15,9.649999618530273,9.75,9.550000190734863,9.699999809265137,19527978,5.750864505767822
2023-05-16,9.710000038146973,9.720000267028809,9.479999542236328,9.550000190734863,15609903,5.6619343757629395
2023-05-17,9.550000190734863,9.5600004196167,9.260000228881836,9.289999961853027,20110369,5.507787227630615
2023-05-18,9.289999961853027,9.350000381469727,9.260000228881836,9.3100004196167,19025723,5.519644737243652
2023-05-19,9.319999694824219,9.489999771118164,9.170000076293945,9.40999984741211,21611398,5.57893180847168
2023-05-22,9.40999984741211,9.539999961853027,9.380000114440918,9.470000267028809,17493896,5.614504814147949
2023-05-23,9.449999809265137,9.520000457763672,9.329999923706055,9.4399995803833,23862418,5.596718788146973
2023-05-24,9.399999618530273,9.399999618530273,9.050000190734863,9.149999618530273,43992953,5.424785614013672
2023-05-25,9.079999923706055,9.119999885559082,8.880000114440918,9.010000228881836,48456667,5.341783046722412
2023-05-29,9.020000457763672,9.079999923706055,8.779999732971191,8.789999961853027,45957739,5.211350917816162
2023-05-30,7.429999828338623,7.53000020980835,7.179999828338623,7.25,68528632,5.217158794403076
2023-05-31,7.230000019073486,7.239999771118164,6.829999923706055,6.900000095367432,65956683,4.965295314788818
2023-06-01,6.909999847412109,7.039999961853027,6.760000228881836,6.949999809265137,37880176,5.001275539398193
2023-06-02,7.039999961853027,7.139999866485596,6.920000076293945,7.090000152587891,57261517,5.102021217346191
2023-06-05,7.199999809265137,7.199999809265137,7.039999961853027,7.099999904632568,25513723,5.109217643737793
2023-06-06,7.150000095367432,7.170000076293945,7.010000228881836,7.099999904632568,28780839,5.109217643737793
2023-06-07,7.119999885559082,7.190000057220459,7.070000171661377,7.170000076293945,26370522,5.159589767456055
2023-06-08,7.139999866485596,7.449999809265137,7.139999866485596,7.429999828338623,36158114,5.3466877937316895
2023-06-09,7.460000038146973,7.489999771118164,7.21999979019165,7.289999961853027,25971290,5.24594259262085
2023-06-12,7.289999961853027,7.289999961853027,7.090000152587891,7.159999847412109,20730178,5.152393817901611
2023-06-13,7.159999847412109,7.199999809265137,7.050000190734863,7.190000057220459,20448525,5.173981666564941
2023-06-14,7.199999809265137,7.269999980926514,7.050000190734863,7.070000171661377,18424538,5.0876288414001465
2023-06-15,7.070000171661377,7.170000076293945,7.059999942779541,7.110000133514404,24574309,5.1164140701293945
2023-06-16,7.110000133514404,7.260000228881836,7.110000133514404,7.179999828338623,50167822,5.16678524017334
2023-06-19,7.159999847412109,7.199999809265137,7.110000133514404,7.130000114440918,20719490,5.130805492401123
2023-06-20,7.150000095367432,7.159999847412109,7.039999961853027,7.110000133514404,18893228,5.1164140701293945
2023-06-21,7.03000020980835,7.130000114440918,6.960000038146973,6.989999771118164,22553106,5.030059814453125
2023-06-23,6.989999771118164,6.989999771118164,6.820000171661377,6.869999885559082,7618960,4.943707466125488
2023-06-26,6.860000133514404,7.079999923706055,6.860000133514404,6.980000019073486,18135724,5.022864818572998
2023-06-27,7.0,7.239999771118164,6.960000038146973,7.179999828338623,22554407,5.16678524017334
2023-06-28,7.199999809265137,7.199999809265137,7.070000171661377,7.079999923706055,8927706,5.09482479095459
2023-06-29,7.119999885559082,7.119999885559082,6.949999809265137,6.96999979019165,11862680,5.015667915344238
2023-06-30,6.96999979019165,7.110000133514404,6.940000057220459,7.059999942779541,18299430,5.080432891845703
2023-07-03,7.199999809265137,7.420000076293945,7.159999847412109,7.400000095367432,38241491,5.325099945068359
2023-07-04,7.650000095367432,7.869999885559082,7.559999942779541,7.699999809265137,64937972,5.540981769561768
2023-07-05,7.71999979019165,7.800000190734863,7.670000076293945,7.789999961853027,24039379,5.605747222900391
2023-07-06,7.769999980926514,7.849999904632568,7.610000133514404,7.71999979019165,16963533,5.5553741455078125
2023-07-07,7.739999771118164,7.820000171661377,7.650000095367432,7.809999942779541,15281884,5.620138645172119
2023-07-10,7.900000095367432,7.900000095367432,7.730000019073486,7.769999980926514,13274000,5.591354846954346
2023-07-11,7.809999942779541,7.809999942779541,7.690000057220459,7.760000228881836,18409047,5.584158420562744
2023-07-12,7.789999961853027,7.809999942779541,7.710000038146973,7.739999771118164,7936129,5.569766044616699
2023-07-13,7.789999961853027,7.800000190734863,7.699999809265137,7.800000190734863,7709119,5.612943172454834
2023-07-14,7.800000190734863,7.880000114440918,7.75,7.869999885559082,9441380,5.663315296173096
2023-07-18,7.900000095367432,8.0,7.78000020980835,7.96999979019165,15843704,5.735276222229004
2023-07-19,7.96999979019165,8.15999984741211,7.900000095367432,8.130000114440918,24915941,5.850413799285889
2023-07-20,8.130000114440918,8.220000267028809,8.09000015258789,8.09000015258789,15462854,5.821629047393799
2023-07-21,8.09000015258789,8.1899995803833,8.029999732971191,8.109999656677246,7067000,5.836021423339844
2023-07-24,8.100000381469727,8.100000381469727,7.940000057220459,8.010000228881836,8687591,5.7640604972839355
2023-07-25,8.050000190734863,8.130000114440918,7.960000038146973,8.010000228881836,12829550,5.7640604972839355
2023-07-26,8.029999732971191,8.0600004196167,7.909999847412109,7.96999979019165,14905280,5.735276222229004
2023-07-27,7.989999771118164,8.020000457763672,7.889999866485596,7.949999809265137,11059759,5.720883846282959
2023-07-28,7.800000190734863,8.25,7.800000190734863,8.210000038146973,26941300,5.907981872558594
2023-07-31,8.25,8.289999961853027,8.15999984741211,8.229999542236328,13825325,5.9223737716674805
2023-08-01,8.229999542236328,8.329999923706055,8.0600004196167,8.109999656677246,14742765,5.836021423339844
2023-08-02,8.149999618530273,8.199999809265137,8.039999961853027,8.079999923706055,12139099,5.8144330978393555
2023-08-03,8.069999694824219,8.130000114440918,7.96999979019165,8.010000228881836,9731918,5.7640604972839355
2023-08-04,8.039999961853027,8.140000343322754,7.920000076293945,7.960000038146973,10822408,5.7280802726745605
2023-08-07,7.949999809265137,8.0,7.869999885559082,7.980000019073486,8165378,5.742471694946289
2023-08-08,7.96999979019165,7.980000019073486,7.869999885559082,7.940000057220459,13154099,5.713688373565674
2023-08-09,7.940000057220459,7.989999771118164,7.869999885559082,7.949999809265137,11445245,5.720883846282959
2023-08-10,7.96999979019165,8.0600004196167,7.929999828338623,7.989999771118164,9684533,5.749668121337891
2023-08-11,7.980000019073486,7.989999771118164,7.809999942779541,7.889999866485596,15780780,5.677707672119141
2023-08-14,7.849999904632568,7.849999904632568,7.670000076293945,7.760000228881836,13933750,5.584158420562744
2023-08-15,7.710000038146973,7.769999980926514,7.619999885559082,7.699999809265137,9583586,5.540981769561768
2023-08-16,7.699999809265137,7.699999809265137,7.449999809265137,7.5,14248389,5.397059917449951
2023-08-17,7.5,7.579999923706055,7.340000152587891,7.53000020980835,11921402,5.418649196624756
2023-08-18,7.539999961853027,7.78000020980835,7.460000038146973,7.510000228881836,14245800,5.404256820678711
2023-08-21,7.510000228881836,7.510000228881836,7.289999961853027,7.340000152587891,21506808,5.281923294067383
2023-08-22,7.349999904632568,7.5,7.300000190734863,7.429999828338623,15539220,5.3466877937316895
2023-08-23,7.429999828338623,7.570000171661377,7.380000114440918,7.460000038146973,12574260,5.368276596069336
2023-08-24,7.519999980926514,7.699999809265137,7.519999980926514,7.639999866485596,14642800,5.497805595397949
2023-08-25,7.639999866485596,7.670000076293945,7.480000019073486,7.480000019073486,13185740,5.382668495178223
2023-08-28,7.699999809265137,7.789999961853027,7.559999942779541,7.579999923706055,13421750,5.454629421234131
2023-08-29,7.559999942779541,7.710000038146973,7.53000020980835,7.699999809265137,19188674,5.540981769561768
2023-08-30,7.900000095367432,8.15999984741211,7.880000114440918,8.039999961853027,37181665,5.785648822784424
2023-08-31,8.039999961853027,8.050000190734863,7.920000076293945,8.050000190734863,36157269,5.792845249176025
2023-09-04,8.09000015258789,8.109999656677246,7.96999979019165,8.029999732971191,25787673,5.778452396392822
2023-09-05,8.029999732971191,8.09000015258789,7.880000114440918,8.069999694824219,23375051,5.807236671447754
2023-09-06,8.020000457763672,8.039999961853027,7.900000095367432,7.940000057220459,17361236,5.713688373565674
2023-09-07,7.980000019073486,8.050000190734863,7.920000076293945,8.039999961853027,20103600,5.785648822784424
2023-09-11,7.889999866485596,8.109999656677246,7.889999866485596,8.050000190734863,13684999,5.792845249176025
2023-09-12,8.039999961853027,8.100000381469727,8.0,8.069999694824219,8908582,5.807236671447754
2023-09-13,8.09000015258789,8.109999656677246,8.020000457763672,8.100000381469727,12582923,5.8288254737854
2023-09-14,8.130000114440918,8.239999771118164,8.069999694824219,8.210000038146973,20780640,5.907981872558594
2023-09-15,8.220000267028809,8.300000190734863,8.199999809265137,8.270000457763672,24428953,5.951159477233887
2023-09-18,8.229999542236328,8.25,8.09000015258789,8.130000114440918,13415537,5.850413799285889
2023-09-19,8.130000114440918,8.260000228881836,8.119999885559082,8.25,14731518,5.936766624450684
2023-09-20,8.270000457763672,8.329999923706055,8.220000267028809,8.3100004196167,19839045,5.97994327545166
2023-09-21,8.319999694824219,8.34000015258789,8.1899995803833,8.220000267028809,16429920,5.9151787757873535
2023-09-22,8.220000267028809,8.239999771118164,8.149999618530273,8.1899995803833,18338652,5.893589973449707
2023-09-25,8.15999984741211,8.210000038146973,8.130000114440918,8.1899995803833,18235830,5.893589973449707
2023-09-26,8.149999618530273,8.25,8.050000190734863,8.069999694824219,11617781,5.807236671447754
2023-09-27,8.069999694824219,8.069999694824219,7.860000133514404,7.860000133514404,27186719,5.656119346618652
2023-09-28,7.880000114440918,7.96999979019165,7.880000114440918,7.960000038146973,20185482,5.7280802726745605
2023-09-29,7.96999979019165,8.100000381469727,7.940000057220459,8.029999732971191,6040120,5.778452396392822
2023-10-03,8.029999732971191,8.050000190734863,7.670000076293945,7.739999771118164,11708045,5.569766044616699
2023-10-04,7.699999809265137,7.75,7.559999942779541,7.659999847412109,8388239,5.512197971343994
2023-10-05,7.670000076293945,7.71999979019165,7.619999885559082,7.630000114440918,3012395,5.490610122680664
2023-10-06,7.630000114440918,7.889999866485596,7.630000114440918,7.849999904632568,4775939,5.648923397064209
2023-10-09,7.849999904632568,7.880000114440918,7.78000020980835,7.849999904632568,9084878,5.648923397064209
2023-10-10,7.800000190734863,7.849999904632568,7.510000228881836,7.550000190734863,33717389,5.433040142059326
2023-10-11,7.570000171661377,7.630000114440918,7.519999980926514,7.550000190734863,17330912,5.433040142059326
2023-10-12,7.559999942779541,7.739999771118164,7.559999942779541,7.730000019073486,14872896,5.562570095062256
2023-10-13,7.730000019073486,7.730000019073486,7.599999904632568,7.659999847412109,17684373,5.512197971343994
2023-10-16,7.670000076293945,7.75,7.619999885559082,7.710000038146973,16628548,5.548178195953369
2023-10-17,7.71999979019165,7.75,7.679999828338623,7.690000057220459,11568150,5.533785343170166
2023-10-18,7.730000019073486,7.840000152587891,7.710000038146973,7.820000171661377,21931307,5.627335071563721
2023-10-19,7.75,7.809999942779541,7.659999847412109,7.679999828338623,9763258,5.526589870452881
2023-10-20,7.610000133514404,7.78000020980835,7.610000133514404,7.699999809265137,15981871,5.540981769561768
2023-10-24,7.650000095367432,7.71999979019165,7.510000228881836,7.579999923706055,17949926,5.454629421234131
2023-10-25,7.659999847412109,7.860000133514404,7.659999847412109,7.809999942779541,19193606,5.620138645172119
2023-10-26,7.809999942779541,7.869999885559082,7.739999771118164,7.760000228881836,13287505,5.584158420562744
2023-10-27,7.760000228881836,7.980000019073486,7.730000019073486,7.940000057220459,15250730,5.713688373565674
2023-10-30,7.929999828338623,8.029999732971191,7.880000114440918,7.960000038146973,10665718,5.7280802726745605
2023-10-31,7.949999809265137,7.980000019073486,7.849999904632568,7.949999809265137,17051892,5.720883846282959
2023-11-01,7.900000095367432,7.920000076293945,7.699999809265137,7.849999904632568,14796198,5.648923397064209
2023-11-02,7.920000076293945,7.96999979019165,7.880000114440918,7.949999809265137,14639325,5.720883846282959
2023-11-03,7.960000038146973,8.050000190734863,7.940000057220459,8.039999961853027,17028798,5.785648822784424
2023-11-06,8.029999732971191,8.039999961853027,7.650000095367432,7.670000076293945,41318406,5.519393444061279
2023-11-07,7.679999828338623,7.739999771118164,7.579999923706055,7.650000095367432,31965390,5.505002021789551
2023-11-08,7.650000095367432,7.71999979019165,7.610000133514404,7.670000076293945,21414658,5.519393444061279
2023-11-09,7.679999828338623,7.800000190734863,7.670000076293945,7.739999771118164,16774504,5.569766044616699
2023-11-10,7.739999771118164,7.829999923706055,7.71999979019165,7.78000020980835,15340049,5.598550796508789
2023-11-13,7.78000020980835,7.820000171661377,7.639999866485596,7.769999980926514,18141763,5.591354846954346
2023-11-14,7.78000020980835,7.909999847412109,7.730000019073486,7.880000114440918,18800731,5.670511245727539
2023-11-15,7.949999809265137,7.980000019073486,7.860000133514404,7.980000019073486,21703501,5.742471694946289
2023-11-16,7.980000019073486,8.0,7.889999866485596,7.960000038146973,19495952,5.7280802726745605
2023-11-17,7.940000057220459,7.940000057220459,7.78000020980835,7.78000020980835,29389821,5.598550796508789
2023-11-20,7.449999809265137,7.460000038146973,7.289999961853027,7.300000190734863,46453710,5.656651973724365
2023-11-21,7.360000133514404,7.440000057220459,7.309999942779541,7.349999904632568,21069700,5.695395469665527
2023-11-22,7.329999923706055,7.340000152587891,7.170000076293945,7.199999809265137,25508900,5.579163074493408
2023-11-23,7.199999809265137,7.309999942779541,7.170000076293945,7.309999942779541,19231149,5.664400577545166
2023-11-24,7.300000190734863,7.309999942779541,7.230000019073486,7.25,10441450,5.617907524108887
2023-11-27,7.28000020980835,7.28000020980835,7.119999885559082,7.179999828338623,18985851,5.56366491317749
2023-11-28,7.179999828338623,7.199999809265137,7.110000133514404,7.159999847412109,15185147,5.548167705535889
2023-11-29,7.190000057220459,7.190000057220459,7.0,7.039999961853027,18962226,5.45518159866333
2023-11-30,7.039999961853027,7.239999771118164,6.989999771118164,7.199999809265137,34405969,5.579163074493408
2023-12-01,7.239999771118164,7.289999961853027,7.210000038146973,7.230000019073486,10460357,5.602409839630127
2023-12-04,7.230000019073486,7.389999866485596,7.199999809265137,7.269999980926514,17378040,5.633404731750488
2023-12-05,7.269999980926514,7.289999961853027,7.059999942779541,7.119999885559082,18922148,5.517172336578369
2023-12-06,7.119999885559082,7.150000095367432,7.03000020980835,7.070000171661377,16268627,5.478427886962891
2023-12-07,7.070000171661377,7.070000171661377,6.900000095367432,6.920000076293945,17670731,5.3621954917907715
2023-12-08,6.96999979019165,6.989999771118164,6.900000095367432,6.980000019073486,11660200,5.408689022064209
2023-12-11,6.96999979019165,6.989999771118164,6.849999904632568,6.989999771118164,11207836,5.416437149047852
2023-12-12,7.0,7.130000114440918,6.940000057220459,7.119999885559082,11728953,5.517172336578369
2023-12-13,7.119999885559082,7.119999885559082,6.949999809265137,6.960000038146973,11323544,5.393190860748291
2023-12-14,7.019999980926514,7.070000171661377,7.0,7.03000020980835,13263755,5.4474334716796875
2023-12-15,7.050000190734863,7.21999979019165,7.050000190734863,7.179999828338623,33060870,5.56366491317749
2023-12-18,7.510000228881836,7.71999979019165,7.449999809265137,7.71999979019165,80621726,5.982102394104004
2023-12-19,7.71999979019165,7.71999979019165,7.539999961853027,7.630000114440918,19233627,5.912363529205322
2023-12-20,7.699999809265137,7.769999980926514,7.550000190734863,7.610000133514404,18386795,5.896865367889404
2023-12-21,7.610000133514404,7.960000038146973,7.559999942779541,7.940000057220459,34479017,6.1525774002075195
2023-12-22,7.980000019073486,8.149999618530273,7.96999979019165,8.0600004196167,38436285,6.245563507080078
2023-12-27,7.909999847412109,7.949999809265137,7.75,7.820000171661377,27579754,6.059591293334961
2023-12-28,7.860000133514404,7.860000133514404,7.670000076293945,7.820000171661377,18165689,6.059591293334961
2023-12-29,7.809999942779541,7.860000133514404,7.739999771118164,7.849999904632568,11220031,6.0828375816345215
2024-01-02,7.909999847412109,8.09000015258789,7.909999847412109,7.929999828338623,22684364,6.144827842712402
2024-01-03,8.0,8.050000190734863,7.900000095367432,7.949999809265137,19089086,6.160325527191162
2024-01-04,8.010000228881836,8.34000015258789,8.010000228881836,8.279999732971191,53555677,6.416037082672119
2024-01-05,8.380000114440918,8.380000114440918,8.199999809265137,8.270000457763672,24717692,6.408289432525635
2024-01-08,8.380000114440918,8.40999984741211,8.210000038146973,8.239999771118164,21006206,6.3850417137146
2024-01-09,8.140000343322754,8.140000343322754,7.820000171661377,8.020000457763672,26021675,6.214568138122559
2024-01-10,7.849999904632568,7.900000095367432,7.539999961853027,7.599999904632568,52755418,5.8891167640686035
2024-01-11,7.650000095367432,7.710000038146973,7.559999942779541,7.630000114440918,19335261,5.912363529205322
2024-01-12,7.75,7.889999866485596,7.710000038146973,7.869999885559082,18666692,6.098335266113281
2024-01-15,8.020000457763672,8.279999732971191,8.0,8.119999885559082,26755427,6.292056083679199
2024-01-16,8.119999885559082,8.180000305175781,7.989999771118164,8.029999732971191,15926131,6.222316265106201
2024-01-17,8.029999732971191,8.069999694824219,7.75,7.789999961853027,22317144,6.0363450050354
2024-01-18,7.809999942779541,7.909999847412109,7.679999828338623,7.880000114440918,26080240,6.106083869934082
2024-01-19,7.900000095367432,7.900000095367432,7.769999980926514,7.849999904632568,20554612,6.0828375816345215
2024-01-22,7.849999904632568,7.909999847412109,7.690000057220459,7.820000171661377,27622314,6.059591293334961
2024-01-23,7.829999923706055,7.949999809265137,7.670000076293945,7.929999828338623,16490623,6.144827842712402
2024-01-24,7.940000057220459,8.229999542236328,7.920000076293945,8.220000267028809,21483273,6.369544982910156
2024-01-25,8.25,8.40999984741211,8.220000267028809,8.380000114440918,34405667,6.493525505065918
2024-01-26,8.40999984741211,8.479999542236328,8.369999885559082,8.399999618530273,36000946,6.509023189544678
2024-01-29,8.350000381469727,8.470000267028809,8.279999732971191,8.4399995803833,23942743,6.5400190353393555
2024-01-30,8.430000305175781,8.460000038146973,8.260000228881836,8.279999732971191,19905154,6.416037082672119
2024-01-31,8.270000457763672,8.380000114440918,8.170000076293945,8.210000038146973,21245652,6.361795425415039
2024-02-01,8.210000038146973,8.329999923706055,8.180000305175781,8.3100004196167,16401887,6.439284324645996
2024-02-02,8.289999961853027,8.289999961853027,8.069999694824219,8.149999618530273,22768983,6.31530237197876
2024-02-05,8.15999984741211,8.199999809265137,8.079999923706055,8.149999618530273,15063929,6.31530237197876
2024-02-06,8.15999984741211,8.369999885559082,8.140000343322754,8.319999694824219,21454950,6.447032928466797
2024-02-07,8.390000343322754,8.390000343322754,8.239999771118164,8.289999961853027,13375573,6.42378568649292
2024-02-08,8.260000228881836,8.329999923706055,8.220000267028809,8.260000228881836,12559712,6.400539875030518
2024-02-09,8.119999885559082,8.149999618530273,7.619999885559082,7.710000038146973,25817632,5.974353790283203
2024-02-14,7.710000038146973,7.940000057220459,7.690000057220459,7.940000057220459,11484982,6.1525774002075195
2024-02-15,7.940000057220459,8.09000015258789,7.880000114440918,8.050000190734863,7403692,6.237814426422119
2024-02-16,8.050000190734863,8.350000381469727,8.050000190734863,8.329999923706055,11663075,6.454781532287598
2024-02-19,8.34000015258789,8.380000114440918,8.270000457763672,8.380000114440918,19358468,6.493525505065918
2024-02-20,8.319999694824219,8.430000305175781,8.3100004196167,8.399999618530273,16116160,6.509023189544678
2024-02-21,8.380000114440918,8.569999694824219,8.319999694824219,8.529999732971191,25322369,6.6097588539123535
2024-02-22,8.529999732971191,8.800000190734863,8.529999732971191,8.800000190734863,36621643,6.818976879119873
2024-02-23,8.880000114440918,8.989999771118164,8.739999771118164,8.789999961853027,26938491,6.811227798461914
2024-02-26,8.800000190734863,8.819999694824219,8.600000381469727,8.65999984741211,12295169,6.7104926109313965
2024-02-27,8.640000343322754,8.640000343322754,8.460000038146973,8.550000190734863,17847054,6.625256061553955
2024-02-28,8.510000228881836,8.579999923706055,8.430000305175781,8.4399995803833,16913138,6.5400190353393555
2024-02-29,8.430000305175781,8.5600004196167,8.40999984741211,8.4399995803833,33795372,6.5400190353393555
2024-03-01,8.40999984741211,8.520000457763672,8.380000114440918,8.449999809265137,16382822,6.547767639160156
2024-03-04,8.489999771118164,8.550000190734863,8.420000076293945,8.520000457763672,8173950,6.602009296417236
2024-03-05,8.460000038146973,8.569999694824219,8.420000076293945,8.479999542236328,11403375,6.571013927459717
2024-03-06,8.430000305175781,8.489999771118164,8.369999885559082,8.449999809265137,10944214,6.547767639160156
2024-03-07,8.449999809265137,8.569999694824219,8.40999984741211,8.449999809265137,11729661,6.547767639160156
2024-03-08,8.449999809265137,8.720000267028809,8.420000076293945,8.680000305175781,23352309,6.725991725921631
2024-03-11,8.680000305175781,8.829999923706055,8.619999885559082,8.670000076293945,18156771,6.718242168426514
2024-03-12,8.640000343322754,8.680000305175781,8.569999694824219,8.59000015258789,17074941,6.656251430511475
2024-03-13,8.640000343322754,8.640000343322754,8.399999618530273,8.4399995803833,24140381,6.5400190353393555
2024-03-14,8.380000114440918,8.649999618530273,8.380000114440918,8.630000114440918,17441807,6.687247276306152
2024-03-15,8.579999923706055,8.630000114440918,8.399999618530273,8.529999732971191,20989345,6.6097588539123535
2024-03-18,8.539999961853027,8.539999961853027,8.4399995803833,8.520000457763672,13250783,6.602009296417236
2024-03-19,8.4399995803833,8.449999809265137,8.199999809265137,8.199999809265137,29177623,6.354046821594238
2024-03-20,8.199999809265137,8.289999961853027,8.1899995803833,8.270000457763672,15908370,6.408289432525635
2024-03-21,8.270000457763672,8.34000015258789,8.210000038146973,8.3100004196167,18368996,6.439284324645996
2024-03-22,8.210000038146973,8.289999961853027,8.0,8.020000457763672,33786630,6.214568138122559
2024-03-25,7.96999979019165,8.149999618530273,7.96999979019165,8.010000228881836,16832150,6.2068190574646
2024-03-26,8.079999923706055,8.100000381469727,7.96999979019165,7.96999979019165,21344119,6.17582368850708
2024-03-27,7.96999979019165,8.149999618530273,7.929999828338623,8.100000381469727,18749190,6.276558876037598
2024-03-28,8.100000381469727,8.300000190734863,8.039999961853027,8.229999542236328,21117320,6.377292633056641
2024-04-02,8.289999961853027,8.489999771118164,8.239999771118164,8.4399995803833,31794513,6.5400190353393555
2024-04-03,8.479999542236328,8.550000190734863,8.390000343322754,8.550000190734863,28717736,6.625256061553955
2024-04-05,8.600000381469727,8.699999809265137,8.489999771118164,8.5,10037971,6.586511611938477
2024-04-08,8.479999542236328,8.680000305175781,8.420000076293945,8.619999885559082,26584630,6.679497718811035
2024-04-09,8.619999885559082,8.640000343322754,8.529999732971191,8.640000343322754,16834645,6.694995880126953
2024-04-10,8.649999618530273,8.699999809265137,8.59000015258789,8.699999809265137,24403534,6.741489410400391
2024-04-11,8.630000114440918,8.760000228881836,8.550000190734863,8.760000228881836,20574859,6.7879815101623535
2024-04-12,8.800000190734863,8.8100004196167,8.670000076293945,8.699999809265137,21518731,6.741489410400391
2024-04-15,8.649999618530273,8.75,8.569999694824219,8.6899995803833,19899910,6.733739852905273
2024-04-16,8.729999542236328,8.779999732971191,8.529999732971191,8.539999961853027,14871100,6.6175079345703125
2024-04-17,8.539999961853027,8.6899995803833,8.479999542236328,8.640000343322754,12413952,6.694995880126953
2024-04-18,8.529999732971191,8.720000267028809,8.529999732971191,8.640000343322754,11188926,6.694995880126953
2024-04-19,8.640000343322754,9.010000228881836,8.630000114440918,8.899999618530273,56855788,6.896464824676514
2024-04-22,8.90999984741211,9.260000228881836,8.90999984741211,9.109999656677246,66667551,7.059189796447754
2024-04-23,9.130000114440918,9.239999771118164,9.020000457763672,9.140000343322754,37923025,7.082437992095947
2024-04-24,9.15999984741211,9.25,9.09000015258789,9.25,22468450,7.167675018310547
2024-04-25,9.25,9.4399995803833,9.220000267028809,9.40999984741211,34405344,7.29165506362915
2024-04-26,9.40999984741211,9.550000190734863,9.300000190734863,9.5,48364729,7.361396312713623
2024-04-29,9.569999694824219,9.8100004196167,9.470000267028809,9.529999732971191,28114188,7.384641170501709
2024-04-30,9.600000381469727,10.199999809265137,9.539999961853027,10.15999984741211,94615706,7.872818946838379
2024-05-02,9.989999771118164,10.279999732971191,9.989999771118164,10.220000267028809,20035798,7.919311046600342
2024-05-03,10.300000190734863,10.520000457763672,10.079999923706055,10.460000038146973,20010581,8.105284690856934
2024-05-06,10.5600004196167,10.5600004196167,10.279999732971191,10.420000076293945,32274350,8.074287414550781
2024-05-07,10.460000038146973,10.600000381469727,10.420000076293945,10.600000381469727,28904823,8.21376895904541
2024-05-08,10.579999923706055,10.720000267028809,10.460000038146973,10.680000305175781,33702384,8.275758743286133
2024-05-09,10.779999732971191,11.520000457763672,10.779999732971191,11.420000076293945,68555861,8.849172592163086
2024-05-10,11.65999984741211,11.859999656677246,11.399999618530273,11.699999809265137,50685357,9.066139221191406
2024-05-13,12.0,12.479999542236328,11.979999542236328,12.359999656677246,67455871,9.577563285827637
2024-05-14,12.34000015258789,12.619999885559082,12.199999809265137,12.5600004196167,55948477,9.732539176940918
2024-05-16,12.640000343322754,13.119999885559082,12.460000038146973,12.539999961853027,64939788,9.717041969299316
2024-05-17,12.680000305175781,12.899999618530273,12.359999656677246,12.680000305175781,42574007,9.82552719116211
2024-05-20,12.800000190734863,13.039999961853027,12.619999885559082,12.800000190734863,30341282,9.918512344360352
2024-05-21,12.800000190734863,12.84000015258789,12.479999542236328,12.579999923706055,26867441,9.748039245605469
2024-05-22,12.539999961853027,12.640000343322754,12.380000114440918,12.479999542236328,24475472,9.670549392700195
2024-05-23,12.479999542236328,12.65999984741211,12.34000015258789,12.479999542236328,22894057,9.670549392700195
2024-05-24,12.319999694824219,12.600000381469727,12.220000267028809,12.5600004196167,27555408,9.732539176940918
2024-05-27,12.859999656677246,13.34000015258789,12.819999694824219,13.180000305175781,52864588,10.212967872619629
2024-05-28,13.199999809265137,13.880000114440918,13.119999885559082,13.600000381469727,50067526,10.538419723510742
2024-05-29,13.600000381469727,13.84000015258789,13.5,13.680000305175781,32435229,10.600410461425781
2024-05-30,13.680000305175781,13.680000305175781,12.960000038146973,13.119999885559082,46387284,10.166475296020508
2024-05-31,13.0,13.220000267028809,12.899999618530273,13.0600004196167,45386626,10.318641662597656
2024-06-03,13.279999732971191,14.100000381469727,13.279999732971191,13.880000114440918,54402757,10.966519355773926
2024-06-04,13.760000228881836,14.220000267028809,13.5600004196167,14.079999923706055,50398664,11.12453842163086
2024-06-05,14.0600004196167,14.319999694824219,13.859999656677246,14.0,32967821,11.061331748962402
2024-06-06,14.279999732971191,14.979999542236328,14.279999732971191,14.600000381469727,58605989,11.535388946533203
2024-06-07,14.65999984741211,15.119999885559082,14.5,15.039999961853027,46208285,11.88302993774414
2024-06-11,15.0,15.140000343322754,12.899999618530273,13.100000381469727,132926054,10.35024642944336
2024-06-12,13.239999771118164,13.420000076293945,12.5,13.15999984741211,77527732,10.397651672363281
2024-06-13,13.220000267028809,13.420000076293945,12.699999809265137,13.140000343322754,31696419,10.381850242614746
2024-06-14,13.399999618530273,13.640000343322754,13.220000267028809,13.520000457763672,39900371,10.682085990905762
2024-06-17,13.380000114440918,13.380000114440918,12.819999694824219,13.199999809265137,34855197,10.429255485534668
2024-06-18,13.300000190734863,13.9399995803833,13.300000190734863,13.920000076293945,43990330,10.998123168945312
2024-06-19,13.899999618530273,14.140000343322754,13.84000015258789,14.020000457763672,24143130,11.077132225036621
2024-06-20,14.199999809265137,14.680000305175781,14.100000381469727,14.600000381469727,45343243,11.535388946533203
2024-06-21,14.5,14.779999732971191,13.9399995803833,14.100000381469727,57031558,11.140341758728027
2024-06-24,14.199999809265137,14.279999732971191,13.859999656677246,14.020000457763672,23378713,11.077132225036621
2024-06-25,14.020000457763672,14.260000228881836,13.739999771118164,13.979999542236328,19339510,11.045528411865234
2024-06-26,13.800000190734863,13.9399995803833,13.5,13.859999656677246,29552678,10.950716972351074
2024-06-27,13.800000190734863,13.899999618530273,13.180000305175781,13.359999656677246,41122591,10.555669784545898
2024-06-28,13.220000267028809,13.779999732971191,13.220000267028809,13.65999984741211,30966971,10.792699813842773
2024-07-02,13.979999542236328,14.399999618530273,13.979999542236328,14.279999732971191,34844178,11.282557487487793
2024-07-03,14.399999618530273,14.399999618530273,13.819999694824219,13.899999618530273,22739870,10.982321739196777
2024-07-04,14.0,14.119999885559082,13.819999694824219,13.880000114440918,18779696,10.966519355773926
2024-07-05,13.899999618530273,13.920000076293945,13.359999656677246,13.460000038146973,28087488,10.634679794311523
2024-07-08,12.800000190734863,12.899999618530273,12.020000457763672,12.380000114440918,94756309,9.781376838684082
2024-07-09,12.34000015258789,12.520000457763672,12.039999961853027,12.520000457763672,33613595,9.89199161529541
2024-07-10,12.579999923706055,12.65999984741211,12.199999809265137,12.300000190734863,26740043,9.718169212341309
2024-07-11,12.279999732971191,12.420000076293945,11.819999694824219,11.920000076293945,49420915,9.417933464050293
2024-07-12,11.600000381469727,11.739999771118164,11.0,11.5,95200261,9.08609390258789
2024-07-15,11.399999618530273,11.65999984741211,11.279999732971191,11.399999618530273,31198208,9.00708293914795
2024-07-16,11.380000114440918,11.399999618530273,11.020000457763672,11.239999771118164,33049321,8.880667686462402
2024-07-17,11.100000381469727,11.180000305175781,10.760000228881836,11.039999961853027,38689783,8.722649574279785
2024-07-18,10.960000038146973,11.039999961853027,10.779999732971191,10.920000076293945,23757737,8.627839088439941
2024-07-19,10.84000015258789,10.84000015258789,10.5,10.619999885559082,31031382,8.390810012817383
2024-07-22,10.479999542236328,10.84000015258789,10.399999618530273,10.800000190734863,21995425,8.533026695251465
2024-07-23,10.9399995803833,11.119999885559082,10.760000228881836,10.800000190734863,23009494,8.533026695251465
2024-07-24,10.859999656677246,10.920000076293945,10.640000343322754,10.819999694824219,13561548,8.548829078674316
2024-07-25,10.760000228881836,10.880000114440918,10.5600004196167,10.760000228881836,18314076,8.501423835754395
2024-07-26,10.779999732971191,11.020000457763672,10.699999809265137,10.739999771118164,12654656,8.485620498657227
2024-07-29,10.800000190734863,11.15999984741211,10.680000305175781,11.0,35527690,8.691046714782715
2024-07-30,11.100000381469727,11.119999885559082,10.720000267028809,10.760000228881836,17598751,8.501423835754395
2024-07-31,10.760000228881836,11.239999771118164,10.600000381469727,11.140000343322754,25594837,8.80165958404541
2024-08-01,11.300000190734863,11.460000038146973,11.199999809265137,11.380000114440918,20334393,8.991283416748047
2024-08-02,11.300000190734863,11.300000190734863,10.899999618530273,11.140000343322754,15735349,8.80165958404541
2024-08-05,10.9399995803833,11.119999885559082,10.600000381469727,10.699999809265137,33101312,8.454017639160156
2024-08-06,10.899999618530273,10.979999542236328,10.520000457763672,10.579999923706055,18330124,8.359206199645996
2024-08-07,10.579999923706055,10.859999656677246,10.5600004196167,10.800000190734863,11516612,8.533026695251465
2024-08-08,10.65999984741211,10.680000305175781,10.220000267028809,10.380000114440918,29912111,8.201186180114746
2024-08-09,10.399999618530273,10.539999961853027,10.260000228881836,10.399999618530273,20798546,8.216988563537598
2024-08-12,10.399999618530273,10.619999885559082,10.380000114440918,10.600000381469727,9672579,8.375009536743164
2024-08-13,10.699999809265137,10.920000076293945,10.619999885559082,10.800000190734863,15060862,8.533026695251465
2024-08-14,10.65999984741211,10.739999771118164,10.520000457763672,10.5600004196167,9516592,8.343405723571777
2024-08-15,10.5600004196167,10.800000190734863,10.4399995803833,10.720000267028809,12161119,8.469820022583008
2024-08-16,10.720000267028809,11.079999923706055,10.720000267028809,11.020000457763672,15378127,8.706849098205566
2024-08-19,10.920000076293945,11.140000343322754,10.739999771118164,10.819999694824219,15419916,8.548829078674316
2024-08-20,10.9399995803833,11.020000457763672,10.520000457763672,10.65999984741211,14178314,8.42241382598877
2024-08-21,10.640000343322754,10.699999809265137,10.420000076293945,10.640000343322754,12260084,8.406612396240234
2024-08-22,10.640000343322754,10.9399995803833,10.420000076293945,10.9399995803833,13080420,8.64363956451416
2024-08-23,10.720000267028809,10.800000190734863,10.4399995803833,10.479999542236328,22232700,8.280196189880371
2024-08-26,10.479999542236328,10.760000228881836,10.479999542236328,10.760000228881836,9509559,8.501423835754395
2024-08-27,10.539999961853027,10.920000076293945,10.520000457763672,10.899999618530273,14914943,8.612035751342773
2024-08-28,10.899999618530273,11.0,10.739999771118164,10.779999732971191,16285100,8.517223358154297
2024-08-29,10.699999809265137,10.699999809265137,10.4399995803833,10.619999885559082,16023282,8.390810012817383
2024-08-30,10.880000114440918,11.079999923706055,10.640000343322754,10.699999809265137,33081821,8.454017639160156
2024-09-02,10.720000267028809,10.920000076293945,10.680000305175781,10.739999771118164,11872021,8.485620498657227
2024-09-03,10.899999618530273,10.899999618530273,10.380000114440918,10.460000038146973,21386484,8.264395713806152
2024-09-04,10.460000038146973,10.520000457763672,10.34000015258789,10.4399995803833,17561989,8.248592376708984
2024-09-05,10.4399995803833,10.4399995803833,10.039999961853027,10.119999885559082,30517515,7.995761871337891
2024-09-09,10.020000457763672,10.020000457763672,9.600000381469727,9.779999732971191,54382101,7.727129936218262
2024-09-10,9.800000190734863,9.880000114440918,9.529999732971191,9.729999542236328,27517797,7.687624931335449
2024-09-11,9.640000343322754,9.699999809265137,9.520000457763672,9.600000381469727,18508086,7.58491325378418
2024-09-12,9.670000076293945,9.920000076293945,9.619999885559082,9.890000343322754,29448750,7.8140411376953125
2024-09-13,9.949999809265137,10.300000190734863,9.899999618530273,10.260000228881836,31840403,8.106375694274902
2024-09-16,10.260000228881836,10.479999542236328,10.119999885559082,10.479999542236328,9623894,8.280196189880371
2024-09-17,10.520000457763672,10.619999885559082,10.34000015258789,10.479999542236328,6523721,8.280196189880371
2024-09-19,10.600000381469727,11.0600004196167,10.5,10.920000076293945,47930813,8.627839088439941
2024-09-20,10.880000114440918,11.279999732971191,10.880000114440918,11.239999771118164,31759386,8.880667686462402
2024-09-23,11.260000228881836,11.520000457763672,11.239999771118164,11.4399995803833,23682423,9.038687705993652
2024-09-24,11.5,11.920000076293945,11.5,11.899999618530273,36905826,9.402132034301758
2024-09-25,12.300000190734863,12.359999656677246,11.880000114440918,12.0,48112763,9.481141090393066
2024-09-26,11.899999618530273,12.520000457763672,11.899999618530273,12.5,58549265,9.876188278198242
2024-09-27,12.5600004196167,12.960000038146973,12.239999771118164,12.84000015258789,65888561,10.144820213317871
2024-09-30,13.140000343322754,13.300000190734863,12.640000343322754,13.039999961853027,84907113,10.302840232849121
2024-10-02,13.199999809265137,13.34000015258789,12.819999694824219,13.260000228881836,46895495,10.47666072845459
2024-10-03,13.100000381469727,13.359999656677246,12.5600004196167,13.140000343322754,31493799,10.381850242614746
2024-10-04,12.359999656677246,12.5,11.5,12.180000305175781,93759470,9.623358726501465
2024-10-07,12.380000114440918,12.859999656677246,12.380000114440918,12.739999771118164,59313773,10.065811157226562
2024-10-08,13.479999542236328,13.479999542236328,12.119999885559082,12.300000190734863,171855900,10.172606468200684
2024-10-09,12.520000457763672,12.539999961853027,11.279999732971191,11.34000015258789,100716317,9.378646850585938
2024-10-10,11.600000381469727,12.34000015258789,11.600000381469727,11.84000015258789,73999388,9.792167663574219
2024-10-14,11.9399995803833,12.220000267028809,11.739999771118164,11.880000114440918,43885573,9.825248718261719
2024-10-15,12.0,12.039999961853027,11.4399995803833,11.5600004196167,41827125,9.560595512390137
2024-10-16,11.539999961853027,11.880000114440918,11.4399995803833,11.539999961853027,36392598,9.54405403137207
2024-10-17,11.600000381469727,11.739999771118164,11.199999809265137,11.300000190734863,36664359,9.345564842224121
2024-10-18,11.319999694824219,11.800000190734863,11.140000343322754,11.699999809265137,57283433,9.676380157470703
2024-10-21,12.300000190734863,12.34000015258789,11.5600004196167,11.65999984741211,63614251,9.643299102783203
2024-10-22,11.720000267028809,12.020000457763672,11.720000267028809,11.979999542236328,43359750,9.907953262329102
2024-10-23,12.0600004196167,12.0600004196167,11.880000114440918,11.960000038146973,29758525,9.891411781311035
2024-10-24,11.899999618530273,12.020000457763672,11.760000228881836,11.9399995803833,11319974,9.874870300292969
2024-10-25,11.920000076293945,12.140000343322754,11.819999694824219,11.920000076293945,22637220,9.858330726623535
2024-10-28,11.880000114440918,11.899999618530273,11.720000267028809,11.739999771118164,18300490,9.709463119506836
2024-10-29,11.899999618530273,11.920000076293945,11.600000381469727,11.680000305175781,17116850,9.65984058380127
2024-10-30,11.65999984741211,11.699999809265137,11.239999771118164,11.34000015258789,29091925,9.378646850585938
2024-10-31,11.539999961853027,11.800000190734863,11.4399995803833,11.539999961853027,33246617,9.54405403137207
2024-11-01,11.720000267028809,12.600000381469727,11.699999809265137,12.460000038146973,69872739,10.304932594299316
2024-11-04,12.479999542236328,12.579999923706055,12.319999694824219,12.5,26690170,10.338014602661133
2024-11-05,12.539999961853027,12.680000305175781,12.460000038146973,12.640000343322754,26677281,10.453801155090332
2024-11-06,12.640000343322754,12.65999984741211,12.100000381469727,12.199999809265137,34345463,10.089900970458984
2024-11-07,12.020000457763672,12.260000228881836,11.899999618530273,12.220000267028809,34618071,10.10644245147705
2024-11-08,12.34000015258789,12.420000076293945,12.119999885559082,12.220000267028809,29197724,10.10644245147705
2024-11-11,12.039999961853027,12.140000343322754,11.800000190734863,11.9399995803833,28866040,9.874870300292969
2024-11-12,11.920000076293945,12.020000457763672,11.4399995803833,11.520000457763672,36555354,9.527514457702637
2024-11-13,11.520000457763672,11.84000015258789,11.460000038146973,11.680000305175781,28354065,9.65984058380127
2024-11-14,11.680000305175781,11.819999694824219,11.479999542236328,11.5600004196167,20283814,9.560595512390137
2024-11-15,11.680000305175781,12.079999923706055,11.680000305175781,11.819999694824219,41160855,9.775625228881836
2024-11-18,11.9399995803833,12.279999732971191,11.899999618530273,12.0600004196167,28872412,9.974116325378418
2024-11-19,12.119999885559082,12.279999732971191,11.84000015258789,11.880000114440918,18381650,9.825248718261719
2024-11-20,11.899999618530273,12.039999961853027,11.84000015258789,11.979999542236328,9561109,9.907953262329102
2024-11-21,12.0,12.100000381469727,11.920000076293945,11.979999542236328,15539785,9.907953262329102
2024-11-22,11.960000038146973,12.039999961853027,11.5600004196167,11.600000381469727,19726940,9.593677520751953
2024-11-25,11.600000381469727,11.779999732971191,11.5,11.520000457763672,20875392,9.527514457702637
2024-11-26,11.359999656677246,11.380000114440918,11.0,11.039999961853027,34996318,9.130534172058105
2024-11-27,11.020000457763672,11.119999885559082,10.739999771118164,11.0600004196167,26902356,9.147075653076172
2024-11-28,11.0600004196167,11.100000381469727,10.819999694824219,10.84000015258789,15381990,8.96512508392334
2024-11-29,10.859999656677246,10.960000038146973,10.779999732971191,10.880000114440918,14061275,8.998208045959473
2024-12-02,10.979999542236328,11.180000305175781,10.899999618530273,11.140000343322754,13632671,9.213238716125488
2024-12-03,11.180000305175781,11.460000038146973,11.15999984741211,11.4399995803833,18305774,9.461349487304688
2024-12-04,11.479999542236328,11.5,11.300000190734863,11.420000076293945,10520314,9.444808959960938
2024-12-05,11.420000076293945,11.420000076293945,11.239999771118164,11.300000190734863,8037556,9.345564842224121
2024-12-06,11.300000190734863,11.420000076293945,11.300000190734863,11.34000015258789,9997066,9.378646850585938
2024-12-09,11.34000015258789,11.640000343322754,11.279999732971191,11.640000343322754,14834421,9.626758575439453
2024-12-10,11.720000267028809,11.859999656677246,11.460000038146973,11.520000457763672,17096213,9.527514457702637
2024-12-11,11.520000457763672,11.760000228881836,11.5,11.699999809265137,17279188,9.676380157470703
2024-12-12,11.640000343322754,11.960000038146973,11.640000343322754,11.9399995803833,20938387,9.874870300292969
2024-12-13,11.84000015258789,12.380000114440918,11.720000267028809,12.199999809265137,66353272,10.089900970458984
2024-12-16,12.199999809265137,12.5,12.180000305175781,12.479999542236328,45025543,10.321473121643066
2024-12-17,12.420000076293945,12.800000190734863,12.399999618530273,12.5,40849950,10.338014602661133
2024-12-18,12.5,12.600000381469727,12.399999618530273,12.539999961853027,23817191,10.371095657348633
2024-12-19,12.460000038146973,12.460000038146973,12.15999984741211,12.260000228881836,30012110,10.139524459838867
2024-12-20,12.300000190734863,12.359999656677246,11.9399995803833,11.9399995803833,31280089,9.874870300292969
2024-12-23,11.9399995803833,12.279999732971191,11.9399995803833,12.239999771118164,17828802,10.122983932495117
2024-12-24,12.680000305175781,12.680000305175781,12.680000305175781,12.680000305175781,0,10.486881256103516
2024-12-27,12.720000267028809,12.84000015258789,12.4399995803833,12.739999771118164,24501742,10.536503791809082
2024-12-30,12.720000267028809,13.0,12.720000267028809,12.960000038146973,20890048,10.718452453613281
2024-12-31,12.800000190734863,12.800000190734863,12.800000190734863,12.800000190734863,0,10.586126327514648
2025-01-02,12.819999694824219,12.920000076293945,12.380000114440918,12.539999961853027,15338350,10.371095657348633
2025-01-03,12.539999961853027,12.920000076293945,12.5,12.779999732971191,26585526,10.569584846496582
2025-01-06,12.920000076293945,12.920000076293945,12.539999961853027,12.680000305175781,16396890,10.486881256103516
2025-01-07,12.5,12.5,12.119999885559082,12.260000228881836,35482227,10.139524459838867
2025-01-08,12.260000228881836,12.399999618530273,12.0600004196167,12.199999809265137,15260904,10.089900970458984
2025-01-09,12.199999809265137,12.199999809265137,11.100000381469727,11.619999885559082,50595883,9.610218048095703
2025-01-10,11.680000305175781,11.739999771118164,11.420000076293945,11.600000381469727,24199210,9.593677520751953
2025-01-13,11.699999809265137,12.0,11.65999984741211,11.819999694824219,39022547,9.775625228881836
2025-01-14,11.739999771118164,12.0,11.699999809265137,11.9399995803833,20774826,9.874870300292969
2025-01-15,11.979999542236328,12.119999885559082,11.84000015258789,11.899999618530273,15728916,9.841789245605469
2025-01-16,11.779999732971191,11.920000076293945,11.680000305175781,11.819999694824219,31036772,9.775625228881836
2025-01-17,11.84000015258789,11.84000015258789,11.640000343322754,11.720000267028809,26872400,9.692922592163086
2025-01-20,11.779999732971191,11.779999732971191,11.5,11.579999923706055,40170091,9.577136039733887
2025-01-21,11.619999885559082,11.680000305175781,11.5,11.579999923706055,26449619,9.577136039733887
2025-01-22,11.5600004196167,11.579999923706055,11.399999618530273,11.520000457763672,25380359,9.527514457702637
2025-01-23,11.579999923706055,11.779999732971191,11.579999923706055,11.760000228881836,21949889,9.726003646850586
2025-01-24,11.760000228881836,11.779999732971191,11.65999984741211,11.739999771118164,23958714,9.709463119506836
2025-01-27,11.84000015258789,11.920000076293945,11.760000228881836,11.800000190734863,23280238,9.759085655212402
2025-01-28,11.680000305175781,11.680000305175781,11.680000305175781,11.680000305175781,0,9.65984058380127
2025-02-03,11.600000381469727,11.600000381469727,11.180000305175781,11.319999694824219,22913833,9.362105369567871
2025-02-04,11.460000038146973,11.460000038146973,11.239999771118164,11.4399995803833,21279551,9.461349487304688
2025-02-05,11.539999961853027,11.739999771118164,11.539999961853027,11.739999771118164,29018675,9.709463119506836
2025-02-06,11.739999771118164,11.899999618530273,11.619999885559082,11.899999618530273,18677634,9.841789245605469
2025-02-07,11.9399995803833,12.199999809265137,11.84000015258789,12.199999809265137,28480194,10.089900970458984
2025-02-10,12.140000343322754,12.15999984741211,11.920000076293945,12.100000381469727,18631580,10.007197380065918
2025-02-11,12.260000228881836,12.460000038146973,12.180000305175781,12.260000228881836,25932335,10.139524459838867
2025-02-12,12.359999656677246,12.5600004196167,12.260000228881836,12.399999618530273,27527809,10.25531005859375
2025-02-13,12.34000015258789,12.34000015258789,12.15999984741211,12.199999809265137,23977515,10.089900970458984
2025-02-14,12.239999771118164,12.600000381469727,12.239999771118164,12.5600004196167,24699375,10.3876371383667
2025-02-17,12.5600004196167,12.760000228881836,12.520000457763672,12.680000305175781,26796746,10.486881256103516
2025-02-18,12.640000343322754,12.779999732971191,12.5600004196167,12.760000228881836,17639482,10.553045272827148
2025-02-19,12.760000228881836,12.760000228881836,12.479999542236328,12.520000457763672,14872585,10.3545560836792
2025-02-20,12.460000038146973,12.520000457763672,12.260000228881836,12.319999694824219,13456347,10.189146041870117
2025-02-21,12.319999694824219,12.4399995803833,12.199999809265137,12.239999771118164,17505563,10.122983932495117
2025-02-24,11.9399995803833,11.960000038146973,11.220000267028809,11.680000305175781,57283584,9.65984058380127
2025-02-25,11.680000305175781,11.760000228881836,11.520000457763672,11.520000457763672,20366740,9.527514457702637
2025-02-26,11.619999885559082,11.779999732971191,11.579999923706055,11.640000343322754,16022460,9.626758575439453
2025-02-27,11.65999984741211,11.779999732971191,11.600000381469727,11.739999771118164,13814587,9.709463119506836
2025-02-28,11.739999771118164,11.739999771118164,11.380000114440918,11.420000076293945,30095821,9.444808959960938
2025-03-03,11.380000114440918,11.5600004196167,11.34000015258789,11.399999618530273,13295196,9.428269386291504
2025-03-04,11.300000190734863,11.520000457763672,11.239999771118164,11.460000038146973,11201417,9.477890968322754
2025-03-05,11.520000457763672,11.619999885559082,11.460000038146973,11.619999885559082,13848793,9.610218048095703
2025-03-06,11.699999809265137,11.699999809265137,11.539999961853027,11.699999809265137,17929296,9.676380157470703
2025-03-07,11.739999771118164,11.779999732971191,11.600000381469727,11.65999984741211,16282131,9.643299102783203
2025-03-10,11.65999984741211,11.9399995803833,11.579999923706055,11.899999618530273,21552691,9.841789245605469
2025-03-11,11.739999771118164,12.0600004196167,11.699999809265137,12.039999961853027,19476671,9.957575798034668
2025-03-12,12.039999961853027,12.119999885559082,11.979999542236328,12.079999923706055,18760670,9.990656852722168
2025-03-13,12.0,12.0600004196167,11.779999732971191,11.819999694824219,24301914,9.775625228881836
2025-03-14,11.859999656677246,12.0600004196167,11.819999694824219,11.880000114440918,22046539,9.825248718261719
2025-03-17,11.899999618530273,12.020000457763672,11.760000228881836,12.020000457763672,20843711,9.941035270690918
2025-03-18,11.979999542236328,12.039999961853027,11.800000190734863,12.0,26135701,9.924493789672852
2025-03-19,12.0,12.039999961853027,11.84000015258789,12.020000457763672,22911385,9.941035270690918
2025-03-20,12.020000457763672,12.380000114440918,12.0,12.300000190734863,33820387,10.172606468200684
2025-03-21,12.199999809265137,12.359999656677246,11.880000114440918,11.979999542236328,31875422,9.907953262329102
2025-03-24,12.300000190734863,12.680000305175781,12.279999732971191,12.579999923706055,69914837,10.40417766571045
2025-03-25,12.619999885559082,12.65999984741211,12.319999694824219,12.520000457763672,43056853,10.3545560836792
2025-03-26,12.520000457763672,12.579999923706055,12.180000305175781,12.180000305175781,27916623,10.07336139678955
2025-03-27,12.199999809265137,12.34000015258789,12.140000343322754,12.199999809265137,20438391,10.089900970458984
2025-03-28,12.279999732971191,12.319999694824219,12.100000381469727,12.239999771118164,18236336,10.122983932495117
2025-03-31,12.100000381469727,12.460000038146973,12.079999923706055,12.239999771118164,21567568,10.122983932495117
2025-04-01,12.300000190734863,12.460000038146973,12.140000343322754,12.4399995803833,15326531,10.28839111328125
2025-04-02,12.380000114440918,12.579999923706055,12.359999656677246,12.579999923706055,20902197,10.40417766571045
2025-04-03,12.239999771118164,12.260000228881836,11.619999885559082,11.699999809265137,88631290,9.676380157470703
2025-04-07,10.279999732971191,10.5600004196167,9.829999923706055,9.960000038146973,115003737,8.237329483032227
2025-04-08,10.319999694824219,10.539999961853027,10.140000343322754,10.199999809265137,75514732,8.435818672180176
2025-04-09,10.079999923706055,10.460000038146973,9.800000190734863,10.34000015258789,64867722,8.551605224609375
2025-04-10,11.100000381469727,11.600000381469727,10.9399995803833,11.0,71198910,9.097453117370605
2025-04-11,11.0,11.220000267028809,10.84000015258789,11.220000267028809,28277116,9.279401779174805
2025-04-14,11.319999694824219,11.680000305175781,11.279999732971191,11.640000343322754,38581225,9.626758575439453
2025-04-15,11.699999809265137,11.760000228881836,11.579999923706055,11.640000343322754,19201397,9.626758575439453
2025-04-16,11.5600004196167,11.619999885559082,11.180000305175781,11.359999656677246,36774423,9.395187377929688
2025-04-17,11.359999656677246,11.359999656677246,11.199999809265137,11.260000228881836,19749395,9.312483787536621
2025-04-22,11.15999984741211,11.220000267028809,11.0,11.15999984741211,31222938,9.229779243469238
2025-04-23,11.319999694824219,11.5,11.300000190734863,11.34000015258789,26376524,9.378646850585938
2025-04-24,11.399999618530273,11.539999961853027,11.300000190734863,11.319999694824219,20259998,9.362105369567871
2025-04-25,11.319999694824219,11.680000305175781,11.300000190734863,11.479999542236328,38709808,9.494431495666504
2025-04-28,11.5,11.699999809265137,11.5,11.65999984741211,21018000,9.643299102783203
2025-04-29,11.65999984741211,11.739999771118164,11.640000343322754,11.680000305175781,20344794,9.65984058380127
2025-04-30,11.760000228881836,11.779999732971191,11.399999618530273,11.699999809265137,38176603,9.676380157470703
2025-05-02,11.819999694824219,12.619999885559082,11.800000190734863,12.180000305175781,43627103,10.07336139678955
2025-05-06,12.0,12.180000305175781,11.760000228881836,12.180000305175781,35785223,10.07336139678955
2025-05-07,12.220000267028809,12.380000114440918,12.180000305175781,12.319999694824219,44058990,10.189146041870117
2025-05-08,12.300000190734863,12.34000015258789,12.140000343322754,12.199999809265137,25945823,10.089900970458984
2025-05-09,12.199999809265137,12.479999542236328,12.199999809265137,12.4399995803833,35850717,10.28839111328125
2025-05-12,12.600000381469727,13.65999984741211,12.600000381469727,13.5,123469179,11.165055274963379
2025-05-13,13.600000381469727,13.640000343322754,13.119999885559082,13.5,78898430,11.165055274963379
2025-05-14,13.699999809265137,14.15999984741211,13.460000038146973,13.960000038146973,88622809,11.54549503326416
2025-05-15,14.140000343322754,14.220000267028809,13.84000015258789,14.020000457763672,53474028,11.59511661529541
2025-05-16,13.960000038146973,14.119999885559082,13.760000228881836,14.100000381469727,46900217,11.661279678344727
2025-05-19,14.199999809265137,14.4399995803833,14.119999885559082,14.359999656677246,55279033,11.876310348510742
2025-05-20,14.5,14.65999984741211,14.199999809265137,14.640000343322754,41637033,12.107882499694824
2025-05-21,14.579999923706055,14.9399995803833,14.5600004196167,14.899999618530273,36623539,12.322912216186523
2025-05-22,14.920000076293945,15.039999961853027,14.760000228881836,14.859999656677246,37364744,12.289831161499023
2025-05-23,14.859999656677246,14.979999542236328,14.819999694824219,14.9399995803833,45391134,12.355993270874023
2025-05-26,14.920000076293945,15.100000381469727,14.65999984741211,14.760000228881836,56077150,12.20712661743164
2025-05-27,14.779999732971191,14.859999656677246,14.260000228881836,14.539999961853027,76444893,12.025177955627441
2025-05-28,14.539999961853027,14.800000190734863,14.359999656677246,14.739999771118164,40298020,12.19058609008789
2025-05-29,14.819999694824219,14.899999618530273,14.619999885559082,14.760000228881836,68385039,12.20712661743164
2025-05-30,13.880000114440918,14.239999771118164,13.5,13.539999961853027,58990595,12.11937141418457
2025-06-02,13.5600004196167,13.65999984741211,13.100000381469727,13.420000076293945,17217652,12.011961936950684
2025-06-03,13.5,13.720000267028809,13.300000190734863,13.5600004196167,27773186,12.137273788452148
2025-06-04,13.5600004196167,13.65999984741211,13.34000015258789,13.420000076293945,27773711,12.011961936950684
2025-06-05,13.420000076293945,13.420000076293945,12.9399995803833,13.15999984741211,53367561,11.779241561889648
2025-06-06,13.239999771118164,13.279999732971191,13.0,13.15999984741211,23895952,11.779241561889648
2025-06-09,13.119999885559082,13.279999732971191,12.960000038146973,13.260000228881836,27036528,11.86875057220459
2025-06-10,13.260000228881836,13.520000457763672,13.15999984741211,13.479999542236328,36878047,12.065667152404785
2025-06-11,13.4399995803833,13.920000076293945,13.4399995803833,13.859999656677246,37859726,12.405797958374023
2025-06-12,13.899999618530273,13.899999618530273,13.34000015258789,13.380000114440918,43439260,11.97615909576416
2025-06-13,13.359999656677246,14.180000305175781,13.359999656677246,14.100000381469727,70594515,12.620616912841797
2025-06-16,14.140000343322754,14.15999984741211,13.640000343322754,13.899999618530273,34604415,12.441600799560547
2025-06-17,13.960000038146973,14.0600004196167,13.739999771118164,14.020000457763672,19452720,12.549010276794434
2025-06-18,14.079999923706055,14.279999732971191,13.800000190734863,13.9399995803833,19710250,12.47740364074707
2025-06-19,13.9399995803833,14.0,13.4399995803833,13.640000343322754,24911449,12.208880424499512
2025-06-20,13.5,13.859999656677246,13.479999542236328,13.819999694824219,24709477,12.369994163513184
2025-06-23,13.84000015258789,14.039999961853027,13.680000305175781,13.920000076293945,17723763,12.459502220153809
2025-06-24,13.84000015258789,13.920000076293945,13.640000343322754,13.859999656677246,18941366,12.405797958374023
2025-06-25,13.819999694824219,13.819999694824219,13.380000114440918,13.4399995803833,50255400,12.029863357543945
2025-06-26,13.399999618530273,13.5600004196167,13.380000114440918,13.4399995803833,17335568,12.029863357543945
2025-06-27,13.4399995803833,13.539999961853027,13.34000015258789,13.460000038146973,16703977,12.047765731811523
2025-06-30,13.5,13.65999984741211,13.399999618530273,13.640000343322754,18133275,12.208880424499512
2025-07-02,13.760000228881836,13.779999732971191,13.619999885559082,13.720000267028809,18135129,12.280487060546875
2025-07-03,13.739999771118164,13.899999618530273,13.699999809265137,13.899999618530273,19173613,12.441600799560547
2025-07-04,13.899999618530273,13.920000076293945,13.699999809265137,13.779999732971191,18129194,12.33419132232666
2025-07-07,13.779999732971191,13.779999732971191,13.579999923706055,13.720000267028809,14181170,12.280487060546875
2025-07-08,13.800000190734863,13.800000190734863,13.460000038146973,13.5,22755552,12.083568572998047
2025-07-09,13.539999961853027,13.600000381469727,13.399999618530273,13.539999961853027,13312015,12.11937141418457
2025-07-10,13.600000381469727,13.760000228881836,13.479999542236328,13.720000267028809,16631194,12.280487060546875
2025-07-11,13.739999771118164,13.979999542236328,13.680000305175781,13.859999656677246,19943358,12.405797958374023
2025-07-14,13.920000076293945,14.039999961853027,13.800000190734863,13.859999656677246,16971466,12.405797958374023
2025-07-15,13.899999618530273,14.0,13.800000190734863,14.0,20145883,12.531108856201172
2025-07-16,14.020000457763672,14.140000343322754,13.9399995803833,14.100000381469727,21188039,12.620616912841797
2025-07-17,14.079999923706055,14.079999923706055,13.600000381469727,13.65999984741211,39886971,12.226780891418457
2025-07-18,13.739999771118164,13.819999694824219,13.640000343322754,13.819999694824219,13957147,12.369994163513184
2025-07-21,13.859999656677246,14.15999984741211,13.859999656677246,14.15999984741211,31396939,12.674320220947266
2025-07-22,14.15999984741211,14.979999542236328,14.100000381469727,14.739999771118164,67359551,13.193467140197754
2025-07-23,14.859999656677246,14.920000076293945,14.619999885559082,14.779999732971191,24066935,13.229269981384277
2025-07-24,14.84000015258789,15.100000381469727,14.739999771118164,15.100000381469727,28913530,13.51569652557373
2025-07-25,15.15999984741211,15.600000381469727,15.020000457763672,15.420000076293945,37100878,13.802120208740234
2025-07-28,15.5,15.5,14.819999694824219,14.979999542236328,39365657,13.408286094665527
2025-07-29,15.0,15.020000457763672,14.720000267028809,14.859999656677246,22582835,13.30087661743164
2025-07-30,14.880000114440918,15.0,14.619999885559082,14.720000267028809,28088202,13.175565719604492
2025-07-31,14.680000305175781,14.680000305175781,14.300000190734863,14.359999656677246,37005787,12.853337287902832
2025-08-01,14.399999618530273,14.479999542236328,14.260000228881836,14.300000190734863,15657700,12.79963207244873
2025-08-04,14.220000267028809,14.300000190734863,14.029999732971191,14.289999961853027,20341941,12.790681838989258
2025-08-05,14.390000343322754,14.420000076293945,14.1899995803833,14.399999618530273,13302571,12.889140129089355
2025-08-06,14.399999618530273,14.5600004196167,14.369999885559082,14.510000228881836,17489727,12.98759937286377
2025-08-07,14.520000457763672,14.649999618530273,14.420000076293945,14.649999618530273,16859890,13.112910270690918
2025-08-08,14.699999809265137,14.789999961853027,14.59000015258789,14.699999809265137,13454627,13.157663345336914
2025-08-11,14.699999809265137,14.699999809265137,14.460000038146973,14.630000114440918,12461405,13.095008850097656
2025-08-12,14.630000114440918,14.760000228881836,14.600000381469727,14.760000228881836,13974787,13.211368560791016
2025-08-13,14.819999694824219,14.920000076293945,14.680000305175781,14.779999732971191,17575392,13.229269981384277
2025-08-14,14.800000190734863,14.930000305175781,14.59000015258789,14.619999885559082,25580285,13.086057662963867
2025-08-15,14.600000381469727,14.609999656677246,14.430000305175781,14.460000038146973,21054631,12.942845344543457
2025-08-18,14.430000305175781,14.579999923706055,14.279999732971191,14.279999732971191,23203745,12.781730651855469
2025-08-19,14.3100004196167,14.4399995803833,14.199999809265137,14.350000381469727,17025985,12.844386100769043
2025-08-20,14.359999656677246,14.529999732971191,14.1899995803833,14.5,12983402,12.97864818572998
2025-08-21,14.510000228881836,14.649999618530273,14.430000305175781,14.529999732971191,14923754,13.005500793457031
2025-08-22,14.579999923706055,14.640000343322754,14.359999656677246,14.510000228881836,21502733,12.98759937286377
2025-08-25,14.59000015258789,14.6899995803833,14.529999732971191,14.609999656677246,24551910,13.077106475830078
2025-08-26,14.609999656677246,14.770000457763672,14.5600004196167,14.680000305175781,48425687,13.139762878417969
2025-08-27,14.680000305175781,14.729999542236328,14.369999885559082,14.380000114440918,23864760,12.871238708496094
2025-08-28,14.399999618530273,14.609999656677246,14.329999923706055,14.569999694824219,27644482,13.041303634643555
2025-08-29,14.279999732971191,14.289999961853027,13.510000228881836,13.550000190734863,132008708,12.128323554992676
2025-09-01,13.579999923706055,13.779999732971191,13.510000228881836,13.6899995803833,56359003,12.253633499145508
2025-09-02,13.699999809265137,14.0600004196167,13.699999809265137,13.859999656677246,37973576,12.405797958374023
2025-09-03,13.859999656677246,13.920000076293945,13.640000343322754,13.75,25771821,12.30733871459961
2025-09-04,13.75,13.800000190734863,13.380000114440918,13.600000381469727,33032203,12.173077583312988
2025-09-05,13.600000381469727,13.680000305175781,13.5,13.680000305175781,28876089,12.244683265686035
2025-09-08,13.680000305175781,13.960000038146973,13.569999694824219,13.90999984741211,27996926,12.450551986694336
2025-09-09,13.949999809265137,14.100000381469727,13.859999656677246,13.960000038146973,29724900,12.495306015014648
2025-09-10,13.949999809265137,14.0,13.890000343322754,13.960000038146973,18654018,12.495306015014648
2025-09-11,13.960000038146973,14.020000457763672,13.850000381469727,13.90999984741211,25494221,12.450551986694336
2025-09-12,13.899999618530273,13.989999771118164,13.680000305175781,13.84000015258789,30223149,12.387896537780762
2025-09-15,13.84000015258789,13.930000305175781,13.75,13.899999618530273,16956912,12.441600799560547
2025-09-16,13.90999984741211,14.020000457763672,13.739999771118164,13.880000114440918,19686112,12.423699378967285
2025-09-17,13.819999694824219,13.949999809265137,13.779999732971191,13.859999656677246,19768251,12.405797958374023
2025-09-18,13.84000015258789,13.859999656677246,13.579999923706055,13.699999809265137,37321117,12.26258373260498
2025-09-19,13.720000267028809,13.920000076293945,13.680000305175781,13.819999694824219,48511321,12.369994163513184
2025-09-22,13.779999732971191,13.779999732971191,13.239999771118164,13.350000381469727,67538194,11.949307441711426
2025-09-23,12.930000305175781,12.930000305175781,12.279999732971191,12.390000343322754,65032206,11.624628067016602
2025-09-24,12.449999809265137,12.460000038146973,12.260000228881836,12.319999694824219,46856330,11.558951377868652
2025-09-25,12.380000114440918,12.40999984741211,12.15999984741211,12.25,30140072,11.493276596069336
2025-09-26,12.25,12.25,12.079999923706055,12.130000114440918,26983985,11.380688667297363
2025-09-29,12.109999656677246,12.180000305175781,11.880000114440918,12.029999732971191,42393027,11.286867141723633
2025-09-30,12.029999732971191,12.119999885559082,11.9399995803833,12.109999656677246,30529364,11.361924171447754
2025-10-02,12.109999656677246,12.109999656677246,11.899999618530273,12.0,15466346,11.258720397949219
2025-10-03,12.0,12.0600004196167,11.880000114440918,12.0600004196167,10950399,11.315013885498047
2025-10-06,11.960000038146973,12.039999961853027,11.729999542236328,11.760000228881836,22644095,11.03354549407959
2025-10-08,11.699999809265137,11.819999694824219,11.609999656677246,11.819999694824219,24232233,11.089838027954102
2025-10-09,11.819999694824219,12.010000228881836,11.8100004196167,11.960000038146973,35494512,11.221190452575684
2025-10-10,11.949999809265137,12.15999984741211,11.8100004196167,11.960000038146973,44142996,11.221190452575684
2025-10-13,11.779999732971191,12.0,11.619999885559082,12.0,41987829,11.258720397949219
2025-10-14,12.270000457763672,12.699999809265137,12.270000457763672,12.489999771118164,67535376,11.718450546264648
2025-10-15,12.579999923706055,12.579999923706055,12.329999923706055,12.449999809265137,28287289,11.68092155456543
2025-10-16,12.4399995803833,12.930000305175781,12.350000381469727,12.920000076293945,54234018,12.121888160705566
2025-10-17,12.90999984741211,13.0600004196167,12.65999984741211,12.770000457763672,30700795,11.981154441833496
2025-10-20,12.84000015258789,12.880000114440918,12.630000114440918,12.739999771118164,14734796,11.953007698059082
2025-10-21,12.829999923706055,12.850000381469727,12.680000305175781,12.739999771118164,16892513,11.953007698059082
2025-10-22,12.739999771118164,12.789999961853027,12.640000343322754,12.779999732971191,11940486,11.9905366897583
2025-10-23,12.789999961853027,12.920000076293945,12.6899995803833,12.899999618530273,17405654,12.103123664855957
2025-10-24,12.899999618530273,13.0,12.899999618530273,12.979999542236328,14954381,12.178181648254395
2025-10-27,13.199999809265137,13.350000381469727,13.050000190734863,13.260000228881836,29926059,12.440885543823242
2025-10-28,13.260000228881836,13.319999694824219,13.140000343322754,13.180000305175781,15549393,12.365827560424805
2025-10-30,13.180000305175781,13.479999542236328,13.180000305175781,13.380000114440918,33913737,12.553472518920898
2025-10-31,13.40999984741211,13.84000015258789,13.300000190734863,13.489999771118164,49891725,12.65667724609375
2025-11-03,13.510000228881836,13.930000305175781,13.40999984741211,13.880000114440918,44881866,13.02258586883545
2025-11-04,13.90999984741211,13.960000038146973,13.59000015258789,13.670000076293945,36605685,12.82555866241455
2025-11-05,13.600000381469727,13.600000381469727,13.3100004196167,13.59000015258789,40972907,12.750500679016113
2025-11-06,13.59000015258789,13.84000015258789,13.5600004196167,13.829999923706055,26525531,12.975674629211426
2025-11-07,13.819999694824219,14.229999542236328,13.760000228881836,14.199999809265137,57122713,13.3228178024292
2025-11-10,14.199999809265137,14.380000114440918,14.09000015258789,14.199999809265137,35258034,13.3228178024292
2025-11-11,14.279999732971191,14.399999618530273,14.100000381469727,14.229999542236328,28118247,13.350964546203613
2025-11-12,14.279999732971191,14.4399995803833,14.25,14.40999984741211,33553792,13.519845962524414
2025-11-13,14.399999618530273,14.40999984741211,14.229999542236328,14.359999656677246,20110180,13.47293472290039
2025-11-14,14.300000190734863,14.319999694824219,14.109999656677246,14.15999984741211,23129995,13.28528881072998
2025-11-17,14.199999809265137,14.199999809265137,13.779999732971191,13.899999618530273,33041576,13.041350364685059
2025-11-18,13.890000343322754,13.890000343322754,13.600000381469727,13.670000076293945,22315678,12.82555866241455
2025-11-19,13.710000038146973,13.989999771118164,13.680000305175781,13.869999885559082,17452069,13.013203620910645
2025-11-20,13.930000305175781,13.949999809265137,13.649999618530273,13.75,14957270,12.900615692138672
2025-11-21,13.65999984741211,13.65999984741211,13.420000076293945,13.470000267028809,24565557,12.63791275024414
2025-11-24,13.479999542236328,13.579999923706055,13.399999618530273,13.489999771118164,31663591,12.65667724609375
2025-11-25,13.470000267028809,13.510000228881836,13.380000114440918,13.399999618530273,20384720,12.572237014770508
2025-11-26,13.479999542236328,13.479999542236328,13.239999771118164,13.25,22291770,12.431503295898438
2025-11-27,13.25,13.359999656677246,13.170000076293945,13.3100004196167,14590747,12.487797737121582
2025-11-28,13.329999923706055,13.369999885559082,13.220000267028809,13.25,11674345,12.431503295898438
2025-12-01,13.229999542236328,13.640000343322754,13.229999542236328,13.619999885559082,19828614,12.778647422790527
2025-12-02,13.699999809265137,13.8100004196167,13.619999885559082,13.770000457763672,20808310,12.919382095336914
2025-12-03,13.770000457763672,13.859999656677246,13.710000038146973,13.829999923706055,15529128,12.975674629211426
2025-12-04,13.880000114440918,13.989999771118164,13.880000114440918,13.949999809265137,21666324,13.088261604309082
2025-12-05,13.970000267028809,14.020000457763672,13.819999694824219,13.880000114440918,14752568,13.02258586883545
2025-12-08,13.880000114440918,13.890000343322754,13.65999984741211,13.739999771118164,15654173,12.891234397888184
2025-12-09,13.739999771118164,13.949999809265137,13.6899995803833,13.859999656677246,19217873,13.00382137298584
2025-12-10,13.869999885559082,13.920000076293945,13.479999542236328,13.569999694824219,26236610,12.731735229492188
2025-12-11,13.649999618530273,13.960000038146973,13.619999885559082,13.720000267028809,22327399,12.872469902038574
2025-12-12,13.8100004196167,13.819999694824219,13.359999656677246,13.680000305175781,48712483,12.834940910339355
2025-12-15,13.680000305175781,13.770000457763672,13.449999809265137,13.600000381469727,30890399,12.759882926940918
2025-12-16,13.600000381469727,13.65999984741211,13.319999694824219,13.380000114440918,15968980,12.553472518920898
2025-12-17,13.369999885559082,13.59000015258789,13.34000015258789,13.5600004196167,12316009,12.7223539352417
2025-12-18,13.5,13.770000457763672,13.5,13.6899995803833,16532536,12.844322204589844
2025-12-19,13.6899995803833,13.739999771118164,13.470000267028809,13.529999732971191,23893341,12.694206237792969
2025-12-22,13.600000381469727,13.710000038146973,13.579999923706055,13.699999809265137,12280968,12.853704452514648
2025-12-23,13.699999809265137,13.930000305175781,13.699999809265137,13.90999984741211,15453632,13.050732612609863
2025-12-24,13.859999656677246,13.859999656677246,13.859999656677246,13.859999656677246,0,13.00382137298584
2025-12-29,13.880000114440918,13.90999984741211,13.710000038146973,13.90999984741211,15273148,13.050732612609863
2025-12-30,13.90999984741211,14.0600004196167,13.829999923706055,13.979999542236328,17066858,13.116408348083496
2025-12-31,13.760000228881836,13.760000228881836,13.760000228881836,13.760000228881836,0,12.909998893737793
2026-01-02,13.770000457763672,13.930000305175781,13.640000343322754,13.899999618530273,6229908,13.041350364685059
2026-01-05,13.930000305175781,13.930000305175781,13.65999984741211,13.75,17960262,12.900615692138672
2026-01-06,13.819999694824219,13.819999694824219,13.550000190734863,13.729999542236328,19513399,12.881851196289062
2026-01-07,13.789999961853027,13.890000343322754,13.65999984741211,13.720000267028809,13030019,12.872469902038574
2026-01-08,13.720000267028809,13.720000267028809,13.529999732971191,13.640000343322754,15142376,12.797411918640137
2026-01-09,13.649999618530273,13.789999961853027,13.630000114440918,13.770000457763672,12380212,12.919382095336914
2026-01-12,13.770000457763672,13.84000015258789,13.65999984741211,13.84000015258789,16343901,12.985057830810547
2026-01-13,13.899999618530273,14.039999961853027,13.779999732971191,13.869999885559082,17571337,13.013203620910645
2026-01-14,13.880000114440918,13.920000076293945,13.680000305175781,13.729999542236328,18576678,12.881851196289062
2026-01-15,13.770000457763672,13.800000190734863,13.65999984741211,13.720000267028809,10564300,12.872469902038574
2026-01-16,13.75,13.800000190734863,13.210000038146973,13.260000228881836,48070252,12.440885543823242
2026-01-19,13.220000267028809,13.34000015258789,13.050000190734863,13.239999771118164,23046267,12.422121047973633
2026-01-20,13.279999732971191,13.520000457763672,13.199999809265137,13.420000076293945,18880606,12.591001510620117
2026-01-21,13.420000076293945,13.649999618530273,13.260000228881836,13.34000015258789,29753737,12.515944480895996
2026-01-22,13.380000114440918,13.550000190734863,13.289999961853027,13.430000305175781,16031700,12.600384712219238
2026-01-23,13.470000267028809,13.510000228881836,13.270000457763672,13.300000190734863,16579825,12.478414535522461
2026-01-26,13.359999656677246,13.420000076293945,13.239999771118164,13.34000015258789,14860530,12.515944480895996
2026-01-27,13.430000305175781,13.569999694824219,13.369999885559082,13.569999694824219,19615297,12.731735229492188
2026-01-28,13.600000381469727,13.84000015258789,13.600000381469727,13.829999923706055,34246602,12.975674629211426
2026-01-29,13.8100004196167,14.0,13.699999809265137,13.989999771118164,21963477,13.1257905960083
2026-01-30,13.989999771118164,14.020000457763672,13.649999618530273,13.699999809265137,27064339,12.853704452514648
2026-02-02,13.699999809265137,13.699999809265137,13.270000457763672,13.550000190734863,33262804,12.712971687316895
2026-02-03,13.699999809265137,13.920000076293945,13.600000381469727,13.760000228881836,27387880,12.909998893737793
2026-02-04,13.850000381469727,13.949999809265137,13.770000457763672,13.899999618530273,15521178,13.041350364685059
2026-02-05,13.899999618530273,13.960000038146973,13.699999809265137,13.960000038146973,11006688,13.097644805908203
2026-02-06,13.90999984741211,13.9399995803833,13.710000038146973,13.9399995803833,12082330,13.078878402709961
2026-02-09,13.960000038146973,13.970000267028809,13.699999809265137,13.770000457763672,17008198,12.919382095336914
2026-02-10,13.770000457763672,13.920000076293945,13.729999542236328,13.880000114440918,12156735,13.02258586883545
2026-02-11,13.899999618530273,14.029999732971191,13.829999923706055,14.0,18819547,13.135172843933105
2026-02-12,14.020000457763672,14.140000343322754,13.890000343322754,13.960000038146973,13810090,13.097644805908203
2026-02-13,13.960000038146973,13.960000038146973,13.729999542236328,13.779999732971191,16880559,12.928762435913086
2026-02-16,14.050000190734863,14.050000190734863,14.050000190734863,14.050000190734863,0,13.182085037231445
2026-02-20,14.130000114440918,14.5600004196167,14.039999961853027,14.34000015258789,29002317,13.454170227050781
2026-02-23,14.40999984741211,14.600000381469727,14.40999984741211,14.600000381469727,15272728,13.69810962677002
2026-02-24,14.319999694824219,14.569999694824219,14.220000267028809,14.550000190734863,23290790,13.651198387145996
2026-02-25,14.59000015258789,15.079999923706055,14.569999694824219,14.890000343322754,41898946,13.970195770263672
2026-02-26,14.920000076293945,15.140000343322754,14.779999732971191,15.09000015258789,37308938,14.15783977508545
2026-02-27,15.0,15.180000305175781,14.789999961853027,15.180000305175781,33017655,14.242280960083008
2026-03-02,15.640000343322754,15.680000305175781,14.789999961853027,15.489999771118164,64414032,14.533130645751953
2026-03-03,15.399999618530273,16.600000381469727,15.149999618530273,16.290000915527344,128276121,15.283713340759277
2026-03-04,16.290000915527344,16.290000915527344,15.050000190734863,15.600000381469727,78459246,14.636336326599121
2026-03-05,15.699999809265137,16.15999984741211,15.399999618530273,15.779999732971191,51048012,14.805215835571289
2026-03-06,15.800000190734863,16.0,15.40999984741211,15.949999809265137,34731913,14.964715003967285
2026-03-09,16.079999923706055,16.190000534057617,15.239999771118164,15.4399995803833,54886700,14.486218452453613
2026-03-10,15.319999694824219,15.600000381469727,15.130000114440918,15.270000457763672,25080373,14.326722145080566
2026-03-11,15.350000381469727,15.869999885559082,15.260000228881836,15.779999732971191,29778188,14.805215835571289
2026-03-12,15.779999732971191,15.9399995803833,15.630000114440918,15.899999618530273,17654400,14.917802810668945
2026-03-13,15.779999732971191,15.789999961853027,15.270000457763672,15.350000381469727,30084856,14.401779174804688
2026-03-16,15.359999656677246,16.059999465942383,15.3100004196167,15.979999542236328,28574527,14.9928617477417
2026-03-17,15.989999771118164,16.489999771118164,15.979999542236328,16.079999923706055,27336723,15.086685180664062
2026-03-18,16.1299991607666,16.549999237060547,16.030000686645508,16.239999771118164,36971213,15.236800193786621
2026-03-19,16.190000534057617,16.440000534057617,15.789999961853027,15.949999809265137,28613343,14.964715003967285
2026-03-20,15.699999809265137,15.770000457763672,15.359999656677246,15.59000015258789,71115482,14.626953125
2026-03-23,15.470000267028809,15.470000267028809,14.800000190734863,15.079999923706055,48194679,14.148458480834961
2026-03-24,15.25,15.369999885559082,14.979999542236328,15.140000343322754,25141152,14.204751968383789
2026-03-25,15.279999732971191,15.279999732971191,14.789999961853027,15.130000114440918,30932235,14.195368766784668
2026-03-26,15.0,15.34000015258789,14.9399995803833,14.949999809265137,26471676,14.026488304138184
2026-03-27,14.949999809265137,15.15999984741211,14.829999923706055,15.0600004196167,16048852,14.129693031311035
2026-03-30,14.989999771118164,15.319999694824219,14.920000076293945,15.260000228881836,19779382,14.317338943481445
2026-03-31,15.34000015258789,15.399999618530273,14.829999923706055,14.899999618530273,22832802,13.97957706451416
2026-04-01,15.0,15.229999542236328,14.899999618530273,15.039999961853027,10656668,14.110928535461426
2026-04-02,15.039999961853027,15.180000305175781,14.880000114440918,15.140000343322754,11998516,14.204751968383789
2026-04-08,15.210000038146973,15.279999732971191,14.949999809265137,15.279999732971191,17380749,14.336102485656738
2026-04-09,15.289999961853027,15.420000076293945,15.0600004196167,15.329999923706055,11653518,14.383014678955078
2026-04-10,15.449999809265137,15.770000457763672,15.34000015258789,15.4399995803833,28323254,14.486218452453613
2026-04-13,15.4399995803833,15.4399995803833,15.050000190734863,15.34000015258789,23026168,14.392396926879883
2026-04-14,15.40999984741211,15.449999809265137,15.279999732971191,15.34000015258789,11231645,14.392396926879883
2026-04-15,15.399999618530273,15.4399995803833,15.119999885559082,15.140000343322754,17557139,14.204751968383789
2026-04-16,15.149999618530273,15.25,14.899999618530273,14.930000305175781,14674810,14.00772476196289
2026-04-17,14.899999618530273,14.989999771118164,14.630000114440918,14.699999809265137,20467396,13.791932106018066
2026-04-20,14.75,14.789999961853027,14.430000305175781,14.579999923706055,21593577,13.67934513092041
2026-04-21,14.579999923706055,14.760000228881836,14.510000228881836,14.739999771118164,11299762,13.829461097717285
2026-04-22,14.739999771118164,14.760000228881836,14.430000305175781,14.470000267028809,13069733,13.576139450073242
2026-04-23,14.470000267028809,14.569999694824219,14.359999656677246,14.569999694824219,14233393,13.669961929321289
2026-04-24,14.550000190734863,14.75,14.449999809265137,14.75,16424351,13.838842391967773
2026-04-27,14.75,14.75,14.449999809265137,14.510000228881836,17756367,13.613668441772461
2026-04-28,14.510000228881836,14.59000015258789,14.319999694824219,14.4399995803833,14245014,13.547991752624512
2026-04-29,14.479999542236328,14.680000305175781,14.4399995803833,14.680000305175781,9438202,13.773167610168457
2026-04-30,14.520000457763672,14.520000457763672,14.210000038146973,14.399999618530273,22082948,13.51046371459961
2026-05-04,14.430000305175781,14.779999732971191,14.40999984741211,14.770000457763672,9292601,13.857608795166016
2026-05-05,14.770000457763672,14.949999809265137,14.65999984741211,14.949999809265137,9209255,14.026488304138184
2026-05-06,14.859999656677246,14.859999656677246,14.479999542236328,14.75,20134803,13.838842391967773
2026-05-07,14.850000381469727,14.930000305175781,14.619999885559082,14.760000228881836,28715662,13.848225593566895
2026-05-08,14.760000228881836,14.8100004196167,14.609999656677246,14.720000267028809,20973105,13.810696601867676
2026-05-11,14.720000267028809,14.720000267028809,14.430000305175781,14.609999656677246,15479307,13.707490921020508
2026-05-12,14.609999656677246,14.789999961853027,14.579999923706055,14.739999771118164,18484262,13.829461097717285
2026-05-13,14.739999771118164,14.760000228881836,14.539999961853027,14.699999809265137,15913849,13.791932106018066
2026-05-14,14.779999732971191,15.069999694824219,14.59000015258789,15.010000228881836,24861560,14.082782745361328
2026-05-15,15.100000381469727,15.100000381469727,14.720000267028809,14.829999923706055,23243110,13.913901329040527
2026-05-18,14.829999923706055,14.829999923706055,14.5,14.640000343322754,23407155,13.735638618469238
2026-05-19,14.600000381469727,14.710000038146973,14.510000228881836,14.630000114440918,19737757,13.726255416870117
2026-05-20,14.520000457763672,15.300000190734863,14.489999771118164,15.300000190734863,35040712,14.354867935180664
2026-05-21,15.350000381469727,15.65999984741211,15.149999618530273,15.279999732971191,35868786,14.336102485656738
2026-05-22,15.300000190734863,15.369999885559082,14.970000267028809,15.199999809265137,25745275,14.261045455932617
2026-05-26,15.199999809265137,15.600000381469727,15.020000457763672,15.470000267028809,50935401,14.514366149902344
2026-05-27,15.300000190734863,15.470000267028809,14.869999885559082,15.0,31212912,14.073399543762207
2026-05-28,14.550000190734863,14.619999885559082,14.0,14.0600004196167,33461124,13.650242805480957
2026-05-29,14.1899995803833,14.229999542236328,13.920000076293945,14.170000076293945,47154298,13.757036209106445
2026-06-01,14.170000076293945,15.15999984741211,14.170000076293945,14.920000076293945,46051816,14.48517894744873
2026-06-02,14.930000305175781,15.1899995803833,14.65999984741211,14.84000015258789,28033786,14.407510757446289
2026-06-03,14.84000015258789,14.84000015258789,14.279999732971191,14.399999618530273,24105644,13.98033332824707
2026-06-04,14.300000190734863,14.430000305175781,14.079999923706055,14.079999923706055,22273458,13.669659614562988
2026-06-05,14.289999961853027,15.180000305175781,14.289999961853027,15.020000457763672,44724050,14.58226490020752
2026-06-08,14.800000190734863,15.109999656677246,14.710000038146973,14.90999984741211,26055078,14.475470542907715
2026-06-09,14.8100004196167,14.8100004196167,14.380000114440918,14.40999984741211,27497307,13.990041732788086
2026-06-10,14.260000228881836,14.4399995803833,13.930000305175781,13.930000305175781,33564021,13.524031639099121
2026-06-11,14.199999809265137,14.210000038146973,13.729999542236328,13.84000015258789,24896592,13.436654090881348
2026-06-12,13.899999618530273,14.279999732971191,13.819999694824219,14.149999618530273,19328053,13.737619400024414
2026-06-15,14.449999809265137,14.970000267028809,14.220000267028809,14.350000381469727,37655638,13.931791305541992
2026-06-16,14.350000381469727,14.380000114440918,14.130000114440918,14.15999984741211,17537574,13.74732780456543
2026-06-17,14.15999984741211,14.220000267028809,13.699999809265137,13.800000190734863,17936847,13.397819519042969
2026-06-18,13.75,13.84000015258789,13.380000114440918,13.380000114440918,29318405,12.990059852600098
2026-06-22,13.300000190734863,13.649999618530273,13.100000381469727,13.550000190734863,19516699,13.155105590820312
2026-06-23,13.520000457763672,13.720000267028809,13.270000457763672,13.350000381469727,13654669,12.96093463897705
2026-06-24,13.380000114440918,13.5600004196167,13.149999618530273,13.279999732971191,14464918,12.892973899841309
2026-06-25,13.180000305175781,13.329999923706055,13.039999961853027,13.199999809265137,15960155,12.815305709838867
2026-06-26,13.220000267028809,13.300000190734863,12.930000305175781,13.15999984741211,14182924,12.776471138000488
2026-06-29,13.15999984741211,13.25,12.869999885559082,13.119999885559082,12701372,12.73763656616211
2026-06-30,13.25,13.329999923706055,12.890000343322754,13.010000228881836,25198653,12.630843162536621
2026-07-02,13.09000015258789,13.109999656677246,12.90999984741211,13.069999694824219,12223576,12.689093589782715
2026-07-03,13.180000305175781,13.579999923706055,13.149999618530273,13.539999961853027,18205100,13.145397186279297
2026-07-06,13.699999809265137,13.899999618530273,13.579999923706055,13.779999732971191,13645792,13.378401756286621
2026-07-07,13.850000381469727,13.920000076293945,13.289999961853027,13.649999618530273,16009034,13.252190589904785
2026-07-08,13.680000305175781,14.050000190734863,13.649999618530273,13.960000038146973,11104333,13.553156852722168
2026-07-09,13.890000343322754,14.0,13.800000190734863,13.920000076293945,9012905,13.514322280883789
2026-07-10,13.960000038146973,14.069999694824219,13.869999885559082,13.930000305175781,11308774,13.524031639099121
2026-07-13,13.869999885559082,14.140000343322754,13.819999694824219,14.069999694824219,10478560,13.659950256347656
2026-07-14,14.100000381469727,14.6899995803833,14.010000228881836,14.670000076293945,22978381,14.242465019226074
2026-07-15,14.630000114440918,14.850000381469727,14.529999732971191,14.850000381469727,14636666,14.417219161987305
2026-07-16,14.84000015258789,15.039999961853027,14.6899995803833,14.819999694824219,17788550,14.388092994689941
2026-07-17,14.819999694824219,15.0,14.710000038146973,14.989999771118164,25785764,14.553138732910156
2026-07-20,14.960000038146973,15.279999732971191,14.819999694824219,15.1899995803833,24520003,14.747309684753418
2026-07-21,15.1899995803833,15.260000228881836,14.979999542236328,15.210000038146973,20930487,14.766727447509766
2026-07-22,15.1899995803833,15.470000267028809,15.09000015258789,15.470000267028809,18077783,15.019149780273438
2026-07-23,15.399999618530273,15.649999618530273,15.289999961853027,15.649999618530273,16352264,15.193903923034668
2026-07-24,15.5,15.75,15.489999771118164,15.550000190734863,10902984,15.096818923950195
2026-07-27,15.5,15.529999732971191,15.289999961853027,15.460000038146973,14765649,15.009441375732422
2026-07-28,15.300000190734863,15.819999694824219,15.300000190734863,15.800000190734863,14652467,15.339532852172852
2026-07-29,15.710000038146973,15.949999809265137,15.630000114440918,15.770000457763672,10163788,15.310407638549805
2026-07-30,15.770000457763672,15.850000381469727,15.670000076293945,15.819999694824219,10794104,15.358949661254883
2026-07-31,15.6899995803833,15.800000190734863,15.479999542236328,15.770000457763672,14710785,15.310407638549805
2026-08-03,15.739999771118164,15.739999771118164,15.40999984741211,15.449999809265137,13644100,14.999732971191406
2026-08-04,15.449999809265137,15.640000343322754,15.109999656677246,15.229999542236328,17760457,14.786144256591797
2026-08-05,15.199999809265137,15.279999732971191,15.0600004196167,15.1899995803833,15747202,14.747309684753418
2026-08-06,15.050000190734863,15.239999771118164,14.960000038146973,15.130000114440918,11891884,14.689058303833008
2026-08-07,15.100000381469727,15.4399995803833,15.100000381469727,15.420000076293945,10116711,14.970606803894043
2026-08-10,15.4399995803833,15.649999618530273,15.369999885559082,15.520000457763672,12192953,15.067692756652832
2026-08-11,15.529999732971191,15.75,15.319999694824219,15.430000305175781,10229190,14.980316162109375
2026-08-12,15.319999694824219,15.430000305175781,15.140000343322754,15.279999732971191,13883063,14.834687232971191
2026-08-13,15.380000114440918,15.380000114440918,15.149999618530273,15.229999542236328,15113206,14.786144256591797
2026-08-14,15.279999732971191,15.600000381469727,15.229999542236328,15.489999771118164,13201804,15.038566589355469
2026-08-17,15.5,16.450000762939453,15.5,16.440000534057617,40675035,15.960881233215332
2026-08-18,16.43000030517578,16.760000228881836,16.360000610351562,16.700000762939453,28282919,16.21330451965332
2026-08-19,16.670000076293945,17.0,16.6200008392334,17.0,26829418,16.504560470581055
2026-08-20,17.0,17.270000457763672,16.799999237060547,17.030000686645508,23593023,16.533687591552734
2026-08-21,17.030000686645508,17.950000762939453,17.030000686645508,17.950000762939453,51978658,17.4268741607666
2026-08-24,17.799999237060547,18.040000915527344,17.56999969482422,17.940000534057617,28084776,17.417165756225586
2026-08-25,17.649999618530273,17.899999618530273,17.31999969482422,17.489999771118164,25185275,16.98027992248535
2026-08-26,17.139999389648438,17.59000015258789,17.030000686645508,17.549999237060547,26761290,17.038530349731445
2026-08-27,17.600000381469727,17.780000686645508,17.479999542236328,17.59000015258789,15343511,17.07736587524414
2026-08-28,17.299999237060547,17.420000076293945,17.010000228881836,17.200000762939453,37143724,16.698732376098633
2026-08-31,17.100000381469727,17.399999618530273,16.969999313354492,17.219999313354492,39560487,16.71814727783203
2026-09-01,17.290000915527344,17.549999237060547,17.139999389648438,17.299999237060547,22174626,16.79581642150879
2026-09-02,17.25,17.25,16.610000610351562,16.790000915527344,23834860,16.300682067871094
2026-09-03,16.8700008392334,17.209999084472656,16.84000015258789,17.030000686645508,17094319,16.533687591552734
2026-09-04,16.889999389648438,17.020000457763672,16.010000228881836,16.219999313354492,33421075,15.747291564941406
2026-09-07,16.43000030517578,16.510000228881836,16.209999084472656,16.270000457763672,14059090,15.795835494995117
2026-09-08,16.270000457763672,16.6299991607666,16.0,16.549999237060547,17104669,16.06767463684082
2026-09-09,16.5,16.93000030517578,16.3799991607666,16.889999389648438,20259958,16.39776611328125
2026-09-10,17.0,17.0,16.469999313354492,16.6200008392334,14653732,16.135635375976562
2026-09-11,16.579999923706055,16.68000030517578,16.329999923706055,16.440000534057617,22391630,15.960881233215332
2026-09-14,16.700000762939453,16.84000015258789,16.309999465942383,16.43000030517578,24924004,15.951172828674316
2026-09-15,16.43000030517578,16.579999923706055,16.09000015258789,16.309999465942383,12653666,15.83466911315918
2026-09-16,16.56999969482422,16.920000076293945,16.510000228881836,16.68000030517578,12688680,16.193885803222656
2026-09-17,16.899999618530273,16.899999618530273,16.219999313354492,16.790000915527344,13644132,16.300682067871094
2026-09-18,16.81999969482422,16.860000610351562,16.579999923706055,16.579999923706055,12501050,16.096799850463867
2026-09-21,16.600000381469727,17.399999618530273,16.56999969482422,17.290000915527344,26841117,16.786109924316406
2026-09-22,17.290000915527344,17.290000915527344,16.850000381469727,17.049999237060547,19882650,16.553102493286133
2026-09-23,16.59000015258789,16.59000015258789,16.18000030517578,16.299999237060547,17630010,16.299999237060547
2026-09-24,16.299999237060547,16.649999618530273,16.190000534057617,16.56999969482422,7113706,16.56999969482422
2026-09-25,16.56999969482422,16.639999389648438,16.399999618530273,16.59000015258789,4082757,16.59000015258789
2026-09-28,16.700000762939453,16.920000076293945,16.440000534057617,16.760000228881836,31624082,16.760000228881836
2026-09-29,16.719999313354492,16.729999542236328,16.360000610351562,16.540000915527344,12783166,16.540000915527344
2026-09-30,16.59000015258789,16.68000030517578,16.329999923706055,16.549999237060547,8724503,16.549999237060547
