Date,Open,High,Low,Close,Volume,Adj_Close
2016-08-29,60.279998779296875,60.279998779296875,59.18000030517578,60.0,314600,41.50923538208008
2016-08-30,59.5,60.689998626708984,59.5,60.34000015258789,176400,41.74445724487305
2016-08-31,60.0,60.38999938964844,59.54999923706055,59.849998474121094,340900,41.40545654296875
2016-09-01,59.68000030517578,60.18000030517578,59.68000030517578,60.0,264037,41.50923538208008
2016-09-02,60.540000915527344,61.880001068115234,60.220001220703125,60.650001525878906,621700,41.95891189575195
2016-09-05,62.5,62.540000915527344,61.959999084472656,62.5,426400,43.23877716064453
2016-09-06,62.150001525878906,62.75,62.150001525878906,62.709999084472656,173600,43.38405990600586
2016-09-07,62.68000030517578,63.709999084472656,61.29999923706055,62.5,267100,43.23877716064453
2016-09-08,63.18000030517578,63.18000030517578,61.380001068115234,61.9900016784668,483700,42.885955810546875
2016-09-09,61.779998779296875,62.13999938964844,61.22999954223633,61.459999084472656,270341,42.519287109375
2016-09-13,60.93000030517578,61.5099983215332,60.81999969482422,61.5,349000,42.546966552734375
2016-09-14,61.0,61.2400016784668,60.380001068115234,60.43000030517578,342900,41.80671310424805
2016-09-15,60.86000061035156,61.66999816894531,60.560001373291016,60.689998626708984,544000,41.98659133911133
2016-09-16,61.16999816894531,61.63999938964844,60.13999938964844,60.13999938964844,812900,41.606082916259766
2016-09-19,60.060001373291016,61.0,60.04999923706055,60.900001525878906,447100,42.13187789916992
2016-09-20,60.11000061035156,62.5,60.11000061035156,62.5,244000,43.23877716064453
2016-09-21,61.619998931884766,62.119998931884766,60.599998474121094,60.599998474121094,262300,41.924320220947266
2016-09-22,60.97999954223633,61.189998626708984,59.45000076293945,59.45000076293945,356200,41.12873077392578
2016-09-23,59.459999084472656,60.560001373291016,58.7599983215332,60.5,312400,41.85514450073242
2016-09-26,60.279998779296875,60.779998779296875,59.849998474121094,60.779998779296875,146100,42.048851013183594
2016-09-27,60.0,61.029998779296875,59.70000076293945,60.5,233700,41.85514450073242
2016-09-28,61.47999954223633,61.5,60.25,60.25,194900,41.682186126708984
2016-09-29,60.900001525878906,61.13999938964844,60.47999954223633,60.790000915527344,118600,42.05576705932617
2016-09-30,60.68000030517578,60.9900016784668,60.22999954223633,60.61000061035156,240400,41.931243896484375
2016-10-03,60.81999969482422,61.16999816894531,60.61000061035156,60.81999969482422,230300,42.07652282714844
2016-10-04,61.04999923706055,61.470001220703125,60.86000061035156,61.43000030517578,305700,42.49854278564453
2016-10-05,61.0,61.4900016784668,60.66999816894531,61.4900016784668,166900,42.5400505065918
2016-10-06,61.900001525878906,62.18000030517578,61.0,61.0,319600,42.2010498046875
2016-10-07,61.88999938964844,62.0,61.0,62.0,169200,42.89287185668945
2016-10-10,61.79999923706055,62.11000061035156,61.06999969482422,62.11000061035156,75900,42.968971252441406
2016-10-11,61.52000045776367,61.77000045776367,61.06999969482422,61.41999816894531,132900,42.49161148071289
2016-10-12,61.79999923706055,61.86000061035156,61.16999816894531,61.40999984741211,80900,42.48469543457031
2016-10-13,61.06999969482422,61.38999938964844,59.279998779296875,60.77000045776367,195600,42.041934967041016
2016-10-14,60.33000183105469,61.470001220703125,60.02000045776367,61.38999938964844,439700,42.47085952758789
2016-10-17,61.290000915527344,61.290000915527344,60.459999084472656,61.13999938964844,151500,42.297908782958984
2016-10-18,60.79999923706055,61.290000915527344,60.65999984741211,61.13999938964844,372000,42.297908782958984
2016-10-19,60.630001068115234,61.68000030517578,60.630001068115234,61.68000030517578,383980,42.67148971557617
2016-10-20,61.189998626708984,61.45000076293945,60.95000076293945,61.0,236000,42.2010498046875
2016-10-21,60.5,60.5,60.5,60.5,277800,41.85514450073242
2016-10-24,61.0,61.29999923706055,60.880001068115234,61.0,175300,42.2010498046875
2016-10-25,60.33000183105469,61.060001373291016,60.31999969482422,60.90999984741211,157300,42.1387825012207
2016-10-26,61.0,61.29999923706055,60.560001373291016,61.29999923706055,155600,42.408592224121094
2016-10-27,60.720001220703125,61.06999969482422,60.45000076293945,60.630001068115234,215200,41.9450798034668
2016-10-28,60.45000076293945,60.86000061035156,60.31999969482422,60.61000061035156,129400,41.931243896484375
2016-10-31,60.70000076293945,61.029998779296875,60.220001220703125,60.90999984741211,290600,42.1387825012207
2016-11-01,60.900001525878906,61.16999816894531,60.709999084472656,60.810001373291016,216400,42.069610595703125
2016-11-02,60.900001525878906,61.16999816894531,60.400001525878906,60.4900016784668,121755,41.848228454589844
2016-11-03,60.47999954223633,60.47999954223633,59.68000030517578,59.75,114700,41.33626937866211
2016-11-04,60.09000015258789,60.09000015258789,58.95000076293945,58.95000076293945,275600,40.78282165527344
2016-11-07,58.75,59.0,57.15999984741211,57.18000030517578,640800,39.55829620361328
2016-11-08,57.310001373291016,58.470001220703125,57.310001373291016,58.20000076293945,239200,40.26395797729492
2016-11-09,59.0,59.09000015258789,56.9900016784668,56.9900016784668,270700,39.426849365234375
2016-11-10,57.84000015258789,58.099998474121094,57.72999954223633,57.72999954223633,167900,39.93880081176758
2016-11-11,57.5,57.81999969482422,56.630001068115234,56.79999923706055,346700,39.295406341552734
2016-11-14,56.36000061035156,56.369998931884766,55.04999923706055,55.470001220703125,249300,38.37528610229492
2016-11-15,55.099998474121094,56.0099983215332,55.06999969482422,55.209999084472656,303500,38.19541549682617
2016-11-16,54.70000076293945,55.18000030517578,54.18000030517578,54.5,353000,37.704219818115234
2016-11-17,54.619998931884766,55.470001220703125,54.5099983215332,55.470001220703125,628800,38.37528610229492
2016-11-18,56.33000183105469,57.130001068115234,55.65999984741211,56.970001220703125,333600,39.41301345825195
2016-11-21,55.900001525878906,56.33000183105469,55.41999816894531,55.439998626708984,437700,38.354530334472656
2016-11-22,56.0,56.369998931884766,55.720001220703125,55.720001220703125,391700,38.54824447631836
2016-11-23,55.15999984741211,55.58000183105469,55.02000045776367,55.29999923706055,245116,38.25767135620117
2016-11-24,55.099998474121094,55.20000076293945,54.29999923706055,54.369998931884766,304105,37.614280700683594
2016-11-25,53.279998779296875,54.0,53.16999816894531,53.5,817000,37.01239776611328
2016-11-28,53.29999923706055,53.56999969482422,53.04999923706055,53.130001068115234,407300,36.75642776489258
2016-11-29,53.9900016784668,54.650001525878906,53.380001068115234,53.77000045776367,438400,37.19918441772461
2016-11-30,53.75,54.20000076293945,53.75,54.20000076293945,1189305,37.49667739868164
2016-12-01,54.0099983215332,54.970001220703125,54.0099983215332,54.47999954223633,792100,37.69037628173828
2016-12-02,55.40999984741211,55.40999984741211,54.33000183105469,54.790000915527344,304800,37.904842376708984
2016-12-05,54.41999816894531,54.9900016784668,54.41999816894531,54.939998626708984,133100,38.00861358642578
2016-12-06,54.900001525878906,54.91999816894531,54.02000045776367,54.08000183105469,257000,37.413658142089844
2016-12-07,53.91999816894531,54.119998931884766,52.900001525878906,53.599998474121094,683900,37.081581115722656
2016-12-08,53.099998474121094,53.70000076293945,53.0,53.5099983215332,245000,37.01932144165039
2016-12-09,53.59000015258789,55.72999954223633,53.4900016784668,55.0,390700,38.05013656616211
2016-12-12,54.099998474121094,54.7599983215332,54.0099983215332,54.66999816894531,527400,37.82182693481445
2016-12-13,54.66999816894531,54.97999954223633,54.099998474121094,54.97999954223633,243700,38.03629684448242
2016-12-14,54.9900016784668,54.9900016784668,54.310001373291016,54.310001373291016,203300,37.572776794433594
2016-12-15,54.0,54.599998474121094,53.619998931884766,54.0,214600,37.35831069946289
2016-12-16,53.650001525878906,55.04999923706055,53.650001525878906,55.04999923706055,331600,38.084716796875
2016-12-19,54.599998474121094,54.72999954223633,53.900001525878906,54.0,240500,37.35831069946289
2016-12-20,54.599998474121094,54.599998474121094,54.0,54.27000045776367,161700,37.54510498046875
2016-12-21,54.70000076293945,55.27000045776367,54.400001525878906,54.77000045776367,200087,37.89100646972656
2016-12-22,54.599998474121094,55.08000183105469,54.13999938964844,55.08000183105469,180100,38.1054801940918
2016-12-23,54.63999938964844,55.150001525878906,54.310001373291016,54.650001525878906,100900,37.80799102783203
2016-12-27,54.47999954223633,54.880001068115234,54.459999084472656,54.650001525878906,42400,37.80799102783203
2016-12-28,54.720001220703125,55.97999954223633,54.720001220703125,55.900001525878906,132900,38.672767639160156
2016-12-29,55.36000061035156,56.04999923706055,55.16999816894531,56.04999923706055,124700,38.77653884887695
2016-12-30,55.400001525878906,56.380001068115234,55.25,55.25,151100,38.22308349609375
2017-01-03,55.79999923706055,57.599998474121094,55.599998474121094,57.119998931884766,210000,39.51679229736328
2017-01-04,56.220001220703125,57.70000076293945,56.220001220703125,57.5,326500,39.7796745300293
2017-01-05,58.650001525878906,59.91999816894531,57.959999084472656,59.099998474121094,460500,40.88658905029297
2017-01-06,59.29999923706055,59.779998779296875,58.849998474121094,58.9900016784668,261200,40.81049728393555
2017-01-09,59.0,60.0,58.619998931884766,60.0,719700,41.50923538208008
2017-01-10,59.810001373291016,60.380001068115234,59.68000030517578,60.0,249000,41.50923538208008
2017-01-11,60.0099983215332,60.029998779296875,58.5099983215332,59.70000076293945,434000,41.30167770385742
2017-01-12,59.70000076293945,59.880001068115234,58.54999923706055,58.790000915527344,238400,40.6721305847168
2017-01-13,58.720001220703125,59.810001373291016,58.599998474121094,59.70000076293945,265300,41.30167770385742
2017-01-16,59.869998931884766,60.150001525878906,59.15999984741211,60.150001525878906,154100,41.61300277709961
2017-01-17,59.630001068115234,59.91999816894531,59.31999969482422,59.599998474121094,148200,41.23249816894531
2017-01-18,59.400001525878906,59.4900016784668,59.27000045776367,59.400001525878906,280000,41.094139099121094
2017-01-19,59.4900016784668,60.130001068115234,59.220001220703125,59.5099983215332,317390,41.17023849487305
2017-01-20,59.20000076293945,59.75,59.18000030517578,59.29999923706055,161000,41.02495574951172
2017-01-23,58.54999923706055,60.20000076293945,58.54999923706055,60.20000076293945,340600,41.64760208129883
2017-01-24,59.7400016784668,61.16999816894531,59.650001525878906,61.130001068115234,201100,42.290985107421875
2017-01-25,61.33000183105469,61.33000183105469,60.7400016784668,61.09000015258789,167200,42.263309478759766
2017-01-26,60.900001525878906,61.15999984741211,60.540000915527344,60.650001525878906,181800,41.95891189575195
2017-01-27,60.5,61.47999954223633,60.38999938964844,61.47999954223633,106400,42.53312683105469
2017-01-31,60.81999969482422,62.0,60.81999969482422,61.720001220703125,274100,42.69916534423828
2017-02-01,61.529998779296875,62.790000915527344,61.529998779296875,62.68000030517578,237800,43.363311767578125
2017-02-02,62.849998474121094,63.209999084472656,61.97999954223633,62.34000015258789,216000,43.128089904785156
2017-02-03,62.34000015258789,62.970001220703125,61.79999923706055,62.68000030517578,177100,43.363311767578125
2017-02-06,62.47999954223633,62.779998779296875,62.099998474121094,62.54999923706055,168600,43.273380279541016
2017-02-07,62.58000183105469,62.68000030517578,61.9900016784668,62.400001525878906,334400,43.169593811035156
2017-02-08,62.20000076293945,62.849998474121094,62.029998779296875,62.45000076293945,343800,43.20419692993164
2017-02-09,62.45000076293945,63.0,61.97999954223633,62.689998626708984,243500,43.3702278137207
2017-02-10,62.709999084472656,63.58000183105469,62.5,63.099998474121094,650500,43.65388107299805
2017-02-13,63.099998474121094,64.37999725341797,62.97999954223633,63.93000030517578,210400,44.22808837890625
2017-02-14,63.40999984741211,64.30999755859375,63.36000061035156,64.0999984741211,342400,44.3456916809082
2017-02-15,63.900001525878906,64.48999786376953,63.900001525878906,64.44000244140625,222700,44.580909729003906
2017-02-16,64.4000015258789,64.9000015258789,64.4000015258789,64.8499984741211,338400,44.86457061767578
2017-02-17,64.48999786376953,65.08000183105469,64.4000015258789,64.94999694824219,367900,44.93373489379883
2017-02-20,64.55999755859375,64.76000213623047,63.689998626708984,63.86000061035156,251900,44.179656982421875
2017-02-21,63.54999923706055,63.88999938964844,63.290000915527344,63.400001525878906,171100,43.86142349243164
2017-02-22,63.08000183105469,63.310001373291016,62.650001525878906,62.91999816894531,299700,43.52935028076172
2017-02-23,62.189998626708984,63.09000015258789,62.189998626708984,62.97999954223633,318800,43.57086181640625
2017-02-24,63.310001373291016,63.939998626708984,62.5099983215332,62.95000076293945,552200,43.55009078979492
2017-02-27,62.20000076293945,63.29999923706055,62.18000030517578,62.40999984741211,308000,43.17652130126953
2017-02-28,62.369998931884766,62.959999084472656,62.18000030517578,62.18000030517578,722200,43.01740264892578
2017-03-01,62.29999923706055,64.77999877929688,62.29999923706055,64.12999725341797,567300,44.366451263427734
2017-03-02,64.91999816894531,65.5999984741211,64.16999816894531,65.5999984741211,495100,45.38341522216797
2017-03-03,65.01000213623047,65.98999786376953,63.630001068115234,65.98999786376953,332400,45.653228759765625
2017-03-06,66.0,66.0,64.1500015258789,65.5999984741211,263800,45.38341522216797
2017-03-07,65.4000015258789,66.11000061035156,65.0199966430664,65.95999908447266,188700,45.632476806640625
2017-03-08,65.7699966430664,67.2699966430664,65.76000213623047,66.16999816894531,223900,45.77775955200195
2017-03-09,66.48999786376953,66.87999725341797,65.7699966430664,66.22000122070312,290000,45.812355041503906
2017-03-10,66.0199966430664,66.37999725341797,64.68000030517578,65.0,233500,44.96833038330078
2017-03-13,64.87999725341797,65.19999694824219,64.66999816894531,65.16000366210938,180000,45.07902526855469
2017-03-14,65.08999633789062,65.79000091552734,64.80999755859375,65.33000183105469,243700,45.19663619995117
2017-03-15,64.38999938964844,64.94999694824219,63.779998779296875,64.5999984741211,231500,45.47114562988281
2017-03-16,65.38999938964844,66.08000183105469,64.91999816894531,65.86000061035156,284700,46.35804748535156
2017-03-17,65.80999755859375,66.04000091552734,64.6500015258789,65.44999694824219,280500,46.0694580078125
2017-03-20,65.5999984741211,67.0,65.43000030517578,67.0,347300,47.16048049926758
2017-03-21,66.79000091552734,66.79000091552734,66.19000244140625,66.75,345100,46.9845085144043
2017-03-22,65.38999938964844,66.18000030517578,65.38999938964844,65.44999694824219,239000,46.0694580078125
2017-03-23,65.0999984741211,66.3499984741211,65.05999755859375,66.31999969482422,315300,46.68183517456055
2017-03-24,65.94999694824219,66.33999633789062,65.54000091552734,66.0,296800,46.45659255981445
2017-03-27,65.38999938964844,66.05999755859375,64.81999969482422,65.5999984741211,287800,46.17502975463867
2017-03-28,65.69999694824219,66.5,65.69999694824219,66.44999694824219,308000,46.77334976196289
2017-03-29,66.44000244140625,66.48999786376953,65.94999694824219,66.11000061035156,297400,46.53401565551758
2017-03-30,66.11000061035156,66.11000061035156,64.18000030517578,64.4000015258789,353200,45.33036804199219
2017-03-31,64.9000015258789,64.9000015258789,64.19000244140625,64.25,536300,45.224788665771484
2017-04-03,64.98999786376953,65.1500015258789,64.72000122070312,65.13999938964844,238400,45.85124588012695
2017-04-04,65.0999984741211,65.44999694824219,64.44999694824219,64.87999725341797,122400,45.66823196411133
2017-04-05,64.98999786376953,65.4000015258789,64.70999908447266,64.83999633789062,193300,45.640079498291016
2017-04-06,65.23999786376953,66.18000030517578,65.01000213623047,66.12999725341797,243200,46.548091888427734
2017-04-07,65.5199966430664,66.69999694824219,65.1500015258789,66.69999694824219,351900,46.94931411743164
2017-04-10,66.55999755859375,66.77999877929688,65.12999725341797,66.77999877929688,175200,47.0056266784668
2017-04-11,65.98999786376953,66.44000244140625,65.68000030517578,65.69999694824219,154900,46.245426177978516
2017-04-12,65.6500015258789,65.9000015258789,65.31999969482422,65.9000015258789,211500,46.38620376586914
2017-04-13,65.6500015258789,65.69999694824219,65.37999725341797,65.47000122070312,131700,46.08353042602539
2017-04-17,65.29000091552734,65.44999694824219,64.56999969482422,64.6500015258789,67400,45.50634765625
2017-04-18,65.19000244140625,65.31999969482422,64.69000244140625,65.0,216100,45.75270462036133
2017-04-19,64.55000305175781,65.38999938964844,63.900001525878906,64.02999877929688,279900,45.06992721557617
2017-04-20,63.9900016784668,65.5,63.939998626708984,65.5,447100,46.10464859008789
2017-04-21,65.29000091552734,65.87999725341797,64.7300033569336,64.80000305175781,225500,45.61193084716797
2017-04-24,65.19000244140625,65.25,64.1500015258789,64.70999908447266,154500,45.54856872558594
2017-04-25,64.83999633789062,64.91000366210938,64.2300033569336,64.9000015258789,207000,45.68232345581055
2017-04-26,65.02999877929688,65.05999755859375,64.19000244140625,64.6500015258789,185200,45.50634765625
2017-04-27,64.8499984741211,64.9800033569336,64.33000183105469,64.7699966430664,164100,45.59081268310547
2017-04-28,64.95999908447266,65.11000061035156,64.30000305175781,64.52999877929688,247000,45.421878814697266
2017-05-02,64.52999877929688,65.38999938964844,64.52999877929688,65.16999816894531,239400,45.872371673583984
2017-05-03,65.41000366210938,65.4800033569336,64.62000274658203,65.06999969482422,322800,45.801971435546875
2017-05-04,65.19000244140625,65.26000213623047,64.91000366210938,64.98999786376953,127400,45.74566650390625
2017-05-05,64.73999786376953,64.94000244140625,63.5,63.75,189200,44.87284469604492
2017-05-08,63.9900016784668,63.9900016784668,63.02000045776367,63.31999969482422,208000,44.5701789855957
2017-05-09,63.900001525878906,64.1500015258789,62.97999954223633,63.65999984741211,231300,44.80949020385742
2017-05-11,64.4000015258789,65.4800033569336,64.33999633789062,65.4800033569336,453000,46.09056854248047
2017-05-12,65.3499984741211,65.55000305175781,65.05999755859375,65.30999755859375,123000,45.97091293334961
2017-05-15,65.48999786376953,65.94000244140625,64.80999755859375,65.0999984741211,179500,45.823089599609375
2017-05-16,63.150001525878906,63.7599983215332,60.709999084472656,62.290000915527344,939600,43.845176696777344
2017-05-17,61.9900016784668,63.060001373291016,61.900001525878906,61.900001525878906,355600,43.570655822753906
2017-05-18,62.900001525878906,64.7699966430664,62.65999984741211,64.16999816894531,564800,45.16847610473633
2017-05-19,63.75,64.2300033569336,63.0099983215332,63.91999816894531,246700,44.99250793457031
2017-05-22,64.47000122070312,64.61000061035156,64.0,64.16000366210938,184000,45.16143798828125
2017-05-23,64.55000305175781,64.6500015258789,63.279998779296875,63.95000076293945,276600,45.01362228393555
2017-05-24,64.20999908447266,64.37999725341797,63.40999984741211,64.19999694824219,221214,45.18959426879883
2017-05-25,63.9900016784668,64.72000122070312,63.97999954223633,64.5,314200,45.40076446533203
2017-05-26,63.7599983215332,64.25,63.7400016784668,63.849998474121094,277600,44.9432373046875
2017-05-29,64.27999877929688,64.27999877929688,63.2400016784668,63.68000030517578,117600,44.82358169555664
2017-05-30,63.869998931884766,64.33000183105469,63.25,63.97999954223633,138100,45.03474044799805
2017-05-31,63.900001525878906,64.37000274658203,63.4900016784668,63.88999938964844,2704300,44.97138977050781
2017-06-01,64.5999984741211,64.97000122070312,64.0999984741211,64.91999816894531,909900,45.696388244628906
2017-06-02,64.44000244140625,65.23999786376953,64.29000091552734,65.19999694824219,196183,45.89348220825195
2017-06-05,65.9000015258789,65.91999816894531,65.16999816894531,65.88999938964844,187000,46.379173278808594
2017-06-06,65.79000091552734,66.97000122070312,65.6500015258789,66.69000244140625,157800,46.94227981567383
2017-06-07,66.30000305175781,66.9800033569336,65.66999816894531,65.94999694824219,310700,46.42140197753906
2017-06-08,66.55000305175781,66.5999984741211,65.83999633789062,66.5999984741211,222700,46.87892532348633
2017-06-09,66.5999984741211,66.69000244140625,66.30999755859375,66.5999984741211,151800,46.87892532348633
2017-06-12,66.6500015258789,66.95999908447266,66.01000213623047,66.95999908447266,131700,47.13231658935547
2017-06-13,66.05999755859375,66.9000015258789,66.05999755859375,66.30000305175781,224800,46.667762756347656
2017-06-14,66.6500015258789,66.6500015258789,65.97000122070312,66.23999786376953,153700,46.625518798828125
2017-06-15,66.76000213623047,66.76000213623047,65.80999755859375,66.56999969482422,129000,46.857810974121094
2017-06-16,66.73999786376953,66.73999786376953,64.56999969482422,65.7699966430664,465200,46.294700622558594
2017-06-19,65.18000030517578,65.33999633789062,64.70999908447266,65.26000213623047,104500,45.935726165771484
2017-06-20,65.55999755859375,65.55999755859375,64.02999877929688,64.0999984741211,511100,45.119205474853516
2017-06-21,64.4000015258789,64.4000015258789,62.65999984741211,62.790000915527344,369400,44.19711685180664
2017-06-22,63.0,64.08999633789062,63.0,64.06999969482422,137900,45.09809112548828
2017-06-23,64.80000305175781,64.80000305175781,64.11000061035156,64.56999969482422,175400,45.450035095214844
2017-06-27,64.1500015258789,65.0,64.1500015258789,64.9000015258789,144900,45.68232345581055
2017-06-28,64.94999694824219,65.0,63.720001220703125,64.23999786376953,298600,45.217750549316406
2017-06-29,64.19999694824219,64.2699966430664,63.619998931884766,64.02999877929688,147400,45.06992721557617
2017-06-30,64.22000122070312,64.4800033569336,63.630001068115234,64.19999694824219,221800,45.18959426879883
2017-07-03,64.4000015258789,64.79000091552734,64.0,64.0,159700,45.04882049560547
2017-07-04,64.18000030517578,64.18000030517578,63.66999816894531,63.86000061035156,124700,44.95027160644531
2017-07-05,63.90999984741211,64.5,63.75,64.5,213800,45.40076446533203
2017-07-06,64.87000274658203,64.94999694824219,64.2300033569336,64.54000091552734,153100,45.42892074584961
2017-07-07,64.93000030517578,65.05000305175781,64.16999816894531,64.94999694824219,147800,45.717506408691406
2017-07-10,65.48999786376953,65.48999786376953,64.0999984741211,64.0999984741211,127600,45.119205474853516
2017-07-11,63.900001525878906,63.95000076293945,62.880001068115234,63.04999923706055,236800,44.380130767822266
2017-07-12,62.959999084472656,63.04999923706055,62.61000061035156,62.77000045776367,251700,44.183040618896484
2017-07-13,63.029998779296875,64.19999694824219,62.88999938964844,64.0,207600,45.04882049560547
2017-07-14,64.3499984741211,64.37999725341797,64.11000061035156,64.3499984741211,102000,45.2951774597168
2017-07-17,64.55000305175781,64.55000305175781,63.66999816894531,63.75,121300,44.87284469604492
2017-07-18,63.65999984741211,63.970001220703125,63.470001220703125,63.470001220703125,233500,44.675750732421875
2017-07-19,63.349998474121094,63.5099983215332,62.95000076293945,63.20000076293945,165500,44.48571014404297
2017-07-20,63.029998779296875,63.61000061035156,63.02000045776367,63.61000061035156,155500,44.77429962158203
2017-07-21,63.68000030517578,63.95000076293945,63.209999084472656,63.66999816894531,245400,44.816532135009766
2017-07-24,63.79999923706055,64.0,63.529998779296875,63.59000015258789,159000,44.76021957397461
2017-07-25,63.720001220703125,63.970001220703125,63.5,63.54999923706055,256200,44.73207092285156
2017-07-26,63.54999923706055,64.79000091552734,63.47999954223633,63.81999969482422,297800,44.922115325927734
2017-07-27,63.75,63.95000076293945,63.08000183105469,63.95000076293945,320600,45.01362228393555
2017-07-28,64.0,64.08999633789062,63.279998779296875,63.810001373291016,160800,44.91509246826172
2017-07-31,64.0,64.0,63.220001220703125,63.810001373291016,329200,44.91509246826172
2017-08-01,63.209999084472656,63.7400016784668,63.13999938964844,63.2400016784668,269100,44.513877868652344
2017-08-02,63.47999954223633,63.5099983215332,62.869998931884766,62.959999084472656,144800,44.3167839050293
2017-08-03,62.869998931884766,63.959999084472656,62.869998931884766,63.79999923706055,296700,44.908042907714844
2017-08-04,63.95000076293945,64.0999984741211,63.68000030517578,64.0,184400,45.04882049560547
2017-08-07,64.02999877929688,66.16000366210938,64.02999877929688,65.51000213623047,196400,46.11168670654297
2017-08-08,66.5,66.81999969482422,65.77999877929688,66.37000274658203,176200,46.717037200927734
2017-08-10,66.98999786376953,67.5,65.5999984741211,66.05000305175781,301400,46.49178695678711
2017-08-11,65.58000183105469,65.94999694824219,65.11000061035156,65.69999694824219,198100,46.245426177978516
2017-08-14,66.27999877929688,66.93000030517578,65.73999786376953,66.93000030517578,186800,47.11121368408203
2017-08-15,67.0,67.37999725341797,66.22000122070312,66.29000091552734,239423,46.66072082519531
2017-08-16,65.55999755859375,65.98999786376953,64.80000305175781,64.9800033569336,241500,45.73862838745117
2017-08-17,65.18000030517578,65.80999755859375,64.63999938964844,65.51000213623047,209700,46.11168670654297
2017-08-18,65.48999786376953,65.81999969482422,64.30000305175781,65.19999694824219,184000,45.89348220825195
2017-08-21,65.5,66.0999984741211,65.5,65.66000366210938,122300,46.21727752685547
2017-08-22,66.7300033569336,67.19000244140625,66.5999984741211,67.1500015258789,207600,47.26607131958008
2017-08-23,66.58000183105469,66.69999694824219,65.36000061035156,65.77999877929688,257100,46.579200744628906
2017-08-24,65.7300033569336,67.4800033569336,65.7300033569336,67.37999725341797,242100,47.71216583251953
2017-08-25,67.0999984741211,67.37999725341797,66.66999816894531,67.05999755859375,168700,47.485572814941406
2017-08-28,66.31999969482422,66.94999694824219,65.5999984741211,65.5999984741211,144200,46.45174789428711
2017-08-29,65.20999908447266,66.5,65.18000030517578,65.44000244140625,115300,46.33844757080078
2017-08-30,65.62999725341797,66.29000091552734,65.16000366210938,65.44999694824219,192500,46.345523834228516
2017-08-31,65.6500015258789,66.01000213623047,65.31999969482422,65.70999908447266,301400,46.529640197753906
2017-09-04,66.27999877929688,66.37999725341797,65.0,65.0199966430664,118700,46.041038513183594
2017-09-05,65.0199966430664,65.38999938964844,64.3499984741211,64.3499984741211,247500,45.566612243652344
2017-09-06,64.5999984741211,65.33000183105469,64.23999786376953,65.33000183105469,176000,46.26055908203125
2017-09-07,65.87000274658203,66.23999786376953,65.52999877929688,66.23999786376953,205500,46.90492630004883
2017-09-08,66.22000122070312,66.22000122070312,65.2300033569336,66.0,371800,46.734989166259766
2017-09-11,65.9800033569336,66.11000061035156,65.43000030517578,66.02999877929688,68100,46.7562255859375
2017-09-12,66.68000030517578,66.68000030517578,66.0199966430664,66.38999938964844,58100,47.01115417480469
2017-09-13,66.4000015258789,66.58000183105469,65.86000061035156,65.95999908447266,73200,46.706668853759766
2017-09-14,66.19999694824219,66.33000183105469,65.26000213623047,65.75,131900,46.55794906616211
2017-09-15,65.45999908447266,66.66000366210938,65.0,65.66000366210938,339000,46.494232177734375
2017-09-18,66.44000244140625,66.5,66.06999969482422,66.19000244140625,460900,46.86953353881836
2017-09-19,66.01000213623047,66.41000366210938,65.30000305175781,65.66999816894531,238000,46.50130844116211
2017-09-20,65.5,66.01000213623047,64.8499984741211,65.23999786376953,263200,46.19682312011719
2017-09-21,64.8499984741211,65.41999816894531,63.369998931884766,63.650001525878906,374600,45.070945739746094
2017-09-22,63.65999984741211,64.86000061035156,63.65999984741211,64.4000015258789,449800,45.60200881958008
2017-09-25,64.9000015258789,64.9000015258789,63.900001525878906,63.959999084472656,281400,45.29045867919922
2017-09-26,63.790000915527344,63.81999969482422,63.099998474121094,63.279998779296875,301600,44.808937072753906
2017-09-27,63.849998474121094,63.849998474121094,63.099998474121094,63.099998474121094,239100,44.68147659301758
2017-09-28,63.59000015258789,63.79999923706055,63.15999984741211,63.540000915527344,1418700,44.9930419921875
2017-09-29,63.68000030517578,63.689998626708984,63.099998474121094,63.36000061035156,363500,44.8655891418457
2017-10-02,63.5,64.5999984741211,63.47999954223633,64.55999755859375,116000,45.715309143066406
2017-10-03,64.91999816894531,65.06999969482422,63.86000061035156,65.06999969482422,232800,46.076446533203125
2017-10-04,65.19000244140625,65.19000244140625,63.68000030517578,64.06999969482422,121300,45.368343353271484
2017-10-05,64.0,64.56999969482422,63.77000045776367,64.19000244140625,111800,45.45331573486328
2017-10-06,64.69999694824219,65.66999816894531,64.4800033569336,65.66999816894531,497400,46.50130844116211
2017-10-09,65.80000305175781,65.80000305175781,64.47000122070312,64.77999877929688,85400,45.87110137939453
2017-10-10,64.58000183105469,65.19999694824219,64.19999694824219,64.52999877929688,304000,45.694068908691406
2017-10-11,65.25,65.58000183105469,64.95999908447266,65.55000305175781,107300,46.416343688964844
2017-10-12,65.55000305175781,65.72000122070312,65.11000061035156,65.55000305175781,131800,46.416343688964844
2017-10-13,65.70999908447266,66.5999984741211,65.5,65.97000122070312,170700,46.713748931884766
2017-10-16,66.16999816894531,66.55000305175781,65.77999877929688,66.25,162500,46.91200637817383
2017-10-17,66.23999786376953,66.83000183105469,66.12000274658203,66.48999786376953,179800,47.081947326660156
2017-10-19,66.55000305175781,66.9800033569336,65.88999938964844,66.9800033569336,244800,47.428932189941406
2017-10-20,66.94000244140625,66.94999694824219,65.73999786376953,66.02999877929688,337500,46.7562255859375
2017-10-23,67.0,67.0,66.1500015258789,66.30999755859375,294800,46.95450210571289
2017-10-24,66.3499984741211,66.38999938964844,65.79000091552734,66.08999633789062,115400,46.7987174987793
2017-10-25,65.33000183105469,65.91000366210938,64.4000015258789,64.55000305175781,265900,45.70823669433594
2017-10-26,64.58999633789062,65.19000244140625,64.29000091552734,65.0,172000,46.026885986328125
2017-10-27,65.16999816894531,65.16999816894531,64.54000091552734,65.12000274658203,64600,46.111854553222656
2017-10-30,64.79000091552734,65.0199966430664,64.08999633789062,64.1500015258789,177600,45.424991607666016
2017-10-31,64.0,64.37000274658203,64.0,64.05999755859375,267600,45.361263275146484
2017-11-01,64.0,64.2300033569336,63.20000076293945,63.79999923706055,230900,45.17715072631836
2017-11-02,63.470001220703125,64.05000305175781,63.400001525878906,63.65999984741211,278600,45.07801818847656
2017-11-03,64.13999938964844,64.66999816894531,64.0,64.66000366210938,401600,45.786128997802734
2017-11-06,64.69999694824219,65.98999786376953,64.45999908447266,65.98999786376953,322000,46.727901458740234
2017-11-07,65.5999984741211,66.8499984741211,65.5999984741211,66.8499984741211,204500,47.33687210083008
2017-11-08,67.0,68.0,66.33000183105469,68.0,261200,48.15120315551758
2017-11-09,68.0999984741211,68.11000061035156,65.30000305175781,65.69000244140625,233800,46.515480041503906
2017-11-10,65.01000213623047,67.45999908447266,65.01000213623047,67.0,337300,47.44309997558594
2017-11-13,66.5,67.77999877929688,66.08000183105469,67.08000183105469,258200,47.4997444152832
2017-11-14,67.02999877929688,67.27999877929688,66.33000183105469,67.11000061035156,286900,47.5209846496582
2017-11-15,66.30999755859375,66.31999969482422,65.18000030517578,65.22000122070312,239900,46.182655334472656
2017-11-16,65.02999877929688,65.69999694824219,64.83999633789062,64.97000122070312,305300,46.00564193725586
2017-11-17,65.1500015258789,65.55000305175781,64.94000244140625,64.94999694824219,266500,45.99147415161133
2017-11-20,65.44999694824219,65.44999694824219,65.0199966430664,65.05000305175781,139200,46.062286376953125
2017-11-21,64.80999755859375,65.95999908447266,64.80999755859375,65.55000305175781,150000,46.416343688964844
2017-11-22,65.0199966430664,65.08999633789062,64.5,64.61000061035156,200600,45.75071716308594
2017-11-23,65.08999633789062,65.3499984741211,64.9000015258789,65.19000244140625,231233,46.16142654418945
2017-11-24,65.37000274658203,65.37000274658203,64.86000061035156,64.94000244140625,109400,45.9843864440918
2017-11-27,64.72000122070312,65.08999633789062,64.6500015258789,64.75,93500,45.84986114501953
2017-11-28,64.55999755859375,65.0,64.11000061035156,64.8499984741211,328900,45.920654296875
2017-11-29,65.0,65.0,64.55999755859375,64.79000091552734,122700,45.878177642822266
2017-11-30,64.0,64.55999755859375,62.47999954223633,62.47999954223633,945000,44.242454528808594
2017-12-01,63.2599983215332,64.16000366210938,63.02000045776367,63.83000183105469,467351,45.19839859008789
2017-12-04,64.12999725341797,64.16000366210938,63.16999816894531,63.5,201500,44.9647216796875
2017-12-05,63.5,63.66999816894531,63.5,63.5,150500,44.9647216796875
2017-12-06,63.5,63.599998474121094,63.029998779296875,63.5,221490,44.9647216796875
2017-12-07,63.5,63.59000015258789,61.54999923706055,62.099998474121094,447600,43.97337341308594
2017-12-08,62.400001525878906,62.59000015258789,61.959999084472656,62.099998474121094,245800,43.97337341308594
2017-12-11,62.27000045776367,63.58000183105469,61.970001220703125,63.470001220703125,215200,44.9434814453125
2017-12-12,62.91999816894531,63.279998779296875,62.31999969482422,63.119998931884766,170800,44.695640563964844
2017-12-13,63.13999938964844,65.6500015258789,62.599998474121094,63.13999938964844,150100,44.70980453491211
2017-12-14,62.70000076293945,62.83000183105469,61.83000183105469,62.29999923706055,322200,44.114986419677734
2017-12-15,62.18000030517578,63.040000915527344,62.15999984741211,63.040000915527344,336800,44.63899612426758
2017-12-18,63.290000915527344,63.59000015258789,62.369998931884766,62.59000015258789,122700,44.32033920288086
2017-12-19,62.70000076293945,62.779998779296875,61.779998779296875,61.93000030517578,220900,43.85299301147461
2017-12-20,62.04999923706055,62.22999954223633,60.689998626708984,61.0,176100,43.194454193115234
2017-12-21,61.20000076293945,61.380001068115234,61.0,61.06999969482422,227200,43.244014739990234
2017-12-22,61.04999923706055,61.2599983215332,60.900001525878906,61.189998626708984,178500,43.32899475097656
2017-12-26,60.900001525878906,61.13999938964844,60.70000076293945,60.880001068115234,28200,43.10948944091797
2017-12-27,60.900001525878906,61.0,60.58000183105469,60.77000045776367,76800,43.03158950805664
2017-12-28,60.77000045776367,61.02000045776367,60.54999923706055,60.90999984741211,54900,43.13072967529297
2017-12-29,60.880001068115234,60.880001068115234,60.619998931884766,60.75,96100,43.017425537109375
2018-01-02,61.04999923706055,61.04999923706055,60.75,60.81999969482422,51100,43.0670051574707
2018-01-03,60.63999938964844,60.970001220703125,60.529998779296875,60.79999923706055,147200,43.05283737182617
2018-01-04,61.099998474121094,61.400001525878906,59.79999923706055,60.279998779296875,340600,42.68461227416992
2018-01-05,60.77000045776367,60.77000045776367,59.72999954223633,60.08000183105469,164000,42.54300308227539
2018-01-08,59.880001068115234,60.9900016784668,59.880001068115234,60.849998474121094,102900,43.08824157714844
2018-01-09,61.150001525878906,62.97999954223633,61.150001525878906,62.27000045776367,215600,44.09375
2018-01-10,62.0,62.0,60.4900016784668,61.0,468050,43.194454193115234
2018-01-11,60.84000015258789,61.130001068115234,60.56999969482422,61.130001068115234,1690300,43.2865104675293
2018-01-12,62.4900016784668,62.4900016784668,61.349998474121094,62.13999938964844,853400,44.0016975402832
2018-01-15,62.31999969482422,62.61000061035156,62.02000045776367,62.209999084472656,211700,44.0512580871582
2018-01-16,62.13999938964844,62.33000183105469,61.7599983215332,62.02000045776367,183900,43.91672134399414
2018-01-17,62.349998474121094,62.470001220703125,61.849998474121094,62.459999084472656,304800,44.22829055786133
2018-01-18,62.70000076293945,62.95000076293945,61.91999816894531,62.380001068115234,608700,44.17164611816406
2018-01-19,62.34000015258789,62.54999923706055,62.25,62.5,452000,44.256614685058594
2018-01-22,62.900001525878906,65.5,62.900001525878906,65.5,451600,46.38092803955078
2018-01-23,65.76000213623047,65.76000213623047,64.23999786376953,64.48999786376953,292500,45.66574478149414
2018-01-24,65.0,65.0,64.61000061035156,64.8499984741211,300800,45.920654296875
2018-01-25,65.2699966430664,65.2699966430664,63.81999969482422,63.91999816894531,521400,45.26213073730469
2018-01-26,64.20999908447266,64.86000061035156,63.9900016784668,64.62000274658203,185000,45.7578010559082
2018-01-29,64.9000015258789,64.9000015258789,64.19999694824219,64.62000274658203,339500,45.7578010559082
2018-01-30,64.19999694824219,64.56999969482422,63.58000183105469,63.790000915527344,144300,45.17007064819336
2018-01-31,63.790000915527344,63.95000076293945,62.95000076293945,63.47999954223633,374800,44.95055389404297
2018-02-01,64.69999694824219,64.76000213623047,63.369998931884766,64.23999786376953,265900,45.488712310791016
2018-02-02,64.54000091552734,64.9800033569336,63.91999816894531,64.91999816894531,164000,45.9702262878418
2018-02-05,65.08000183105469,65.08000183105469,63.9900016784668,64.19999694824219,149400,45.46039581298828
2018-02-06,64.77999877929688,64.77999877929688,62.06999969482422,62.18000030517578,344000,44.030025482177734
2018-02-07,62.65999984741211,64.18000030517578,61.810001373291016,61.810001373291016,169900,43.76801681518555
2018-02-08,62.0,62.22999954223633,61.869998931884766,61.90999984741211,133700,43.83883285522461
2018-02-09,62.0,62.20000076293945,60.869998931884766,61.5,200600,43.54851150512695
2018-02-12,62.0,62.599998474121094,61.689998626708984,61.689998626708984,111800,43.68305206298828
2018-02-13,61.65999984741211,62.560001373291016,61.33000183105469,62.0,170800,43.902557373046875
2018-02-14,62.0099983215332,62.5,61.459999084472656,61.66999816894531,270900,43.668880462646484
2018-02-15,61.79999923706055,62.150001525878906,61.5,61.97999954223633,259400,43.888397216796875
2018-02-19,61.70000076293945,62.45000076293945,61.5,62.040000915527344,284500,43.93089294433594
2018-02-20,62.099998474121094,62.810001373291016,62.0,62.59000015258789,126200,44.32033920288086
2018-02-21,62.29999923706055,62.630001068115234,62.25,62.5099983215332,127100,44.26369094848633
2018-02-22,62.04999923706055,62.2599983215332,61.599998474121094,61.83000183105469,233500,43.78218460083008
2018-02-23,62.0,62.54999923706055,62.0,62.119998931884766,206700,43.98753356933594
2018-02-26,62.0,62.86000061035156,62.0,62.5,183000,44.256614685058594
2018-02-27,62.40999984741211,64.58999633789062,62.40999984741211,63.75,255200,45.14175033569336
2018-02-28,65.44000244140625,65.44000244140625,64.81999969482422,65.1500015258789,373200,46.13310241699219
2018-03-01,65.0,65.08000183105469,63.540000915527344,63.61000061035156,196879,45.04261016845703
2018-03-02,63.54999923706055,63.720001220703125,63.04999923706055,63.2400016784668,84700,44.78062057495117
2018-03-05,62.939998626708984,63.15999984741211,61.95000076293945,62.369998931884766,184100,44.16455841064453
2018-03-06,63.25,63.29999923706055,62.720001220703125,63.189998626708984,182800,44.745208740234375
2018-03-07,63.349998474121094,63.349998474121094,61.849998474121094,62.0,268400,43.902557373046875
2018-03-08,62.619998931884766,63.08000183105469,62.11000061035156,62.79999923706055,141500,44.46904754638672
2018-03-09,62.810001373291016,63.06999969482422,62.0,62.810001373291016,191000,44.47612762451172
2018-03-12,64.0,64.98999786376953,63.630001068115234,64.72000122070312,132200,45.828609466552734
2018-03-13,63.70000076293945,63.9900016784668,63.31999969482422,63.529998779296875,206800,44.9859619140625
2018-03-14,63.599998474121094,63.599998474121094,62.790000915527344,62.95000076293945,150100,44.57526779174805
2018-03-15,63.0,63.119998931884766,62.56999969482422,62.779998779296875,221000,44.45488739013672
2018-03-16,62.5,62.5099983215332,62.02000045776367,62.22999954223633,326900,44.0654296875
2018-03-19,62.47999954223633,63.02000045776367,62.29999923706055,62.63999938964844,158900,44.355751037597656
2018-03-20,62.79999923706055,62.81999969482422,62.41999816894531,62.63999938964844,156500,44.355751037597656
2018-03-21,61.61000061035156,61.880001068115234,61.36000061035156,61.5,234700,44.39906311035156
2018-03-22,61.91999816894531,61.9900016784668,61.209999084472656,61.619998931884766,233300,44.48570251464844
2018-03-23,60.849998474121094,61.29999923706055,60.70000076293945,61.13999938964844,151700,44.1391716003418
2018-03-26,61.41999816894531,61.720001220703125,61.06999969482422,61.5,132900,44.39906311035156
2018-03-27,61.529998779296875,61.83000183105469,61.529998779296875,61.70000076293945,154400,44.54345703125
2018-03-28,61.720001220703125,61.95000076293945,61.5,61.70000076293945,87300,44.54345703125
2018-03-29,61.9900016784668,62.25,61.5099983215332,61.619998931884766,226400,44.48570251464844
2018-04-02,61.90999984741211,62.189998626708984,61.84000015258789,62.15999984741211,39300,44.87554931640625
2018-04-03,62.189998626708984,62.380001068115234,61.709999084472656,62.0,159300,44.76004409790039
2018-04-04,62.369998931884766,62.56999969482422,62.0099983215332,62.11000061035156,112900,44.839447021484375
2018-04-05,62.119998931884766,62.27000045776367,61.70000076293945,62.0,123700,44.76004409790039
2018-04-06,62.540000915527344,62.540000915527344,61.869998931884766,61.91999816894531,114800,44.70227813720703
2018-04-09,61.5,62.0,61.349998474121094,61.56999969482422,169200,44.44960403442383
2018-04-10,61.619998931884766,61.619998931884766,61.130001068115234,61.33000183105469,326000,44.27634048461914
2018-04-11,61.54999923706055,61.970001220703125,61.5,61.560001373291016,252200,44.44239044189453
2018-04-12,61.5,61.7400016784668,61.33000183105469,61.5,244000,44.39906311035156
2018-04-13,61.5,61.959999084472656,61.5,61.72999954223633,197500,44.56511688232422
2018-04-16,61.9900016784668,62.0,61.5,61.5,241700,44.39906311035156
2018-04-17,61.20000076293945,61.2400016784668,60.349998474121094,60.66999816894531,382100,43.79985427856445
2018-04-18,60.650001525878906,61.220001220703125,60.5,61.220001220703125,310704,44.19692611694336
2018-04-19,60.9900016784668,61.650001525878906,60.9900016784668,61.56999969482422,447400,44.44960403442383
2018-04-20,61.47999954223633,61.959999084472656,61.029998779296875,61.959999084472656,297500,44.731163024902344
2018-04-23,61.5,61.61000061035156,61.29999923706055,61.5,212200,44.39906311035156
2018-04-24,61.5,61.599998474121094,61.0,61.5,203000,44.39906311035156
2018-04-25,61.560001373291016,61.59000015258789,61.47999954223633,61.5099983215332,83200,44.40628433227539
2018-04-26,61.54999923706055,61.77000045776367,61.2599983215332,61.630001068115234,198300,44.492919921875
2018-04-27,61.5,61.689998626708984,59.83000183105469,60.459999084472656,357900,43.64825439453125
2018-04-30,60.7599983215332,61.060001373291016,60.540000915527344,60.72999954223633,116500,43.843177795410156
2018-05-02,60.5,61.25,60.18000030517578,60.75,403700,43.857608795166016
2018-05-03,60.75,61.22999954223633,59.93000030517578,60.02000045776367,281200,43.330604553222656
2018-05-04,60.060001373291016,60.279998779296875,59.75,60.189998626708984,264100,43.45332336425781
2018-05-07,60.54999923706055,60.83000183105469,59.88999938964844,60.29999923706055,188800,43.532752990722656
2018-05-08,60.5,61.22999954223633,60.209999084472656,60.869998931884766,169500,43.944244384765625
2018-05-09,60.970001220703125,61.290000915527344,60.61000061035156,60.959999084472656,217300,44.009220123291016
2018-05-10,61.400001525878906,61.40999984741211,60.720001220703125,61.33000183105469,180300,44.27634048461914
2018-05-11,61.880001068115234,62.150001525878906,60.75,60.900001525878906,162700,43.965904235839844
2018-05-14,61.0,61.79999923706055,60.810001373291016,61.79999923706055,180400,44.61565399169922
2018-05-15,62.400001525878906,62.81999969482422,62.189998626708984,62.41999816894531,168300,45.06324005126953
2018-05-16,62.29999923706055,62.900001525878906,61.959999084472656,62.220001220703125,301330,44.91886520385742
2018-05-17,62.029998779296875,62.5,61.689998626708984,61.79999923706055,132500,44.61565399169922
2018-05-18,61.970001220703125,62.650001525878906,61.7599983215332,62.45000076293945,253900,45.08489990234375
2018-05-21,62.70000076293945,63.45000076293945,62.279998779296875,62.900001525878906,129500,45.4097785949707
2018-05-22,62.88999938964844,65.0,62.810001373291016,64.87000274658203,251400,46.83199691772461
2018-05-23,65.12000274658203,65.12000274658203,64.3499984741211,64.68000030517578,319000,46.694820404052734
2018-05-24,64.37999725341797,65.0,64.02999877929688,64.80000305175781,261410,46.78145980834961
2018-05-25,64.3499984741211,64.9000015258789,64.05000305175781,64.47000122070312,131700,46.543216705322266
2018-05-28,65.19999694824219,65.9800033569336,64.56999969482422,65.51000213623047,153400,47.29403305053711
2018-05-30,64.5,65.11000061035156,63.65999984741211,64.33000183105469,423200,46.44214630126953
2018-05-31,64.87000274658203,64.87000274658203,62.220001220703125,62.439998626708984,1633800,45.07768630981445
2018-06-01,62.54999923706055,63.900001525878906,62.16999816894531,62.279998779296875,280226,44.96217727661133
2018-06-04,62.38999938964844,62.900001525878906,61.709999084472656,62.189998626708984,205800,44.8972053527832
2018-06-05,62.470001220703125,62.54999923706055,61.630001068115234,62.13999938964844,246000,44.861106872558594
2018-06-06,62.70000076293945,63.2599983215332,62.47999954223633,62.70000076293945,262000,45.26538848876953
2018-06-07,63.290000915527344,63.369998931884766,62.310001373291016,62.689998626708984,157800,45.2581672668457
2018-06-08,62.38999938964844,62.66999816894531,62.150001525878906,62.40999984741211,167200,45.0560188293457
2018-06-11,62.56999969482422,62.63999938964844,62.400001525878906,62.59000015258789,157600,45.18598175048828
2018-06-12,62.59000015258789,62.95000076293945,62.29999923706055,62.54999923706055,141800,45.1570930480957
2018-06-13,62.619998931884766,62.84000015258789,62.20000076293945,62.20000076293945,192850,44.90442657470703
2018-06-14,62.220001220703125,62.79999923706055,62.20000076293945,62.7400016784668,419500,45.29426574707031
2018-06-18,62.630001068115234,62.81999969482422,62.349998474121094,62.5,262401,45.12099838256836
2018-06-19,62.61000061035156,62.77000045776367,61.5099983215332,62.0,298700,44.76004409790039
2018-06-20,62.0,62.599998474121094,61.9900016784668,62.540000915527344,76400,45.14988708496094
2018-06-21,63.150001525878906,63.47999954223633,62.540000915527344,62.7400016784668,105000,45.29426574707031
2018-06-22,63.16999816894531,63.27000045776367,62.61000061035156,63.22999954223633,255500,45.64801788330078
2018-06-25,63.20000076293945,63.220001220703125,62.29999923706055,62.59000015258789,161600,45.18598175048828
2018-06-26,62.779998779296875,63.04999923706055,62.4900016784668,63.0099983215332,239700,45.489192962646484
2018-06-27,63.0,63.02000045776367,62.65999984741211,63.0,154800,45.481971740722656
2018-06-28,63.20000076293945,63.45000076293945,63.0099983215332,63.29999923706055,230500,45.69855880737305
2018-06-29,63.0,63.470001220703125,62.650001525878906,63.099998474121094,228300,45.55416488647461
2018-07-02,63.400001525878906,63.599998474121094,62.959999084472656,63.20000076293945,173800,45.62635803222656
2018-07-03,63.7400016784668,63.7400016784668,63.099998474121094,63.20000076293945,178700,45.62635803222656
2018-07-04,63.45000076293945,63.72999954223633,63.130001068115234,63.29999923706055,104300,45.69855880737305
2018-07-05,63.209999084472656,63.529998779296875,62.869998931884766,63.45000076293945,101800,45.80683898925781
2018-07-06,63.2599983215332,63.650001525878906,62.709999084472656,63.599998474121094,103900,45.91513442993164
2018-07-09,63.779998779296875,63.779998779296875,63.099998474121094,63.29999923706055,152200,45.69855880737305
2018-07-10,63.599998474121094,64.91999816894531,63.599998474121094,64.51000213623047,146928,46.57209396362305
2018-07-11,64.19000244140625,64.80000305175781,63.869998931884766,64.79000091552734,179100,46.774234771728516
2018-07-12,64.5,64.68000030517578,64.30999755859375,64.47000122070312,120500,46.543216705322266
2018-07-13,64.69000244140625,64.9000015258789,64.41999816894531,64.9000015258789,155100,46.8536491394043
2018-07-16,64.9000015258789,64.9000015258789,63.939998626708984,64.66999816894531,138800,46.68760299682617
2018-07-17,64.63999938964844,65.0,63.88999938964844,65.0,180000,46.92584228515625
2018-07-18,64.5,64.87000274658203,64.44000244140625,64.61000061035156,188300,46.644283294677734
2018-07-19,64.87999725341797,65.73999786376953,64.62999725341797,65.5,105900,47.28681564331055
2018-07-20,65.31999969482422,66.05999755859375,64.66000366210938,66.05999755859375,149700,47.69109344482422
2018-07-23,66.36000061035156,66.43000030517578,65.86000061035156,66.1500015258789,54100,47.756072998046875
2018-07-24,66.25,66.94000244140625,65.5,66.08000183105469,78300,47.70553970336914
2018-07-25,66.9000015258789,66.9000015258789,65.97000122070312,66.20999908447266,167400,47.79938507080078
2018-07-26,65.80999755859375,66.45999908447266,65.66000366210938,66.30000305175781,103500,47.86436462402344
2018-07-27,66.19999694824219,66.19999694824219,65.75,66.19000244140625,179500,47.784950256347656
2018-07-30,66.19000244140625,66.43000030517578,65.98999786376953,66.2699966430664,112700,47.84270477294922
2018-07-31,65.55000305175781,67.79000091552734,65.41999816894531,67.5,360300,48.73068618774414
2018-08-01,66.5,66.9800033569336,66.3499984741211,66.73999786376953,245400,48.182010650634766
2018-08-02,66.5,66.87000274658203,66.2699966430664,66.76000213623047,134800,48.196449279785156
2018-08-03,66.88999938964844,66.91000366210938,66.22000122070312,66.55000305175781,220100,48.04484176635742
2018-08-06,66.3499984741211,66.7699966430664,66.19999694824219,66.7300033569336,80800,48.17479705810547
2018-08-07,66.5,66.81999969482422,66.3499984741211,66.69999694824219,87300,48.15312957763672
2018-08-08,66.9800033569336,66.9800033569336,66.01000213623047,66.3499984741211,116200,47.90045928955078
2018-08-10,65.9000015258789,66.2699966430664,65.08999633789062,66.0999984741211,220600,47.7199821472168
2018-08-13,66.0999984741211,66.4800033569336,65.91999816894531,66.20999908447266,182900,47.79938507080078
2018-08-14,66.01000213623047,66.20999908447266,65.73999786376953,65.9000015258789,354100,47.57558822631836
2018-08-15,65.80000305175781,65.9800033569336,65.20999908447266,65.66999816894531,202400,47.71363067626953
2018-08-16,65.5,66.19000244140625,65.06999969482422,65.75,215700,47.77175521850586
2018-08-17,65.5,65.7300033569336,64.69999694824219,64.91000366210938,190400,47.16144943237305
2018-08-20,64.0,64.30000305175781,63.810001373291016,64.02999877929688,213600,46.52206802368164
2018-08-21,63.099998474121094,63.970001220703125,63.099998474121094,63.36000061035156,293500,46.03526306152344
2018-08-23,63.58000183105469,64.95999908447266,63.349998474121094,63.349998474121094,312500,46.02799987792969
2018-08-24,63.72999954223633,64.12000274658203,63.540000915527344,63.7599983215332,106400,46.325889587402344
2018-08-27,63.79999923706055,64.5,63.619998931884766,64.44999694824219,107400,46.82722091674805
2018-08-28,64.13999938964844,64.69000244140625,63.900001525878906,64.41999816894531,125800,46.805423736572266
2018-08-29,63.93000030517578,64.16999816894531,63.369998931884766,63.75,291900,46.318626403808594
2018-08-30,63.16999816894531,63.68000030517578,62.279998779296875,62.5,340000,45.41041564941406
2018-08-31,62.79999923706055,63.689998626708984,62.58000183105469,63.119998931884766,458900,45.86089324951172
2018-09-03,62.709999084472656,62.880001068115234,62.540000915527344,62.540000915527344,89248,45.439483642578125
2018-09-04,62.5099983215332,62.79999923706055,62.5,62.599998474121094,212800,45.48307800292969
2018-09-05,61.040000915527344,61.7400016784668,60.59000015258789,61.09000015258789,395300,44.385955810546875
2018-09-06,61.029998779296875,61.29999923706055,60.119998931884766,60.540000915527344,332400,43.9863395690918
2018-09-07,60.5,61.540000915527344,60.20000076293945,60.70000076293945,364500,44.10259246826172
2018-09-10,60.31999969482422,60.869998931884766,60.2400016784668,60.5,148400,43.957279205322266
2018-09-11,60.0,60.560001373291016,59.75,60.47999954223633,210400,43.94275665283203
2018-09-12,59.68000030517578,60.88999938964844,59.45000076293945,60.47999954223633,347800,43.94275665283203
2018-09-13,60.79999923706055,60.9900016784668,60.5099983215332,60.70000076293945,193900,44.10259246826172
2018-09-14,60.279998779296875,60.93000030517578,60.279998779296875,60.790000915527344,148900,44.167991638183594
2018-09-17,60.47999954223633,60.5,60.0,60.5,182600,43.957279205322266
2018-09-18,60.04999923706055,60.779998779296875,59.68000030517578,60.70000076293945,275400,44.10259246826172
2018-09-19,60.650001525878906,62.91999816894531,60.529998779296875,62.91999816894531,291500,45.715572357177734
2018-09-20,62.150001525878906,62.439998626708984,61.31999969482422,61.720001220703125,282050,44.84370040893555
2018-09-21,62.0,62.060001373291016,61.040000915527344,61.88999938964844,422900,44.96721267700195
2018-09-24,61.75,62.25,61.75,62.0,85000,45.0471305847168
2018-09-25,62.0,62.130001068115234,61.709999084472656,61.880001068115234,77900,44.95994567871094
2018-09-26,61.75,62.59000015258789,61.68000030517578,62.54999923706055,132100,45.44674301147461
2018-09-27,62.0,62.2599983215332,61.70000076293945,62.0099983215332,148800,45.05439758300781
2018-09-28,62.20000076293945,62.75,61.790000915527344,62.75,260300,45.59205627441406
2018-10-01,62.59000015258789,62.959999084472656,62.18000030517578,62.810001373291016,153200,45.635658264160156
2018-10-02,63.09000015258789,63.400001525878906,62.529998779296875,63.400001525878906,192000,46.06432342529297
2018-10-03,65.4800033569336,65.51000213623047,62.880001068115234,63.36000061035156,205200,46.03526306152344
2018-10-04,62.599998474121094,62.630001068115234,61.40999984741211,61.5,289800,44.68385314941406
2018-10-05,61.70000076293945,61.900001525878906,60.5,61.22999954223633,221600,44.487674713134766
2018-10-08,60.54999923706055,61.29999923706055,60.540000915527344,60.630001068115234,88014,44.05174255371094
2018-10-09,60.630001068115234,60.9900016784668,60.5099983215332,60.630001068115234,272227,44.05174255371094
2018-10-10,60.970001220703125,61.130001068115234,60.0099983215332,60.20000076293945,322900,43.739315032958984
2018-10-11,59.599998474121094,59.599998474121094,57.900001525878906,57.9900016784668,501400,42.133602142333984
2018-10-12,59.7599983215332,59.7599983215332,58.45000076293945,58.709999084472656,260251,42.6567268371582
2018-10-15,58.630001068115234,59.9900016784668,58.5099983215332,58.630001068115234,248000,42.598602294921875
2018-10-16,59.290000915527344,59.400001525878906,57.400001525878906,57.880001068115234,324700,42.05367660522461
2018-10-17,58.25,58.849998474121094,58.119998931884766,58.400001525878906,83500,42.431488037109375
2018-10-18,58.279998779296875,58.95000076293945,57.88999938964844,58.79999923706055,196400,42.72212219238281
2018-10-19,58.56999969482422,59.04999923706055,58.27000045776367,58.900001525878906,187500,42.794776916503906
2018-10-22,58.84000015258789,58.880001068115234,58.310001373291016,58.880001068115234,263753,42.780250549316406
2018-10-23,58.16999816894531,58.779998779296875,58.16999816894531,58.27000045776367,131100,42.337039947509766
2018-10-24,58.27000045776367,58.59000015258789,57.70000076293945,58.0,247300,42.140865325927734
2018-10-25,57.0,57.380001068115234,56.54999923706055,56.86000061035156,149400,41.31258010864258
2018-10-26,56.560001373291016,56.779998779296875,55.79999923706055,56.439998626708984,167800,41.00741958618164
2018-10-29,57.2400016784668,57.93000030517578,57.09000015258789,57.290000915527344,142700,41.625003814697266
2018-10-30,56.65999984741211,57.459999084472656,56.650001525878906,57.16999816894531,194200,41.537811279296875
2018-10-31,57.54999923706055,58.290000915527344,57.029998779296875,57.709999084472656,305000,41.9301643371582
2018-11-01,58.58000183105469,59.09000015258789,57.529998779296875,58.72999954223633,163400,42.67125701904297
2018-11-02,58.11000061035156,58.86000061035156,58.060001373291016,58.650001525878906,236900,42.613136291503906
2018-11-05,58.54999923706055,58.61000061035156,57.810001373291016,58.38999938964844,151300,42.42422866821289
2018-11-07,58.83000183105469,59.2400016784668,58.060001373291016,58.5,215300,42.504150390625
2018-11-08,58.29999923706055,60.68000030517578,58.29999923706055,60.68000030517578,236900,44.08806610107422
2018-11-09,60.0,60.29999923706055,59.400001525878906,60.29999923706055,201100,43.81196975708008
2018-11-12,59.810001373291016,61.0,59.810001373291016,61.0,116000,44.32057571411133
2018-11-13,60.779998779296875,61.70000076293945,60.72999954223633,61.70000076293945,294100,44.829158782958984
2018-11-14,61.04999923706055,61.939998626708984,61.04999923706055,61.56999969482422,261300,44.734703063964844
2018-11-15,61.0,63.189998626708984,61.0,62.900001525878906,208900,45.701045989990234
2018-11-16,63.5099983215332,65.6500015258789,63.220001220703125,65.5999984741211,296600,47.66277313232422
2018-11-19,63.5099983215332,63.970001220703125,63.5,63.689998626708984,220000,46.275028228759766
2018-11-20,62.83000183105469,63.56999969482422,62.540000915527344,63.33000183105469,218300,46.01347351074219
2018-11-21,62.29999923706055,63.939998626708984,62.29999923706055,63.52000045776367,170100,46.15151596069336
2018-11-22,64.5,65.29000091552734,64.33999633789062,64.83000183105469,138500,47.10331344604492
2018-11-23,64.98999786376953,65.0,64.31999969482422,64.54000091552734,247900,46.892616271972656
2018-11-26,64.02999877929688,65.0,64.02999877929688,65.0,143300,47.22683334350586
2018-11-27,65.55000305175781,65.80000305175781,65.0,65.37999725341797,158900,47.502925872802734
2018-11-28,65.19999694824219,65.27999877929688,64.45999908447266,64.61000061035156,262000,46.9434700012207
2018-11-29,64.5999984741211,65.33000183105469,64.5199966430664,64.9000015258789,274446,47.154178619384766
2018-11-30,65.0,66.69000244140625,64.9000015258789,66.02999877929688,779500,47.97519302368164
2018-12-03,66.33000183105469,67.9000015258789,66.33000183105469,66.91999816894531,220925,48.62184143066406
2018-12-04,67.4000015258789,67.56999969482422,66.36000061035156,66.83000183105469,287800,48.55644989013672
2018-12-05,66.41999816894531,67.5,66.16999816894531,66.9000015258789,174200,48.60730743408203
2018-12-06,66.9000015258789,66.9000015258789,64.11000061035156,65.33999633789062,341600,47.47386932373047
2018-12-07,66.86000061035156,67.2699966430664,65.63999938964844,65.63999938964844,262900,47.691837310791016
2018-12-10,64.76000213623047,65.33999633789062,64.0199966430664,64.81999969482422,313400,47.09605026245117
2018-12-11,63.58000183105469,65.44999694824219,63.58000183105469,64.70999908447266,281000,47.01612091064453
2018-12-12,65.5,66.95999908447266,64.5,66.95999908447266,355000,48.650901794433594
2018-12-13,64.91000366210938,66.55000305175781,64.91000366210938,65.9000015258789,383900,47.880741119384766
2018-12-14,66.93000030517578,66.93000030517578,65.19999694824219,66.44999694824219,276500,48.28034973144531
2018-12-17,66.48999786376953,67.5,66.44999694824219,67.4000015258789,182900,48.97060012817383
2018-12-18,66.5999984741211,67.0,64.38999938964844,64.43000030517578,333800,46.812686920166016
2018-12-19,64.7300033569336,65.9800033569336,64.72000122070312,65.69999694824219,409300,47.73542404174805
2018-12-20,65.73999786376953,67.4800033569336,65.7300033569336,66.87999725341797,214800,48.59278106689453
2018-12-21,66.0,67.3499984741211,65.2300033569336,66.0999984741211,431800,48.026058197021484
2018-12-24,65.83000183105469,67.5,65.83000183105469,67.5,83100,49.043251037597656
2018-12-26,66.0,67.48999786376953,66.0,66.94000244140625,47700,48.63636779785156
2018-12-27,67.29000091552734,67.80000305175781,66.73999786376953,67.80000305175781,140100,49.261226654052734
2018-12-28,68.0,69.0,67.58000183105469,68.33999633789062,135000,49.653560638427734
2018-12-31,66.7300033569336,69.58000183105469,66.7300033569336,69.58000183105469,157300,50.55450439453125
2019-01-01,69.58000183105469,69.58000183105469,69.58000183105469,69.58000183105469,0,50.55450439453125
2019-01-02,69.29000091552734,69.30000305175781,67.54000091552734,67.58000183105469,119410,49.10137176513672
2019-01-03,66.5,67.33000183105469,66.30999755859375,66.91999816894531,131300,48.62184143066406
2019-01-04,67.0,68.66999816894531,66.94999694824219,68.56999969482422,261200,49.8206787109375
2019-01-07,68.55999755859375,68.83999633789062,68.26000213623047,68.5,124500,49.76981735229492
2019-01-08,68.6500015258789,68.98999786376953,67.77999877929688,67.87999725341797,228500,49.3193473815918
2019-01-09,69.48999786376953,69.73999786376953,68.73999786376953,69.16999816894531,362100,50.25661087036133
2019-01-10,68.55999755859375,69.1500015258789,68.5,68.69000244140625,240557,49.907867431640625
2019-01-11,69.19999694824219,69.31999969482422,67.91999816894531,68.0999984741211,404800,49.47918701171875
2019-01-14,68.69000244140625,68.98999786376953,67.80000305175781,67.97000122070312,232600,49.38473129272461
2019-01-15,67.97000122070312,68.19999694824219,67.01000213623047,67.5999984741211,302600,49.115909576416016
2019-01-16,66.68000030517578,67.29000091552734,66.47000122070312,66.8499984741211,241800,48.57097625732422
2019-01-17,67.25,67.61000061035156,66.47000122070312,66.47000122070312,254800,48.294891357421875
2019-01-18,66.5199966430664,67.04000091552734,65.87999725341797,66.8499984741211,213600,48.57097625732422
2019-01-21,66.83999633789062,66.94999694824219,66.43000030517578,66.58000183105469,75600,48.374813079833984
2019-01-22,66.8499984741211,66.94000244140625,66.44999694824219,66.8499984741211,92200,48.57097625732422
2019-01-23,66.08000183105469,66.73999786376953,66.02999877929688,66.47000122070312,127800,48.294891357421875
2019-01-24,10.989999771118164,66.9800033569336,10.989999771118164,66.81999969482422,430100,48.54917907714844
2019-01-25,65.88999938964844,66.16999816894531,65.66000366210938,66.01000213623047,358200,47.96066665649414
2019-01-28,66.0999984741211,66.30999755859375,65.5,65.80000305175781,230200,47.8080940246582
2019-01-29,65.8499984741211,66.1500015258789,65.61000061035156,65.61000061035156,190800,47.670040130615234
2019-01-30,65.33999633789062,66.12999725341797,65.33999633789062,65.87000274658203,332600,47.858951568603516
2019-01-31,65.56999969482422,66.94999694824219,65.51000213623047,66.81999969482422,289000,48.54917907714844
2019-02-01,67.80000305175781,67.88999938964844,66.51000213623047,66.69000244140625,295500,48.454734802246094
2019-02-04,66.5,66.93000030517578,65.94999694824219,65.94999694824219,136300,47.91706848144531
2019-02-05,65.94999694824219,65.94999694824219,65.94999694824219,65.94999694824219,0,47.91706848144531
2019-02-07,67.93000030517578,67.98999786376953,66.33000183105469,66.81999969482422,304900,48.54917907714844
2019-02-08,66.5199966430664,67.4800033569336,66.37999725341797,67.18000030517578,165187,48.81074905395508
2019-02-11,66.62000274658203,68.5999984741211,66.62000274658203,68.5999984741211,231000,49.84246826171875
2019-02-12,68.5,70.0,68.06999969482422,68.33000183105469,444900,49.64630126953125
2019-02-13,69.69999694824219,70.05999755859375,69.33000183105469,70.05999755859375,357300,50.90325927734375
2019-02-14,70.08999633789062,70.69999694824219,69.61000061035156,70.69999694824219,280400,51.36825942993164
2019-02-15,70.69000244140625,70.88999938964844,70.04000091552734,70.51000213623047,349000,51.23021697998047
2019-02-18,71.16000366210938,71.16000366210938,69.66999816894531,70.30000305175781,245300,51.077640533447266
2019-02-19,70.30000305175781,71.19999694824219,70.30000305175781,71.04000091552734,125900,51.61529541015625
2019-02-20,70.80000305175781,71.19000244140625,70.30999755859375,70.8499984741211,235300,51.47725296020508
2019-02-21,71.75,72.05000305175781,70.58000183105469,70.94000244140625,314200,51.54263687133789
2019-02-22,71.37999725341797,71.48999786376953,70.95999908447266,71.20999908447266,97900,51.73881912231445
2019-02-25,71.02999877929688,71.23999786376953,69.55999755859375,69.9000015258789,247200,50.78700256347656
2019-02-26,69.33000183105469,69.98999786376953,69.19999694824219,69.86000061035156,290900,50.75794219970703
2019-02-27,69.9000015258789,71.43000030517578,69.63999938964844,71.2300033569336,298800,51.753353118896484
2019-02-28,70.5,70.93000030517578,68.16000366210938,68.55999755859375,377000,49.81340789794922
2019-03-01,69.01000213623047,69.30000305175781,67.5,68.41000366210938,306523,49.704429626464844
2019-03-04,67.37999725341797,68.52999877929688,67.37999725341797,68.52999877929688,190026,49.79161071777344
2019-03-05,68.5199966430664,68.66000366210938,67.55999755859375,67.73999786376953,281500,49.217620849609375
2019-03-06,67.63999938964844,67.77999877929688,66.3499984741211,66.3499984741211,244500,48.20770263671875
2019-03-07,66.98999786376953,67.48999786376953,66.41000366210938,66.98999786376953,318200,48.672698974609375
2019-03-08,66.33000183105469,66.5,66.0,66.30000305175781,248700,48.17137145996094
2019-03-11,66.30000305175781,66.68000030517578,66.0999984741211,66.41999816894531,99000,48.2585563659668
2019-03-12,66.5,67.20999908447266,66.5,67.06999969482422,80500,48.73081970214844
2019-03-13,66.91000366210938,67.30000305175781,66.5,67.19999694824219,209300,48.82527542114258
2019-03-14,66.02999877929688,66.12999725341797,64.55000305175781,64.83999633789062,330800,48.025352478027344
2019-03-15,64.9800033569336,65.16999816894531,64.0,64.0,379400,47.40318298339844
2019-03-18,63.900001525878906,63.900001525878906,63.31999969482422,63.849998474121094,213600,47.29207992553711
2019-03-19,63.68000030517578,63.68000030517578,63.150001525878906,63.27000045776367,183400,46.86249923706055
2019-03-20,63.439998626708984,63.4900016784668,62.59000015258789,63.27000045776367,332700,46.86249923706055
2019-03-21,63.41999816894531,63.720001220703125,63.349998474121094,63.70000076293945,207900,47.18098449707031
2019-03-22,63.599998474121094,64.4000015258789,63.599998474121094,64.1500015258789,294300,47.5142822265625
2019-03-25,63.20000076293945,64.04000091552734,63.20000076293945,64.04000091552734,140300,47.43281555175781
2019-03-26,64.04000091552734,65.29000091552734,64.0199966430664,64.80000305175781,227200,47.9957275390625
2019-03-27,64.9000015258789,64.9800033569336,63.86000061035156,64.4000015258789,220200,47.6994514465332
2019-03-28,64.94999694824219,64.9800033569336,64.19000244140625,64.41000366210938,203600,47.70685958862305
2019-03-29,64.1500015258789,64.33999633789062,62.36000061035156,62.36000061035156,405100,46.188480377197266
2019-04-01,62.20000076293945,63.029998779296875,62.16999816894531,62.849998474121094,167300,46.5514030456543
2019-04-02,62.709999084472656,63.45000076293945,62.40999984741211,63.22999954223633,193300,46.83286666870117
2019-04-03,63.54999923706055,63.95000076293945,63.04999923706055,63.95000076293945,169100,47.366153717041016
2019-04-04,63.93000030517578,63.93000030517578,62.88999938964844,63.27000045776367,136400,46.86249923706055
2019-04-05,62.9900016784668,63.5,62.9900016784668,63.18000030517578,173900,46.79582977294922
2019-04-08,63.470001220703125,63.470001220703125,62.0,62.29999923706055,234000,46.14403533935547
2019-04-09,62.04999923706055,62.72999954223633,62.04999923706055,62.630001068115234,294000,46.388458251953125
2019-04-10,62.900001525878906,63.43000030517578,62.52000045776367,63.16999816894531,190800,46.78841781616211
2019-04-11,63.150001525878906,63.38999938964844,62.58000183105469,63.099998474121094,234700,46.736572265625
2019-04-12,62.91999816894531,63.43000030517578,62.720001220703125,63.43000030517578,327100,46.98099899291992
2019-04-15,63.130001068115234,63.36000061035156,62.93000030517578,63.290000915527344,95100,46.87730407714844
2019-04-16,63.11000061035156,63.349998474121094,62.81999969482422,63.29999923706055,166600,46.88471603393555
2019-04-17,63.04999923706055,63.45000076293945,63.0,63.45000076293945,144600,46.99581527709961
2019-04-18,63.93000030517578,63.93000030517578,63.310001373291016,63.599998474121094,253200,47.10691452026367
2019-04-22,63.5099983215332,63.70000076293945,63.16999816894531,63.5,132600,47.03284454345703
2019-04-23,63.75,63.81999969482422,63.5,63.7599983215332,90800,47.22542190551758
2019-04-24,63.88999938964844,64.44000244140625,63.88999938964844,64.44000244140625,170100,47.72908020019531
2019-04-25,62.79999923706055,64.48999786376953,62.79999923706055,63.75,217800,47.218013763427734
2019-04-26,63.88999938964844,64.44999694824219,63.81999969482422,64.0,218500,47.40318298339844
2019-04-29,63.880001068115234,64.91999816894531,63.810001373291016,64.91999816894531,159700,48.08460998535156
2019-04-30,65.1500015258789,66.66000366210938,65.0199966430664,65.80000305175781,226100,48.73640060424805
2019-05-02,65.80000305175781,65.80000305175781,64.69999694824219,65.0999984741211,245300,48.21792984008789
2019-05-03,65.27999877929688,65.87000274658203,65.0199966430664,65.38999938964844,198100,48.43271255493164
2019-05-06,65.13999938964844,65.45999908447266,64.58000183105469,64.97000122070312,46300,48.121639251708984
2019-05-07,64.19999694824219,65.0999984741211,64.19999694824219,64.87999725341797,170600,48.05497741699219
2019-05-08,64.08999633789062,65.12000274658203,64.08000183105469,65.12000274658203,244500,48.23273849487305
2019-05-09,64.30000305175781,64.8499984741211,63.599998474121094,64.5199966430664,184700,47.788330078125
2019-05-10,64.0,64.69999694824219,63.79999923706055,64.30999755859375,150500,47.632789611816406
2019-05-13,64.41000366210938,64.75,63.90999984741211,64.69999694824219,112100,47.921653747558594
2019-05-14,64.6500015258789,64.73999786376953,63.5,63.5,197600,47.03284454345703
2019-05-15,63.5099983215332,63.630001068115234,62.689998626708984,63.04999923706055,244100,46.69955062866211
2019-05-16,62.79999923706055,62.970001220703125,62.06999969482422,62.400001525878906,198764,46.218109130859375
2019-05-17,62.56999969482422,62.88999938964844,62.0,62.0,142700,45.92184066772461
2019-05-21,62.29999923706055,62.29999923706055,60.59000015258789,60.59000015258789,330300,44.87748718261719
2019-05-22,61.45000076293945,62.95000076293945,61.279998779296875,62.95000076293945,240300,46.6254768371582
2019-05-23,61.689998626708984,62.47999954223633,61.4900016784668,61.939998626708984,201700,45.87739181518555
2019-05-24,61.560001373291016,61.97999954223633,61.209999084472656,61.70000076293945,117000,45.69962692260742
2019-05-27,61.54999923706055,61.97999954223633,61.54999923706055,61.77000045776367,51100,45.75148391723633
2019-05-28,61.970001220703125,63.099998474121094,61.75,62.83000183105469,728400,46.53660202026367
2019-05-29,62.63999938964844,63.060001373291016,62.25,63.060001373291016,133300,46.706947326660156
2019-05-30,62.810001373291016,63.900001525878906,62.720001220703125,63.900001525878906,124100,47.32911682128906
2019-05-31,63.599998474121094,64.18000030517578,63.029998779296875,64.18000030517578,257800,47.53650665283203
2019-06-03,63.959999084472656,65.0999984741211,63.630001068115234,65.0999984741211,155700,48.21792984008789
2019-06-04,66.0,66.0999984741211,64.81999969482422,65.19000244140625,205000,48.28458786010742
2019-06-06,65.0,65.9800033569336,64.08000183105469,65.8499984741211,288200,48.773433685302734
2019-06-07,65.80000305175781,66.0,65.4800033569336,65.7699966430664,58900,48.71417236328125
2019-06-10,65.98999786376953,66.69000244140625,65.3499984741211,66.4000015258789,94600,49.18081283569336
2019-06-11,65.38999938964844,66.0,65.20999908447266,65.5,204600,48.514198303222656
2019-06-12,65.22000122070312,65.69000244140625,64.70999908447266,65.44999694824219,142800,48.4771614074707
2019-06-13,65.4000015258789,65.5,64.05999755859375,65.5,134000,48.514198303222656
2019-06-14,65.19999694824219,65.36000061035156,64.58000183105469,64.80000305175781,222000,47.9957275390625
2019-06-17,64.08000183105469,64.30000305175781,62.65999984741211,62.75,235000,46.47734069824219
2019-06-18,62.47999954223633,63.91999816894531,62.15999984741211,63.5,155600,47.03284454345703
2019-06-19,63.400001525878906,63.959999084472656,63.33000183105469,63.61000061035156,222300,47.11432647705078
2019-06-20,63.099998474121094,64.38999938964844,63.060001373291016,64.0999984741211,230500,47.47724914550781
2019-06-21,63.61000061035156,64.1500015258789,63.41999816894531,64.12000274658203,336200,47.4920654296875
2019-06-24,63.959999084472656,63.959999084472656,63.29999923706055,63.709999084472656,162700,47.18838882446289
2019-06-25,63.95000076293945,64.12000274658203,63.709999084472656,63.709999084472656,265300,47.18838882446289
2019-06-26,63.119998931884766,63.58000183105469,62.540000915527344,63.369998931884766,267800,46.936553955078125
2019-06-27,62.779998779296875,64.30999755859375,62.709999084472656,64.30999755859375,187200,47.632789611816406
2019-06-28,64.25,64.25,62.900001525878906,63.02000045776367,293900,46.677330017089844
2019-07-01,63.27000045776367,63.40999984741211,63.08000183105469,63.16999816894531,159500,46.78841781616211
2019-07-02,63.400001525878906,63.779998779296875,63.290000915527344,63.599998474121094,296100,47.10691452026367
2019-07-03,63.4900016784668,63.93000030517578,63.45000076293945,63.779998779296875,272600,47.240230560302734
2019-07-04,63.880001068115234,64.7300033569336,63.880001068115234,64.55999755859375,126500,47.81795883178711
2019-07-05,64.73999786376953,64.94999694824219,64.73999786376953,64.87999725341797,84800,48.05497741699219
2019-07-08,64.75,64.7699966430664,63.25,63.90999984741211,148100,47.336524963378906
2019-07-09,63.5099983215332,64.16999816894531,63.5099983215332,64.02999877929688,155700,47.4254035949707
2019-07-10,63.75,63.93000030517578,63.16999816894531,63.38999938964844,180100,46.95137023925781
2019-07-11,63.38999938964844,63.93000030517578,63.2599983215332,63.709999084472656,104300,47.18838882446289
2019-07-12,63.900001525878906,64.0,63.33000183105469,64.0,128700,47.40318298339844
2019-07-15,63.9900016784668,64.05000305175781,63.29999923706055,63.709999084472656,68000,47.18838882446289
2019-07-16,63.4900016784668,64.58999633789062,63.380001068115234,64.58999633789062,111600,47.84017562866211
2019-07-17,65.19999694824219,65.33000183105469,63.279998779296875,63.59000015258789,168500,47.09950637817383
2019-07-18,63.88999938964844,65.37999725341797,63.66999816894531,65.37999725341797,240200,48.42531967163086
2019-07-19,64.47000122070312,65.19999694824219,64.45999908447266,65.19999694824219,288100,48.291996002197266
2019-07-22,64.6500015258789,64.7300033569336,64.0199966430664,64.16999816894531,164200,47.529090881347656
2019-07-23,64.36000061035156,64.69999694824219,64.0999984741211,64.30999755859375,191500,47.632789611816406
2019-07-24,64.5,65.19000244140625,64.45999908447266,64.58999633789062,136500,47.84017562866211
2019-07-25,64.69999694824219,65.05999755859375,64.44999694824219,64.69999694824219,453100,47.921653747558594
2019-07-26,64.8499984741211,64.8499984741211,64.19999694824219,64.6500015258789,191000,47.88462829589844
2019-07-29,64.19999694824219,64.52999877929688,63.41999816894531,63.68000030517578,61200,47.166168212890625
2019-07-30,63.880001068115234,63.900001525878906,62.779998779296875,63.099998474121094,97500,46.736572265625
2019-07-31,62.9900016784668,63.06999969482422,60.88999938964844,60.88999938964844,297200,45.09968948364258
2019-08-01,60.9900016784668,61.95000076293945,60.79999923706055,61.58000183105469,97600,45.61075973510742
2019-08-02,60.880001068115234,61.16999816894531,60.63999938964844,60.849998474121094,97800,45.07006072998047
2019-08-05,61.29999923706055,61.29999923706055,57.16999816894531,57.380001068115234,210500,42.499916076660156
2019-08-06,56.900001525878906,57.040000915527344,54.38999938964844,56.869998931884766,291600,42.12217712402344
2019-08-07,55.810001373291016,57.470001220703125,55.810001373291016,57.209999084472656,338800,42.37400436401367
2019-08-08,56.83000183105469,57.0,54.81999969482422,55.08000183105469,352900,40.79637145996094
2019-08-13,52.33000183105469,53.93000030517578,52.040000915527344,53.849998474121094,782300,39.88533401489258
2019-08-14,53.810001373291016,54.369998931884766,52.77000045776367,53.25,418700,39.4409294128418
2019-08-15,53.08000183105469,53.93000030517578,52.790000915527344,53.72999954223633,361400,39.796451568603516
2019-08-16,53.0,53.810001373291016,52.40999984741211,53.540000915527344,258100,39.655723571777344
2019-08-19,53.2400016784668,53.83000183105469,53.0,53.0,162400,39.25576400756836
2019-08-20,52.5,53.689998626708984,52.5,53.4900016784668,493800,39.61869430541992
2019-08-21,53.189998626708984,53.56999969482422,53.189998626708984,53.400001525878906,233308,39.55202865600586
2019-08-22,53.25,54.56999969482422,53.25,54.15999984741211,177600,40.4482307434082
2019-08-23,54.45000076293945,54.75,53.5,54.0,228300,40.328739166259766
2019-08-26,53.400001525878906,53.54999923706055,52.66999816894531,52.66999816894531,94300,39.33544921875
2019-08-27,53.25,53.90999984741211,50.97999954223633,52.2400016784668,422000,39.014312744140625
2019-08-28,51.810001373291016,52.84000015258789,51.560001373291016,52.16999816894531,214900,38.962032318115234
2019-08-29,52.77000045776367,53.04999923706055,51.880001068115234,52.72999954223633,158500,39.38025665283203
2019-08-30,53.08000183105469,54.369998931884766,53.040000915527344,54.369998931884766,292600,40.60505676269531
2019-09-02,53.279998779296875,53.97999954223633,52.04999923706055,52.119998931884766,124600,38.92469787597656
2019-09-03,52.09000015258789,52.7400016784668,52.09000015258789,52.52000045776367,150500,39.223426818847656
2019-09-04,51.900001525878906,55.66999816894531,51.880001068115234,55.2400016784668,366900,41.25480270385742
2019-09-05,56.5,56.599998474121094,54.779998779296875,55.79999923706055,342300,41.67302703857422
2019-09-06,55.900001525878906,55.95000076293945,53.290000915527344,53.290000915527344,212000,39.79848098754883
2019-09-09,53.0,54.15999984741211,52.9900016784668,53.7400016784668,106500,40.13455581665039
2019-09-10,54.5099983215332,55.09000015258789,54.2599983215332,54.70000076293945,203300,40.85150909423828
2019-09-11,55.2400016784668,57.70000076293945,54.529998779296875,57.70000076293945,200700,43.09199523925781
2019-09-12,56.689998626708984,56.689998626708984,55.16999816894531,55.41999816894531,203600,41.38922882080078
2019-09-13,55.2599983215332,56.27000045776367,55.0,56.13999938964844,137400,41.926944732666016
2019-09-16,56.0,56.220001220703125,55.0,56.16999816894531,113700,41.9493522644043
2019-09-17,56.13999938964844,56.13999938964844,55.25,55.540000915527344,209500,41.47884750366211
2019-09-18,55.70000076293945,56.02000045776367,55.58000183105469,55.58000183105469,205800,41.50872039794922
2019-09-19,55.900001525878906,55.95000076293945,55.20000076293945,55.290000915527344,333400,41.29214096069336
2019-09-20,55.5099983215332,55.7599983215332,55.06999969482422,55.2599983215332,393200,41.269737243652344
2019-09-23,55.25,56.08000183105469,55.16999816894531,55.79999923706055,150200,41.67302703857422
2019-09-24,56.5,56.52000045776367,55.20000076293945,55.20000076293945,324400,41.22492980957031
2019-09-25,54.90999984741211,55.11000061035156,54.099998474121094,54.66999816894531,220800,40.8291130065918
2019-09-26,54.70000076293945,54.790000915527344,52.70000076293945,52.970001220703125,360600,39.55950164794922
2019-09-27,53.2400016784668,53.900001525878906,53.209999084472656,53.650001525878906,230800,40.06733703613281
2019-09-30,53.400001525878906,53.7400016784668,53.31999969482422,53.5,256600,39.955318450927734
2019-10-01,53.75,53.91999816894531,53.43000030517578,53.75,69300,40.14202880859375
2019-10-02,53.599998474121094,54.040000915527344,53.459999084472656,54.040000915527344,279500,40.35860824584961
2019-10-03,53.689998626708984,53.72999954223633,53.060001373291016,53.619998931884766,263900,40.04492950439453
2019-10-04,53.5,53.95000076293945,53.5,53.95000076293945,190000,40.29138946533203
2019-10-07,54.0,54.0,52.540000915527344,53.189998626708984,140000,39.72380447387695
2019-10-08,53.45000076293945,54.040000915527344,52.86000061035156,54.040000915527344,518677,40.35860824584961
2019-10-09,53.959999084472656,53.959999084472656,52.5,52.970001220703125,198400,39.55950164794922
2019-10-10,52.400001525878906,52.790000915527344,51.68000030517578,51.91999816894531,205500,38.77532958984375
2019-10-11,52.04999923706055,52.099998474121094,51.41999816894531,51.849998474121094,148200,38.723052978515625
2019-10-14,51.900001525878906,52.650001525878906,51.900001525878906,52.650001525878906,83800,39.32052230834961
2019-10-15,52.91999816894531,53.189998626708984,52.75,52.97999954223633,198000,39.56697082519531
2019-10-16,53.099998474121094,54.66999816894531,52.84000015258789,54.29999923706055,446700,40.55277633666992
2019-10-17,53.77000045776367,54.27000045776367,53.380001068115234,53.599998474121094,413200,40.030006408691406
2019-10-18,53.619998931884766,54.529998779296875,53.349998474121094,54.27000045776367,676400,40.53038024902344
2019-10-21,54.5,56.97999954223633,54.11000061035156,56.4900016784668,237500,42.1883430480957
2019-10-22,56.900001525878906,57.0,55.56999969482422,55.790000915527344,277200,41.665557861328125
2019-10-23,56.439998626708984,56.439998626708984,54.40999984741211,55.04999923706055,224700,41.11289978027344
2019-10-24,55.04999923706055,56.61000061035156,55.029998779296875,55.88999938964844,125900,41.7402458190918
2019-10-25,56.209999084472656,56.84000015258789,56.209999084472656,56.599998474121094,283600,42.27048873901367
2019-10-29,56.29999923706055,58.650001525878906,56.20000076293945,58.650001525878906,728400,43.80148696899414
2019-10-30,58.599998474121094,59.68000030517578,57.689998626708984,57.90999984741211,616000,43.248836517333984
2019-10-31,57.02000045776367,57.599998474121094,56.619998931884766,57.119998931884766,434500,42.658836364746094
2019-11-01,56.900001525878906,57.22999954223633,56.31999969482422,56.900001525878906,251700,42.494537353515625
2019-11-04,56.900001525878906,57.189998626708984,55.83000183105469,56.27000045776367,826100,42.02402877807617
2019-11-05,56.540000915527344,56.83000183105469,56.29999923706055,56.33000183105469,185600,42.068843841552734
2019-11-06,56.849998474121094,57.970001220703125,56.84000015258789,57.650001525878906,431300,43.05465316772461
2019-11-07,57.810001373291016,58.459999084472656,57.290000915527344,58.41999816894531,283300,43.62971496582031
2019-11-08,57.040000915527344,57.72999954223633,56.459999084472656,57.0,305100,42.56922149658203
2019-11-11,56.61000061035156,57.529998779296875,56.61000061035156,57.41999816894531,225600,42.88288879394531
2019-11-12,57.59000015258789,58.900001525878906,57.59000015258789,58.900001525878906,485500,43.98819351196289
2019-11-13,58.86000061035156,59.470001220703125,57.0,57.0,472500,42.56922149658203
2019-11-14,57.15999984741211,57.290000915527344,55.79999923706055,55.939998626708984,199800,41.77758026123047
2019-11-15,55.70000076293945,56.939998626708984,55.40999984741211,56.91999816894531,399200,42.509464263916016
2019-11-18,56.20000076293945,57.630001068115234,56.20000076293945,57.20000076293945,233800,42.718589782714844
2019-11-19,56.54999923706055,56.619998931884766,55.81999969482422,56.02000045776367,278400,41.83732604980469
2019-11-20,56.25,56.56999969482422,55.880001068115234,56.0099983215332,226200,41.829864501953125
2019-11-21,55.29999923706055,56.58000183105469,55.29999923706055,56.209999084472656,416500,41.97922134399414
2019-11-22,55.959999084472656,58.0,55.959999084472656,57.59000015258789,152400,43.00984573364258
2019-11-25,58.349998474121094,58.470001220703125,57.529998779296875,58.09000015258789,255500,43.383270263671875
2019-11-26,57.849998474121094,57.91999816894531,56.599998474121094,57.0,560010,42.56922149658203
2019-11-27,56.599998474121094,57.09000015258789,56.47999954223633,56.91999816894531,175100,42.509464263916016
2019-11-28,56.63999938964844,56.9900016784668,56.27000045776367,56.31999969482422,108400,42.061378479003906
2019-11-29,56.25,56.29999923706055,56.099998474121094,56.220001220703125,248700,41.986690521240234
2019-12-02,55.099998474121094,55.40999984741211,53.70000076293945,53.70000076293945,327900,40.10468673706055
2019-12-03,53.20000076293945,54.290000915527344,53.20000076293945,53.90999984741211,236600,40.26151657104492
2019-12-04,53.54999923706055,54.9900016784668,53.54999923706055,54.61000061035156,389900,40.7843017578125
2019-12-05,54.709999084472656,55.0,54.68000030517578,54.900001525878906,158000,41.00088119506836
2019-12-06,54.83000183105469,55.84000015258789,54.83000183105469,55.4900016784668,129400,41.441505432128906
2019-12-09,55.25,55.29999923706055,54.75,55.0,185300,41.0755615234375
2019-12-10,54.75,55.290000915527344,54.75,55.11000061035156,210500,41.157711029052734
2019-12-11,54.310001373291016,55.16999816894531,54.310001373291016,54.70000076293945,219600,40.85150909423828
2019-12-12,54.0,54.220001220703125,53.56999969482422,53.56999969482422,239400,40.00760269165039
2019-12-13,53.869998931884766,54.43000030517578,53.75,54.0,355100,40.328739166259766
2019-12-16,53.900001525878906,54.72999954223633,53.900001525878906,54.529998779296875,272600,40.72455596923828
2019-12-17,54.83000183105469,55.029998779296875,54.70000076293945,54.88999938964844,303700,40.993408203125
2019-12-18,54.5,55.68000030517578,54.5,55.529998779296875,336200,41.47138595581055
2019-12-19,54.5,55.20000076293945,54.5,55.04999923706055,283500,41.11289978027344
2019-12-20,55.70000076293945,55.70000076293945,54.59000015258789,55.220001220703125,357800,41.239864349365234
2019-12-23,55.52000045776367,55.52000045776367,54.61000061035156,54.66999816894531,1565000,40.8291130065918
2019-12-24,55.189998626708984,55.20000076293945,54.709999084472656,55.0,63500,41.0755615234375
2019-12-25,55.0,55.0,55.0,55.0,0,41.0755615234375
2019-12-26,55.0,55.5099983215332,55.0,55.5099983215332,35000,41.45644760131836
2019-12-27,55.70000076293945,55.70000076293945,55.529998779296875,55.70000076293945,48800,41.59834289550781
2019-12-30,55.70000076293945,56.0099983215332,55.70000076293945,55.79999923706055,67100,41.67302703857422
2019-12-31,55.779998779296875,56.369998931884766,55.310001373291016,55.599998474121094,113800,41.52366256713867
2020-01-02,55.75,56.36000061035156,55.720001220703125,56.349998474121094,71900,42.083778381347656
2020-01-03,56.20000076293945,56.439998626708984,56.13999938964844,56.150001525878906,120500,41.93441390991211
2020-01-06,56.0099983215332,56.209999084472656,55.7599983215332,56.209999084472656,103300,41.97922134399414
2020-01-07,56.380001068115234,56.5099983215332,56.189998626708984,56.5099983215332,95500,42.203269958496094
2020-01-08,55.70000076293945,56.41999816894531,55.70000076293945,56.33000183105469,71800,42.068843841552734
2020-01-09,56.560001373291016,57.68000030517578,55.66999816894531,55.83000183105469,153400,41.695430755615234
2020-01-10,55.9900016784668,56.119998931884766,55.52000045776367,56.060001373291016,264100,41.8671989440918
2020-01-13,56.2400016784668,56.2400016784668,55.5,55.83000183105469,422700,41.695430755615234
2020-01-14,56.09000015258789,57.95000076293945,56.09000015258789,57.95000076293945,423700,43.27871322631836
2020-01-15,57.41999816894531,57.84000015258789,57.310001373291016,57.779998779296875,165600,43.1517448425293
2020-01-16,57.29999923706055,57.4900016784668,56.400001525878906,57.4900016784668,194700,42.9351692199707
2020-01-17,57.5,58.060001373291016,56.970001220703125,58.060001373291016,203900,43.360862731933594
2020-01-20,57.970001220703125,58.95000076293945,57.72999954223633,58.060001373291016,80300,43.360862731933594
2020-01-21,58.0099983215332,58.099998474121094,57.099998474121094,57.5,145200,42.9426383972168
2020-01-22,57.04999923706055,57.560001373291016,56.70000076293945,57.41999816894531,204000,42.88288879394531
2020-01-23,57.130001068115234,57.25,56.20000076293945,56.630001068115234,260300,42.29289627075195
2020-01-24,56.34000015258789,56.93000030517578,56.060001373291016,56.65999984741211,530700,42.3152961730957
2020-01-28,54.20000076293945,55.95000076293945,54.130001068115234,55.560001373291016,462200,41.49378967285156
2020-01-29,56.0,56.06999969482422,55.52000045776367,55.77000045776367,145100,41.65061950683594
2020-01-30,55.88999938964844,56.70000076293945,55.36000061035156,55.84000015258789,230300,41.70289611816406
2020-01-31,55.7599983215332,56.790000915527344,55.75,55.90999984741211,523200,41.75518035888672
2020-02-03,55.90999984741211,58.060001373291016,55.88999938964844,56.5099983215332,431300,42.203269958496094
2020-02-04,57.959999084472656,57.959999084472656,56.93000030517578,57.29999923706055,279100,42.793270111083984
2020-02-05,57.95000076293945,58.20000076293945,57.709999084472656,58.16999816894531,180700,43.44300842285156
2020-02-06,58.16999816894531,58.70000076293945,57.90999984741211,58.70000076293945,163700,43.83882522583008
2020-02-07,58.400001525878906,58.400001525878906,57.380001068115234,58.0,289400,43.316043853759766
2020-02-10,56.029998779296875,58.43000030517578,56.029998779296875,58.43000030517578,302500,43.63718032836914
2020-02-11,57.29999923706055,58.16999816894531,57.209999084472656,58.0,157000,43.316043853759766
2020-02-12,58.20000076293945,58.29999923706055,57.90999984741211,58.0099983215332,220600,43.323516845703125
2020-02-13,58.040000915527344,58.189998626708984,58.0,58.11000061035156,125900,43.398193359375
2020-02-14,58.0,58.790000915527344,57.900001525878906,58.06999969482422,128900,43.368324279785156
2020-02-17,58.0,58.16999816894531,57.95000076293945,58.0,59800,43.316043853759766
2020-02-18,58.0,58.06999969482422,57.0099983215332,58.0,191500,43.316043853759766
2020-02-19,58.02000045776367,58.150001525878906,57.849998474121094,58.11000061035156,168385,43.398193359375
2020-02-20,58.0,58.099998474121094,57.81999969482422,58.0,206100,43.316043853759766
2020-02-21,58.0,58.06999969482422,57.720001220703125,57.81999969482422,198900,43.18162155151367
2020-02-24,57.31999969482422,57.689998626708984,56.84000015258789,57.189998626708984,136000,42.711116790771484
2020-02-25,57.0,58.400001525878906,56.369998931884766,57.099998474121094,316600,42.64390182495117
2020-02-26,56.349998474121094,56.77000045776367,56.0099983215332,56.189998626708984,138600,41.96429443359375
2020-02-27,56.11000061035156,57.0,55.72999954223633,55.91999816894531,260400,41.76264572143555
2020-02-28,55.0,55.0,53.81999969482422,54.400001525878906,489700,40.62746810913086
2020-03-02,54.63999938964844,54.650001525878906,53.060001373291016,53.099998474121094,285600,39.65658950805664
2020-03-03,53.0,53.189998626708984,52.15999984741211,52.459999084472656,445000,39.17861557006836
2020-03-04,52.0,53.11000061035156,51.779998779296875,52.220001220703125,359300,38.9993782043457
2020-03-05,52.380001068115234,53.29999923706055,52.119998931884766,52.43000030517578,262600,39.156211853027344
2020-03-06,52.459999084472656,52.97999954223633,51.0099983215332,52.38999938964844,200200,39.126338958740234
2020-03-09,51.97999954223633,51.97999954223633,50.0,50.119998931884766,251000,37.43103790283203
2020-03-10,49.650001525878906,50.2400016784668,47.86000061035156,48.5,502100,36.22117233276367
2020-03-11,48.900001525878906,50.959999084472656,48.79999923706055,49.650001525878906,444700,37.08002471923828
2020-03-12,49.95000076293945,50.58000183105469,47.97999954223633,49.5,495500,36.9680061340332
2020-03-13,47.63999938964844,53.5,46.209999084472656,53.029998779296875,533200,39.604305267333984
2020-03-16,50.380001068115234,52.56999969482422,49.0,49.33000183105469,534600,36.84103775024414
2020-03-17,49.880001068115234,52.52000045776367,49.560001373291016,50.2400016784668,479800,37.520660400390625
2020-03-18,50.2400016784668,50.2400016784668,50.2400016784668,50.2400016784668,0,37.520660400390625
2020-03-19,49.27000045776367,52.41999816894531,46.459999084472656,46.65999984741211,571600,35.758052825927734
2020-03-20,46.0,55.68000030517578,46.0,52.439998626708984,752600,40.18756866455078
2020-03-23,47.349998474121094,50.02000045776367,42.59000015258789,46.75,645300,35.827022552490234
2020-03-24,47.689998626708984,49.439998626708984,44.15999984741211,45.54999923706055,982300,34.90739059448242
2020-03-25,46.349998474121094,47.5,44.59000015258789,45.290000915527344,580200,34.70814895629883
2020-03-26,47.54999923706055,47.54999923706055,45.060001373291016,47.5,514700,36.40177917480469
2020-03-27,48.349998474121094,49.29999923706055,47.849998474121094,48.7400016784668,574500,37.35206604003906
2020-03-30,47.40999984741211,48.720001220703125,46.0,47.0,607400,36.01860809326172
2020-03-31,48.5,50.0,48.09000015258789,50.0,402834,38.317665100097656
2020-04-01,49.9900016784668,49.9900016784668,48.220001220703125,48.75,536800,37.3597297668457
2020-04-02,48.0,49.29999923706055,47.0,48.13999938964844,465000,36.89225769042969
2020-04-03,48.959999084472656,49.13999938964844,48.33000183105469,48.959999084472656,467700,37.520652770996094
2020-04-06,48.790000915527344,49.93000030517578,48.779998779296875,49.93000030517578,304300,38.26402282714844
2020-04-07,50.0,51.97999954223633,49.65999984741211,51.869998931884766,447700,39.75074768066406
2020-04-08,50.59000015258789,51.0,48.79999923706055,49.91999816894531,272100,38.2563591003418
2020-04-09,49.099998474121094,49.720001220703125,49.099998474121094,49.5099983215332,549200,37.9421501159668
2020-04-13,49.4900016784668,49.709999084472656,49.0,49.31999969482422,141600,37.79655075073242
2020-04-14,49.95000076293945,52.5099983215332,49.93000030517578,51.5,322800,39.46719741821289
2020-04-15,51.79999923706055,52.84000015258789,51.25,52.529998779296875,371800,40.25654220581055
2020-04-16,52.5,54.91999816894531,52.5,53.470001220703125,374100,40.9769172668457
2020-04-17,54.2400016784668,54.5,52.36000061035156,53.66999816894531,254200,41.13018035888672
2020-04-20,53.5,53.5,51.279998779296875,51.47999954223633,150700,39.451873779296875
2020-04-21,52.790000915527344,52.790000915527344,50.400001525878906,50.400001525878906,179500,38.624210357666016
2020-04-22,50.279998779296875,50.75,49.70000076293945,50.41999816894531,373715,38.63953399658203
2020-04-23,50.459999084472656,50.54999923706055,49.470001220703125,49.939998626708984,221700,38.27167892456055
2020-04-24,49.0,49.25,47.0,47.11000061035156,262900,36.102909088134766
2020-04-27,46.9900016784668,47.04999923706055,44.810001373291016,44.93000030517578,383300,34.4322509765625
2020-04-28,44.93000030517578,45.220001220703125,43.86000061035156,43.91999816894531,464250,33.65823745727539
2020-04-29,43.97999954223633,44.72999954223633,42.52000045776367,43.75,438300,33.52796173095703
2020-04-30,43.47999954223633,44.459999084472656,43.08000183105469,43.959999084472656,556600,33.68889236450195
2020-05-04,43.959999084472656,44.279998779296875,43.45000076293945,43.91999816894531,599400,33.65823745727539
2020-05-05,44.150001525878906,44.189998626708984,43.68000030517578,43.79999923706055,343400,33.56627655029297
2020-05-06,43.79999923706055,44.83000183105469,43.79999923706055,44.61000061035156,210800,34.187015533447266
2020-05-08,43.720001220703125,45.63999938964844,43.630001068115234,45.5,298100,34.86907196044922
2020-05-11,44.29999923706055,44.709999084472656,43.93000030517578,44.060001373291016,267700,33.76552963256836
2020-05-12,43.810001373291016,44.400001525878906,43.709999084472656,44.189998626708984,262700,33.865150451660156
2020-05-13,43.900001525878906,44.68000030517578,43.75,44.599998474121094,242600,34.17934799194336
2020-05-14,44.0,44.58000183105469,43.70000076293945,43.81999969482422,412800,33.58160400390625
2020-05-15,43.79999923706055,44.880001068115234,43.560001373291016,44.15999984741211,594400,33.842159271240234
2020-05-18,44.31999969482422,44.349998474121094,43.86000061035156,43.97999954223633,172500,33.704219818115234
2020-05-19,44.290000915527344,44.880001068115234,43.70000076293945,43.88999938964844,368604,33.63524627685547
2020-05-20,44.0,44.099998474121094,42.689998626708984,42.81999969482422,557400,32.815250396728516
2020-05-21,43.09000015258789,43.36000061035156,42.15999984741211,42.66999816894531,270300,32.7003059387207
2020-05-22,42.7599983215332,42.90999984741211,40.63999938964844,40.88999938964844,432400,31.3361873626709
2020-05-26,41.02000045776367,41.47999954223633,40.65999984741211,40.900001525878906,898000,31.343852996826172
2020-05-27,40.040000915527344,41.20000076293945,39.65999984741211,39.88999938964844,560200,30.569835662841797
2020-05-28,40.189998626708984,40.7599983215332,39.93000030517578,40.0,666800,30.654130935668945
2020-05-29,40.0,40.4900016784668,39.849998474121094,40.150001525878906,1586486,30.769088745117188
2020-06-01,40.150001525878906,41.689998626708984,40.0099983215332,41.27000045776367,526050,31.627399444580078
2020-06-02,40.7599983215332,42.65999984741211,39.9900016784668,42.52000045776367,381200,32.58534240722656
2020-06-03,42.58000183105469,42.79999923706055,40.79999923706055,42.06999969482422,575400,32.24048614501953
2020-06-04,43.0,43.029998779296875,42.09000015258789,42.4900016784668,919500,32.56235885620117
2020-06-05,42.4900016784668,44.7400016784668,42.4900016784668,44.5,652600,34.102718353271484
2020-06-08,46.0,46.150001525878906,45.5,45.650001525878906,841400,34.984031677246094
2020-06-09,46.209999084472656,46.34000015258789,45.63999938964844,46.0,656100,35.252254486083984
2020-06-10,46.20000076293945,46.29999923706055,45.470001220703125,45.810001373291016,313400,35.10664367675781
2020-06-11,45.15999984741211,45.790000915527344,43.33000183105469,43.59000015258789,559300,33.405338287353516
2020-06-12,42.86000061035156,44.2599983215332,42.220001220703125,43.959999084472656,1164100,33.68889236450195
2020-06-15,44.0,44.0,42.5,43.11000061035156,573700,33.03749465942383
2020-06-16,43.099998474121094,43.22999954223633,42.29999923706055,42.61000061035156,360100,32.65431594848633
2020-06-17,42.810001373291016,43.279998779296875,42.619998931884766,43.25,361500,33.14478302001953
2020-06-18,42.66999816894531,44.560001373291016,42.31999969482422,44.560001373291016,838000,34.14870834350586
2020-06-19,44.0099983215332,44.150001525878906,42.86000061035156,43.4900016784668,718500,33.32870864868164
2020-06-22,43.38999938964844,43.72999954223633,42.77000045776367,43.36000061035156,172900,33.22908020019531
2020-06-23,42.29999923706055,42.619998931884766,40.54999923706055,41.5,932642,31.80365753173828
2020-06-24,41.29999923706055,41.81999969482422,40.70000076293945,41.65999984741211,830500,31.92627716064453
2020-06-25,41.130001068115234,42.08000183105469,41.06999969482422,41.97999954223633,353600,32.171512603759766
2020-06-26,42.189998626708984,42.22999954223633,41.540000915527344,42.099998474121094,242100,32.26347732543945
2020-06-29,42.0099983215332,42.25,41.77000045776367,42.04999923706055,126800,32.225154876708984
2020-06-30,41.970001220703125,42.119998931884766,41.40999984741211,41.7400016784668,466800,31.987594604492188
2020-07-01,41.40999984741211,42.099998474121094,41.02000045776367,42.099998474121094,431200,32.26347732543945
2020-07-02,41.20000076293945,41.88999938964844,41.20000076293945,41.779998779296875,404600,32.01823806762695
2020-07-03,41.709999084472656,42.099998474121094,41.5,41.849998474121094,334500,32.071876525878906
2020-07-06,41.619998931884766,42.13999938964844,41.619998931884766,42.099998474121094,151900,32.26347732543945
2020-07-07,42.099998474121094,42.599998474121094,42.0,42.5,198000,32.57001495361328
2020-07-08,42.4900016784668,42.4900016784668,41.88999938964844,42.0,314500,32.18684387207031
2020-07-09,42.04999923706055,42.04999923706055,41.56999969482422,41.70000076293945,282900,31.95693588256836
2020-07-13,40.0,40.84000015258789,40.0,40.72999954223633,716300,31.21357536315918
2020-07-14,40.70000076293945,40.70000076293945,40.25,40.5,452500,31.037311553955078
2020-07-15,39.66999816894531,40.369998931884766,39.66999816894531,40.15999984741211,602500,30.776744842529297
2020-07-16,40.02000045776367,40.66999816894531,39.88999938964844,40.400001525878906,826200,30.96068000793457
2020-07-17,40.36000061035156,40.43000030517578,40.20000076293945,40.36000061035156,1281400,30.930023193359375
2020-07-20,40.29999923706055,40.29999923706055,39.849998474121094,39.959999084472656,154100,30.62348175048828
2020-07-21,40.0,40.349998474121094,40.0,40.279998779296875,316300,30.868715286254883
2020-07-22,40.220001220703125,40.22999954223633,39.79999923706055,39.970001220703125,208500,30.63114356994629
2020-07-23,39.79999923706055,40.06999969482422,39.79999923706055,39.95000076293945,198000,30.61581039428711
2020-07-24,40.04999923706055,40.150001525878906,39.900001525878906,40.040000915527344,321900,30.684785842895508
2020-07-27,40.0099983215332,40.130001068115234,39.95000076293945,39.95000076293945,430700,30.61581039428711
2020-07-28,39.95000076293945,41.40999984741211,39.86000061035156,41.29999923706055,333200,31.6503963470459
2020-07-29,41.04999923706055,41.349998474121094,40.70000076293945,41.0,184200,31.42048454284668
2020-07-30,41.279998779296875,41.290000915527344,40.689998626708984,40.91999816894531,269400,31.359172821044922
2020-08-03,38.880001068115234,39.380001068115234,37.369998931884766,37.959999084472656,534300,29.090768814086914
2020-08-04,38.2599983215332,39.31999969482422,38.13999938964844,39.31999969482422,484067,30.133012771606445
2020-08-05,39.5,39.79999923706055,38.630001068115234,39.7400016784668,201600,30.454879760742188
2020-08-06,40.0,40.310001373291016,39.66999816894531,40.29999923706055,233800,30.88404083251953
2020-08-07,40.68000030517578,41.15999984741211,40.29999923706055,40.79999923706055,214500,31.267221450805664
2020-08-11,41.7400016784668,41.779998779296875,40.40999984741211,41.040000915527344,878000,31.451143264770508
2020-08-12,41.099998474121094,41.099998474121094,39.599998474121094,40.56999969482422,262000,31.090957641601562
2020-08-13,40.599998474121094,41.529998779296875,40.29999923706055,41.400001525878906,326300,31.72702980041504
2020-08-14,41.40999984741211,41.40999984741211,40.25,40.25,240100,30.84571647644043
2020-08-17,40.02000045776367,40.40999984741211,39.88999938964844,40.220001220703125,163600,30.82273292541504
2020-08-18,40.220001220703125,40.880001068115234,39.9900016784668,40.880001068115234,223300,31.328529357910156
2020-08-19,40.9900016784668,40.9900016784668,40.380001068115234,40.720001220703125,245700,31.205909729003906
2020-08-20,40.400001525878906,40.43000030517578,39.650001525878906,39.650001525878906,221900,30.71782875061035
2020-08-21,39.779998779296875,40.209999084472656,39.58000183105469,40.13999938964844,2749900,31.097440719604492
2020-08-24,40.2400016784668,41.459999084472656,40.0,41.349998474121094,253200,32.03486633300781
2020-08-25,41.380001068115234,41.97999954223633,41.2599983215332,41.810001373291016,229000,32.391231536865234
2020-08-26,40.849998474121094,42.29999923706055,40.849998474121094,42.29999923706055,187800,32.77084732055664
2020-08-27,41.90999984741211,42.189998626708984,41.560001373291016,42.18000030517578,262300,32.67789077758789
2020-08-28,42.099998474121094,42.29999923706055,41.90999984741211,42.02000045776367,129300,32.553932189941406
2020-08-31,42.02000045776367,42.02000045776367,39.099998474121094,42.0,1574700,32.53843307495117
2020-09-01,41.70000076293945,41.88999938964844,40.7400016784668,41.25,170900,31.95738983154297
2020-09-02,41.0,41.0,40.099998474121094,40.79999923706055,286000,31.608768463134766
2020-09-03,40.900001525878906,40.900001525878906,40.11000061035156,40.16999816894531,231500,31.120685577392578
2020-09-04,40.290000915527344,40.61000061035156,40.0,40.189998626708984,158400,31.136186599731445
2020-09-07,39.959999084472656,40.189998626708984,39.66999816894531,40.16999816894531,134900,31.120685577392578
2020-09-08,40.2400016784668,40.279998779296875,39.779998779296875,39.83000183105469,80700,30.857288360595703
2020-09-09,39.70000076293945,40.380001068115234,39.38999938964844,39.7599983215332,165800,30.803054809570312
2020-09-10,39.599998474121094,39.88999938964844,38.849998474121094,39.29999923706055,267500,30.44667625427246
2020-09-11,39.380001068115234,39.38999938964844,38.619998931884766,39.20000076293945,196000,30.36920928955078
2020-09-14,38.720001220703125,39.34000015258789,38.279998779296875,39.02000045776367,220800,30.229753494262695
2020-09-15,39.15999984741211,39.63999938964844,39.15999984741211,39.58000183105469,111100,30.663604736328125
2020-09-16,39.880001068115234,42.02000045776367,39.7599983215332,42.02000045776367,485600,32.553932189941406
2020-09-17,41.59000015258789,41.59000015258789,40.790000915527344,41.5,318300,32.15107345581055
2020-09-18,40.91999816894531,41.29999923706055,39.9900016784668,40.529998779296875,627900,31.39958381652832
2020-09-21,40.5,41.209999084472656,40.5,41.16999816894531,136400,31.895410537719727
2020-09-22,40.880001068115234,42.099998474121094,40.880001068115234,41.70000076293945,445700,32.30601501464844
2020-09-23,41.400001525878906,42.20000076293945,41.0,41.470001220703125,234400,32.12782669067383
2020-09-24,40.79999923706055,41.0,39.72999954223633,40.0,308700,30.988985061645508
2020-09-25,40.040000915527344,40.5,39.75,40.5,322300,31.376344680786133
2020-09-28,40.0099983215332,40.380001068115234,39.849998474121094,39.93000030517578,95700,30.934757232666016
2020-09-29,40.119998931884766,40.41999816894531,40.060001373291016,40.290000915527344,193500,31.213655471801758
2020-09-30,40.11000061035156,40.2400016784668,39.630001068115234,39.68000030517578,486600,30.741069793701172
2020-10-01,39.70000076293945,39.91999816894531,39.54999923706055,39.810001373291016,102400,30.841785430908203
2020-10-02,39.810001373291016,39.90999984741211,39.63999938964844,39.90999984741211,149200,30.91926383972168
2020-10-05,40.599998474121094,42.09000015258789,40.58000183105469,42.040000915527344,397900,32.569427490234375
2020-10-06,42.400001525878906,43.290000915527344,42.06999969482422,42.56999969482422,517300,32.98002624511719
2020-10-07,42.09000015258789,44.040000915527344,42.06999969482422,44.040000915527344,224500,34.11886978149414
2020-10-08,44.34000015258789,44.34000015258789,42.66999816894531,43.52000045776367,304300,33.71601486206055
2020-10-09,43.310001373291016,43.56999969482422,42.81999969482422,42.93000030517578,139300,33.25893020629883
2020-10-12,42.83000183105469,43.470001220703125,42.66999816894531,43.15999984741211,124800,33.43711853027344
2020-10-13,43.29999923706055,43.29999923706055,42.31999969482422,42.56999969482422,145700,32.98002624511719
2020-10-14,42.0,42.75,41.88999938964844,42.599998474121094,101400,33.003265380859375
2020-10-15,42.0099983215332,42.36000061035156,41.529998779296875,41.81999969482422,180400,32.398983001708984
2020-10-16,41.81999969482422,41.849998474121094,40.720001220703125,40.720001220703125,295500,31.546783447265625
2020-10-19,41.15999984741211,42.15999984741211,41.09000015258789,41.959999084472656,228500,32.507442474365234
2020-10-20,41.959999084472656,42.189998626708984,41.54999923706055,41.95000076293945,186500,32.499698638916016
2020-10-21,42.0,42.4900016784668,41.650001525878906,42.4900016784668,328500,32.91804885864258
2020-10-22,42.43000030517578,43.38999938964844,41.79999923706055,43.029998779296875,148200,33.336395263671875
2020-10-23,42.900001525878906,44.0,42.66999816894531,44.0,154600,34.0878791809082
2020-10-26,44.29999923706055,45.459999084472656,44.20000076293945,45.400001525878906,210800,35.1724967956543
2020-10-27,44.90999984741211,45.529998779296875,44.720001220703125,45.119998931884766,210800,34.95557403564453
2020-10-28,45.0,45.2400016784668,44.400001525878906,44.41999816894531,339500,34.413265228271484
2020-10-29,44.2599983215332,45.189998626708984,43.91999816894531,44.66999816894531,270800,34.60694885253906
2020-10-30,44.83000183105469,45.15999984741211,44.0,44.38999938964844,309800,34.3900260925293
2020-11-02,44.88999938964844,45.41999816894531,44.709999084472656,45.41999816894531,148700,35.18798828125
2020-11-03,45.9900016784668,46.16999816894531,45.209999084472656,46.16999816894531,129900,35.76903533935547
2020-11-04,45.709999084472656,46.040000915527344,45.630001068115234,45.83000183105469,91200,35.5056266784668
2020-11-05,45.959999084472656,46.18000030517578,45.5099983215332,45.79999923706055,153200,35.482383728027344
2020-11-06,45.79999923706055,45.79999923706055,45.029998779296875,45.79999923706055,147100,35.482383728027344
2020-11-09,46.0,46.630001068115234,45.84000015258789,46.349998474121094,209700,35.908485412597656
2020-11-10,47.0,50.90999984741211,46.79999923706055,50.90999984741211,448600,39.441226959228516
2020-11-11,50.150001525878906,52.0,49.68000030517578,50.31999969482422,337200,38.9841423034668
2020-11-12,50.61000061035156,51.150001525878906,50.36000061035156,51.0,227300,39.510948181152344
2020-11-13,50.599998474121094,51.0,49.84000015258789,51.0,277200,39.510948181152344
2020-11-16,51.0,51.70000076293945,50.18000030517578,51.70000076293945,200600,40.05326843261719
2020-11-17,51.20000076293945,53.4900016784668,51.20000076293945,52.959999084472656,281800,41.029415130615234
2020-11-18,52.0,52.2599983215332,51.25,51.709999084472656,350400,40.061012268066406
2020-11-19,51.400001525878906,51.630001068115234,50.97999954223633,51.220001220703125,997000,39.681400299072266
2020-11-20,51.130001068115234,53.79999923706055,51.029998779296875,53.68000030517578,535700,41.587215423583984
2020-11-23,53.790000915527344,54.869998931884766,53.47999954223633,54.20000076293945,343000,41.99007797241211
2020-11-24,54.0,54.849998474121094,53.91999816894531,54.849998474121094,351200,42.4936408996582
2020-11-25,54.29999923706055,55.0,53.900001525878906,54.41999816894531,448800,42.1605110168457
2020-11-26,54.380001068115234,54.380001068115234,53.34000015258789,53.9900016784668,163700,41.827388763427734
2020-11-27,53.75,53.91999816894531,52.2400016784668,52.900001525878906,658400,40.98292922973633
2020-11-30,53.0,54.599998474121094,52.709999084472656,53.06999969482422,1432800,41.11463165283203
2020-12-01,53.33000183105469,54.880001068115234,53.31999969482422,54.52000045776367,333600,42.23798751831055
2020-12-02,54.0,54.060001373291016,52.689998626708984,54.060001373291016,289200,41.88161087036133
2020-12-03,53.459999084472656,54.90999984741211,53.459999084472656,54.720001220703125,314200,42.39292907714844
2020-12-04,53.66999816894531,54.38999938964844,53.369998931884766,54.130001068115234,217200,41.93584060668945
2020-12-07,53.5,54.869998931884766,53.5,54.560001373291016,251600,42.26897430419922
2020-12-08,54.2599983215332,55.4900016784668,54.2599983215332,55.08000183105469,367000,42.671836853027344
2020-12-09,54.91999816894531,55.369998931884766,54.880001068115234,55.06999969482422,319000,42.664085388183594
2020-12-10,55.029998779296875,55.369998931884766,54.040000915527344,54.560001373291016,436200,42.26897430419922
2020-12-11,55.29999923706055,57.5,55.29999923706055,55.5,597400,42.997215270996094
2020-12-14,55.41999816894531,56.68000030517578,55.209999084472656,55.95000076293945,236100,43.34584045410156
2020-12-15,56.70000076293945,57.20000076293945,56.2599983215332,56.599998474121094,339400,43.849403381347656
2020-12-16,56.279998779296875,56.9900016784668,56.060001373291016,56.060001373291016,353900,43.43105697631836
2020-12-17,56.0,56.209999084472656,55.54999923706055,56.099998474121094,253200,43.46205139160156
2020-12-18,56.0,56.56999969482422,55.9900016784668,56.2400016784668,568500,43.57050704956055
2020-12-21,55.869998931884766,56.290000915527344,55.45000076293945,56.0,337600,43.38457489013672
2020-12-22,55.5,55.5099983215332,54.599998474121094,54.9900016784668,380100,42.60211181640625
2020-12-23,54.5,55.34000015258789,54.349998474121094,55.0099983215332,312100,42.61759567260742
2020-12-24,54.79999923706055,55.81999969482422,54.79999923706055,55.52000045776367,136000,43.01271438598633
2020-12-28,55.81999969482422,55.93000030517578,54.88999938964844,55.349998474121094,99300,42.88100814819336
2020-12-29,55.5,55.790000915527344,55.20000076293945,55.70000076293945,214400,43.15216064453125
2020-12-30,55.70000076293945,56.25,55.66999816894531,56.09000015258789,200400,43.45430374145508
2020-12-31,55.84000015258789,56.2599983215332,55.84000015258789,56.09000015258789,160100,43.45430374145508
2021-01-04,55.70000076293945,56.209999084472656,55.619998931884766,56.0,195475,43.38457489013672
2021-01-05,55.75,56.63999938964844,55.5,56.63999938964844,2558200,43.88039779663086
2021-01-06,56.0,56.5,56.0,56.38999938964844,198700,43.68671798706055
2021-01-07,56.400001525878906,56.529998779296875,55.84000015258789,56.18000030517578,195100,43.52402877807617
2021-01-08,56.400001525878906,57.709999084472656,56.0,57.52000045776367,258400,44.562156677246094
2021-01-11,57.0,58.400001525878906,57.0,57.68000030517578,940352,44.68611526489258
2021-01-12,57.02000045776367,57.939998626708984,57.0,57.0,244100,44.1593017578125
2021-01-13,56.7400016784668,57.290000915527344,56.060001373291016,56.349998474121094,450200,43.655731201171875
2021-01-14,56.189998626708984,57.150001525878906,55.970001220703125,56.20000076293945,358300,43.53952407836914
2021-01-15,56.060001373291016,57.439998626708984,56.060001373291016,56.9900016784668,234500,44.151554107666016
2021-01-18,56.79999923706055,57.279998779296875,56.290000915527344,56.29999923706055,83000,43.61699676513672
2021-01-19,56.189998626708984,56.709999084472656,56.0,56.0,172500,43.38457489013672
2021-01-20,56.060001373291016,56.400001525878906,55.9900016784668,56.209999084472656,181000,43.54726791381836
2021-01-21,56.56999969482422,57.849998474121094,56.5,57.56999969482422,241800,44.600887298583984
2021-01-22,57.900001525878906,58.40999984741211,57.599998474121094,58.099998474121094,549500,45.01149368286133
2021-01-25,58.0,58.20000076293945,57.529998779296875,57.84000015258789,285200,44.8100700378418
2021-01-26,57.70000076293945,59.290000915527344,57.40999984741211,58.650001525878906,339000,45.437599182128906
2021-01-27,58.29999923706055,58.29999923706055,57.31999969482422,57.93000030517578,249000,44.87979507446289
2021-01-28,56.5,58.4900016784668,56.5,57.900001525878906,266400,44.8565559387207
2021-01-29,57.880001068115234,57.900001525878906,57.29999923706055,57.79999923706055,690400,44.779083251953125
2021-02-01,57.70000076293945,57.900001525878906,57.0,57.599998474121094,710400,44.62413024902344
2021-02-02,59.20000076293945,59.220001220703125,58.040000915527344,58.83000183105469,261000,45.57705307006836
2021-02-03,59.279998779296875,59.88999938964844,59.06999969482422,59.70000076293945,133200,46.25106430053711
2021-02-04,59.400001525878906,59.43000030517578,57.880001068115234,58.5,412300,45.321388244628906
2021-02-05,58.310001373291016,58.310001373291016,57.75,57.900001525878906,375100,44.8565559387207
2021-02-08,57.29999923706055,57.38999938964844,55.81999969482422,55.9900016784668,240800,43.376827239990234
2021-02-09,56.27000045776367,56.869998931884766,54.7400016784668,55.31999969482422,234700,42.857765197753906
2021-02-10,54.25,55.15999984741211,54.11000061035156,54.400001525878906,423300,42.145015716552734
2021-02-11,54.619998931884766,55.040000915527344,53.81999969482422,54.20000076293945,213000,41.99007797241211
2021-02-15,53.20000076293945,54.70000076293945,53.04999923706055,54.439998626708984,174300,42.17600631713867
2021-02-16,53.5099983215332,54.81999969482422,53.34000015258789,54.029998779296875,236300,41.85837173461914
2021-02-17,53.33000183105469,53.630001068115234,51.619998931884766,51.63999938964844,377600,40.006778717041016
2021-02-18,50.36000061035156,52.119998931884766,50.290000915527344,51.59000015258789,414200,39.96804428100586
2021-02-19,50.29999923706055,51.189998626708984,49.2599983215332,49.599998474121094,500900,38.42634582519531
2021-02-22,49.5,49.90999984741211,49.130001068115234,49.45000076293945,348754,38.31013488769531
2021-02-23,49.33000183105469,51.95000076293945,49.15999984741211,51.95000076293945,302300,40.24694061279297
2021-02-24,52.11000061035156,54.150001525878906,52.0,53.720001220703125,410500,41.61820602416992
2021-02-25,53.88999938964844,54.02000045776367,51.779998779296875,52.959999084472656,474100,41.029415130615234
2021-02-26,52.0,52.779998779296875,51.900001525878906,52.31999969482422,608800,40.53358840942383
2021-03-01,51.79999923706055,52.119998931884766,51.20000076293945,51.63999938964844,465400,40.006778717041016
2021-03-02,51.95000076293945,54.18000030517578,51.95000076293945,53.599998474121094,397600,41.52523422241211
2021-03-03,53.779998779296875,53.880001068115234,52.099998474121094,52.63999938964844,259900,40.78150177001953
2021-03-04,52.5,54.029998779296875,52.5,53.9900016784668,277000,41.827388763427734
2021-03-05,53.33000183105469,54.18000030517578,53.02000045776367,53.689998626708984,246300,41.5949592590332
2021-03-08,54.29999923706055,62.220001220703125,54.279998779296875,62.0,621900,48.03293228149414
2021-03-09,62.0,65.80000305175781,60.5,65.19999694824219,1148800,50.51204299926758
2021-03-10,65.20999908447266,65.43000030517578,64.31999969482422,64.76000213623047,666926,50.17117691040039
2021-03-11,65.01000213623047,65.56999969482422,65.01000213623047,65.56999969482422,356900,50.79869079589844
2021-03-12,65.0,66.4000015258789,64.86000061035156,65.0,352730,50.35709762573242
2021-03-15,65.0,65.29000091552734,64.55999755859375,64.9800033569336,170000,50.34160232543945
2021-03-16,65.12999725341797,66.08000183105469,64.01000213623047,64.48999786376953,434600,49.96199035644531
2021-03-17,65.0,65.2699966430664,64.19999694824219,64.19999694824219,493970,49.73731994628906
2021-03-18,65.08999633789062,68.87999725341797,65.08999633789062,67.4000015258789,596200,52.2164421081543
2021-03-19,67.0,67.98999786376953,66.9800033569336,67.19999694824219,735480,52.061492919921875
2021-03-22,66.62999725341797,66.95999908447266,66.30000305175781,66.69999694824219,327900,51.67413330078125
2021-03-23,66.44999694824219,66.83999633789062,66.25,66.69999694824219,418400,51.67413330078125
2021-03-24,66.55000305175781,66.98999786376953,66.55000305175781,66.70999908447266,661400,51.68187713623047
2021-03-25,65.5,65.62000274658203,65.4000015258789,65.5199966430664,575000,51.75296401977539
2021-03-26,65.4000015258789,65.69999694824219,65.4000015258789,65.51000213623047,643200,51.74507141113281
2021-03-29,66.0,66.83999633789062,65.80000305175781,66.5,322600,52.52705001831055
2021-03-30,67.6500015258789,67.6500015258789,66.0,66.0,393700,52.132102966308594
2021-03-31,66.0,66.58999633789062,65.38999938964844,65.38999938964844,494100,51.65027618408203
2021-04-01,66.0,66.19999694824219,65.5,65.69999694824219,388700,51.895137786865234
2021-04-05,65.69999694824219,66.9000015258789,65.69999694824219,66.55999755859375,47000,52.57444381713867
2021-04-06,67.0,67.13999938964844,65.98999786376953,66.06999969482422,145900,52.18739700317383
2021-04-07,66.0,66.0999984741211,65.0199966430664,65.2699966430664,228600,51.55549621582031
2021-04-08,65.80000305175781,65.98999786376953,65.0,65.0,291700,51.34223175048828
2021-04-09,65.04000091552734,65.41999816894531,64.01000213623047,64.23999786376953,313800,50.741920471191406
2021-04-12,62.40999984741211,64.75,62.40999984741211,64.37000274658203,313753,50.844608306884766
2021-04-13,64.87999725341797,66.97000122070312,64.5,65.06999969482422,457300,51.39752197265625
2021-04-14,65.0,65.63999938964844,64.5999984741211,64.87000274658203,266900,51.23954391479492
2021-04-15,64.70999908447266,65.0999984741211,64.30999755859375,64.37000274658203,306700,50.844608306884766
2021-04-16,64.0199966430664,65.30000305175781,64.0,65.0,198000,51.34223175048828
2021-04-19,64.30000305175781,65.41000366210938,64.30000305175781,64.58999633789062,261400,51.01837921142578
2021-04-20,64.77999877929688,65.18000030517578,64.61000061035156,64.61000061035156,351600,51.0341682434082
2021-04-21,64.80000305175781,64.80000305175781,64.0,64.33000183105469,411200,50.81300354003906
2021-04-22,63.31999969482422,64.18000030517578,63.31999969482422,63.939998626708984,301000,50.50495529174805
2021-04-23,63.959999084472656,65.4800033569336,63.939998626708984,65.4800033569336,340100,51.72138214111328
2021-04-26,63.29999923706055,64.9000015258789,63.220001220703125,64.62000274658203,192500,51.042076110839844
2021-04-27,64.87000274658203,65.75,64.62000274658203,65.33999633789062,252900,51.61078643798828
2021-04-28,65.31999969482422,65.83999633789062,65.31999969482422,65.48999786376953,361500,51.72926712036133
2021-04-29,67.05999755859375,67.37000274658203,66.2699966430664,67.26000213623047,355000,53.12736129760742
2021-04-30,66.5,67.86000061035156,66.5,67.23999786376953,479300,53.11156463623047
2021-05-03,67.30999755859375,67.8499984741211,66.02999877929688,67.1500015258789,269500,53.040470123291016
2021-05-04,67.0,67.25,66.05000305175781,66.05000305175781,558100,52.171600341796875
2021-05-05,66.05000305175781,66.72000122070312,65.91000366210938,66.01000213623047,283700,52.1400146484375
2021-05-06,65.9000015258789,66.58000183105469,65.75,66.4800033569336,256700,52.51124572753906
2021-05-07,66.33000183105469,66.77999877929688,66.05999755859375,66.75,205100,52.724525451660156
2021-05-10,66.55000305175781,67.02999877929688,66.5,66.88999938964844,160600,52.83509826660156
2021-05-11,66.88999938964844,67.55000305175781,65.70999908447266,66.36000061035156,367600,52.41646194458008
2021-05-12,66.02999877929688,66.5,65.69999694824219,66.12000274658203,208100,52.226898193359375
2021-05-14,65.69999694824219,66.0,64.25,64.79000091552734,287200,51.176353454589844
2021-05-17,64.68000030517578,65.2300033569336,64.0999984741211,64.61000061035156,126200,51.0341682434082
2021-05-18,64.31999969482422,65.5,64.31999969482422,65.44999694824219,190700,51.697669982910156
2021-05-19,65.4000015258789,66.0,64.81999969482422,65.2300033569336,156300,51.52389907836914
2021-05-20,65.2300033569336,66.61000061035156,65.0,65.05999755859375,242300,51.389617919921875
2021-05-21,65.16000366210938,65.19999694824219,64.4000015258789,64.7300033569336,182900,51.12896728515625
2021-05-24,64.75,64.75,63.900001525878906,63.900001525878906,154300,50.473365783691406
2021-05-25,64.11000061035156,65.36000061035156,63.79999923706055,64.05999755859375,219100,50.59973907470703
2021-05-27,63.5,64.68000030517578,63.25,64.48999786376953,1083900,50.939388275146484
2021-05-28,63.9900016784668,65.08999633789062,63.650001525878906,64.86000061035156,205911,51.23163986206055
2021-05-31,64.5,65.4000015258789,64.44999694824219,64.80999755859375,221600,51.1921501159668
2021-06-01,65.0199966430664,65.19999694824219,64.08000183105469,64.23999786376953,219500,50.741920471191406
2021-06-02,64.23999786376953,64.69999694824219,64.05000305175781,64.08999633789062,327400,50.623435974121094
2021-06-03,63.790000915527344,64.25,63.790000915527344,63.9900016784668,223600,50.54445266723633
2021-06-04,64.0,64.0,62.900001525878906,63.20000076293945,251100,49.920448303222656
2021-06-07,63.0,64.06999969482422,62.95000076293945,63.93000030517578,227700,50.49705505371094
2021-06-08,63.439998626708984,63.939998626708984,62.91999816894531,63.119998931884766,324400,49.85725021362305
2021-06-09,63.22999954223633,63.61000061035156,62.75,62.75,228000,49.564998626708984
2021-06-10,62.720001220703125,63.209999084472656,62.43000030517578,62.43000030517578,288800,49.31224060058594
2021-06-11,62.630001068115234,63.0099983215332,62.52000045776367,62.630001068115234,180100,49.470218658447266
2021-06-14,62.900001525878906,63.0099983215332,62.720001220703125,62.77000045776367,88500,49.5807991027832
2021-06-15,62.79999923706055,63.25,62.5,62.58000183105469,280200,49.43071365356445
2021-06-16,62.54999923706055,62.91999816894531,62.0,62.459999084472656,215900,49.3359375
2021-06-17,62.7599983215332,62.959999084472656,62.34000015258789,62.84000015258789,175500,49.636085510253906
2021-06-18,62.22999954223633,64.77999877929688,62.22999954223633,64.77999877929688,704800,51.168453216552734
2021-06-21,63.11000061035156,63.41999816894531,63.02000045776367,63.16999816894531,243700,49.8967399597168
2021-06-22,63.29999923706055,63.45000076293945,63.09000015258789,63.279998779296875,348500,49.98363494873047
2021-06-23,63.29999923706055,64.38999938964844,63.09000015258789,63.959999084472656,241500,50.520751953125
2021-06-24,63.790000915527344,64.1500015258789,63.650001525878906,63.93000030517578,200400,50.49705505371094
2021-06-25,63.720001220703125,64.25,63.630001068115234,64.0199966430664,586400,50.568145751953125
2021-06-28,63.720001220703125,63.720001220703125,63.27000045776367,63.27000045776367,173900,49.97573471069336
2021-06-29,63.27000045776367,64.19999694824219,63.150001525878906,63.150001525878906,383000,49.88095474243164
2021-06-30,63.349998474121094,65.51000213623047,63.349998474121094,63.91999816894531,714961,50.489158630371094
2021-07-01,63.40999984741211,63.91999816894531,63.20000076293945,63.20000076293945,312800,49.920448303222656
2021-07-02,63.20000076293945,63.47999954223633,63.099998474121094,63.20000076293945,279500,49.920448303222656
2021-07-05,63.29999923706055,63.95000076293945,63.209999084472656,63.95000076293945,110400,50.51285934448242
2021-07-06,63.869998931884766,64.1500015258789,63.36000061035156,63.529998779296875,139800,50.18109893798828
2021-07-07,63.29999923706055,64.76000213623047,63.27000045776367,64.76000213623047,325200,51.15266418457031
2021-07-08,64.77999877929688,65.2699966430664,64.55000305175781,65.16999816894531,226800,51.47650909423828
2021-07-09,64.4000015258789,64.4000015258789,63.70000076293945,63.93000030517578,315600,50.49705505371094
2021-07-12,64.22000122070312,64.22000122070312,63.540000915527344,63.779998779296875,319300,50.37857437133789
2021-07-13,63.75,64.51000213623047,63.4900016784668,63.4900016784668,269300,50.14950942993164
2021-07-14,63.54999923706055,64.48999786376953,63.27000045776367,63.29999923706055,196600,49.99943161010742
2021-07-15,63.54999923706055,64.05000305175781,63.029998779296875,63.11000061035156,536000,49.84934997558594
2021-07-16,63.11000061035156,63.95000076293945,63.0099983215332,63.400001525878906,127000,50.07842254638672
2021-07-19,63.20000076293945,63.59000015258789,61.099998474121094,61.22999954223633,350700,48.364376068115234
2021-07-21,61.20000076293945,61.970001220703125,61.20000076293945,61.5,452300,48.57764434814453
2021-07-22,61.40999984741211,62.95000076293945,61.40999984741211,62.20000076293945,333800,49.13056564331055
2021-07-23,62.099998474121094,63.279998779296875,62.099998474121094,62.59000015258789,143500,49.43861770629883
2021-07-26,62.79999923706055,63.2400016784668,62.0099983215332,62.150001525878906,132400,49.091068267822266
2021-07-27,62.189998626708984,62.689998626708984,61.130001068115234,61.900001525878906,215700,48.89360046386719
2021-07-28,61.0,61.5,60.400001525878906,60.400001525878906,263300,47.708778381347656
2021-07-29,60.5,61.09000015258789,60.02000045776367,60.68000030517578,230800,47.92995071411133
2021-07-30,60.0,60.34000015258789,59.29999923706055,59.439998626708984,430200,46.95048904418945
2021-08-02,59.4900016784668,60.189998626708984,59.4900016784668,59.790000915527344,389600,47.22695541381836
2021-08-03,59.439998626708984,59.560001373291016,58.7400016784668,59.0,227600,46.60294723510742
2021-08-04,59.02000045776367,59.25,58.0099983215332,58.0099983215332,198900,45.82096862792969
2021-08-05,57.75,58.45000076293945,57.0,57.0,215700,45.023193359375
2021-08-06,56.79999923706055,58.380001068115234,56.79999923706055,57.900001525878906,197400,45.73407745361328
2021-08-10,57.33000183105469,57.79999923706055,57.119998931884766,57.33000183105469,242400,45.283843994140625
2021-08-11,57.209999084472656,58.439998626708984,57.06999969482422,57.13999938964844,366300,45.133766174316406
2021-08-12,57.29999923706055,57.7400016784668,56.84000015258789,56.90999984741211,395700,44.95209503173828
2021-08-13,56.63999938964844,57.20000076293945,56.63999938964844,57.0,71700,45.023193359375
2021-08-16,56.459999084472656,56.86000061035156,56.27000045776367,56.560001373291016,165600,44.67564010620117
2021-08-17,56.79999923706055,57.45000076293945,56.369998931884766,56.560001373291016,169300,44.67564010620117
2021-08-18,56.84000015258789,57.400001525878906,56.45000076293945,56.650001525878906,145700,44.74672317504883
2021-08-19,56.0,56.790000915527344,55.0099983215332,55.40999984741211,179200,44.1098747253418
2021-08-20,55.25,56.349998474121094,55.25,56.0,142400,44.57955551147461
2021-08-23,56.63999938964844,56.63999938964844,55.20000076293945,55.290000915527344,489900,44.01435089111328
2021-08-24,55.5099983215332,56.95000076293945,55.5099983215332,56.61000061035156,181200,45.065147399902344
2021-08-25,56.310001373291016,56.5,55.90999984741211,56.029998779296875,96900,44.603431701660156
2021-08-26,56.400001525878906,56.79999923706055,56.349998474121094,56.349998474121094,183000,44.85816955566406
2021-08-27,56.099998474121094,56.290000915527344,55.45000076293945,55.83000183105469,186800,44.4442138671875
2021-08-30,56.45000076293945,56.5,55.880001068115234,56.29999923706055,218100,44.8183708190918
2021-08-31,55.060001373291016,55.29999923706055,54.029998779296875,54.31999969482422,500500,43.242164611816406
2021-09-01,54.619998931884766,57.2400016784668,54.61000061035156,56.70000076293945,273700,45.13679885864258
2021-09-02,56.369998931884766,56.810001373291016,55.84000015258789,56.47999954223633,218300,44.96166229248047
2021-09-03,55.70000076293945,56.72999954223633,55.5,55.93000030517578,190100,44.523826599121094
2021-09-06,55.220001220703125,57.0,50.5,55.310001373291016,175700,44.0302734375
2021-09-07,55.61000061035156,56.88999938964844,55.130001068115234,56.380001068115234,199900,44.882049560546875
2021-09-08,56.18000030517578,56.18000030517578,54.20000076293945,54.20000076293945,234200,43.146636962890625
2021-09-09,54.349998474121094,54.97999954223633,54.349998474121094,54.5099983215332,305900,43.39342498779297
2021-09-10,54.400001525878906,54.810001373291016,53.939998626708984,54.599998474121094,538700,43.46506881713867
2021-09-13,54.04999923706055,54.650001525878906,54.04999923706055,54.380001068115234,260700,43.28993606567383
2021-09-14,54.20000076293945,54.34000015258789,54.0,54.0,317200,42.9874267578125
2021-09-15,54.0,54.27000045776367,52.7599983215332,52.77000045776367,229800,42.008270263671875
2021-09-16,52.630001068115234,53.61000061035156,52.619998931884766,53.290000915527344,85576,42.42222213745117
2021-09-17,52.97999954223633,52.9900016784668,52.029998779296875,52.2599983215332,478300,41.60227584838867
2021-09-20,52.0,52.310001373291016,51.029998779296875,51.41999816894531,127000,40.93357849121094
2021-09-21,51.20000076293945,51.869998931884766,50.70000076293945,51.619998931884766,136800,41.092796325683594
2021-09-22,51.59000015258789,52.40999984741211,51.0099983215332,51.11000061035156,72500,40.68680191040039
2021-09-23,51.20000076293945,51.790000915527344,51.06999969482422,51.45000076293945,102400,40.95746612548828
2021-09-24,51.20000076293945,51.4900016784668,50.400001525878906,50.779998779296875,120600,40.42409896850586
2021-09-27,50.20000076293945,51.06999969482422,50.20000076293945,50.630001068115234,82200,40.30469512939453
2021-09-28,50.099998474121094,50.779998779296875,50.02000045776367,50.08000183105469,230900,39.866859436035156
2021-09-29,50.0,51.79999923706055,49.97999954223633,51.029998779296875,179800,40.62311553955078
2021-09-30,53.29999923706055,53.45000076293945,52.11000061035156,53.040000915527344,427700,42.22320556640625
2021-10-01,53.09000015258789,53.4900016784668,50.5099983215332,51.380001068115234,331600,40.901737213134766
2021-10-04,51.4900016784668,52.27000045776367,51.20000076293945,52.09000015258789,185400,41.466949462890625
2021-10-05,51.939998626708984,52.099998474121094,51.369998931884766,51.900001525878906,445289,41.31568908691406
2021-10-06,52.20000076293945,52.95000076293945,52.06999969482422,52.65999984741211,206800,41.92070007324219
2021-10-07,52.540000915527344,53.13999938964844,52.38999938964844,52.9900016784668,215500,42.18340301513672
2021-10-08,52.810001373291016,54.130001068115234,52.810001373291016,53.689998626708984,289200,42.74064636230469
2021-10-11,53.689998626708984,53.9900016784668,53.22999954223633,53.7599983215332,266700,42.79636764526367
2021-10-12,53.5,54.40999984741211,53.5,54.40999984741211,342000,43.313812255859375
2021-10-13,54.709999084472656,55.5,54.709999084472656,55.2599983215332,195600,43.99045944213867
2021-10-14,56.0,56.189998626708984,55.06999969482422,55.380001068115234,284200,44.085994720458984
2021-10-15,55.70000076293945,56.189998626708984,55.099998474121094,55.70000076293945,333500,44.34073257446289
2021-10-18,56.0,56.5,55.81999969482422,56.099998474121094,154500,44.65916061401367
2021-10-19,56.5,57.119998931884766,56.15999984741211,57.0,110500,45.3756217956543
2021-10-20,57.36000061035156,57.77000045776367,57.0099983215332,57.58000183105469,116700,45.837337493896484
2021-10-21,57.790000915527344,57.81999969482422,56.56999969482422,56.95000076293945,252700,45.33580780029297
2021-10-22,56.9900016784668,57.61000061035156,56.43000030517578,57.439998626708984,161300,45.72588348388672
2021-10-25,57.099998474121094,57.650001525878906,56.209999084472656,56.81999969482422,113100,45.232330322265625
2021-10-26,56.529998779296875,56.900001525878906,55.810001373291016,56.290000915527344,155500,44.81040954589844
2021-10-27,56.290000915527344,57.279998779296875,56.2599983215332,57.099998474121094,174300,45.455223083496094
2021-10-28,56.880001068115234,57.2400016784668,56.63999938964844,56.959999084472656,88200,45.343772888183594
2021-10-29,57.189998626708984,58.29999923706055,56.709999084472656,57.93000030517578,333600,46.11595916748047
2021-11-01,57.79999923706055,58.22999954223633,57.43000030517578,58.0,118700,46.17167282104492
2021-11-02,58.0,60.15999984741211,58.0,59.63999938964844,1124000,47.47722625732422
2021-11-03,59.77000045776367,60.0,57.5,57.63999938964844,231500,45.885093688964844
2021-11-05,60.11000061035156,61.540000915527344,59.02000045776367,59.599998474121094,851500,47.44537353515625
2021-11-08,59.06999969482422,60.560001373291016,59.060001373291016,59.599998474121094,134500,47.44537353515625
2021-11-09,59.5,59.88999938964844,58.849998474121094,59.310001373291016,108900,47.21452331542969
2021-11-10,59.5,60.0,59.0,60.0,276700,47.76380920410156
2021-11-11,59.709999084472656,60.47999954223633,59.5099983215332,60.0,172800,47.76380920410156
2021-11-12,59.83000183105469,60.630001068115234,59.83000183105469,60.0,115400,47.76380920410156
2021-11-15,59.95000076293945,60.209999084472656,59.79999923706055,60.06999969482422,1090300,47.81953048706055
2021-11-16,60.0,60.9900016784668,59.79999923706055,60.709999084472656,283100,48.329017639160156
2021-11-17,60.4900016784668,61.099998474121094,60.099998474121094,60.849998474121094,140900,48.44046401977539
2021-11-18,60.529998779296875,61.099998474121094,60.27000045776367,60.91999816894531,215500,48.49618911743164
2021-11-19,60.70000076293945,60.939998626708984,59.93000030517578,60.119998931884766,369200,47.85933303833008
2021-11-22,60.209999084472656,60.880001068115234,60.099998474121094,60.880001068115234,153800,48.46434020996094
2021-11-23,60.27000045776367,60.70000076293945,60.15999984741211,60.45000076293945,137800,48.12203598022461
2021-11-24,60.689998626708984,60.689998626708984,59.91999816894531,60.0,202700,47.76380920410156
2021-11-25,59.959999084472656,60.529998779296875,59.810001373291016,59.9900016784668,176300,47.7558479309082
2021-11-26,57.79999923706055,58.88999938964844,57.79999923706055,58.5,263800,46.56970977783203
2021-11-29,58.29999923706055,58.77000045776367,58.08000183105469,58.369998931884766,233500,46.46622085571289
2021-11-30,58.560001373291016,58.689998626708984,56.59000015258789,56.59000015258789,1987400,45.049232482910156
2021-12-01,56.13999938964844,57.97999954223633,55.79999923706055,57.63999938964844,382600,45.885093688964844
2021-12-02,56.81999969482422,57.619998931884766,56.709999084472656,56.90999984741211,286100,45.30397033691406
2021-12-03,57.060001373291016,57.27000045776367,56.33000183105469,56.720001220703125,311200,45.152713775634766
2021-12-06,56.290000915527344,57.09000015258789,55.619998931884766,55.619998931884766,307600,44.277042388916016
2021-12-07,54.54999923706055,55.63999938964844,54.220001220703125,54.619998931884766,406000,43.48098373413086
2021-12-08,54.06999969482422,54.66999816894531,54.0,54.13999938964844,266700,43.098873138427734
2021-12-09,55.45000076293945,56.849998474121094,55.220001220703125,55.79999923706055,395700,44.42034149169922
2021-12-10,55.70000076293945,56.86000061035156,55.209999084472656,56.15999984741211,644087,44.70692443847656
2021-12-13,56.0,56.34000015258789,55.400001525878906,55.400001525878906,357800,44.10192108154297
2021-12-14,55.47999954223633,56.15999984741211,55.2599983215332,55.7599983215332,212900,44.388492584228516
2021-12-15,55.560001373291016,56.04999923706055,55.310001373291016,55.689998626708984,200000,44.332767486572266
2021-12-16,55.88999938964844,55.91999816894531,55.29999923706055,55.650001525878906,593600,44.300933837890625
2021-12-17,55.7599983215332,55.77000045776367,55.02000045776367,55.33000183105469,351300,44.04619598388672
2021-12-20,55.029998779296875,55.189998626708984,54.41999816894531,54.540000915527344,355138,43.417301177978516
2021-12-21,54.7400016784668,56.36000061035156,54.7400016784668,56.0099983215332,160100,44.58751678466797
2021-12-22,55.5099983215332,55.91999816894531,54.79999923706055,55.2400016784668,205200,43.97454833984375
2021-12-23,55.2400016784668,55.7599983215332,55.20000076293945,55.720001220703125,106000,44.356658935546875
2021-12-24,55.52000045776367,55.939998626708984,55.5099983215332,55.689998626708984,44900,44.332767486572266
2021-12-27,55.86000061035156,55.86000061035156,55.31999969482422,55.61000061035156,20700,44.26908874511719
2021-12-28,55.459999084472656,55.72999954223633,55.400001525878906,55.63999938964844,31700,44.292972564697266
2021-12-29,55.58000183105469,56.2400016784668,55.5,55.95000076293945,56000,44.53975296020508
2021-12-30,55.650001525878906,55.93000030517578,55.54999923706055,55.58000183105469,60200,44.24520492553711
2021-12-31,55.58000183105469,55.790000915527344,55.0099983215332,55.0099983215332,103000,43.791446685791016
2022-01-03,55.040000915527344,55.650001525878906,55.040000915527344,55.650001525878906,41300,44.300933837890625
2022-01-04,55.790000915527344,55.86000061035156,55.13999938964844,55.34000015258789,141700,44.05415344238281
2022-01-05,55.369998931884766,56.189998626708984,55.25,55.79999923706055,160300,44.42034149169922
2022-01-06,55.790000915527344,57.79999923706055,55.45000076293945,57.7599983215332,175600,45.980628967285156
2022-01-07,57.79999923706055,58.79999923706055,56.95000076293945,57.52000045776367,159000,45.7895622253418
2022-01-10,57.65999984741211,58.36000061035156,57.36000061035156,57.52000045776367,123900,45.7895622253418
2022-01-11,57.7400016784668,58.0,57.5,58.0,291000,46.17167282104492
2022-01-12,58.25,58.79999923706055,58.25,58.65999984741211,193700,46.697078704833984
2022-01-13,58.36000061035156,58.72999954223633,58.29999923706055,58.72999954223633,164800,46.752811431884766
2022-01-14,58.70000076293945,59.0,58.650001525878906,59.0,129200,46.967742919921875
2022-01-17,59.0,59.68000030517578,58.75,59.0,91000,46.967742919921875
2022-01-18,59.25,59.599998474121094,59.0099983215332,59.119998931884766,130900,47.06326675415039
2022-01-19,59.970001220703125,60.0,58.41999816894531,58.540000915527344,189000,46.60155487060547
2022-01-20,59.0,59.5,58.29999923706055,59.119998931884766,395400,47.06326675415039
2022-01-21,59.790000915527344,59.790000915527344,59.220001220703125,59.599998474121094,302400,47.44537353515625
2022-01-24,59.279998779296875,59.779998779296875,59.099998474121094,59.29999923706055,103500,47.20656967163086
2022-01-25,59.599998474121094,59.79999923706055,59.2599983215332,59.79999923706055,227300,47.60459518432617
2022-01-26,59.33000183105469,59.72999954223633,59.15999984741211,59.66999816894531,229800,47.50110626220703
2022-01-27,59.29999923706055,59.619998931884766,58.15999984741211,59.380001068115234,430000,47.27024841308594
2022-01-28,59.18000030517578,60.16999816894531,59.18000030517578,59.880001068115234,1016700,47.66828155517578
2022-01-31,59.95000076293945,60.29999923706055,58.84000015258789,58.84000015258789,323000,46.84037399291992
2022-02-03,58.5,60.349998474121094,58.5,60.349998474121094,465200,48.04243087768555
2022-02-04,60.470001220703125,60.470001220703125,59.349998474121094,60.150001525878906,185100,47.883216857910156
2022-02-07,60.150001525878906,61.0,59.5099983215332,60.959999084472656,139200,48.52802276611328
2022-02-08,60.9900016784668,62.099998474121094,60.369998931884766,61.41999816894531,155600,48.89421463012695
2022-02-09,60.40999984741211,61.75,59.560001373291016,60.0,259500,47.76380920410156
2022-02-10,59.34000015258789,60.75,59.34000015258789,60.349998474121094,243700,48.04243087768555
2022-02-11,60.0,60.56999969482422,59.880001068115234,60.209999084472656,119300,47.93098068237305
2022-02-14,59.869998931884766,60.369998931884766,59.70000076293945,60.22999954223633,123900,47.94690704345703
2022-02-15,60.0,60.5099983215332,59.720001220703125,60.209999084472656,290100,47.93098068237305
2022-02-16,60.0099983215332,60.58000183105469,59.81999969482422,60.279998779296875,173000,47.98670196533203
2022-02-17,60.4900016784668,61.470001220703125,60.099998474121094,60.34000015258789,307400,48.03447341918945
2022-02-18,60.189998626708984,60.630001068115234,59.849998474121094,60.119998931884766,165500,47.85933303833008
2022-02-21,60.38999938964844,60.38999938964844,59.900001525878906,60.0,52200,47.76380920410156
2022-02-22,59.810001373291016,59.939998626708984,59.20000076293945,59.29999923706055,168900,47.20656967163086
2022-02-23,59.40999984741211,60.900001525878906,59.150001525878906,60.060001373291016,138400,47.81156921386719
2022-02-24,59.790000915527344,59.97999954223633,58.25,58.459999084472656,206900,46.537864685058594
2022-02-25,58.31999969482422,60.099998474121094,58.31999969482422,59.61000061035156,244900,47.453338623046875
2022-02-28,59.5,59.9900016784668,58.720001220703125,59.5,423600,47.36577606201172
2022-03-01,59.709999084472656,60.13999938964844,59.36000061035156,59.54999923706055,185500,47.40557861328125
2022-03-02,59.619998931884766,60.61000061035156,59.540000915527344,59.97999954223633,222900,47.747886657714844
2022-03-03,59.79999923706055,60.2599983215332,58.45000076293945,59.119998931884766,326200,47.06326675415039
2022-03-04,59.290000915527344,59.290000915527344,57.099998474121094,58.09000015258789,221400,46.243324279785156
2022-03-07,58.0099983215332,58.599998474121094,56.61000061035156,57.04999923706055,214100,45.41542053222656
2022-03-08,56.189998626708984,57.02000045776367,56.189998626708984,56.40999984741211,127200,44.905941009521484
2022-03-09,56.34000015258789,56.75,55.2400016784668,55.939998626708984,149200,44.53178787231445
2022-03-10,55.939998626708984,57.47999954223633,55.779998779296875,56.02000045776367,179700,44.59547424316406
2022-03-11,55.380001068115234,55.599998474121094,54.70000076293945,54.79999923706055,224900,43.624271392822266
2022-03-14,53.88999938964844,55.13999938964844,53.310001373291016,54.5,257900,43.38545608520508
2022-03-15,54.5099983215332,55.29999923706055,54.310001373291016,54.70000076293945,232300,43.544673919677734
2022-03-16,54.79999923706055,55.47999954223633,54.209999084472656,54.79999923706055,224300,43.624271392822266
2022-03-17,57.540000915527344,59.0,55.16999816894531,55.4900016784668,291400,45.4679069519043
2022-03-18,55.65999984741211,56.7599983215332,54.810001373291016,56.0,399300,45.88579177856445
2022-03-21,55.709999084472656,56.4900016784668,55.20000076293945,55.40999984741211,157900,45.40235137939453
2022-03-22,54.650001525878906,56.0,54.599998474121094,54.650001525878906,313200,44.77961730957031
2022-03-23,53.689998626708984,58.5,53.68000030517578,58.16999816894531,349900,47.66386413574219
2022-03-24,55.7599983215332,59.0,55.72999954223633,57.83000183105469,428000,47.38527297973633
2022-03-25,57.59000015258789,59.869998931884766,57.59000015258789,58.91999816894531,171500,48.278404235839844
2022-03-28,58.65999984741211,58.91999816894531,57.41999816894531,57.459999084472656,129200,47.08209991455078
2022-03-29,57.9900016784668,59.119998931884766,57.689998626708984,59.119998931884766,107800,48.442283630371094
2022-03-30,59.04999923706055,59.04999923706055,56.779998779296875,56.97999954223633,284800,46.68879699707031
2022-03-31,56.75,57.5,55.0,55.0,407000,45.0663948059082
2022-04-01,55.88999938964844,57.40999984741211,55.130001068115234,57.11000061035156,238500,46.795310974121094
2022-04-04,56.86000061035156,57.68000030517578,56.79999923706055,57.20000076293945,111600,46.869056701660156
2022-04-05,56.90999984741211,57.5099983215332,56.61000061035156,56.86000061035156,98500,46.5904655456543
2022-04-06,56.560001373291016,57.900001525878906,56.560001373291016,57.16999816894531,191900,46.84447479248047
2022-04-07,55.599998474121094,57.18000030517578,55.599998474121094,56.91999816894531,185000,46.639625549316406
2022-04-08,57.060001373291016,57.189998626708984,56.5,56.849998474121094,124500,46.582271575927734
2022-04-11,56.599998474121094,56.619998931884766,55.63999938964844,56.20000076293945,83100,46.04967498779297
2022-04-12,56.40999984741211,56.959999084472656,55.83000183105469,56.02000045776367,200400,45.90217971801758
2022-04-13,55.72999954223633,56.59000015258789,55.72999954223633,56.20000076293945,77500,46.04967498779297
2022-04-14,57.349998474121094,57.36000061035156,56.560001373291016,56.59000015258789,154200,46.36922836303711
2022-04-18,56.88999938964844,56.88999938964844,55.41999816894531,55.540000915527344,63800,45.50887680053711
2022-04-19,55.79999923706055,56.34000015258789,55.58000183105469,56.029998779296875,150300,45.910369873046875
2022-04-20,56.08000183105469,56.720001220703125,55.81999969482422,56.06999969482422,89500,45.943145751953125
2022-04-21,55.2400016784668,55.939998626708984,55.2400016784668,55.5,193300,45.476097106933594
2022-04-22,55.209999084472656,55.72999954223633,55.20000076293945,55.38999938964844,71800,45.38595962524414
2022-04-25,55.0,55.400001525878906,54.86000061035156,54.869998931884766,104300,44.95988464355469
2022-04-26,54.599998474121094,54.97999954223633,54.099998474121094,54.099998474121094,147100,44.328948974609375
2022-04-27,54.29999923706055,55.2599983215332,53.93000030517578,54.810001373291016,151300,44.91071701049805
2022-04-28,55.11000061035156,57.0,55.11000061035156,55.91999816894531,150400,45.82024002075195
2022-04-29,56.20000076293945,56.20000076293945,53.130001068115234,53.130001068115234,570000,43.53414535522461
2022-05-04,53.40999984741211,53.709999084472656,52.119998931884766,53.5,340600,43.83732223510742
2022-05-05,53.5,54.5099983215332,53.5,54.470001220703125,175900,44.63212203979492
2022-05-06,53.970001220703125,54.16999816894531,53.459999084472656,53.970001220703125,246700,44.22243118286133
2022-05-09,54.150001525878906,54.36000061035156,53.709999084472656,54.119998931884766,175000,44.345333099365234
2022-05-10,53.81999969482422,54.29999923706055,53.58000183105469,53.59000015258789,272200,43.91106414794922
2022-05-11,52.880001068115234,53.439998626708984,52.2599983215332,52.95000076293945,315610,43.386661529541016
2022-05-12,51.65999984741211,52.22999954223633,51.060001373291016,51.279998779296875,240700,42.01827621459961
2022-05-13,52.189998626708984,52.29999923706055,51.59000015258789,52.09000015258789,141600,42.681983947753906
2022-05-17,52.5,53.75,52.099998474121094,53.0,236800,43.42762756347656
2022-05-18,53.0,53.790000915527344,53.0,53.650001525878906,205808,43.960227966308594
2022-05-19,52.9900016784668,53.43000030517578,52.529998779296875,53.2599983215332,166900,43.64065933227539
2022-05-20,53.79999923706055,55.61000061035156,53.650001525878906,55.61000061035156,220800,45.56623077392578
2022-05-23,55.0,55.900001525878906,54.33000183105469,54.970001220703125,224500,45.04182434082031
2022-05-24,55.58000183105469,56.75,54.97999954223633,55.84000015258789,202700,45.75468826293945
2022-05-25,55.84000015258789,56.720001220703125,55.0,55.0,271900,45.0663948059082
2022-05-26,56.75,58.939998626708984,55.369998931884766,55.5,368800,45.476097106933594
2022-05-27,57.27000045776367,57.79999923706055,56.41999816894531,57.7599983215332,236900,47.327919006347656
2022-05-30,57.68000030517578,59.13999938964844,56.5099983215332,59.0,206400,48.34395980834961
2022-05-31,57.529998779296875,59.47999954223633,57.5,58.040000915527344,755400,47.557350158691406
2022-06-01,58.0,59.29999923706055,58.0,58.90999984741211,229300,48.27021408081055
2022-06-02,57.91999816894531,59.029998779296875,56.22999954223633,57.029998779296875,365100,46.72976303100586
2022-06-03,57.119998931884766,58.119998931884766,57.0099983215332,57.43000030517578,150300,47.05751037597656
2022-06-06,57.0,57.83000183105469,56.70000076293945,57.43000030517578,186600,47.05751037597656
2022-06-07,57.29999923706055,57.720001220703125,56.61000061035156,57.47999954223633,224100,47.098487854003906
2022-06-08,57.599998474121094,58.380001068115234,57.36000061035156,58.380001068115234,236000,47.835941314697266
2022-06-09,58.380001068115234,59.0,57.97999954223633,58.88999938964844,403600,48.253822326660156
2022-06-10,59.0,59.0,57.0,57.22999954223633,179500,46.893646240234375
2022-06-13,57.060001373291016,57.060001373291016,54.2599983215332,54.7599983215332,309700,44.8697509765625
2022-06-14,53.5,55.029998779296875,53.47999954223633,53.68000030517578,277700,43.98480987548828
2022-06-15,53.04999923706055,53.61000061035156,52.75,53.18000030517578,479600,43.57511901855469
2022-06-16,53.97999954223633,54.369998931884766,52.099998474121094,52.5,526085,43.01792526245117
2022-06-17,51.0,51.65999984741211,50.060001373291016,50.060001373291016,3129205,41.01862335205078
2022-06-20,50.5,51.369998931884766,50.41999816894531,51.0,333800,41.78884506225586
2022-06-21,51.33000183105469,51.93000030517578,51.02000045776367,51.150001525878906,290800,41.9117546081543
2022-06-22,51.310001373291016,52.11000061035156,51.310001373291016,51.900001525878906,341300,42.52629470825195
2022-06-23,52.220001220703125,52.459999084472656,51.16999816894531,51.66999816894531,209700,42.337833404541016
2022-06-24,51.70000076293945,52.27000045776367,51.27000045776367,52.06999969482422,222200,42.665592193603516
2022-06-27,52.0,53.29999923706055,52.0,53.29999923706055,377400,43.673439025878906
2022-06-28,52.619998931884766,53.380001068115234,52.18000030517578,52.43000030517578,326500,42.9605712890625
2022-06-29,52.59000015258789,53.0099983215332,51.630001068115234,52.58000183105469,252600,43.0834846496582
2022-06-30,52.779998779296875,53.18000030517578,52.290000915527344,52.560001373291016,390200,43.06709289550781
2022-07-01,52.849998474121094,52.959999084472656,52.189998626708984,52.75,166400,43.22277069091797
2022-07-04,52.45000076293945,52.959999084472656,52.150001525878906,52.630001068115234,107200,43.124454498291016
2022-07-05,52.41999816894531,52.70000076293945,51.5099983215332,51.77000045776367,174100,42.41978073120117
2022-07-06,51.470001220703125,52.400001525878906,51.470001220703125,51.790000915527344,176000,42.436161041259766
2022-07-07,51.5,53.0099983215332,51.5,53.0099983215332,352700,43.435813903808594
2022-07-08,52.29999923706055,53.310001373291016,51.619998931884766,51.880001068115234,243700,42.509910583496094
2022-07-12,52.18000030517578,53.2400016784668,52.0,52.560001373291016,281600,43.06709289550781
2022-07-13,52.630001068115234,53.54999923706055,52.0,52.52000045776367,332500,43.0343132019043
2022-07-14,52.220001220703125,52.810001373291016,51.5099983215332,51.63999938964844,298300,42.313255310058594
2022-07-15,51.95000076293945,52.27000045776367,51.83000183105469,52.099998474121094,232900,42.6901741027832
2022-07-18,52.02000045776367,52.4900016784668,51.83000183105469,52.150001525878906,172000,42.731143951416016
2022-07-19,51.849998474121094,53.70000076293945,51.720001220703125,53.540000915527344,385500,43.87009048461914
2022-07-20,53.0,54.279998779296875,53.0,54.27000045776367,175300,44.46824645996094
2022-07-21,55.54999923706055,55.54999923706055,54.36000061035156,55.040000915527344,243400,45.099178314208984
2022-07-22,54.7400016784668,55.97999954223633,54.7400016784668,55.29999923706055,234000,45.31221389770508
2022-07-25,55.0,55.2400016784668,53.810001373291016,53.91999816894531,229600,44.181461334228516
2022-07-26,53.630001068115234,54.0,53.0,53.0099983215332,257300,43.435813903808594
2022-07-27,53.02000045776367,53.720001220703125,52.119998931884766,52.689998626708984,293200,43.17361068725586
2022-07-28,52.9900016784668,53.630001068115234,52.349998474121094,53.5099983215332,165300,43.84551239013672
2022-07-29,53.33000183105469,53.380001068115234,52.650001525878906,52.790000915527344,388600,43.255558013916016
2022-08-01,53.220001220703125,54.29999923706055,52.79999923706055,54.11000061035156,195800,44.3371467590332
2022-08-02,54.31999969482422,56.97999954223633,54.189998626708984,56.2599983215332,329800,46.09883499145508
2022-08-03,54.20000076293945,55.4900016784668,54.20000076293945,54.599998474121094,184000,44.7386474609375
2022-08-04,54.20000076293945,54.7599983215332,53.560001373291016,54.029998779296875,249600,44.27159881591797
2022-08-05,53.709999084472656,54.2599983215332,53.58000183105469,53.790000915527344,161500,44.0749397277832
2022-08-08,54.400001525878906,54.400001525878906,53.540000915527344,53.90999984741211,166800,44.17326736450195
2022-08-10,53.88999938964844,53.88999938964844,53.2599983215332,53.790000915527344,343700,44.0749397277832
2022-08-11,54.0099983215332,54.880001068115234,54.0,54.7400016784668,232600,44.853363037109375
2022-08-12,52.5,52.709999084472656,49.5,51.20000076293945,1596800,41.95272445678711
2022-08-15,51.20000076293945,51.599998474121094,50.0,50.130001068115234,627600,41.075984954833984
2022-08-16,50.099998474121094,50.849998474121094,50.04999923706055,50.66999816894531,429500,41.51844787597656
2022-08-17,50.720001220703125,51.599998474121094,50.720001220703125,51.459999084472656,443000,42.16576385498047
2022-08-18,51.20000076293945,51.810001373291016,50.650001525878906,51.810001373291016,656100,42.91117858886719
2022-08-19,51.61000061035156,52.470001220703125,51.61000061035156,52.27000045776367,470300,43.292171478271484
2022-08-22,52.290000915527344,53.43000030517578,51.9900016784668,52.45000076293945,533800,43.44124984741211
2022-08-23,52.20000076293945,52.599998474121094,51.720001220703125,52.15999984741211,516000,43.2010612487793
2022-08-24,52.150001525878906,52.61000061035156,51.61000061035156,52.029998779296875,476100,43.093387603759766
2022-08-25,51.529998779296875,52.119998931884766,51.22999954223633,51.36000061035156,378000,42.53847122192383
2022-08-26,50.849998474121094,52.2400016784668,50.849998474121094,51.83000183105469,394087,42.92774963378906
2022-08-29,51.54999923706055,52.04999923706055,51.279998779296875,52.02000045776367,417600,43.085113525390625
2022-08-30,51.720001220703125,51.9900016784668,51.5,51.88999938964844,514200,42.977439880371094
2022-08-31,51.0,53.099998474121094,51.0,53.099998474121094,6024162,43.979610443115234
2022-09-01,52.79999923706055,54.599998474121094,52.56999969482422,54.34000015258789,1131700,45.006629943847656
2022-09-02,52.7400016784668,55.08000183105469,52.5,54.630001068115234,598500,45.2468147277832
2022-09-05,54.0,54.40999984741211,53.7400016784668,53.95000076293945,289300,44.68361282348633
2022-09-06,54.220001220703125,55.0,54.0,54.7599983215332,224500,45.354488372802734
2022-09-07,54.779998779296875,55.5,54.630001068115234,54.900001525878906,393200,45.4704475402832
2022-09-08,54.599998474121094,55.18000030517578,54.38999938964844,54.59000015258789,295800,45.21369171142578
2022-09-09,54.68000030517578,55.939998626708984,54.68000030517578,55.61000061035156,370100,46.05849838256836
2022-09-12,55.0,55.65999984741211,54.779998779296875,54.9900016784668,272300,45.54499053955078
2022-09-13,54.900001525878906,55.349998474121094,54.380001068115234,54.380001068115234,397600,45.03976821899414
2022-09-14,54.20000076293945,54.650001525878906,53.349998474121094,54.060001373291016,471900,44.774723052978516
2022-09-15,54.36000061035156,56.810001373291016,53.9900016784668,56.810001373291016,674061,47.05239486694336
2022-09-16,56.61000061035156,57.79999923706055,55.560001373291016,56.29999923706055,2471500,46.62998580932617
2022-09-19,56.959999084472656,56.9900016784668,55.56999969482422,56.29999923706055,209300,46.62998580932617
2022-09-20,55.70000076293945,56.790000915527344,55.560001373291016,56.41999816894531,353700,46.7293701171875
2022-09-21,56.349998474121094,56.97999954223633,55.970001220703125,56.84000015258789,380400,47.07723617553711
2022-09-22,56.0,57.0,56.0,57.0,327600,47.209754943847656
2022-09-23,56.0099983215332,56.38999938964844,55.40999984741211,55.45000076293945,185600,45.92597961425781
2022-09-26,54.9900016784668,55.5,53.220001220703125,53.349998474121094,458400,44.18667221069336
2022-09-27,53.439998626708984,53.720001220703125,52.560001373291016,53.43000030517578,328900,44.252933502197266
2022-09-28,52.790000915527344,53.380001068115234,52.58000183105469,52.68000030517578,298000,43.63174819946289
2022-09-29,52.5,52.70000076293945,51.5,51.5,299500,42.6544189453125
2022-09-30,50.75,51.56999969482422,50.459999084472656,50.63999938964844,618500,41.942138671875
2022-10-03,51.290000915527344,53.66999816894531,50.72999954223633,52.599998474121094,525200,43.565486907958984
2022-10-04,52.849998474121094,53.099998474121094,52.29999923706055,52.83000183105469,266300,43.755985260009766
2022-10-05,52.93000030517578,53.439998626708984,52.75,52.93000030517578,200500,43.83881378173828
2022-10-06,52.720001220703125,53.43000030517578,52.150001525878906,52.70000076293945,202400,43.648319244384766
2022-10-07,53.0099983215332,53.7400016784668,52.2400016784668,52.400001525878906,206800,43.39984893798828
2022-10-10,52.38999938964844,52.650001525878906,51.68000030517578,52.099998474121094,129100,43.151371002197266
2022-10-11,52.70000076293945,52.70000076293945,51.79999923706055,51.959999084472656,204900,43.03541946411133
2022-10-12,51.70000076293945,51.72999954223633,50.720001220703125,50.720001220703125,196200,42.00839614868164
2022-10-13,50.61000061035156,50.86000061035156,50.27000045776367,50.27000045776367,204900,41.63568878173828
2022-10-14,50.38999938964844,51.310001373291016,50.38999938964844,50.5,418400,41.82619094848633
2022-10-17,50.2400016784668,50.5,49.54999923706055,49.869998931884766,279500,41.30439376831055
2022-10-18,50.02000045776367,50.439998626708984,49.22999954223633,49.27000045776367,232700,40.80744934082031
2022-10-19,49.43000030517578,50.34000015258789,49.36000061035156,49.75,170700,41.20500564575195
2022-10-20,49.5,49.91999816894531,48.290000915527344,49.689998626708984,210364,41.155311584472656
2022-10-21,49.0099983215332,49.310001373291016,47.72999954223633,47.86000061035156,407800,39.63962936401367
2022-10-25,48.0,48.0,43.2400016784668,45.06999969482422,789700,37.32883071899414
2022-10-26,45.400001525878906,46.29999923706055,45.150001525878906,46.20000076293945,557800,38.264747619628906
2022-10-27,44.95000076293945,46.439998626708984,42.599998474121094,45.720001220703125,632100,37.867191314697266
2022-10-28,45.720001220703125,46.630001068115234,45.529998779296875,46.029998779296875,563300,38.12394714355469
2022-10-31,46.11000061035156,46.65999984741211,45.099998474121094,46.02000045776367,517500,38.115665435791016
2022-11-01,45.959999084472656,47.79999923706055,45.939998626708984,47.29999923706055,544500,39.17581558227539
2022-11-02,46.65999984741211,49.290000915527344,46.65999984741211,48.15999984741211,470800,39.88809585571289
2022-11-03,49.0,49.29999923706055,48.2400016784668,48.400001525878906,308300,40.086875915527344
2022-11-04,47.900001525878906,48.47999954223633,47.11000061035156,48.27000045776367,330400,39.97920227050781
2022-11-07,47.2599983215332,48.29999923706055,47.2599983215332,47.75,240400,39.548519134521484
2022-11-08,48.29999923706055,48.959999084472656,47.47999954223633,47.599998474121094,284700,39.424278259277344
2022-11-09,47.470001220703125,48.75,47.279998779296875,47.52000045776367,297400,39.3580207824707
2022-11-10,47.31999969482422,48.349998474121094,47.040000915527344,47.68000030517578,177500,39.490543365478516
2022-11-11,47.5,48.189998626708984,46.7400016784668,47.29999923706055,337700,39.17581558227539
2022-11-14,47.290000915527344,49.439998626708984,47.02000045776367,48.79999923706055,371200,40.41817092895508
2022-11-15,49.970001220703125,49.970001220703125,48.650001525878906,49.29999923706055,529100,40.83229446411133
2022-11-16,49.189998626708984,49.540000915527344,47.97999954223633,48.45000076293945,303700,40.12828826904297
2022-11-17,47.189998626708984,47.9900016784668,46.79999923706055,47.18000030517578,315000,39.076419830322266
2022-11-18,46.869998931884766,47.349998474121094,45.88999938964844,46.15999984741211,465500,38.23161697387695
2022-11-21,46.08000183105469,47.08000183105469,45.880001068115234,46.88999938964844,363400,38.83623504638672
2022-11-22,47.08000183105469,47.720001220703125,46.869998931884766,47.36000061035156,242700,39.225502014160156
2022-11-23,47.869998931884766,48.790000915527344,47.70000076293945,48.52000045776367,293600,40.1862678527832
2022-11-24,48.220001220703125,49.33000183105469,48.220001220703125,48.81999969482422,188500,40.43473815917969
2022-11-25,48.81999969482422,49.04999923706055,47.15999984741211,47.72999954223633,174400,39.531951904296875
2022-11-28,48.5,48.5099983215332,46.22999954223633,47.290000915527344,277100,39.16753005981445
2022-11-29,47.06999969482422,48.75,46.79999923706055,48.599998474121094,302100,40.252525329589844
2022-11-30,47.54999923706055,48.83000183105469,47.54999923706055,48.31999969482422,919900,40.0206184387207
2022-12-01,49.0,50.5,48.79999923706055,49.68000030517578,496622,41.147029876708984
2022-12-02,49.0099983215332,49.75,48.72999954223633,48.880001068115234,559800,40.484439849853516
2022-12-05,48.4900016784668,48.68000030517578,47.849998474121094,47.849998474121094,327600,39.631343841552734
2022-12-06,47.650001525878906,48.029998779296875,46.43000030517578,48.0099983215332,468600,39.76386642456055
2022-12-07,47.86000061035156,48.880001068115234,47.7599983215332,48.41999816894531,288500,40.10343551635742
2022-12-08,48.65999984741211,49.68000030517578,48.65999984741211,49.25,449900,40.79088592529297
2022-12-09,49.25,49.790000915527344,48.79999923706055,49.11000061035156,864700,40.674930572509766
2022-12-12,49.220001220703125,49.68000030517578,48.52000045776367,48.81999969482422,644900,40.43473815917969
2022-12-13,49.75,51.279998779296875,49.279998779296875,50.34000015258789,534600,41.693668365478516
2022-12-14,51.0,52.099998474121094,50.79999923706055,51.470001220703125,517900,42.62957763671875
2022-12-15,51.900001525878906,51.900001525878906,50.90999984741211,51.400001525878906,295800,42.57160186767578
2022-12-16,50.65999984741211,50.959999084472656,50.02000045776367,50.220001220703125,439000,41.594276428222656
2022-12-19,50.209999084472656,50.560001373291016,49.95000076293945,50.400001525878906,205000,41.74336242675781
2022-12-20,50.599998474121094,51.20000076293945,50.279998779296875,51.13999938964844,297800,42.356258392333984
2022-12-21,50.9900016784668,51.70000076293945,50.9900016784668,51.119998931884766,156500,42.33969497680664
2022-12-22,50.5,51.130001068115234,50.279998779296875,50.58000183105469,155500,41.89244079589844
2022-12-23,50.70000076293945,51.13999938964844,50.25,50.709999084472656,105000,42.00011444091797
2022-12-27,49.79999923706055,51.2400016784668,49.79999923706055,51.20000076293945,82900,42.40595626831055
2022-12-28,51.290000915527344,51.70000076293945,50.790000915527344,50.93000030517578,179900,42.18233108520508
2022-12-29,49.810001373291016,50.709999084472656,49.810001373291016,50.47999954223633,102600,41.80962371826172
2022-12-30,50.29999923706055,51.290000915527344,50.22999954223633,50.900001525878906,107300,42.1574821472168
2023-01-03,50.540000915527344,50.97999954223633,50.060001373291016,50.060001373291016,92100,41.46176528930664
2023-01-04,50.34000015258789,51.31999969482422,50.06999969482422,50.959999084472656,175200,42.20717239379883
2023-01-05,51.0,53.66999816894531,50.7400016784668,53.0,527300,43.89678955078125
2023-01-06,52.70000076293945,53.900001525878906,52.70000076293945,53.18000030517578,247000,44.045875549316406
2023-01-09,53.25,53.970001220703125,52.54999923706055,52.83000183105469,157300,43.755985260009766
2023-01-10,52.0,52.59000015258789,50.86000061035156,51.0,545800,42.24030303955078
2023-01-11,50.5,50.70000076293945,50.029998779296875,50.349998474121094,269700,41.70195007324219
2023-01-12,50.70000076293945,50.720001220703125,49.77000045776367,49.970001220703125,221100,41.38722229003906
2023-01-13,50.0,50.97999954223633,49.970001220703125,50.189998626708984,242400,41.569427490234375
2023-01-16,50.619998931884766,50.619998931884766,50.150001525878906,50.54999923706055,241500,41.867591857910156
2023-01-17,50.75,50.880001068115234,50.47999954223633,50.72999954223633,107600,42.01668167114258
2023-01-18,50.849998474121094,51.720001220703125,50.52000045776367,51.45000076293945,247800,42.61301803588867
2023-01-19,51.0,52.209999084472656,51.0,51.88999938964844,169500,42.977439880371094
2023-01-20,52.0099983215332,52.70000076293945,51.90999984741211,52.400001525878906,291600,43.39984893798828
2023-01-25,52.41999816894531,53.459999084472656,52.41999816894531,53.029998779296875,306200,43.921634674072266
2023-01-26,53.5,53.77000045776367,53.2400016784668,53.77000045776367,372207,44.53453063964844
2023-01-27,54.310001373291016,54.88999938964844,53.810001373291016,54.310001373291016,269600,44.98178482055664
2023-01-30,54.4900016784668,54.5,53.5,53.86000061035156,279300,44.60907745361328
2023-01-31,53.20000076293945,53.779998779296875,52.68000030517578,53.02000045776367,344200,43.913352966308594
2023-02-01,53.790000915527344,54.349998474121094,53.0,53.9900016784668,206400,44.71675109863281
2023-02-02,53.20000076293945,54.150001525878906,53.20000076293945,54.060001373291016,161400,44.774723052978516
2023-02-03,54.25,54.279998779296875,52.66999816894531,54.20000076293945,331800,44.89067840576172
2023-02-06,54.380001068115234,54.790000915527344,53.56999969482422,53.90999984741211,282800,44.650482177734375
2023-02-07,53.61000061035156,54.20000076293945,52.959999084472656,53.2400016784668,177200,44.09556579589844
2023-02-08,51.22999954223633,53.22999954223633,51.22999954223633,52.91999816894531,218100,43.830528259277344
2023-02-09,52.29999923706055,53.04999923706055,51.79999923706055,51.81999969482422,174100,42.919464111328125
2023-02-10,51.81999969482422,52.52000045776367,51.599998474121094,52.20000076293945,146200,43.23419189453125
2023-02-13,52.400001525878906,52.650001525878906,51.619998931884766,51.939998626708984,82400,43.01885223388672
2023-02-14,52.369998931884766,52.369998931884766,51.45000076293945,51.45000076293945,112400,42.61301803588867
2023-02-15,51.70000076293945,51.70000076293945,51.06999969482422,51.34000015258789,172300,42.52190399169922
2023-02-16,51.65999984741211,52.11000061035156,51.400001525878906,51.849998474121094,165900,42.94430923461914
2023-02-17,51.70000076293945,51.9900016784668,51.41999816894531,51.52000045776367,315900,42.670989990234375
2023-02-20,51.400001525878906,51.689998626708984,50.79999923706055,50.849998474121094,134500,42.11606979370117
2023-02-21,50.849998474121094,50.900001525878906,50.310001373291016,50.540000915527344,215500,41.859317779541016
2023-02-22,50.54999923706055,50.56999969482422,50.02000045776367,50.029998779296875,148200,41.43690872192383
2023-02-23,49.88999938964844,50.29999923706055,49.5099983215332,49.54999923706055,322300,41.03935623168945
2023-02-24,49.45000076293945,49.9900016784668,49.2400016784668,49.599998474121094,199900,41.08076858520508
2023-02-27,49.86000061035156,50.20000076293945,49.45000076293945,49.779998779296875,202300,41.22985076904297
2023-02-28,49.869998931884766,50.27000045776367,49.5,49.52000045776367,472100,41.014503479003906
2023-03-01,50.189998626708984,50.38999938964844,49.75,50.04999923706055,222900,41.45347213745117
2023-03-02,49.790000915527344,50.290000915527344,49.38999938964844,49.880001068115234,405000,41.31267166137695
2023-03-03,49.75,51.22999954223633,49.59000015258789,50.779998779296875,668100,42.0580940246582
2023-03-06,50.779998779296875,51.06999969482422,50.0099983215332,50.81999969482422,383000,42.091224670410156
2023-03-07,50.439998626708984,50.66999816894531,49.81999969482422,50.29999923706055,333100,41.6605339050293
2023-03-08,50.5,50.790000915527344,49.40999984741211,50.0,535100,41.41206359863281
2023-03-09,49.88999938964844,50.560001373291016,49.560001373291016,49.90999984741211,182100,41.337520599365234
2023-03-10,49.90999984741211,49.90999984741211,48.279998779296875,48.630001068115234,339500,40.277374267578125
2023-03-13,48.52000045776367,48.52000045776367,47.529998779296875,47.88999938964844,171300,39.66447067260742
2023-03-14,47.79999923706055,48.4900016784668,47.599998474121094,47.7400016784668,480300,39.54023742675781
2023-03-15,48.040000915527344,48.7599983215332,47.9900016784668,48.619998931884766,151500,40.26909637451172
2023-03-16,47.5,47.86000061035156,46.709999084472656,47.599998474121094,403900,40.765811920166016
2023-03-17,49.0099983215332,49.0099983215332,47.189998626708984,47.369998931884766,617877,40.56884002685547
2023-03-20,47.16999816894531,47.47999954223633,46.189998626708984,46.33000183105469,215100,39.678157806396484
2023-03-21,46.79999923706055,47.29999923706055,46.52000045776367,46.66999816894531,152900,39.969337463378906
2023-03-22,47.0,47.790000915527344,46.88999938964844,47.59000015258789,149082,40.75725173950195
2023-03-23,47.04999923706055,47.869998931884766,47.04999923706055,47.650001525878906,340000,40.80864334106445
2023-03-24,47.25,47.900001525878906,47.25,47.65999984741211,150200,40.81719970703125
2023-03-27,48.47999954223633,48.779998779296875,47.77000045776367,48.16999816894531,152900,41.25397872924805
2023-03-28,48.400001525878906,48.66999816894531,48.0099983215332,48.279998779296875,134100,41.348182678222656
2023-03-29,48.150001525878906,48.790000915527344,48.119998931884766,48.540000915527344,116700,41.57086181640625
2023-03-30,48.08000183105469,48.849998474121094,47.630001068115234,48.52000045776367,598600,41.553733825683594
2023-03-31,48.2400016784668,49.27000045776367,48.2400016784668,48.56999969482422,344400,41.59654998779297
2023-04-03,48.779998779296875,49.400001525878906,48.70000076293945,48.900001525878906,221200,41.879173278808594
2023-04-04,49.0,49.290000915527344,48.709999084472656,48.88999938964844,274800,41.87060546875
2023-04-05,48.459999084472656,49.70000076293945,48.459999084472656,49.279998779296875,306500,42.204612731933594
2023-04-06,49.29999923706055,49.29999923706055,48.220001220703125,48.7400016784668,206700,41.74214553833008
2023-04-10,49.0,49.08000183105469,48.2400016784668,48.779998779296875,60100,41.776397705078125
2023-04-11,48.810001373291016,48.810001373291016,48.22999954223633,48.459999084472656,212800,41.502342224121094
2023-04-12,48.93000030517578,49.619998931884766,48.619998931884766,48.790000915527344,361200,41.78496170043945
2023-04-13,48.93000030517578,49.25,48.47999954223633,49.20000076293945,190900,42.1360969543457
2023-04-14,49.709999084472656,49.81999969482422,49.16999816894531,49.209999084472656,110700,42.144657135009766
2023-04-17,49.790000915527344,49.790000915527344,48.93000030517578,49.63999938964844,133700,42.51292037963867
2023-04-18,49.18000030517578,49.72999954223633,49.02000045776367,49.349998474121094,219800,42.264556884765625
2023-04-19,49.0,49.4900016784668,48.560001373291016,49.150001525878906,163500,42.09328079223633
2023-04-20,48.91999816894531,49.31999969482422,48.79999923706055,49.040000915527344,341200,41.99906539916992
2023-04-21,49.0,49.470001220703125,48.79999923706055,49.439998626708984,181700,42.341636657714844
2023-04-24,49.439998626708984,50.08000183105469,49.290000915527344,49.619998931884766,295700,42.495792388916016
2023-04-25,49.369998931884766,49.5,48.650001525878906,48.720001220703125,164000,41.72501754760742
2023-04-26,48.45000076293945,49.0099983215332,47.900001525878906,48.619998931884766,302800,41.639373779296875
2023-04-27,48.16999816894531,49.09000015258789,48.06999969482422,48.470001220703125,159500,41.510902404785156
2023-04-28,48.70000076293945,48.9900016784668,48.119998931884766,48.20000076293945,457400,41.27967834472656
2023-05-02,48.810001373291016,49.220001220703125,48.310001373291016,48.97999954223633,237300,41.94768524169922
2023-05-03,48.70000076293945,49.130001068115234,48.459999084472656,49.130001068115234,195400,42.07615280151367
2023-05-04,48.84000015258789,49.06999969482422,48.25,48.63999938964844,91000,41.656494140625
2023-05-05,48.7599983215332,49.349998474121094,48.540000915527344,49.349998474121094,168400,42.264556884765625
2023-05-08,49.720001220703125,50.36000061035156,49.720001220703125,50.18000030517578,196900,42.97539138793945
2023-05-09,50.11000061035156,50.33000183105469,49.5,49.88999938964844,215600,42.72703170776367
2023-05-10,50.02000045776367,50.709999084472656,49.81999969482422,50.540000915527344,381500,43.28370666503906
2023-05-11,50.150001525878906,50.75,49.68000030517578,50.599998474121094,420200,43.335086822509766
2023-05-12,50.0,50.72999954223633,49.77000045776367,50.72999954223633,448700,43.44642639160156
2023-05-15,50.7400016784668,50.880001068115234,50.279998779296875,50.66999816894531,218100,43.395042419433594
2023-05-16,50.869998931884766,50.869998931884766,49.84000015258789,50.689998626708984,423400,43.41217041015625
2023-05-17,50.099998474121094,50.54999923706055,49.70000076293945,49.83000183105469,361800,42.6756477355957
2023-05-18,49.599998474121094,50.11000061035156,49.119998931884766,49.599998474121094,273200,42.478668212890625
2023-05-19,49.599998474121094,50.290000915527344,49.58000183105469,49.939998626708984,349200,42.76985168457031
2023-05-22,49.77000045776367,50.79999923706055,49.709999084472656,50.79999923706055,575300,43.50637435913086
2023-05-23,50.79999923706055,51.5,50.61000061035156,51.029998779296875,688700,43.70336151123047
2023-05-24,51.18000030517578,51.75,50.720001220703125,51.349998474121094,246600,43.97740936279297
2023-05-25,50.77000045776367,50.83000183105469,50.08000183105469,50.15999984741211,263100,42.9582633972168
2023-05-26,49.91999816894531,50.349998474121094,49.54999923706055,49.68000030517578,472700,42.547183990478516
2023-05-29,49.81999969482422,50.18000030517578,49.0,49.0,147800,41.964813232421875
2023-05-30,49.0,49.22999954223633,48.709999084472656,48.849998474121094,212500,41.836341857910156
2023-05-31,49.0099983215332,49.29999923706055,48.0099983215332,48.0099983215332,630700,41.11695098876953
2023-06-01,48.25,48.52000045776367,47.220001220703125,48.439998626708984,200800,41.48521041870117
2023-06-05,48.900001525878906,49.93000030517578,48.88999938964844,49.5,491000,42.39302444458008
2023-06-06,49.560001373291016,50.18000030517578,49.5,50.02000045776367,405800,42.83835983276367
2023-06-07,49.900001525878906,50.150001525878906,49.70000076293945,49.869998931884766,420100,42.709903717041016
2023-06-08,49.5,49.97999954223633,49.45000076293945,49.81999969482422,525800,42.66707992553711
2023-06-09,50.029998779296875,50.290000915527344,49.599998474121094,50.16999816894531,280000,42.966827392578125
2023-06-12,49.90999984741211,50.18000030517578,49.810001373291016,50.0,233100,42.82123565673828
2023-06-13,49.9900016784668,50.130001068115234,49.83000183105469,49.83000183105469,202900,42.6756477355957
2023-06-14,49.86000061035156,50.04999923706055,49.720001220703125,49.77000045776367,531900,42.62425994873047
2023-06-15,49.9900016784668,50.33000183105469,49.79999923706055,50.150001525878906,811200,42.94969940185547
2023-06-16,50.0,50.40999984741211,50.0,50.279998779296875,920100,43.06103515625
2023-06-19,50.459999084472656,51.150001525878906,50.279998779296875,50.86000061035156,162600,43.557762145996094
2023-06-20,50.86000061035156,50.869998931884766,50.08000183105469,50.18000030517578,174100,42.97539138793945
2023-06-21,49.849998474121094,50.709999084472656,49.849998474121094,50.5,247273,43.249454498291016
2023-06-22,50.72999954223633,50.97999954223633,50.63999938964844,50.880001068115234,101700,43.574893951416016
2023-06-23,50.849998474121094,51.040000915527344,50.290000915527344,50.45000076293945,144800,43.206626892089844
2023-06-26,50.529998779296875,51.290000915527344,50.310001373291016,51.09000015258789,126500,43.75474166870117
2023-06-27,50.880001068115234,52.349998474121094,50.880001068115234,52.349998474121094,328700,44.833831787109375
2023-06-28,52.4900016784668,52.56999969482422,51.209999084472656,51.720001220703125,251800,44.294288635253906
2023-06-30,51.599998474121094,52.34000015258789,50.650001525878906,50.650001525878906,477400,43.3779182434082
2023-07-03,51.45000076293945,51.45000076293945,49.88999938964844,49.88999938964844,191900,42.72703170776367
2023-07-04,50.0,50.0,49.400001525878906,49.470001220703125,113900,42.36733627319336
2023-07-05,49.310001373291016,49.7599983215332,48.90999984741211,49.13999938964844,140500,42.08470916748047
2023-07-06,49.5,49.56999969482422,48.56999969482422,48.70000076293945,168300,41.7078857421875
2023-07-07,48.619998931884766,49.369998931884766,48.61000061035156,49.189998626708984,245500,42.12752914428711
2023-07-10,49.130001068115234,49.29999923706055,48.720001220703125,48.959999084472656,201400,41.9305534362793
2023-07-11,49.150001525878906,49.349998474121094,49.0,49.290000915527344,176300,42.21317672729492
2023-07-12,49.2599983215332,49.47999954223633,49.099998474121094,49.380001068115234,181800,42.290252685546875
2023-07-13,49.52000045776367,49.959999084472656,49.380001068115234,49.84000015258789,104000,42.684207916259766
2023-07-14,50.13999938964844,50.33000183105469,49.810001373291016,50.0099983215332,106500,42.829795837402344
2023-07-17,49.90999984741211,50.27000045776367,49.880001068115234,50.2400016784668,77500,43.02677917480469
2023-07-18,49.83000183105469,50.4900016784668,49.83000183105469,50.25,99400,43.035343170166016
2023-07-19,50.18000030517578,50.43000030517578,50.029998779296875,50.060001373291016,104200,42.87262725830078
2023-07-20,50.02000045776367,50.09000015258789,49.58000183105469,49.68000030517578,160200,42.547183990478516
2023-07-21,49.779998779296875,49.779998779296875,49.029998779296875,49.400001525878906,194600,42.3073844909668
2023-07-24,49.29999923706055,49.29999923706055,48.70000076293945,48.939998626708984,221700,41.913429260253906
2023-07-25,49.02000045776367,49.31999969482422,48.849998474121094,49.209999084472656,147600,42.144657135009766
2023-07-26,49.70000076293945,49.880001068115234,49.25,49.400001525878906,175300,42.3073844909668
2023-07-27,49.20000076293945,49.56999969482422,48.81999969482422,49.18000030517578,243280,42.11896896362305
2023-07-28,49.79999923706055,49.970001220703125,49.2400016784668,49.650001525878906,233900,42.521480560302734
2023-07-31,49.849998474121094,50.060001373291016,49.380001068115234,49.380001068115234,336900,42.290252685546875
2023-08-01,49.18000030517578,49.36000061035156,47.880001068115234,48.400001525878906,415400,41.45095443725586
2023-08-02,48.29999923706055,48.529998779296875,48.0099983215332,48.279998779296875,198300,41.348182678222656
2023-08-03,48.08000183105469,48.34000015258789,47.5,47.5,232300,40.680171966552734
2023-08-04,47.79999923706055,47.849998474121094,46.88999938964844,46.88999938964844,250500,40.15775680541992
2023-08-07,47.0099983215332,47.5,47.0099983215332,47.41999816894531,133600,40.61166000366211
2023-08-08,47.5,47.79999923706055,47.209999084472656,47.75,190300,40.89427947998047
2023-08-10,47.70000076293945,48.220001220703125,47.54999923706055,48.040000915527344,355300,41.14264678955078
2023-08-11,48.0,48.2400016784668,47.7400016784668,47.93000030517578,261800,41.04844284057617
2023-08-14,47.70000076293945,47.77000045776367,46.91999816894531,46.91999816894531,231800,40.18344497680664
2023-08-15,47.0,47.290000915527344,46.790000915527344,46.790000915527344,72000,40.07211685180664
2023-08-16,46.5099983215332,46.5099983215332,46.02000045776367,46.220001220703125,269000,39.583953857421875
2023-08-17,45.5,45.88999938964844,45.209999084472656,45.599998474121094,334400,39.566593170166016
2023-08-18,45.560001373291016,45.560001373291016,44.900001525878906,45.209999084472656,200200,39.22820281982422
2023-08-21,45.209999084472656,45.22999954223633,44.72999954223633,44.72999954223633,316000,38.811710357666016
2023-08-22,45.18000030517578,45.619998931884766,44.79999923706055,45.47999954223633,217700,39.46247100830078
2023-08-23,45.0099983215332,45.650001525878906,45.0099983215332,45.54999923706055,93300,39.523216247558594
2023-08-24,45.720001220703125,46.22999954223633,45.630001068115234,46.029998779296875,149400,39.93970489501953
2023-08-25,46.119998931884766,46.45000076293945,46.11000061035156,46.45000076293945,93200,40.30413818359375
2023-08-28,46.40999984741211,47.880001068115234,46.400001525878906,47.790000915527344,259500,41.46683883666992
2023-08-29,47.099998474121094,47.75,46.91999816894531,47.470001220703125,166600,41.189178466796875
2023-08-30,47.5,47.869998931884766,47.220001220703125,47.31999969482422,151600,41.059024810791016
2023-08-31,47.290000915527344,47.880001068115234,47.20000076293945,47.560001373291016,492000,41.26727294921875
2023-09-04,47.130001068115234,47.810001373291016,47.130001068115234,47.45000076293945,236000,41.171817779541016
2023-09-05,47.29999923706055,47.689998626708984,47.189998626708984,47.36000061035156,84000,41.093727111816406
2023-09-06,47.970001220703125,48.13999938964844,47.47999954223633,47.709999084472656,111500,41.39741897583008
2023-09-07,47.93000030517578,47.93000030517578,47.41999816894531,47.91999816894531,180500,41.57963180541992
2023-09-08,47.650001525878906,47.869998931884766,47.470001220703125,47.650001525878906,70900,41.34536361694336
2023-09-11,47.47999954223633,47.709999084472656,46.849998474121094,46.959999084472656,197100,40.74665832519531
2023-09-12,47.189998626708984,47.25,46.7599983215332,46.81999969482422,112500,40.625179290771484
2023-09-13,46.65999984741211,47.0,46.599998474121094,46.63999938964844,182300,40.468994140625
2023-09-14,46.59000015258789,46.83000183105469,46.5099983215332,46.70000076293945,292200,40.52105712890625
2023-09-15,46.79999923706055,47.099998474121094,46.43000030517578,46.43000030517578,512500,40.286781311035156
2023-09-18,46.45000076293945,46.599998474121094,46.16999816894531,46.16999816894531,87700,40.061180114746094
2023-09-19,46.7599983215332,46.810001373291016,46.209999084472656,46.40999984741211,175400,40.26942443847656
2023-09-20,46.54999923706055,46.77000045776367,46.40999984741211,46.66999816894531,124200,40.49502182006836
2023-09-21,46.66999816894531,46.810001373291016,46.45000076293945,46.63999938964844,157700,40.468994140625
2023-09-22,46.599998474121094,46.959999084472656,46.400001525878906,46.900001525878906,141600,40.69459533691406
2023-09-25,46.52000045776367,46.970001220703125,46.41999816894531,46.58000183105469,66000,40.416934967041016
2023-09-26,46.52000045776367,47.15999984741211,46.52000045776367,46.84000015258789,102000,40.64253616333008
2023-09-27,46.2599983215332,46.75,46.09000015258789,46.65999984741211,156800,40.48634338378906
2023-09-28,46.790000915527344,47.380001068115234,46.54999923706055,47.08000183105469,160954,40.85077667236328
2023-09-29,47.18000030517578,47.86000061035156,46.41999816894531,46.41999816894531,265100,40.27810287475586
2023-10-02,46.40999984741211,46.790000915527344,46.27000045776367,46.58000183105469,72900,40.416934967041016
2023-10-03,46.58000183105469,46.70000076293945,46.029998779296875,46.029998779296875,255600,39.93970489501953
2023-10-04,46.029998779296875,46.290000915527344,45.130001068115234,45.33000183105469,149900,39.33231735229492
2023-10-05,45.5,45.900001525878906,45.060001373291016,45.06999969482422,141600,39.106719970703125
2023-10-06,45.150001525878906,45.7599983215332,44.849998474121094,45.459999084472656,189700,39.44511795043945
2023-10-09,45.459999084472656,45.79999923706055,45.22999954223633,45.22999954223633,72500,39.24555587768555
2023-10-10,45.45000076293945,45.630001068115234,45.209999084472656,45.22999954223633,112100,39.24555587768555
2023-10-11,44.31999969482422,44.599998474121094,42.810001373291016,42.91999816894531,589800,37.24119567871094
2023-10-12,43.29999923706055,44.15999984741211,43.29999923706055,44.15999984741211,244700,38.31712341308594
2023-10-13,43.70000076293945,44.119998931884766,43.70000076293945,43.7400016784668,296800,37.95269775390625
2023-10-16,43.560001373291016,43.58000183105469,42.81999969482422,42.880001068115234,334900,37.206485748291016
2023-10-17,43.0,43.27000045776367,42.29999923706055,42.36000061035156,279700,36.755287170410156
2023-10-18,42.29999923706055,42.5,41.81999969482422,41.86000061035156,354900,36.321449279785156
2023-10-19,41.45000076293945,41.70000076293945,40.59000015258789,40.900001525878906,318300,35.488460540771484
2023-10-20,40.619998931884766,41.04999923706055,40.400001525878906,40.459999084472656,222500,35.1066780090332
2023-10-23,40.189998626708984,40.79999923706055,40.099998474121094,40.119998931884766,152400,34.811668395996094
2023-10-24,40.40999984741211,40.79999923706055,40.290000915527344,40.349998474121094,354100,35.011234283447266
2023-10-25,40.5099983215332,40.7599983215332,40.0099983215332,40.25,265400,34.92446517944336
2023-10-26,40.15999984741211,40.790000915527344,40.09000015258789,40.209999084472656,427200,34.88975143432617
2023-10-27,40.25,40.779998779296875,39.58000183105469,39.7400016784668,274600,34.48194885253906
2023-10-30,39.459999084472656,39.91999816894531,38.65999984741211,39.81999969482422,128000,34.551361083984375
2023-10-31,40.5,40.849998474121094,39.869998931884766,40.45000076293945,464200,35.09800338745117
2023-11-01,40.31999969482422,40.84000015258789,40.220001220703125,40.369998931884766,113600,35.02858352661133
2023-11-02,40.529998779296875,41.70000076293945,40.2599983215332,40.97999954223633,227800,35.55787658691406
2023-11-03,40.599998474121094,41.38999938964844,40.599998474121094,40.91999816894531,186500,35.50580978393555
2023-11-06,41.22999954223633,41.45000076293945,40.31999969482422,41.34000015258789,555900,35.870243072509766
2023-11-07,41.2400016784668,41.75,41.04999923706055,41.34000015258789,376600,35.870243072509766
2023-11-08,41.29999923706055,41.29999923706055,40.720001220703125,41.16999816894531,351500,35.722740173339844
2023-11-09,40.31999969482422,40.81999969482422,39.529998779296875,40.31999969482422,703600,34.985198974609375
2023-11-10,40.130001068115234,40.91999816894531,39.86000061035156,39.970001220703125,255800,34.681514739990234
2023-11-14,40.04999923706055,40.66999816894531,40.04999923706055,40.400001525878906,351300,35.05461502075195
2023-11-15,40.66999816894531,41.16999816894531,40.45000076293945,41.02000045776367,427300,35.59258270263672
2023-11-16,41.20000076293945,41.36000061035156,40.36000061035156,41.20000076293945,389100,35.74877166748047
2023-11-17,41.349998474121094,41.349998474121094,39.70000076293945,39.79999923706055,516700,34.53400421142578
2023-11-20,39.810001373291016,40.290000915527344,39.13999938964844,39.91999816894531,148700,34.638126373291016
2023-11-21,40.20000076293945,40.59000015258789,40.04999923706055,40.540000915527344,212800,35.17609405517578
2023-11-22,40.66999816894531,40.77000045776367,40.279998779296875,40.439998626708984,136000,35.089324951171875
2023-11-23,40.279998779296875,40.86000061035156,40.20000076293945,40.599998474121094,285900,35.228153228759766
2023-11-24,40.41999816894531,40.900001525878906,40.13999938964844,40.22999954223633,169500,34.90711212158203
2023-11-27,40.27000045776367,40.4900016784668,40.029998779296875,40.189998626708984,228100,34.87240219116211
2023-11-28,40.380001068115234,40.88999938964844,40.040000915527344,40.06999969482422,259800,34.768280029296875
2023-11-29,40.08000183105469,40.20000076293945,39.459999084472656,39.459999084472656,303800,34.238990783691406
2023-11-30,40.20000076293945,40.20000076293945,38.369998931884766,38.61000061035156,875100,33.5014533996582
2023-12-01,38.650001525878906,39.58000183105469,38.5099983215332,39.58000183105469,1051100,34.343116760253906
2023-12-04,39.43000030517578,40.0,39.09000015258789,39.400001525878906,192500,34.18693161010742
2023-12-05,39.400001525878906,39.880001068115234,39.08000183105469,39.810001373291016,255700,34.54267883300781
2023-12-06,40.0,40.7599983215332,39.90999984741211,40.68000030517578,293400,35.29757308959961
2023-12-07,40.45000076293945,40.86000061035156,39.91999816894531,40.20000076293945,330800,34.881080627441406
2023-12-08,40.11000061035156,40.470001220703125,39.93000030517578,40.45000076293945,254000,35.09800338745117
2023-12-11,40.25,40.38999938964844,39.79999923706055,40.029998779296875,135900,34.73357391357422
2023-12-12,40.150001525878906,40.15999984741211,39.689998626708984,39.91999816894531,185600,34.638126373291016
2023-12-13,40.189998626708984,40.189998626708984,39.33000183105469,39.400001525878906,281200,34.18693161010742
2023-12-14,39.619998931884766,40.349998474121094,39.529998779296875,39.869998931884766,399500,34.5947380065918
2023-12-15,40.0099983215332,40.52000045776367,39.720001220703125,40.0,983600,34.707542419433594
2023-12-18,39.70000076293945,39.79999923706055,39.380001068115234,39.59000015258789,285000,34.35179138183594
2023-12-19,39.7599983215332,40.029998779296875,39.5,39.779998779296875,178400,34.51665115356445
2023-12-20,39.75,39.9900016784668,39.65999984741211,39.75,210200,34.49061965942383
2023-12-21,39.689998626708984,39.9900016784668,39.599998474121094,39.630001068115234,201400,34.38649368286133
2023-12-22,39.849998474121094,40.11000061035156,39.65999984741211,39.65999984741211,153257,34.41252899169922
2023-12-26,39.84000015258789,39.849998474121094,39.52000045776367,39.54999923706055,44800,34.31708526611328
2023-12-27,39.849998474121094,40.18000030517578,39.58000183105469,40.130001068115234,73200,34.820343017578125
2023-12-28,40.11000061035156,40.91999816894531,39.95000076293945,40.79999923706055,152500,35.40169906616211
2023-12-29,40.75,41.209999084472656,40.63999938964844,41.209999084472656,128000,35.7574462890625
2024-01-02,41.29999923706055,41.779998779296875,40.93000030517578,41.09000015258789,88000,35.653324127197266
2024-01-03,41.08000183105469,41.220001220703125,40.75,40.849998474121094,143200,35.445072174072266
2024-01-04,40.849998474121094,40.849998474121094,40.150001525878906,40.4900016784668,152000,35.13270950317383
2024-01-05,40.25,40.58000183105469,40.25,40.439998626708984,151000,35.089324951171875
2024-01-08,41.970001220703125,42.099998474121094,40.310001373291016,40.34000015258789,183900,35.0025520324707
2024-01-09,40.43000030517578,40.81999969482422,40.11000061035156,40.70000076293945,145800,35.31492614746094
2024-01-10,40.41999816894531,40.61000061035156,40.349998474121094,40.459999084472656,151200,35.1066780090332
2024-01-11,41.650001525878906,41.650001525878906,40.52000045776367,40.72999954223633,234500,35.3409538269043
2024-01-12,40.599998474121094,40.720001220703125,40.29999923706055,40.400001525878906,1255600,35.05461502075195
2024-01-15,40.33000183105469,40.56999969482422,40.18000030517578,40.27000045776367,1449200,34.94182586669922
2024-01-16,40.20000076293945,40.56999969482422,40.04999923706055,40.56999969482422,179200,35.202125549316406
2024-01-17,40.310001373291016,40.720001220703125,40.060001373291016,40.209999084472656,264000,34.88975143432617
2024-01-18,40.220001220703125,40.630001068115234,39.93000030517578,40.29999923706055,326200,34.96784973144531
2024-01-19,40.45000076293945,41.099998474121094,40.45000076293945,40.66999816894531,295000,35.28889465332031
2024-01-22,40.68000030517578,40.900001525878906,40.43000030517578,40.599998474121094,203700,35.228153228759766
2024-01-23,40.75,41.130001068115234,39.38999938964844,40.0,473200,34.707542419433594
2024-01-24,40.150001525878906,40.869998931884766,39.81999969482422,40.650001525878906,282500,35.27154541015625
2024-01-25,41.63999938964844,41.63999938964844,40.400001525878906,40.650001525878906,463100,35.27154541015625
2024-01-26,41.11000061035156,41.45000076293945,40.709999084472656,41.310001373291016,231400,35.84421920776367
2024-01-29,41.119998931884766,41.13999938964844,40.18000030517578,40.45000076293945,314900,35.09800338745117
2024-01-30,41.0099983215332,41.279998779296875,40.529998779296875,41.11000061035156,253700,35.67067337036133
2024-01-31,40.029998779296875,40.810001373291016,40.029998779296875,40.29999923706055,423700,34.96784973144531
2024-02-01,40.09000015258789,40.9900016784668,39.84000015258789,40.779998779296875,282700,35.38433837890625
2024-02-02,40.72999954223633,41.099998474121094,40.47999954223633,40.7599983215332,212300,35.36698532104492
2024-02-05,40.54999923706055,41.88999938964844,40.40999984741211,41.68000030517578,237900,36.165260314941406
2024-02-06,41.880001068115234,42.380001068115234,41.400001525878906,42.279998779296875,221700,36.68587112426758
2024-02-07,42.279998779296875,42.68000030517578,42.15999984741211,42.43000030517578,144100,36.81602478027344
2024-02-08,42.63999938964844,43.27000045776367,42.349998474121094,42.70000076293945,133500,37.0503044128418
2024-02-09,42.68000030517578,42.95000076293945,42.029998779296875,42.5,81200,36.87676239013672
2024-02-13,43.279998779296875,43.43000030517578,41.779998779296875,42.41999816894531,228200,36.807350158691406
2024-02-14,42.20000076293945,42.310001373291016,41.83000183105469,42.040000915527344,155600,36.47762680053711
2024-02-15,41.7400016784668,42.099998474121094,40.900001525878906,40.90999984741211,435800,35.49714279174805
2024-02-16,41.060001373291016,41.75,41.060001373291016,41.31999969482422,235300,35.8528938293457
2024-02-19,41.47999954223633,41.59000015258789,41.20000076293945,41.279998779296875,111200,35.818180084228516
2024-02-20,41.29999923706055,42.220001220703125,41.2400016784668,42.04999923706055,233700,36.486305236816406
2024-02-21,42.31999969482422,43.869998931884766,42.29999923706055,43.72999954223633,227000,37.94401931762695
2024-02-22,43.68000030517578,43.900001525878906,42.43000030517578,42.900001525878906,170800,37.223838806152344
2024-02-23,42.900001525878906,42.900001525878906,41.560001373291016,41.61000061035156,142700,36.10451889038086
2024-02-26,41.709999084472656,41.95000076293945,41.22999954223633,41.95000076293945,132300,36.399532318115234
2024-02-27,41.15999984741211,41.900001525878906,40.9900016784668,41.0099983215332,235600,35.58390808105469
2024-02-28,41.0,42.279998779296875,40.7599983215332,41.54999923706055,265300,36.05245590209961
2024-02-29,41.81999969482422,42.029998779296875,41.400001525878906,41.90999984741211,363000,36.36482620239258
2024-03-01,42.209999084472656,42.209999084472656,40.4900016784668,40.4900016784668,338700,35.13270950317383
2024-03-04,40.0,40.349998474121094,39.310001373291016,39.59000015258789,362800,34.35179138183594
2024-03-05,39.33000183105469,40.0099983215332,39.099998474121094,39.099998474121094,341600,33.92661666870117
2024-03-06,39.84000015258789,40.36000061035156,39.380001068115234,39.560001373291016,312400,34.32576370239258
2024-03-07,39.630001068115234,39.779998779296875,38.91999816894531,39.130001068115234,392500,33.95265579223633
2024-03-08,39.70000076293945,39.86000061035156,39.099998474121094,39.11000061035156,388800,33.935298919677734
2024-03-11,39.31999969482422,39.38999938964844,38.709999084472656,39.08000183105469,202518,33.909271240234375
2024-03-12,39.5,41.040000915527344,39.5,40.84000015258789,340900,35.4364013671875
2024-03-13,39.18000030517578,40.349998474121094,39.18000030517578,39.959999084472656,355200,34.67283630371094
2024-03-14,39.959999084472656,39.9900016784668,39.380001068115234,39.380001068115234,511700,34.169578552246094
2024-03-15,39.310001373291016,40.08000183105469,39.18000030517578,39.790000915527344,838744,34.525325775146484
2024-03-18,39.70000076293945,39.869998931884766,39.41999816894531,39.4900016784668,128600,34.265018463134766
2024-03-19,39.310001373291016,39.599998474121094,38.90999984741211,39.2599983215332,501200,34.06544876098633
2024-03-20,39.27000045776367,39.34000015258789,38.75,38.75,262400,33.62293243408203
2024-03-21,37.5,37.58000183105469,37.099998474121094,37.47999954223633,317300,33.96731948852539
2024-03-22,37.400001525878906,37.65999984741211,37.18000030517578,37.400001525878906,316900,33.89481735229492
2024-03-25,37.310001373291016,37.58000183105469,37.099998474121094,37.13999938964844,184988,33.659183502197266
2024-03-26,37.20000076293945,37.310001373291016,37.029998779296875,37.130001068115234,297000,33.65011978149414
2024-03-27,37.02000045776367,37.16999816894531,36.380001068115234,36.900001525878906,271400,33.44167709350586
2024-03-28,37.0,37.41999816894531,36.900001525878906,37.29999923706055,700300,33.8041877746582
2024-04-01,37.38999938964844,37.599998474121094,37.279998779296875,37.47999954223633,85400,33.96731948852539
2024-04-02,37.099998474121094,37.400001525878906,37.029998779296875,37.06999969482422,341800,33.59574508666992
2024-04-03,36.9900016784668,37.060001373291016,36.41999816894531,36.66999816894531,310100,33.23322677612305
2024-04-04,36.810001373291016,36.869998931884766,36.36000061035156,36.4900016784668,193200,33.07010269165039
2024-04-05,36.5,37.220001220703125,36.400001525878906,37.130001068115234,286400,33.65011978149414
2024-04-08,36.83000183105469,37.119998931884766,36.47999954223633,36.4900016784668,197300,33.07010269165039
2024-04-09,36.790000915527344,37.779998779296875,36.790000915527344,37.09000015258789,468700,33.613868713378906
2024-04-11,37.0,37.0099983215332,36.220001220703125,36.43000030517578,708600,33.01572799682617
2024-04-12,36.36000061035156,36.5,36.209999084472656,36.45000076293945,329000,33.033851623535156
2024-04-15,36.11000061035156,36.470001220703125,35.95000076293945,36.220001220703125,387500,32.825408935546875
2024-04-16,35.75,35.869998931884766,34.91999816894531,34.97999954223633,376500,31.70162010192871
2024-04-17,35.349998474121094,35.869998931884766,35.0,35.77000045776367,425300,32.417579650878906
2024-04-18,35.70000076293945,36.95000076293945,35.459999084472656,36.900001525878906,520700,33.44167709350586
2024-04-19,37.099998474121094,37.25,36.290000915527344,36.790000915527344,509200,33.341983795166016
2024-04-22,36.79999923706055,37.54999923706055,36.689998626708984,37.41999816894531,173300,33.912940979003906
2024-04-23,37.75,38.5099983215332,37.25,37.90999984741211,365900,34.357017517089844
2024-04-24,37.90999984741211,38.220001220703125,37.650001525878906,38.15999984741211,179511,34.583587646484375
2024-04-25,37.560001373291016,38.15999984741211,37.369998931884766,38.0,186300,34.43858337402344
2024-04-26,37.5,38.25,37.45000076293945,38.060001373291016,237700,34.49296188354492
2024-04-29,37.310001373291016,38.4900016784668,37.310001373291016,38.189998626708984,209100,34.610774993896484
2024-04-30,38.25,38.650001525878906,38.11000061035156,38.369998931884766,375100,34.773902893066406
2024-05-02,38.25,38.599998474121094,37.810001373291016,38.52000045776367,265300,34.909847259521484
2024-05-03,38.70000076293945,39.58000183105469,38.70000076293945,39.290000915527344,368900,35.60768508911133
2024-05-06,39.400001525878906,39.79999923706055,39.0099983215332,39.650001525878906,129300,35.93394470214844
2024-05-07,39.5,40.0,39.5,39.84000015258789,293100,36.106136322021484
2024-05-08,40.02000045776367,40.47999954223633,39.849998474121094,39.939998626708984,387700,36.19676208496094
2024-05-09,39.849998474121094,40.2400016784668,39.849998474121094,39.959999084472656,386500,36.21488952636719
2024-05-10,40.0,40.47999954223633,40.0,40.43000030517578,229500,36.64084243774414
2024-05-13,40.689998626708984,41.08000183105469,40.38999938964844,40.95000076293945,225000,37.11210632324219
2024-05-14,39.65999984741211,40.790000915527344,39.65999984741211,40.459999084472656,263100,36.66802978515625
2024-05-15,40.45000076293945,40.45000076293945,38.869998931884766,39.06999969482422,309200,35.40829849243164
2024-05-16,39.130001068115234,39.779998779296875,39.119998931884766,39.380001068115234,229700,35.68925476074219
2024-05-17,39.54999923706055,39.560001373291016,38.97999954223633,39.34000015258789,128439,35.65299606323242
2024-05-20,39.58000183105469,40.20000076293945,39.40999984741211,39.810001373291016,124700,36.078948974609375
2024-05-21,39.939998626708984,40.0,38.939998626708984,39.11000061035156,121700,35.444557189941406
2024-05-23,38.36000061035156,38.86000061035156,38.36000061035156,38.45000076293945,279500,34.84640884399414
2024-05-24,38.150001525878906,38.66999816894531,38.0,38.20000076293945,161400,34.61983871459961
2024-05-27,38.04999923706055,38.38999938964844,37.88999938964844,38.06999969482422,154600,34.50202178955078
2024-05-28,38.22999954223633,38.560001373291016,37.79999923706055,38.2400016784668,113200,34.65609359741211
2024-05-29,37.77000045776367,38.0099983215332,37.33000183105469,37.4900016784668,181600,33.97637939453125
2024-05-30,37.099998474121094,37.290000915527344,36.75,36.939998626708984,220400,33.477928161621094
2024-05-31,36.709999084472656,37.29999923706055,36.52000045776367,36.79999923706055,923000,33.35104751586914
2024-06-03,37.099998474121094,38.060001373291016,37.0099983215332,37.95000076293945,255400,34.393272399902344
2024-06-04,37.75,38.900001525878906,37.68000030517578,38.540000915527344,343800,34.927974700927734
2024-06-05,38.47999954223633,38.79999923706055,37.68000030517578,38.0,306600,34.43858337402344
2024-06-06,37.75,38.119998931884766,37.66999816894531,37.939998626708984,185900,34.38420486450195
2024-06-07,38.099998474121094,38.2400016784668,37.880001068115234,37.880001068115234,167400,34.329830169677734
2024-06-10,37.75,37.88999938964844,37.459999084472656,37.52000045776367,102600,34.003570556640625
2024-06-11,37.56999969482422,37.56999969482422,36.61000061035156,36.83000183105469,282100,33.378238677978516
2024-06-12,36.95000076293945,37.0,36.369998931884766,36.81999969482422,265700,33.369171142578125
2024-06-13,36.880001068115234,37.290000915527344,36.75,37.040000915527344,152800,33.56855773925781
2024-06-14,37.220001220703125,37.31999969482422,36.65999984741211,36.65999984741211,184700,33.22416687011719
2024-06-18,36.43000030517578,36.75,35.099998474121094,36.59000015258789,290200,33.160728454589844
2024-06-19,36.45000076293945,36.939998626708984,36.40999984741211,36.43000030517578,159100,33.01572799682617
2024-06-20,36.709999084472656,37.16999816894531,36.349998474121094,36.79999923706055,386200,33.35104751586914
2024-06-21,36.9900016784668,37.38999938964844,36.689998626708984,37.029998779296875,951400,33.559486389160156
2024-06-24,37.0,37.18000030517578,36.56999969482422,36.7599983215332,248351,33.31479263305664
2024-06-25,36.619998931884766,36.83000183105469,36.060001373291016,36.119998931884766,323400,32.73477554321289
2024-06-26,36.36000061035156,36.439998626708984,36.13999938964844,36.20000076293945,145100,32.807281494140625
2024-06-27,36.060001373291016,36.16999816894531,35.369998931884766,35.369998931884766,335200,32.05506896972656
2024-06-28,35.41999816894531,35.54999923706055,35.20000076293945,35.380001068115234,385300,32.06413650512695
2024-07-01,35.47999954223633,35.560001373291016,35.20000076293945,35.439998626708984,173900,32.11850357055664
2024-07-02,35.29999923706055,35.439998626708984,33.720001220703125,34.290000915527344,572900,31.076292037963867
2024-07-03,34.720001220703125,34.939998626708984,34.54999923706055,34.86000061035156,257800,31.592866897583008
2024-07-04,34.880001068115234,35.400001525878906,34.880001068115234,35.310001373291016,120600,32.000694274902344
2024-07-05,35.189998626708984,35.349998474121094,34.93000030517578,35.0099983215332,173700,31.72880744934082
2024-07-08,35.0,35.20000076293945,34.849998474121094,35.040000915527344,248600,31.755998611450195
2024-07-09,35.25,35.560001373291016,35.099998474121094,35.54999923706055,238800,32.218196868896484
2024-07-10,35.529998779296875,35.70000076293945,35.400001525878906,35.54999923706055,129400,32.218196868896484
2024-07-11,35.650001525878906,35.900001525878906,35.45000076293945,35.709999084472656,258700,32.36320495605469
2024-07-12,35.40999984741211,36.47999954223633,35.40999984741211,36.15999984741211,261100,32.77103042602539
2024-07-15,36.380001068115234,36.380001068115234,35.86000061035156,35.95000076293945,160300,32.580711364746094
2024-07-16,36.0,36.619998931884766,36.0,36.25,219500,32.852596282958984
2024-07-17,36.0,36.83000183105469,36.0,36.810001373291016,215000,33.36011505126953
2024-07-18,36.880001068115234,36.880001068115234,35.880001068115234,36.040000915527344,314500,32.66227722167969
2024-07-19,35.9900016784668,36.18000030517578,35.04999923706055,35.900001525878906,394600,32.535400390625
2024-07-22,35.790000915527344,35.900001525878906,35.36000061035156,35.689998626708984,67100,32.34507751464844
2024-07-23,35.97999954223633,36.20000076293945,35.849998474121094,36.0,165300,32.62602615356445
2024-07-24,35.90999984741211,36.18000030517578,35.83000183105469,35.83000183105469,90300,32.47195816040039
2024-07-25,35.720001220703125,36.15999984741211,35.720001220703125,35.970001220703125,142900,32.598838806152344
2024-07-26,35.97999954223633,36.619998931884766,35.97999954223633,36.349998474121094,178500,32.94321823120117
2024-07-29,36.25,36.43000030517578,36.13999938964844,36.2400016784668,82300,32.84353256225586
2024-07-30,36.08000183105469,36.290000915527344,35.43000030517578,35.5,151700,32.172882080078125
2024-07-31,35.79999923706055,35.79999923706055,35.04999923706055,35.20000076293945,280600,31.9010066986084
2024-08-01,35.41999816894531,35.689998626708984,34.93000030517578,35.189998626708984,154400,31.891939163208008
2024-08-02,34.79999923706055,34.84000015258789,33.93000030517578,34.45000076293945,264500,31.221294403076172
2024-08-05,34.470001220703125,36.040000915527344,34.400001525878906,35.20000076293945,430900,31.9010066986084
2024-08-06,35.65999984741211,35.790000915527344,34.650001525878906,34.650001525878906,269600,31.402551651000977
2024-08-07,34.939998626708984,36.08000183105469,34.91999816894531,35.52000045776367,259800,32.191009521484375
2024-08-08,35.540000915527344,35.81999969482422,35.349998474121094,35.599998474121094,327200,32.263511657714844
2024-08-12,35.79999923706055,36.209999084472656,35.459999084472656,36.18000030517578,118500,32.789154052734375
2024-08-13,36.0,36.97999954223633,36.0,36.810001373291016,261700,33.36011505126953
2024-08-14,36.54999923706055,36.959999084472656,36.54999923706055,36.7599983215332,231000,33.31479263305664
2024-08-15,36.779998779296875,37.52000045776367,36.779998779296875,37.060001373291016,199800,33.5866813659668
2024-08-16,37.220001220703125,37.79999923706055,36.619998931884766,36.650001525878906,295000,33.21510696411133
2024-08-19,36.650001525878906,37.77000045776367,36.650001525878906,37.459999084472656,272100,33.949188232421875
2024-08-20,37.459999084472656,37.56999969482422,36.75,36.900001525878906,420100,33.44167709350586
2024-08-21,36.81999969482422,37.36000061035156,36.75,37.31999969482422,265600,33.82231140136719
2024-08-22,36.119998931884766,36.95000076293945,36.11000061035156,36.79999923706055,181500,33.895999908447266
2024-08-23,36.68000030517578,36.9900016784668,36.56999969482422,36.650001525878906,154000,33.75783920288086
2024-08-26,36.70000076293945,37.56999969482422,36.70000076293945,37.22999954223633,195600,34.29206848144531
2024-08-27,36.560001373291016,37.099998474121094,36.45000076293945,36.54999923706055,337000,33.66572952270508
2024-08-28,36.599998474121094,37.040000915527344,36.40999984741211,36.70000076293945,190600,33.80389404296875
2024-08-29,36.84000015258789,36.84000015258789,36.27000045776367,36.31999969482422,212400,33.45387649536133
2024-08-30,36.2599983215332,36.72999954223633,36.040000915527344,36.040000915527344,639100,33.19597625732422
2024-09-02,36.13999938964844,36.29999923706055,35.9900016784668,36.119998931884766,122700,33.269657135009766
2024-09-03,36.349998474121094,36.369998931884766,35.939998626708984,36.349998474121094,188900,33.481510162353516
2024-09-04,35.880001068115234,36.08000183105469,35.099998474121094,35.099998474121094,414600,32.33015441894531
2024-09-05,35.279998779296875,36.25,35.20000076293945,35.75,348400,32.928855895996094
2024-09-06,35.63999938964844,35.810001373291016,35.29999923706055,35.709999084472656,213000,32.89201354980469
2024-09-09,35.689998626708984,37.25,35.36000061035156,36.97999954223633,313900,34.06179428100586
2024-09-10,36.400001525878906,36.65999984741211,36.119998931884766,36.18000030517578,379600,33.324928283691406
2024-09-11,36.599998474121094,36.599998474121094,36.11000061035156,36.150001525878906,219000,33.29729461669922
2024-09-12,36.02000045776367,36.79999923706055,36.02000045776367,36.70000076293945,162600,33.80389404296875
2024-09-13,37.0,37.08000183105469,36.20000076293945,36.33000183105469,122400,33.46309280395508
2024-09-16,36.33000183105469,36.970001220703125,36.33000183105469,36.91999816894531,119500,34.006526947021484
2024-09-17,36.31999969482422,38.220001220703125,36.31999969482422,37.83000183105469,359300,34.844722747802734
2024-09-18,37.83000183105469,38.27000045776367,37.70000076293945,37.720001220703125,45300,34.74340057373047
2024-09-19,37.970001220703125,38.0,37.58000183105469,37.9900016784668,124900,34.992095947265625
2024-09-20,37.77000045776367,38.220001220703125,37.5,37.5,439678,34.5407600402832
2024-09-23,37.220001220703125,37.61000061035156,37.15999984741211,37.45000076293945,92800,34.49470520019531
2024-09-24,37.33000183105469,38.54999923706055,37.33000183105469,37.75,261800,34.77103042602539
2024-09-25,38.279998779296875,38.279998779296875,37.400001525878906,37.400001525878906,324100,34.44865417480469
2024-09-26,37.54999923706055,37.75,37.22999954223633,37.54999923706055,318800,34.58681106567383
2024-09-27,38.0,38.720001220703125,38.0,38.45000076293945,349600,35.41579055786133
2024-09-30,38.599998474121094,39.45000076293945,38.599998474121094,39.060001373291016,596700,35.977657318115234
2024-10-01,39.68000030517578,40.290000915527344,39.2599983215332,40.15999984741211,400400,36.990848541259766
2024-10-02,40.279998779296875,40.41999816894531,39.75,40.189998626708984,377700,37.01848602294922
2024-10-03,40.209999084472656,40.61000061035156,39.63999938964844,39.709999084472656,165500,36.57636260986328
2024-10-04,39.43000030517578,40.34000015258789,39.43000030517578,40.09000015258789,143190,36.9263801574707
2024-10-07,40.0,40.09000015258789,39.400001525878906,39.70000076293945,252400,36.56715393066406
2024-10-08,39.5,40.41999816894531,38.380001068115234,38.380001068115234,449900,35.351318359375
2024-10-09,38.5099983215332,39.20000076293945,38.2400016784668,38.61000061035156,263700,35.563167572021484
2024-10-10,38.709999084472656,39.25,38.61000061035156,39.099998474121094,148400,36.01449966430664
2024-10-11,39.2400016784668,39.29999923706055,38.38999938964844,38.40999984741211,316100,35.37895202636719
2024-10-14,38.40999984741211,38.439998626708984,37.79999923706055,37.86000061035156,188900,34.872352600097656
2024-10-15,37.560001373291016,37.65999984741211,36.91999816894531,36.959999084472656,539500,34.043373107910156
2024-10-16,37.099998474121094,37.63999938964844,36.93000030517578,37.400001525878906,258000,34.44865417480469
2024-10-17,37.720001220703125,38.0,37.36000061035156,37.689998626708984,169700,34.71576690673828
2024-10-18,37.900001525878906,37.900001525878906,37.34000015258789,37.599998474121094,105300,34.632869720458984
2024-10-21,37.689998626708984,37.83000183105469,37.439998626708984,37.58000183105469,110100,34.61445236206055
2024-10-22,37.18000030517578,37.70000076293945,37.029998779296875,37.33000183105469,193600,34.384178161621094
2024-10-23,37.099998474121094,37.790000915527344,37.099998474121094,37.779998779296875,112000,34.798667907714844
2024-10-24,37.86000061035156,38.0,37.72999954223633,37.83000183105469,136100,34.844722747802734
2024-10-25,36.25,37.369998931884766,36.25,37.04999923706055,201200,34.12626647949219
2024-10-28,37.779998779296875,37.779998779296875,37.150001525878906,37.150001525878906,126600,34.218379974365234
2024-10-29,37.04999923706055,37.27000045776367,36.619998931884766,36.619998931884766,261200,33.730201721191406
2024-10-30,36.70000076293945,38.70000076293945,36.70000076293945,38.5,864000,35.46184539794922
2024-11-01,37.650001525878906,38.880001068115234,37.650001525878906,38.880001068115234,351000,35.81186294555664
2024-11-04,39.0,39.2400016784668,38.720001220703125,39.09000015258789,181600,36.00529098510742
2024-11-05,39.38999938964844,40.65999984741211,39.0099983215332,40.65999984741211,404200,37.451393127441406
2024-11-06,40.599998474121094,41.099998474121094,40.08000183105469,41.099998474121094,447800,37.85667419433594
2024-11-07,41.11000061035156,41.599998474121094,41.099998474121094,41.36000061035156,337200,38.096153259277344
2024-11-08,41.0,41.290000915527344,40.400001525878906,40.810001373291016,208400,37.589561462402344
2024-11-11,40.59000015258789,40.63999938964844,40.099998474121094,40.349998474121094,169400,37.165855407714844
2024-11-12,40.630001068115234,41.18000030517578,40.380001068115234,41.150001525878906,332300,37.90272903442383
2024-11-13,40.86000061035156,40.90999984741211,40.209999084472656,40.54999923706055,123600,37.350074768066406
2024-11-14,41.369998931884766,41.369998931884766,40.77000045776367,41.040000915527344,238700,37.80140686035156
2024-11-15,41.5,42.4900016784668,41.31999969482422,42.08000183105469,322000,38.75934600830078
2024-11-18,42.27000045776367,42.290000915527344,41.849998474121094,42.290000915527344,226300,38.9527702331543
2024-11-19,42.29999923706055,43.2599983215332,42.150001525878906,43.150001525878906,270600,39.74490737915039
2024-11-20,42.9900016784668,43.38999938964844,42.900001525878906,43.290000915527344,260000,39.87385559082031
2024-11-21,42.54999923706055,43.2400016784668,42.54999923706055,43.060001373291016,177400,39.66200256347656
2024-11-22,43.0099983215332,43.47999954223633,42.810001373291016,43.18000030517578,153900,39.77253723144531
2024-11-25,43.0,43.7400016784668,42.38999938964844,43.7400016784668,737800,40.28834533691406
2024-11-26,43.02000045776367,43.540000915527344,42.84000015258789,43.400001525878906,570178,39.97517776489258
2024-11-27,43.130001068115234,43.599998474121094,43.08000183105469,43.25,262800,39.837013244628906
2024-11-28,43.54999923706055,43.72999954223633,43.27000045776367,43.72999954223633,345600,40.27913284301758
2024-11-29,43.52000045776367,43.779998779296875,43.459999084472656,43.65999984741211,333000,40.214656829833984
2024-12-02,43.54999923706055,44.029998779296875,43.54999923706055,43.86000061035156,181400,40.39887619018555
2024-12-03,44.189998626708984,44.869998931884766,44.04999923706055,44.45000076293945,628000,40.94231414794922
2024-12-04,44.689998626708984,45.099998474121094,44.400001525878906,45.0,650300,41.44891357421875
2024-12-05,44.150001525878906,45.560001373291016,44.150001525878906,45.4900016784668,449800,41.90024948120117
2024-12-06,45.290000915527344,46.43000030517578,45.290000915527344,46.060001373291016,342600,42.42526626586914
2024-12-09,45.93000030517578,45.93000030517578,44.279998779296875,44.47999954223633,201341,40.969947814941406
2024-12-10,44.560001373291016,45.29999923706055,44.560001373291016,44.720001220703125,101500,41.191009521484375
2024-12-11,44.02000045776367,44.459999084472656,43.61000061035156,43.709999084472656,260800,40.260711669921875
2024-12-12,43.709999084472656,44.70000076293945,43.709999084472656,44.45000076293945,162600,40.94231414794922
2024-12-13,43.900001525878906,44.20000076293945,43.290000915527344,43.290000915527344,221700,39.87385559082031
2024-12-16,43.29999923706055,43.36000061035156,42.099998474121094,42.209999084472656,299800,38.87908172607422
2024-12-17,41.86000061035156,41.86000061035156,40.90999984741211,41.369998931884766,393000,38.10536575317383
2024-12-18,41.58000183105469,41.779998779296875,41.20000076293945,41.400001525878906,188800,38.13300323486328
2024-12-19,40.5,41.400001525878906,40.5,41.189998626708984,191200,37.939571380615234
2024-12-20,41.150001525878906,41.150001525878906,40.22999954223633,40.22999954223633,438000,37.055328369140625
2024-12-23,41.13999938964844,41.310001373291016,40.59000015258789,41.290000915527344,71800,38.031681060791016
2024-12-24,41.43000030517578,41.439998626708984,41.08000183105469,41.349998474121094,37000,38.086944580078125
2024-12-26,41.0,41.5099983215332,40.5099983215332,40.65999984741211,46900,37.451393127441406
2024-12-27,40.959999084472656,41.47999954223633,40.88999938964844,41.43000030517578,92900,38.1606330871582
2024-12-30,41.40999984741211,41.83000183105469,41.380001068115234,41.83000183105469,135800,38.52907180786133
2024-12-31,41.529998779296875,41.75,40.970001220703125,40.970001220703125,72600,37.736934661865234
2025-01-02,41.15999984741211,41.7599983215332,40.97999954223633,41.709999084472656,119700,38.41853713989258
2025-01-03,41.7599983215332,41.7599983215332,40.95000076293945,40.97999954223633,91200,37.74614334106445
2025-01-06,41.279998779296875,41.279998779296875,40.68000030517578,40.939998626708984,78100,37.70930099487305
2025-01-07,40.869998931884766,41.119998931884766,40.31999969482422,40.43000030517578,105300,37.23954391479492
2025-01-08,40.31999969482422,40.779998779296875,40.290000915527344,40.77000045776367,99700,37.55271530151367
2025-01-09,40.58000183105469,40.7599983215332,40.22999954223633,40.2599983215332,317400,37.08295440673828
2025-01-10,40.0,40.20000076293945,40.0,40.15999984741211,64000,36.990848541259766
2025-01-13,40.0099983215332,40.25,39.86000061035156,40.25,197800,37.07374954223633
2025-01-14,39.95000076293945,40.40999984741211,39.90999984741211,40.33000183105469,121500,37.147438049316406
2025-01-15,40.0,40.56999969482422,39.95000076293945,40.5099983215332,264600,37.313228607177734
2025-01-16,40.79999923706055,40.79999923706055,40.0099983215332,40.08000183105469,139800,36.91716766357422
2025-01-17,40.09000015258789,40.66999816894531,40.09000015258789,40.5099983215332,144100,37.313228607177734
2025-01-20,40.58000183105469,40.779998779296875,40.5099983215332,40.650001525878906,69100,37.44218826293945
2025-01-21,40.599998474121094,41.0099983215332,40.59000015258789,40.84000015258789,89700,37.617191314697266
2025-01-22,40.61000061035156,41.20000076293945,40.61000061035156,41.0099983215332,183600,37.77377700805664
2025-01-23,41.029998779296875,41.279998779296875,40.77000045776367,41.060001373291016,203400,37.81983184814453
2025-01-24,40.9900016784668,41.029998779296875,40.13999938964844,40.45000076293945,88600,37.25796890258789
2025-01-27,40.279998779296875,40.59000015258789,40.130001068115234,40.2400016784668,50500,37.06454086303711
2025-01-28,40.4900016784668,40.59000015258789,40.209999084472656,40.33000183105469,56900,37.147438049316406
2025-01-31,40.47999954223633,40.47999954223633,40.209999084472656,40.349998474121094,165800,37.165855407714844
2025-02-03,40.0,40.2400016784668,39.52000045776367,39.52000045776367,141300,36.4013557434082
2025-02-04,39.599998474121094,39.95000076293945,39.349998474121094,39.79999923706055,136300,36.65925979614258
2025-02-05,40.0,40.0,39.20000076293945,39.22999954223633,204200,36.134239196777344
2025-02-06,39.220001220703125,39.70000076293945,39.220001220703125,39.41999816894531,118700,36.30924606323242
2025-02-07,39.16999816894531,39.27000045776367,38.849998474121094,38.869998931884766,113800,35.802650451660156
2025-02-10,38.849998474121094,38.90999984741211,38.540000915527344,38.75,147900,35.69211959838867
2025-02-11,39.04999923706055,39.099998474121094,38.709999084472656,38.869998931884766,196700,35.802650451660156
2025-02-12,39.0,39.189998626708984,38.880001068115234,39.189998626708984,148500,36.09739685058594
2025-02-13,38.95000076293945,39.5,38.95000076293945,39.5,211200,36.3829345703125
2025-02-14,39.790000915527344,39.790000915527344,39.099998474121094,39.4900016784668,194300,36.37372970581055
2025-02-17,39.75,40.5,39.5,40.5,129498,37.30402374267578
2025-02-18,40.70000076293945,41.130001068115234,40.189998626708984,40.97999954223633,246300,37.74614334106445
2025-02-19,41.13999938964844,41.33000183105469,40.689998626708984,40.849998474121094,108400,37.626399993896484
2025-02-20,40.630001068115234,42.08000183105469,40.43000030517578,41.4900016784668,327800,38.21589660644531
2025-02-21,41.02000045776367,43.59000015258789,41.02000045776367,41.79999923706055,485400,38.50143814086914
2025-02-24,41.61000061035156,42.58000183105469,41.0,41.0,210900,37.764564514160156
2025-02-25,41.849998474121094,41.849998474121094,40.060001373291016,40.060001373291016,280400,36.898738861083984
2025-02-26,39.790000915527344,40.79999923706055,39.779998779296875,40.22999954223633,134100,37.055328369140625
2025-02-27,40.939998626708984,40.939998626708984,40.189998626708984,40.61000061035156,183900,37.40534210205078
2025-02-28,40.79999923706055,40.81999969482422,39.88999938964844,39.88999938964844,467500,36.74216079711914
2025-03-03,39.880001068115234,40.40999984741211,39.880001068115234,40.31999969482422,356500,37.13822937011719
2025-03-04,40.599998474121094,40.599998474121094,39.81999969482422,39.95000076293945,123400,36.79742431640625
2025-03-05,39.95000076293945,40.099998474121094,39.04999923706055,39.90999984741211,303700,36.76057815551758
2025-03-06,39.689998626708984,39.970001220703125,39.310001373291016,39.72999954223633,273900,36.59477996826172
2025-03-07,39.439998626708984,39.97999954223633,39.439998626708984,39.5,263300,36.3829345703125
2025-03-10,39.779998779296875,39.880001068115234,39.47999954223633,39.70000076293945,342500,36.56715393066406
2025-03-11,39.5,41.119998931884766,39.41999816894531,41.04999923706055,564700,37.81061935424805
2025-03-12,41.0,42.41999816894531,40.599998474121094,42.11000061035156,506000,38.78697204589844
2025-03-13,42.540000915527344,43.459999084472656,42.11000061035156,43.459999084472656,512600,40.03043746948242
2025-03-14,43.459999084472656,43.4900016784668,42.880001068115234,43.060001373291016,330500,39.66200256347656
2025-03-17,43.36000061035156,43.630001068115234,42.880001068115234,43.33000183105469,387057,39.910701751708984
2025-03-18,43.529998779296875,43.54999923706055,42.81999969482422,43.369998931884766,306000,39.94753646850586
2025-03-19,43.900001525878906,43.95000076293945,43.54999923706055,43.849998474121094,164300,40.3896598815918
2025-03-20,42.97999954223633,43.0,42.25,42.81999969482422,238800,40.98306655883789
2025-03-21,42.81999969482422,43.04999923706055,42.0,42.2400016784668,374600,40.42795181274414
2025-03-24,42.790000915527344,43.08000183105469,42.16999816894531,42.97999954223633,147800,41.136199951171875
2025-03-25,42.720001220703125,43.34000015258789,42.20000076293945,42.40999984741211,136400,40.59065628051758
2025-03-26,42.29999923706055,42.63999938964844,41.720001220703125,41.97999954223633,145600,40.179100036621094
2025-03-27,41.68000030517578,42.7400016784668,41.400001525878906,42.7400016784668,239000,40.90650177001953
2025-03-28,43.0099983215332,43.0099983215332,42.02000045776367,42.36000061035156,281100,40.54280090332031
2025-04-01,42.5,43.9900016784668,42.5,43.47999954223633,366400,41.61475372314453
2025-04-02,43.18000030517578,43.41999816894531,42.099998474121094,42.810001373291016,150500,40.97349548339844
2025-04-03,42.54999923706055,42.790000915527344,42.13999938964844,42.70000076293945,146500,40.86821746826172
2025-04-04,42.33000183105469,42.79999923706055,41.540000915527344,41.959999084472656,160100,40.15995788574219
2025-04-07,40.0,40.5099983215332,38.540000915527344,39.08000183105469,341200,37.40351104736328
2025-04-08,37.880001068115234,38.25,37.20000076293945,37.619998931884766,645700,36.006141662597656
2025-04-09,36.869998931884766,36.869998931884766,36.0099983215332,36.68000030517578,518400,35.106468200683594
2025-04-10,38.34000015258789,39.869998931884766,38.040000915527344,39.869998931884766,251200,38.15961837768555
2025-04-11,39.20000076293945,39.56999969482422,38.91999816894531,39.45000076293945,125500,37.75763702392578
2025-04-14,39.45000076293945,39.779998779296875,39.150001525878906,39.66999816894531,172300,37.968196868896484
2025-04-15,39.45000076293945,39.68000030517578,38.689998626708984,39.630001068115234,199000,37.92991256713867
2025-04-16,39.779998779296875,40.220001220703125,39.400001525878906,39.70000076293945,139300,37.99691390991211
2025-04-17,42.0,42.0,40.400001525878906,41.060001373291016,121800,39.2985725402832
2025-04-21,42.15999984741211,42.65999984741211,41.47999954223633,42.279998779296875,130200,40.46623229980469
2025-04-22,42.58000183105469,42.720001220703125,41.83000183105469,42.47999954223633,203800,40.657649993896484
2025-04-23,42.0,42.290000915527344,41.4900016784668,41.529998779296875,326000,39.74840545654297
2025-04-24,42.41999816894531,42.779998779296875,41.599998474121094,41.97999954223633,584700,40.179100036621094
2025-04-25,43.0,45.31999969482422,42.970001220703125,44.400001525878906,383500,42.49528884887695
2025-04-28,44.560001373291016,44.65999984741211,43.779998779296875,44.29999923706055,142300,42.399574279785156
2025-04-29,44.599998474121094,45.7599983215332,44.599998474121094,45.349998474121094,299400,43.4045295715332
2025-04-30,44.65999984741211,44.849998474121094,44.119998931884766,44.459999084472656,309800,42.552711486816406
2025-05-02,44.31999969482422,46.220001220703125,44.31999969482422,46.20000076293945,441800,44.21806716918945
2025-05-05,46.22999954223633,46.810001373291016,46.04999923706055,46.810001373291016,267400,44.801902770996094
2025-05-06,47.5,47.599998474121094,46.70000076293945,46.79999923706055,226100,44.792327880859375
2025-05-07,47.400001525878906,49.790000915527344,47.20000076293945,48.599998474121094,501400,46.51511001586914
2025-05-08,49.0,49.0,46.130001068115234,47.2400016784668,290000,45.21345520019531
2025-05-09,46.939998626708984,47.61000061035156,45.90999984741211,46.4900016784668,244100,44.495628356933594
2025-05-13,48.810001373291016,49.220001220703125,47.029998779296875,48.150001525878906,421000,46.084415435791016
2025-05-14,48.0,49.290000915527344,47.90999984741211,48.130001068115234,292700,46.06527328491211
2025-05-15,47.029998779296875,47.439998626708984,46.25,47.439998626708984,197000,45.40487289428711
2025-05-16,48.189998626708984,48.189998626708984,46.43000030517578,46.7400016784668,155500,44.73490524291992
2025-05-19,46.619998931884766,47.869998931884766,46.20000076293945,47.33000183105469,139800,45.29959487915039
2025-05-20,47.630001068115234,47.93000030517578,46.619998931884766,47.34000015258789,216500,45.30916213989258
2025-05-21,46.77000045776367,47.279998779296875,46.209999084472656,46.459999084472656,230000,44.466915130615234
2025-05-22,45.41999816894531,45.599998474121094,44.630001068115234,44.959999084472656,470100,43.0312614440918
2025-05-23,44.540000915527344,44.93000030517578,44.34000015258789,45.029998779296875,414800,43.09825897216797
2025-05-26,45.45000076293945,46.0,45.400001525878906,45.88999938964844,124600,43.921363830566406
2025-05-27,46.0,46.0,45.0,45.209999084472656,230700,43.27053451538086
2025-05-28,44.619998931884766,44.84000015258789,44.060001373291016,44.599998474121094,303800,42.68670654296875
2025-05-29,44.41999816894531,45.599998474121094,44.29999923706055,45.599998474121094,305700,43.64380645751953
2025-05-30,45.5,45.52000045776367,44.29999923706055,44.5,1796880,42.59099578857422
2025-06-02,44.599998474121094,44.599998474121094,43.5,43.5099983215332,504108,41.64346694946289
2025-06-03,43.79999923706055,44.599998474121094,43.52000045776367,44.470001220703125,488700,42.56228256225586
2025-06-04,44.810001373291016,45.43000030517578,43.45000076293945,43.45000076293945,546500,41.586036682128906
2025-06-05,43.400001525878906,43.900001525878906,43.040000915527344,43.83000183105469,391500,41.949737548828125
2025-06-06,43.79999923706055,44.029998779296875,43.45000076293945,43.939998626708984,118100,42.05501937866211
2025-06-09,43.93000030517578,44.099998474121094,43.650001525878906,43.84000015258789,130800,41.95930862426758
2025-06-10,44.119998931884766,44.45000076293945,43.68000030517578,43.880001068115234,511100,41.99759292602539
2025-06-11,43.7599983215332,43.93000030517578,43.52000045776367,43.790000915527344,173800,41.91145706176758
2025-06-12,44.0,44.75,43.97999954223633,44.63999938964844,160100,42.7249870300293
2025-06-13,46.869998931884766,46.869998931884766,44.5,45.439998626708984,265900,43.49066925048828
2025-06-16,45.400001525878906,46.119998931884766,44.70000076293945,45.95000076293945,242900,43.97879409790039
2025-06-17,45.95000076293945,46.33000183105469,45.84000015258789,46.2599983215332,118200,44.27549362182617
2025-06-18,45.79999923706055,46.16999816894531,45.70000076293945,45.83000183105469,211600,43.86394500732422
2025-06-19,46.0,46.52000045776367,45.81999969482422,46.2599983215332,165600,44.27549362182617
2025-06-20,46.47999954223633,46.79999923706055,46.0099983215332,46.18000030517578,502800,44.19892883300781
2025-06-23,45.79999923706055,45.79999923706055,44.959999084472656,45.290000915527344,120400,43.347110748291016
2025-06-24,45.86000061035156,46.56999969482422,45.810001373291016,46.349998474121094,228900,44.36163330078125
2025-06-25,46.88999938964844,47.47999954223633,46.83000183105469,47.040000915527344,262000,45.02203369140625
2025-06-26,47.099998474121094,48.11000061035156,46.810001373291016,48.11000061035156,380800,46.04612731933594
2025-06-27,48.29999923706055,48.68000030517578,47.529998779296875,47.81999969482422,301300,45.76857376098633
2025-06-30,48.0,48.720001220703125,47.81999969482422,48.060001373291016,387000,45.99827575683594
2025-07-01,48.29999923706055,49.290000915527344,48.29999923706055,49.150001525878906,229000,47.0415153503418
2025-07-02,48.849998474121094,49.66999816894531,48.650001525878906,49.58000183105469,209400,47.45307159423828
2025-07-03,49.86000061035156,50.630001068115234,49.630001068115234,50.09000015258789,212400,47.94118881225586
2025-07-04,50.369998931884766,50.689998626708984,49.150001525878906,49.36000061035156,115400,47.24250793457031
2025-07-07,49.41999816894531,49.599998474121094,49.18000030517578,49.4900016784668,132300,47.3669319152832
2025-07-08,49.5,49.70000076293945,48.900001525878906,49.040000915527344,292400,46.93623352050781
2025-07-09,49.119998931884766,49.619998931884766,49.08000183105469,49.5,246100,47.37649917602539
2025-07-10,49.619998931884766,49.66999816894531,49.02000045776367,49.349998474121094,201400,47.23293685913086
2025-07-11,49.0,49.439998626708984,48.93000030517578,49.0,259300,46.89794921875
2025-07-14,48.9900016784668,49.59000015258789,48.810001373291016,49.529998779296875,106000,47.40521240234375
2025-07-15,50.5,52.15999984741211,50.5,51.45000076293945,293900,49.24284744262695
2025-07-16,52.25,53.75,52.0,53.45000076293945,234500,51.15705108642578
2025-07-17,54.0,54.59000015258789,52.720001220703125,52.9900016784668,293800,50.7167854309082
2025-07-18,52.9900016784668,54.08000183105469,52.97999954223633,53.65999984741211,283500,51.3580436706543
2025-07-21,54.79999923706055,54.79999923706055,53.380001068115234,53.90999984741211,176300,51.59731674194336
2025-07-22,54.20000076293945,55.5,54.20000076293945,55.2599983215332,296800,52.889400482177734
2025-07-23,56.0099983215332,56.97999954223633,54.959999084472656,55.33000183105469,434500,52.95640182495117
2025-07-24,55.33000183105469,56.709999084472656,55.06999969482422,56.29999923706055,314800,53.884788513183594
2025-07-25,56.0,56.54999923706055,55.810001373291016,56.459999084472656,180700,54.037925720214844
2025-07-28,56.0,56.4900016784668,55.31999969482422,55.31999969482422,206900,52.94682693481445
2025-07-29,55.45000076293945,57.13999938964844,55.40999984741211,56.540000915527344,345200,54.11449432373047
2025-07-30,56.0,57.13999938964844,55.7599983215332,56.900001525878906,414800,54.459049224853516
2025-07-31,56.5,56.5,54.529998779296875,54.529998779296875,471200,52.19071578979492
2025-08-01,55.31999969482422,56.93000030517578,54.70000076293945,55.97999954223633,408600,53.578514099121094
2025-08-04,55.970001220703125,57.779998779296875,55.02000045776367,57.31999969482422,263300,54.86103057861328
2025-08-05,57.599998474121094,57.61000061035156,56.5099983215332,56.68000030517578,148400,54.24848937988281
2025-08-06,56.279998779296875,57.380001068115234,56.279998779296875,56.880001068115234,158700,54.439910888671875
2025-08-07,57.0,57.88999938964844,56.83000183105469,57.2599983215332,153200,54.80360412597656
2025-08-08,56.86000061035156,57.47999954223633,56.040000915527344,56.16999816894531,183800,53.7603645324707
2025-08-11,56.290000915527344,56.83000183105469,55.779998779296875,55.790000915527344,141300,53.39666748046875
2025-08-12,56.0099983215332,56.47999954223633,55.52000045776367,55.619998931884766,178900,53.23395919799805
2025-08-13,55.29999923706055,57.43000030517578,55.29999923706055,57.369998931884766,203600,54.90888595581055
2025-08-14,57.5,58.95000076293945,57.08000183105469,58.5099983215332,307300,55.99998092651367
2025-08-15,58.209999084472656,58.59000015258789,57.70000076293945,58.59000015258789,173012,56.0765495300293
2025-08-18,58.25,58.38999938964844,57.02000045776367,57.02000045776367,241600,54.57390213012695
2025-08-19,57.900001525878906,59.59000015258789,57.7599983215332,59.43000030517578,195300,56.880516052246094
2025-08-20,58.4900016784668,59.380001068115234,57.900001525878906,58.150001525878906,212900,55.655426025390625
2025-08-21,57.900001525878906,58.09000015258789,57.029998779296875,57.380001068115234,426100,55.491024017333984
2025-08-22,57.099998474121094,57.61000061035156,56.93000030517578,57.59000015258789,139400,55.69410705566406
2025-08-25,57.88999938964844,57.88999938964844,56.63999938964844,57.09000015258789,224300,55.2105712890625
2025-08-26,57.38999938964844,58.2400016784668,57.040000915527344,57.95000076293945,578000,56.042259216308594
2025-08-27,57.95000076293945,60.599998474121094,57.95000076293945,59.84000015258789,526600,57.87004089355469
2025-08-28,59.84000015258789,60.599998474121094,58.939998626708984,59.529998779296875,154200,57.57024383544922
2025-08-29,59.529998779296875,61.349998474121094,59.529998779296875,60.59000015258789,773100,58.5953483581543
2025-09-01,60.0,60.54999923706055,59.54999923706055,60.5,300700,58.5083122253418
2025-09-02,59.5,60.0099983215332,59.20000076293945,59.91999816894531,181300,57.94740295410156
2025-09-03,59.619998931884766,60.650001525878906,59.619998931884766,60.5,259100,58.5083122253418
2025-09-04,60.29999923706055,60.599998474121094,59.900001525878906,60.54999923706055,396800,58.55666732788086
2025-09-05,60.25,60.54999923706055,59.63999938964844,59.9900016784668,376900,58.01510238647461
2025-09-08,59.970001220703125,60.13999938964844,59.619998931884766,59.970001220703125,183600,57.99576187133789
2025-09-09,59.560001373291016,59.97999954223633,59.0099983215332,59.150001525878906,206500,57.202754974365234
2025-09-10,59.20000076293945,59.58000183105469,58.630001068115234,58.869998931884766,175100,56.93197250366211
2025-09-11,58.869998931884766,60.5,58.86000061035156,60.5,167900,58.5083122253418
2025-09-12,62.310001373291016,63.0,60.97999954223633,61.40999984741211,594200,59.38835144042969
2025-09-15,61.709999084472656,61.959999084472656,60.689998626708984,61.02000045776367,196100,59.011192321777344
2025-09-16,60.630001068115234,60.9900016784668,59.91999816894531,60.810001373291016,164400,58.808109283447266
2025-09-17,60.779998779296875,60.779998779296875,59.689998626708984,59.689998626708984,169600,57.7249755859375
2025-09-18,59.58000183105469,60.45000076293945,59.40999984741211,59.630001068115234,240500,57.66695022583008
2025-09-19,59.5,61.5,59.4900016784668,60.54999923706055,1568500,58.55666732788086
2025-09-22,60.81999969482422,63.88999938964844,60.540000915527344,63.4900016784668,204550,61.399879455566406
2025-09-23,63.470001220703125,63.470001220703125,62.08000183105469,62.81999969482422,270200,60.75193786621094
2025-09-24,62.81999969482422,62.849998474121094,61.97999954223633,62.47999954223633,221400,60.423126220703125
2025-09-25,62.0,62.77000045776367,61.79999923706055,61.95000076293945,383600,59.910579681396484
2025-09-26,61.52000045776367,62.5,61.52000045776367,62.0,237500,59.95893096923828
2025-09-29,61.720001220703125,62.349998474121094,61.560001373291016,61.880001068115234,179500,59.8428840637207
2025-09-30,62.79999923706055,63.060001373291016,62.209999084472656,63.0,604600,60.92601013183594
2025-10-01,62.95000076293945,64.29000091552734,62.70000076293945,63.68000030517578,249200,61.583621978759766
2025-10-02,63.439998626708984,64.80000305175781,63.380001068115234,64.5,249100,62.37662887573242
2025-10-03,64.62999725341797,64.66999816894531,63.959999084472656,64.66999816894531,487700,62.54103088378906
2025-10-06,64.63999938964844,65.0,64.27999877929688,64.5999984741211,92200,62.47333526611328
2025-10-07,64.43000030517578,64.83000183105469,64.05000305175781,64.55000305175781,171900,62.42498779296875
2025-10-08,64.0199966430664,64.29000091552734,63.11000061035156,63.29999923706055,350000,61.21613311767578
2025-10-09,63.0,63.58000183105469,62.5099983215332,62.75,252600,60.68423843383789
2025-10-10,62.0,63.0,61.9900016784668,62.689998626708984,205600,60.626216888427734
2025-10-13,61.529998779296875,61.81999969482422,60.650001525878906,60.900001525878906,153500,58.8951416015625
2025-10-14,61.0,61.900001525878906,60.22999954223633,60.439998626708984,208200,58.45028305053711
2025-10-15,60.470001220703125,61.34000015258789,59.95000076293945,60.599998474121094,321400,58.605018615722656
2025-10-16,60.29999923706055,60.68000030517578,59.79999923706055,60.650001525878906,262400,58.653377532958984
2025-10-17,60.38999938964844,61.29999923706055,60.220001220703125,61.130001068115234,308400,59.11756896972656
2025-10-21,65.44999694824219,71.19999694824219,64.18000030517578,65.9000015258789,1015300,63.73054122924805
2025-10-22,64.12000274658203,64.94999694824219,62.70000076293945,62.779998779296875,699604,60.71324920654297
2025-10-23,63.70000076293945,64.73999786376953,62.310001373291016,62.54999923706055,207900,60.490821838378906
2025-10-24,65.0,65.0,61.38999938964844,61.72999954223633,290700,59.697818756103516
2025-10-27,61.33000183105469,61.33000183105469,59.5,60.099998474121094,622400,58.12147903442383
2025-10-28,59.81999969482422,60.70000076293945,59.81999969482422,60.45000076293945,460100,58.459957122802734
2025-10-29,60.650001525878906,61.0,60.0,60.040000915527344,236500,58.06345748901367
2025-10-30,59.9900016784668,60.29999923706055,58.79999923706055,59.5,342800,57.541229248046875
2025-10-31,58.84000015258789,59.95000076293945,58.619998931884766,58.75,497100,56.815921783447266
2025-11-03,58.81999969482422,60.880001068115234,58.81999969482422,60.75,371600,58.75008010864258
2025-11-04,60.400001525878906,62.099998474121094,60.220001220703125,62.099998474121094,705655,60.055633544921875
2025-11-05,61.7599983215332,62.43000030517578,61.08000183105469,62.43000030517578,605500,60.37477493286133
2025-11-06,62.56999969482422,63.33000183105469,62.22999954223633,62.959999084472656,485400,60.887325286865234
2025-11-07,63.0,63.02000045776367,61.61000061035156,62.369998931884766,269800,60.316749572753906
2025-11-10,62.16999816894531,62.400001525878906,61.119998931884766,62.400001525878906,249000,60.34576416015625
2025-11-11,62.0,63.45000076293945,62.0,63.45000076293945,226700,61.3611946105957
2025-11-12,63.75,66.02999877929688,63.41999816894531,66.02999877929688,307200,63.85626220703125
2025-11-13,66.66999816894531,69.19999694824219,66.62999725341797,68.05000305175781,536400,65.80976104736328
2025-11-14,66.05999755859375,67.9000015258789,66.05999755859375,67.55999755859375,367700,65.33589172363281
2025-11-17,66.26000213623047,66.69000244140625,64.55999755859375,65.19999694824219,359800,63.053585052490234
2025-11-18,64.9000015258789,64.97000122070312,62.79999923706055,63.02000045776367,240400,60.94535446166992
2025-11-19,62.86000061035156,63.84000015258789,62.290000915527344,63.63999938964844,242400,61.54494094848633
2025-11-20,63.369998931884766,63.939998626708984,62.54999923706055,63.25,199600,61.167781829833984
2025-11-21,63.0,63.02000045776367,62.150001525878906,62.150001525878906,271500,60.1039924621582
2025-11-24,62.5,67.55999755859375,62.5,67.55999755859375,1126448,65.33589172363281
2025-11-25,66.38999938964844,66.77999877929688,64.83999633789062,65.45999908447266,376800,63.30502700805664
2025-11-26,65.19999694824219,65.93000030517578,65.19999694824219,65.87000274658203,122200,63.701534271240234
2025-11-27,65.87000274658203,66.77999877929688,65.77999877929688,66.22000122070312,139000,64.04000854492188
2025-11-28,66.5199966430664,67.0,65.5199966430664,65.5999984741211,254600,63.44041061401367
2025-12-01,66.30000305175781,67.41000366210938,65.68000030517578,67.1500015258789,339100,64.93939208984375
2025-12-02,65.91999816894531,66.63999938964844,65.88999938964844,66.44999694824219,222200,64.2624282836914
2025-12-03,66.9000015258789,67.87999725341797,66.30000305175781,67.87999725341797,217900,65.64535522460938
2025-12-04,67.95999908447266,68.0,66.58000183105469,67.19000244140625,193700,64.97808074951172
2025-12-05,67.48999786376953,68.4800033569336,67.04000091552734,68.41000366210938,219700,66.15791320800781
2025-12-08,68.48999786376953,69.5,67.97000122070312,68.3499984741211,240500,66.09988403320312
2025-12-09,68.0,68.68000030517578,67.26000213623047,68.5,194800,66.24494171142578
2025-12-10,67.69999694824219,68.7699966430664,67.16999816894531,68.5,211900,66.24494171142578
2025-12-11,68.19999694824219,68.79000091552734,66.6500015258789,66.6500015258789,319600,64.45584869384766
2025-12-12,67.9000015258789,69.94000244140625,67.5,69.94000244140625,492600,67.6375503540039
2025-12-15,69.0999984741211,69.94000244140625,68.69999694824219,69.0,223000,66.72848510742188
2025-12-16,65.55000305175781,68.55000305175781,65.55000305175781,68.06999969482422,399500,65.8291015625
2025-12-17,69.0,69.58000183105469,67.76000213623047,68.01000213623047,231900,65.77108001708984
2025-12-18,68.41000366210938,68.48999786376953,67.05000305175781,67.5,226900,65.27787017822266
2025-12-19,67.48999786376953,67.93000030517578,67.11000061035156,67.19999694824219,596200,64.98773956298828
2025-12-22,67.7699966430664,67.79000091552734,66.76000213623047,67.05999755859375,174637,64.85234832763672
2025-12-23,66.23999786376953,67.30000305175781,66.23999786376953,67.29000091552734,188500,65.07478332519531
2025-12-24,67.51000213623047,67.91000366210938,67.05999755859375,67.62000274658203,132400,65.3939208984375
2025-12-26,67.62000274658203,67.62000274658203,66.33000183105469,66.6500015258789,101100,64.45584869384766
2025-12-29,66.7699966430664,67.26000213623047,66.37999725341797,67.20999908447266,217300,64.9974136352539
2025-12-30,67.05000305175781,68.87000274658203,67.05000305175781,68.87000274658203,251600,66.60277557373047
2025-12-31,68.87000274658203,68.87000274658203,67.97000122070312,68.38999938964844,76800,66.13856506347656
2026-01-02,68.38999938964844,68.5999984741211,67.61000061035156,67.61000061035156,133700,65.38424682617188
2026-01-05,68.5,69.5,67.80999755859375,69.25,263800,66.97025299072266
2026-01-06,69.98999786376953,72.37999725341797,69.70999908447266,72.0,430300,69.62972259521484
2026-01-07,70.66999816894531,71.66000366210938,69.51000213623047,71.66000366210938,377900,69.30091857910156
2026-01-08,71.38999938964844,72.5,70.80000305175781,71.61000061035156,321600,69.2525634765625
2026-01-09,71.91000366210938,74.72000122070312,71.9000015258789,74.72000122070312,330000,72.26017761230469
2026-01-12,73.30000305175781,75.08000183105469,73.30000305175781,73.87999725341797,159200,71.44783020019531
2026-01-13,73.58000183105469,73.9000015258789,72.91000366210938,73.43000030517578,289700,71.01264953613281
2026-01-14,73.30000305175781,73.6500015258789,72.44999694824219,73.6500015258789,270600,71.22540283203125
2026-01-15,73.3499984741211,74.19999694824219,73.23999786376953,74.19000244140625,354400,71.74763488769531
2026-01-16,74.25,74.86000061035156,73.30999755859375,74.3499984741211,229200,71.90235900878906
2026-01-19,74.3499984741211,75.08000183105469,74.19999694824219,75.08000183105469,169100,72.60832977294922
2026-01-20,75.80000305175781,75.80000305175781,74.5999984741211,74.87999725341797,301200,72.4149169921875
2026-01-21,73.52999877929688,74.58000183105469,73.05999755859375,74.0,416700,71.56388092041016
2026-01-22,75.0,75.30000305175781,74.30999755859375,74.62000274658203,393000,72.1634750366211
2026-01-23,75.0,75.19000244140625,74.30999755859375,74.7699966430664,372400,72.30853271484375
2026-01-26,74.98999786376953,75.0,74.30999755859375,74.80999755859375,255900,72.34721374511719
2026-01-27,74.0,76.63999938964844,74.0,76.27999877929688,597400,73.7688217163086
2026-01-28,76.0199966430664,76.30999755859375,72.5999984741211,72.66000366210938,813000,70.26800537109375
2026-01-29,74.0,74.0,71.4800033569336,73.19000244140625,976700,70.78054809570312
2026-01-30,74.81999969482422,74.81999969482422,72.7699966430664,72.7699966430664,508900,70.37437438964844
2026-02-02,73.1500015258789,74.0999984741211,72.23999786376953,73.69999694824219,606800,71.27375793457031
2026-02-03,73.95999908447266,76.1500015258789,73.55999755859375,75.9000015258789,602200,73.40133666992188
2026-02-04,75.8499984741211,77.87000274658203,75.8499984741211,76.62999725341797,456300,74.1072998046875
2026-02-05,76.33000183105469,77.63999938964844,75.80000305175781,77.5999984741211,410700,75.04537200927734
2026-02-06,77.5999984741211,78.83000183105469,75.30000305175781,75.70999908447266,293900,73.21759033203125
2026-02-09,76.37999725341797,77.48999786376953,76.01000213623047,76.9800033569336,395100,74.44578552246094
2026-02-10,77.26000213623047,77.27999877929688,75.37999725341797,76.0,375738,73.498046875
2026-02-11,76.0,77.0,75.19999694824219,76.47000122070312,262700,73.95257568359375
2026-02-12,76.0999984741211,76.91000366210938,75.93000030517578,76.9000015258789,432300,74.36841583251953
2026-02-13,77.0999984741211,77.23999786376953,76.04000091552734,76.19999694824219,458301,73.69145202636719
2026-02-16,76.5,78.13999938964844,76.19999694824219,78.13999938964844,160500,75.56758880615234
2026-02-19,80.0999984741211,80.0999984741211,76.4800033569336,78.20999908447266,348800,75.63529205322266
2026-02-20,78.4800033569336,78.51000213623047,77.2300033569336,78.25,612800,75.6739730834961
2026-02-23,77.94999694824219,80.19000244140625,77.94999694824219,80.16000366210938,253600,77.5210952758789
2026-02-24,78.41000366210938,79.80000305175781,78.19999694824219,78.83000183105469,360000,76.23487854003906
2026-02-25,79.12000274658203,81.29000091552734,79.12000274658203,80.4000015258789,419515,77.7531967163086
2026-02-26,80.0,80.56999969482422,79.43000030517578,80.5,222700,77.84989929199219
2026-02-27,80.5,82.5,80.08999633789062,82.5,703700,79.7840576171875
2026-03-02,81.5,81.5,77.98999786376953,78.68000030517578,364238,76.08981323242188
2026-03-03,79.27999877929688,79.79000091552734,77.62999725341797,78.68000030517578,359500,76.08981323242188
2026-03-04,78.44000244140625,78.44000244140625,72.98999786376953,74.77999877929688,552800,72.31820678710938
2026-03-05,76.18000030517578,76.91000366210938,75.08000183105469,76.91000366210938,431100,74.37808990478516
2026-03-06,75.30000305175781,75.9800033569336,73.43000030517578,75.51000213623047,452800,73.02417755126953
2026-03-09,73.83000183105469,75.0,71.77999877929688,72.80999755859375,423100,70.41305541992188
2026-03-10,73.0999984741211,78.4000015258789,73.0999984741211,78.4000015258789,400900,75.81903839111328
2026-03-11,75.41999816894531,75.72000122070312,73.2300033569336,74.66000366210938,571000,72.20215606689453
2026-03-12,74.66000366210938,76.30999755859375,73.8499984741211,76.30999755859375,495245,73.79783630371094
2026-03-13,77.54000091552734,77.7699966430664,75.04000091552734,76.9000015258789,375400,74.36841583251953
2026-03-16,77.6500015258789,77.79000091552734,75.2699966430664,76.22000122070312,376200,73.71080017089844
2026-03-17,77.5999984741211,77.5999984741211,75.72000122070312,75.72000122070312,267200,73.22726440429688
2026-03-18,76.2699966430664,79.98999786376953,75.55000305175781,77.33999633789062,498828,74.79393005371094
2026-03-19,76.0,76.94999694824219,74.41000366210938,74.41000366210938,412900,73.62635803222656
2026-03-20,75.4000015258789,75.4000015258789,73.20999908447266,73.70999908447266,966800,72.93373107910156
2026-03-23,73.5,73.66999816894531,71.81999969482422,72.5,218812,71.7364730834961
2026-03-24,74.0,75.22000122070312,74.0,75.22000122070312,283500,74.42782592773438
2026-03-25,75.41000366210938,76.0,74.66000366210938,75.9000015258789,395900,75.10066986083984
2026-03-26,76.12999725341797,76.4800033569336,74.22000122070312,74.22000122070312,229800,73.43836212158203
2026-03-27,74.9000015258789,74.9000015258789,72.58999633789062,72.81999969482422,227400,72.0531005859375
2026-03-30,73.0199966430664,74.51000213623047,72.5199966430664,73.72000122070312,374500,72.9436264038086
2026-03-31,73.19999694824219,74.0199966430664,71.1500015258789,71.1500015258789,561700,70.40068817138672
2026-04-01,73.38999938964844,75.0999984741211,72.5,74.55000305175781,493600,73.76488494873047
2026-04-02,74.83000183105469,75.01000213623047,73.0999984741211,74.38999938964844,175600,73.6065673828125
2026-04-06,73.98999786376953,74.62999725341797,73.79000091552734,74.25,91700,73.4680404663086
2026-04-07,74.06999969482422,74.19000244140625,72.9000015258789,72.91999816894531,180100,72.15204620361328
2026-04-08,74.37000274658203,75.45999908447266,73.29000091552734,75.12000274658203,458700,74.3288803100586
2026-04-09,74.76000213623047,75.27999877929688,73.87999725341797,73.97000122070312,168200,73.19099426269531
2026-04-10,75.13999938964844,75.13999938964844,73.19999694824219,73.26000213623047,386200,72.48847198486328
2026-04-13,74.01000213623047,74.08000183105469,71.8499984741211,72.11000061035156,297900,71.35057830810547
2026-04-14,72.55999755859375,73.19999694824219,71.38999938964844,72.30999755859375,459800,71.54846954345703
2026-04-15,73.7699966430664,74.19999694824219,72.19999694824219,73.25,432800,72.47857666015625
2026-04-16,73.91999816894531,74.7699966430664,73.30999755859375,73.97000122070312,270700,73.19099426269531
2026-04-17,73.66999816894531,74.2699966430664,72.01000213623047,72.86000061035156,418300,72.09268188476562
2026-04-20,73.80000305175781,73.9000015258789,72.76000213623047,73.23999786376953,209700,72.46867370605469
2026-04-21,72.41999816894531,72.9800033569336,71.25,72.2699966430664,386100,71.5088882446289
2026-04-22,73.5999984741211,73.5999984741211,72.44000244140625,73.4800033569336,194400,72.7061538696289
2026-04-23,72.5199966430664,73.68000030517578,72.05999755859375,72.05999755859375,142700,71.30110168457031
2026-04-24,71.83000183105469,72.58999633789062,70.93000030517578,70.94000244140625,284100,70.19290161132812
2026-04-27,70.94000244140625,72.26000213623047,70.25,71.44999694824219,340300,70.69752502441406
2026-04-28,70.98999786376953,71.0,69.70999908447266,69.9800033569336,467602,69.24301147460938
2026-04-29,69.68000030517578,69.72000122070312,68.76000213623047,69.0,325705,68.27333068847656
2026-04-30,68.81999969482422,69.0,67.54000091552734,67.88999938964844,463000,67.17501831054688
2026-05-04,68.87999725341797,69.37999725341797,67.80000305175781,68.41999816894531,248900,67.6994400024414
2026-05-05,68.41000366210938,68.41000366210938,67.2300033569336,67.9000015258789,216000,67.18492126464844
2026-05-06,68.0,68.0999984741211,67.0999984741211,67.13999938964844,263543,66.43292236328125
2026-05-07,67.94999694824219,70.4000015258789,67.66000366210938,70.18000030517578,510600,69.44090270996094
2026-05-08,70.93000030517578,71.6500015258789,69.97000122070312,71.27999877929688,371300,70.5293197631836
2026-05-11,70.0,71.79000091552734,70.0,71.45999908447266,248700,70.7074203491211
2026-05-12,71.45999908447266,72.5,71.45999908447266,71.72000122070312,217400,70.96469116210938
2026-05-13,72.0,72.76000213623047,71.19000244140625,72.27999877929688,315100,71.51878356933594
2026-05-14,73.30000305175781,73.48999786376953,72.13999938964844,72.16000366210938,183900,71.40005493164062
2026-05-15,72.87999725341797,75.2300033569336,72.19999694824219,73.22000122070312,666500,72.44889068603516
2026-05-18,73.12999725341797,73.48999786376953,71.44000244140625,71.83999633789062,265500,71.08341979980469
2026-05-19,71.5999984741211,72.30999755859375,71.1500015258789,71.76000213623047,154000,71.00426483154297
2026-05-20,71.29000091552734,71.3499984741211,70.05000305175781,70.05999755859375,275500,69.3221664428711
2026-05-21,70.51000213623047,71.16999816894531,70.0,70.05999755859375,152200,69.3221664428711
2026-05-22,70.06999969482422,71.37000274658203,70.06999969482422,71.23999786376953,156400,70.48973846435547
2026-05-25,71.5,72.9000015258789,71.01000213623047,71.01000213623047,210000,70.26216888427734
2026-05-26,71.0199966430664,71.30000305175781,67.37999725341797,68.0,632800,67.28385925292969
2026-05-27,68.0,68.0,68.0,68.0,0,67.28385925292969
2026-05-28,68.0,68.87999725341797,63.54999923706055,64.19999694824219,1025700,63.52388000488281
2026-05-29,66.68000030517578,66.94999694824219,64.5999984741211,66.37999725341797,1150900,65.68092346191406
2026-06-02,66.16000366210938,66.16000366210938,63.369998931884766,64.22000122070312,551000,63.54367446899414
2026-06-03,64.0,65.68000030517578,63.70000076293945,64.72000122070312,680900,64.03840637207031
2026-06-04,64.69999694824219,64.80000305175781,63.119998931884766,63.119998931884766,320700,62.45525360107422
2026-06-05,63.099998474121094,63.599998474121094,62.119998931884766,62.720001220703125,210600,62.059471130371094
2026-06-08,62.70000076293945,62.70000076293945,60.20000076293945,60.75,303100,60.11021423339844
2026-06-09,61.400001525878906,61.959999084472656,60.529998779296875,61.130001068115234,379800,60.48621368408203
2026-06-10,62.54999923706055,62.54999923706055,60.720001220703125,61.0,407200,60.357582092285156
2026-06-11,60.900001525878906,62.34000015258789,60.02000045776367,61.79999923706055,372600,61.1491584777832
2026-06-12,62.560001373291016,63.29999923706055,61.79999923706055,63.25,423900,62.58388900756836
2026-06-15,65.5999984741211,67.73999786376953,65.5999984741211,66.0,512900,65.30492401123047
2026-06-16,67.5,67.8499984741211,62.77000045776367,63.54999923706055,562500,62.8807258605957
2026-06-17,64.12000274658203,64.5,62.22999954223633,62.63999938964844,364900,61.98031234741211
2026-06-18,63.38999938964844,63.47999954223633,59.380001068115234,63.290000915527344,445600,62.62346649169922
2026-06-19,63.97999954223633,65.20999908447266,63.720001220703125,64.76000213623047,514900,64.07798767089844
2026-06-22,64.9800033569336,65.16000366210938,61.959999084472656,62.20000076293945,591559,61.544944763183594
2026-06-23,62.880001068115234,62.880001068115234,61.77000045776367,62.150001525878906,456036,61.4954719543457
2026-06-24,62.20000076293945,62.810001373291016,61.63999938964844,62.310001373291016,438800,61.65378952026367
2026-06-25,62.599998474121094,63.58000183105469,62.349998474121094,63.40999984741211,430200,62.74220275878906
2026-06-26,63.11000061035156,63.58000183105469,62.61000061035156,62.7599983215332,256700,62.09904479980469
2026-06-29,63.439998626708984,63.439998626708984,62.54999923706055,62.58000183105469,240900,61.92094421386719
2026-06-30,63.0,63.0,61.0099983215332,61.5,465900,60.852317810058594
2026-07-01,61.79999923706055,61.939998626708984,60.70000076293945,61.29999923706055,347800,60.654422760009766
2026-07-02,61.040000915527344,61.810001373291016,60.90999984741211,61.310001373291016,259500,60.6643180847168
2026-07-03,61.61000061035156,62.709999084472656,61.61000061035156,62.709999084472656,303800,62.0495719909668
2026-07-06,63.0,63.0099983215332,62.529998779296875,62.81999969482422,138100,62.158416748046875
2026-07-07,63.0,63.59000015258789,62.810001373291016,63.59000015258789,306100,62.92030715942383
2026-07-08,63.5,63.5,60.72999954223633,60.959999084472656,692000,60.3180046081543
2026-07-09,61.2400016784668,61.59000015258789,60.08000183105469,61.36000061035156,525700,60.71379089355469
2026-07-10,60.79999923706055,62.290000915527344,60.529998779296875,62.0,201200,61.34705352783203
2026-07-13,62.02000045776367,62.13999938964844,61.5,62.04999923706055,144500,61.396522521972656
2026-07-14,61.810001373291016,61.869998931884766,61.0,61.06999969482422,230200,60.42684555053711
2026-07-15,61.349998474121094,61.59000015258789,60.22999954223633,61.59000015258789,354500,60.941368103027344
2026-07-16,61.18000030517578,62.25,61.18000030517578,62.25,255100,61.594417572021484
2026-07-17,62.38999938964844,63.29999923706055,62.040000915527344,63.22999954223633,324900,62.5640983581543
2026-07-20,63.38999938964844,63.970001220703125,62.45000076293945,62.72999954223633,316400,62.06936264038086
2026-07-21,64.20999908447266,65.45999908447266,63.11000061035156,65.45999908447266,400500,64.77061462402344
2026-07-22,65.16000366210938,65.5999984741211,64.12000274658203,65.30999755859375,365800,64.6221923828125
2026-07-23,65.1500015258789,65.1500015258789,64.0199966430664,64.2699966430664,432800,63.593143463134766
2026-07-24,64.56999969482422,65.2300033569336,63.20000076293945,63.619998931884766,337600,62.949989318847656
2026-07-27,63.0,64.3499984741211,63.0,64.06999969482422,255400,63.3952522277832
2026-07-28,64.37000274658203,64.69999694824219,63.5,64.11000061035156,203000,63.43482971191406
2026-07-29,64.5999984741211,67.98999786376953,64.5,67.98999786376953,415300,67.27396392822266
2026-07-30,67.9800033569336,68.22000122070312,67.0999984741211,67.58999633789062,211000,66.878173828125
2026-07-31,68.2300033569336,70.0,65.95999908447266,66.41000366210938,485000,65.71060943603516
2026-08-03,66.12000274658203,66.41999816894531,64.5,65.18000030517578,316100,64.49356079101562
2026-08-04,65.4800033569336,66.37000274658203,64.83999633789062,64.9800033569336,426300,64.29566955566406
2026-08-05,63.54999923706055,64.0,62.34000015258789,63.439998626708984,535200,62.77188491821289
2026-08-06,63.15999984741211,63.61000061035156,62.34000015258789,63.40999984741211,285800,62.74220275878906
2026-08-07,63.70000076293945,64.19000244140625,62.54999923706055,63.70000076293945,332900,63.02914810180664
2026-08-11,63.29999923706055,63.58000183105469,62.65999984741211,63.220001220703125,522100,62.554203033447266
2026-08-12,62.93000030517578,63.5,61.779998779296875,63.29999923706055,629300,62.63336181640625
2026-08-13,62.97999954223633,63.0,61.720001220703125,61.93000030517578,462600,61.27779006958008
2026-08-14,61.93000030517578,62.400001525878906,60.619998931884766,62.34000015258789,605259,61.6834716796875
2026-08-17,62.599998474121094,62.599998474121094,61.54999923706055,62.18000030517578,228200,61.5251579284668
2026-08-18,61.61000061035156,61.97999954223633,61.209999084472656,61.720001220703125,190100,61.070003509521484
2026-08-19,61.400001525878906,61.939998626708984,61.400001525878906,61.720001220703125,169500,61.070003509521484
2026-08-20,61.58000183105469,61.849998474121094,61.099998474121094,61.54999923706055,246300,61.54999923706055
2026-08-21,61.70000076293945,62.150001525878906,61.279998779296875,61.689998626708984,283300,61.689998626708984
2026-08-24,61.400001525878906,61.83000183105469,60.959999084472656,61.0,195000,61.0
2026-08-25,60.7599983215332,61.16999816894531,60.25,60.79999923706055,292000,60.79999923706055
2026-08-26,60.15999984741211,60.20000076293945,58.439998626708984,59.58000183105469,648100,59.58000183105469
2026-08-27,58.79999923706055,59.15999984741211,58.5,59.099998474121094,593300,59.099998474121094
2026-08-28,58.83000183105469,58.849998474121094,58.02000045776367,58.709999084472656,425500,58.709999084472656
2026-08-31,58.20000076293945,58.90999984741211,58.20000076293945,58.90999984741211,700700,58.90999984741211
