Date,Open,High,Low,Close,Volume,Adj_Close
2016-08-29,0.7400000095367432,0.7400000095367432,0.7099999785423279,0.7149999737739563,314700,0.38796672224998474
2016-08-30,0.7200000286102295,0.7300000190734863,0.7099999785423279,0.7099999785423279,134800,0.3852536380290985
2016-08-31,0.7200000286102295,0.7350000143051147,0.7099999785423279,0.7300000190734863,309400,0.3961058557033539
2016-09-01,0.7250000238418579,0.7250000238418579,0.7149999737739563,0.7149999737739563,131400,0.38796672224998474
2016-09-02,0.7099999785423279,0.7200000286102295,0.7049999833106995,0.7200000286102295,171600,0.39067983627319336
2016-09-05,0.7250000238418579,0.7400000095367432,0.7250000238418579,0.7350000143051147,540700,0.3988189697265625
2016-09-06,0.7350000143051147,0.75,0.7350000143051147,0.7400000095367432,438700,0.40153196454048157
2016-09-07,0.75,0.75,0.7350000143051147,0.7450000047683716,189700,0.40424513816833496
2016-09-08,0.75,0.75,0.7400000095367432,0.7400000095367432,95500,0.40153196454048157
2016-09-09,0.7450000047683716,0.7450000047683716,0.7350000143051147,0.7400000095367432,108900,0.40153196454048157
2016-09-13,0.7400000095367432,0.7400000095367432,0.7200000286102295,0.7200000286102295,152800,0.39067983627319336
2016-09-14,0.7300000190734863,0.7300000190734863,0.7200000286102295,0.7200000286102295,178100,0.39067983627319336
2016-09-15,0.7200000286102295,0.7250000238418579,0.7200000286102295,0.7200000286102295,96000,0.39067983627319336
2016-09-16,0.7300000190734863,0.75,0.7250000238418579,0.75,173200,0.4069581627845764
2016-09-19,0.7400000095367432,0.7400000095367432,0.7250000238418579,0.7350000143051147,1013800,0.3988189697265625
2016-09-20,0.7350000143051147,0.7450000047683716,0.7300000190734863,0.7300000190734863,914500,0.3961058557033539
2016-09-21,0.7400000095367432,0.7450000047683716,0.7300000190734863,0.7450000047683716,188200,0.40424513816833496
2016-09-22,0.7450000047683716,0.7450000047683716,0.7350000143051147,0.7450000047683716,62600,0.40424513816833496
2016-09-23,0.7300000190734863,0.7400000095367432,0.7300000190734863,0.7400000095367432,326500,0.40153196454048157
2016-09-26,0.7300000190734863,0.7300000190734863,0.7250000238418579,0.7250000238418579,223100,0.3933928310871124
2016-09-27,0.7200000286102295,0.7300000190734863,0.7149999737739563,0.7200000286102295,346400,0.39067983627319336
2016-09-28,0.7400000095367432,0.7400000095367432,0.7200000286102295,0.7250000238418579,91600,0.3933928310871124
2016-09-29,0.7250000238418579,0.7250000238418579,0.7149999737739563,0.7149999737739563,112600,0.38796672224998474
2016-09-30,0.7250000238418579,0.7400000095367432,0.7250000238418579,0.7250000238418579,675800,0.3933928310871124
2016-10-03,0.7350000143051147,0.7350000143051147,0.7149999737739563,0.7200000286102295,62800,0.39067983627319336
2016-10-04,0.7250000238418579,0.7450000047683716,0.7149999737739563,0.7450000047683716,882000,0.40424513816833496
2016-10-05,0.7400000095367432,0.7450000047683716,0.7300000190734863,0.7350000143051147,272500,0.3988189697265625
2016-10-06,0.7300000190734863,0.7300000190734863,0.7200000286102295,0.7200000286102295,239900,0.39067983627319336
2016-10-07,0.7350000143051147,0.7350000143051147,0.7149999737739563,0.7200000286102295,447700,0.39067983627319336
2016-10-10,0.7250000238418579,0.7250000238418579,0.7149999737739563,0.7149999737739563,327500,0.38796672224998474
2016-10-11,0.7149999737739563,0.7250000238418579,0.7149999737739563,0.7149999737739563,273300,0.38796672224998474
2016-10-12,0.7149999737739563,0.7200000286102295,0.7099999785423279,0.7099999785423279,170700,0.3852536380290985
2016-10-13,0.7099999785423279,0.7099999785423279,0.7049999833106995,0.7049999833106995,124700,0.3825404942035675
2016-10-14,0.7149999737739563,0.7149999737739563,0.7049999833106995,0.7049999833106995,8100,0.3825404942035675
2016-10-17,0.7099999785423279,0.7250000238418579,0.7099999785423279,0.7099999785423279,70200,0.3852536380290985
2016-10-18,0.7200000286102295,0.7250000238418579,0.7099999785423279,0.7099999785423279,1591500,0.3852536380290985
2016-10-19,0.7149999737739563,0.7149999737739563,0.7049999833106995,0.7049999833106995,61800,0.3825404942035675
2016-10-20,0.7049999833106995,0.7149999737739563,0.7049999833106995,0.7149999737739563,23600,0.38796672224998474
2016-10-21,0.7049999833106995,0.7099999785423279,0.7049999833106995,0.7099999785423279,118100,0.3852536380290985
2016-10-24,0.7099999785423279,0.7149999737739563,0.7099999785423279,0.7149999737739563,24100,0.38796672224998474
2016-10-25,0.7200000286102295,0.75,0.7200000286102295,0.75,2537500,0.4069581627845764
2016-10-26,0.75,0.75,0.7350000143051147,0.7350000143051147,509900,0.3988189697265625
2016-10-27,0.7350000143051147,0.7649999856948853,0.7350000143051147,0.7599999904632568,704900,0.4123842418193817
2016-10-28,0.7549999952316284,0.7549999952316284,0.7450000047683716,0.7450000047683716,420600,0.40424513816833496
2016-10-31,0.7450000047683716,0.75,0.7450000047683716,0.7450000047683716,296800,0.40424513816833496
2016-11-01,0.7400000095367432,0.7450000047683716,0.7350000143051147,0.7350000143051147,66000,0.3988189697265625
2016-11-02,0.7300000190734863,0.7450000047683716,0.7300000190734863,0.7450000047683716,506600,0.40424513816833496
2016-11-03,0.7400000095367432,0.7450000047683716,0.7350000143051147,0.7400000095367432,702100,0.40153196454048157
2016-11-04,0.7350000143051147,0.7350000143051147,0.7300000190734863,0.7300000190734863,89000,0.3961058557033539
2016-11-07,0.7350000143051147,0.7350000143051147,0.7250000238418579,0.7250000238418579,999100,0.3933928310871124
2016-11-08,0.7300000190734863,0.7400000095367432,0.7300000190734863,0.7400000095367432,1476900,0.40153196454048157
2016-11-09,0.7400000095367432,0.7450000047683716,0.7149999737739563,0.7200000286102295,1076000,0.39067983627319336
2016-11-10,0.7300000190734863,0.7350000143051147,0.7250000238418579,0.7300000190734863,1667500,0.3961058557033539
2016-11-11,0.7300000190734863,0.7599999904632568,0.7149999737739563,0.7599999904632568,2633600,0.4123842418193817
2016-11-14,0.7599999904632568,0.7699999809265137,0.7450000047683716,0.7649999856948853,1421900,0.41509732604026794
2016-11-15,0.7699999809265137,0.7850000262260437,0.7649999856948853,0.7649999856948853,2657500,0.41509732604026794
2016-11-16,0.7699999809265137,0.7799999713897705,0.7599999904632568,0.7599999904632568,1519300,0.4123842418193817
2016-11-17,0.7649999856948853,0.7699999809265137,0.7599999904632568,0.7599999904632568,1164600,0.4123842418193817
2016-11-18,0.7649999856948853,0.7699999809265137,0.7599999904632568,0.7649999856948853,863100,0.41509732604026794
2016-11-21,0.7699999809265137,0.7950000166893005,0.7699999809265137,0.7900000214576721,1701100,0.42866250872612
2016-11-22,0.7950000166893005,0.824999988079071,0.7900000214576721,0.7950000166893005,2092700,0.4313755929470062
2016-11-23,0.800000011920929,0.8050000071525574,0.7900000214576721,0.7950000166893005,392800,0.4313755929470062
2016-11-24,0.7950000166893005,0.800000011920929,0.7850000262260437,0.7950000166893005,753600,0.4313755929470062
2016-11-25,0.7900000214576721,0.8100000023841858,0.7900000214576721,0.8050000071525574,1204500,0.4368016719818115
2016-11-28,0.8050000071525574,0.8100000023841858,0.8050000071525574,0.8050000071525574,1390800,0.4368016719818115
2016-11-29,0.800000011920929,0.8050000071525574,0.7799999713897705,0.7950000166893005,764700,0.4313755929470062
2016-11-30,0.7850000262260437,0.7900000214576721,0.7799999713897705,0.7799999713897705,782400,0.4232364296913147
2016-12-01,0.7799999713897705,0.7950000166893005,0.7799999713897705,0.7850000262260437,511500,0.42594948410987854
2016-12-02,0.800000011920929,0.800000011920929,0.7799999713897705,0.7850000262260437,549600,0.42594948410987854
2016-12-05,0.7850000262260437,0.7950000166893005,0.7749999761581421,0.7850000262260437,1489100,0.42594948410987854
2016-12-06,0.7799999713897705,0.8050000071525574,0.7799999713897705,0.800000011920929,1370400,0.4340885877609253
2016-12-07,0.800000011920929,0.8299999833106995,0.7950000166893005,0.8299999833106995,750700,0.45036691427230835
2016-12-08,0.8349999785423279,0.8399999737739563,0.824999988079071,0.8299999833106995,1760000,0.45036691427230835
2016-12-09,0.8199999928474426,0.8299999833106995,0.8199999928474426,0.824999988079071,740200,0.44765397906303406
2016-12-12,0.8199999928474426,0.8199999928474426,0.8050000071525574,0.8100000023841858,233800,0.4395148456096649
2016-12-13,0.8100000023841858,0.8149999976158142,0.8050000071525574,0.8100000023841858,529800,0.4395148456096649
2016-12-14,0.8100000023841858,0.8100000023841858,0.800000011920929,0.800000011920929,146800,0.4340885877609253
2016-12-15,0.800000011920929,0.800000011920929,0.7900000214576721,0.800000011920929,779500,0.4340885877609253
2016-12-16,0.800000011920929,0.8100000023841858,0.7900000214576721,0.800000011920929,679100,0.4340885877609253
2016-12-19,0.800000011920929,0.8100000023841858,0.7900000214576721,0.800000011920929,309800,0.4340885877609253
2016-12-20,0.8100000023841858,0.8100000023841858,0.800000011920929,0.800000011920929,746300,0.4340885877609253
2016-12-21,0.7950000166893005,0.800000011920929,0.7950000166893005,0.7950000166893005,1088500,0.4313755929470062
2016-12-22,0.7950000166893005,0.800000011920929,0.7900000214576721,0.7900000214576721,707500,0.42866250872612
2016-12-23,0.7900000214576721,0.7950000166893005,0.7799999713897705,0.7950000166893005,1391400,0.4313755929470062
2016-12-27,0.7850000262260437,0.7950000166893005,0.7850000262260437,0.7950000166893005,85800,0.4313755929470062
2016-12-28,0.7950000166893005,0.7950000166893005,0.7850000262260437,0.7900000214576721,99100,0.42866250872612
2016-12-29,0.7749999761581421,0.7950000166893005,0.7749999761581421,0.7850000262260437,186400,0.42594948410987854
2016-12-30,0.7900000214576721,0.8349999785423279,0.7900000214576721,0.8349999785423279,1144200,0.4530799388885498
2017-01-03,0.8199999928474426,0.8199999928474426,0.8050000071525574,0.8199999928474426,305700,0.4449408948421478
2017-01-04,0.8149999976158142,0.8199999928474426,0.8100000023841858,0.8100000023841858,27600,0.4395148456096649
2017-01-05,0.8149999976158142,0.8149999976158142,0.8050000071525574,0.8100000023841858,493200,0.4395148456096649
2017-01-06,0.8050000071525574,0.8149999976158142,0.8050000071525574,0.8100000023841858,270900,0.4395148456096649
2017-01-09,0.8100000023841858,0.8100000023841858,0.800000011920929,0.800000011920929,588300,0.4340885877609253
2017-01-10,0.8050000071525574,0.8149999976158142,0.800000011920929,0.8100000023841858,347300,0.4395148456096649
2017-01-11,0.800000011920929,0.8149999976158142,0.7950000166893005,0.8050000071525574,636600,0.4368016719818115
2017-01-12,0.8050000071525574,0.8050000071525574,0.7950000166893005,0.7950000166893005,199700,0.4313755929470062
2017-01-13,0.7950000166893005,0.8050000071525574,0.7950000166893005,0.7950000166893005,1331300,0.4313755929470062
2017-01-16,0.7900000214576721,0.7900000214576721,0.7850000262260437,0.7900000214576721,483200,0.42866250872612
2017-01-17,0.7900000214576721,0.7900000214576721,0.7799999713897705,0.7850000262260437,113200,0.42594948410987854
2017-01-18,0.7850000262260437,0.7900000214576721,0.7749999761581421,0.7900000214576721,1243700,0.42866250872612
2017-01-19,0.7900000214576721,0.8100000023841858,0.7900000214576721,0.800000011920929,2216700,0.4340885877609253
2017-01-20,0.8100000023841858,0.8100000023841858,0.7900000214576721,0.7950000166893005,860800,0.4313755929470062
2017-01-23,0.7950000166893005,0.7950000166893005,0.7900000214576721,0.7900000214576721,1238300,0.42866250872612
2017-01-24,0.800000011920929,0.800000011920929,0.7850000262260437,0.7850000262260437,1870200,0.42594948410987854
2017-01-25,0.7900000214576721,0.8050000071525574,0.7900000214576721,0.7900000214576721,1495100,0.42866250872612
2017-01-26,0.7950000166893005,0.8050000071525574,0.7900000214576721,0.7950000166893005,1076200,0.4313755929470062
2017-01-27,0.800000011920929,0.8050000071525574,0.800000011920929,0.800000011920929,491500,0.4340885877609253
2017-01-31,0.800000011920929,0.8100000023841858,0.7950000166893005,0.800000011920929,1120200,0.4340885877609253
2017-02-01,0.8050000071525574,0.8050000071525574,0.7950000166893005,0.7950000166893005,65000,0.4313755929470062
2017-02-02,0.800000011920929,0.800000011920929,0.7900000214576721,0.7950000166893005,197600,0.4313755929470062
2017-02-03,0.7950000166893005,0.7950000166893005,0.7900000214576721,0.7950000166893005,599700,0.4313755929470062
2017-02-06,0.7950000166893005,0.7950000166893005,0.7900000214576721,0.7950000166893005,1963500,0.4313755929470062
2017-02-07,0.7950000166893005,0.8050000071525574,0.7900000214576721,0.7950000166893005,1599000,0.4313755929470062
2017-02-08,0.7950000166893005,0.800000011920929,0.7900000214576721,0.7950000166893005,1925200,0.4313755929470062
2017-02-09,0.7950000166893005,0.8100000023841858,0.7950000166893005,0.8100000023841858,1226100,0.4395148456096649
2017-02-10,0.8149999976158142,0.8199999928474426,0.8050000071525574,0.8149999976158142,1377500,0.4422277808189392
2017-02-13,0.8199999928474426,0.8199999928474426,0.8100000023841858,0.8100000023841858,903100,0.4395148456096649
2017-02-14,0.8100000023841858,0.8199999928474426,0.8100000023841858,0.8149999976158142,787900,0.4422277808189392
2017-02-15,0.8100000023841858,0.824999988079071,0.8100000023841858,0.8149999976158142,1394800,0.4422277808189392
2017-02-16,0.8149999976158142,0.8650000095367432,0.8149999976158142,0.8650000095367432,2819100,0.46935826539993286
2017-02-17,0.8600000143051147,0.8650000095367432,0.824999988079071,0.8399999737739563,3047500,0.4557931125164032
2017-02-20,0.8399999737739563,0.8450000286102295,0.824999988079071,0.8349999785423279,1614200,0.4530799388885498
2017-02-21,0.8349999785423279,0.8399999737739563,0.800000011920929,0.800000011920929,2175300,0.4340885877609253
2017-02-22,0.8050000071525574,0.8100000023841858,0.7799999713897705,0.7850000262260437,3892400,0.42594948410987854
2017-02-23,0.7850000262260437,0.800000011920929,0.7799999713897705,0.7900000214576721,1891400,0.42866250872612
2017-02-24,0.800000011920929,0.8149999976158142,0.7850000262260437,0.7850000262260437,5041500,0.42594948410987854
2017-02-27,0.7900000214576721,0.8050000071525574,0.7900000214576721,0.800000011920929,2056900,0.4340885877609253
2017-02-28,0.800000011920929,0.8100000023841858,0.7699999809265137,0.7699999809265137,3549300,0.417810320854187
2017-03-01,0.7799999713897705,0.7850000262260437,0.7649999856948853,0.7699999809265137,2813100,0.417810320854187
2017-03-02,0.7799999713897705,0.7900000214576721,0.7699999809265137,0.7850000262260437,3115800,0.42594948410987854
2017-03-03,0.7850000262260437,0.7850000262260437,0.7749999761581421,0.7799999713897705,2364600,0.4232364296913147
2017-03-06,0.7850000262260437,0.8050000071525574,0.7799999713897705,0.800000011920929,2583000,0.4340885877609253
2017-03-07,0.8100000023841858,0.8299999833106995,0.8050000071525574,0.8199999928474426,2350900,0.4449408948421478
2017-03-08,0.824999988079071,0.8299999833106995,0.8149999976158142,0.8299999833106995,1328700,0.45036691427230835
2017-03-09,0.8299999833106995,0.8299999833106995,0.8050000071525574,0.8199999928474426,1156200,0.4449408948421478
2017-03-10,0.8199999928474426,0.8349999785423279,0.8149999976158142,0.824999988079071,2175100,0.44765397906303406
2017-03-13,0.824999988079071,0.824999988079071,0.8100000023841858,0.8149999976158142,1010400,0.4422277808189392
2017-03-14,0.8100000023841858,0.8100000023841858,0.7850000262260437,0.7850000262260437,3015700,0.42594948410987854
2017-03-15,0.7850000262260437,0.8100000023841858,0.7850000262260437,0.800000011920929,1200600,0.4340885877609253
2017-03-16,0.8100000023841858,0.8100000023841858,0.8050000071525574,0.8050000071525574,251400,0.4368016719818115
2017-03-17,0.8100000023841858,0.8100000023841858,0.7950000166893005,0.800000011920929,840500,0.4340885877609253
2017-03-20,0.8050000071525574,0.8100000023841858,0.7950000166893005,0.8050000071525574,191800,0.4368016719818115
2017-03-21,0.8100000023841858,0.8100000023841858,0.800000011920929,0.800000011920929,807600,0.4340885877609253
2017-03-22,0.800000011920929,0.8149999976158142,0.7950000166893005,0.8100000023841858,1602900,0.4395148456096649
2017-03-23,0.8100000023841858,0.8100000023841858,0.7950000166893005,0.800000011920929,781400,0.4340885877609253
2017-03-24,0.800000011920929,0.8050000071525574,0.7900000214576721,0.7950000166893005,1097500,0.4313755929470062
2017-03-27,0.7900000214576721,0.7950000166893005,0.7850000262260437,0.7850000262260437,268400,0.42594948410987854
2017-03-28,0.7850000262260437,0.8050000071525574,0.7850000262260437,0.800000011920929,372000,0.4340885877609253
2017-03-29,0.800000011920929,0.8050000071525574,0.7900000214576721,0.800000011920929,359300,0.4340885877609253
2017-03-30,0.7950000166893005,0.800000011920929,0.7950000166893005,0.7950000166893005,584500,0.4313755929470062
2017-03-31,0.7950000166893005,0.7950000166893005,0.7900000214576721,0.7900000214576721,167400,0.42866250872612
2017-04-03,0.7950000166893005,0.800000011920929,0.7900000214576721,0.7950000166893005,376300,0.4313755929470062
2017-04-04,0.7900000214576721,0.7950000166893005,0.7850000262260437,0.7900000214576721,568700,0.42866250872612
2017-04-05,0.7900000214576721,0.7900000214576721,0.7799999713897705,0.7850000262260437,1219300,0.42594948410987854
2017-04-06,0.7850000262260437,0.7900000214576721,0.7799999713897705,0.7850000262260437,849100,0.42594948410987854
2017-04-07,0.7850000262260437,0.800000011920929,0.7799999713897705,0.7950000166893005,934000,0.4313755929470062
2017-04-10,0.7950000166893005,0.7950000166893005,0.7850000262260437,0.7850000262260437,745800,0.42594948410987854
2017-04-11,0.7900000214576721,0.7900000214576721,0.7699999809265137,0.7749999761581421,2102900,0.420523464679718
2017-04-12,0.7749999761581421,0.7749999761581421,0.7599999904632568,0.7649999856948853,939400,0.41509732604026794
2017-04-13,0.7599999904632568,0.7699999809265137,0.7200000286102295,0.7250000238418579,2961800,0.3933928310871124
2017-04-17,0.7350000143051147,0.7350000143051147,0.7099999785423279,0.7250000238418579,704100,0.3933928310871124
2017-04-18,0.7350000143051147,0.7400000095367432,0.7200000286102295,0.7200000286102295,1433200,0.39067983627319336
2017-04-19,0.7250000238418579,0.7350000143051147,0.7149999737739563,0.7250000238418579,1678300,0.3933928310871124
2017-04-20,0.7250000238418579,0.7350000143051147,0.7200000286102295,0.7250000238418579,404200,0.3933928310871124
2017-04-21,0.7250000238418579,0.7350000143051147,0.7250000238418579,0.7350000143051147,194800,0.3988189697265625
2017-04-24,0.7350000143051147,0.7450000047683716,0.7250000238418579,0.7400000095367432,457800,0.40153196454048157
2017-04-25,0.7450000047683716,0.7599999904632568,0.7400000095367432,0.7549999952316284,412300,0.4096710681915283
2017-04-26,0.7549999952316284,0.7599999904632568,0.75,0.75,295200,0.4069581627845764
2017-04-27,0.7599999904632568,0.7599999904632568,0.7250000238418579,0.7300000190734863,839300,0.3961058557033539
2017-04-28,0.7400000095367432,0.7549999952316284,0.7350000143051147,0.7400000095367432,628500,0.40153196454048157
2017-05-02,0.7400000095367432,0.75,0.7350000143051147,0.75,95100,0.4069581627845764
2017-05-03,0.75,0.7599999904632568,0.75,0.7599999904632568,270700,0.4123842418193817
2017-05-04,0.7599999904632568,0.7599999904632568,0.75,0.7599999904632568,838800,0.4123842418193817
2017-05-05,0.7599999904632568,0.7599999904632568,0.7350000143051147,0.7400000095367432,733100,0.40153196454048157
2017-05-08,0.7350000143051147,0.7350000143051147,0.7250000238418579,0.7350000143051147,905400,0.4070703983306885
2017-05-09,0.7350000143051147,0.75,0.7300000190734863,0.75,166900,0.41537797451019287
2017-05-11,0.7400000095367432,0.75,0.7400000095367432,0.7400000095367432,109800,0.4098395109176636
2017-05-12,0.75,0.7649999856948853,0.7450000047683716,0.7549999952316284,677600,0.4181470274925232
2017-05-15,0.75,0.7599999904632568,0.75,0.75,367400,0.41537797451019287
2017-05-16,0.7549999952316284,0.7850000262260437,0.7549999952316284,0.7850000262260437,1692000,0.43476223945617676
2017-05-17,0.7850000262260437,0.7900000214576721,0.7699999809265137,0.7799999713897705,646100,0.4319930374622345
2017-05-18,0.7649999856948853,0.7799999713897705,0.7649999856948853,0.7699999809265137,370700,0.42645469307899475
2017-05-19,0.7749999761581421,0.7799999713897705,0.7699999809265137,0.7749999761581421,443600,0.4292239546775818
2017-05-22,0.7749999761581421,0.7749999761581421,0.7649999856948853,0.7699999809265137,579000,0.42645469307899475
2017-05-23,0.7649999856948853,0.7950000166893005,0.7649999856948853,0.7900000214576721,675900,0.43753135204315186
2017-05-24,0.7950000166893005,0.7950000166893005,0.7799999713897705,0.7799999713897705,450700,0.4319930374622345
2017-05-25,0.7900000214576721,0.7950000166893005,0.7799999713897705,0.7950000166893005,583600,0.4403006136417389
2017-05-26,0.7799999713897705,0.7950000166893005,0.7799999713897705,0.7799999713897705,451000,0.4319930374622345
2017-05-29,0.7799999713897705,0.7799999713897705,0.7649999856948853,0.7749999761581421,402800,0.4292239546775818
2017-05-30,0.7749999761581421,0.7749999761581421,0.7549999952316284,0.7599999904632568,447400,0.4209163188934326
2017-05-31,0.7649999856948853,0.7749999761581421,0.75,0.75,2010500,0.41537797451019287
2017-06-01,0.75,0.7599999904632568,0.7450000047683716,0.75,590600,0.41537797451019287
2017-06-02,0.7450000047683716,0.7649999856948853,0.7450000047683716,0.7549999952316284,436300,0.4181470274925232
2017-06-05,0.7599999904632568,0.7649999856948853,0.7599999904632568,0.7599999904632568,95700,0.4209163188934326
2017-06-06,0.7649999856948853,0.7649999856948853,0.7549999952316284,0.7649999856948853,272300,0.42368555068969727
2017-06-07,0.7649999856948853,0.7649999856948853,0.75,0.7649999856948853,245600,0.42368555068969727
2017-06-08,0.7599999904632568,0.7599999904632568,0.75,0.75,130400,0.41537797451019287
2017-06-09,0.75,0.7649999856948853,0.7450000047683716,0.7549999952316284,354900,0.4181470274925232
2017-06-12,0.75,0.7549999952316284,0.7400000095367432,0.7400000095367432,189500,0.4098395109176636
2017-06-13,0.7400000095367432,0.7450000047683716,0.7350000143051147,0.7400000095367432,419400,0.4098395109176636
2017-06-14,0.7400000095367432,0.7400000095367432,0.7300000190734863,0.7300000190734863,392300,0.40430116653442383
2017-06-15,0.7350000143051147,0.7350000143051147,0.7300000190734863,0.7300000190734863,170900,0.40430116653442383
2017-06-16,0.7350000143051147,0.7799999713897705,0.7300000190734863,0.7599999904632568,1584600,0.4209163188934326
2017-06-19,0.7699999809265137,0.7699999809265137,0.7549999952316284,0.7599999904632568,139900,0.4209163188934326
2017-06-20,0.7649999856948853,0.7649999856948853,0.7450000047683716,0.7549999952316284,253400,0.4181470274925232
2017-06-21,0.7599999904632568,0.7649999856948853,0.7450000047683716,0.75,201400,0.41537797451019287
2017-06-22,0.7549999952316284,0.7649999856948853,0.7450000047683716,0.7549999952316284,1206881,0.4181470274925232
2017-06-23,0.7549999952316284,0.7549999952316284,0.7400000095367432,0.7450000047683716,290800,0.412608802318573
2017-06-27,0.7450000047683716,0.7599999904632568,0.7450000047683716,0.7450000047683716,212500,0.412608802318573
2017-06-28,0.75,0.7599999904632568,0.7450000047683716,0.7599999904632568,317100,0.4209163188934326
2017-06-29,0.7450000047683716,0.7699999809265137,0.7450000047683716,0.7699999809265137,436200,0.42645469307899475
2017-06-30,0.7599999904632568,0.7649999856948853,0.75,0.75,225000,0.41537797451019287
2017-07-03,0.7549999952316284,0.7549999952316284,0.75,0.75,21400,0.41537797451019287
2017-07-04,0.75,0.7549999952316284,0.7450000047683716,0.75,312800,0.41537797451019287
2017-07-05,0.7450000047683716,0.75,0.7400000095367432,0.75,131600,0.41537797451019287
2017-07-06,0.75,0.7649999856948853,0.75,0.7549999952316284,157200,0.4181470274925232
2017-07-07,0.7549999952316284,0.7649999856948853,0.7450000047683716,0.7450000047683716,244000,0.412608802318573
2017-07-10,0.75,0.7599999904632568,0.7450000047683716,0.75,123500,0.41537797451019287
2017-07-11,0.75,0.7649999856948853,0.75,0.75,69300,0.41537797451019287
2017-07-12,0.75,0.7649999856948853,0.75,0.7649999856948853,945300,0.42368555068969727
2017-07-13,0.7599999904632568,0.7599999904632568,0.7450000047683716,0.75,375500,0.41537797451019287
2017-07-14,0.75,0.7649999856948853,0.75,0.7599999904632568,474000,0.4209163188934326
2017-07-17,0.7549999952316284,0.7599999904632568,0.7450000047683716,0.75,1216300,0.41537797451019287
2017-07-18,0.75,0.75,0.7300000190734863,0.7350000143051147,1450400,0.4070703983306885
2017-07-19,0.7350000143051147,0.7450000047683716,0.7350000143051147,0.7350000143051147,271100,0.4070703983306885
2017-07-20,0.7400000095367432,0.7450000047683716,0.7350000143051147,0.7400000095367432,543500,0.4098395109176636
2017-07-21,0.7400000095367432,0.7400000095367432,0.7300000190734863,0.7300000190734863,941800,0.40430116653442383
2017-07-24,0.7350000143051147,0.7450000047683716,0.7300000190734863,0.7300000190734863,592600,0.40430116653442383
2017-07-25,0.7300000190734863,0.7400000095367432,0.7300000190734863,0.7350000143051147,907900,0.4070703983306885
2017-07-26,0.7300000190734863,0.7350000143051147,0.7300000190734863,0.7300000190734863,1409700,0.40430116653442383
2017-07-27,0.7350000143051147,0.7450000047683716,0.7300000190734863,0.7400000095367432,1639000,0.4098395109176636
2017-07-28,0.7400000095367432,0.75,0.7400000095367432,0.7450000047683716,1573400,0.412608802318573
2017-07-31,0.7450000047683716,0.7549999952316284,0.7300000190734863,0.7400000095367432,526600,0.4098395109176636
2017-08-01,0.7400000095367432,0.7400000095367432,0.7350000143051147,0.7350000143051147,243600,0.4070703983306885
2017-08-02,0.7350000143051147,0.7400000095367432,0.7350000143051147,0.7400000095367432,285100,0.4098395109176636
2017-08-03,0.7300000190734863,0.7350000143051147,0.7200000286102295,0.7250000238418579,601300,0.40153202414512634
2017-08-04,0.7200000286102295,0.7200000286102295,0.7099999785423279,0.7149999737739563,741500,0.39599359035491943
2017-08-07,0.7149999737739563,0.7200000286102295,0.6949999928474426,0.7049999833106995,1375900,0.3904551565647125
2017-08-08,0.7099999785423279,0.7149999737739563,0.699999988079071,0.7049999833106995,446400,0.3904551565647125
2017-08-10,0.7200000286102295,0.7200000286102295,0.699999988079071,0.7049999833106995,555700,0.3904551565647125
2017-08-11,0.7049999833106995,0.7049999833106995,0.6949999928474426,0.6949999928474426,520900,0.38491684198379517
2017-08-14,0.6949999928474426,0.7049999833106995,0.6949999928474426,0.699999988079071,711000,0.38768601417541504
2017-08-15,0.7149999737739563,0.7350000143051147,0.7149999737739563,0.7350000143051147,2149100,0.4070703983306885
2017-08-16,0.7300000190734863,0.7300000190734863,0.7250000238418579,0.7250000238418579,248900,0.40153202414512634
2017-08-17,0.7250000238418579,0.7300000190734863,0.7200000286102295,0.7250000238418579,322000,0.40153202414512634
2017-08-18,0.7250000238418579,0.7250000238418579,0.7149999737739563,0.7200000286102295,191400,0.39876285195350647
2017-08-21,0.7200000286102295,0.7200000286102295,0.7099999785423279,0.7099999785423279,416600,0.39322441816329956
2017-08-22,0.7099999785423279,0.7099999785423279,0.6850000023841858,0.7049999833106995,2877300,0.394623726606369
2017-08-23,0.7049999833106995,0.7300000190734863,0.699999988079071,0.7250000238418579,865100,0.4058188199996948
2017-08-24,0.7300000190734863,0.7400000095367432,0.7200000286102295,0.7350000143051147,699300,0.41141632199287415
2017-08-25,0.7350000143051147,0.7450000047683716,0.7250000238418579,0.7350000143051147,686400,0.41141632199287415
2017-08-28,0.7350000143051147,0.7450000047683716,0.7300000190734863,0.7450000047683716,363100,0.41701385378837585
2017-08-29,0.7350000143051147,0.7400000095367432,0.7350000143051147,0.7350000143051147,174500,0.41141632199287415
2017-08-30,0.7350000143051147,0.7450000047683716,0.7300000190734863,0.7350000143051147,83900,0.41141632199287415
2017-08-31,0.7300000190734863,0.7400000095367432,0.7200000286102295,0.7400000095367432,363300,0.4142150580883026
2017-09-04,0.7300000190734863,0.7300000190734863,0.7200000286102295,0.7300000190734863,214000,0.4086175858974457
2017-09-05,0.7300000190734863,0.7400000095367432,0.7300000190734863,0.7300000190734863,85600,0.4086175858974457
2017-09-06,0.7350000143051147,0.7350000143051147,0.7149999737739563,0.7200000286102295,343000,0.40302008390426636
2017-09-07,0.7250000238418579,0.7250000238418579,0.7049999833106995,0.7200000286102295,786800,0.40302008390426636
2017-09-08,0.7099999785423279,0.7200000286102295,0.7049999833106995,0.7200000286102295,269600,0.40302008390426636
2017-09-11,0.7200000286102295,0.7200000286102295,0.7099999785423279,0.7200000286102295,238300,0.40302008390426636
2017-09-12,0.7200000286102295,0.7200000286102295,0.7099999785423279,0.7149999737739563,130300,0.4002212584018707
2017-09-13,0.7149999737739563,0.7300000190734863,0.7149999737739563,0.7250000238418579,273200,0.4058188199996948
2017-09-14,0.7250000238418579,0.7250000238418579,0.7149999737739563,0.7200000286102295,364700,0.40302008390426636
2017-09-15,0.7200000286102295,0.7350000143051147,0.7149999737739563,0.7250000238418579,698700,0.4058188199996948
2017-09-18,0.7300000190734863,0.75,0.7300000190734863,0.7400000095367432,548500,0.4142150580883026
2017-09-19,0.7400000095367432,0.7450000047683716,0.7350000143051147,0.7400000095367432,370900,0.4142150580883026
2017-09-20,0.7450000047683716,0.7649999856948853,0.7450000047683716,0.7599999904632568,1157900,0.42541009187698364
2017-09-21,0.7649999856948853,0.7649999856948853,0.7450000047683716,0.75,1103500,0.4198125898838043
2017-09-22,0.75,0.75,0.7450000047683716,0.7450000047683716,28800,0.41701385378837585
2017-09-25,0.7549999952316284,0.7549999952316284,0.7400000095367432,0.7450000047683716,328100,0.41701385378837585
2017-09-26,0.7400000095367432,0.7450000047683716,0.7400000095367432,0.7400000095367432,377700,0.4142150580883026
2017-09-27,0.7450000047683716,0.75,0.7400000095367432,0.7450000047683716,576000,0.41701385378837585
2017-09-28,0.7450000047683716,0.7450000047683716,0.7350000143051147,0.7350000143051147,743500,0.41141632199287415
2017-09-29,0.7350000143051147,0.7450000047683716,0.7350000143051147,0.7350000143051147,285200,0.41141632199287415
2017-10-02,0.7400000095367432,0.75,0.7350000143051147,0.7400000095367432,805940,0.4142150580883026
2017-10-03,0.7450000047683716,0.7450000047683716,0.7300000190734863,0.7350000143051147,345700,0.41141632199287415
2017-10-04,0.7350000143051147,0.7400000095367432,0.7300000190734863,0.7300000190734863,529400,0.4086175858974457
2017-10-05,0.7300000190734863,0.7350000143051147,0.7250000238418579,0.7300000190734863,748800,0.4086175858974457
2017-10-06,0.7300000190734863,0.7400000095367432,0.7300000190734863,0.7350000143051147,507800,0.41141632199287415
2017-10-09,0.7350000143051147,0.7450000047683716,0.7300000190734863,0.7350000143051147,323300,0.41141632199287415
2017-10-10,0.7350000143051147,0.7350000143051147,0.7250000238418579,0.7300000190734863,397700,0.4086175858974457
2017-10-11,0.7300000190734863,0.7300000190734863,0.7250000238418579,0.7300000190734863,840100,0.4086175858974457
2017-10-12,0.7300000190734863,0.7300000190734863,0.7250000238418579,0.7300000190734863,612700,0.4086175858974457
2017-10-13,0.7300000190734863,0.7400000095367432,0.7300000190734863,0.7350000143051147,1026000,0.41141632199287415
2017-10-16,0.7350000143051147,0.75,0.7350000143051147,0.75,726400,0.4198125898838043
2017-10-17,0.75,0.75,0.7400000095367432,0.7400000095367432,1152400,0.4142150580883026
2017-10-19,0.7400000095367432,0.7400000095367432,0.7250000238418579,0.7300000190734863,1949000,0.4086175858974457
2017-10-20,0.7300000190734863,0.7400000095367432,0.7250000238418579,0.7300000190734863,841500,0.4086175858974457
2017-10-23,0.7400000095367432,0.7450000047683716,0.7350000143051147,0.7400000095367432,382900,0.4142150580883026
2017-10-24,0.7400000095367432,0.7599999904632568,0.7400000095367432,0.7549999952316284,1040100,0.4226112365722656
2017-10-25,0.7649999856948853,0.7799999713897705,0.7649999856948853,0.7749999761581421,1984100,0.43380632996559143
2017-10-26,0.7749999761581421,0.7799999713897705,0.7649999856948853,0.7749999761581421,1202200,0.43380632996559143
2017-10-27,0.7799999713897705,0.7900000214576721,0.7749999761581421,0.7799999713897705,1012600,0.4366050362586975
2017-10-30,0.7900000214576721,0.7900000214576721,0.7799999713897705,0.7900000214576721,1018800,0.44220250844955444
2017-10-31,0.7900000214576721,0.7950000166893005,0.7799999713897705,0.7900000214576721,1057700,0.44220250844955444
2017-11-01,0.7950000166893005,0.800000011920929,0.7900000214576721,0.7950000166893005,956500,0.44500142335891724
2017-11-02,0.800000011920929,0.8050000071525574,0.7950000166893005,0.8050000071525574,2350400,0.450598806142807
2017-11-03,0.7950000166893005,0.8050000071525574,0.7900000214576721,0.7900000214576721,351900,0.44220250844955444
2017-11-06,0.7799999713897705,0.7900000214576721,0.7699999809265137,0.7900000214576721,1064900,0.44220250844955444
2017-11-07,0.7749999761581421,0.8299999833106995,0.7749999761581421,0.824999988079071,2977400,0.4617938697338104
2017-11-08,0.8299999833106995,0.8349999785423279,0.7850000262260437,0.800000011920929,2449800,0.4478000998497009
2017-11-09,0.7950000166893005,0.8100000023841858,0.7950000166893005,0.8100000023841858,277500,0.45339763164520264
2017-11-10,0.800000011920929,0.8199999928474426,0.800000011920929,0.8050000071525574,360200,0.450598806142807
2017-11-13,0.8100000023841858,0.824999988079071,0.8050000071525574,0.824999988079071,438300,0.4617938697338104
2017-11-14,0.8199999928474426,0.8450000286102295,0.8100000023841858,0.8349999785423279,2300900,0.4673912823200226
2017-11-15,0.8349999785423279,0.8349999785423279,0.8149999976158142,0.8199999928474426,1347100,0.45899510383605957
2017-11-16,0.8199999928474426,0.824999988079071,0.8050000071525574,0.8050000071525574,547700,0.450598806142807
2017-11-17,0.8050000071525574,0.8100000023841858,0.800000011920929,0.8050000071525574,392400,0.450598806142807
2017-11-20,0.8050000071525574,0.8100000023841858,0.800000011920929,0.8050000071525574,778900,0.450598806142807
2017-11-21,0.800000011920929,0.8050000071525574,0.7900000214576721,0.800000011920929,963400,0.4478000998497009
2017-11-22,0.7799999713897705,0.8050000071525574,0.7799999713897705,0.7950000166893005,383100,0.44500142335891724
2017-11-23,0.7950000166893005,0.800000011920929,0.7900000214576721,0.7950000166893005,491900,0.44500142335891724
2017-11-24,0.7950000166893005,0.7950000166893005,0.7799999713897705,0.7799999713897705,515200,0.4366050362586975
2017-11-27,0.7799999713897705,0.7850000262260437,0.7749999761581421,0.7799999713897705,173800,0.4366050362586975
2017-11-28,0.7799999713897705,0.7799999713897705,0.7699999809265137,0.7799999713897705,286600,0.4366050362586975
2017-11-29,0.7749999761581421,0.7799999713897705,0.7749999761581421,0.7749999761581421,322500,0.43380632996559143
2017-11-30,0.7699999809265137,0.7749999761581421,0.7599999904632568,0.7599999904632568,234600,0.42541009187698364
2017-12-01,0.7599999904632568,0.7749999761581421,0.7549999952316284,0.7649999856948853,29900,0.4282089173793793
2017-12-04,0.7599999904632568,0.7699999809265137,0.7549999952316284,0.7649999856948853,455500,0.4282089173793793
2017-12-05,0.7699999809265137,0.7699999809265137,0.7549999952316284,0.7599999904632568,747600,0.42541009187698364
2017-12-06,0.7599999904632568,0.7699999809265137,0.7549999952316284,0.7599999904632568,564300,0.42541009187698364
2017-12-07,0.7599999904632568,0.7599999904632568,0.7400000095367432,0.7400000095367432,655400,0.4142150580883026
2017-12-08,0.7400000095367432,0.7400000095367432,0.7250000238418579,0.7350000143051147,1788300,0.41141632199287415
2017-12-11,0.7400000095367432,0.75,0.7400000095367432,0.75,788800,0.4198125898838043
2017-12-12,0.75,0.7599999904632568,0.7450000047683716,0.7599999904632568,819700,0.42541009187698364
2017-12-13,0.7649999856948853,0.7649999856948853,0.7450000047683716,0.7450000047683716,1025400,0.41701385378837585
2017-12-14,0.7549999952316284,0.7649999856948853,0.7549999952316284,0.7649999856948853,1128600,0.4282089173793793
2017-12-15,0.7599999904632568,0.7699999809265137,0.7599999904632568,0.7699999809265137,596300,0.4310075640678406
2017-12-18,0.7599999904632568,0.7599999904632568,0.7450000047683716,0.7450000047683716,316100,0.41701385378837585
2017-12-19,0.7400000095367432,0.7649999856948853,0.7400000095367432,0.7649999856948853,533200,0.4282089173793793
2017-12-20,0.7549999952316284,0.7599999904632568,0.7450000047683716,0.7450000047683716,60900,0.41701385378837585
2017-12-21,0.7549999952316284,0.7549999952316284,0.7400000095367432,0.7450000047683716,616900,0.41701385378837585
2017-12-22,0.7450000047683716,0.7549999952316284,0.7450000047683716,0.75,48600,0.4198125898838043
2017-12-26,0.7450000047683716,0.7549999952316284,0.7400000095367432,0.75,302800,0.4198125898838043
2017-12-27,0.7450000047683716,0.7549999952316284,0.7450000047683716,0.75,215200,0.4198125898838043
2017-12-28,0.75,0.7599999904632568,0.75,0.7549999952316284,423100,0.4226112365722656
2017-12-29,0.7549999952316284,0.7549999952316284,0.7400000095367432,0.7450000047683716,492000,0.41701385378837585
2018-01-02,0.7450000047683716,0.75,0.7400000095367432,0.75,321100,0.4198125898838043
2018-01-03,0.7549999952316284,0.7599999904632568,0.7450000047683716,0.7599999904632568,367800,0.42541009187698364
2018-01-04,0.7549999952316284,0.7699999809265137,0.75,0.7599999904632568,1267600,0.42541009187698364
2018-01-05,0.7599999904632568,0.7599999904632568,0.7549999952316284,0.7599999904632568,2457700,0.42541009187698364
2018-01-08,0.7599999904632568,0.7850000262260437,0.7599999904632568,0.7749999761581421,1268100,0.43380632996559143
2018-01-09,0.7799999713897705,0.7850000262260437,0.7599999904632568,0.7649999856948853,1338600,0.4282089173793793
2018-01-10,0.7599999904632568,0.7649999856948853,0.7549999952316284,0.7549999952316284,930300,0.4226112365722656
2018-01-11,0.7549999952316284,0.7649999856948853,0.7549999952316284,0.7649999856948853,101200,0.4282089173793793
2018-01-12,0.7549999952316284,0.7599999904632568,0.7450000047683716,0.7549999952316284,1517900,0.4226112365722656
2018-01-15,0.7599999904632568,0.7599999904632568,0.75,0.75,621700,0.4198125898838043
2018-01-16,0.75,0.7549999952316284,0.75,0.75,650500,0.4198125898838043
2018-01-17,0.75,0.7549999952316284,0.75,0.7549999952316284,190600,0.4226112365722656
2018-01-18,0.7549999952316284,0.7549999952316284,0.7450000047683716,0.7450000047683716,1042600,0.41701385378837585
2018-01-19,0.75,0.75,0.7400000095367432,0.7450000047683716,560600,0.41701385378837585
2018-01-22,0.7450000047683716,0.75,0.7400000095367432,0.7400000095367432,1336700,0.4142150580883026
2018-01-23,0.7450000047683716,0.75,0.7400000095367432,0.7450000047683716,818300,0.41701385378837585
2018-01-24,0.7450000047683716,0.75,0.7450000047683716,0.7450000047683716,400500,0.41701385378837585
2018-01-25,0.75,0.7549999952316284,0.7450000047683716,0.75,492300,0.4198125898838043
2018-01-26,0.75,0.7599999904632568,0.75,0.7599999904632568,518300,0.42541009187698364
2018-01-29,0.7599999904632568,0.7699999809265137,0.75,0.75,1044500,0.4198125898838043
2018-01-30,0.7599999904632568,0.7599999904632568,0.75,0.75,714100,0.4198125898838043
2018-01-31,0.7549999952316284,0.7549999952316284,0.7400000095367432,0.7450000047683716,361800,0.41701385378837585
2018-02-01,0.75,0.75,0.7400000095367432,0.7400000095367432,543100,0.4142150580883026
2018-02-02,0.7450000047683716,0.75,0.7400000095367432,0.7400000095367432,464400,0.4142150580883026
2018-02-05,0.7400000095367432,0.7450000047683716,0.7250000238418579,0.7300000190734863,2005900,0.4086175858974457
2018-02-06,0.7300000190734863,0.7300000190734863,0.699999988079071,0.7099999785423279,2677300,0.39742252230644226
2018-02-07,0.7200000286102295,0.7300000190734863,0.7099999785423279,0.7149999737739563,983100,0.4002212584018707
2018-02-08,0.7149999737739563,0.7200000286102295,0.7099999785423279,0.7099999785423279,363800,0.39742252230644226
2018-02-09,0.7099999785423279,0.7099999785423279,0.699999988079071,0.7099999785423279,1685700,0.39742252230644226
2018-02-12,0.7049999833106995,0.7049999833106995,0.6949999928474426,0.6949999928474426,696000,0.38902631402015686
2018-02-13,0.6949999928474426,0.7149999737739563,0.6949999928474426,0.7049999833106995,1372800,0.394623726606369
2018-02-14,0.7049999833106995,0.7099999785423279,0.699999988079071,0.699999988079071,492800,0.39182496070861816
2018-02-15,0.699999988079071,0.7099999785423279,0.699999988079071,0.7099999785423279,204700,0.39742252230644226
2018-02-19,0.7099999785423279,0.7200000286102295,0.7049999833106995,0.7200000286102295,350200,0.40302008390426636
2018-02-20,0.7200000286102295,0.7200000286102295,0.7099999785423279,0.7099999785423279,555700,0.39742252230644226
2018-02-21,0.7099999785423279,0.7149999737739563,0.699999988079071,0.7049999833106995,1220300,0.394623726606369
2018-02-22,0.7049999833106995,0.7049999833106995,0.699999988079071,0.699999988079071,510800,0.39182496070861816
2018-02-23,0.7049999833106995,0.7099999785423279,0.699999988079071,0.7049999833106995,336000,0.394623726606369
2018-02-26,0.7049999833106995,0.7149999737739563,0.7049999833106995,0.7149999737739563,718800,0.4002212584018707
2018-02-27,0.7200000286102295,0.7450000047683716,0.7200000286102295,0.7450000047683716,905400,0.41701385378837585
2018-02-28,0.7250000238418579,0.7350000143051147,0.7250000238418579,0.7300000190734863,351000,0.4086175858974457
2018-03-01,0.7250000238418579,0.7250000238418579,0.7149999737739563,0.7200000286102295,297200,0.40302008390426636
2018-03-02,0.7149999737739563,0.7149999737739563,0.7049999833106995,0.7099999785423279,238500,0.39742252230644226
2018-03-05,0.7099999785423279,0.7099999785423279,0.699999988079071,0.7049999833106995,111200,0.394623726606369
2018-03-06,0.7099999785423279,0.7149999737739563,0.7099999785423279,0.7099999785423279,277100,0.39742252230644226
2018-03-07,0.7099999785423279,0.7099999785423279,0.699999988079071,0.699999988079071,383200,0.39182496070861816
2018-03-08,0.7049999833106995,0.7149999737739563,0.7049999833106995,0.7149999737739563,60200,0.4002212584018707
2018-03-09,0.7099999785423279,0.7350000143051147,0.7099999785423279,0.7099999785423279,488100,0.39742252230644226
2018-03-12,0.7200000286102295,0.7300000190734863,0.7099999785423279,0.7099999785423279,350600,0.39742252230644226
2018-03-13,0.7200000286102295,0.7200000286102295,0.7099999785423279,0.7149999737739563,211700,0.4002212584018707
2018-03-14,0.7200000286102295,0.7200000286102295,0.7099999785423279,0.7099999785423279,350900,0.39742252230644226
2018-03-15,0.7049999833106995,0.7149999737739563,0.7049999833106995,0.7149999737739563,116300,0.4002212584018707
2018-03-16,0.7099999785423279,0.7200000286102295,0.7099999785423279,0.7200000286102295,308100,0.40302008390426636
2018-03-19,0.7099999785423279,0.7099999785423279,0.7099999785423279,0.7099999785423279,152400,0.39742252230644226
2018-03-20,0.7049999833106995,0.7149999737739563,0.7049999833106995,0.7049999833106995,99300,0.394623726606369
2018-03-21,0.7049999833106995,0.7149999737739563,0.7049999833106995,0.7099999785423279,292200,0.39742252230644226
2018-03-22,0.7049999833106995,0.7099999785423279,0.7049999833106995,0.7049999833106995,111000,0.394623726606369
2018-03-23,0.7099999785423279,0.7099999785423279,0.699999988079071,0.7049999833106995,168400,0.394623726606369
2018-03-26,0.699999988079071,0.7099999785423279,0.699999988079071,0.7049999833106995,285600,0.394623726606369
2018-03-27,0.7099999785423279,0.7200000286102295,0.7099999785423279,0.7149999737739563,454900,0.4002212584018707
2018-03-28,0.7149999737739563,0.7149999737739563,0.7049999833106995,0.7099999785423279,998200,0.39742252230644226
2018-03-29,0.699999988079071,0.7149999737739563,0.699999988079071,0.7099999785423279,302200,0.39742252230644226
2018-04-02,0.7099999785423279,0.7250000238418579,0.7099999785423279,0.7149999737739563,339600,0.4002212584018707
2018-04-03,0.7149999737739563,0.7200000286102295,0.7099999785423279,0.7149999737739563,250700,0.4002212584018707
2018-04-04,0.7300000190734863,0.7300000190734863,0.7049999833106995,0.7049999833106995,600400,0.394623726606369
2018-04-05,0.7099999785423279,0.7200000286102295,0.7049999833106995,0.7200000286102295,634600,0.40302008390426636
2018-04-06,0.7200000286102295,0.7200000286102295,0.7049999833106995,0.7149999737739563,235200,0.4002212584018707
2018-04-09,0.7149999737739563,0.7149999737739563,0.7149999737739563,0.7149999737739563,0,0.4002212584018707
2018-04-10,0.7300000190734863,0.7300000190734863,0.7099999785423279,0.7200000286102295,121300,0.40302008390426636
2018-04-11,0.7200000286102295,0.7200000286102295,0.699999988079071,0.7149999737739563,446500,0.4002212584018707
2018-04-12,0.7099999785423279,0.7250000238418579,0.7099999785423279,0.7200000286102295,101400,0.40302008390426636
2018-04-13,0.7250000238418579,0.7250000238418579,0.7099999785423279,0.7099999785423279,164700,0.39742252230644226
2018-04-16,0.7200000286102295,0.7200000286102295,0.7099999785423279,0.7099999785423279,167200,0.39742252230644226
2018-04-17,0.7099999785423279,0.7149999737739563,0.7049999833106995,0.7049999833106995,77700,0.394623726606369
2018-04-18,0.7099999785423279,0.7200000286102295,0.7099999785423279,0.7149999737739563,444800,0.4002212584018707
2018-04-19,0.7200000286102295,0.7200000286102295,0.7099999785423279,0.7200000286102295,327400,0.40302008390426636
2018-04-20,0.7200000286102295,0.7200000286102295,0.7099999785423279,0.7200000286102295,194400,0.40302008390426636
2018-04-23,0.7149999737739563,0.7149999737739563,0.7049999833106995,0.7099999785423279,135300,0.39742252230644226
2018-04-24,0.7099999785423279,0.7149999737739563,0.7099999785423279,0.7149999737739563,331000,0.4002212584018707
2018-04-25,0.7099999785423279,0.7149999737739563,0.7099999785423279,0.7099999785423279,45100,0.39742252230644226
2018-04-26,0.7099999785423279,0.7149999737739563,0.7099999785423279,0.7099999785423279,43900,0.39742252230644226
2018-04-27,0.7099999785423279,0.7149999737739563,0.7099999785423279,0.7149999737739563,84700,0.4002212584018707
2018-04-30,0.7149999737739563,0.7200000286102295,0.7099999785423279,0.7200000286102295,30400,0.40302008390426636
2018-05-02,0.7149999737739563,0.7149999737739563,0.7099999785423279,0.7099999785423279,76800,0.39742252230644226
2018-05-03,0.7099999785423279,0.7099999785423279,0.7049999833106995,0.7099999785423279,241200,0.39742252230644226
2018-05-04,0.7149999737739563,0.7200000286102295,0.699999988079071,0.699999988079071,988300,0.39182496070861816
2018-05-07,0.699999988079071,0.7049999833106995,0.6850000023841858,0.6899999976158142,910200,0.3862276077270508
2018-05-08,0.6850000023841858,0.6850000023841858,0.6650000214576721,0.6700000166893005,1166400,0.386227548122406
2018-05-09,0.675000011920929,0.6949999928474426,0.675000011920929,0.6850000023841858,291100,0.3948745131492615
2018-05-10,0.6899999976158142,0.6949999928474426,0.6850000023841858,0.6899999976158142,90000,0.39775678515434265
2018-05-11,0.6949999928474426,0.699999988079071,0.6800000071525574,0.6899999976158142,148400,0.39775678515434265
2018-05-14,0.7049999833106995,0.7099999785423279,0.699999988079071,0.7049999833106995,79100,0.4064035713672638
2018-05-15,0.7049999833106995,0.7149999737739563,0.6850000023841858,0.6899999976158142,1082500,0.39775678515434265
2018-05-16,0.6899999976158142,0.7049999833106995,0.6899999976158142,0.6949999928474426,519200,0.40063905715942383
2018-05-17,0.699999988079071,0.7099999785423279,0.6949999928474426,0.699999988079071,868600,0.40352123975753784
2018-05-18,0.6949999928474426,0.699999988079071,0.6850000023841858,0.6899999976158142,671700,0.39775678515434265
2018-05-21,0.6899999976158142,0.699999988079071,0.6850000023841858,0.6899999976158142,249000,0.39775678515434265
2018-05-22,0.6899999976158142,0.6949999928474426,0.6899999976158142,0.6899999976158142,180600,0.39775678515434265
2018-05-23,0.6899999976158142,0.6899999976158142,0.6850000023841858,0.6899999976158142,397300,0.39775678515434265
2018-05-24,0.6899999976158142,0.6899999976158142,0.6850000023841858,0.6899999976158142,963900,0.39775678515434265
2018-05-25,0.6899999976158142,0.7049999833106995,0.6899999976158142,0.699999988079071,495800,0.40352123975753784
2018-05-28,0.7049999833106995,0.7049999833106995,0.6949999928474426,0.699999988079071,252200,0.40352123975753784
2018-05-30,0.7049999833106995,0.7049999833106995,0.6850000023841858,0.7049999833106995,158000,0.4064035713672638
2018-05-31,0.7049999833106995,0.7049999833106995,0.6899999976158142,0.699999988079071,1667900,0.40352123975753784
2018-06-01,0.7099999785423279,0.7099999785423279,0.6800000071525574,0.6850000023841858,1055100,0.3948745131492615
2018-06-04,0.6850000023841858,0.6850000023841858,0.6800000071525574,0.6800000071525574,249000,0.39199212193489075
2018-06-05,0.6800000071525574,0.6800000071525574,0.6700000166893005,0.675000011920929,344100,0.38910984992980957
2018-06-06,0.6850000023841858,0.6850000023841858,0.6700000166893005,0.6700000166893005,331000,0.386227548122406
2018-06-07,0.675000011920929,0.6800000071525574,0.6600000262260437,0.6650000214576721,703500,0.3833453357219696
2018-06-08,0.6650000214576721,0.675000011920929,0.6650000214576721,0.6650000214576721,796600,0.3833453357219696
2018-06-11,0.675000011920929,0.6800000071525574,0.675000011920929,0.675000011920929,1090000,0.38910984992980957
2018-06-12,0.675000011920929,0.6800000071525574,0.675000011920929,0.6800000071525574,326900,0.39199212193489075
2018-06-13,0.6800000071525574,0.6800000071525574,0.6800000071525574,0.6800000071525574,0,0.39199212193489075
2018-06-14,0.6650000214576721,0.6700000166893005,0.6600000262260437,0.6600000262260437,730600,0.38046297430992126
2018-06-18,0.6700000166893005,0.6700000166893005,0.6600000262260437,0.6650000214576721,118300,0.3833453357219696
2018-06-19,0.6650000214576721,0.6700000166893005,0.6549999713897705,0.6600000262260437,443900,0.38046297430992126
2018-06-20,0.6600000262260437,0.6700000166893005,0.6499999761581421,0.6499999761581421,243300,0.37469831109046936
2018-06-21,0.6499999761581421,0.6549999713897705,0.6449999809265137,0.6449999809265137,271800,0.37181606888771057
2018-06-22,0.6399999856948853,0.6449999809265137,0.6100000143051147,0.6100000143051147,1636000,0.3516400456428528
2018-06-25,0.625,0.6299999952316284,0.6150000095367432,0.6150000095367432,875100,0.35452234745025635
2018-06-26,0.6150000095367432,0.6299999952316284,0.6150000095367432,0.6200000047683716,745700,0.35740458965301514
2018-06-27,0.6200000047683716,0.625,0.6150000095367432,0.6200000047683716,675300,0.35740458965301514
2018-06-28,0.6200000047683716,0.6299999952316284,0.6150000095367432,0.6200000047683716,540300,0.35740458965301514
2018-06-29,0.6200000047683716,0.625,0.6150000095367432,0.6200000047683716,1207300,0.35740458965301514
2018-07-02,0.625,0.6399999856948853,0.625,0.6349999904632568,183200,0.3660515248775482
2018-07-03,0.6299999952316284,0.6399999856948853,0.625,0.6349999904632568,104500,0.3660515248775482
2018-07-04,0.6299999952316284,0.6399999856948853,0.6299999952316284,0.6399999856948853,127900,0.3689337372779846
2018-07-05,0.6349999904632568,0.6449999809265137,0.6349999904632568,0.6449999809265137,141200,0.37181606888771057
2018-07-06,0.6399999856948853,0.6449999809265137,0.6349999904632568,0.6449999809265137,188300,0.37181606888771057
2018-07-09,0.6449999809265137,0.6499999761581421,0.6449999809265137,0.6449999809265137,105300,0.37181606888771057
2018-07-10,0.6399999856948853,0.6499999761581421,0.6399999856948853,0.6499999761581421,125500,0.37469831109046936
2018-07-11,0.6449999809265137,0.6499999761581421,0.6399999856948853,0.6499999761581421,85000,0.37469831109046936
2018-07-12,0.6399999856948853,0.6600000262260437,0.6399999856948853,0.6499999761581421,106800,0.37469831109046936
2018-07-13,0.6499999761581421,0.6499999761581421,0.6399999856948853,0.6449999809265137,149600,0.37181606888771057
2018-07-16,0.6399999856948853,0.6549999713897705,0.6399999856948853,0.6449999809265137,375000,0.37181606888771057
2018-07-17,0.6449999809265137,0.6850000023841858,0.6449999809265137,0.6800000071525574,131400,0.39199212193489075
2018-07-18,0.6850000023841858,0.6949999928474426,0.6800000071525574,0.6899999976158142,101600,0.39775678515434265
2018-07-19,0.6800000071525574,0.6899999976158142,0.675000011920929,0.6800000071525574,350000,0.39199212193489075
2018-07-20,0.6800000071525574,0.6899999976158142,0.6800000071525574,0.6899999976158142,2200,0.39775678515434265
2018-07-23,0.6899999976158142,0.6949999928474426,0.6850000023841858,0.6899999976158142,63400,0.39775678515434265
2018-07-24,0.6899999976158142,0.7049999833106995,0.6899999976158142,0.7049999833106995,161800,0.4064035713672638
2018-07-25,0.699999988079071,0.7099999785423279,0.6949999928474426,0.699999988079071,1161100,0.40352123975753784
2018-07-26,0.699999988079071,0.7149999737739563,0.699999988079071,0.699999988079071,329600,0.40352123975753784
2018-07-27,0.699999988079071,0.699999988079071,0.699999988079071,0.699999988079071,33500,0.40352123975753784
2018-07-30,0.7099999785423279,0.7200000286102295,0.6899999976158142,0.699999988079071,393500,0.40352123975753784
2018-07-31,0.6949999928474426,0.699999988079071,0.6949999928474426,0.6949999928474426,55900,0.40063905715942383
2018-08-01,0.699999988079071,0.7200000286102295,0.6949999928474426,0.7099999785423279,270000,0.40928590297698975
2018-08-02,0.699999988079071,0.7049999833106995,0.699999988079071,0.699999988079071,162000,0.40352123975753784
2018-08-03,0.7049999833106995,0.7049999833106995,0.6949999928474426,0.699999988079071,34700,0.40352123975753784
2018-08-06,0.699999988079071,0.699999988079071,0.699999988079071,0.699999988079071,87800,0.40352123975753784
2018-08-07,0.7049999833106995,0.7099999785423279,0.699999988079071,0.699999988079071,351300,0.40352123975753784
2018-08-08,0.7049999833106995,0.7149999737739563,0.7049999833106995,0.7149999737739563,421000,0.41216814517974854
2018-08-10,0.699999988079071,0.7049999833106995,0.6949999928474426,0.699999988079071,1534300,0.40352123975753784
2018-08-13,0.699999988079071,0.699999988079071,0.6949999928474426,0.699999988079071,403600,0.40352123975753784
2018-08-14,0.6899999976158142,0.7049999833106995,0.6899999976158142,0.7049999833106995,567500,0.4064035713672638
2018-08-15,0.7049999833106995,0.7049999833106995,0.699999988079071,0.699999988079071,1412900,0.40352123975753784
2018-08-16,0.7049999833106995,0.7049999833106995,0.6949999928474426,0.699999988079071,269800,0.40352123975753784
2018-08-17,0.699999988079071,0.7049999833106995,0.699999988079071,0.7049999833106995,323300,0.4064035713672638
2018-08-20,0.7049999833106995,0.7099999785423279,0.699999988079071,0.7049999833106995,263800,0.4064035713672638
2018-08-21,0.7049999833106995,0.7099999785423279,0.6949999928474426,0.7099999785423279,523100,0.40928590297698975
2018-08-23,0.699999988079071,0.7049999833106995,0.699999988079071,0.699999988079071,222500,0.40352123975753784
2018-08-24,0.699999988079071,0.699999988079071,0.6949999928474426,0.6949999928474426,1116200,0.40063905715942383
2018-08-27,0.699999988079071,0.7049999833106995,0.699999988079071,0.7049999833106995,127500,0.4064035713672638
2018-08-28,0.7049999833106995,0.7099999785423279,0.699999988079071,0.7099999785423279,783400,0.40928590297698975
2018-08-29,0.7099999785423279,0.7099999785423279,0.699999988079071,0.7099999785423279,766200,0.40928590297698975
2018-08-30,0.7099999785423279,0.7099999785423279,0.7049999833106995,0.7049999833106995,403000,0.4064035713672638
2018-08-31,0.699999988079071,0.699999988079071,0.699999988079071,0.699999988079071,665500,0.4078601896762848
2018-09-03,0.7049999833106995,0.7099999785423279,0.699999988079071,0.7049999833106995,121900,0.41077345609664917
2018-09-04,0.7049999833106995,0.7049999833106995,0.699999988079071,0.7049999833106995,138600,0.41077345609664917
2018-09-05,0.7049999833106995,0.7049999833106995,0.699999988079071,0.699999988079071,615800,0.4078601896762848
2018-09-06,0.7049999833106995,0.7049999833106995,0.6949999928474426,0.699999988079071,152200,0.4078601896762848
2018-09-07,0.7049999833106995,0.7049999833106995,0.6949999928474426,0.6949999928474426,457600,0.4049469828605652
2018-09-10,0.6949999928474426,0.699999988079071,0.6899999976158142,0.6899999976158142,6200,0.4020337164402008
2018-09-11,0.699999988079071,0.699999988079071,0.6800000071525574,0.6850000023841858,31300,0.3991204798221588
2018-09-12,0.6949999928474426,0.6949999928474426,0.6600000262260437,0.675000011920929,219300,0.3932938575744629
2018-09-13,0.675000011920929,0.6949999928474426,0.675000011920929,0.6850000023841858,165200,0.3991204798221588
2018-09-14,0.6850000023841858,0.6850000023841858,0.6650000214576721,0.6650000214576721,246300,0.38746732473373413
2018-09-17,0.6650000214576721,0.6800000071525574,0.6650000214576721,0.675000011920929,722600,0.3932938575744629
2018-09-18,0.6700000166893005,0.6850000023841858,0.6600000262260437,0.675000011920929,31600,0.3932938575744629
2018-09-19,0.6650000214576721,0.6949999928474426,0.6650000214576721,0.6850000023841858,108700,0.3991204798221588
2018-09-20,0.6850000023841858,0.6899999976158142,0.6600000262260437,0.6700000166893005,208400,0.39038050174713135
2018-09-21,0.6800000071525574,0.6899999976158142,0.6650000214576721,0.6650000214576721,32700,0.38746732473373413
2018-09-24,0.6650000214576721,0.6899999976158142,0.6449999809265137,0.6850000023841858,45900,0.3991204798221588
2018-09-25,0.6850000023841858,0.6850000023841858,0.6650000214576721,0.6850000023841858,50000,0.3991204798221588
2018-09-26,0.6800000071525574,0.6949999928474426,0.675000011920929,0.6850000023841858,214500,0.3991204798221588
2018-09-27,0.6899999976158142,0.6899999976158142,0.675000011920929,0.6850000023841858,69100,0.3991204798221588
2018-09-28,0.675000011920929,0.6850000023841858,0.6700000166893005,0.6700000166893005,89500,0.39038050174713135
2018-10-01,0.6850000023841858,0.6899999976158142,0.6800000071525574,0.6850000023841858,8100,0.3991204798221588
2018-10-02,0.6899999976158142,0.6899999976158142,0.675000011920929,0.6850000023841858,120200,0.3991204798221588
2018-10-03,0.6850000023841858,0.6899999976158142,0.6800000071525574,0.6899999976158142,172200,0.4020337164402008
2018-10-04,0.6800000071525574,0.6899999976158142,0.6800000071525574,0.6899999976158142,218900,0.4020337164402008
2018-10-05,0.6850000023841858,0.6850000023841858,0.675000011920929,0.6800000071525574,110300,0.3962070941925049
2018-10-08,0.6800000071525574,0.6800000071525574,0.6700000166893005,0.675000011920929,118300,0.3932938575744629
2018-10-09,0.675000011920929,0.6800000071525574,0.6700000166893005,0.675000011920929,30200,0.3932938575744629
2018-10-10,0.6700000166893005,0.6700000166893005,0.6549999713897705,0.6600000262260437,405600,0.3845539391040802
2018-10-11,0.6499999761581421,0.6499999761581421,0.6399999856948853,0.6449999809265137,172900,0.3758140802383423
2018-10-12,0.6449999809265137,0.6650000214576721,0.6399999856948853,0.6499999761581421,159900,0.3787273168563843
2018-10-15,0.6449999809265137,0.6499999761581421,0.6399999856948853,0.6499999761581421,66100,0.3787273168563843
2018-10-16,0.6499999761581421,0.6850000023841858,0.6399999856948853,0.6850000023841858,133700,0.3991204798221588
2018-10-17,0.675000011920929,0.675000011920929,0.6449999809265137,0.6650000214576721,63400,0.38746732473373413
2018-10-18,0.6650000214576721,0.6650000214576721,0.6449999809265137,0.6449999809265137,54300,0.3758140802383423
2018-10-19,0.6399999856948853,0.675000011920929,0.6399999856948853,0.6499999761581421,57500,0.3787273168563843
2018-10-22,0.6499999761581421,0.6499999761581421,0.6499999761581421,0.6499999761581421,0,0.3787273168563843
2018-10-23,0.6449999809265137,0.6549999713897705,0.6399999856948853,0.6449999809265137,141200,0.3758140802383423
2018-10-24,0.6399999856948853,0.6650000214576721,0.6399999856948853,0.6650000214576721,61000,0.38746732473373413
2018-10-25,0.6650000214576721,0.6800000071525574,0.6600000262260437,0.6700000166893005,2500,0.39038050174713135
2018-10-26,0.6650000214576721,0.6650000214576721,0.6449999809265137,0.6449999809265137,31000,0.3758140802383423
2018-10-29,0.6499999761581421,0.6499999761581421,0.6399999856948853,0.6399999856948853,93300,0.37290075421333313
2018-10-30,0.6399999856948853,0.6399999856948853,0.6349999904632568,0.6349999904632568,9900,0.3699875771999359
2018-10-31,0.6399999856948853,0.6449999809265137,0.625,0.6449999809265137,131800,0.3758140802383423
2018-11-01,0.6449999809265137,0.6449999809265137,0.6299999952316284,0.6449999809265137,84200,0.3758140802383423
2018-11-02,0.625,0.6549999713897705,0.625,0.6449999809265137,70400,0.3758140802383423
2018-11-05,0.6499999761581421,0.6499999761581421,0.6299999952316284,0.6499999761581421,42500,0.3787273168563843
2018-11-07,0.6449999809265137,0.6449999809265137,0.625,0.6349999904632568,122200,0.3699875771999359
2018-11-08,0.6299999952316284,0.6499999761581421,0.6200000047683716,0.6200000047683716,73300,0.36124762892723083
2018-11-09,0.625,0.625,0.6150000095367432,0.6200000047683716,129300,0.36124762892723083
2018-11-12,0.6299999952316284,0.6299999952316284,0.6100000143051147,0.6100000143051147,447000,0.35542112588882446
2018-11-13,0.6150000095367432,0.625,0.6050000190734863,0.6200000047683716,217900,0.36124762892723083
2018-11-14,0.6200000047683716,0.6200000047683716,0.6100000143051147,0.6100000143051147,256000,0.35542112588882446
2018-11-15,0.6100000143051147,0.625,0.6100000143051147,0.6100000143051147,13500,0.35542112588882446
2018-11-16,0.6200000047683716,0.6200000047683716,0.6100000143051147,0.6150000095367432,22400,0.35833442211151123
2018-11-19,0.6050000190734863,0.6150000095367432,0.5899999737739563,0.6100000143051147,206700,0.35542112588882446
2018-11-20,0.6000000238418579,0.6150000095367432,0.5950000286102295,0.6150000095367432,93900,0.35833442211151123
2018-11-21,0.6050000190734863,0.6150000095367432,0.6000000238418579,0.6100000143051147,108400,0.35542112588882446
2018-11-22,0.6050000190734863,0.625,0.6050000190734863,0.6100000143051147,76500,0.35542112588882446
2018-11-23,0.6050000190734863,0.6150000095367432,0.6050000190734863,0.6100000143051147,25200,0.35542112588882446
2018-11-26,0.6100000143051147,0.6200000047683716,0.6100000143051147,0.6100000143051147,50800,0.35542112588882446
2018-11-27,0.6100000143051147,0.6150000095367432,0.6050000190734863,0.6100000143051147,112300,0.35542112588882446
2018-11-28,0.6100000143051147,0.6299999952316284,0.6100000143051147,0.625,179300,0.3641609847545624
2018-11-29,0.6299999952316284,0.6449999809265137,0.625,0.625,87500,0.3641609847545624
2018-11-30,0.625,0.6499999761581421,0.6100000143051147,0.6499999761581421,425300,0.3787273168563843
2018-12-03,0.6349999904632568,0.6549999713897705,0.6349999904632568,0.6399999856948853,402600,0.37290075421333313
2018-12-04,0.6399999856948853,0.6399999856948853,0.6349999904632568,0.6349999904632568,131800,0.3699875771999359
2018-12-05,0.6100000143051147,0.6399999856948853,0.6100000143051147,0.6349999904632568,69900,0.3699875771999359
2018-12-06,0.6349999904632568,0.6399999856948853,0.6299999952316284,0.6349999904632568,395500,0.3699875771999359
2018-12-07,0.6349999904632568,0.6399999856948853,0.6349999904632568,0.6349999904632568,227300,0.3699875771999359
2018-12-10,0.6349999904632568,0.6349999904632568,0.6299999952316284,0.6349999904632568,423700,0.3699875771999359
2018-12-11,0.6349999904632568,0.6349999904632568,0.625,0.6299999952316284,44500,0.36707425117492676
2018-12-12,0.625,0.6299999952316284,0.625,0.6299999952316284,26400,0.36707425117492676
2018-12-13,0.6299999952316284,0.6349999904632568,0.625,0.6299999952316284,113800,0.36707425117492676
2018-12-14,0.6349999904632568,0.6399999856948853,0.6299999952316284,0.6399999856948853,43500,0.37290075421333313
2018-12-17,0.6349999904632568,0.6399999856948853,0.625,0.6299999952316284,465200,0.36707425117492676
2018-12-18,0.6349999904632568,0.6349999904632568,0.625,0.6299999952316284,211500,0.36707425117492676
2018-12-19,0.6299999952316284,0.6299999952316284,0.6299999952316284,0.6299999952316284,0,0.36707425117492676
2018-12-20,0.6349999904632568,0.6449999809265137,0.6349999904632568,0.6399999856948853,126200,0.37290075421333313
2018-12-21,0.6399999856948853,0.6650000214576721,0.6399999856948853,0.6600000262260437,142800,0.3845539391040802
2018-12-24,0.6600000262260437,0.6600000262260437,0.6600000262260437,0.6600000262260437,0,0.3845539391040802
2018-12-26,0.6449999809265137,0.6449999809265137,0.6349999904632568,0.6349999904632568,120400,0.3699875771999359
2018-12-27,0.6399999856948853,0.6449999809265137,0.6349999904632568,0.6399999856948853,81200,0.37290075421333313
2018-12-28,0.6399999856948853,0.6449999809265137,0.6349999904632568,0.6399999856948853,18900,0.37290075421333313
2018-12-31,0.6399999856948853,0.6399999856948853,0.6100000143051147,0.6200000047683716,307200,0.36124762892723083
2019-01-01,0.6200000047683716,0.6200000047683716,0.6200000047683716,0.6200000047683716,0,0.36124762892723083
2019-01-02,0.6200000047683716,0.6700000166893005,0.6150000095367432,0.6700000166893005,247000,0.39038050174713135
2019-01-03,0.6600000262260437,0.6600000262260437,0.6299999952316284,0.6299999952316284,68600,0.36707425117492676
2019-01-04,0.6299999952316284,0.6499999761581421,0.6299999952316284,0.6399999856948853,90000,0.37290075421333313
2019-01-07,0.6399999856948853,0.6399999856948853,0.6399999856948853,0.6399999856948853,144100,0.37290075421333313
2019-01-08,0.6449999809265137,0.6449999809265137,0.6299999952316284,0.6449999809265137,133000,0.3758140802383423
2019-01-09,0.6399999856948853,0.6700000166893005,0.6349999904632568,0.6549999713897705,170500,0.38164064288139343
2019-01-10,0.6650000214576721,0.6899999976158142,0.6650000214576721,0.675000011920929,682900,0.3932938575744629
2019-01-11,0.6800000071525574,0.6949999928474426,0.675000011920929,0.6800000071525574,378400,0.3962070941925049
2019-01-14,0.6700000166893005,0.6850000023841858,0.6700000166893005,0.6800000071525574,73800,0.3962070941925049
2019-01-15,0.6800000071525574,0.6850000023841858,0.6700000166893005,0.6800000071525574,100300,0.3962070941925049
2019-01-16,0.6800000071525574,0.6850000023841858,0.6800000071525574,0.6850000023841858,204000,0.3991204798221588
2019-01-17,0.6800000071525574,0.6899999976158142,0.6800000071525574,0.6899999976158142,87400,0.4020337164402008
2019-01-18,0.6899999976158142,0.699999988079071,0.6899999976158142,0.699999988079071,145500,0.4078601896762848
2019-01-21,0.699999988079071,0.7049999833106995,0.6949999928474426,0.7049999833106995,647800,0.41077345609664917
2019-01-22,0.699999988079071,0.7049999833106995,0.6949999928474426,0.7049999833106995,396800,0.41077345609664917
2019-01-23,0.699999988079071,0.7200000286102295,0.6949999928474426,0.7200000286102295,200900,0.41951343417167664
2019-01-24,0.7200000286102295,0.7250000238418579,0.699999988079071,0.7149999737739563,568500,0.4166000485420227
2019-01-25,0.7149999737739563,0.7200000286102295,0.7099999785423279,0.7149999737739563,355100,0.4166000485420227
2019-01-28,0.7200000286102295,0.7300000190734863,0.7200000286102295,0.7250000238418579,175200,0.422426700592041
2019-01-29,0.7250000238418579,0.7250000238418579,0.6850000023841858,0.6899999976158142,286700,0.4020337164402008
2019-01-30,0.6899999976158142,0.6899999976158142,0.6700000166893005,0.6700000166893005,225800,0.39038050174713135
2019-01-31,0.6800000071525574,0.6949999928474426,0.6700000166893005,0.6899999976158142,935900,0.4020337164402008
2019-02-01,0.6899999976158142,0.699999988079071,0.675000011920929,0.6800000071525574,765000,0.3962070941925049
2019-02-04,0.6899999976158142,0.6899999976158142,0.675000011920929,0.6899999976158142,7100,0.4020337164402008
2019-02-05,0.6899999976158142,0.6899999976158142,0.6899999976158142,0.6899999976158142,0,0.4020337164402008
2019-02-07,0.6899999976158142,0.7049999833106995,0.6800000071525574,0.6949999928474426,686700,0.4049469828605652
2019-02-08,0.6899999976158142,0.6899999976158142,0.6800000071525574,0.6850000023841858,117900,0.3991204798221588
2019-02-11,0.6899999976158142,0.6899999976158142,0.6800000071525574,0.6850000023841858,79300,0.3991204798221588
2019-02-12,0.6949999928474426,0.6949999928474426,0.6700000166893005,0.6800000071525574,378100,0.3962070941925049
2019-02-13,0.6899999976158142,0.6899999976158142,0.675000011920929,0.6800000071525574,78200,0.3962070941925049
2019-02-14,0.6800000071525574,0.6899999976158142,0.675000011920929,0.6899999976158142,218000,0.4020337164402008
2019-02-15,0.6899999976158142,0.6899999976158142,0.675000011920929,0.6800000071525574,73700,0.3962070941925049
2019-02-18,0.6800000071525574,0.6899999976158142,0.6800000071525574,0.6800000071525574,125600,0.3962070941925049
2019-02-19,0.6899999976158142,0.6899999976158142,0.6850000023841858,0.6850000023841858,114000,0.3991204798221588
2019-02-20,0.6899999976158142,0.6899999976158142,0.6850000023841858,0.6899999976158142,138800,0.4020337164402008
2019-02-21,0.6850000023841858,0.6899999976158142,0.6800000071525574,0.6850000023841858,131200,0.3991204798221588
2019-02-22,0.6850000023841858,0.6899999976158142,0.6800000071525574,0.6850000023841858,208900,0.3991204798221588
2019-02-25,0.6899999976158142,0.6899999976158142,0.6700000166893005,0.6700000166893005,272700,0.39038050174713135
2019-02-26,0.6800000071525574,0.6850000023841858,0.6700000166893005,0.675000011920929,75500,0.3932938575744629
2019-02-27,0.675000011920929,0.675000011920929,0.6600000262260437,0.6650000214576721,527600,0.38746732473373413
2019-02-28,0.675000011920929,0.6800000071525574,0.6650000214576721,0.6700000166893005,964900,0.39038050174713135
2019-03-01,0.6600000262260437,0.6650000214576721,0.6549999713897705,0.6650000214576721,418300,0.38746732473373413
2019-03-04,0.6650000214576721,0.6800000071525574,0.6600000262260437,0.6800000071525574,277800,0.3962070941925049
2019-03-05,0.6800000071525574,0.6850000023841858,0.6800000071525574,0.6800000071525574,195400,0.3962070941925049
2019-03-06,0.675000011920929,0.6949999928474426,0.6700000166893005,0.6700000166893005,342300,0.39038050174713135
2019-03-07,0.675000011920929,0.6800000071525574,0.675000011920929,0.6800000071525574,3400,0.3962070941925049
2019-03-08,0.6700000166893005,0.6800000071525574,0.6650000214576721,0.6800000071525574,130300,0.3962070941925049
2019-03-11,0.6700000166893005,0.6800000071525574,0.6700000166893005,0.675000011920929,121400,0.3932938575744629
2019-03-12,0.6800000071525574,0.6800000071525574,0.6650000214576721,0.6650000214576721,254500,0.38746732473373413
2019-03-13,0.6650000214576721,0.6800000071525574,0.6600000262260437,0.6800000071525574,170700,0.3962070941925049
2019-03-14,0.675000011920929,0.675000011920929,0.6600000262260437,0.6700000166893005,159400,0.39038050174713135
2019-03-15,0.6700000166893005,0.6850000023841858,0.6650000214576721,0.6800000071525574,161700,0.3962070941925049
2019-03-18,0.6800000071525574,0.6800000071525574,0.6650000214576721,0.6650000214576721,84000,0.38746732473373413
2019-03-19,0.6700000166893005,0.6700000166893005,0.6650000214576721,0.6650000214576721,65900,0.38746732473373413
2019-03-20,0.6650000214576721,0.6700000166893005,0.6549999713897705,0.6650000214576721,223800,0.38746732473373413
2019-03-21,0.6650000214576721,0.6700000166893005,0.6549999713897705,0.6600000262260437,407100,0.3845539391040802
2019-03-22,0.6650000214576721,0.675000011920929,0.6600000262260437,0.6700000166893005,180800,0.39038050174713135
2019-03-25,0.6650000214576721,0.675000011920929,0.6549999713897705,0.6600000262260437,120800,0.3845539391040802
2019-03-26,0.6650000214576721,0.6700000166893005,0.6650000214576721,0.6700000166893005,26500,0.39038050174713135
2019-03-27,0.675000011920929,0.675000011920929,0.6650000214576721,0.675000011920929,41500,0.3932938575744629
2019-03-28,0.675000011920929,0.675000011920929,0.6700000166893005,0.675000011920929,103700,0.3932938575744629
2019-03-29,0.675000011920929,0.675000011920929,0.6600000262260437,0.6650000214576721,79900,0.38746732473373413
2019-04-01,0.6650000214576721,0.6700000166893005,0.6650000214576721,0.6700000166893005,303300,0.39038050174713135
2019-04-02,0.6700000166893005,0.6899999976158142,0.6700000166893005,0.6899999976158142,349400,0.4020337164402008
2019-04-03,0.6850000023841858,0.6949999928474426,0.6800000071525574,0.6899999976158142,462700,0.4020337164402008
2019-04-04,0.6949999928474426,0.7200000286102295,0.6949999928474426,0.7149999737739563,2662800,0.4166000485420227
2019-04-05,0.7200000286102295,0.7250000238418579,0.7149999737739563,0.7250000238418579,846800,0.422426700592041
2019-04-08,0.7250000238418579,0.7250000238418579,0.7200000286102295,0.7250000238418579,198300,0.422426700592041
2019-04-09,0.7250000238418579,0.7350000143051147,0.7250000238418579,0.7350000143051147,2900800,0.42825329303741455
2019-04-10,0.7250000238418579,0.7300000190734863,0.7200000286102295,0.7250000238418579,805100,0.422426700592041
2019-04-11,0.7250000238418579,0.7350000143051147,0.7200000286102295,0.7250000238418579,655800,0.422426700592041
2019-04-12,0.7300000190734863,0.7300000190734863,0.7200000286102295,0.7300000190734863,194500,0.42534002661705017
2019-04-15,0.7200000286102295,0.7300000190734863,0.7149999737739563,0.7250000238418579,605000,0.422426700592041
2019-04-16,0.7300000190734863,0.7300000190734863,0.7200000286102295,0.7250000238418579,133500,0.422426700592041
2019-04-17,0.7200000286102295,0.7300000190734863,0.7149999737739563,0.7200000286102295,691600,0.41951343417167664
2019-04-18,0.7250000238418579,0.7350000143051147,0.7149999737739563,0.7200000286102295,1032500,0.41951343417167664
2019-04-22,0.7200000286102295,0.7300000190734863,0.7099999785423279,0.7250000238418579,227700,0.422426700592041
2019-04-23,0.7250000238418579,0.7300000190734863,0.7099999785423279,0.7099999785423279,163500,0.4136868417263031
2019-04-24,0.7099999785423279,0.7300000190734863,0.7099999785423279,0.7250000238418579,545500,0.422426700592041
2019-04-25,0.7200000286102295,0.7300000190734863,0.7149999737739563,0.7200000286102295,660200,0.41951343417167664
2019-04-26,0.7200000286102295,0.7300000190734863,0.7149999737739563,0.7200000286102295,88200,0.41951343417167664
2019-04-29,0.7200000286102295,0.7250000238418579,0.7149999737739563,0.7149999737739563,109700,0.4166000485420227
2019-04-30,0.7149999737739563,0.7250000238418579,0.7099999785423279,0.7149999737739563,154000,0.4166000485420227
2019-05-02,0.7200000286102295,0.7300000190734863,0.7149999737739563,0.7300000190734863,284100,0.42534002661705017
2019-05-03,0.7300000190734863,0.7300000190734863,0.7149999737739563,0.7250000238418579,239500,0.422426700592041
2019-05-06,0.7200000286102295,0.7250000238418579,0.7099999785423279,0.7200000286102295,395400,0.41951343417167664
2019-05-07,0.7200000286102295,0.7200000286102295,0.7149999737739563,0.7200000286102295,538100,0.41951343417167664
2019-05-08,0.7149999737739563,0.7200000286102295,0.7099999785423279,0.7200000286102295,852800,0.41951343417167664
2019-05-09,0.7099999785423279,0.7099999785423279,0.6899999976158142,0.6899999976158142,377900,0.4135203957557678
2019-05-10,0.6949999928474426,0.7049999833106995,0.6949999928474426,0.6949999928474426,5700,0.4165169298648834
2019-05-13,0.6949999928474426,0.7049999833106995,0.6899999976158142,0.6949999928474426,20400,0.4165169298648834
2019-05-14,0.6850000023841858,0.6899999976158142,0.6850000023841858,0.6899999976158142,76800,0.4135203957557678
2019-05-15,0.6850000023841858,0.6949999928474426,0.6850000023841858,0.6949999928474426,198300,0.4165169298648834
2019-05-16,0.6899999976158142,0.7049999833106995,0.6899999976158142,0.699999988079071,209800,0.4195133447647095
2019-05-17,0.699999988079071,0.7049999833106995,0.6899999976158142,0.6949999928474426,679200,0.4165169298648834
2019-05-21,0.6899999976158142,0.6949999928474426,0.6899999976158142,0.6899999976158142,89400,0.4135203957557678
2019-05-22,0.6899999976158142,0.6949999928474426,0.6850000023841858,0.6850000023841858,197300,0.4105239510536194
2019-05-23,0.6850000023841858,0.6899999976158142,0.6850000023841858,0.6899999976158142,28100,0.4135203957557678
2019-05-24,0.6899999976158142,0.6899999976158142,0.6850000023841858,0.6850000023841858,14300,0.4105239510536194
2019-05-27,0.6899999976158142,0.6949999928474426,0.6850000023841858,0.6850000023841858,220600,0.4105239510536194
2019-05-28,0.6850000023841858,0.6850000023841858,0.675000011920929,0.675000011920929,324400,0.4045308232307434
2019-05-29,0.675000011920929,0.675000011920929,0.6700000166893005,0.675000011920929,264900,0.4045308232307434
2019-05-30,0.6800000071525574,0.6800000071525574,0.6700000166893005,0.675000011920929,233000,0.4045308232307434
2019-05-31,0.6700000166893005,0.675000011920929,0.6700000166893005,0.6700000166893005,194400,0.4015342593193054
2019-06-03,0.6700000166893005,0.6700000166893005,0.6650000214576721,0.6650000214576721,369600,0.39853784441947937
2019-06-04,0.675000011920929,0.675000011920929,0.6650000214576721,0.6650000214576721,43000,0.39853784441947937
2019-06-06,0.6700000166893005,0.6700000166893005,0.6650000214576721,0.6700000166893005,28600,0.4015342593193054
2019-06-07,0.6650000214576721,0.6650000214576721,0.6600000262260437,0.6600000262260437,423100,0.395541250705719
2019-06-10,0.6549999713897705,0.6600000262260437,0.6549999713897705,0.6549999713897705,186800,0.3925446569919586
2019-06-11,0.6600000262260437,0.6600000262260437,0.6449999809265137,0.6600000262260437,194500,0.395541250705719
2019-06-12,0.6549999713897705,0.6549999713897705,0.6499999761581421,0.6549999713897705,57100,0.3925446569919586
2019-06-13,0.6600000262260437,0.6600000262260437,0.6549999713897705,0.6600000262260437,28600,0.395541250705719
2019-06-14,0.6600000262260437,0.6600000262260437,0.6549999713897705,0.6549999713897705,279900,0.3925446569919586
2019-06-17,0.6499999761581421,0.6600000262260437,0.6499999761581421,0.6499999761581421,224700,0.3895481526851654
2019-06-18,0.6549999713897705,0.6600000262260437,0.6499999761581421,0.6549999713897705,178600,0.3925446569919586
2019-06-19,0.6499999761581421,0.6600000262260437,0.6499999761581421,0.6549999713897705,111800,0.3925446569919586
2019-06-20,0.6549999713897705,0.6700000166893005,0.6499999761581421,0.6650000214576721,353100,0.39853784441947937
2019-06-21,0.6549999713897705,0.6650000214576721,0.6549999713897705,0.6650000214576721,538500,0.39853784441947937
2019-06-24,0.6650000214576721,0.6650000214576721,0.6499999761581421,0.6600000262260437,128300,0.395541250705719
2019-06-25,0.6549999713897705,0.6549999713897705,0.6299999952316284,0.6299999952316284,333700,0.37756210565567017
2019-06-26,0.6349999904632568,0.6349999904632568,0.6150000095367432,0.6150000095367432,649200,0.36857253313064575
2019-06-27,0.625,0.6299999952316284,0.6200000047683716,0.625,39800,0.37456560134887695
2019-06-28,0.6200000047683716,0.6299999952316284,0.6200000047683716,0.6299999952316284,77700,0.37756210565567017
2019-07-01,0.6200000047683716,0.6349999904632568,0.6200000047683716,0.6299999952316284,601200,0.37756210565567017
2019-07-02,0.6299999952316284,0.6349999904632568,0.6200000047683716,0.6200000047683716,218400,0.3715689778327942
2019-07-03,0.625,0.6299999952316284,0.6150000095367432,0.625,423500,0.37456560134887695
2019-07-04,0.6200000047683716,0.6200000047683716,0.6150000095367432,0.6200000047683716,573700,0.3715689778327942
2019-07-05,0.6200000047683716,0.6200000047683716,0.6100000143051147,0.6100000143051147,597900,0.36557602882385254
2019-07-08,0.6150000095367432,0.6200000047683716,0.6100000143051147,0.6100000143051147,956800,0.36557602882385254
2019-07-09,0.6100000143051147,0.6150000095367432,0.6050000190734863,0.6050000190734863,246200,0.36257946491241455
2019-07-10,0.6050000190734863,0.6150000095367432,0.6050000190734863,0.6100000143051147,348000,0.36557602882385254
2019-07-11,0.6100000143051147,0.6150000095367432,0.6100000143051147,0.6100000143051147,27200,0.36557602882385254
2019-07-12,0.6100000143051147,0.6150000095367432,0.6050000190734863,0.6050000190734863,665000,0.36257946491241455
2019-07-15,0.6100000143051147,0.6150000095367432,0.6000000238418579,0.6050000190734863,670600,0.36257946491241455
2019-07-16,0.6050000190734863,0.6150000095367432,0.6050000190734863,0.6150000095367432,65000,0.36857253313064575
2019-07-17,0.6150000095367432,0.6150000095367432,0.6050000190734863,0.6100000143051147,46200,0.36557602882385254
2019-07-18,0.6050000190734863,0.6100000143051147,0.6000000238418579,0.6000000238418579,316900,0.3595829904079437
2019-07-19,0.6050000190734863,0.6050000190734863,0.5950000286102295,0.6000000238418579,375000,0.3595829904079437
2019-07-22,0.6000000238418579,0.6000000238418579,0.5899999737739563,0.6000000238418579,407900,0.3595829904079437
2019-07-23,0.5950000286102295,0.5950000286102295,0.5799999833106995,0.5799999833106995,911600,0.3475968539714813
2019-07-24,0.5849999785423279,0.5899999737739563,0.5799999833106995,0.5899999737739563,501800,0.35358986258506775
2019-07-25,0.5899999737739563,0.5899999737739563,0.5849999785423279,0.5899999737739563,68500,0.35358986258506775
2019-07-26,0.5849999785423279,0.5849999785423279,0.5849999785423279,0.5849999785423279,298700,0.3505933880805969
2019-07-29,0.5799999833106995,0.5799999833106995,0.5799999833106995,0.5799999833106995,180900,0.3475968539714813
2019-07-30,0.5799999833106995,0.5899999737739563,0.5799999833106995,0.5899999737739563,556700,0.35358986258506775
2019-07-31,0.5899999737739563,0.5899999737739563,0.5799999833106995,0.5799999833106995,393300,0.3475968539714813
2019-08-01,0.5849999785423279,0.5849999785423279,0.5799999833106995,0.5849999785423279,68000,0.3505933880805969
2019-08-02,0.5849999785423279,0.5899999737739563,0.5799999833106995,0.5899999737739563,329600,0.35358986258506775
2019-08-05,0.5849999785423279,0.5849999785423279,0.574999988079071,0.574999988079071,372200,0.34460029006004333
2019-08-06,0.574999988079071,0.574999988079071,0.5649999976158142,0.5699999928474426,248000,0.3416038155555725
2019-08-07,0.5799999833106995,0.5799999833106995,0.5699999928474426,0.574999988079071,220400,0.34460029006004333
2019-08-08,0.574999988079071,0.5899999737739563,0.574999988079071,0.5899999737739563,521400,0.35358986258506775
2019-08-13,0.5899999737739563,0.6000000238418579,0.5899999737739563,0.6000000238418579,850800,0.3595829904079437
2019-08-14,0.6000000238418579,0.6000000238418579,0.5899999737739563,0.5899999737739563,334700,0.35358986258506775
2019-08-15,0.5899999737739563,0.5899999737739563,0.5799999833106995,0.5899999737739563,443500,0.35358986258506775
2019-08-16,0.5899999737739563,0.5899999737739563,0.5849999785423279,0.5899999737739563,99500,0.35358986258506775
2019-08-19,0.5849999785423279,0.5849999785423279,0.5400000214576721,0.574999988079071,676900,0.34460029006004333
2019-08-20,0.574999988079071,0.574999988079071,0.574999988079071,0.574999988079071,20800,0.34460029006004333
2019-08-21,0.5699999928474426,0.5799999833106995,0.5699999928474426,0.574999988079071,28000,0.34460029006004333
2019-08-22,0.5699999928474426,0.5899999737739563,0.5699999928474426,0.5799999833106995,442800,0.3475968539714813
2019-08-23,0.5799999833106995,0.5950000286102295,0.5799999833106995,0.5899999737739563,429000,0.35358986258506775
2019-08-26,0.5799999833106995,0.5849999785423279,0.5699999928474426,0.574999988079071,448400,0.34460029006004333
2019-08-27,0.574999988079071,0.5799999833106995,0.5699999928474426,0.5699999928474426,60700,0.3416038155555725
2019-08-28,0.5799999833106995,0.5849999785423279,0.5649999976158142,0.5699999928474426,161100,0.3416038155555725
2019-08-29,0.5799999833106995,0.5799999833106995,0.5600000023841858,0.5649999976158142,174900,0.3386072814464569
2019-08-30,0.5699999928474426,0.5699999928474426,0.5600000023841858,0.5600000023841858,416400,0.3356107473373413
2019-09-02,0.5600000023841858,0.5649999976158142,0.5600000023841858,0.5649999976158142,17700,0.3386072814464569
2019-09-03,0.5649999976158142,0.5849999785423279,0.5600000023841858,0.574999988079071,95100,0.34460029006004333
2019-09-04,0.5799999833106995,0.5849999785423279,0.5649999976158142,0.5649999976158142,726900,0.3386072814464569
2019-09-05,0.574999988079071,0.574999988079071,0.5600000023841858,0.5649999976158142,235200,0.3386072814464569
2019-09-06,0.5649999976158142,0.5899999737739563,0.5600000023841858,0.5699999928474426,1176700,0.3439168334007263
2019-09-09,0.5699999928474426,0.5849999785423279,0.5649999976158142,0.5649999976158142,697600,0.34090009331703186
2019-09-10,0.5649999976158142,0.5799999833106995,0.5649999976158142,0.5649999976158142,1763900,0.34090009331703186
2019-09-11,0.5649999976158142,0.5899999737739563,0.5649999976158142,0.5899999737739563,1445900,0.3559841215610504
2019-09-12,0.5799999833106995,0.5899999737739563,0.5799999833106995,0.5849999785423279,411100,0.35296720266342163
2019-09-13,0.5899999737739563,0.5899999737739563,0.5799999833106995,0.5899999737739563,500900,0.3559841215610504
2019-09-16,0.5899999737739563,0.5950000286102295,0.5849999785423279,0.5849999785423279,99300,0.35296720266342163
2019-09-17,0.5899999737739563,0.6200000047683716,0.5899999737739563,0.6100000143051147,2005400,0.3680513799190521
2019-09-18,0.6200000047683716,0.6200000047683716,0.5950000286102295,0.6000000238418579,982100,0.36201775074005127
2019-09-19,0.6000000238418579,0.6200000047683716,0.6000000238418579,0.6050000190734863,458800,0.3650345206260681
2019-09-20,0.6050000190734863,0.6050000190734863,0.5849999785423279,0.5849999785423279,661800,0.35296720266342163
2019-09-23,0.5950000286102295,0.6000000238418579,0.5799999833106995,0.5799999833106995,231500,0.3499504625797272
2019-09-24,0.5799999833106995,0.5950000286102295,0.5799999833106995,0.5849999785423279,169700,0.35296720266342163
2019-09-25,0.5899999737739563,0.5899999737739563,0.574999988079071,0.574999988079071,99700,0.34693366289138794
2019-09-26,0.5799999833106995,0.5849999785423279,0.574999988079071,0.574999988079071,281100,0.34693366289138794
2019-09-27,0.574999988079071,0.5799999833106995,0.574999988079071,0.5799999833106995,20200,0.3499504625797272
2019-09-30,0.5799999833106995,0.5799999833106995,0.574999988079071,0.5799999833106995,22800,0.3499504625797272
2019-10-01,0.5799999833106995,0.5799999833106995,0.574999988079071,0.5799999833106995,482200,0.3499504625797272
2019-10-02,0.5799999833106995,0.5799999833106995,0.5699999928474426,0.5699999928474426,506100,0.3439168334007263
2019-10-03,0.574999988079071,0.6150000095367432,0.5649999976158142,0.5699999928474426,173900,0.3439168334007263
2019-10-04,0.5699999928474426,0.5699999928474426,0.5699999928474426,0.5699999928474426,0,0.3439168334007263
2019-10-07,0.5649999976158142,0.5799999833106995,0.5649999976158142,0.574999988079071,185300,0.34693366289138794
2019-10-08,0.574999988079071,0.5799999833106995,0.5649999976158142,0.5699999928474426,317300,0.3439168334007263
2019-10-09,0.5699999928474426,0.574999988079071,0.5699999928474426,0.5699999928474426,614700,0.3439168334007263
2019-10-10,0.5799999833106995,0.5899999737739563,0.5699999928474426,0.5899999737739563,368900,0.3559841215610504
2019-10-11,0.5899999737739563,0.5899999737739563,0.574999988079071,0.5799999833106995,553100,0.3499504625797272
2019-10-14,0.5799999833106995,0.5799999833106995,0.5649999976158142,0.5649999976158142,416300,0.34090009331703186
2019-10-15,0.5649999976158142,0.5699999928474426,0.5649999976158142,0.5649999976158142,59400,0.34090009331703186
2019-10-16,0.5649999976158142,0.574999988079071,0.5550000071525574,0.5649999976158142,659700,0.34090009331703186
2019-10-17,0.5600000023841858,0.5649999976158142,0.5600000023841858,0.5649999976158142,25700,0.34090009331703186
2019-10-18,0.5649999976158142,0.5649999976158142,0.5649999976158142,0.5649999976158142,8600,0.34090009331703186
2019-10-21,0.5600000023841858,0.574999988079071,0.5600000023841858,0.5600000023841858,290400,0.33788323402404785
2019-10-22,0.5600000023841858,0.5600000023841858,0.5550000071525574,0.5600000023841858,224000,0.33788323402404785
2019-10-23,0.5600000023841858,0.5699999928474426,0.5600000023841858,0.5699999928474426,266300,0.3439168334007263
2019-10-24,0.5600000023841858,0.574999988079071,0.5550000071525574,0.5649999976158142,524100,0.34090009331703186
2019-10-25,0.5649999976158142,0.5699999928474426,0.550000011920929,0.5550000071525574,1234700,0.33486640453338623
2019-10-29,0.550000011920929,0.5600000023841858,0.5450000166893005,0.5450000166893005,650800,0.3288327753543854
2019-10-30,0.550000011920929,0.5550000071525574,0.550000011920929,0.5550000071525574,222400,0.33486640453338623
2019-10-31,0.5600000023841858,0.5649999976158142,0.550000011920929,0.5550000071525574,946200,0.33486640453338623
2019-11-01,0.5550000071525574,0.5699999928474426,0.5550000071525574,0.5699999928474426,1091900,0.3439168334007263
2019-11-04,0.5699999928474426,0.6150000095367432,0.5699999928474426,0.6100000143051147,2552900,0.3680513799190521
2019-11-05,0.6100000143051147,0.6200000047683716,0.6000000238418579,0.6000000238418579,951100,0.36201775074005127
2019-11-06,0.6000000238418579,0.6100000143051147,0.5849999785423279,0.6000000238418579,711300,0.36201775074005127
2019-11-07,0.6000000238418579,0.6150000095367432,0.6000000238418579,0.6050000190734863,352100,0.3650345206260681
2019-11-08,0.6100000143051147,0.6100000143051147,0.5899999737739563,0.5950000286102295,456300,0.3590009808540344
2019-11-11,0.5950000286102295,0.6000000238418579,0.5899999737739563,0.5950000286102295,591100,0.3590009808540344
2019-11-12,0.6050000190734863,0.6349999904632568,0.6050000190734863,0.6200000047683716,1924500,0.37408503890037537
2019-11-13,0.6349999904632568,0.6499999761581421,0.625,0.6399999856948853,2159900,0.3861522674560547
2019-11-14,0.6299999952316284,0.6549999713897705,0.6299999952316284,0.6499999761581421,1871400,0.39218589663505554
2019-11-15,0.6449999809265137,0.6499999761581421,0.6399999856948853,0.6399999856948853,1052500,0.3861522674560547
2019-11-18,0.6399999856948853,0.6499999761581421,0.6349999904632568,0.6449999809265137,611300,0.38916903734207153
2019-11-19,0.6399999856948853,0.6499999761581421,0.6399999856948853,0.6399999856948853,430200,0.3861522674560547
2019-11-20,0.6449999809265137,0.699999988079071,0.6399999856948853,0.6899999976158142,1706600,0.41632044315338135
2019-11-21,0.6850000023841858,0.7049999833106995,0.6700000166893005,0.699999988079071,1879900,0.4223540127277374
2019-11-22,0.699999988079071,0.7099999785423279,0.6899999976158142,0.7049999833106995,959400,0.4253709018230438
2019-11-25,0.7049999833106995,0.7149999737739563,0.6899999976158142,0.6949999928474426,1424100,0.41933727264404297
2019-11-26,0.6949999928474426,0.7099999785423279,0.6899999976158142,0.7049999833106995,1265300,0.4253709018230438
2019-11-27,0.6949999928474426,0.7049999833106995,0.6899999976158142,0.699999988079071,604300,0.4223540127277374
2019-11-28,0.6949999928474426,0.7049999833106995,0.6899999976158142,0.6899999976158142,428100,0.41632044315338135
2019-11-29,0.6899999976158142,0.7049999833106995,0.6899999976158142,0.699999988079071,1094700,0.4223540127277374
2019-12-02,0.6949999928474426,0.699999988079071,0.6899999976158142,0.6899999976158142,656300,0.41632044315338135
2019-12-03,0.6899999976158142,0.7049999833106995,0.6899999976158142,0.6899999976158142,1085800,0.41632044315338135
2019-12-04,0.6899999976158142,0.699999988079071,0.6899999976158142,0.6899999976158142,561600,0.41632044315338135
2019-12-05,0.6949999928474426,0.7099999785423279,0.6949999928474426,0.6949999928474426,736200,0.41933727264404297
2019-12-06,0.699999988079071,0.7300000190734863,0.699999988079071,0.7300000190734863,1097600,0.4404548406600952
2019-12-09,0.7300000190734863,0.7300000190734863,0.7149999737739563,0.7250000238418579,1454000,0.43743810057640076
2019-12-10,0.7250000238418579,0.75,0.7250000238418579,0.7450000047683716,2726300,0.4495053291320801
2019-12-11,0.7450000047683716,0.7649999856948853,0.7450000047683716,0.7649999856948853,2459700,0.4615727961063385
2019-12-12,0.7599999904632568,0.7649999856948853,0.7300000190734863,0.7300000190734863,1485900,0.4404548406600952
2019-12-13,0.7300000190734863,0.7400000095367432,0.7250000238418579,0.7300000190734863,740700,0.4404548406600952
2019-12-16,0.7300000190734863,0.7450000047683716,0.7250000238418579,0.7450000047683716,2363900,0.4495053291320801
2019-12-17,0.7450000047683716,0.7549999952316284,0.7400000095367432,0.7450000047683716,693300,0.4495053291320801
2019-12-18,0.7549999952316284,0.7549999952316284,0.7450000047683716,0.75,1011700,0.4525221288204193
2019-12-19,0.75,0.7549999952316284,0.7350000143051147,0.7350000143051147,340000,0.4434717297554016
2019-12-20,0.7350000143051147,0.7599999904632568,0.7350000143051147,0.7599999904632568,732200,0.45855578780174255
2019-12-23,0.7599999904632568,0.7599999904632568,0.75,0.75,289600,0.4525221288204193
2019-12-24,0.75,0.7549999952316284,0.7450000047683716,0.7549999952316284,248800,0.4555389881134033
2019-12-25,0.7549999952316284,0.7549999952316284,0.7549999952316284,0.7549999952316284,0,0.4555389881134033
2019-12-26,0.75,0.75,0.7450000047683716,0.75,384800,0.4525221288204193
2019-12-27,0.75,0.7799999713897705,0.75,0.7699999809265137,1944900,0.4645894169807434
2019-12-30,0.7699999809265137,0.7900000214576721,0.7699999809265137,0.7900000214576721,1885900,0.4766566753387451
2019-12-31,0.7900000214576721,0.8100000023841858,0.7799999713897705,0.800000011920929,1113600,0.48269033432006836
2020-01-02,0.800000011920929,0.800000011920929,0.7900000214576721,0.7900000214576721,1365600,0.4766566753387451
2020-01-03,0.800000011920929,0.800000011920929,0.7649999856948853,0.7749999761581421,822800,0.46760639548301697
2020-01-06,0.7699999809265137,0.7699999809265137,0.7549999952316284,0.7599999904632568,1105500,0.45855578780174255
2020-01-07,0.7649999856948853,0.7850000262260437,0.7649999856948853,0.7749999761581421,976600,0.46760639548301697
2020-01-08,0.7699999809265137,0.7799999713897705,0.7699999809265137,0.7749999761581421,550300,0.46760639548301697
2020-01-09,0.7749999761581421,0.7799999713897705,0.7649999856948853,0.7699999809265137,569700,0.4645894169807434
2020-01-10,0.7799999713897705,0.7799999713897705,0.7699999809265137,0.7799999713897705,410900,0.47062307596206665
2020-01-13,0.7799999713897705,0.7900000214576721,0.7799999713897705,0.7900000214576721,1271300,0.4766566753387451
2020-01-14,0.7900000214576721,0.7900000214576721,0.7699999809265137,0.7699999809265137,776600,0.4645894169807434
2020-01-15,0.7799999713897705,0.7799999713897705,0.7549999952316284,0.7649999856948853,1003100,0.4615727961063385
2020-01-16,0.7649999856948853,0.7649999856948853,0.75,0.7549999952316284,1550600,0.4555389881134033
2020-01-17,0.75,0.7549999952316284,0.7400000095367432,0.75,647900,0.4525221288204193
2020-01-20,0.7450000047683716,0.7450000047683716,0.7300000190734863,0.7350000143051147,1101800,0.4434717297554016
2020-01-21,0.7450000047683716,0.7450000047683716,0.7300000190734863,0.7400000095367432,606800,0.4464885890483856
2020-01-22,0.7400000095367432,0.7400000095367432,0.7300000190734863,0.7400000095367432,1068600,0.4464885890483856
2020-01-23,0.7400000095367432,0.7450000047683716,0.7300000190734863,0.7400000095367432,1242800,0.4464885890483856
2020-01-24,0.7300000190734863,0.7400000095367432,0.7300000190734863,0.7400000095367432,157900,0.4464885890483856
2020-01-28,0.7350000143051147,0.7350000143051147,0.6800000071525574,0.6850000023841858,1268500,0.41330358386039734
2020-01-29,0.6800000071525574,0.7049999833106995,0.6800000071525574,0.699999988079071,334200,0.4223540127277374
2020-01-30,0.6899999976158142,0.6949999928474426,0.6700000166893005,0.675000011920929,538500,0.40727001428604126
2020-01-31,0.6600000262260437,0.6800000071525574,0.6600000262260437,0.6800000071525574,446700,0.4102867841720581
2020-02-03,0.6650000214576721,0.6650000214576721,0.6549999713897705,0.6549999713897705,352300,0.3952026963233948
2020-02-04,0.6499999761581421,0.6800000071525574,0.6499999761581421,0.675000011920929,842800,0.40727001428604126
2020-02-05,0.6800000071525574,0.6899999976158142,0.6650000214576721,0.6899999976158142,1159900,0.41632044315338135
2020-02-06,0.6850000023841858,0.7099999785423279,0.6850000023841858,0.699999988079071,1554000,0.4223540127277374
2020-02-07,0.699999988079071,0.699999988079071,0.675000011920929,0.675000011920929,374100,0.40727001428604126
2020-02-10,0.6800000071525574,0.6800000071525574,0.6700000166893005,0.675000011920929,99000,0.40727001428604126
2020-02-11,0.6800000071525574,0.699999988079071,0.6800000071525574,0.6850000023841858,562100,0.41330358386039734
2020-02-12,0.6899999976158142,0.7049999833106995,0.6800000071525574,0.699999988079071,1129300,0.4223540127277374
2020-02-13,0.699999988079071,0.699999988079071,0.6800000071525574,0.6899999976158142,393400,0.41632044315338135
2020-02-14,0.6899999976158142,0.6899999976158142,0.6850000023841858,0.6850000023841858,120700,0.41330358386039734
2020-02-17,0.6800000071525574,0.6899999976158142,0.6800000071525574,0.6850000023841858,358700,0.41330358386039734
2020-02-18,0.6899999976158142,0.6899999976158142,0.6800000071525574,0.6800000071525574,267600,0.4102867841720581
2020-02-19,0.6800000071525574,0.6899999976158142,0.675000011920929,0.6850000023841858,666800,0.41330358386039734
2020-02-20,0.6850000023841858,0.6850000023841858,0.6700000166893005,0.6700000166893005,965500,0.4042532444000244
2020-02-21,0.6700000166893005,0.675000011920929,0.6650000214576721,0.6700000166893005,443600,0.4042532444000244
2020-02-24,0.6600000262260437,0.6600000262260437,0.6299999952316284,0.6349999904632568,623900,0.3831354081630707
2020-02-25,0.6299999952316284,0.6549999713897705,0.6299999952316284,0.6449999809265137,154400,0.38916903734207153
2020-02-26,0.6449999809265137,0.6449999809265137,0.6100000143051147,0.625,529700,0.3771017789840698
2020-02-27,0.625,0.625,0.5799999833106995,0.625,906600,0.3771017789840698
2020-02-28,0.6150000095367432,0.6150000095367432,0.5600000023841858,0.5849999785423279,3142700,0.35296720266342163
2020-03-02,0.5849999785423279,0.5849999785423279,0.574999988079071,0.5849999785423279,689800,0.35296720266342163
2020-03-03,0.5950000286102295,0.6150000095367432,0.574999988079071,0.5799999833106995,983200,0.3499504625797272
2020-03-04,0.5799999833106995,0.5799999833106995,0.5699999928474426,0.5699999928474426,736400,0.3439168334007263
2020-03-05,0.5799999833106995,0.5899999737739563,0.5699999928474426,0.574999988079071,1432700,0.34693366289138794
2020-03-06,0.5849999785423279,0.5849999785423279,0.5699999928474426,0.5699999928474426,401200,0.3439168334007263
2020-03-09,0.550000011920929,0.550000011920929,0.49000000953674316,0.49000000953674316,2547100,0.29564785957336426
2020-03-10,0.4950000047683716,0.5099999904632568,0.49000000953674316,0.5,1946200,0.30168139934539795
2020-03-11,0.5,0.5,0.47999998927116394,0.47999998927116394,542900,0.289614200592041
2020-03-12,0.47999998927116394,0.47999998927116394,0.4350000023841858,0.4350000023841858,1331500,0.26246291399002075
2020-03-13,0.4300000071525574,0.4300000071525574,0.4099999964237213,0.41999998688697815,1606200,0.2534124255180359
2020-03-16,0.4099999964237213,0.4099999964237213,0.4000000059604645,0.4050000011920929,996500,0.2443619966506958
2020-03-17,0.4000000059604645,0.4000000059604645,0.3799999952316284,0.3799999952316284,1062700,0.22927789390087128
2020-03-18,0.3799999952316284,0.3799999952316284,0.3799999952316284,0.3799999952316284,0,0.22927789390087128
2020-03-19,0.3799999952316284,0.3799999952316284,0.35499998927116394,0.36500000953674316,1352800,0.2202274203300476
2020-03-20,0.36500000953674316,0.3799999952316284,0.36000001430511475,0.3700000047683716,1395500,0.2232442945241928
2020-03-23,0.3700000047683716,0.375,0.3400000035762787,0.3700000047683716,1287900,0.2232442945241928
2020-03-24,0.3700000047683716,0.3700000047683716,0.35499998927116394,0.36500000953674316,521600,0.2202274203300476
2020-03-25,0.36000001430511475,0.38999998569488525,0.36000001430511475,0.3799999952316284,1842400,0.22927789390087128
2020-03-26,0.3799999952316284,0.39500001072883606,0.3700000047683716,0.3799999952316284,1100100,0.22927789390087128
2020-03-27,0.3799999952316284,0.39500001072883606,0.375,0.39500001072883606,1511200,0.23832833766937256
2020-03-30,0.38999998569488525,0.39500001072883606,0.3700000047683716,0.39500001072883606,339700,0.23832833766937256
2020-03-31,0.39500001072883606,0.39500001072883606,0.38499999046325684,0.38999998569488525,279700,0.23531153798103333
2020-04-01,0.38999998569488525,0.39500001072883606,0.3799999952316284,0.38999998569488525,651700,0.23531153798103333
2020-04-02,0.38499999046325684,0.38999998569488525,0.3799999952316284,0.3799999952316284,197500,0.22927789390087128
2020-04-03,0.3799999952316284,0.38999998569488525,0.36000001430511475,0.36500000953674316,1109100,0.2202274203300476
2020-04-06,0.3700000047683716,0.375,0.36500000953674316,0.3700000047683716,666500,0.2232442945241928
2020-04-07,0.3799999952316284,0.4000000059604645,0.375,0.39500001072883606,730200,0.23832833766937256
2020-04-08,0.38499999046325684,0.4000000059604645,0.38499999046325684,0.38999998569488525,316800,0.23531153798103333
2020-04-09,0.39500001072883606,0.4099999964237213,0.39500001072883606,0.4050000011920929,1084900,0.2443619966506958
2020-04-13,0.4050000011920929,0.4099999964237213,0.4000000059604645,0.4099999964237213,518900,0.24737876653671265
2020-04-14,0.4000000059604645,0.4449999928474426,0.39500001072883606,0.4350000023841858,1218500,0.26246291399002075
2020-04-15,0.4350000023841858,0.4350000023841858,0.41499999165534973,0.42500001192092896,594600,0.2564292252063751
2020-04-16,0.4300000071525574,0.4650000035762787,0.4099999964237213,0.46000000834465027,1080700,0.2775469422340393
2020-04-17,0.4650000035762787,0.47999998927116394,0.4449999928474426,0.46000000834465027,717500,0.2775469422340393
2020-04-20,0.46000000834465027,0.4699999988079071,0.4399999976158142,0.4399999976158142,297500,0.2654797434806824
2020-04-21,0.4350000023841858,0.4350000023841858,0.4000000059604645,0.4000000059604645,1091300,0.24134516716003418
2020-04-22,0.38999998569488525,0.4099999964237213,0.38499999046325684,0.4000000059604645,939500,0.24134516716003418
2020-04-23,0.4099999964237213,0.41999998688697815,0.4000000059604645,0.4050000011920929,151900,0.2443619966506958
2020-04-24,0.4050000011920929,0.4099999964237213,0.4000000059604645,0.4000000059604645,106600,0.24134516716003418
2020-04-27,0.4000000059604645,0.41999998688697815,0.4000000059604645,0.4050000011920929,745100,0.2443619966506958
2020-04-28,0.4050000011920929,0.41499999165534973,0.4050000011920929,0.41499999165534973,242900,0.25039559602737427
2020-04-29,0.41499999165534973,0.41999998688697815,0.4050000011920929,0.41999998688697815,390200,0.2534124255180359
2020-04-30,0.41999998688697815,0.4350000023841858,0.41999998688697815,0.42500001192092896,690500,0.2564292252063751
2020-05-04,0.41499999165534973,0.4399999976158142,0.4099999964237213,0.41999998688697815,458200,0.2534124255180359
2020-05-05,0.41999998688697815,0.4300000071525574,0.4000000059604645,0.4050000011920929,559400,0.24730606377124786
2020-05-06,0.4050000011920929,0.42500001192092896,0.4050000011920929,0.41499999165534973,330500,0.2534124553203583
2020-05-08,0.42500001192092896,0.42500001192092896,0.41499999165534973,0.41999998688697815,147000,0.2564655542373657
2020-05-11,0.41499999165534973,0.44999998807907104,0.41499999165534973,0.4350000023841858,456200,0.26562511920928955
2020-05-12,0.44999998807907104,0.44999998807907104,0.42500001192092896,0.4350000023841858,574200,0.26562511920928955
2020-05-13,0.4399999976158142,0.4399999976158142,0.4300000071525574,0.4399999976158142,594700,0.268678218126297
2020-05-14,0.4399999976158142,0.4399999976158142,0.41999998688697815,0.42500001192092896,525300,0.2595187723636627
2020-05-15,0.4300000071525574,0.4300000071525574,0.41499999165534973,0.41999998688697815,498400,0.2564655542373657
2020-05-18,0.41499999165534973,0.4350000023841858,0.41499999165534973,0.4300000071525574,337000,0.26257190108299255
2020-05-19,0.4350000023841858,0.4449999928474426,0.4350000023841858,0.4399999976158142,494600,0.268678218126297
2020-05-20,0.4300000071525574,0.4399999976158142,0.4300000071525574,0.4350000023841858,207500,0.26562511920928955
2020-05-21,0.4350000023841858,0.4399999976158142,0.4350000023841858,0.4399999976158142,161100,0.268678218126297
2020-05-22,0.4350000023841858,0.4350000023841858,0.41999998688697815,0.41999998688697815,290600,0.2564655542373657
2020-05-26,0.4300000071525574,0.4300000071525574,0.42500001192092896,0.42500001192092896,93800,0.2595187723636627
2020-05-27,0.42500001192092896,0.4399999976158142,0.42500001192092896,0.4300000071525574,464900,0.26257190108299255
2020-05-28,0.4300000071525574,0.4699999988079071,0.4300000071525574,0.46000000834465027,2170100,0.28089088201522827
2020-05-29,0.46000000834465027,0.4749999940395355,0.45500001311302185,0.4699999988079071,865600,0.2869971692562103
2020-06-01,0.4749999940395355,0.48500001430511475,0.4699999988079071,0.47999998927116394,1181500,0.29310351610183716
2020-06-02,0.47999998927116394,0.48500001430511475,0.4749999940395355,0.47999998927116394,530600,0.29310351610183716
2020-06-03,0.48500001430511475,0.4950000047683716,0.47999998927116394,0.4950000047683716,721500,0.3022630512714386
2020-06-04,0.5,0.5099999904632568,0.4699999988079071,0.4749999940395355,1373500,0.2900503873825073
2020-06-05,0.47999998927116394,0.48500001430511475,0.4699999988079071,0.4749999940395355,643400,0.2900503873825073
2020-06-08,0.47999998927116394,0.48500001430511475,0.45500001311302185,0.45500001311302185,626400,0.27783772349357605
2020-06-09,0.45500001311302185,0.4749999940395355,0.4449999928474426,0.4699999988079071,919600,0.2869971692562103
2020-06-10,0.4650000035762787,0.4699999988079071,0.46000000834465027,0.4650000035762787,297800,0.28394410014152527
2020-06-11,0.46000000834465027,0.46000000834465027,0.4449999928474426,0.4449999928474426,698300,0.2717314064502716
2020-06-12,0.4300000071525574,0.4399999976158142,0.42500001192092896,0.4399999976158142,395900,0.268678218126297
2020-06-15,0.4399999976158142,0.4449999928474426,0.4300000071525574,0.4300000071525574,310800,0.26257190108299255
2020-06-16,0.4399999976158142,0.44999998807907104,0.4399999976158142,0.4449999928474426,420000,0.2717314064502716
2020-06-17,0.44999998807907104,0.45500001311302185,0.4449999928474426,0.45500001311302185,201100,0.27783772349357605
2020-06-18,0.45500001311302185,0.46000000834465027,0.45500001311302185,0.46000000834465027,36200,0.28089088201522827
2020-06-19,0.45500001311302185,0.4699999988079071,0.4449999928474426,0.45500001311302185,1691200,0.27783772349357605
2020-06-22,0.45500001311302185,0.4650000035762787,0.45500001311302185,0.45500001311302185,115300,0.27783772349357605
2020-06-23,0.45500001311302185,0.4650000035762787,0.4449999928474426,0.4449999928474426,150300,0.2717314064502716
2020-06-24,0.44999998807907104,0.46000000834465027,0.4449999928474426,0.4449999928474426,7600,0.2717314064502716
2020-06-25,0.4449999928474426,0.46000000834465027,0.4399999976158142,0.4399999976158142,256300,0.268678218126297
2020-06-26,0.4449999928474426,0.4449999928474426,0.4399999976158142,0.4399999976158142,117200,0.268678218126297
2020-06-29,0.4350000023841858,0.4650000035762787,0.4350000023841858,0.4449999928474426,132500,0.2717314064502716
2020-06-30,0.44999998807907104,0.44999998807907104,0.4399999976158142,0.4399999976158142,88800,0.268678218126297
2020-07-01,0.4449999928474426,0.4449999928474426,0.4399999976158142,0.4399999976158142,86000,0.268678218126297
2020-07-02,0.44999998807907104,0.44999998807907104,0.4399999976158142,0.44999998807907104,40900,0.27478453516960144
2020-07-03,0.46000000834465027,0.46000000834465027,0.44999998807907104,0.46000000834465027,129600,0.28089088201522827
2020-07-06,0.46000000834465027,0.4699999988079071,0.45500001311302185,0.4650000035762787,130000,0.28394410014152527
2020-07-07,0.4699999988079071,0.4699999988079071,0.45500001311302185,0.4650000035762787,370800,0.28394410014152527
2020-07-08,0.45500001311302185,0.46000000834465027,0.44999998807907104,0.44999998807907104,47500,0.27478453516960144
2020-07-09,0.45500001311302185,0.4650000035762787,0.44999998807907104,0.4650000035762787,132700,0.28394410014152527
2020-07-13,0.46000000834465027,0.4650000035762787,0.44999998807907104,0.46000000834465027,299000,0.28089088201522827
2020-07-14,0.46000000834465027,0.46000000834465027,0.4350000023841858,0.45500001311302185,271600,0.27783772349357605
2020-07-15,0.45500001311302185,0.47999998927116394,0.44999998807907104,0.47999998927116394,427500,0.29310351610183716
2020-07-16,0.49000000953674316,0.5,0.45500001311302185,0.4650000035762787,656300,0.28394410014152527
2020-07-17,0.46000000834465027,0.4749999940395355,0.46000000834465027,0.4699999988079071,38100,0.2869971692562103
2020-07-20,0.47999998927116394,0.49000000953674316,0.4650000035762787,0.47999998927116394,669700,0.29310351610183716
2020-07-21,0.47999998927116394,0.5,0.47999998927116394,0.49000000953674316,941300,0.299209862947464
2020-07-22,0.49000000953674316,0.5099999904632568,0.48500001430511475,0.4950000047683716,1067100,0.3022630512714386
2020-07-23,0.5049999952316284,0.5049999952316284,0.48500001430511475,0.4950000047683716,99600,0.3022630512714386
2020-07-24,0.4950000047683716,0.5049999952316284,0.49000000953674316,0.4950000047683716,709400,0.3022630512714386
2020-07-27,0.4950000047683716,0.5099999904632568,0.4950000047683716,0.5049999952316284,688200,0.30836936831474304
2020-07-28,0.5049999952316284,0.5299999713897705,0.5049999952316284,0.5149999856948853,1934100,0.3144756853580475
2020-07-29,0.5199999809265137,0.5350000262260437,0.5099999904632568,0.5149999856948853,1040600,0.3144756853580475
2020-07-30,0.5049999952316284,0.5149999856948853,0.47999998927116394,0.5,709600,0.30531615018844604
2020-08-03,0.5,0.5,0.47999998927116394,0.49000000953674316,311900,0.299209862947464
2020-08-04,0.49000000953674316,0.5049999952316284,0.49000000953674316,0.4950000047683716,406300,0.3022630512714386
2020-08-05,0.5049999952316284,0.5099999904632568,0.5,0.5049999952316284,463800,0.30836936831474304
2020-08-06,0.5,0.5049999952316284,0.4950000047683716,0.4950000047683716,708500,0.3022630512714386
2020-08-07,0.5049999952316284,0.5149999856948853,0.5,0.5049999952316284,487100,0.30836936831474304
2020-08-11,0.5099999904632568,0.5199999809265137,0.5049999952316284,0.5049999952316284,272100,0.30836936831474304
2020-08-12,0.5,0.5049999952316284,0.4950000047683716,0.5,251000,0.30531615018844604
2020-08-13,0.5099999904632568,0.5099999904632568,0.5049999952316284,0.5049999952316284,175900,0.30836936831474304
2020-08-14,0.5049999952316284,0.5099999904632568,0.5,0.5099999904632568,158500,0.3114224970340729
2020-08-17,0.5249999761581421,0.5249999761581421,0.5099999904632568,0.5149999856948853,1357000,0.3144756853580475
2020-08-18,0.5149999856948853,0.5199999809265137,0.5099999904632568,0.5149999856948853,313200,0.3144756853580475
2020-08-19,0.5149999856948853,0.5249999761581421,0.5149999856948853,0.5249999761581421,327700,0.32058197259902954
2020-08-20,0.5199999809265137,0.5249999761581421,0.5149999856948853,0.5249999761581421,416700,0.32058197259902954
2020-08-21,0.5199999809265137,0.5249999761581421,0.5149999856948853,0.5149999856948853,181200,0.3144756853580475
2020-08-24,0.5149999856948853,0.5199999809265137,0.5099999904632568,0.5149999856948853,86400,0.3144756853580475
2020-08-25,0.5149999856948853,0.5199999809265137,0.5099999904632568,0.5199999809265137,172400,0.31752878427505493
2020-08-26,0.5149999856948853,0.5199999809265137,0.5099999904632568,0.5149999856948853,71800,0.3144756853580475
2020-08-27,0.5099999904632568,0.5149999856948853,0.5,0.5,440200,0.30531615018844604
2020-08-28,0.5099999904632568,0.5149999856948853,0.5,0.5099999904632568,131200,0.3114224970340729
2020-08-31,0.5099999904632568,0.5149999856948853,0.4950000047683716,0.4950000047683716,953600,0.3022630512714386
2020-09-01,0.4950000047683716,0.5099999904632568,0.4950000047683716,0.5099999904632568,105100,0.3114224970340729
2020-09-02,0.5149999856948853,0.5199999809265137,0.5049999952316284,0.5149999856948853,696400,0.3144756853580475
2020-09-03,0.5149999856948853,0.5249999761581421,0.5099999904632568,0.5199999809265137,671800,0.31752878427505493
2020-09-04,0.5049999952316284,0.5199999809265137,0.5049999952316284,0.5199999809265137,487700,0.31752878427505493
2020-09-07,0.5149999856948853,0.5249999761581421,0.5149999856948853,0.5249999761581421,148400,0.32058197259902954
2020-09-08,0.5249999761581421,0.5249999761581421,0.5099999904632568,0.5099999904632568,132500,0.3114224970340729
2020-09-09,0.5049999952316284,0.5049999952316284,0.5,0.5049999952316284,18300,0.31080707907676697
2020-09-10,0.5049999952316284,0.5049999952316284,0.4950000047683716,0.5049999952316284,121200,0.31080707907676697
2020-09-11,0.5,0.5199999809265137,0.5,0.5049999952316284,103400,0.31080707907676697
2020-09-14,0.5099999904632568,0.5099999904632568,0.5049999952316284,0.5099999904632568,222300,0.31388431787490845
2020-09-15,0.5099999904632568,0.5099999904632568,0.5049999952316284,0.5049999952316284,46700,0.31080707907676697
2020-09-16,0.5049999952316284,0.5049999952316284,0.4950000047683716,0.5049999952316284,392400,0.31080707907676697
2020-09-17,0.5,0.5049999952316284,0.4950000047683716,0.5049999952316284,169500,0.31080707907676697
2020-09-18,0.5049999952316284,0.5049999952316284,0.4950000047683716,0.5,667400,0.3077297508716583
2020-09-21,0.5049999952316284,0.5099999904632568,0.5,0.5049999952316284,922000,0.31080707907676697
2020-09-22,0.5049999952316284,0.5049999952316284,0.4950000047683716,0.5,135600,0.3077297508716583
2020-09-23,0.5,0.5,0.4950000047683716,0.4950000047683716,137600,0.30465245246887207
2020-09-24,0.4950000047683716,0.4950000047683716,0.48500001430511475,0.49000000953674316,161800,0.3015751838684082
2020-09-25,0.4950000047683716,0.4950000047683716,0.49000000953674316,0.4950000047683716,122400,0.30465245246887207
2020-09-28,0.48500001430511475,0.49000000953674316,0.48500001430511475,0.49000000953674316,30800,0.3015751838684082
2020-09-29,0.49000000953674316,0.49000000953674316,0.47999998927116394,0.47999998927116394,284700,0.2954205274581909
2020-09-30,0.47999998927116394,0.48500001430511475,0.47999998927116394,0.48500001430511475,452700,0.29849788546562195
2020-10-01,0.48500001430511475,0.48500001430511475,0.48500001430511475,0.48500001430511475,0,0.29849788546562195
2020-10-02,0.48500001430511475,0.48500001430511475,0.47999998927116394,0.48500001430511475,153800,0.29849788546562195
2020-10-05,0.48500001430511475,0.48500001430511475,0.48500001430511475,0.48500001430511475,17700,0.29849788546562195
2020-10-06,0.48500001430511475,0.5,0.48500001430511475,0.4950000047683716,181900,0.30465245246887207
2020-10-07,0.4950000047683716,0.4950000047683716,0.48500001430511475,0.48500001430511475,104800,0.29849788546562195
2020-10-08,0.48500001430511475,0.4950000047683716,0.48500001430511475,0.48500001430511475,110900,0.29849788546562195
2020-10-09,0.48500001430511475,0.49000000953674316,0.48500001430511475,0.48500001430511475,521800,0.29849788546562195
2020-10-12,0.49000000953674316,0.49000000953674316,0.48500001430511475,0.48500001430511475,281000,0.29849788546562195
2020-10-13,0.48500001430511475,0.49000000953674316,0.4699999988079071,0.47999998927116394,566800,0.2954205274581909
2020-10-14,0.48500001430511475,0.49000000953674316,0.4699999988079071,0.4699999988079071,328900,0.2892659604549408
2020-10-15,0.47999998927116394,0.47999998927116394,0.45500001311302185,0.45500001311302185,477400,0.2800340950489044
2020-10-16,0.46000000834465027,0.4650000035762787,0.45500001311302185,0.45500001311302185,454900,0.2800340950489044
2020-10-19,0.4650000035762787,0.4699999988079071,0.44999998807907104,0.44999998807907104,187100,0.2769567370414734
2020-10-20,0.44999998807907104,0.46000000834465027,0.4449999928474426,0.44999998807907104,166800,0.2769567370414734
2020-10-21,0.4449999928474426,0.44999998807907104,0.4399999976158142,0.4449999928474426,248400,0.2738794982433319
2020-10-22,0.4399999976158142,0.45500001311302185,0.4399999976158142,0.4449999928474426,243100,0.2738794982433319
2020-10-23,0.4449999928474426,0.4449999928474426,0.4350000023841858,0.4399999976158142,318500,0.27080219984054565
2020-10-26,0.4399999976158142,0.4399999976158142,0.4300000071525574,0.4300000071525574,298300,0.26464757323265076
2020-10-27,0.4300000071525574,0.4399999976158142,0.4300000071525574,0.4350000023841858,124000,0.2677249014377594
2020-10-28,0.4350000023841858,0.44999998807907104,0.4350000023841858,0.4449999928474426,96800,0.2738794982433319
2020-10-29,0.4449999928474426,0.4449999928474426,0.4350000023841858,0.4350000023841858,12600,0.2677249014377594
2020-10-30,0.4350000023841858,0.46000000834465027,0.4300000071525574,0.4350000023841858,193800,0.2677249014377594
2020-11-02,0.45500001311302185,0.4650000035762787,0.4399999976158142,0.45500001311302185,75900,0.2800340950489044
2020-11-03,0.46000000834465027,0.4749999940395355,0.45500001311302185,0.4650000035762787,210100,0.28618866205215454
2020-11-04,0.4699999988079071,0.4749999940395355,0.4650000035762787,0.4699999988079071,198300,0.2892659604549408
2020-11-05,0.4749999940395355,0.5199999809265137,0.46000000834465027,0.5149999856948853,1360300,0.3169616460800171
2020-11-06,0.5,0.5099999904632568,0.4950000047683716,0.5099999904632568,344100,0.31388431787490845
2020-11-09,0.5099999904632568,0.5199999809265137,0.5099999904632568,0.5149999856948853,293900,0.3169616460800171
2020-11-10,0.5099999904632568,0.5099999904632568,0.48500001430511475,0.5,623000,0.3077297508716583
2020-11-11,0.5,0.5049999952316284,0.47999998927116394,0.5049999952316284,684600,0.31080707907676697
2020-11-12,0.5049999952316284,0.5149999856948853,0.4950000047683716,0.5149999856948853,463800,0.3169616460800171
2020-11-13,0.5099999904632568,0.5299999713897705,0.5049999952316284,0.5049999952316284,1382000,0.31080707907676697
2020-11-16,0.5099999904632568,0.5149999856948853,0.5,0.5049999952316284,1131900,0.31080707907676697
2020-11-17,0.5099999904632568,0.5149999856948853,0.5,0.5149999856948853,671000,0.3169616460800171
2020-11-18,0.5099999904632568,0.5149999856948853,0.5,0.5,341200,0.3077297508716583
2020-11-19,0.5049999952316284,0.5149999856948853,0.4950000047683716,0.5049999952316284,877600,0.31080707907676697
2020-11-20,0.5049999952316284,0.5350000262260437,0.5,0.5249999761581421,847500,0.3231161832809448
2020-11-23,0.5299999713897705,0.5400000214576721,0.5199999809265137,0.5199999809265137,513300,0.32003894448280334
2020-11-24,0.5299999713897705,0.550000011920929,0.5199999809265137,0.5450000166893005,1095200,0.33542540669441223
2020-11-25,0.5450000166893005,0.550000011920929,0.5199999809265137,0.5249999761581421,1472900,0.3231161832809448
2020-11-26,0.5350000262260437,0.5400000214576721,0.5299999713897705,0.5400000214576721,128600,0.332348108291626
2020-11-27,0.5400000214576721,0.5400000214576721,0.5299999713897705,0.5400000214576721,245800,0.332348108291626
2020-11-30,0.5450000166893005,0.5600000023841858,0.5199999809265137,0.5199999809265137,1158900,0.32003894448280334
2020-12-01,0.5249999761581421,0.5400000214576721,0.5249999761581421,0.5350000262260437,351200,0.3292708396911621
2020-12-02,0.5249999761581421,0.5299999713897705,0.5249999761581421,0.5249999761581421,96100,0.3231161832809448
2020-12-03,0.5400000214576721,0.5400000214576721,0.5199999809265137,0.5249999761581421,50000,0.3231161832809448
2020-12-04,0.5249999761581421,0.5299999713897705,0.5199999809265137,0.5249999761581421,494100,0.3231161832809448
2020-12-07,0.5199999809265137,0.5299999713897705,0.5199999809265137,0.5199999809265137,547800,0.32003894448280334
2020-12-08,0.5199999809265137,0.5299999713897705,0.5149999856948853,0.5299999713897705,587700,0.32619351148605347
2020-12-09,0.5350000262260437,0.5350000262260437,0.5199999809265137,0.5299999713897705,228900,0.32619351148605347
2020-12-10,0.5199999809265137,0.5199999809265137,0.5149999856948853,0.5149999856948853,263600,0.3169616460800171
2020-12-11,0.5199999809265137,0.5199999809265137,0.5149999856948853,0.5149999856948853,286500,0.3169616460800171
2020-12-14,0.5149999856948853,0.5199999809265137,0.5099999904632568,0.5149999856948853,245800,0.3169616460800171
2020-12-15,0.5149999856948853,0.5350000262260437,0.5099999904632568,0.5299999713897705,135100,0.32619351148605347
2020-12-16,0.5199999809265137,0.5249999761581421,0.5199999809265137,0.5199999809265137,241800,0.32003894448280334
2020-12-17,0.5199999809265137,0.5249999761581421,0.5149999856948853,0.5249999761581421,229400,0.3231161832809448
2020-12-18,0.5249999761581421,0.5249999761581421,0.5149999856948853,0.5199999809265137,256600,0.32003894448280334
2020-12-21,0.5199999809265137,0.5249999761581421,0.5149999856948853,0.5249999761581421,358100,0.3231161832809448
2020-12-22,0.5149999856948853,0.5199999809265137,0.5099999904632568,0.5149999856948853,499300,0.3169616460800171
2020-12-23,0.5099999904632568,0.5149999856948853,0.5099999904632568,0.5149999856948853,100400,0.3169616460800171
2020-12-24,0.5199999809265137,0.5249999761581421,0.5099999904632568,0.5149999856948853,345900,0.3169616460800171
2020-12-28,0.5199999809265137,0.5199999809265137,0.5049999952316284,0.5049999952316284,437700,0.31080707907676697
2020-12-29,0.5049999952316284,0.5049999952316284,0.4950000047683716,0.5049999952316284,626800,0.31080707907676697
2020-12-30,0.5049999952316284,0.5099999904632568,0.5049999952316284,0.5049999952316284,104000,0.31080707907676697
2020-12-31,0.5,0.5099999904632568,0.5,0.5049999952316284,77500,0.31080707907676697
2021-01-04,0.5099999904632568,0.5199999809265137,0.5099999904632568,0.5099999904632568,741700,0.31388431787490845
2021-01-05,0.5149999856948853,0.5249999761581421,0.5149999856948853,0.5199999809265137,699900,0.32003894448280334
2021-01-06,0.5249999761581421,0.5699999928474426,0.5249999761581421,0.5550000071525574,2249700,0.34158003330230713
2021-01-07,0.5649999976158142,0.5699999928474426,0.550000011920929,0.5649999976158142,1568100,0.34773460030555725
2021-01-08,0.5550000071525574,0.5550000071525574,0.5400000214576721,0.5400000214576721,1198500,0.332348108291626
2021-01-11,0.5350000262260437,0.5550000071525574,0.5350000262260437,0.5350000262260437,2552000,0.3292708396911621
2021-01-12,0.5450000166893005,0.550000011920929,0.5350000262260437,0.5400000214576721,2059400,0.332348108291626
2021-01-13,0.5450000166893005,0.5849999785423279,0.5400000214576721,0.574999988079071,6259100,0.35388919711112976
2021-01-14,0.574999988079071,0.5799999833106995,0.5550000071525574,0.5699999928474426,2282300,0.3508119285106659
2021-01-15,0.5699999928474426,0.574999988079071,0.550000011920929,0.5649999976158142,1438700,0.34773460030555725
2021-01-18,0.5550000071525574,0.5600000023841858,0.5450000166893005,0.550000011920929,1145300,0.3385027050971985
2021-01-19,0.5550000071525574,0.5699999928474426,0.5550000071525574,0.5600000023841858,1222700,0.34465736150741577
2021-01-20,0.5600000023841858,0.5600000023841858,0.550000011920929,0.5600000023841858,917100,0.34465736150741577
2021-01-21,0.5600000023841858,0.5600000023841858,0.5450000166893005,0.550000011920929,1060300,0.3385027050971985
2021-01-22,0.550000011920929,0.550000011920929,0.5400000214576721,0.5450000166893005,446800,0.33542540669441223
2021-01-25,0.5400000214576721,0.550000011920929,0.5350000262260437,0.5350000262260437,1305200,0.3292708396911621
2021-01-26,0.5350000262260437,0.5350000262260437,0.5199999809265137,0.5249999761581421,1407100,0.3231161832809448
2021-01-27,0.5299999713897705,0.5400000214576721,0.5249999761581421,0.5350000262260437,702200,0.3292708396911621
2021-01-28,0.5299999713897705,0.5350000262260437,0.5199999809265137,0.5249999761581421,558500,0.3231161832809448
2021-01-29,0.5299999713897705,0.5400000214576721,0.5099999904632568,0.5199999809265137,1496200,0.32003894448280334
2021-02-01,0.5149999856948853,0.5299999713897705,0.5099999904632568,0.5249999761581421,498000,0.3231161832809448
2021-02-02,0.5299999713897705,0.5350000262260437,0.5199999809265137,0.5199999809265137,550200,0.32003894448280334
2021-02-03,0.5299999713897705,0.5299999713897705,0.5199999809265137,0.5249999761581421,412400,0.3231161832809448
2021-02-04,0.5199999809265137,0.5199999809265137,0.5149999856948853,0.5149999856948853,369100,0.3169616460800171
2021-02-05,0.5199999809265137,0.5299999713897705,0.5149999856948853,0.5199999809265137,603900,0.32003894448280334
2021-02-08,0.5199999809265137,0.5299999713897705,0.5199999809265137,0.5299999713897705,248600,0.32619351148605347
2021-02-09,0.5249999761581421,0.5299999713897705,0.5249999761581421,0.5249999761581421,188000,0.3231161832809448
2021-02-10,0.5249999761581421,0.5299999713897705,0.5249999761581421,0.5249999761581421,91700,0.3231161832809448
2021-02-11,0.5249999761581421,0.5299999713897705,0.5199999809265137,0.5249999761581421,124900,0.3231161832809448
2021-02-15,0.5249999761581421,0.550000011920929,0.5249999761581421,0.5450000166893005,1220200,0.33542540669441223
2021-02-16,0.550000011920929,0.5550000071525574,0.5450000166893005,0.5450000166893005,671300,0.33542540669441223
2021-02-17,0.5450000166893005,0.5450000166893005,0.5350000262260437,0.5350000262260437,453000,0.3292708396911621
2021-02-18,0.5350000262260437,0.5450000166893005,0.5350000262260437,0.5450000166893005,319400,0.33542540669441223
2021-02-19,0.5350000262260437,0.5450000166893005,0.5350000262260437,0.5400000214576721,652400,0.332348108291626
2021-02-22,0.5600000023841858,0.5699999928474426,0.5299999713897705,0.5350000262260437,3552800,0.3292708396911621
2021-02-23,0.5400000214576721,0.5400000214576721,0.5049999952316284,0.5099999904632568,3818500,0.31388431787490845
2021-02-24,0.5049999952316284,0.5049999952316284,0.47999998927116394,0.49000000953674316,3872000,0.3015751838684082
2021-02-25,0.48500001430511475,0.49000000953674316,0.4650000035762787,0.4749999940395355,4151700,0.29234325885772705
2021-02-26,0.4699999988079071,0.4749999940395355,0.45500001311302185,0.4749999940395355,1834100,0.29234325885772705
2021-03-01,0.4699999988079071,0.4749999940395355,0.4650000035762787,0.4650000035762787,1204500,0.28618866205215454
2021-03-02,0.4650000035762787,0.4699999988079071,0.45500001311302185,0.4650000035762787,712300,0.28618866205215454
2021-03-03,0.4650000035762787,0.4650000035762787,0.45500001311302185,0.46000000834465027,1107500,0.2831113934516907
2021-03-04,0.45500001311302185,0.4650000035762787,0.4399999976158142,0.45500001311302185,2294200,0.2800340950489044
2021-03-05,0.45500001311302185,0.4699999988079071,0.45500001311302185,0.4699999988079071,798200,0.2892659604549408
2021-03-08,0.4650000035762787,0.48500001430511475,0.46000000834465027,0.4749999940395355,3055100,0.29234325885772705
2021-03-09,0.4749999940395355,0.4749999940395355,0.4650000035762787,0.4749999940395355,601900,0.29234325885772705
2021-03-10,0.4749999940395355,0.4749999940395355,0.46000000834465027,0.4650000035762787,698200,0.28618866205215454
2021-03-11,0.4749999940395355,0.48500001430511475,0.4699999988079071,0.48500001430511475,1569100,0.29849788546562195
2021-03-12,0.48500001430511475,0.48500001430511475,0.4699999988079071,0.4749999940395355,729300,0.29234325885772705
2021-03-15,0.47999998927116394,0.48500001430511475,0.4749999940395355,0.47999998927116394,789100,0.2954205274581909
2021-03-16,0.48500001430511475,0.49000000953674316,0.4749999940395355,0.4749999940395355,1490100,0.29234325885772705
2021-03-17,0.47999998927116394,0.48500001430511475,0.4749999940395355,0.4749999940395355,1004200,0.29234325885772705
2021-03-18,0.4749999940395355,0.48500001430511475,0.4699999988079071,0.4699999988079071,1121300,0.2892659604549408
2021-03-19,0.4699999988079071,0.48500001430511475,0.4699999988079071,0.47999998927116394,1517700,0.2954205274581909
2021-03-22,0.47999998927116394,0.48500001430511475,0.4699999988079071,0.4749999940395355,1787100,0.29234325885772705
2021-03-23,0.47999998927116394,0.47999998927116394,0.4699999988079071,0.4699999988079071,831100,0.2892659604549408
2021-03-24,0.4749999940395355,0.47999998927116394,0.4749999940395355,0.4749999940395355,261400,0.29234325885772705
2021-03-25,0.4749999940395355,0.47999998927116394,0.4749999940395355,0.47999998927116394,389800,0.2954205274581909
2021-03-26,0.47999998927116394,0.47999998927116394,0.4749999940395355,0.4749999940395355,315100,0.29234325885772705
2021-03-29,0.4749999940395355,0.47999998927116394,0.4749999940395355,0.4749999940395355,820400,0.29234325885772705
2021-03-30,0.47999998927116394,0.48500001430511475,0.4749999940395355,0.47999998927116394,642900,0.2954205274581909
2021-03-31,0.47999998927116394,0.48500001430511475,0.4749999940395355,0.47999998927116394,1068400,0.2954205274581909
2021-04-01,0.48500001430511475,0.48500001430511475,0.47999998927116394,0.48500001430511475,640900,0.29849788546562195
2021-04-05,0.49000000953674316,0.49000000953674316,0.4749999940395355,0.47999998927116394,1993300,0.2954205274581909
2021-04-06,0.47999998927116394,0.47999998927116394,0.4749999940395355,0.47999998927116394,667600,0.2954205274581909
2021-04-07,0.47999998927116394,0.48500001430511475,0.4749999940395355,0.47999998927116394,1373700,0.2954205274581909
2021-04-08,0.47999998927116394,0.48500001430511475,0.4749999940395355,0.47999998927116394,437400,0.2954205274581909
2021-04-09,0.47999998927116394,0.48500001430511475,0.4749999940395355,0.47999998927116394,1533300,0.2954205274581909
2021-04-12,0.47999998927116394,0.48500001430511475,0.4749999940395355,0.47999998927116394,887600,0.2954205274581909
2021-04-13,0.47999998927116394,0.47999998927116394,0.4749999940395355,0.4749999940395355,1863200,0.29234325885772705
2021-04-14,0.4749999940395355,0.47999998927116394,0.4749999940395355,0.4749999940395355,2665100,0.29234325885772705
2021-04-15,0.47999998927116394,0.47999998927116394,0.4749999940395355,0.4749999940395355,311100,0.29234325885772705
2021-04-16,0.47999998927116394,0.48500001430511475,0.47999998927116394,0.48500001430511475,719100,0.29849788546562195
2021-04-19,0.48500001430511475,0.49000000953674316,0.47999998927116394,0.48500001430511475,795400,0.29849788546562195
2021-04-20,0.47999998927116394,0.49000000953674316,0.47999998927116394,0.48500001430511475,813100,0.29849788546562195
2021-04-21,0.4650000035762787,0.4699999988079071,0.4650000035762787,0.4699999988079071,1443200,0.30170753598213196
2021-04-22,0.4699999988079071,0.4749999940395355,0.4650000035762787,0.4650000035762787,1646900,0.29849788546562195
2021-04-23,0.4650000035762787,0.47999998927116394,0.46000000834465027,0.4699999988079071,1489700,0.30170753598213196
2021-04-26,0.47999998927116394,0.48500001430511475,0.4749999940395355,0.48500001430511475,561700,0.3113364577293396
2021-04-27,0.48500001430511475,0.48500001430511475,0.47999998927116394,0.47999998927116394,404000,0.3081268072128296
2021-04-28,0.47999998927116394,0.48500001430511475,0.47999998927116394,0.48500001430511475,540800,0.3113364577293396
2021-04-29,0.48500001430511475,0.48500001430511475,0.4749999940395355,0.47999998927116394,1416600,0.3081268072128296
2021-04-30,0.47999998927116394,0.47999998927116394,0.4749999940395355,0.4749999940395355,451900,0.30491718649864197
2021-05-03,0.47999998927116394,0.47999998927116394,0.4699999988079071,0.4699999988079071,1204200,0.30170753598213196
2021-05-04,0.4699999988079071,0.47999998927116394,0.4699999988079071,0.4749999940395355,822300,0.30491718649864197
2021-05-05,0.4699999988079071,0.4749999940395355,0.4699999988079071,0.4749999940395355,569700,0.30491718649864197
2021-05-06,0.4699999988079071,0.4749999940395355,0.4650000035762787,0.4699999988079071,1482900,0.30170753598213196
2021-05-07,0.4699999988079071,0.4749999940395355,0.4650000035762787,0.4749999940395355,1458500,0.30491718649864197
2021-05-10,0.4699999988079071,0.47999998927116394,0.4699999988079071,0.4749999940395355,1015400,0.30491718649864197
2021-05-11,0.4699999988079071,0.4749999940395355,0.4650000035762787,0.4699999988079071,1606000,0.30170753598213196
2021-05-12,0.4699999988079071,0.49000000953674316,0.4699999988079071,0.48500001430511475,2671700,0.3113364577293396
2021-05-14,0.48500001430511475,0.49000000953674316,0.46000000834465027,0.4650000035762787,2841900,0.29849788546562195
2021-05-17,0.4650000035762787,0.4650000035762787,0.44999998807907104,0.46000000834465027,1666900,0.29528817534446716
2021-05-18,0.46000000834465027,0.4699999988079071,0.46000000834465027,0.4650000035762787,520600,0.29849788546562195
2021-05-19,0.4650000035762787,0.4650000035762787,0.46000000834465027,0.46000000834465027,554500,0.29528817534446716
2021-05-20,0.46000000834465027,0.4650000035762787,0.46000000834465027,0.4650000035762787,306600,0.29849788546562195
2021-05-21,0.46000000834465027,0.46000000834465027,0.45500001311302185,0.45500001311302185,551400,0.29207855463027954
2021-05-24,0.45500001311302185,0.46000000834465027,0.44999998807907104,0.46000000834465027,1150100,0.29528817534446716
2021-05-25,0.45500001311302185,0.46000000834465027,0.44999998807907104,0.44999998807907104,1126900,0.28886884450912476
2021-05-27,0.45500001311302185,0.46000000834465027,0.4399999976158142,0.4399999976158142,7503500,0.2824495732784271
2021-05-28,0.4449999928474426,0.45500001311302185,0.4399999976158142,0.44999998807907104,1891748,0.28886884450912476
2021-05-31,0.44999998807907104,0.46000000834465027,0.44999998807907104,0.45500001311302185,898700,0.29207855463027954
2021-06-01,0.45500001311302185,0.46000000834465027,0.44999998807907104,0.45500001311302185,512000,0.29207855463027954
2021-06-02,0.45500001311302185,0.46000000834465027,0.44999998807907104,0.46000000834465027,858400,0.29528817534446716
2021-06-03,0.46000000834465027,0.4650000035762787,0.45500001311302185,0.46000000834465027,1201900,0.29528817534446716
2021-06-04,0.46000000834465027,0.4650000035762787,0.44999998807907104,0.46000000834465027,902200,0.29528817534446716
2021-06-07,0.4650000035762787,0.4699999988079071,0.45500001311302185,0.46000000834465027,795100,0.29528817534446716
2021-06-08,0.4650000035762787,0.4699999988079071,0.46000000834465027,0.46000000834465027,654100,0.29528817534446716
2021-06-09,0.46000000834465027,0.4749999940395355,0.46000000834465027,0.4699999988079071,1028000,0.30170753598213196
2021-06-10,0.4699999988079071,0.48500001430511475,0.4699999988079071,0.48500001430511475,1460300,0.3113364577293396
2021-06-11,0.47999998927116394,0.5049999952316284,0.47999998927116394,0.4950000047683716,2444000,0.317755788564682
2021-06-14,0.5049999952316284,0.5049999952316284,0.4749999940395355,0.47999998927116394,1702900,0.3081268072128296
2021-06-15,0.47999998927116394,0.47999998927116394,0.4650000035762787,0.4699999988079071,1177200,0.30170753598213196
2021-06-16,0.4699999988079071,0.4699999988079071,0.4650000035762787,0.4699999988079071,143800,0.30170753598213196
2021-06-17,0.4699999988079071,0.4699999988079071,0.46000000834465027,0.46000000834465027,648600,0.29528817534446716
2021-06-18,0.46000000834465027,0.4650000035762787,0.45500001311302185,0.46000000834465027,891700,0.29528817534446716
2021-06-21,0.46000000834465027,0.46000000834465027,0.44999998807907104,0.45500001311302185,917000,0.29207855463027954
2021-06-22,0.46000000834465027,0.4699999988079071,0.46000000834465027,0.4650000035762787,559200,0.29849788546562195
2021-06-23,0.4699999988079071,0.4749999940395355,0.4650000035762787,0.4699999988079071,69800,0.30170753598213196
2021-06-24,0.4749999940395355,0.4749999940395355,0.4650000035762787,0.4749999940395355,257800,0.30491718649864197
2021-06-25,0.4749999940395355,0.4749999940395355,0.4650000035762787,0.4650000035762787,248300,0.29849788546562195
2021-06-28,0.4699999988079071,0.4699999988079071,0.46000000834465027,0.4650000035762787,351300,0.29849788546562195
2021-06-29,0.4650000035762787,0.4650000035762787,0.45500001311302185,0.4650000035762787,614700,0.29849788546562195
2021-06-30,0.4650000035762787,0.4650000035762787,0.44999998807907104,0.45500001311302185,1092500,0.29207855463027954
2021-07-01,0.46000000834465027,0.46000000834465027,0.44999998807907104,0.45500001311302185,552100,0.29207855463027954
2021-07-02,0.45500001311302185,0.46000000834465027,0.45500001311302185,0.45500001311302185,307300,0.29207855463027954
2021-07-05,0.45500001311302185,0.4650000035762787,0.45500001311302185,0.46000000834465027,790600,0.29528817534446716
2021-07-06,0.46000000834465027,0.4699999988079071,0.46000000834465027,0.4650000035762787,578100,0.29849788546562195
2021-07-07,0.4699999988079071,0.4699999988079071,0.46000000834465027,0.4650000035762787,340700,0.29849788546562195
2021-07-08,0.4650000035762787,0.4650000035762787,0.44999998807907104,0.45500001311302185,1484200,0.29207855463027954
2021-07-09,0.46000000834465027,0.46000000834465027,0.44999998807907104,0.46000000834465027,174600,0.29528817534446716
2021-07-12,0.46000000834465027,0.46000000834465027,0.44999998807907104,0.44999998807907104,402300,0.28886884450912476
2021-07-13,0.45500001311302185,0.46000000834465027,0.45500001311302185,0.45500001311302185,379700,0.29207855463027954
2021-07-14,0.45500001311302185,0.46000000834465027,0.45500001311302185,0.45500001311302185,312400,0.29207855463027954
2021-07-15,0.45500001311302185,0.46000000834465027,0.44999998807907104,0.45500001311302185,791100,0.29207855463027954
2021-07-16,0.45500001311302185,0.46000000834465027,0.44999998807907104,0.45500001311302185,340900,0.29207855463027954
2021-07-19,0.45500001311302185,0.45500001311302185,0.44999998807907104,0.44999998807907104,698700,0.28886884450912476
2021-07-21,0.45500001311302185,0.45500001311302185,0.44999998807907104,0.44999998807907104,340200,0.28886884450912476
2021-07-22,0.44999998807907104,0.45500001311302185,0.44999998807907104,0.45500001311302185,118900,0.29207855463027954
2021-07-23,0.45500001311302185,0.45500001311302185,0.44999998807907104,0.45500001311302185,409200,0.29207855463027954
2021-07-26,0.45500001311302185,0.45500001311302185,0.4449999928474426,0.4449999928474426,1220600,0.28565922379493713
2021-07-27,0.44999998807907104,0.45500001311302185,0.4449999928474426,0.4449999928474426,275800,0.28565922379493713
2021-07-28,0.44999998807907104,0.45500001311302185,0.4449999928474426,0.44999998807907104,186800,0.28886884450912476
2021-07-29,0.45500001311302185,0.46000000834465027,0.44999998807907104,0.46000000834465027,208300,0.29528817534446716
2021-07-30,0.45500001311302185,0.46000000834465027,0.44999998807907104,0.45500001311302185,263400,0.29207855463027954
2021-08-02,0.45500001311302185,0.45500001311302185,0.44999998807907104,0.44999998807907104,260100,0.28886884450912476
2021-08-03,0.45500001311302185,0.45500001311302185,0.44999998807907104,0.45500001311302185,221700,0.29207855463027954
2021-08-04,0.45500001311302185,0.45500001311302185,0.4449999928474426,0.44999998807907104,686600,0.28886884450912476
2021-08-05,0.45500001311302185,0.45500001311302185,0.4449999928474426,0.45500001311302185,543800,0.29207855463027954
2021-08-06,0.44999998807907104,0.45500001311302185,0.44999998807907104,0.45500001311302185,643500,0.29207855463027954
2021-08-10,0.45500001311302185,0.45500001311302185,0.44999998807907104,0.44999998807907104,221500,0.28886884450912476
2021-08-11,0.45500001311302185,0.45500001311302185,0.44999998807907104,0.45500001311302185,298900,0.29207855463027954
2021-08-12,0.45500001311302185,0.46000000834465027,0.45500001311302185,0.46000000834465027,1170600,0.29528817534446716
2021-08-13,0.46000000834465027,0.4699999988079071,0.45500001311302185,0.4650000035762787,1170200,0.29849788546562195
2021-08-16,0.4699999988079071,0.4699999988079071,0.46000000834465027,0.4650000035762787,955800,0.29849788546562195
2021-08-17,0.4699999988079071,0.4699999988079071,0.45500001311302185,0.4650000035762787,976100,0.29849788546562195
2021-08-18,0.4699999988079071,0.4699999988079071,0.4650000035762787,0.4699999988079071,187600,0.30170753598213196
2021-08-19,0.4699999988079071,0.4749999940395355,0.4650000035762787,0.4699999988079071,826500,0.30170753598213196
2021-08-20,0.4699999988079071,0.4749999940395355,0.4650000035762787,0.4749999940395355,774300,0.30491718649864197
2021-08-23,0.4749999940395355,0.4749999940395355,0.4699999988079071,0.4749999940395355,485900,0.30491718649864197
2021-08-24,0.4749999940395355,0.4749999940395355,0.4699999988079071,0.4699999988079071,380300,0.30170753598213196
2021-08-25,0.4699999988079071,0.4749999940395355,0.4699999988079071,0.4749999940395355,150100,0.30491718649864197
2021-08-26,0.4749999940395355,0.47999998927116394,0.4699999988079071,0.4749999940395355,568600,0.30491718649864197
2021-08-27,0.4749999940395355,0.47999998927116394,0.4699999988079071,0.4749999940395355,543800,0.30491718649864197
2021-08-30,0.4749999940395355,0.47999998927116394,0.4699999988079071,0.4749999940395355,435100,0.30491718649864197
2021-08-31,0.4749999940395355,0.48500001430511475,0.4699999988079071,0.48500001430511475,823000,0.3113364577293396
2021-09-01,0.48500001430511475,0.48500001430511475,0.47999998927116394,0.47999998927116394,108500,0.3081268072128296
2021-09-02,0.48500001430511475,0.48500001430511475,0.4749999940395355,0.48500001430511475,602700,0.3113364577293396
2021-09-03,0.48500001430511475,0.48500001430511475,0.47999998927116394,0.47999998927116394,88600,0.3081268072128296
2021-09-06,0.47999998927116394,0.48500001430511475,0.47999998927116394,0.48500001430511475,175200,0.3113364577293396
2021-09-07,0.48500001430511475,0.5,0.4749999940395355,0.5,2735300,0.320965439081192
2021-09-08,0.4950000047683716,0.4950000047683716,0.47999998927116394,0.48500001430511475,529200,0.3141639530658722
2021-09-09,0.49000000953674316,0.5049999952316284,0.48500001430511475,0.4950000047683716,1461600,0.32064154744148254
2021-09-10,0.4950000047683716,0.5049999952316284,0.49000000953674316,0.5049999952316284,521400,0.32711920142173767
2021-09-13,0.5,0.5,0.4950000047683716,0.5,643700,0.3238803744316101
2021-09-14,0.5049999952316284,0.5049999952316284,0.49000000953674316,0.5,649400,0.3238803744316101
2021-09-15,0.5,0.5,0.4950000047683716,0.5,550600,0.3238803744316101
2021-09-16,0.4950000047683716,0.4950000047683716,0.49000000953674316,0.49000000953674316,175000,0.31740278005599976
2021-09-17,0.4950000047683716,0.4950000047683716,0.47999998927116394,0.47999998927116394,916600,0.310925155878067
2021-09-20,0.48500001430511475,0.48500001430511475,0.4650000035762787,0.4699999988079071,445800,0.3044475317001343
2021-09-21,0.4699999988079071,0.4749999940395355,0.4650000035762787,0.4699999988079071,272000,0.3044475317001343
2021-09-22,0.4749999940395355,0.4749999940395355,0.4650000035762787,0.4749999940395355,40900,0.30768632888793945
2021-09-23,0.4749999940395355,0.47999998927116394,0.4699999988079071,0.47999998927116394,185600,0.310925155878067
2021-09-24,0.47999998927116394,0.48500001430511475,0.4749999940395355,0.48500001430511475,212000,0.3141639530658722
2021-09-27,0.48500001430511475,0.48500001430511475,0.4749999940395355,0.48500001430511475,159700,0.3141639530658722
2021-09-28,0.4749999940395355,0.47999998927116394,0.4699999988079071,0.47999998927116394,473700,0.310925155878067
2021-09-29,0.47999998927116394,0.4950000047683716,0.4749999940395355,0.49000000953674316,714900,0.31740278005599976
2021-09-30,0.48500001430511475,0.49000000953674316,0.47999998927116394,0.49000000953674316,471300,0.31740278005599976
2021-10-01,0.49000000953674316,0.4950000047683716,0.48500001430511475,0.49000000953674316,452400,0.31740278005599976
2021-10-04,0.5,0.5,0.48500001430511475,0.48500001430511475,116500,0.3141639530658722
2021-10-05,0.49000000953674316,0.5,0.49000000953674316,0.49000000953674316,407700,0.31740278005599976
2021-10-06,0.4950000047683716,0.5350000262260437,0.4950000047683716,0.5299999713897705,4890500,0.34331315755844116
2021-10-07,0.5350000262260437,0.5600000023841858,0.5299999713897705,0.550000011920929,3254000,0.35626837611198425
2021-10-08,0.5450000166893005,0.5550000071525574,0.5400000214576721,0.550000011920929,1391000,0.35626837611198425
2021-10-11,0.550000011920929,0.5600000023841858,0.5450000166893005,0.5550000071525574,959000,0.3595072031021118
2021-10-12,0.5550000071525574,0.5550000071525574,0.5299999713897705,0.5299999713897705,942400,0.34331315755844116
2021-10-13,0.5299999713897705,0.5450000166893005,0.5299999713897705,0.5450000166893005,552900,0.35302960872650146
2021-10-14,0.5450000166893005,0.550000011920929,0.5450000166893005,0.5450000166893005,322900,0.35302960872650146
2021-10-15,0.5400000214576721,0.5450000166893005,0.5400000214576721,0.5400000214576721,312700,0.3497907817363739
2021-10-18,0.5400000214576721,0.5450000166893005,0.5299999713897705,0.5299999713897705,498100,0.34331315755844116
2021-10-19,0.5350000262260437,0.5400000214576721,0.5299999713897705,0.5350000262260437,263300,0.3465520143508911
2021-10-20,0.5350000262260437,0.5400000214576721,0.5350000262260437,0.5400000214576721,478400,0.3497907817363739
2021-10-21,0.5400000214576721,0.5450000166893005,0.5350000262260437,0.5400000214576721,496400,0.3497907817363739
2021-10-22,0.5350000262260437,0.5400000214576721,0.5299999713897705,0.5400000214576721,398500,0.3497907817363739
2021-10-25,0.5350000262260437,0.5450000166893005,0.5350000262260437,0.5400000214576721,149000,0.3497907817363739
2021-10-26,0.5400000214576721,0.5699999928474426,0.5400000214576721,0.5600000023841858,1376600,0.362746000289917
2021-10-27,0.550000011920929,0.5649999976158142,0.550000011920929,0.5550000071525574,355900,0.3595072031021118
2021-10-28,0.550000011920929,0.5550000071525574,0.550000011920929,0.550000011920929,953000,0.35626837611198425
2021-10-29,0.5600000023841858,0.5600000023841858,0.550000011920929,0.550000011920929,779900,0.35626837611198425
2021-11-01,0.5550000071525574,0.5649999976158142,0.550000011920929,0.550000011920929,506600,0.35626837611198425
2021-11-02,0.550000011920929,0.5550000071525574,0.5450000166893005,0.5550000071525574,475000,0.3595072031021118
2021-11-03,0.5550000071525574,0.5699999928474426,0.550000011920929,0.5699999928474426,2801200,0.36922359466552734
2021-11-05,0.5699999928474426,0.5899999737739563,0.5699999928474426,0.574999988079071,2611200,0.3724623918533325
2021-11-08,0.574999988079071,0.574999988079071,0.5600000023841858,0.5699999928474426,158400,0.36922359466552734
2021-11-09,0.5699999928474426,0.5699999928474426,0.5450000166893005,0.550000011920929,827100,0.35626837611198425
2021-11-10,0.550000011920929,0.5550000071525574,0.5400000214576721,0.5450000166893005,491500,0.35302960872650146
2021-11-11,0.5450000166893005,0.5600000023841858,0.5450000166893005,0.5550000071525574,1551500,0.3595072031021118
2021-11-12,0.5550000071525574,0.5550000071525574,0.5450000166893005,0.5550000071525574,125000,0.3595072031021118
2021-11-15,0.5699999928474426,0.5799999833106995,0.5649999976158142,0.5649999976158142,1502600,0.36598482728004456
2021-11-16,0.5649999976158142,0.5649999976158142,0.5400000214576721,0.5400000214576721,1215600,0.3497907817363739
2021-11-17,0.5400000214576721,0.5699999928474426,0.5400000214576721,0.5600000023841858,2300100,0.362746000289917
2021-11-18,0.5649999976158142,0.5699999928474426,0.5550000071525574,0.5600000023841858,798900,0.362746000289917
2021-11-19,0.5649999976158142,0.574999988079071,0.5649999976158142,0.574999988079071,707400,0.3724623918533325
2021-11-22,0.574999988079071,0.5849999785423279,0.574999988079071,0.5849999785423279,840600,0.37894001603126526
2021-11-23,0.5849999785423279,0.5849999785423279,0.5799999833106995,0.5849999785423279,433100,0.37894001603126526
2021-11-24,0.5849999785423279,0.5899999737739563,0.5799999833106995,0.5799999833106995,785400,0.3757012188434601
2021-11-25,0.5799999833106995,0.5899999737739563,0.5799999833106995,0.5849999785423279,258900,0.37894001603126526
2021-11-26,0.5799999833106995,0.5849999785423279,0.574999988079071,0.5799999833106995,2315300,0.3757012188434601
2021-11-29,0.5649999976158142,0.5699999928474426,0.5550000071525574,0.5600000023841858,955700,0.362746000289917
2021-11-30,0.5600000023841858,0.574999988079071,0.5550000071525574,0.5600000023841858,644700,0.362746000289917
2021-12-01,0.5600000023841858,0.5649999976158142,0.5350000262260437,0.5450000166893005,935600,0.35302960872650146
2021-12-02,0.5550000071525574,0.5550000071525574,0.5350000262260437,0.5450000166893005,1274200,0.35302960872650146
2021-12-03,0.5550000071525574,0.5550000071525574,0.550000011920929,0.5550000071525574,279900,0.3595072031021118
2021-12-06,0.550000011920929,0.5550000071525574,0.5450000166893005,0.550000011920929,96200,0.35626837611198425
2021-12-07,0.5550000071525574,0.5600000023841858,0.550000011920929,0.5600000023841858,113100,0.362746000289917
2021-12-08,0.5550000071525574,0.5600000023841858,0.550000011920929,0.550000011920929,75400,0.35626837611198425
2021-12-09,0.550000011920929,0.5600000023841858,0.550000011920929,0.550000011920929,98800,0.35626837611198425
2021-12-10,0.550000011920929,0.5600000023841858,0.550000011920929,0.5550000071525574,264500,0.3595072031021118
2021-12-13,0.550000011920929,0.5600000023841858,0.550000011920929,0.550000011920929,144400,0.35626837611198425
2021-12-14,0.550000011920929,0.550000011920929,0.5350000262260437,0.5400000214576721,858100,0.3497907817363739
2021-12-15,0.5400000214576721,0.5400000214576721,0.5049999952316284,0.5149999856948853,1279400,0.33359673619270325
2021-12-16,0.5099999904632568,0.5249999761581421,0.5049999952316284,0.5199999809265137,489200,0.3368355333805084
2021-12-17,0.5199999809265137,0.5249999761581421,0.5149999856948853,0.5199999809265137,483100,0.3368355333805084
2021-12-20,0.5199999809265137,0.5199999809265137,0.5049999952316284,0.5099999904632568,398800,0.33035799860954285
2021-12-21,0.5149999856948853,0.5249999761581421,0.5099999904632568,0.5199999809265137,172800,0.3368355333805084
2021-12-22,0.5199999809265137,0.5199999809265137,0.5149999856948853,0.5149999856948853,120200,0.33359673619270325
2021-12-23,0.5149999856948853,0.5299999713897705,0.5099999904632568,0.5149999856948853,686100,0.33359673619270325
2021-12-24,0.5249999761581421,0.5299999713897705,0.5249999761581421,0.5299999713897705,49900,0.34331315755844116
2021-12-27,0.5299999713897705,0.550000011920929,0.5249999761581421,0.5450000166893005,248000,0.35302960872650146
2021-12-28,0.5450000166893005,0.5450000166893005,0.5350000262260437,0.5450000166893005,208500,0.35302960872650146
2021-12-29,0.5400000214576721,0.5400000214576721,0.5350000262260437,0.5350000262260437,64100,0.3465520143508911
2021-12-30,0.5350000262260437,0.5450000166893005,0.5299999713897705,0.5400000214576721,183000,0.3497907817363739
2021-12-31,0.5400000214576721,0.5400000214576721,0.5400000214576721,0.5400000214576721,8100,0.3497907817363739
2022-01-03,0.5350000262260437,0.5450000166893005,0.5299999713897705,0.5450000166893005,196600,0.35302960872650146
2022-01-04,0.5450000166893005,0.5550000071525574,0.5450000166893005,0.5550000071525574,391000,0.3595072031021118
2022-01-05,0.5550000071525574,0.5550000071525574,0.5450000166893005,0.550000011920929,249500,0.35626837611198425
2022-01-06,0.550000011920929,0.550000011920929,0.5350000262260437,0.5350000262260437,445800,0.3465520143508911
2022-01-07,0.5350000262260437,0.5450000166893005,0.5350000262260437,0.5450000166893005,312300,0.35302960872650146
2022-01-10,0.5450000166893005,0.5550000071525574,0.5400000214576721,0.5550000071525574,190400,0.3595072031021118
2022-01-11,0.550000011920929,0.5550000071525574,0.5450000166893005,0.550000011920929,689700,0.35626837611198425
2022-01-12,0.5550000071525574,0.5550000071525574,0.550000011920929,0.5550000071525574,327200,0.3595072031021118
2022-01-13,0.5550000071525574,0.5550000071525574,0.550000011920929,0.5550000071525574,340000,0.3595072031021118
2022-01-14,0.5550000071525574,0.5550000071525574,0.5450000166893005,0.5450000166893005,209000,0.35302960872650146
2022-01-17,0.5450000166893005,0.5550000071525574,0.5450000166893005,0.5450000166893005,513500,0.35302960872650146
2022-01-18,0.5550000071525574,0.5550000071525574,0.5400000214576721,0.5450000166893005,99500,0.35302960872650146
2022-01-19,0.5450000166893005,0.5550000071525574,0.5400000214576721,0.5550000071525574,690400,0.3595072031021118
2022-01-20,0.5550000071525574,0.5550000071525574,0.550000011920929,0.5550000071525574,14200,0.3595072031021118
2022-01-21,0.5550000071525574,0.5550000071525574,0.5450000166893005,0.5550000071525574,259200,0.3595072031021118
2022-01-24,0.550000011920929,0.5550000071525574,0.5450000166893005,0.5550000071525574,779600,0.3595072031021118
2022-01-25,0.550000011920929,0.5550000071525574,0.5450000166893005,0.5550000071525574,400800,0.3595072031021118
2022-01-26,0.5550000071525574,0.5550000071525574,0.550000011920929,0.5550000071525574,43500,0.3595072031021118
2022-01-27,0.5550000071525574,0.5550000071525574,0.550000011920929,0.550000011920929,132600,0.35626837611198425
2022-01-28,0.550000011920929,0.5550000071525574,0.5350000262260437,0.5450000166893005,518600,0.35302960872650146
2022-01-31,0.5450000166893005,0.550000011920929,0.5450000166893005,0.550000011920929,71300,0.35626837611198425
2022-02-03,0.5550000071525574,0.5600000023841858,0.550000011920929,0.5600000023841858,350000,0.362746000289917
2022-02-04,0.550000011920929,0.5600000023841858,0.550000011920929,0.5600000023841858,226900,0.362746000289917
2022-02-07,0.5600000023841858,0.5849999785423279,0.5600000023841858,0.5799999833106995,1100800,0.3757012188434601
2022-02-08,0.574999988079071,0.5799999833106995,0.5699999928474426,0.574999988079071,785100,0.3724623918533325
2022-02-09,0.574999988079071,0.5799999833106995,0.5699999928474426,0.5799999833106995,400900,0.3757012188434601
2022-02-10,0.5799999833106995,0.5899999737739563,0.574999988079071,0.5899999737739563,822200,0.38217881321907043
2022-02-11,0.5849999785423279,0.6000000238418579,0.5799999833106995,0.6000000238418579,1447400,0.38865649700164795
2022-02-14,0.6050000190734863,0.6050000190734863,0.5849999785423279,0.5849999785423279,736100,0.37894001603126526
2022-02-15,0.5899999737739563,0.6349999904632568,0.5899999737739563,0.6100000143051147,2159300,0.3951340317726135
2022-02-16,0.6150000095367432,0.6349999904632568,0.5950000286102295,0.6349999904632568,2173800,0.4113280773162842
2022-02-17,0.6349999904632568,0.6800000071525574,0.6299999952316284,0.6800000071525574,4253500,0.44047728180885315
2022-02-18,0.6700000166893005,0.6800000071525574,0.6600000262260437,0.6600000262260437,1199500,0.42752206325531006
2022-02-21,0.6600000262260437,0.675000011920929,0.6600000262260437,0.6700000166893005,703900,0.4339997172355652
2022-02-22,0.675000011920929,0.675000011920929,0.6499999761581421,0.6549999713897705,1277400,0.4242832064628601
2022-02-23,0.6600000262260437,0.699999988079071,0.6600000262260437,0.6800000071525574,2724700,0.44047728180885315
2022-02-24,0.6800000071525574,0.7099999785423279,0.675000011920929,0.699999988079071,5002500,0.45343247056007385
2022-02-25,0.699999988079071,0.75,0.699999988079071,0.7350000143051147,4165000,0.47610408067703247
2022-02-28,0.7400000095367432,0.75,0.7049999833106995,0.7250000238418579,2231400,0.4696265161037445
2022-03-01,0.7300000190734863,0.7599999904632568,0.7300000190734863,0.7599999904632568,3490300,0.4922981858253479
2022-03-02,0.7599999904632568,0.7799999713897705,0.75,0.7699999809265137,3270000,0.49877578020095825
2022-03-03,0.7649999856948853,0.7749999761581421,0.7599999904632568,0.7599999904632568,2290200,0.4922981858253479
2022-03-04,0.7699999809265137,0.7799999713897705,0.7450000047683716,0.7749999761581421,6229300,0.5020145773887634
2022-03-07,0.7850000262260437,0.800000011920929,0.7850000262260437,0.800000011920929,4993400,0.5182086229324341
2022-03-08,0.800000011920929,0.800000011920929,0.7350000143051147,0.7699999809265137,3879600,0.49877578020095825
2022-03-09,0.7699999809265137,0.7850000262260437,0.7549999952316284,0.7799999713897705,4098700,0.5052533745765686
2022-03-10,0.7799999713897705,0.7799999713897705,0.7450000047683716,0.7699999809265137,3094600,0.49877578020095825
2022-03-11,0.7599999904632568,0.7649999856948853,0.7400000095367432,0.7450000047683716,658700,0.4825817048549652
2022-03-14,0.75,0.75,0.7200000286102295,0.7200000286102295,1307400,0.46638771891593933
2022-03-15,0.7250000238418579,0.7400000095367432,0.6800000071525574,0.7099999785423279,2718000,0.4599100947380066
2022-03-16,0.699999988079071,0.7450000047683716,0.699999988079071,0.7350000143051147,2818700,0.47610408067703247
2022-03-17,0.7350000143051147,0.7549999952316284,0.7250000238418579,0.75,2840800,0.48582059144973755
2022-03-18,0.75,0.7549999952316284,0.7250000238418579,0.75,2184000,0.48582059144973755
2022-03-21,0.75,0.75,0.7200000286102295,0.7400000095367432,1360200,0.4793429672718048
2022-03-22,0.7400000095367432,0.7900000214576721,0.7400000095367432,0.7599999904632568,5488000,0.4922981858253479
2022-03-23,0.7649999856948853,0.7699999809265137,0.75,0.7599999904632568,1437000,0.4922981858253479
2022-03-24,0.7599999904632568,0.7699999809265137,0.7450000047683716,0.7549999952316284,1657700,0.48905935883522034
2022-03-25,0.7599999904632568,0.7749999761581421,0.7599999904632568,0.7649999856948853,2571200,0.4955368936061859
2022-03-28,0.7649999856948853,0.7749999761581421,0.7649999856948853,0.7699999809265137,3171900,0.49877578020095825
2022-03-29,0.7699999809265137,0.7699999809265137,0.7599999904632568,0.7699999809265137,1320300,0.49877578020095825
2022-03-30,0.7699999809265137,0.7699999809265137,0.75,0.75,1215600,0.48582059144973755
2022-03-31,0.7549999952316284,0.7649999856948853,0.75,0.7599999904632568,1012100,0.4922981858253479
2022-04-01,0.7549999952316284,0.7549999952316284,0.7300000190734863,0.7400000095367432,1711900,0.4793429672718048
2022-04-04,0.7350000143051147,0.75,0.7350000143051147,0.75,822600,0.48582059144973755
2022-04-05,0.7450000047683716,0.7599999904632568,0.7450000047683716,0.7599999904632568,1339800,0.4922981858253479
2022-04-06,0.7599999904632568,0.7649999856948853,0.75,0.7599999904632568,846700,0.4922981858253479
2022-04-07,0.7549999952316284,0.7649999856948853,0.7549999952316284,0.7599999904632568,495200,0.4922981858253479
2022-04-08,0.7649999856948853,0.7699999809265137,0.7549999952316284,0.7699999809265137,911600,0.49877578020095825
2022-04-11,0.7699999809265137,0.7699999809265137,0.7649999856948853,0.7649999856948853,1724400,0.4955368936061859
2022-04-12,0.7649999856948853,0.7699999809265137,0.7599999904632568,0.7699999809265137,3251000,0.49877578020095825
2022-04-13,0.7749999761581421,0.824999988079071,0.7749999761581421,0.8149999976158142,9007300,0.5279250144958496
2022-04-14,0.8199999928474426,0.824999988079071,0.8149999976158142,0.8149999976158142,1446300,0.5279250144958496
2022-04-18,0.8149999976158142,0.8299999833106995,0.8149999976158142,0.8149999976158142,1947500,0.5279250144958496
2022-04-19,0.8149999976158142,0.8299999833106995,0.8100000023841858,0.8149999976158142,2563400,0.5279250144958496
2022-04-20,0.8199999928474426,0.8550000190734863,0.8199999928474426,0.8399999737739563,5707300,0.5441189408302307
2022-04-21,0.8450000286102295,0.8600000143051147,0.8349999785423279,0.8550000190734863,2886400,0.5538355112075806
2022-04-22,0.8500000238418579,0.8550000190734863,0.8450000286102295,0.8550000190734863,1202500,0.5538355112075806
2022-04-25,0.8100000023841858,0.8100000023841858,0.7099999785423279,0.7450000047683716,11190600,0.4825817048549652
2022-04-26,0.7649999856948853,0.7950000166893005,0.7649999856948853,0.7850000262260437,3727900,0.5084921717643738
2022-04-27,0.75,0.7900000214576721,0.75,0.7850000262260437,2254500,0.5308063626289368
2022-04-28,0.75,0.7900000214576721,0.7149999737739563,0.7850000262260437,2336200,0.5308063626289368
2022-04-29,0.7850000262260437,0.800000011920929,0.7749999761581421,0.7799999713897705,2440700,0.5274253487586975
2022-05-04,0.7900000214576721,0.8149999976158142,0.7799999713897705,0.7900000214576721,1512800,0.5341872572898865
2022-05-05,0.800000011920929,0.824999988079071,0.7950000166893005,0.8050000071525574,1608800,0.5443300008773804
2022-05-06,0.8050000071525574,0.8100000023841858,0.7699999809265137,0.7799999713897705,1322400,0.5274253487586975
2022-05-09,0.7900000214576721,0.7900000214576721,0.7599999904632568,0.7649999856948853,1115000,0.5172826051712036
2022-05-10,0.7599999904632568,0.7599999904632568,0.7250000238418579,0.7400000095367432,2394500,0.5003780126571655
2022-05-11,0.7450000047683716,0.7549999952316284,0.7250000238418579,0.7450000047683716,1905600,0.5037589073181152
2022-05-12,0.75,0.7549999952316284,0.6899999976158142,0.6949999928474426,4261100,0.4699495732784271
2022-05-13,0.6949999928474426,0.7400000095367432,0.6949999928474426,0.7400000095367432,3644900,0.5003780126571655
2022-05-17,0.7450000047683716,0.7950000166893005,0.7250000238418579,0.7850000262260437,5428600,0.5308063626289368
2022-05-18,0.7850000262260437,0.7900000214576721,0.7699999809265137,0.7900000214576721,897900,0.5341872572898865
2022-05-19,0.7749999761581421,0.7799999713897705,0.75,0.75,1301900,0.5071398019790649
2022-05-20,0.7699999809265137,0.8100000023841858,0.7649999856948853,0.7850000262260437,5732600,0.5308063626289368
2022-05-23,0.7900000214576721,0.7900000214576721,0.7599999904632568,0.7749999761581421,1023900,0.5240444540977478
2022-05-24,0.7850000262260437,0.7900000214576721,0.7749999761581421,0.7799999713897705,1423800,0.5274253487586975
2022-05-25,0.7900000214576721,0.7950000166893005,0.7799999713897705,0.7900000214576721,1334900,0.5341872572898865
2022-05-26,0.7900000214576721,0.7900000214576721,0.7400000095367432,0.75,2194800,0.5071398019790649
2022-05-27,0.7450000047683716,0.7649999856948853,0.7450000047683716,0.75,1882600,0.5071398019790649
2022-05-30,0.7649999856948853,0.7649999856948853,0.7350000143051147,0.7400000095367432,1253400,0.5003780126571655
2022-05-31,0.7450000047683716,0.75,0.7250000238418579,0.7250000238418579,10139500,0.4902351200580597
2022-06-01,0.7300000190734863,0.7549999952316284,0.7300000190734863,0.7400000095367432,3996900,0.5003780126571655
2022-06-02,0.7400000095367432,0.7400000095367432,0.7250000238418579,0.7400000095367432,671900,0.5003780126571655
2022-06-03,0.7400000095367432,0.7450000047683716,0.7300000190734863,0.7400000095367432,1403600,0.5003780126571655
2022-06-06,0.7400000095367432,0.7649999856948853,0.7350000143051147,0.7599999904632568,1563700,0.5139016509056091
2022-06-07,0.7599999904632568,0.7749999761581421,0.75,0.7649999856948853,2714500,0.5172826051712036
2022-06-08,0.7699999809265137,0.7749999761581421,0.7599999904632568,0.7699999809265137,1349400,0.5206634998321533
2022-06-09,0.7699999809265137,0.7749999761581421,0.7400000095367432,0.75,1122200,0.5071398019790649
2022-06-10,0.7450000047683716,0.7549999952316284,0.7350000143051147,0.7450000047683716,1188800,0.5037589073181152
2022-06-13,0.7350000143051147,0.7400000095367432,0.7250000238418579,0.7350000143051147,920600,0.49699699878692627
2022-06-14,0.7300000190734863,0.7300000190734863,0.7049999833106995,0.7250000238418579,1000500,0.4902351200580597
2022-06-15,0.7200000286102295,0.7250000238418579,0.699999988079071,0.699999988079071,1724300,0.47333043813705444
2022-06-16,0.7149999737739563,0.7200000286102295,0.6800000071525574,0.699999988079071,1909800,0.47333043813705444
2022-06-17,0.6949999928474426,0.6949999928474426,0.6600000262260437,0.6800000071525574,2568200,0.45980674028396606
2022-06-20,0.6650000214576721,0.6700000166893005,0.6449999809265137,0.6549999713897705,1300300,0.4429020285606384
2022-06-21,0.6549999713897705,0.6700000166893005,0.6449999809265137,0.6499999761581421,1224900,0.43952110409736633
2022-06-22,0.6549999713897705,0.6800000071525574,0.6499999761581421,0.6700000166893005,3739000,0.4530448615550995
2022-06-23,0.6549999713897705,0.6600000262260437,0.6399999856948853,0.6399999856948853,1376900,0.43275928497314453
2022-06-24,0.6399999856948853,0.6549999713897705,0.6299999952316284,0.6299999952316284,1903000,0.42599743604660034
2022-06-27,0.6299999952316284,0.6549999713897705,0.6299999952316284,0.6449999809265137,828300,0.4361402094364166
2022-06-28,0.6499999761581421,0.6700000166893005,0.6449999809265137,0.6650000214576721,1753400,0.44966402649879456
2022-06-29,0.6600000262260437,0.675000011920929,0.6600000262260437,0.6600000262260437,1199700,0.4462829828262329
2022-06-30,0.6600000262260437,0.6650000214576721,0.6449999809265137,0.6650000214576721,1161700,0.44966402649879456
2022-07-01,0.6650000214576721,0.6700000166893005,0.6449999809265137,0.6449999809265137,849800,0.4361402094364166
2022-07-04,0.6449999809265137,0.6600000262260437,0.6349999904632568,0.6399999856948853,581600,0.43275928497314453
2022-07-05,0.6349999904632568,0.6449999809265137,0.6050000190734863,0.6200000047683716,1139000,0.4192355275154114
2022-07-06,0.6050000190734863,0.6200000047683716,0.5899999737739563,0.6000000238418579,2023900,0.4057118594646454
2022-07-07,0.6000000238418579,0.6050000190734863,0.5950000286102295,0.6000000238418579,1050000,0.4057118594646454
2022-07-08,0.6050000190734863,0.6299999952316284,0.6050000190734863,0.6200000047683716,1120600,0.4192355275154114
2022-07-12,0.6200000047683716,0.6200000047683716,0.6000000238418579,0.6050000190734863,618300,0.40909281373023987
2022-07-13,0.6050000190734863,0.6200000047683716,0.6000000238418579,0.6100000143051147,502800,0.4124736487865448
2022-07-14,0.6150000095367432,0.6150000095367432,0.5799999833106995,0.5849999785423279,594200,0.3955690264701843
2022-07-15,0.5799999833106995,0.5950000286102295,0.5550000071525574,0.5550000071525574,860300,0.37528344988822937
2022-07-18,0.5550000071525574,0.5950000286102295,0.5550000071525574,0.5899999737739563,727700,0.3989499509334564
2022-07-19,0.5950000286102295,0.6000000238418579,0.574999988079071,0.574999988079071,340600,0.38880711793899536
2022-07-20,0.5799999833106995,0.5899999737739563,0.5799999833106995,0.5849999785423279,264200,0.3955690264701843
2022-07-21,0.5849999785423279,0.5950000286102295,0.5849999785423279,0.5849999785423279,416700,0.3955690264701843
2022-07-22,0.5799999833106995,0.5849999785423279,0.5600000023841858,0.5600000023841858,1451700,0.37866437435150146
2022-07-25,0.5600000023841858,0.5849999785423279,0.5600000023841858,0.574999988079071,775300,0.38880711793899536
2022-07-26,0.574999988079071,0.5849999785423279,0.5699999928474426,0.5799999833106995,545700,0.3921881318092346
2022-07-27,0.574999988079071,0.5950000286102295,0.574999988079071,0.5849999785423279,819800,0.3955690264701843
2022-07-28,0.5849999785423279,0.6200000047683716,0.5849999785423279,0.6050000190734863,1601400,0.40909281373023987
2022-07-29,0.6100000143051147,0.6200000047683716,0.5950000286102295,0.6000000238418579,813500,0.4057118594646454
2022-08-01,0.6000000238418579,0.6200000047683716,0.6000000238418579,0.6150000095367432,927000,0.4158546030521393
2022-08-02,0.6150000095367432,0.6150000095367432,0.6000000238418579,0.6050000190734863,352800,0.40909281373023987
2022-08-03,0.6000000238418579,0.6050000190734863,0.5899999737739563,0.6000000238418579,562000,0.4057118594646454
2022-08-04,0.6000000238418579,0.6299999952316284,0.6000000238418579,0.625,1299700,0.42261651158332825
2022-08-05,0.625,0.6399999856948853,0.6200000047683716,0.6299999952316284,868300,0.42599743604660034
2022-08-08,0.6349999904632568,0.6349999904632568,0.6150000095367432,0.625,981400,0.42261651158332825
2022-08-10,0.6200000047683716,0.6299999952316284,0.6150000095367432,0.625,487300,0.42261651158332825
2022-08-11,0.625,0.6349999904632568,0.6200000047683716,0.625,504400,0.42261651158332825
2022-08-12,0.625,0.6549999713897705,0.6200000047683716,0.6449999809265137,2118900,0.4361402094364166
2022-08-15,0.6600000262260437,0.6600000262260437,0.6299999952316284,0.6349999904632568,1524100,0.4293783903121948
2022-08-16,0.6349999904632568,0.6499999761581421,0.6349999904632568,0.6449999809265137,498100,0.4361402094364166
2022-08-17,0.6499999761581421,0.6600000262260437,0.6449999809265137,0.6449999809265137,651100,0.4361402094364166
2022-08-18,0.6399999856948853,0.6549999713897705,0.6399999856948853,0.6399999856948853,460200,0.43275928497314453
2022-08-19,0.6499999761581421,0.6549999713897705,0.6399999856948853,0.6549999713897705,662300,0.4429020285606384
2022-08-22,0.6499999761581421,0.6499999761581421,0.625,0.6299999952316284,968900,0.42599743604660034
2022-08-23,0.6299999952316284,0.6399999856948853,0.6299999952316284,0.6299999952316284,297100,0.42599743604660034
2022-08-24,0.6299999952316284,0.6399999856948853,0.6299999952316284,0.6349999904632568,367900,0.4293783903121948
2022-08-25,0.6299999952316284,0.6449999809265137,0.6299999952316284,0.6399999856948853,458400,0.43275928497314453
2022-08-26,0.6349999904632568,0.6449999809265137,0.6349999904632568,0.6349999904632568,143400,0.4293783903121948
2022-08-29,0.625,0.6349999904632568,0.6150000095367432,0.625,590000,0.42261651158332825
2022-08-30,0.625,0.6399999856948853,0.625,0.6299999952316284,230800,0.42599743604660034
2022-08-31,0.625,0.625,0.6150000095367432,0.625,1097200,0.42261651158332825
2022-09-01,0.6200000047683716,0.625,0.6150000095367432,0.6200000047683716,291500,0.4192355275154114
2022-09-02,0.6200000047683716,0.625,0.5950000286102295,0.6000000238418579,1143500,0.4057118594646454
2022-09-05,0.5950000286102295,0.6100000143051147,0.5950000286102295,0.6000000238418579,294700,0.4057118594646454
2022-09-06,0.5849999785423279,0.6100000143051147,0.5849999785423279,0.6050000190734863,606700,0.41779690980911255
2022-09-07,0.6000000238418579,0.6000000238418579,0.5799999833106995,0.5799999833106995,514900,0.4005325436592102
2022-09-08,0.5799999833106995,0.5899999737739563,0.5699999928474426,0.5849999785423279,855900,0.4039853811264038
2022-09-09,0.5849999785423279,0.625,0.5849999785423279,0.625,1732500,0.43160831928253174
2022-09-12,0.6299999952316284,0.6449999809265137,0.6299999952316284,0.6349999904632568,1045300,0.4385140836238861
2022-09-13,0.6349999904632568,0.6449999809265137,0.625,0.6349999904632568,476900,0.4385140836238861
2022-09-14,0.6050000190734863,0.625,0.6050000190734863,0.6150000095367432,435500,0.42470255494117737
2022-09-15,0.6200000047683716,0.6449999809265137,0.6200000047683716,0.6349999904632568,870900,0.4385140836238861
2022-09-16,0.6299999952316284,0.6399999856948853,0.6150000095367432,0.6200000047683716,505600,0.42815545201301575
2022-09-19,0.6150000095367432,0.6399999856948853,0.6050000190734863,0.6150000095367432,284400,0.42470255494117737
2022-09-20,0.625,0.6399999856948853,0.6100000143051147,0.6200000047683716,882200,0.42815545201301575
2022-09-21,0.6150000095367432,0.6349999904632568,0.6150000095367432,0.625,463900,0.43160831928253174
2022-09-22,0.6200000047683716,0.6299999952316284,0.6200000047683716,0.6200000047683716,374800,0.42815545201301575
2022-09-23,0.6200000047683716,0.6299999952316284,0.6100000143051147,0.6200000047683716,747200,0.42815545201301575
2022-09-26,0.6150000095367432,0.625,0.5799999833106995,0.5950000286102295,1401400,0.4108911454677582
2022-09-27,0.5849999785423279,0.6000000238418579,0.5799999833106995,0.5899999737739563,862500,0.4074382185935974
2022-09-28,0.5799999833106995,0.5899999737739563,0.5649999976158142,0.5699999928474426,1544600,0.39362674951553345
2022-09-29,0.5699999928474426,0.5849999785423279,0.5699999928474426,0.5849999785423279,764400,0.4039853811264038
2022-09-30,0.574999988079071,0.5849999785423279,0.5649999976158142,0.574999988079071,369300,0.3970796465873718
2022-10-03,0.5699999928474426,0.5849999785423279,0.5699999928474426,0.574999988079071,256600,0.3970796465873718
2022-10-04,0.574999988079071,0.5950000286102295,0.5699999928474426,0.5799999833106995,770000,0.4005325436592102
2022-10-05,0.5849999785423279,0.5899999737739563,0.5699999928474426,0.574999988079071,753800,0.3970796465873718
2022-10-06,0.5799999833106995,0.5849999785423279,0.574999988079071,0.5849999785423279,436800,0.4039853811264038
2022-10-07,0.5799999833106995,0.5899999737739563,0.574999988079071,0.5849999785423279,451600,0.4039853811264038
2022-10-10,0.5799999833106995,0.5799999833106995,0.5600000023841858,0.5649999976158142,450100,0.39017391204833984
2022-10-11,0.5649999976158142,0.5699999928474426,0.550000011920929,0.5550000071525574,742200,0.38326820731163025
2022-10-12,0.5649999976158142,0.5649999976158142,0.5400000214576721,0.5450000166893005,863400,0.37636247277259827
2022-10-13,0.5550000071525574,0.5550000071525574,0.5400000214576721,0.5400000214576721,482900,0.3729095458984375
2022-10-14,0.550000011920929,0.5550000071525574,0.5400000214576721,0.550000011920929,500900,0.3798152804374695
2022-10-17,0.550000011920929,0.5649999976158142,0.5350000262260437,0.5550000071525574,560900,0.38326820731163025
2022-10-18,0.5649999976158142,0.574999988079071,0.5550000071525574,0.574999988079071,345800,0.3970796465873718
2022-10-19,0.574999988079071,0.5799999833106995,0.5600000023841858,0.574999988079071,431400,0.3970796465873718
2022-10-20,0.5699999928474426,0.6000000238418579,0.5699999928474426,0.5899999737739563,929500,0.4074382185935974
2022-10-21,0.5849999785423279,0.6050000190734863,0.5799999833106995,0.5849999785423279,1314100,0.4039853811264038
2022-10-25,0.5849999785423279,0.6000000238418579,0.5799999833106995,0.5899999737739563,727500,0.4074382185935974
2022-10-26,0.5899999737739563,0.6000000238418579,0.5849999785423279,0.5849999785423279,503200,0.4039853811264038
2022-10-27,0.5950000286102295,0.6000000238418579,0.5849999785423279,0.5899999737739563,421900,0.4074382185935974
2022-10-28,0.5950000286102295,0.5950000286102295,0.5849999785423279,0.5950000286102295,378900,0.4108911454677582
2022-10-31,0.5899999737739563,0.6100000143051147,0.5899999737739563,0.5950000286102295,618100,0.4108911454677582
2022-11-01,0.6000000238418579,0.6200000047683716,0.6000000238418579,0.6200000047683716,498500,0.42815545201301575
2022-11-02,0.6200000047683716,0.6299999952316284,0.6150000095367432,0.6299999952316284,652400,0.43506118655204773
2022-11-03,0.625,0.625,0.6150000095367432,0.6200000047683716,169100,0.42815545201301575
2022-11-04,0.6200000047683716,0.6349999904632568,0.6150000095367432,0.6349999904632568,253200,0.4385140836238861
2022-11-07,0.6150000095367432,0.625,0.6100000143051147,0.6150000095367432,160800,0.42470255494117737
2022-11-08,0.6150000095367432,0.625,0.6150000095367432,0.6200000047683716,367300,0.42815545201301575
2022-11-09,0.6200000047683716,0.625,0.6100000143051147,0.6150000095367432,193500,0.42470255494117737
2022-11-10,0.6150000095367432,0.625,0.6000000238418579,0.6150000095367432,388300,0.42470255494117737
2022-11-11,0.625,0.6299999952316284,0.5950000286102295,0.6000000238418579,1732100,0.41434401273727417
2022-11-14,0.6000000238418579,0.6299999952316284,0.5950000286102295,0.6150000095367432,1729900,0.42470255494117737
2022-11-15,0.6299999952316284,0.6700000166893005,0.6299999952316284,0.6399999856948853,5206000,0.4419669508934021
2022-11-16,0.6449999809265137,0.6449999809265137,0.6299999952316284,0.6299999952316284,592200,0.43506118655204773
2022-11-17,0.6200000047683716,0.6299999952316284,0.6150000095367432,0.6200000047683716,282900,0.42815545201301575
2022-11-18,0.6150000095367432,0.625,0.6050000190734863,0.6050000190734863,777400,0.41779690980911255
2022-11-21,0.6100000143051147,0.6100000143051147,0.5899999737739563,0.5899999737739563,805100,0.4074382185935974
2022-11-22,0.5950000286102295,0.6050000190734863,0.5899999737739563,0.6000000238418579,246300,0.41434401273727417
2022-11-23,0.6000000238418579,0.6100000143051147,0.6000000238418579,0.6050000190734863,132400,0.41779690980911255
2022-11-24,0.6050000190734863,0.6200000047683716,0.6000000238418579,0.6100000143051147,227100,0.4212496876716614
2022-11-25,0.6150000095367432,0.625,0.6050000190734863,0.6200000047683716,679900,0.42815545201301575
2022-11-28,0.6150000095367432,0.6200000047683716,0.6100000143051147,0.6100000143051147,217800,0.4212496876716614
2022-11-29,0.6100000143051147,0.6200000047683716,0.6100000143051147,0.6100000143051147,204000,0.4212496876716614
2022-11-30,0.6100000143051147,0.6200000047683716,0.6000000238418579,0.6100000143051147,1608400,0.4212496876716614
2022-12-01,0.6100000143051147,0.6200000047683716,0.6100000143051147,0.6150000095367432,407300,0.42470255494117737
2022-12-02,0.6100000143051147,0.6299999952316284,0.6100000143051147,0.6200000047683716,532400,0.42815545201301575
2022-12-05,0.6200000047683716,0.6299999952316284,0.6200000047683716,0.6299999952316284,266500,0.43506118655204773
2022-12-06,0.625,0.625,0.6050000190734863,0.6100000143051147,474500,0.4212496876716614
2022-12-07,0.6050000190734863,0.6200000047683716,0.6000000238418579,0.6050000190734863,505400,0.41779690980911255
2022-12-08,0.6000000238418579,0.6100000143051147,0.5899999737739563,0.6050000190734863,862800,0.41779690980911255
2022-12-09,0.6000000238418579,0.6000000238418579,0.574999988079071,0.5899999737739563,1019600,0.4074382185935974
2022-12-12,0.5899999737739563,0.6050000190734863,0.5899999737739563,0.5899999737739563,621800,0.4074382185935974
2022-12-13,0.5899999737739563,0.6050000190734863,0.5899999737739563,0.6050000190734863,392900,0.41779690980911255
2022-12-14,0.6000000238418579,0.6200000047683716,0.5950000286102295,0.6050000190734863,1357600,0.41779690980911255
2022-12-15,0.6050000190734863,0.6100000143051147,0.6000000238418579,0.6000000238418579,333100,0.41434401273727417
2022-12-16,0.6050000190734863,0.6150000095367432,0.5799999833106995,0.6000000238418579,1249300,0.41434401273727417
2022-12-19,0.5950000286102295,0.6150000095367432,0.5950000286102295,0.6050000190734863,1337200,0.41779690980911255
2022-12-20,0.6100000143051147,0.6150000095367432,0.6000000238418579,0.6050000190734863,402800,0.41779690980911255
2022-12-21,0.6000000238418579,0.6100000143051147,0.6000000238418579,0.6050000190734863,134400,0.41779690980911255
2022-12-22,0.6050000190734863,0.6100000143051147,0.5950000286102295,0.6000000238418579,742900,0.41434401273727417
2022-12-23,0.6000000238418579,0.6100000143051147,0.6000000238418579,0.6000000238418579,268500,0.41434401273727417
2022-12-27,0.6000000238418579,0.6100000143051147,0.5950000286102295,0.5950000286102295,746300,0.4108911454677582
2022-12-28,0.5950000286102295,0.6100000143051147,0.5950000286102295,0.6000000238418579,825100,0.41434401273727417
2022-12-29,0.5950000286102295,0.6050000190734863,0.5899999737739563,0.5899999737739563,571600,0.4074382185935974
2022-12-30,0.5950000286102295,0.6000000238418579,0.5899999737739563,0.5899999737739563,480200,0.4074382185935974
2023-01-03,0.5950000286102295,0.6000000238418579,0.5849999785423279,0.5950000286102295,914700,0.4108911454677582
2023-01-04,0.5899999737739563,0.6000000238418579,0.5849999785423279,0.5849999785423279,496000,0.4039853811264038
2023-01-05,0.5849999785423279,0.6050000190734863,0.5849999785423279,0.5899999737739563,414200,0.4074382185935974
2023-01-06,0.5899999737739563,0.6000000238418579,0.5799999833106995,0.5899999737739563,544200,0.4074382185935974
2023-01-09,0.5950000286102295,0.6050000190734863,0.5899999737739563,0.5950000286102295,496500,0.4108911454677582
2023-01-10,0.5950000286102295,0.6299999952316284,0.5950000286102295,0.6100000143051147,1289600,0.4212496876716614
2023-01-11,0.6100000143051147,0.6150000095367432,0.6050000190734863,0.6050000190734863,382700,0.41779690980911255
2023-01-12,0.6050000190734863,0.6100000143051147,0.5950000286102295,0.6000000238418579,714600,0.41434401273727417
2023-01-13,0.6100000143051147,0.6200000047683716,0.5950000286102295,0.6000000238418579,1331500,0.41434401273727417
2023-01-16,0.6000000238418579,0.6050000190734863,0.5849999785423279,0.5899999737739563,771900,0.4074382185935974
2023-01-17,0.5899999737739563,0.5950000286102295,0.5799999833106995,0.5899999737739563,402000,0.4074382185935974
2023-01-18,0.5899999737739563,0.5950000286102295,0.5799999833106995,0.5849999785423279,427900,0.4039853811264038
2023-01-19,0.5849999785423279,0.5899999737739563,0.5799999833106995,0.5899999737739563,513000,0.4074382185935974
2023-01-20,0.5849999785423279,0.5950000286102295,0.5849999785423279,0.5899999737739563,273700,0.4074382185935974
2023-01-25,0.5899999737739563,0.6050000190734863,0.5899999737739563,0.6000000238418579,508200,0.41434401273727417
2023-01-26,0.6050000190734863,0.6200000047683716,0.6000000238418579,0.6100000143051147,703700,0.4212496876716614
2023-01-27,0.6150000095367432,0.625,0.6100000143051147,0.6100000143051147,746000,0.4212496876716614
2023-01-30,0.6100000143051147,0.6150000095367432,0.5950000286102295,0.6000000238418579,526900,0.41434401273727417
2023-01-31,0.5950000286102295,0.6100000143051147,0.5950000286102295,0.6050000190734863,624800,0.41779690980911255
2023-02-01,0.6050000190734863,0.6150000095367432,0.6050000190734863,0.6100000143051147,379100,0.4212496876716614
2023-02-02,0.6100000143051147,0.6349999904632568,0.6050000190734863,0.6200000047683716,1953500,0.42815545201301575
2023-02-03,0.625,0.6299999952316284,0.6150000095367432,0.6150000095367432,550500,0.42470255494117737
2023-02-06,0.6150000095367432,0.625,0.6100000143051147,0.6200000047683716,131300,0.42815545201301575
2023-02-07,0.6150000095367432,0.6299999952316284,0.6150000095367432,0.625,546700,0.43160831928253174
2023-02-08,0.625,0.6299999952316284,0.6100000143051147,0.6100000143051147,662800,0.4212496876716614
2023-02-09,0.6100000143051147,0.6150000095367432,0.6050000190734863,0.6050000190734863,609700,0.41779690980911255
2023-02-10,0.6050000190734863,0.6100000143051147,0.5950000286102295,0.6050000190734863,951200,0.41779690980911255
2023-02-13,0.6050000190734863,0.6100000143051147,0.6000000238418579,0.6000000238418579,656800,0.41434401273727417
2023-02-14,0.6050000190734863,0.6100000143051147,0.6050000190734863,0.6050000190734863,378000,0.41779690980911255
2023-02-15,0.6050000190734863,0.6150000095367432,0.6050000190734863,0.6100000143051147,349400,0.4212496876716614
2023-02-16,0.6100000143051147,0.6299999952316284,0.6100000143051147,0.6150000095367432,1121100,0.42470255494117737
2023-02-17,0.6150000095367432,0.6299999952316284,0.6150000095367432,0.6200000047683716,474200,0.42815545201301575
2023-02-20,0.6200000047683716,0.6399999856948853,0.6200000047683716,0.6349999904632568,709200,0.4385140836238861
2023-02-21,0.6349999904632568,0.6399999856948853,0.6299999952316284,0.6299999952316284,410700,0.43506118655204773
2023-02-22,0.6299999952316284,0.6499999761581421,0.6299999952316284,0.6349999904632568,891000,0.4385140836238861
2023-02-23,0.6349999904632568,0.6399999856948853,0.6299999952316284,0.6399999856948853,720600,0.4419669508934021
2023-02-24,0.6299999952316284,0.6349999904632568,0.625,0.6299999952316284,414500,0.43506118655204773
2023-02-27,0.6299999952316284,0.6299999952316284,0.6200000047683716,0.6200000047683716,267600,0.42815545201301575
2023-02-28,0.6200000047683716,0.6449999809265137,0.6050000190734863,0.6449999809265137,2705200,0.4454197883605957
2023-03-01,0.6200000047683716,0.625,0.6000000238418579,0.6150000095367432,1526100,0.42470255494117737
2023-03-02,0.6150000095367432,0.6150000095367432,0.6050000190734863,0.6100000143051147,1067200,0.4212496876716614
2023-03-03,0.6100000143051147,0.6150000095367432,0.6050000190734863,0.6050000190734863,1041200,0.41779690980911255
2023-03-06,0.6050000190734863,0.6050000190734863,0.5799999833106995,0.5899999737739563,1754400,0.4074382185935974
2023-03-07,0.5849999785423279,0.5950000286102295,0.5799999833106995,0.5849999785423279,2750000,0.4039853811264038
2023-03-08,0.5849999785423279,0.5899999737739563,0.5799999833106995,0.5799999833106995,1325000,0.4005325436592102
2023-03-09,0.5799999833106995,0.5899999737739563,0.5799999833106995,0.5799999833106995,832800,0.4005325436592102
2023-03-10,0.5799999833106995,0.5799999833106995,0.5699999928474426,0.5699999928474426,1278900,0.39362674951553345
2023-03-13,0.5699999928474426,0.574999988079071,0.5450000166893005,0.550000011920929,1378100,0.3798152804374695
2023-03-14,0.550000011920929,0.5600000023841858,0.5400000214576721,0.550000011920929,1248400,0.3798152804374695
2023-03-15,0.550000011920929,0.5550000071525574,0.5450000166893005,0.550000011920929,1048300,0.3798152804374695
2023-03-16,0.5450000166893005,0.5550000071525574,0.5400000214576721,0.5400000214576721,833200,0.3729095458984375
2023-03-17,0.5450000166893005,0.574999988079071,0.5450000166893005,0.5699999928474426,919700,0.39362674951553345
2023-03-20,0.5649999976158142,0.5649999976158142,0.550000011920929,0.550000011920929,229600,0.3798152804374695
2023-03-21,0.5550000071525574,0.5600000023841858,0.550000011920929,0.550000011920929,287800,0.3798152804374695
2023-03-22,0.5550000071525574,0.5600000023841858,0.5450000166893005,0.5550000071525574,484600,0.38326820731163025
2023-03-23,0.550000011920929,0.5600000023841858,0.550000011920929,0.5550000071525574,356500,0.38326820731163025
2023-03-24,0.5550000071525574,0.5649999976158142,0.5550000071525574,0.5649999976158142,261000,0.39017391204833984
2023-03-27,0.5649999976158142,0.5649999976158142,0.550000011920929,0.550000011920929,629800,0.3798152804374695
2023-03-28,0.5550000071525574,0.5600000023841858,0.550000011920929,0.5600000023841858,167800,0.38672107458114624
2023-03-29,0.5600000023841858,0.5600000023841858,0.550000011920929,0.550000011920929,541900,0.3798152804374695
2023-03-30,0.5550000071525574,0.5699999928474426,0.5550000071525574,0.5600000023841858,583400,0.38672107458114624
2023-03-31,0.5600000023841858,0.574999988079071,0.5600000023841858,0.5649999976158142,386000,0.39017391204833984
2023-04-03,0.5699999928474426,0.574999988079071,0.5649999976158142,0.5699999928474426,2100526,0.39362674951553345
2023-04-04,0.5699999928474426,0.5799999833106995,0.5649999976158142,0.5699999928474426,619200,0.39362674951553345
2023-04-05,0.5899999737739563,0.6000000238418579,0.5799999833106995,0.5899999737739563,1590200,0.4074382185935974
2023-04-06,0.6100000143051147,0.6200000047683716,0.6050000190734863,0.6150000095367432,1218700,0.42470255494117737
2023-04-10,0.625,0.6449999809265137,0.625,0.6399999856948853,1289100,0.4419669508934021
2023-04-11,0.6399999856948853,0.6449999809265137,0.6349999904632568,0.6449999809265137,638800,0.4454197883605957
2023-04-12,0.6449999809265137,0.6499999761581421,0.6399999856948853,0.6449999809265137,953900,0.4454197883605957
2023-04-13,0.6449999809265137,0.6549999713897705,0.6399999856948853,0.6449999809265137,1074900,0.4454197883605957
2023-04-14,0.6449999809265137,0.6499999761581421,0.6349999904632568,0.6349999904632568,512200,0.4385140836238861
2023-04-17,0.6399999856948853,0.6449999809265137,0.6349999904632568,0.6399999856948853,359900,0.4419669508934021
2023-04-18,0.6399999856948853,0.6600000262260437,0.6349999904632568,0.6549999713897705,1771500,0.4523254632949829
2023-04-19,0.6549999713897705,0.6600000262260437,0.6399999856948853,0.6399999856948853,1233500,0.4419669508934021
2023-04-20,0.6399999856948853,0.6499999761581421,0.6349999904632568,0.6399999856948853,998400,0.4419669508934021
2023-04-21,0.6399999856948853,0.6499999761581421,0.6349999904632568,0.6399999856948853,478900,0.4419669508934021
2023-04-24,0.6449999809265137,0.6499999761581421,0.6349999904632568,0.6349999904632568,901000,0.4385140836238861
2023-04-25,0.6349999904632568,0.6399999856948853,0.6299999952316284,0.6349999904632568,882000,0.4385140836238861
2023-04-26,0.5799999833106995,0.5799999833106995,0.5649999976158142,0.574999988079071,648100,0.4427489936351776
2023-04-27,0.574999988079071,0.574999988079071,0.5550000071525574,0.5649999976158142,821700,0.43504905700683594
2023-04-28,0.5649999976158142,0.5849999785423279,0.5649999976158142,0.574999988079071,706000,0.4427489936351776
2023-05-02,0.5799999833106995,0.5849999785423279,0.5699999928474426,0.5699999928474426,468700,0.43889904022216797
2023-05-03,0.5699999928474426,0.574999988079071,0.5600000023841858,0.5649999976158142,464500,0.43504905700683594
2023-05-04,0.5649999976158142,0.574999988079071,0.5649999976158142,0.574999988079071,306300,0.4427489936351776
2023-05-05,0.574999988079071,0.574999988079071,0.5649999976158142,0.5699999928474426,275700,0.43889904022216797
2023-05-08,0.5699999928474426,0.574999988079071,0.5649999976158142,0.5649999976158142,972300,0.43504905700683594
2023-05-09,0.5699999928474426,0.5799999833106995,0.5699999928474426,0.574999988079071,856200,0.4427489936351776
2023-05-10,0.574999988079071,0.6000000238418579,0.574999988079071,0.6000000238418579,920700,0.4619990885257721
2023-05-11,0.5950000286102295,0.6000000238418579,0.5799999833106995,0.5799999833106995,662600,0.44659900665283203
2023-05-12,0.5899999737739563,0.6000000238418579,0.574999988079071,0.5950000286102295,846400,0.4581489861011505
2023-05-15,0.5899999737739563,0.5950000286102295,0.5799999833106995,0.5849999785423279,534900,0.45044901967048645
2023-05-16,0.5950000286102295,0.5950000286102295,0.5799999833106995,0.5849999785423279,79500,0.45044901967048645
2023-05-17,0.5849999785423279,0.5849999785423279,0.5600000023841858,0.5600000023841858,815400,0.4311990737915039
2023-05-18,0.574999988079071,0.5849999785423279,0.5649999976158142,0.5799999833106995,413400,0.44659900665283203
2023-05-19,0.5849999785423279,0.5899999737739563,0.574999988079071,0.5849999785423279,925300,0.45044901967048645
2023-05-22,0.5899999737739563,0.5899999737739563,0.574999988079071,0.574999988079071,215400,0.4427489936351776
2023-05-23,0.5699999928474426,0.574999988079071,0.5649999976158142,0.5699999928474426,222600,0.43889904022216797
2023-05-24,0.5699999928474426,0.574999988079071,0.5649999976158142,0.5699999928474426,207600,0.43889904022216797
2023-05-25,0.5649999976158142,0.574999988079071,0.5649999976158142,0.5699999928474426,85200,0.43889904022216797
2023-05-26,0.5649999976158142,0.574999988079071,0.5649999976158142,0.5699999928474426,469300,0.43889904022216797
2023-05-29,0.5799999833106995,0.5799999833106995,0.5649999976158142,0.574999988079071,208500,0.4427489936351776
2023-05-30,0.574999988079071,0.574999988079071,0.5600000023841858,0.5600000023841858,343200,0.4311990737915039
2023-05-31,0.5600000023841858,0.5649999976158142,0.5400000214576721,0.5400000214576721,1538800,0.415799081325531
2023-06-01,0.5450000166893005,0.5550000071525574,0.5400000214576721,0.5450000166893005,872100,0.4196491241455078
2023-06-05,0.5550000071525574,0.5550000071525574,0.5299999713897705,0.5350000262260437,685700,0.41194912791252136
2023-06-06,0.5400000214576721,0.5600000023841858,0.5350000262260437,0.550000011920929,519100,0.42349904775619507
2023-06-07,0.550000011920929,0.5600000023841858,0.5450000166893005,0.5450000166893005,162800,0.4196491241455078
2023-06-08,0.5600000023841858,0.5600000023841858,0.5400000214576721,0.550000011920929,605600,0.42349904775619507
2023-06-09,0.550000011920929,0.5550000071525574,0.5450000166893005,0.550000011920929,307600,0.42349904775619507
2023-06-12,0.5450000166893005,0.5649999976158142,0.5450000166893005,0.5600000023841858,551900,0.4311990737915039
2023-06-13,0.5600000023841858,0.5649999976158142,0.5450000166893005,0.5450000166893005,340500,0.4196491241455078
2023-06-14,0.5600000023841858,0.5649999976158142,0.550000011920929,0.5649999976158142,549200,0.43504905700683594
2023-06-15,0.5649999976158142,0.5699999928474426,0.5600000023841858,0.5649999976158142,274100,0.43504905700683594
2023-06-16,0.5649999976158142,0.574999988079071,0.5550000071525574,0.5600000023841858,1117600,0.4311990737915039
2023-06-19,0.5600000023841858,0.5649999976158142,0.5600000023841858,0.5600000023841858,494000,0.4311990737915039
2023-06-20,0.5649999976158142,0.5699999928474426,0.5600000023841858,0.5649999976158142,290200,0.43504905700683594
2023-06-21,0.5649999976158142,0.5699999928474426,0.5550000071525574,0.5550000071525574,161400,0.42734912037849426
2023-06-22,0.5600000023841858,0.5649999976158142,0.5550000071525574,0.5600000023841858,146600,0.4311990737915039
2023-06-23,0.5600000023841858,0.5649999976158142,0.550000011920929,0.5550000071525574,319100,0.42734912037849426
2023-06-26,0.5550000071525574,0.5649999976158142,0.5550000071525574,0.5600000023841858,62300,0.4311990737915039
2023-06-27,0.5649999976158142,0.5649999976158142,0.550000011920929,0.5550000071525574,539500,0.42734912037849426
2023-06-28,0.5600000023841858,0.5600000023841858,0.550000011920929,0.5550000071525574,734300,0.42734912037849426
2023-06-30,0.5550000071525574,0.5550000071525574,0.550000011920929,0.550000011920929,245700,0.42349904775619507
2023-07-03,0.550000011920929,0.5699999928474426,0.550000011920929,0.5600000023841858,227600,0.4311990737915039
2023-07-04,0.5600000023841858,0.5699999928474426,0.5600000023841858,0.5649999976158142,434500,0.43504905700683594
2023-07-05,0.5699999928474426,0.574999988079071,0.5649999976158142,0.5649999976158142,234200,0.43504905700683594
2023-07-06,0.5699999928474426,0.574999988079071,0.5600000023841858,0.5649999976158142,840200,0.43504905700683594
2023-07-07,0.5649999976158142,0.5699999928474426,0.5600000023841858,0.5600000023841858,278300,0.4311990737915039
2023-07-10,0.5699999928474426,0.5699999928474426,0.5649999976158142,0.5699999928474426,84600,0.43889904022216797
2023-07-11,0.5699999928474426,0.5849999785423279,0.5649999976158142,0.574999988079071,597100,0.4427489936351776
2023-07-12,0.5799999833106995,0.5950000286102295,0.574999988079071,0.5899999737739563,697900,0.4542989730834961
2023-07-13,0.5899999737739563,0.5899999737739563,0.5799999833106995,0.5799999833106995,250600,0.44659900665283203
2023-07-14,0.5899999737739563,0.5899999737739563,0.5799999833106995,0.5849999785423279,754200,0.45044901967048645
2023-07-17,0.5849999785423279,0.5849999785423279,0.574999988079071,0.5799999833106995,441400,0.44659900665283203
2023-07-18,0.5849999785423279,0.5899999737739563,0.5799999833106995,0.5799999833106995,323000,0.44659900665283203
2023-07-19,0.5849999785423279,0.5899999737739563,0.5699999928474426,0.574999988079071,804100,0.4427489936351776
2023-07-20,0.574999988079071,0.5849999785423279,0.574999988079071,0.5849999785423279,388000,0.45044901967048645
2023-07-21,0.5799999833106995,0.5899999737739563,0.574999988079071,0.5799999833106995,524900,0.44659900665283203
2023-07-24,0.5849999785423279,0.5899999737739563,0.574999988079071,0.5849999785423279,359000,0.45044901967048645
2023-07-25,0.5799999833106995,0.5899999737739563,0.574999988079071,0.5849999785423279,819000,0.45044901967048645
2023-07-26,0.5899999737739563,0.6100000143051147,0.5799999833106995,0.5899999737739563,1734800,0.4542989730834961
2023-07-27,0.5950000286102295,0.5950000286102295,0.5799999833106995,0.5799999833106995,630200,0.44659900665283203
2023-07-28,0.5799999833106995,0.5849999785423279,0.5699999928474426,0.574999988079071,638300,0.4427489936351776
2023-07-31,0.574999988079071,0.5799999833106995,0.5699999928474426,0.5699999928474426,646200,0.43889904022216797
2023-08-01,0.5699999928474426,0.574999988079071,0.5600000023841858,0.5699999928474426,1107500,0.43889904022216797
2023-08-02,0.5699999928474426,0.5849999785423279,0.5649999976158142,0.5849999785423279,731000,0.45044901967048645
2023-08-03,0.574999988079071,0.5799999833106995,0.5699999928474426,0.5699999928474426,538500,0.43889904022216797
2023-08-04,0.5799999833106995,0.5799999833106995,0.5699999928474426,0.574999988079071,287600,0.4427489936351776
2023-08-07,0.574999988079071,0.574999988079071,0.5600000023841858,0.5649999976158142,699400,0.43504905700683594
2023-08-08,0.5649999976158142,0.5699999928474426,0.5600000023841858,0.5649999976158142,571100,0.43504905700683594
2023-08-10,0.5699999928474426,0.5849999785423279,0.5649999976158142,0.574999988079071,1002700,0.4427489936351776
2023-08-11,0.574999988079071,0.574999988079071,0.5600000023841858,0.5600000023841858,1504700,0.4311990737915039
2023-08-14,0.5649999976158142,0.5699999928474426,0.5600000023841858,0.5600000023841858,841300,0.4311990737915039
2023-08-15,0.5649999976158142,0.574999988079071,0.5649999976158142,0.5649999976158142,689100,0.43504905700683594
2023-08-16,0.5699999928474426,0.5699999928474426,0.5600000023841858,0.5649999976158142,1256200,0.43504905700683594
2023-08-17,0.5649999976158142,0.5649999976158142,0.5550000071525574,0.5550000071525574,931600,0.42734912037849426
2023-08-18,0.5600000023841858,0.5600000023841858,0.550000011920929,0.5600000023841858,1086500,0.4311990737915039
2023-08-21,0.5600000023841858,0.5649999976158142,0.5550000071525574,0.5600000023841858,406400,0.4311990737915039
2023-08-22,0.5600000023841858,0.5649999976158142,0.5550000071525574,0.5649999976158142,498400,0.43504905700683594
2023-08-23,0.5649999976158142,0.5699999928474426,0.5600000023841858,0.5649999976158142,410000,0.43504905700683594
2023-08-24,0.5699999928474426,0.574999988079071,0.5600000023841858,0.5600000023841858,783500,0.4311990737915039
2023-08-25,0.5600000023841858,0.574999988079071,0.5600000023841858,0.574999988079071,596800,0.4427489936351776
2023-08-28,0.574999988079071,0.5799999833106995,0.5699999928474426,0.5799999833106995,746600,0.44659900665283203
2023-08-29,0.5799999833106995,0.5950000286102295,0.574999988079071,0.5799999833106995,1024600,0.44659900665283203
2023-08-30,0.5799999833106995,0.5849999785423279,0.5699999928474426,0.574999988079071,1235600,0.4427489936351776
2023-08-31,0.5699999928474426,0.574999988079071,0.550000011920929,0.550000011920929,11166009,0.43291014432907104
2023-09-04,0.550000011920929,0.5649999976158142,0.550000011920929,0.5600000023841858,2846110,0.44078126549720764
2023-09-05,0.5600000023841858,0.5600000023841858,0.5400000214576721,0.5450000166893005,2081800,0.4289746582508087
2023-09-06,0.550000011920929,0.5649999976158142,0.5450000166893005,0.5600000023841858,1322200,0.44078126549720764
2023-09-07,0.5600000023841858,0.5649999976158142,0.5550000071525574,0.5649999976158142,500100,0.44471678137779236
2023-09-08,0.5649999976158142,0.5699999928474426,0.5550000071525574,0.5649999976158142,1171500,0.44471678137779236
2023-09-11,0.5649999976158142,0.574999988079071,0.5600000023841858,0.5699999928474426,903300,0.44865235686302185
2023-09-12,0.5699999928474426,0.5699999928474426,0.5649999976158142,0.5649999976158142,155400,0.44471678137779236
2023-09-13,0.5649999976158142,0.5699999928474426,0.5600000023841858,0.5649999976158142,343000,0.44471678137779236
2023-09-14,0.5649999976158142,0.5699999928474426,0.5550000071525574,0.5600000023841858,642500,0.44078126549720764
2023-09-15,0.5649999976158142,0.5699999928474426,0.5600000023841858,0.5699999928474426,668600,0.44865235686302185
2023-09-18,0.5699999928474426,0.5699999928474426,0.5550000071525574,0.5600000023841858,590300,0.44078126549720764
2023-09-19,0.5600000023841858,0.5649999976158142,0.5550000071525574,0.5600000023841858,554800,0.44078126549720764
2023-09-20,0.5649999976158142,0.574999988079071,0.5600000023841858,0.5649999976158142,1099900,0.44471678137779236
2023-09-21,0.5649999976158142,0.5799999833106995,0.5649999976158142,0.5649999976158142,1390200,0.44471678137779236
2023-09-22,0.5649999976158142,0.5699999928474426,0.5600000023841858,0.5699999928474426,249000,0.44865235686302185
2023-09-25,0.5699999928474426,0.5799999833106995,0.5699999928474426,0.574999988079071,1280000,0.45258787274360657
2023-09-26,0.574999988079071,0.5799999833106995,0.5699999928474426,0.574999988079071,271100,0.45258787274360657
2023-09-27,0.574999988079071,0.5799999833106995,0.5649999976158142,0.5699999928474426,681200,0.44865235686302185
2023-09-28,0.5699999928474426,0.574999988079071,0.5649999976158142,0.574999988079071,149200,0.45258787274360657
2023-09-29,0.574999988079071,0.5799999833106995,0.5699999928474426,0.5699999928474426,287600,0.44865235686302185
2023-10-02,0.5699999928474426,0.5799999833106995,0.5699999928474426,0.5799999833106995,131200,0.45652347803115845
2023-10-03,0.5799999833106995,0.5849999785423279,0.574999988079071,0.5849999785423279,562300,0.4604589641094208
2023-10-04,0.5849999785423279,0.5849999785423279,0.5699999928474426,0.5699999928474426,341900,0.44865235686302185
2023-10-05,0.5699999928474426,0.5799999833106995,0.5699999928474426,0.5699999928474426,73800,0.44865235686302185
2023-10-06,0.5699999928474426,0.5799999833106995,0.5699999928474426,0.5699999928474426,186500,0.44865235686302185
2023-10-09,0.5699999928474426,0.5699999928474426,0.5600000023841858,0.5600000023841858,354500,0.44078126549720764
2023-10-10,0.5649999976158142,0.5699999928474426,0.5600000023841858,0.5600000023841858,337300,0.44078126549720764
2023-10-11,0.5649999976158142,0.5699999928474426,0.5600000023841858,0.5649999976158142,233300,0.44471678137779236
2023-10-12,0.5649999976158142,0.5699999928474426,0.5600000023841858,0.5699999928474426,229800,0.44865235686302185
2023-10-13,0.5649999976158142,0.5649999976158142,0.5550000071525574,0.5600000023841858,343500,0.44078126549720764
2023-10-16,0.5600000023841858,0.5649999976158142,0.5550000071525574,0.5600000023841858,91200,0.44078126549720764
2023-10-17,0.5600000023841858,0.5649999976158142,0.5600000023841858,0.5649999976158142,54900,0.44471678137779236
2023-10-18,0.5649999976158142,0.5649999976158142,0.5600000023841858,0.5600000023841858,163400,0.44078126549720764
2023-10-19,0.5600000023841858,0.5600000023841858,0.5600000023841858,0.5600000023841858,693000,0.44078126549720764
2023-10-20,0.5600000023841858,0.5699999928474426,0.5600000023841858,0.5600000023841858,266500,0.44078126549720764
2023-10-23,0.5649999976158142,0.5649999976158142,0.5550000071525574,0.5550000071525574,326700,0.43684571981430054
2023-10-24,0.5600000023841858,0.5600000023841858,0.5550000071525574,0.5550000071525574,174600,0.43684571981430054
2023-10-25,0.5550000071525574,0.5600000023841858,0.5550000071525574,0.5600000023841858,184700,0.44078126549720764
2023-10-26,0.5550000071525574,0.5600000023841858,0.550000011920929,0.550000011920929,301800,0.43291014432907104
2023-10-27,0.5550000071525574,0.574999988079071,0.5550000071525574,0.574999988079071,381100,0.45258787274360657
2023-10-30,0.5699999928474426,0.5799999833106995,0.5649999976158142,0.5699999928474426,774400,0.44865235686302185
2023-10-31,0.5799999833106995,0.5799999833106995,0.5699999928474426,0.5699999928474426,142400,0.44865235686302185
2023-11-01,0.5799999833106995,0.5799999833106995,0.5699999928474426,0.5799999833106995,297600,0.45652347803115845
2023-11-02,0.5799999833106995,0.5799999833106995,0.5699999928474426,0.5699999928474426,395300,0.44865235686302185
2023-11-03,0.5699999928474426,0.5799999833106995,0.5699999928474426,0.5699999928474426,517200,0.44865235686302185
2023-11-06,0.574999988079071,0.5799999833106995,0.5699999928474426,0.5699999928474426,227300,0.44865235686302185
2023-11-07,0.5799999833106995,0.5799999833106995,0.574999988079071,0.574999988079071,256500,0.45258787274360657
2023-11-08,0.5799999833106995,0.5799999833106995,0.5699999928474426,0.5799999833106995,394100,0.45652347803115845
2023-11-09,0.5799999833106995,0.5849999785423279,0.5699999928474426,0.5799999833106995,701300,0.45652347803115845
2023-11-10,0.574999988079071,0.5849999785423279,0.5699999928474426,0.5699999928474426,465000,0.44865235686302185
2023-11-14,0.5799999833106995,0.6150000095367432,0.5799999833106995,0.6050000190734863,2034700,0.47620126605033875
2023-11-15,0.6100000143051147,0.6299999952316284,0.6000000238418579,0.625,1968100,0.4919433891773224
2023-11-16,0.6299999952316284,0.6299999952316284,0.6100000143051147,0.6200000047683716,974000,0.4880078136920929
2023-11-17,0.6200000047683716,0.6200000047683716,0.6050000190734863,0.6200000047683716,252100,0.4880078136920929
2023-11-20,0.6200000047683716,0.6200000047683716,0.6100000143051147,0.6100000143051147,154700,0.4801366925239563
2023-11-21,0.6100000143051147,0.6200000047683716,0.6100000143051147,0.6150000095367432,63800,0.4840722978115082
2023-11-22,0.6150000095367432,0.6150000095367432,0.6050000190734863,0.6100000143051147,234200,0.4801366925239563
2023-11-23,0.6100000143051147,0.625,0.6100000143051147,0.6200000047683716,362200,0.4880078136920929
2023-11-24,0.6150000095367432,0.6150000095367432,0.6100000143051147,0.6100000143051147,121300,0.4801366925239563
2023-11-27,0.6100000143051147,0.6150000095367432,0.6100000143051147,0.6100000143051147,125700,0.4801366925239563
2023-11-28,0.6100000143051147,0.6200000047683716,0.6050000190734863,0.6050000190734863,440400,0.47620126605033875
2023-11-29,0.6050000190734863,0.6100000143051147,0.6050000190734863,0.6050000190734863,109900,0.47620126605033875
2023-11-30,0.6050000190734863,0.6100000143051147,0.6000000238418579,0.6050000190734863,309500,0.47620126605033875
2023-12-01,0.6050000190734863,0.6100000143051147,0.6050000190734863,0.6050000190734863,265300,0.47620126605033875
2023-12-04,0.6100000143051147,0.6100000143051147,0.6050000190734863,0.6050000190734863,214100,0.47620126605033875
2023-12-05,0.6050000190734863,0.6150000095367432,0.6050000190734863,0.6100000143051147,35000,0.4801366925239563
2023-12-06,0.6100000143051147,0.6150000095367432,0.6050000190734863,0.6100000143051147,322700,0.4801366925239563
2023-12-07,0.6100000143051147,0.6150000095367432,0.6050000190734863,0.6150000095367432,207000,0.4840722978115082
2023-12-08,0.6100000143051147,0.6100000143051147,0.6050000190734863,0.6100000143051147,352100,0.4801366925239563
2023-12-11,0.6100000143051147,0.6150000095367432,0.6050000190734863,0.6050000190734863,176400,0.47620126605033875
2023-12-12,0.6150000095367432,0.6150000095367432,0.6050000190734863,0.6050000190734863,353600,0.47620126605033875
2023-12-13,0.6050000190734863,0.6050000190734863,0.6000000238418579,0.6000000238418579,415500,0.47226572036743164
2023-12-14,0.6000000238418579,0.6050000190734863,0.5950000286102295,0.6000000238418579,469600,0.47226572036743164
2023-12-15,0.6000000238418579,0.6050000190734863,0.5899999737739563,0.5899999737739563,687900,0.4643945097923279
2023-12-18,0.5950000286102295,0.5950000286102295,0.5849999785423279,0.5849999785423279,306300,0.4604589641094208
2023-12-19,0.5849999785423279,0.5950000286102295,0.5849999785423279,0.5950000286102295,129600,0.46833011507987976
2023-12-20,0.5950000286102295,0.6000000238418579,0.5899999737739563,0.5899999737739563,194000,0.4643945097923279
2023-12-21,0.5899999737739563,0.6000000238418579,0.5899999737739563,0.5899999737739563,205400,0.4643945097923279
2023-12-22,0.5950000286102295,0.5950000286102295,0.5899999737739563,0.5899999737739563,72000,0.4643945097923279
2023-12-26,0.5950000286102295,0.5950000286102295,0.5899999737739563,0.5899999737739563,39700,0.4643945097923279
2023-12-27,0.5899999737739563,0.6000000238418579,0.5899999737739563,0.6000000238418579,246200,0.47226572036743164
2023-12-28,0.5950000286102295,0.6050000190734863,0.5899999737739563,0.6000000238418579,355600,0.47226572036743164
2023-12-29,0.6000000238418579,0.6050000190734863,0.6000000238418579,0.6050000190734863,294200,0.47620126605033875
2024-01-02,0.6000000238418579,0.6100000143051147,0.6000000238418579,0.6050000190734863,219100,0.47620126605033875
2024-01-03,0.6050000190734863,0.6100000143051147,0.6000000238418579,0.6000000238418579,439200,0.47226572036743164
2024-01-04,0.6000000238418579,0.6100000143051147,0.6000000238418579,0.6000000238418579,322400,0.47226572036743164
2024-01-05,0.6100000143051147,0.6100000143051147,0.6000000238418579,0.6050000190734863,325600,0.47620126605033875
2024-01-08,0.6100000143051147,0.6150000095367432,0.6050000190734863,0.6100000143051147,496000,0.4801366925239563
2024-01-09,0.6100000143051147,0.6150000095367432,0.6050000190734863,0.6050000190734863,182500,0.47620126605033875
2024-01-10,0.6050000190734863,0.6150000095367432,0.6050000190734863,0.6150000095367432,323100,0.4840722978115082
2024-01-11,0.6100000143051147,0.6100000143051147,0.6000000238418579,0.6000000238418579,652100,0.47226572036743164
2024-01-12,0.6050000190734863,0.6100000143051147,0.6000000238418579,0.6000000238418579,436300,0.47226572036743164
2024-01-15,0.6000000238418579,0.6150000095367432,0.6000000238418579,0.6100000143051147,526500,0.4801366925239563
2024-01-16,0.6100000143051147,0.6150000095367432,0.6100000143051147,0.6150000095367432,158500,0.4840722978115082
2024-01-17,0.6150000095367432,0.6150000095367432,0.6050000190734863,0.6050000190734863,499900,0.47620126605033875
2024-01-18,0.6100000143051147,0.6150000095367432,0.6050000190734863,0.6150000095367432,221400,0.4840722978115082
2024-01-19,0.6150000095367432,0.6150000095367432,0.6050000190734863,0.6150000095367432,227200,0.4840722978115082
2024-01-22,0.6150000095367432,0.6150000095367432,0.6050000190734863,0.6100000143051147,153400,0.4801366925239563
2024-01-23,0.6100000143051147,0.6150000095367432,0.6050000190734863,0.6100000143051147,327700,0.4801366925239563
2024-01-24,0.6100000143051147,0.6150000095367432,0.6050000190734863,0.6150000095367432,314000,0.4840722978115082
2024-01-25,0.6150000095367432,0.6150000095367432,0.6100000143051147,0.6100000143051147,201900,0.4801366925239563
2024-01-26,0.6150000095367432,0.6150000095367432,0.6100000143051147,0.6150000095367432,132100,0.4840722978115082
2024-01-29,0.6150000095367432,0.625,0.6100000143051147,0.6150000095367432,415600,0.4840722978115082
2024-01-30,0.625,0.625,0.6100000143051147,0.6150000095367432,212300,0.4840722978115082
2024-01-31,0.6150000095367432,0.6200000047683716,0.6100000143051147,0.6150000095367432,110800,0.4840722978115082
2024-02-01,0.6150000095367432,0.6200000047683716,0.6100000143051147,0.6100000143051147,665900,0.4801366925239563
2024-02-02,0.6150000095367432,0.6200000047683716,0.6100000143051147,0.6100000143051147,373600,0.4801366925239563
2024-02-05,0.6150000095367432,0.6150000095367432,0.6100000143051147,0.6100000143051147,165400,0.4801366925239563
2024-02-06,0.6150000095367432,0.6150000095367432,0.6100000143051147,0.6150000095367432,336100,0.4840722978115082
2024-02-07,0.6150000095367432,0.6200000047683716,0.6100000143051147,0.6200000047683716,408300,0.4880078136920929
2024-02-08,0.6200000047683716,0.6200000047683716,0.6150000095367432,0.6150000095367432,279400,0.4840722978115082
2024-02-09,0.6150000095367432,0.6200000047683716,0.6150000095367432,0.6200000047683716,18400,0.4880078136920929
2024-02-13,0.6200000047683716,0.6200000047683716,0.6150000095367432,0.6150000095367432,242000,0.4840722978115082
2024-02-14,0.6200000047683716,0.6200000047683716,0.6150000095367432,0.6150000095367432,180200,0.4840722978115082
2024-02-15,0.6200000047683716,0.6200000047683716,0.6150000095367432,0.6150000095367432,67300,0.4840722978115082
2024-02-16,0.6150000095367432,0.6299999952316284,0.6150000095367432,0.6299999952316284,464700,0.4958789050579071
2024-02-19,0.6299999952316284,0.6349999904632568,0.6200000047683716,0.6299999952316284,640000,0.4958789050579071
2024-02-20,0.6299999952316284,0.6399999856948853,0.625,0.6399999856948853,599200,0.5037499666213989
2024-02-21,0.6399999856948853,0.6499999761581421,0.6349999904632568,0.6399999856948853,602500,0.5037499666213989
2024-02-22,0.6399999856948853,0.6399999856948853,0.6299999952316284,0.6299999952316284,345100,0.4958789050579071
2024-02-23,0.6349999904632568,0.6399999856948853,0.6349999904632568,0.6399999856948853,215800,0.5037499666213989
2024-02-26,0.6399999856948853,0.6399999856948853,0.6299999952316284,0.6349999904632568,260400,0.4998144805431366
2024-02-27,0.6399999856948853,0.6499999761581421,0.6399999856948853,0.6449999809265137,740800,0.5076855421066284
2024-02-28,0.6499999761581421,0.6600000262260437,0.6499999761581421,0.6549999713897705,804100,0.5155565738677979
2024-02-29,0.6549999713897705,0.6600000262260437,0.6399999856948853,0.6399999856948853,559000,0.5037499666213989
2024-03-01,0.6449999809265137,0.6449999809265137,0.6399999856948853,0.6449999809265137,69800,0.5076855421066284
2024-03-04,0.6399999856948853,0.6499999761581421,0.6399999856948853,0.6449999809265137,204100,0.5076855421066284
2024-03-05,0.6499999761581421,0.6499999761581421,0.6349999904632568,0.6349999904632568,470800,0.4998144805431366
2024-03-06,0.6399999856948853,0.6449999809265137,0.6349999904632568,0.6449999809265137,133700,0.5076855421066284
2024-03-07,0.6449999809265137,0.6499999761581421,0.6399999856948853,0.6399999856948853,50900,0.5037499666213989
2024-03-08,0.6449999809265137,0.6499999761581421,0.6399999856948853,0.6449999809265137,176400,0.5076855421066284
2024-03-11,0.6449999809265137,0.6549999713897705,0.6399999856948853,0.6449999809265137,461600,0.5076855421066284
2024-03-12,0.6499999761581421,0.6499999761581421,0.6399999856948853,0.6449999809265137,131100,0.5076855421066284
2024-03-13,0.6449999809265137,0.6449999809265137,0.6399999856948853,0.6449999809265137,27600,0.5076855421066284
2024-03-14,0.6449999809265137,0.6499999761581421,0.6399999856948853,0.6499999761581421,204000,0.5116210579872131
2024-03-15,0.6449999809265137,0.6499999761581421,0.6449999809265137,0.6499999761581421,172500,0.5116210579872131
2024-03-18,0.6499999761581421,0.6549999713897705,0.6449999809265137,0.6499999761581421,397200,0.5116210579872131
2024-03-19,0.6549999713897705,0.6549999713897705,0.6449999809265137,0.6499999761581421,338700,0.5116210579872131
2024-03-20,0.6499999761581421,0.6600000262260437,0.6499999761581421,0.6499999761581421,317200,0.5116210579872131
2024-03-21,0.6549999713897705,0.6850000023841858,0.6549999713897705,0.6800000071525574,1333800,0.5352343916893005
2024-03-22,0.6800000071525574,0.6850000023841858,0.675000011920929,0.6850000023841858,785200,0.53916996717453
2024-03-25,0.6850000023841858,0.6850000023841858,0.675000011920929,0.6850000023841858,279200,0.53916996717453
2024-03-26,0.6850000023841858,0.6850000023841858,0.675000011920929,0.675000011920929,104000,0.5312988758087158
2024-03-27,0.6800000071525574,0.6850000023841858,0.675000011920929,0.675000011920929,264300,0.5312988758087158
2024-03-28,0.675000011920929,0.6899999976158142,0.675000011920929,0.6850000023841858,171700,0.53916996717453
2024-04-01,0.6850000023841858,0.6899999976158142,0.675000011920929,0.6850000023841858,395800,0.53916996717453
2024-04-02,0.6899999976158142,0.7200000286102295,0.6899999976158142,0.7049999833106995,1079400,0.5549122095108032
2024-04-03,0.7049999833106995,0.7200000286102295,0.7049999833106995,0.7099999785423279,777700,0.5588476657867432
2024-04-04,0.7099999785423279,0.7400000095367432,0.7099999785423279,0.7300000190734863,2043100,0.5745899081230164
2024-04-05,0.7300000190734863,0.7400000095367432,0.7200000286102295,0.7300000190734863,1031200,0.5745899081230164
2024-04-08,0.7300000190734863,0.75,0.7300000190734863,0.7350000143051147,1242500,0.5785254240036011
2024-04-09,0.7350000143051147,0.7549999952316284,0.7350000143051147,0.75,1565900,0.59033203125
2024-04-11,0.75,0.7699999809265137,0.75,0.7699999809265137,1987300,0.6060742139816284
2024-04-12,0.7699999809265137,0.7950000166893005,0.7699999809265137,0.7900000214576721,4196700,0.6218164563179016
2024-04-15,0.7900000214576721,0.7900000214576721,0.7599999904632568,0.7850000262260437,1319300,0.6178808808326721
2024-04-16,0.7850000262260437,0.7850000262260437,0.7450000047683716,0.75,1428500,0.59033203125
2024-04-17,0.75,0.7549999952316284,0.7200000286102295,0.7350000143051147,1604600,0.5785254240036011
2024-04-18,0.7350000143051147,0.7599999904632568,0.7350000143051147,0.7599999904632568,793600,0.5982031226158142
2024-04-19,0.7599999904632568,0.7599999904632568,0.7400000095367432,0.7549999952316284,470300,0.5942676067352295
2024-04-22,0.75,0.7549999952316284,0.7400000095367432,0.7400000095367432,464800,0.5824609994888306
2024-04-23,0.7450000047683716,0.7450000047683716,0.7350000143051147,0.7400000095367432,379400,0.5824609994888306
2024-04-24,0.7400000095367432,0.75,0.7400000095367432,0.75,348600,0.59033203125
2024-04-25,0.7450000047683716,0.75,0.7450000047683716,0.75,184500,0.59033203125
2024-04-26,0.75,0.75,0.7400000095367432,0.7400000095367432,403700,0.5824609994888306
2024-04-29,0.7450000047683716,0.7599999904632568,0.7400000095367432,0.75,2806300,0.59033203125
2024-04-30,0.7099999785423279,0.7149999737739563,0.6949999928474426,0.699999988079071,2167000,0.595007061958313
2024-05-02,0.7049999833106995,0.7049999833106995,0.6949999928474426,0.699999988079071,858700,0.595007061958313
2024-05-03,0.699999988079071,0.699999988079071,0.6850000023841858,0.6899999976158142,382000,0.5865070223808289
2024-05-06,0.6899999976158142,0.6899999976158142,0.6700000166893005,0.6850000023841858,396300,0.5822569727897644
2024-05-07,0.6850000023841858,0.6899999976158142,0.6700000166893005,0.675000011920929,413900,0.5737568736076355
2024-05-08,0.6800000071525574,0.6899999976158142,0.675000011920929,0.6800000071525574,435500,0.5780069231987
2024-05-09,0.6899999976158142,0.6949999928474426,0.675000011920929,0.675000011920929,425400,0.5737568736076355
2024-05-10,0.675000011920929,0.6899999976158142,0.675000011920929,0.6800000071525574,520900,0.5780069231987
2024-05-13,0.6850000023841858,0.6850000023841858,0.6700000166893005,0.675000011920929,891500,0.5737568736076355
2024-05-14,0.6800000071525574,0.6949999928474426,0.6800000071525574,0.6850000023841858,796600,0.5822569727897644
2024-05-15,0.6850000023841858,0.6850000023841858,0.6549999713897705,0.6600000262260437,1340300,0.5610067248344421
2024-05-16,0.6600000262260437,0.6700000166893005,0.6549999713897705,0.6600000262260437,577300,0.5610067248344421
2024-05-17,0.675000011920929,0.7049999833106995,0.6650000214576721,0.6850000023841858,1931300,0.5822569727897644
2024-05-20,0.6899999976158142,0.7049999833106995,0.6899999976158142,0.699999988079071,673100,0.595007061958313
2024-05-21,0.699999988079071,0.7049999833106995,0.6899999976158142,0.699999988079071,704900,0.595007061958313
2024-05-23,0.699999988079071,0.7049999833106995,0.6899999976158142,0.6949999928474426,475300,0.5907570123672485
2024-05-24,0.6949999928474426,0.7049999833106995,0.6949999928474426,0.699999988079071,476600,0.595007061958313
2024-05-27,0.699999988079071,0.7049999833106995,0.6949999928474426,0.699999988079071,415200,0.595007061958313
2024-05-28,0.7049999833106995,0.7099999785423279,0.6949999928474426,0.7049999833106995,407400,0.5992571115493774
2024-05-29,0.7049999833106995,0.7049999833106995,0.6850000023841858,0.6899999976158142,1023800,0.5865070223808289
2024-05-30,0.6949999928474426,0.6949999928474426,0.6850000023841858,0.6850000023841858,421300,0.5822569727897644
2024-05-31,0.6850000023841858,0.699999988079071,0.6800000071525574,0.699999988079071,678600,0.595007061958313
2024-06-03,0.699999988079071,0.699999988079071,0.6850000023841858,0.6899999976158142,450700,0.5865070223808289
2024-06-04,0.6899999976158142,0.6949999928474426,0.6850000023841858,0.6899999976158142,197900,0.5865070223808289
2024-06-05,0.6949999928474426,0.6949999928474426,0.6800000071525574,0.6800000071525574,420300,0.5780069231987
2024-06-06,0.6800000071525574,0.6899999976158142,0.675000011920929,0.6800000071525574,2222000,0.5780069231987
2024-06-07,0.6850000023841858,0.6850000023841858,0.675000011920929,0.675000011920929,747900,0.5737568736076355
2024-06-10,0.675000011920929,0.6800000071525574,0.6700000166893005,0.675000011920929,180400,0.5737568736076355
2024-06-11,0.6800000071525574,0.6800000071525574,0.6700000166893005,0.675000011920929,339800,0.5737568736076355
2024-06-12,0.6800000071525574,0.6800000071525574,0.6700000166893005,0.675000011920929,614000,0.5737568736076355
2024-06-13,0.6800000071525574,0.6850000023841858,0.675000011920929,0.6800000071525574,2854000,0.5780069231987
2024-06-14,0.6850000023841858,0.6850000023841858,0.6800000071525574,0.6800000071525574,475100,0.5780069231987
2024-06-18,0.6850000023841858,0.6899999976158142,0.6800000071525574,0.6850000023841858,302100,0.5822569727897644
2024-06-19,0.6949999928474426,0.699999988079071,0.6850000023841858,0.699999988079071,721400,0.595007061958313
2024-06-20,0.699999988079071,0.7049999833106995,0.699999988079071,0.7049999833106995,546000,0.5992571115493774
2024-06-21,0.7049999833106995,0.7200000286102295,0.699999988079071,0.7200000286102295,1022100,0.6120073795318604
2024-06-24,0.7200000286102295,0.7200000286102295,0.699999988079071,0.7049999833106995,239300,0.5992571115493774
2024-06-25,0.7099999785423279,0.7099999785423279,0.6949999928474426,0.6949999928474426,260800,0.5907570123672485
2024-06-26,0.6949999928474426,0.7099999785423279,0.6949999928474426,0.7049999833106995,36600,0.5992571115493774
2024-06-27,0.7049999833106995,0.7049999833106995,0.6949999928474426,0.699999988079071,51800,0.595007061958313
2024-06-28,0.699999988079071,0.7099999785423279,0.699999988079071,0.7049999833106995,88500,0.5992571115493774
2024-07-01,0.7049999833106995,0.7149999737739563,0.6949999928474426,0.6949999928474426,202700,0.5907570123672485
2024-07-02,0.6949999928474426,0.699999988079071,0.6899999976158142,0.6899999976158142,314000,0.5865070223808289
2024-07-03,0.6949999928474426,0.7099999785423279,0.6949999928474426,0.7099999785423279,167700,0.6035071611404419
2024-07-04,0.7099999785423279,0.7099999785423279,0.7049999833106995,0.7049999833106995,82100,0.5992571115493774
2024-07-05,0.7049999833106995,0.7049999833106995,0.6949999928474426,0.699999988079071,99300,0.595007061958313
2024-07-08,0.699999988079071,0.7049999833106995,0.6949999928474426,0.6949999928474426,221700,0.5907570123672485
2024-07-09,0.699999988079071,0.7049999833106995,0.6949999928474426,0.699999988079071,145000,0.595007061958313
2024-07-10,0.699999988079071,0.7099999785423279,0.6949999928474426,0.699999988079071,309300,0.595007061958313
2024-07-11,0.7049999833106995,0.7099999785423279,0.7049999833106995,0.7049999833106995,167100,0.5992571115493774
2024-07-12,0.7099999785423279,0.7099999785423279,0.7049999833106995,0.7099999785423279,256000,0.6035071611404419
2024-07-15,0.7099999785423279,0.7149999737739563,0.7049999833106995,0.7099999785423279,74200,0.6035071611404419
2024-07-16,0.7149999737739563,0.7200000286102295,0.7099999785423279,0.7200000286102295,532500,0.6120073795318604
2024-07-17,0.7200000286102295,0.7200000286102295,0.7149999737739563,0.7149999737739563,692000,0.6077572107315063
2024-07-18,0.7149999737739563,0.7400000095367432,0.7099999785423279,0.7400000095367432,1570900,0.6290075182914734
2024-07-19,0.7400000095367432,0.7400000095367432,0.7099999785423279,0.7149999737739563,934300,0.6077572107315063
2024-07-22,0.7200000286102295,0.7250000238418579,0.7149999737739563,0.7250000238418579,522800,0.61625736951828
2024-07-23,0.7300000190734863,0.7300000190734863,0.7200000286102295,0.7250000238418579,177000,0.61625736951828
2024-07-24,0.7300000190734863,0.7400000095367432,0.7200000286102295,0.7300000190734863,736100,0.6205074191093445
2024-07-25,0.7300000190734863,0.7300000190734863,0.7149999737739563,0.7149999737739563,313700,0.6077572107315063
2024-07-26,0.7149999737739563,0.7300000190734863,0.7149999737739563,0.7149999737739563,213200,0.6077572107315063
2024-07-29,0.7200000286102295,0.7300000190734863,0.7149999737739563,0.7149999737739563,272800,0.6077572107315063
2024-07-30,0.7200000286102295,0.7200000286102295,0.7099999785423279,0.7099999785423279,416300,0.6035071611404419
2024-07-31,0.7099999785423279,0.7149999737739563,0.7049999833106995,0.7099999785423279,285900,0.6035071611404419
2024-08-01,0.7149999737739563,0.7149999737739563,0.7099999785423279,0.7099999785423279,78100,0.6035071611404419
2024-08-02,0.7099999785423279,0.7200000286102295,0.7049999833106995,0.7099999785423279,386400,0.6035071611404419
2024-08-05,0.7149999737739563,0.7149999737739563,0.675000011920929,0.6850000023841858,1239900,0.5822569727897644
2024-08-06,0.6850000023841858,0.7049999833106995,0.6800000071525574,0.7049999833106995,234400,0.5992571115493774
2024-08-07,0.7049999833106995,0.7149999737739563,0.699999988079071,0.7149999737739563,227400,0.6077572107315063
2024-08-08,0.7149999737739563,0.7149999737739563,0.7049999833106995,0.7149999737739563,227400,0.6077572107315063
2024-08-12,0.7149999737739563,0.7149999737739563,0.7049999833106995,0.7049999833106995,151000,0.5992571115493774
2024-08-13,0.7099999785423279,0.7300000190734863,0.7099999785423279,0.7200000286102295,439700,0.6120073795318604
2024-08-14,0.7200000286102295,0.7200000286102295,0.699999988079071,0.7149999737739563,351900,0.6077572107315063
2024-08-15,0.7149999737739563,0.7149999737739563,0.699999988079071,0.7049999833106995,353800,0.5992571115493774
2024-08-16,0.699999988079071,0.7099999785423279,0.6949999928474426,0.7049999833106995,317800,0.5992571115493774
2024-08-19,0.7049999833106995,0.7099999785423279,0.6899999976158142,0.699999988079071,464300,0.595007061958313
2024-08-20,0.699999988079071,0.7099999785423279,0.699999988079071,0.7049999833106995,419000,0.5992571115493774
2024-08-21,0.7099999785423279,0.7149999737739563,0.6949999928474426,0.7049999833106995,411700,0.5992571115493774
2024-08-22,0.7099999785423279,0.7099999785423279,0.699999988079071,0.7049999833106995,155400,0.5992571115493774
2024-08-23,0.7099999785423279,0.7149999737739563,0.699999988079071,0.7099999785423279,568700,0.6035071611404419
2024-08-26,0.7149999737739563,0.7200000286102295,0.7099999785423279,0.7149999737739563,352100,0.6077572107315063
2024-08-27,0.7200000286102295,0.7250000238418579,0.7149999737739563,0.7200000286102295,84500,0.6120073795318604
2024-08-28,0.7250000238418579,0.7300000190734863,0.7200000286102295,0.7200000286102295,215800,0.6120073795318604
2024-08-29,0.7200000286102295,0.7300000190734863,0.7149999737739563,0.7300000190734863,334200,0.6205074191093445
2024-08-30,0.7300000190734863,0.7300000190734863,0.7200000286102295,0.7250000238418579,493500,0.61625736951828
2024-09-02,0.7300000190734863,0.7300000190734863,0.7200000286102295,0.7250000238418579,261100,0.61625736951828
2024-09-03,0.7300000190734863,0.7300000190734863,0.7200000286102295,0.7250000238418579,65000,0.61625736951828
2024-09-04,0.7200000286102295,0.7250000238418579,0.7149999737739563,0.7200000286102295,275000,0.6120073795318604
2024-09-05,0.7200000286102295,0.7200000286102295,0.7149999737739563,0.7200000286102295,191800,0.6120073795318604
2024-09-06,0.7149999737739563,0.7149999737739563,0.7049999833106995,0.7099999785423279,192300,0.613736093044281
2024-09-09,0.7099999785423279,0.7149999737739563,0.7099999785423279,0.7099999785423279,334500,0.613736093044281
2024-09-10,0.7149999737739563,0.7200000286102295,0.7049999833106995,0.7049999833106995,145500,0.6094140410423279
2024-09-11,0.7149999737739563,0.7250000238418579,0.7099999785423279,0.7099999785423279,299100,0.613736093044281
2024-09-12,0.7149999737739563,0.7200000286102295,0.7099999785423279,0.7099999785423279,117900,0.613736093044281
2024-09-13,0.7099999785423279,0.7200000286102295,0.7099999785423279,0.7149999737739563,156800,0.6180581450462341
2024-09-16,0.7149999737739563,0.7200000286102295,0.7049999833106995,0.7049999833106995,387100,0.6094140410423279
2024-09-17,0.7099999785423279,0.7200000286102295,0.7099999785423279,0.7149999737739563,186300,0.6180581450462341
2024-09-18,0.7099999785423279,0.7200000286102295,0.7099999785423279,0.7149999737739563,318800,0.6180581450462341
2024-09-19,0.7099999785423279,0.7200000286102295,0.7099999785423279,0.7149999737739563,534200,0.6180581450462341
2024-09-20,0.7149999737739563,0.7250000238418579,0.7149999737739563,0.7149999737739563,702900,0.6180581450462341
2024-09-23,0.7200000286102295,0.7300000190734863,0.7149999737739563,0.7250000238418579,501900,0.6267024278640747
2024-09-24,0.7250000238418579,0.7300000190734863,0.7200000286102295,0.7200000286102295,54800,0.6223803162574768
2024-09-25,0.7250000238418579,0.75,0.7250000238418579,0.7450000047683716,991600,0.6439906358718872
2024-09-26,0.75,0.7599999904632568,0.7450000047683716,0.7549999952316284,773400,0.652634859085083
2024-09-27,0.7599999904632568,0.7699999809265137,0.75,0.7699999809265137,1061900,0.6656011939048767
2024-09-30,0.7699999809265137,0.7699999809265137,0.75,0.75,468700,0.6483128070831299
2024-10-01,0.75,0.7649999856948853,0.75,0.7549999952316284,377200,0.652634859085083
2024-10-02,0.7549999952316284,0.7599999904632568,0.75,0.7549999952316284,673300,0.652634859085083
2024-10-03,0.7599999904632568,0.7649999856948853,0.7549999952316284,0.7549999952316284,304600,0.652634859085083
2024-10-04,0.7599999904632568,0.7599999904632568,0.75,0.7549999952316284,425000,0.652634859085083
2024-10-07,0.7549999952316284,0.7699999809265137,0.7549999952316284,0.7599999904632568,581400,0.6569569706916809
2024-10-08,0.7599999904632568,0.7649999856948853,0.75,0.7549999952316284,620500,0.652634859085083
2024-10-09,0.75,0.7599999904632568,0.75,0.7549999952316284,126600,0.652634859085083
2024-10-10,0.7549999952316284,0.7599999904632568,0.7450000047683716,0.7450000047683716,680500,0.6439906358718872
2024-10-11,0.7450000047683716,0.7599999904632568,0.7450000047683716,0.75,206500,0.6483128070831299
2024-10-14,0.7549999952316284,0.7599999904632568,0.7450000047683716,0.7549999952316284,304800,0.652634859085083
2024-10-15,0.7549999952316284,0.7549999952316284,0.7450000047683716,0.75,332100,0.6483128070831299
2024-10-16,0.75,0.7599999904632568,0.7450000047683716,0.75,435700,0.6483128070831299
2024-10-17,0.75,0.7599999904632568,0.75,0.75,279100,0.6483128070831299
2024-10-18,0.7549999952316284,0.7549999952316284,0.75,0.75,41700,0.6483128070831299
2024-10-21,0.75,0.7549999952316284,0.75,0.7549999952316284,185500,0.652634859085083
2024-10-22,0.7549999952316284,0.7549999952316284,0.7450000047683716,0.75,1020900,0.6483128070831299
2024-10-23,0.7549999952316284,0.7900000214576721,0.75,0.7850000262260437,2248200,0.6785674691200256
2024-10-24,0.7799999713897705,0.7799999713897705,0.7699999809265137,0.7699999809265137,501800,0.6656011939048767
2024-10-25,0.7749999761581421,0.7850000262260437,0.7699999809265137,0.7799999713897705,1243000,0.6742453575134277
2024-10-28,0.7799999713897705,0.7799999713897705,0.7699999809265137,0.7749999761581421,217900,0.6699231863021851
2024-10-29,0.7799999713897705,0.7799999713897705,0.7649999856948853,0.7649999856948853,708200,0.6612790822982788
2024-10-30,0.7699999809265137,0.7799999713897705,0.7699999809265137,0.7749999761581421,938600,0.6699231863021851
2024-11-01,0.7749999761581421,0.8349999785423279,0.7699999809265137,0.8299999833106995,3764600,0.7174662351608276
2024-11-04,0.8349999785423279,0.8450000286102295,0.8149999976158142,0.8199999928474426,1096900,0.7088220119476318
2024-11-05,0.8199999928474426,0.8299999833106995,0.8050000071525574,0.8199999928474426,1448100,0.7088220119476318
2024-11-06,0.8199999928474426,0.8199999928474426,0.7799999713897705,0.8050000071525574,1899600,0.6958557367324829
2024-11-07,0.8149999976158142,0.824999988079071,0.8050000071525574,0.8149999976158142,603400,0.7044999599456787
2024-11-08,0.8149999976158142,0.8349999785423279,0.8149999976158142,0.8299999833106995,1298000,0.7174662351608276
2024-11-11,0.8349999785423279,0.8399999737739563,0.824999988079071,0.8399999737739563,1205200,0.7261102795600891
2024-11-12,0.8399999737739563,0.8450000286102295,0.8299999833106995,0.8399999737739563,828200,0.7261102795600891
2024-11-13,0.8349999785423279,0.8399999737739563,0.8199999928474426,0.8299999833106995,1121600,0.7174662351608276
2024-11-14,0.824999988079071,0.8349999785423279,0.8149999976158142,0.8349999785423279,902000,0.7217881679534912
2024-11-15,0.8349999785423279,0.8450000286102295,0.8299999833106995,0.8450000286102295,657600,0.7304324507713318
2024-11-18,0.8399999737739563,0.8399999737739563,0.8299999833106995,0.8399999737739563,357400,0.7261102795600891
2024-11-19,0.8399999737739563,0.8700000047683716,0.8349999785423279,0.8600000143051147,2187000,0.7433987259864807
2024-11-20,0.8600000143051147,0.8600000143051147,0.8450000286102295,0.8500000238418579,1052200,0.7347545623779297
2024-11-21,0.8550000190734863,0.8550000190734863,0.8349999785423279,0.8399999737739563,639600,0.7261102795600891
2024-11-22,0.8349999785423279,0.8450000286102295,0.8299999833106995,0.8450000286102295,398000,0.7304324507713318
2024-11-25,0.8450000286102295,0.8450000286102295,0.8299999833106995,0.8299999833106995,721800,0.7174662351608276
2024-11-26,0.8399999737739563,0.8399999737739563,0.824999988079071,0.8299999833106995,1367500,0.7174662351608276
2024-11-27,0.8349999785423279,0.8450000286102295,0.8349999785423279,0.8349999785423279,1143300,0.7217881679534912
2024-11-28,0.8349999785423279,0.8450000286102295,0.824999988079071,0.8399999737739563,744100,0.7261102795600891
2024-11-29,0.8399999737739563,0.8600000143051147,0.8399999737739563,0.8500000238418579,1262100,0.7347545623779297
2024-12-02,0.8500000238418579,0.8600000143051147,0.8500000238418579,0.8550000190734863,217100,0.7390766143798828
2024-12-03,0.8550000190734863,0.8650000095367432,0.8500000238418579,0.8600000143051147,1661500,0.7433987259864807
2024-12-04,0.8600000143051147,0.9200000166893005,0.8600000143051147,0.9150000214576721,3866200,0.7909416556358337
2024-12-05,0.9100000262260437,0.9150000214576721,0.8899999856948853,0.9150000214576721,1338200,0.7909416556358337
2024-12-06,0.9150000214576721,0.9150000214576721,0.8949999809265137,0.8999999761581421,860000,0.77797532081604
2024-12-09,0.8999999761581421,0.8999999761581421,0.8899999856948853,0.8949999809265137,240600,0.7736532688140869
2024-12-10,0.8899999856948853,0.8949999809265137,0.8799999952316284,0.8849999904632568,605000,0.7650091052055359
2024-12-11,0.8999999761581421,0.9100000262260437,0.8899999856948853,0.8949999809265137,564800,0.7736532688140869
2024-12-12,0.9049999713897705,0.9049999713897705,0.8849999904632568,0.8899999856948853,345200,0.769331157207489
2024-12-13,0.8899999856948853,0.8899999856948853,0.8799999952316284,0.8799999952316284,561200,0.760686993598938
2024-12-16,0.875,0.8899999856948853,0.8700000047683716,0.875,613000,0.7563650012016296
2024-12-17,0.875,0.875,0.8650000095367432,0.8650000095367432,498300,0.7477207779884338
2024-12-18,0.8650000095367432,0.8849999904632568,0.8650000095367432,0.875,576300,0.7563650012016296
2024-12-19,0.8700000047683716,0.8799999952316284,0.8550000190734863,0.875,452600,0.7563650012016296
2024-12-20,0.8700000047683716,0.8700000047683716,0.8600000143051147,0.8600000143051147,574300,0.7433987259864807
2024-12-23,0.8550000190734863,0.8700000047683716,0.8550000190734863,0.8600000143051147,272800,0.7433987259864807
2024-12-24,0.8600000143051147,0.8650000095367432,0.8500000238418579,0.8550000190734863,196100,0.7390766143798828
2024-12-26,0.8550000190734863,0.8550000190734863,0.8450000286102295,0.8450000286102295,506000,0.7304324507713318
2024-12-27,0.8450000286102295,0.875,0.8450000286102295,0.8650000095367432,576400,0.7477207779884338
2024-12-30,0.8700000047683716,0.8700000047683716,0.8650000095367432,0.8700000047683716,167600,0.752042829990387
2024-12-31,0.8700000047683716,0.875,0.8600000143051147,0.875,116400,0.7563650012016296
2025-01-02,0.875,0.8799999952316284,0.8550000190734863,0.8550000190734863,158400,0.7390766143798828
2025-01-03,0.8550000190734863,0.8650000095367432,0.8550000190734863,0.8650000095367432,252500,0.7477207779884338
2025-01-06,0.8650000095367432,0.8700000047683716,0.8500000238418579,0.8550000190734863,354700,0.7390766143798828
2025-01-07,0.8650000095367432,0.8700000047683716,0.8500000238418579,0.8500000238418579,329100,0.7347545623779297
2025-01-08,0.8550000190734863,0.8600000143051147,0.8550000190734863,0.8550000190734863,120700,0.7390766143798828
2025-01-09,0.8550000190734863,0.8550000190734863,0.8450000286102295,0.8450000286102295,172100,0.7304324507713318
2025-01-10,0.8450000286102295,0.8450000286102295,0.8199999928474426,0.8399999737739563,702200,0.7261102795600891
2025-01-13,0.8399999737739563,0.8550000190734863,0.8399999737739563,0.8450000286102295,299000,0.7304324507713318
2025-01-14,0.8500000238418579,0.8600000143051147,0.8500000238418579,0.8500000238418579,159700,0.7347545623779297
2025-01-15,0.8550000190734863,0.8600000143051147,0.8349999785423279,0.8399999737739563,288800,0.7261102795600891
2025-01-16,0.8399999737739563,0.8500000238418579,0.8199999928474426,0.824999988079071,369500,0.713144063949585
2025-01-17,0.8199999928474426,0.8399999737739563,0.8199999928474426,0.8399999737739563,141100,0.7261102795600891
2025-01-20,0.8349999785423279,0.8450000286102295,0.8299999833106995,0.8399999737739563,156600,0.7261102795600891
2025-01-21,0.8399999737739563,0.8450000286102295,0.8399999737739563,0.8399999737739563,117500,0.7261102795600891
2025-01-22,0.8399999737739563,0.8450000286102295,0.8349999785423279,0.8450000286102295,123900,0.7304324507713318
2025-01-23,0.8450000286102295,0.8500000238418579,0.8349999785423279,0.8450000286102295,174500,0.7304324507713318
2025-01-24,0.8399999737739563,0.8450000286102295,0.8399999737739563,0.8450000286102295,98200,0.7304324507713318
2025-01-27,0.8500000238418579,0.8500000238418579,0.8399999737739563,0.8399999737739563,195000,0.7261102795600891
2025-01-28,0.8399999737739563,0.8450000286102295,0.8349999785423279,0.8349999785423279,120300,0.7217881679534912
2025-01-31,0.8399999737739563,0.8500000238418579,0.8299999833106995,0.8399999737739563,439000,0.7261102795600891
2025-02-03,0.8399999737739563,0.8399999737739563,0.8050000071525574,0.8050000071525574,1484000,0.6958557367324829
2025-02-04,0.8050000071525574,0.8100000023841858,0.7950000166893005,0.800000011920929,741800,0.6915336847305298
2025-02-05,0.800000011920929,0.8050000071525574,0.7950000166893005,0.7950000166893005,730100,0.6872115731239319
2025-02-06,0.7900000214576721,0.7950000166893005,0.7900000214576721,0.7950000166893005,562900,0.6872115731239319
2025-02-07,0.7950000166893005,0.7950000166893005,0.7799999713897705,0.7950000166893005,752600,0.6872115731239319
2025-02-10,0.7950000166893005,0.8100000023841858,0.7950000166893005,0.8100000023841858,314200,0.700177788734436
2025-02-11,0.8100000023841858,0.8149999976158142,0.800000011920929,0.800000011920929,187500,0.6915336847305298
2025-02-12,0.800000011920929,0.824999988079071,0.800000011920929,0.8199999928474426,597800,0.7088220119476318
2025-02-13,0.8199999928474426,0.8199999928474426,0.8100000023841858,0.8149999976158142,247900,0.7044999599456787
2025-02-14,0.8199999928474426,0.8349999785423279,0.8149999976158142,0.8349999785423279,519300,0.7217881679534912
2025-02-17,0.8299999833106995,0.8349999785423279,0.824999988079071,0.8299999833106995,182100,0.7174662351608276
2025-02-18,0.8299999833106995,0.8299999833106995,0.824999988079071,0.8299999833106995,243300,0.7174662351608276
2025-02-19,0.8299999833106995,0.8349999785423279,0.8199999928474426,0.8299999833106995,602000,0.7174662351608276
2025-02-20,0.8299999833106995,0.8349999785423279,0.8199999928474426,0.8349999785423279,289600,0.7217881679534912
2025-02-21,0.8299999833106995,0.8349999785423279,0.824999988079071,0.824999988079071,180100,0.713144063949585
2025-02-24,0.824999988079071,0.824999988079071,0.8100000023841858,0.8149999976158142,531600,0.7044999599456787
2025-02-25,0.8149999976158142,0.8199999928474426,0.8050000071525574,0.8199999928474426,236600,0.7088220119476318
2025-02-26,0.8199999928474426,0.8299999833106995,0.8149999976158142,0.8299999833106995,326800,0.7174662351608276
2025-02-27,0.8299999833106995,0.8299999833106995,0.8050000071525574,0.8100000023841858,416300,0.700177788734436
2025-02-28,0.8199999928474426,0.8299999833106995,0.8149999976158142,0.8199999928474426,614900,0.7088220119476318
2025-03-03,0.8349999785423279,0.8650000095367432,0.8299999833106995,0.8500000238418579,1969800,0.7347545623779297
2025-03-04,0.8500000238418579,0.8500000238418579,0.8349999785423279,0.8500000238418579,635400,0.7347545623779297
2025-03-05,0.8500000238418579,0.875,0.8399999737739563,0.8700000047683716,1633600,0.752042829990387
2025-03-06,0.8700000047683716,0.8799999952316284,0.8600000143051147,0.8799999952316284,765100,0.760686993598938
2025-03-07,0.8799999952316284,0.8949999809265137,0.875,0.8949999809265137,665700,0.7736532688140869
2025-03-10,0.8949999809265137,0.8999999761581421,0.8700000047683716,0.875,1079500,0.7563650012016296
2025-03-11,0.8700000047683716,0.8700000047683716,0.8399999737739563,0.8500000238418579,1275300,0.7347545623779297
2025-03-12,0.8500000238418579,0.8550000190734863,0.8399999737739563,0.8500000238418579,967600,0.7347545623779297
2025-03-13,0.8500000238418579,0.8500000238418579,0.8399999737739563,0.8500000238418579,297000,0.7347545623779297
2025-03-14,0.8500000238418579,0.8500000238418579,0.8399999737739563,0.8500000238418579,513100,0.7347545623779297
2025-03-17,0.8500000238418579,0.8650000095367432,0.8450000286102295,0.8600000143051147,804900,0.7433987259864807
2025-03-18,0.8600000143051147,0.8600000143051147,0.8450000286102295,0.8500000238418579,890400,0.7347545623779297
2025-03-19,0.8500000238418579,0.8550000190734863,0.8450000286102295,0.8500000238418579,419100,0.7347545623779297
2025-03-20,0.8500000238418579,0.8600000143051147,0.8500000238418579,0.8500000238418579,416800,0.7347545623779297
2025-03-21,0.8500000238418579,0.8650000095367432,0.8500000238418579,0.8650000095367432,765300,0.7477207779884338
2025-03-24,0.8600000143051147,0.8700000047683716,0.8550000190734863,0.8600000143051147,553200,0.7433987259864807
2025-03-25,0.8550000190734863,0.8700000047683716,0.8500000238418579,0.8550000190734863,772300,0.7390766143798828
2025-03-26,0.8550000190734863,0.8650000095367432,0.8550000190734863,0.8650000095367432,398600,0.7477207779884338
2025-03-27,0.8650000095367432,0.8700000047683716,0.8650000095367432,0.8700000047683716,465200,0.752042829990387
2025-03-28,0.8700000047683716,0.8849999904632568,0.8700000047683716,0.8849999904632568,988000,0.7650091052055359
2025-04-01,0.8799999952316284,0.8899999856948853,0.8700000047683716,0.8700000047683716,379900,0.752042829990387
2025-04-02,0.8799999952316284,0.8799999952316284,0.8650000095367432,0.8799999952316284,255900,0.760686993598938
2025-04-03,0.8700000047683716,0.8799999952316284,0.8650000095367432,0.875,112400,0.7563650012016296
2025-04-04,0.8700000047683716,0.8700000047683716,0.8450000286102295,0.8550000190734863,1146300,0.7390766143798828
2025-04-07,0.8399999737739563,0.8399999737739563,0.7699999809265137,0.7799999713897705,1639200,0.6742453575134277
2025-04-08,0.7850000262260437,0.8149999976158142,0.7850000262260437,0.8050000071525574,910300,0.6958557367324829
2025-04-09,0.7950000166893005,0.800000011920929,0.7400000095367432,0.7599999904632568,2469600,0.6569569706916809
2025-04-10,0.7950000166893005,0.8100000023841858,0.7850000262260437,0.7900000214576721,1109200,0.682889461517334
2025-04-11,0.7749999761581421,0.7900000214576721,0.7699999809265137,0.7900000214576721,590700,0.682889461517334
2025-04-14,0.7950000166893005,0.8100000023841858,0.7900000214576721,0.800000011920929,1056300,0.6915336847305298
2025-04-15,0.8100000023841858,0.8100000023841858,0.7950000166893005,0.8050000071525574,408500,0.6958557367324829
2025-04-16,0.8050000071525574,0.8050000071525574,0.7950000166893005,0.800000011920929,305700,0.6915336847305298
2025-04-17,0.800000011920929,0.8050000071525574,0.7950000166893005,0.8050000071525574,420100,0.6958557367324829
2025-04-21,0.8149999976158142,0.8149999976158142,0.7950000166893005,0.800000011920929,459900,0.6915336847305298
2025-04-22,0.8050000071525574,0.8100000023841858,0.800000011920929,0.800000011920929,960800,0.6915336847305298
2025-04-23,0.800000011920929,0.8050000071525574,0.7950000166893005,0.8050000071525574,552200,0.6958557367324829
2025-04-24,0.8050000071525574,0.8050000071525574,0.800000011920929,0.8050000071525574,348600,0.6958557367324829
2025-04-25,0.800000011920929,0.8149999976158142,0.800000011920929,0.8149999976158142,377500,0.7044999599456787
2025-04-28,0.8149999976158142,0.8149999976158142,0.800000011920929,0.8100000023841858,585100,0.700177788734436
2025-04-29,0.8100000023841858,0.8100000023841858,0.800000011920929,0.8050000071525574,552300,0.6958557367324829
2025-04-30,0.8050000071525574,0.8100000023841858,0.800000011920929,0.8100000023841858,614000,0.700177788734436
2025-05-02,0.7599999904632568,0.7599999904632568,0.7400000095367432,0.7599999904632568,1410900,0.7042551040649414
2025-05-05,0.7599999904632568,0.7599999904632568,0.7350000143051147,0.7400000095367432,1025600,0.6857221126556396
2025-05-06,0.7400000095367432,0.7450000047683716,0.7350000143051147,0.7450000047683716,474900,0.6903553009033203
2025-05-07,0.7450000047683716,0.7549999952316284,0.7400000095367432,0.75,736100,0.6949886083602905
2025-05-08,0.75,0.75,0.7400000095367432,0.75,314500,0.6949886083602905
2025-05-09,0.7450000047683716,0.75,0.7400000095367432,0.75,420500,0.6949886083602905
2025-05-13,0.75,0.7599999904632568,0.7450000047683716,0.7599999904632568,871800,0.7042551040649414
2025-05-14,0.7549999952316284,0.7549999952316284,0.7450000047683716,0.7549999952316284,532100,0.699621856212616
2025-05-15,0.7549999952316284,0.7649999856948853,0.7549999952316284,0.7649999856948853,676800,0.7088883519172668
2025-05-16,0.7699999809265137,0.7900000214576721,0.7699999809265137,0.7749999761581421,1072100,0.718154788017273
2025-05-19,0.7799999713897705,0.7799999713897705,0.7599999904632568,0.7649999856948853,325500,0.7088883519172668
2025-05-20,0.7649999856948853,0.7649999856948853,0.7450000047683716,0.75,1096800,0.6949886083602905
2025-05-21,0.75,0.7549999952316284,0.7350000143051147,0.7400000095367432,1836700,0.6857221126556396
2025-05-22,0.7450000047683716,0.7450000047683716,0.7350000143051147,0.7450000047683716,282900,0.6903553009033203
2025-05-23,0.7350000143051147,0.7400000095367432,0.7250000238418579,0.7400000095367432,1685700,0.6857221126556396
2025-05-26,0.7400000095367432,0.7400000095367432,0.7350000143051147,0.7350000143051147,173600,0.6810888648033142
2025-05-27,0.7400000095367432,0.7400000095367432,0.7200000286102295,0.7300000190734863,530900,0.676455557346344
2025-05-28,0.7400000095367432,0.7400000095367432,0.7200000286102295,0.7250000238418579,432800,0.6718223094940186
2025-05-29,0.7300000190734863,0.7300000190734863,0.7200000286102295,0.7250000238418579,342400,0.6718223094940186
2025-05-30,0.7300000190734863,0.7300000190734863,0.7200000286102295,0.7250000238418579,369000,0.6718223094940186
2025-06-02,0.7250000238418579,0.7300000190734863,0.7200000286102295,0.7250000238418579,161200,0.6718223094940186
2025-06-03,0.7250000238418579,0.7350000143051147,0.7200000286102295,0.7300000190734863,516400,0.676455557346344
2025-06-04,0.7300000190734863,0.7350000143051147,0.7250000238418579,0.7300000190734863,137700,0.676455557346344
2025-06-05,0.7350000143051147,0.7549999952316284,0.7300000190734863,0.75,1079300,0.6949886083602905
2025-06-06,0.75,0.7599999904632568,0.7450000047683716,0.75,498400,0.6949886083602905
2025-06-09,0.7549999952316284,0.8050000071525574,0.7549999952316284,0.7900000214576721,3449900,0.7320546507835388
2025-06-10,0.7950000166893005,0.7950000166893005,0.7799999713897705,0.7799999713897705,782200,0.7227880954742432
2025-06-11,0.7900000214576721,0.800000011920929,0.7699999809265137,0.7699999809265137,1373000,0.7135215997695923
2025-06-12,0.7749999761581421,0.7900000214576721,0.7599999904632568,0.7649999856948853,719200,0.7088883519172668
2025-06-13,0.7699999809265137,0.7749999761581421,0.75,0.7749999761581421,1167300,0.718154788017273
2025-06-16,0.7749999761581421,0.7749999761581421,0.7549999952316284,0.7649999856948853,511700,0.7088883519172668
2025-06-17,0.7699999809265137,0.7799999713897705,0.7649999856948853,0.7699999809265137,1040300,0.7135215997695923
2025-06-18,0.7749999761581421,0.7749999761581421,0.7599999904632568,0.7649999856948853,461400,0.7088883519172668
2025-06-19,0.7699999809265137,0.7699999809265137,0.7599999904632568,0.7599999904632568,338300,0.7042551040649414
2025-06-20,0.7649999856948853,0.7699999809265137,0.7549999952316284,0.7549999952316284,2511000,0.699621856212616
2025-06-23,0.7549999952316284,0.7549999952316284,0.7450000047683716,0.75,681800,0.6949886083602905
2025-06-24,0.7549999952316284,0.7599999904632568,0.7450000047683716,0.7599999904632568,500200,0.7042551040649414
2025-06-25,0.7599999904632568,0.7599999904632568,0.7400000095367432,0.75,1330200,0.6949886083602905
2025-06-26,0.7450000047683716,0.7649999856948853,0.7450000047683716,0.7549999952316284,1113000,0.699621856212616
2025-06-27,0.7549999952316284,0.7599999904632568,0.7450000047683716,0.7599999904632568,607700,0.7042551040649414
2025-06-30,0.7549999952316284,0.7649999856948853,0.7549999952316284,0.7649999856948853,347300,0.7088883519172668
2025-07-01,0.7649999856948853,0.7649999856948853,0.7599999904632568,0.7649999856948853,169000,0.7088883519172668
2025-07-02,0.7649999856948853,0.7799999713897705,0.7599999904632568,0.7599999904632568,927400,0.7042551040649414
2025-07-03,0.7599999904632568,0.7649999856948853,0.7549999952316284,0.7599999904632568,558600,0.7042551040649414
2025-07-04,0.7549999952316284,0.7649999856948853,0.7549999952316284,0.7599999904632568,419500,0.7042551040649414
2025-07-07,0.7649999856948853,0.7649999856948853,0.7549999952316284,0.7549999952316284,618900,0.699621856212616
2025-07-08,0.7599999904632568,0.7649999856948853,0.7549999952316284,0.7599999904632568,592300,0.7042551040649414
2025-07-09,0.7599999904632568,0.7699999809265137,0.7599999904632568,0.7649999856948853,605400,0.7088883519172668
2025-07-10,0.7699999809265137,0.7799999713897705,0.7649999856948853,0.7799999713897705,756400,0.7227880954742432
2025-07-11,0.7749999761581421,0.7799999713897705,0.7699999809265137,0.7699999809265137,555700,0.7135215997695923
2025-07-14,0.7749999761581421,0.7900000214576721,0.7749999761581421,0.7900000214576721,404700,0.7320546507835388
2025-07-15,0.7950000166893005,0.8149999976158142,0.7850000262260437,0.8100000023841858,1060200,0.7505876421928406
2025-07-16,0.8100000023841858,0.824999988079071,0.800000011920929,0.8149999976158142,1003500,0.7552209496498108
2025-07-17,0.8100000023841858,0.8199999928474426,0.8050000071525574,0.8199999928474426,477800,0.7598541975021362
2025-07-18,0.8199999928474426,0.8199999928474426,0.8100000023841858,0.8149999976158142,273300,0.7552209496498108
2025-07-21,0.8199999928474426,0.8349999785423279,0.8199999928474426,0.824999988079071,994200,0.7644874453544617
2025-07-22,0.824999988079071,0.824999988079071,0.8050000071525574,0.8149999976158142,778500,0.7552209496498108
2025-07-23,0.8149999976158142,0.824999988079071,0.8149999976158142,0.8149999976158142,689500,0.7552209496498108
2025-07-24,0.8199999928474426,0.824999988079071,0.8199999928474426,0.824999988079071,1031000,0.7644874453544617
2025-07-25,0.8199999928474426,0.8399999737739563,0.8199999928474426,0.8399999737739563,825800,0.7783871293067932
2025-07-28,0.8399999737739563,0.8500000238418579,0.8299999833106995,0.8349999785423279,868600,0.7737538814544678
2025-07-29,0.8450000286102295,0.8500000238418579,0.8299999833106995,0.8399999737739563,474300,0.7783871293067932
2025-07-30,0.8399999737739563,0.8399999737739563,0.8199999928474426,0.824999988079071,381500,0.7644874453544617
2025-07-31,0.8349999785423279,0.8349999785423279,0.8199999928474426,0.8199999928474426,274800,0.7598541975021362
2025-08-01,0.824999988079071,0.8299999833106995,0.8149999976158142,0.8149999976158142,326600,0.7552209496498108
2025-08-04,0.8199999928474426,0.8399999737739563,0.8100000023841858,0.824999988079071,440500,0.7644874453544617
2025-08-05,0.8349999785423279,0.8399999737739563,0.8299999833106995,0.8349999785423279,117400,0.7737538814544678
2025-08-06,0.8349999785423279,0.8349999785423279,0.8199999928474426,0.8199999928474426,330800,0.7598541975021362
2025-08-07,0.824999988079071,0.824999988079071,0.8050000071525574,0.8149999976158142,876100,0.7552209496498108
2025-08-08,0.8149999976158142,0.824999988079071,0.8149999976158142,0.8199999928474426,319400,0.7598541975021362
2025-08-11,0.8149999976158142,0.8500000238418579,0.8149999976158142,0.8399999737739563,1421000,0.7783871293067932
2025-08-12,0.875,0.925000011920929,0.875,0.9200000166893005,7025800,0.8525193333625793
2025-08-13,0.9200000166893005,0.9300000071525574,0.9100000262260437,0.9150000214576721,3435000,0.8478860855102539
2025-08-14,0.9200000166893005,0.925000011920929,0.9100000262260437,0.9150000214576721,2259400,0.8478860855102539
2025-08-15,0.9150000214576721,0.9850000143051147,0.9150000214576721,0.9800000190734863,11023300,0.9081184267997742
2025-08-18,0.9850000143051147,0.9850000143051147,0.9399999976158142,0.9549999833106995,2900600,0.8849521279335022
2025-08-19,0.9549999833106995,0.9850000143051147,0.9549999833106995,0.9700000286102295,4835100,0.8988519310951233
2025-08-20,0.925000011920929,0.9850000143051147,0.925000011920929,0.9800000190734863,5070000,0.943423867225647
2025-08-21,0.9800000190734863,1.0199999809265137,0.9750000238418579,1.0,8824500,0.9626773595809937
2025-08-22,1.0099999904632568,1.059999942779541,1.0,1.059999942779541,5831700,1.0204380750656128
2025-08-25,1.059999942779541,1.1200000047683716,1.059999942779541,1.100000023841858,4031400,1.0589451789855957
2025-08-26,1.100000023841858,1.1299999952316284,1.0700000524520874,1.1200000047683716,2002000,1.078198790550232
2025-08-27,1.1200000047683716,1.1399999856948853,1.090000033378601,1.090000033378601,1590600,1.0493184328079224
2025-08-28,1.0800000429153442,1.1399999856948853,1.0800000429153442,1.1299999952316284,1865000,1.0878254175186157
2025-08-29,1.1299999952316284,1.190000057220459,1.1299999952316284,1.190000057220459,4745000,1.1455861330032349
2025-09-01,1.1799999475479126,1.1799999475479126,1.1200000047683716,1.159999966621399,2720100,1.1167057752609253
2025-09-02,1.149999976158142,1.190000057220459,1.1399999856948853,1.159999966621399,2420000,1.1167057752609253
2025-09-03,1.149999976158142,1.1699999570846558,1.1399999856948853,1.1699999570846558,847200,1.1263325214385986
2025-09-04,1.149999976158142,1.159999966621399,1.100000023841858,1.1299999952316284,2424900,1.0878254175186157
2025-09-05,1.1299999952316284,1.149999976158142,1.1299999952316284,1.149999976158142,929900,1.1070789098739624
2025-09-08,1.149999976158142,1.159999966621399,1.1299999952316284,1.149999976158142,971500,1.1070789098739624
2025-09-09,1.149999976158142,1.1699999570846558,1.1399999856948853,1.1399999856948853,1539400,1.097452163696289
2025-09-10,1.1200000047683716,1.149999976158142,1.1200000047683716,1.1299999952316284,1090300,1.0878254175186157
2025-09-11,1.1399999856948853,1.159999966621399,1.1100000143051147,1.1299999952316284,3837800,1.0878254175186157
2025-09-12,1.1299999952316284,1.149999976158142,1.1299999952316284,1.1299999952316284,2236900,1.0878254175186157
2025-09-15,1.1299999952316284,1.1399999856948853,1.1200000047683716,1.1299999952316284,886500,1.0878254175186157
2025-09-16,1.1200000047683716,1.1399999856948853,1.100000023841858,1.1299999952316284,1740200,1.0878254175186157
2025-09-17,1.1299999952316284,1.1399999856948853,1.1299999952316284,1.1299999952316284,547500,1.0878254175186157
2025-09-18,1.1299999952316284,1.1399999856948853,1.1100000143051147,1.1200000047683716,1045200,1.078198790550232
2025-09-19,1.1299999952316284,1.1399999856948853,1.100000023841858,1.1299999952316284,3903400,1.0878254175186157
2025-09-22,1.1299999952316284,1.1399999856948853,1.1100000143051147,1.1200000047683716,1805400,1.078198790550232
2025-09-23,1.1299999952316284,1.159999966621399,1.1200000047683716,1.149999976158142,4722400,1.1070789098739624
2025-09-24,1.1399999856948853,1.159999966621399,1.1200000047683716,1.149999976158142,2170300,1.1070789098739624
2025-09-25,1.1399999856948853,1.149999976158142,1.1200000047683716,1.1299999952316284,492000,1.0878254175186157
2025-09-26,1.1200000047683716,1.1299999952316284,1.1100000143051147,1.1299999952316284,1349500,1.0878254175186157
2025-09-29,1.1200000047683716,1.1399999856948853,1.1200000047683716,1.1299999952316284,851500,1.0878254175186157
2025-09-30,1.1399999856948853,1.149999976158142,1.1200000047683716,1.1299999952316284,1483100,1.0878254175186157
2025-10-01,1.1200000047683716,1.1299999952316284,1.100000023841858,1.1100000143051147,1316000,1.068571925163269
2025-10-02,1.1100000143051147,1.1299999952316284,1.100000023841858,1.1299999952316284,2312700,1.0878254175186157
2025-10-03,1.1299999952316284,1.1399999856948853,1.1100000143051147,1.1100000143051147,1422300,1.068571925163269
2025-10-06,1.1299999952316284,1.1399999856948853,1.1100000143051147,1.1299999952316284,1650900,1.0878254175186157
2025-10-07,1.1299999952316284,1.2200000286102295,1.1200000047683716,1.2000000476837158,6208900,1.1552128791809082
2025-10-08,1.2100000381469727,1.2899999618530273,1.2100000381469727,1.2799999713897705,6611500,1.232227087020874
2025-10-09,1.2899999618530273,1.3300000429153442,1.2599999904632568,1.2599999904632568,5836000,1.2129734754562378
2025-10-10,1.2599999904632568,1.309999942779541,1.25,1.2699999809265137,1996700,1.2226002216339111
2025-10-13,1.2699999809265137,1.2899999618530273,1.2599999904632568,1.2799999713897705,1667400,1.232227087020874
2025-10-14,1.2799999713897705,1.2999999523162842,1.25,1.2599999904632568,2682700,1.2129734754562378
2025-10-15,1.25,1.309999942779541,1.2300000190734863,1.2699999809265137,3513300,1.2226002216339111
2025-10-16,1.2599999904632568,1.2799999713897705,1.25,1.2799999713897705,670800,1.232227087020874
2025-10-17,1.2799999713897705,1.2999999523162842,1.2599999904632568,1.2799999713897705,1870400,1.232227087020874
2025-10-21,1.2699999809265137,1.3700000047683716,1.2699999809265137,1.3300000429153442,5034400,1.2803609371185303
2025-10-22,1.3300000429153442,1.3899999856948853,1.3300000429153442,1.3700000047683716,5052059,1.3188679218292236
2025-10-23,1.3799999952316284,1.3899999856948853,1.350000023841858,1.350000023841858,2380800,1.2996145486831665
2025-10-24,1.3799999952316284,1.440000057220459,1.3799999952316284,1.409999966621399,4111800,1.357375144958496
2025-10-27,1.4299999475479126,1.4900000095367432,1.4299999475479126,1.440000057220459,4872200,1.3862555027008057
2025-10-28,1.440000057220459,1.4600000381469727,1.3799999952316284,1.3799999952316284,3446400,1.3284947872161865
2025-10-29,1.3799999952316284,1.4199999570846558,1.3799999952316284,1.3899999856948853,1589200,1.3381215333938599
2025-10-30,1.3899999856948853,1.4199999570846558,1.3700000047683716,1.409999966621399,2263400,1.357375144958496
2025-10-31,1.409999966621399,1.4600000381469727,1.409999966621399,1.4299999475479126,5036300,1.3766285181045532
2025-11-03,1.4199999570846558,1.4500000476837158,1.3700000047683716,1.399999976158142,3525000,1.3477482795715332
2025-11-04,1.399999976158142,1.4600000381469727,1.3899999856948853,1.4199999570846558,2791500,1.3670018911361694
2025-11-05,1.440000057220459,1.440000057220459,1.3799999952316284,1.409999966621399,2319000,1.357375144958496
2025-11-06,1.399999976158142,1.4500000476837158,1.399999976158142,1.4500000476837158,4862900,1.395882248878479
2025-11-07,1.4299999475479126,1.440000057220459,1.3899999856948853,1.409999966621399,2872700,1.357375144958496
2025-11-10,1.409999966621399,1.440000057220459,1.399999976158142,1.4299999475479126,3029200,1.3766285181045532
2025-11-11,1.4500000476837158,1.4800000190734863,1.4299999475479126,1.4299999475479126,7130200,1.3766285181045532
2025-11-12,1.440000057220459,1.5299999713897705,1.440000057220459,1.5,10079600,1.4440160989761353
2025-11-13,1.5099999904632568,1.5099999904632568,1.4199999570846558,1.4800000190734863,3640600,1.4247626066207886
2025-11-14,1.4600000381469727,1.4600000381469727,1.350000023841858,1.3700000047683716,6495200,1.3188679218292236
2025-11-17,1.3600000143051147,1.4500000476837158,1.3600000143051147,1.440000057220459,2793500,1.3862555027008057
2025-11-18,1.440000057220459,1.4800000190734863,1.4199999570846558,1.4600000381469727,4496400,1.4055089950561523
2025-11-19,1.4700000286102295,1.600000023841858,1.4600000381469727,1.559999942779541,8785000,1.5017766952514648
2025-11-20,1.559999942779541,1.600000023841858,1.5299999713897705,1.5800000429153442,2216700,1.521030306816101
2025-11-21,1.5,1.5800000429153442,1.5,1.5499999523162842,3776600,1.492149829864502
2025-11-24,1.559999942779541,1.600000023841858,1.5199999809265137,1.5199999809265137,11731506,1.463269591331482
2025-11-25,1.5399999618530273,1.5499999523162842,1.5,1.5099999904632568,2039058,1.4536428451538086
2025-11-26,1.5099999904632568,1.5199999809265137,1.4700000286102295,1.5,1513900,1.4440160989761353
2025-11-27,1.5,1.5099999904632568,1.4800000190734863,1.4800000190734863,661500,1.4247626066207886
2025-11-28,1.4800000190734863,1.5,1.4700000286102295,1.4900000095367432,1440300,1.4343892335891724
2025-12-01,1.4900000095367432,1.5099999904632568,1.4500000476837158,1.4700000286102295,1770800,1.4151358604431152
2025-12-02,1.4600000381469727,1.4700000286102295,1.4199999570846558,1.4199999570846558,1794700,1.3670018911361694
2025-12-03,1.399999976158142,1.4600000381469727,1.399999976158142,1.4500000476837158,2981300,1.395882248878479
2025-12-04,1.4600000381469727,1.4700000286102295,1.2400000095367432,1.2599999904632568,10900500,1.2129734754562378
2025-12-05,1.2699999809265137,1.3200000524520874,1.2699999809265137,1.3200000524520874,2972800,1.270734190940857
2025-12-08,1.2999999523162842,1.340000033378601,1.2899999618530273,1.3200000524520874,2266200,1.270734190940857
2025-12-09,1.3200000524520874,1.3300000429153442,1.2899999618530273,1.2999999523162842,1871500,1.2514805793762207
2025-12-10,1.2999999523162842,1.3200000524520874,1.2899999618530273,1.3200000524520874,1348600,1.270734190940857
2025-12-11,1.3200000524520874,1.3600000143051147,1.309999942779541,1.340000033378601,1895900,1.2899878025054932
2025-12-12,1.340000033378601,1.3600000143051147,1.309999942779541,1.3300000429153442,2517200,1.2803609371185303
2025-12-15,1.3200000524520874,1.3300000429153442,1.309999942779541,1.3300000429153442,706000,1.2803609371185303
2025-12-16,1.340000033378601,1.3600000143051147,1.2999999523162842,1.340000033378601,1248300,1.2899878025054932
2025-12-17,1.3300000429153442,1.3899999856948853,1.3200000524520874,1.3600000143051147,3119100,1.3092412948608398
2025-12-18,1.3600000143051147,1.3600000143051147,1.3200000524520874,1.350000023841858,1322500,1.2996145486831665
2025-12-19,1.350000023841858,1.3700000047683716,1.3300000429153442,1.340000033378601,1619700,1.2899878025054932
2025-12-22,1.340000033378601,1.340000033378601,1.2899999618530273,1.309999942779541,2484800,1.261107325553894
2025-12-23,1.309999942779541,1.309999942779541,1.2899999618530273,1.309999942779541,1088100,1.261107325553894
2025-12-24,1.2999999523162842,1.309999942779541,1.2899999618530273,1.309999942779541,272000,1.261107325553894
2025-12-26,1.3200000524520874,1.3600000143051147,1.3200000524520874,1.350000023841858,1433200,1.2996145486831665
2025-12-29,1.350000023841858,1.3600000143051147,1.340000033378601,1.340000033378601,589000,1.2899878025054932
2025-12-30,1.350000023841858,1.3600000143051147,1.340000033378601,1.340000033378601,551100,1.2899878025054932
2025-12-31,1.3600000143051147,1.3700000047683716,1.340000033378601,1.350000023841858,720500,1.2996145486831665
2026-01-02,1.350000023841858,1.3700000047683716,1.350000023841858,1.350000023841858,923300,1.2996145486831665
2026-01-05,1.350000023841858,1.350000023841858,1.2999999523162842,1.3200000524520874,1449800,1.2947102785110474
2026-01-06,1.3200000524520874,1.350000023841858,1.2999999523162842,1.3200000524520874,1731100,1.2947102785110474
2026-01-07,1.309999942779541,1.3200000524520874,1.2699999809265137,1.2699999809265137,2424700,1.2456681728363037
2026-01-08,1.2699999809265137,1.309999942779541,1.2699999809265137,1.2999999523162842,1483200,1.27509343624115
2026-01-09,1.2999999523162842,1.2999999523162842,1.2799999713897705,1.2999999523162842,643800,1.27509343624115
2026-01-12,1.2899999618530273,1.2999999523162842,1.2599999904632568,1.2599999904632568,1295300,1.235859751701355
2026-01-13,1.25,1.2999999523162842,1.25,1.2999999523162842,1660500,1.27509343624115
2026-01-14,1.2899999618530273,1.3300000429153442,1.2699999809265137,1.3300000429153442,2502600,1.304518699645996
2026-01-15,1.3300000429153442,1.3300000429153442,1.2599999904632568,1.2599999904632568,2830000,1.235859751701355
2026-01-16,1.2899999618530273,1.2999999523162842,1.2699999809265137,1.2799999713897705,2176100,1.2554765939712524
2026-01-19,1.2799999713897705,1.2999999523162842,1.2599999904632568,1.2699999809265137,1713200,1.2456681728363037
2026-01-20,1.2799999713897705,1.309999942779541,1.2699999809265137,1.2999999523162842,3910900,1.27509343624115
2026-01-21,1.2999999523162842,1.309999942779541,1.2799999713897705,1.2999999523162842,2607800,1.27509343624115
2026-01-22,1.309999942779541,1.3300000429153442,1.309999942779541,1.3300000429153442,2024200,1.304518699645996
2026-01-23,1.3300000429153442,1.3300000429153442,1.309999942779541,1.3300000429153442,967500,1.304518699645996
2026-01-26,1.3300000429153442,1.409999966621399,1.3300000429153442,1.409999966621399,2750800,1.3829859495162964
2026-01-27,1.409999966621399,1.4500000476837158,1.3899999856948853,1.4500000476837158,2032000,1.4222196340560913
2026-01-28,1.4500000476837158,1.4500000476837158,1.399999976158142,1.440000057220459,1904400,1.4124112129211426
2026-01-29,1.4500000476837158,1.5,1.440000057220459,1.4800000190734863,2206600,1.4516448974609375
2026-01-30,1.4700000286102295,1.4800000190734863,1.4199999570846558,1.440000057220459,1017400,1.4124112129211426
2026-02-02,1.4500000476837158,1.4700000286102295,1.399999976158142,1.4199999570846558,1138700,1.3927943706512451
2026-02-03,1.4199999570846558,1.440000057220459,1.3700000047683716,1.409999966621399,1542000,1.3829859495162964
2026-02-04,1.409999966621399,1.4800000190734863,1.409999966621399,1.4700000286102295,2677000,1.4418364763259888
2026-02-05,1.4700000286102295,1.4700000286102295,1.4199999570846558,1.4500000476837158,1157900,1.4222196340560913
2026-02-06,1.4500000476837158,1.4600000381469727,1.4299999475479126,1.4500000476837158,1225900,1.4222196340560913
2026-02-09,1.4299999475479126,1.4600000381469727,1.4199999570846558,1.4500000476837158,779600,1.4222196340560913
2026-02-10,1.440000057220459,1.5,1.399999976158142,1.4900000095367432,3071900,1.4614531993865967
2026-02-11,1.5,1.5199999809265137,1.4700000286102295,1.5,1800000,1.4712616205215454
2026-02-12,1.5,1.5,1.4700000286102295,1.5,619000,1.4712616205215454
2026-02-13,1.4700000286102295,1.5,1.4600000381469727,1.4700000286102295,1589700,1.4418364763259888
2026-02-16,1.4700000286102295,1.4900000095367432,1.4700000286102295,1.4700000286102295,382700,1.4418364763259888
2026-02-19,1.4800000190734863,1.5199999809265137,1.4800000190734863,1.5,1301300,1.4712616205215454
2026-02-20,1.4900000095367432,1.5099999904632568,1.4700000286102295,1.4900000095367432,725300,1.4614531993865967
2026-02-23,1.4900000095367432,1.5,1.4600000381469727,1.4800000190734863,1080700,1.4516448974609375
2026-02-24,1.4800000190734863,1.5,1.4700000286102295,1.5,400300,1.4712616205215454
2026-02-25,1.4900000095367432,1.5099999904632568,1.4600000381469727,1.4700000286102295,1181500,1.4418364763259888
2026-02-26,1.4500000476837158,1.4500000476837158,1.2899999618530273,1.3300000429153442,7851200,1.304518699645996
2026-02-27,1.350000023841858,1.3700000047683716,1.3200000524520874,1.3200000524520874,2851100,1.2947102785110474
2026-03-02,1.309999942779541,1.350000023841858,1.2999999523162842,1.309999942779541,2266600,1.284901738166809
2026-03-03,1.309999942779541,1.350000023841858,1.2999999523162842,1.3300000429153442,2891100,1.304518699645996
2026-03-04,1.3300000429153442,1.3600000143051147,1.2899999618530273,1.309999942779541,3003900,1.284901738166809
2026-03-05,1.340000033378601,1.340000033378601,1.2999999523162842,1.3200000524520874,1857600,1.2947102785110474
2026-03-06,1.2899999618530273,1.4199999570846558,1.2899999618530273,1.409999966621399,3764300,1.3829859495162964
2026-03-09,1.440000057220459,1.5099999904632568,1.399999976158142,1.4600000381469727,6635600,1.43202805519104
2026-03-10,1.4500000476837158,1.5099999904632568,1.4500000476837158,1.4900000095367432,1421800,1.4614531993865967
2026-03-11,1.4900000095367432,1.5499999523162842,1.4900000095367432,1.5399999618530273,2694000,1.5104953050613403
2026-03-12,1.5399999618530273,1.5800000429153442,1.4900000095367432,1.5399999618530273,1859900,1.5104953050613403
2026-03-13,1.5399999618530273,1.5700000524520874,1.5,1.559999942779541,1617500,1.5301120281219482
2026-03-16,1.5700000524520874,1.6699999570846558,1.5499999523162842,1.649999976158142,4468000,1.6183878183364868
2026-03-17,1.649999976158142,1.6799999475479126,1.6100000143051147,1.6799999475479126,2717300,1.6478129625320435
2026-03-18,1.6699999570846558,1.7100000381469727,1.6200000047683716,1.659999966621399,4604600,1.6281962394714355
2026-03-19,1.649999976158142,1.659999966621399,1.6200000047683716,1.649999976158142,1509200,1.6183878183364868
2026-03-20,1.659999966621399,1.7000000476837158,1.6399999856948853,1.659999966621399,2885900,1.6281962394714355
2026-03-23,1.649999976158142,1.659999966621399,1.5199999809265137,1.559999942779541,3190000,1.5301120281219482
2026-03-24,1.590000033378601,1.6299999952316284,1.5499999523162842,1.5700000524520874,2763600,1.5399205684661865
2026-03-25,1.5800000429153442,1.5800000429153442,1.4900000095367432,1.5199999809265137,1873100,1.4908784627914429
2026-03-26,1.5399999618530273,1.6100000143051147,1.5399999618530273,1.590000033378601,3083400,1.559537410736084
2026-03-27,1.590000033378601,1.7300000190734863,1.5800000429153442,1.7000000476837158,4086600,1.6674299240112305
2026-03-30,1.7000000476837158,1.8799999952316284,1.7000000476837158,1.850000023841858,6700600,1.8145560026168823
2026-03-31,1.8799999952316284,1.909999966621399,1.8200000524520874,1.840000033378601,4924800,1.8047477006912231
2026-04-01,1.8600000143051147,1.9199999570846558,1.840000033378601,1.8700000047683716,2169900,1.8341728448867798
2026-04-02,1.8700000047683716,1.9199999570846558,1.809999942779541,1.8799999952316284,2901000,1.8439812660217285
2026-04-06,1.909999966621399,2.009999990463257,1.8899999856948853,1.899999976158142,7014200,1.863598108291626
2026-04-07,1.9500000476837158,1.9600000381469727,1.8799999952316284,1.899999976158142,5356200,1.863598108291626
2026-04-08,1.840000033378601,1.9299999475479126,1.809999942779541,1.909999966621399,3962600,1.8734064102172852
2026-04-09,1.909999966621399,1.9600000381469727,1.8899999856948853,1.899999976158142,1004300,1.863598108291626
2026-04-10,1.899999976158142,1.940000057220459,1.8899999856948853,1.9299999475479126,1185400,1.8930232524871826
2026-04-13,1.899999976158142,1.9800000190734863,1.899999976158142,1.9600000381469727,1904600,1.9224486351013184
2026-04-14,1.9600000381469727,1.9700000286102295,1.8600000143051147,1.899999976158142,2354100,1.863598108291626
2026-04-15,1.899999976158142,1.9700000286102295,1.899999976158142,1.9299999475479126,1911600,1.8930232524871826
2026-04-16,1.9199999570846558,1.9199999570846558,1.840000033378601,1.8600000143051147,2266000,1.824364423751831
2026-04-17,1.8600000143051147,1.9199999570846558,1.850000023841858,1.8600000143051147,1603000,1.824364423751831
2026-04-20,1.8700000047683716,1.909999966621399,1.8200000524520874,1.8899999856948853,2540800,1.8537896871566772
2026-04-21,1.8899999856948853,1.940000057220459,1.8700000047683716,1.9299999475479126,2008600,1.8930232524871826
2026-04-22,1.940000057220459,1.9700000286102295,1.9199999570846558,1.940000057220459,1356400,1.902831792831421
2026-04-23,1.940000057220459,1.9700000286102295,1.899999976158142,1.9600000381469727,2635700,1.9224486351013184
2026-04-24,1.9600000381469727,1.9600000381469727,1.8899999856948853,1.909999966621399,1367700,1.8734064102172852
2026-04-27,1.909999966621399,1.9299999475479126,1.8600000143051147,1.9199999570846558,2372600,1.8832148313522339
2026-04-28,1.9199999570846558,2.0,1.9199999570846558,1.9900000095367432,4382000,1.951873779296875
2026-04-29,2.0,2.190000057220459,1.9500000476837158,2.1700000762939453,6634700,2.128425359725952
2026-04-30,2.180000066757202,2.190000057220459,2.059999942779541,2.069999933242798,3115900,2.0303409099578857
2026-05-04,2.0,2.140000104904175,1.9600000381469727,2.109999895095825,2500600,2.0695745944976807
2026-05-05,2.109999895095825,2.140000104904175,2.059999942779541,2.069999933242798,2622000,2.0303409099578857
2026-05-06,2.069999933242798,2.0799999237060547,2.0,2.009999990463257,1327200,1.9714906215667725
2026-05-07,2.009999990463257,2.0199999809265137,1.850000023841858,1.8799999952316284,2900700,1.8439812660217285
2026-05-08,1.850000023841858,1.8600000143051147,1.7999999523162842,1.8200000524520874,3018200,1.7851308584213257
2026-05-11,1.809999942779541,1.840000033378601,1.7899999618530273,1.840000033378601,935200,1.8047477006912231
2026-05-12,1.840000033378601,1.8899999856948853,1.7799999713897705,1.8200000524520874,2266900,1.7851308584213257
2026-05-13,1.8600000143051147,1.8799999952316284,1.7999999523162842,1.8700000047683716,1867000,1.8341728448867798
2026-05-14,1.899999976158142,1.940000057220459,1.8799999952316284,1.9199999570846558,2163800,1.8832148313522339
2026-05-15,1.9299999475479126,1.940000057220459,1.8700000047683716,1.899999976158142,1554900,1.863598108291626
2026-05-18,1.909999966621399,1.9500000476837158,1.8799999952316284,1.9199999570846558,1758500,1.8832148313522339
2026-05-19,1.909999966621399,1.909999966621399,1.7300000190734863,1.7300000190734863,3862400,1.696855068206787
2026-05-20,1.7100000381469727,1.7599999904632568,1.6699999570846558,1.7300000190734863,1930400,1.696855068206787
2026-05-21,1.7100000381469727,1.7200000286102295,1.5700000524520874,1.659999966621399,3930700,1.6281962394714355
2026-05-22,1.659999966621399,1.6799999475479126,1.6200000047683716,1.649999976158142,1570000,1.6183878183364868
2026-05-25,1.649999976158142,1.690000057220459,1.6100000143051147,1.649999976158142,1038600,1.6183878183364868
2026-05-26,1.649999976158142,1.659999966621399,1.6299999952316284,1.649999976158142,890000,1.6183878183364868
2026-05-27,1.649999976158142,1.649999976158142,1.649999976158142,1.649999976158142,0,1.6183878183364868
2026-05-28,1.6299999952316284,1.6299999952316284,1.5,1.5199999809265137,2709200,1.4908784627914429
2026-05-29,1.5199999809265137,1.5700000524520874,1.5099999904632568,1.5499999523162842,3816800,1.5203036069869995
2026-06-02,1.5299999713897705,1.6100000143051147,1.5199999809265137,1.5800000429153442,1957000,1.5497289896011353
2026-06-03,1.5800000429153442,1.6100000143051147,1.5399999618530273,1.5800000429153442,1366700,1.5497289896011353
2026-06-04,1.559999942779541,1.6100000143051147,1.559999942779541,1.600000023841858,1254100,1.5693458318710327
2026-06-05,1.559999942779541,1.559999942779541,1.5,1.5,1905200,1.4712616205215454
2026-06-08,1.4800000190734863,1.4900000095367432,1.440000057220459,1.4800000190734863,1517500,1.4516448974609375
2026-06-09,1.4800000190734863,1.5,1.4800000190734863,1.4800000190734863,465400,1.4516448974609375
2026-06-10,1.4800000190734863,1.5499999523162842,1.4800000190734863,1.5399999618530273,1067700,1.5104953050613403
2026-06-11,1.5399999618530273,1.7000000476837158,1.4900000095367432,1.7000000476837158,4564200,1.6674299240112305
2026-06-12,1.7000000476837158,1.7000000476837158,1.6399999856948853,1.6699999570846558,2860000,1.6380045413970947
2026-06-15,1.6399999856948853,1.7200000286102295,1.6299999952316284,1.6799999475479126,2838000,1.6478129625320435
2026-06-16,1.659999966621399,1.7000000476837158,1.6399999856948853,1.649999976158142,1129300,1.6183878183364868
2026-06-17,1.6799999475479126,1.7200000286102295,1.6699999570846558,1.6799999475479126,1520600,1.6478129625320435
2026-06-18,1.7000000476837158,1.8200000524520874,1.6799999475479126,1.7799999713897705,4339200,1.7458971738815308
2026-06-19,1.809999942779541,1.8200000524520874,1.7200000286102295,1.7799999713897705,2741400,1.7458971738815308
2026-06-22,1.7799999713897705,1.7799999713897705,1.7400000095367432,1.7599999904632568,645700,1.7262803316116333
2026-06-23,1.7599999904632568,1.7799999713897705,1.6699999570846558,1.690000057220459,1966200,1.6576215028762817
2026-06-24,1.690000057220459,1.7000000476837158,1.6299999952316284,1.649999976158142,1200500,1.6183878183364868
2026-06-25,1.6399999856948853,1.649999976158142,1.6200000047683716,1.6399999856948853,823600,1.608579397201538
2026-06-26,1.6399999856948853,1.6399999856948853,1.590000033378601,1.6299999952316284,1278900,1.5987709760665894
2026-06-29,1.600000023841858,1.659999966621399,1.600000023841858,1.659999966621399,641600,1.6281962394714355
2026-06-30,1.659999966621399,1.659999966621399,1.6200000047683716,1.6399999856948853,767000,1.608579397201538
2026-07-01,1.6399999856948853,1.6699999570846558,1.6399999856948853,1.649999976158142,382600,1.6183878183364868
2026-07-02,1.6399999856948853,1.7200000286102295,1.6399999856948853,1.6799999475479126,800700,1.6478129625320435
2026-07-03,1.6799999475479126,1.7799999713897705,1.6699999570846558,1.75,2890700,1.7164719104766846
2026-07-06,1.75,1.7699999809265137,1.7000000476837158,1.7200000286102295,920400,1.687046766281128
2026-07-07,1.7000000476837158,1.7100000381469727,1.659999966621399,1.6699999570846558,1071000,1.6380045413970947
2026-07-08,1.6699999570846558,1.7100000381469727,1.6699999570846558,1.690000057220459,846800,1.6576215028762817
2026-07-09,1.690000057220459,1.75,1.6799999475479126,1.6799999475479126,1525100,1.6478129625320435
2026-07-10,1.6799999475479126,1.7200000286102295,1.6699999570846558,1.690000057220459,534800,1.6576215028762817
2026-07-13,1.690000057220459,1.7300000190734863,1.6799999475479126,1.7000000476837158,596000,1.6674299240112305
2026-07-14,1.7200000286102295,1.75,1.7000000476837158,1.7300000190734863,651600,1.696855068206787
2026-07-15,1.7300000190734863,1.8200000524520874,1.7300000190734863,1.8200000524520874,2063200,1.7851308584213257
2026-07-16,1.8200000524520874,1.8200000524520874,1.75,1.809999942779541,1425000,1.7753223180770874
2026-07-17,1.809999942779541,1.8600000143051147,1.7300000190734863,1.850000023841858,2602900,1.8145560026168823
2026-07-20,1.840000033378601,1.840000033378601,1.7899999618530273,1.7999999523162842,1844600,1.7655138969421387
2026-07-21,1.8200000524520874,1.8600000143051147,1.809999942779541,1.840000033378601,2150800,1.8047477006912231
2026-07-22,1.850000023841858,1.850000023841858,1.7999999523162842,1.840000033378601,1791400,1.8047477006912231
2026-07-23,1.850000023841858,1.850000023841858,1.7799999713897705,1.8200000524520874,1060200,1.7851308584213257
2026-07-24,1.8200000524520874,1.8700000047683716,1.8200000524520874,1.850000023841858,2013000,1.8145560026168823
2026-07-27,1.850000023841858,1.8600000143051147,1.75,1.75,1929600,1.7164719104766846
2026-07-28,1.75,1.75,1.6799999475479126,1.6799999475479126,961700,1.6478129625320435
2026-07-29,1.6799999475479126,1.7000000476837158,1.659999966621399,1.690000057220459,1426200,1.6576215028762817
2026-07-30,1.6799999475479126,1.6799999475479126,1.6299999952316284,1.6299999952316284,1174300,1.5987709760665894
2026-07-31,1.6399999856948853,1.6699999570846558,1.6200000047683716,1.6399999856948853,1171200,1.608579397201538
2026-08-03,1.6299999952316284,1.7100000381469727,1.6100000143051147,1.690000057220459,2070200,1.6576215028762817
2026-08-04,1.6799999475479126,1.7599999904632568,1.659999966621399,1.7400000095367432,2153800,1.7066634893417358
2026-08-05,1.7300000190734863,1.75,1.7100000381469727,1.75,1202600,1.7164719104766846
2026-08-06,1.75,1.7999999523162842,1.7400000095367432,1.7699999809265137,1710900,1.736088752746582
2026-08-07,1.7899999618530273,1.7899999618530273,1.7200000286102295,1.7300000190734863,1303900,1.696855068206787
2026-08-11,1.7400000095367432,1.850000023841858,1.7300000190734863,1.840000033378601,2848000,1.8047477006912231
2026-08-12,1.840000033378601,1.840000033378601,1.7899999618530273,1.8200000524520874,1057300,1.7851308584213257
2026-08-13,1.8200000524520874,1.840000033378601,1.7699999809265137,1.7699999809265137,970000,1.736088752746582
2026-08-14,1.809999942779541,1.8799999952316284,1.75,1.8600000143051147,3379900,1.824364423751831
2026-08-17,1.8899999856948853,2.049999952316284,1.8200000524520874,1.9900000095367432,7458800,1.951873779296875
2026-08-18,2.0,2.0799999237060547,1.9900000095367432,2.0199999809265137,2646300,1.9812990427017212
2026-08-19,2.0299999713897705,2.180000066757202,2.009999990463257,2.180000066757202,4966000,2.1382336616516113
2026-08-20,2.1700000762939453,2.200000047683716,2.0999999046325684,2.180000066757202,3652600,2.1382336616516113
2026-08-21,2.180000066757202,2.25,2.119999885559082,2.140000104904175,4509900,2.0989999771118164
2026-08-24,2.0799999237060547,2.119999885559082,2.0199999809265137,2.0399999618530273,1944100,2.0399999618530273
2026-08-25,2.069999933242798,2.0799999237060547,2.0199999809265137,2.0399999618530273,1607000,2.0399999618530273
2026-08-26,2.049999952316284,2.049999952316284,1.9800000190734863,2.0399999618530273,1340400,2.0399999618530273
2026-08-27,2.0399999618530273,2.049999952316284,2.0,2.0199999809265137,1298600,2.0199999809265137
2026-08-28,2.0199999809265137,2.0899999141693115,2.0199999809265137,2.0899999141693115,1426600,2.0899999141693115
2026-08-31,2.0899999141693115,2.2100000381469727,2.0899999141693115,2.2100000381469727,4345900,2.2100000381469727
