Date,Open,High,Low,Close,Volume,Adj_Close
2016-09-28,14.800000190734863,15.40999984741211,14.619999885559082,15.329999923706055,10151000,4.136221408843994
2016-09-29,15.270000457763672,15.489999771118164,14.979999542236328,15.069999694824219,9164700,4.066070079803467
2016-09-30,15.220000267028809,15.449999809265137,15.020000457763672,15.140000343322754,10193800,4.08495569229126
2016-10-03,15.289999961853027,15.649999618530273,15.180000305175781,15.59000015258789,9285200,4.2063727378845215
2016-10-04,15.619999885559082,15.75,15.430000305175781,15.609999656677246,12083100,4.21176815032959
2016-10-05,15.819999694824219,16.270000457763672,15.800000190734863,16.100000381469727,12881200,4.3439764976501465
2016-10-06,16.200000762939453,16.889999389648438,16.149999618530273,16.799999237060547,12237900,4.532844066619873
2016-10-07,16.899999618530273,17.110000610351562,16.719999313354492,16.950000762939453,12601400,4.573317050933838
2016-10-10,17.1200008392334,17.6299991607666,17.100000381469727,17.489999771118164,13174600,4.719014644622803
2016-10-11,17.469999313354492,17.5,16.780000686645508,17.079999923706055,9772800,4.608391761779785
2016-10-13,17.040000915527344,17.59000015258789,16.709999084472656,17.5,11931600,4.721712589263916
2016-10-14,17.690000534057617,17.920000076293945,17.59000015258789,17.899999618530273,11309100,4.82963752746582
2016-10-17,17.899999618530273,18.40999984741211,17.729999542236328,18.40999984741211,10098400,4.967242240905762
2016-10-18,18.549999237060547,18.950000762939453,18.459999084472656,18.790000915527344,15007900,5.069770336151123
2016-10-19,19.06999969482422,19.239999771118164,18.850000381469727,18.989999771118164,11147000,5.1237335205078125
2016-10-20,18.770000457763672,18.959999084472656,18.479999542236328,18.959999084472656,11076700,5.115639686584473
2016-10-21,19.0,19.350000381469727,18.739999771118164,19.31999969482422,11443700,5.212770462036133
2016-10-24,19.520000457763672,19.719999313354492,19.06999969482422,19.3799991607666,16685500,5.2289605140686035
2016-10-25,19.469999313354492,19.549999237060547,18.75,18.969999313354492,10268700,5.1183366775512695
2016-10-26,18.799999237060547,19.3700008392334,18.719999313354492,19.209999084472656,12865400,5.18309211730957
2016-10-27,19.219999313354492,19.549999237060547,19.059999465942383,19.25,10520000,5.19388484954834
2016-10-28,19.110000610351562,19.440000534057617,19.0,19.1299991607666,10468300,5.161508083343506
2016-10-31,19.1299991607666,19.290000915527344,18.34000015258789,18.639999389648438,13079400,5.029298305511475
2016-11-01,18.719999313354492,18.809999465942383,17.709999084472656,17.93000030517578,12893400,4.837732791900635
2016-11-03,17.709999084472656,18.030000686645508,17.170000076293945,17.170000076293945,11947500,4.6326751708984375
2016-11-04,17.399999618530273,17.549999237060547,17.030000686645508,17.149999618530273,11199000,4.6272783279418945
2016-11-07,17.989999771118164,18.399999618530273,17.760000228881836,18.31999969482422,9740800,4.942957878112793
2016-11-08,18.299999237060547,18.549999237060547,17.850000381469727,18.079999923706055,6710600,4.878205299377441
2016-11-09,17.270000457763672,18.459999084472656,17.059999465942383,18.25,25509800,4.924071788787842
2016-11-10,18.43000030517578,18.860000610351562,17.139999389648438,17.34000015258789,18725500,4.678543567657471
2016-11-11,16.850000381469727,17.860000610351562,16.049999237060547,16.329999923706055,33572100,4.406033992767334
2016-11-14,16.0,16.3700008392334,15.800000190734863,16.270000457763672,15507300,4.38984489440918
2016-11-16,16.989999771118164,17.15999984741211,16.469999313354492,16.950000762939453,10265700,4.573317050933838
2016-11-17,17.209999084472656,17.420000076293945,16.420000076293945,16.459999084472656,8449200,4.441108226776123
2016-11-18,16.459999084472656,16.68000030517578,16.190000534057617,16.420000076293945,7774100,4.430315971374512
2016-11-21,16.850000381469727,17.270000457763672,16.690000534057617,17.260000228881836,11782700,4.656959533691406
2016-11-22,17.600000381469727,17.719999313354492,17.100000381469727,17.690000534057617,7489300,4.772978782653809
2016-11-23,17.549999237060547,17.989999771118164,17.350000381469727,17.799999237060547,9087400,4.802657127380371
2016-11-24,17.8799991607666,17.969999313354492,17.559999465942383,17.559999465942383,4136200,4.737902641296387
2016-11-25,17.110000610351562,17.719999313354492,17.110000610351562,17.579999923706055,4984600,4.743297100067139
2016-11-28,17.440000534057617,17.829999923706055,17.40999984741211,17.6299991607666,6853900,4.756788730621338
2016-11-29,17.649999618530273,17.649999618530273,16.6299991607666,16.700000762939453,7668400,4.505862712860107
2016-11-30,17.809999465942383,18.600000381469727,17.739999771118164,18.469999313354492,18539400,4.983431339263916
2016-12-01,18.469999313354492,19.139999389648438,18.030000686645508,18.209999084472656,25129700,4.913278102874756
2016-12-02,17.850000381469727,18.709999084472656,17.56999969482422,18.649999618530273,15807800,5.031998634338379
2016-12-05,18.739999771118164,18.920000076293945,17.8799991607666,18.020000457763672,11138000,4.862016677856445
2016-12-06,18.18000030517578,18.65999984741211,17.889999389648438,18.610000610351562,15923400,5.021204471588135
2016-12-07,18.670000076293945,18.760000228881836,18.190000534057617,18.31999969482422,12857100,4.942957878112793
2016-12-08,18.479999542236328,18.520000457763672,17.959999084472656,18.360000610351562,9855800,4.9537506103515625
2016-12-09,18.510000228881836,18.670000076293945,18.1299991607666,18.190000534057617,10113300,4.907883167266846
2016-12-12,18.399999618530273,18.729999542236328,18.25,18.350000381469727,8661700,4.951053619384766
2016-12-13,18.34000015258789,18.56999969482422,17.959999084472656,18.229999542236328,9080900,4.918676853179932
2016-12-14,18.25,18.350000381469727,17.59000015258789,17.59000015258789,14056800,4.745995998382568
2016-12-15,17.600000381469727,17.690000534057617,17.020000457763672,17.43000030517578,10392100,4.702826023101807
2016-12-16,17.600000381469727,17.6299991607666,17.200000762939453,17.219999313354492,13490300,4.646165370941162
2016-12-19,17.360000610351562,17.389999389648438,16.6200008392334,16.670000076293945,4786700,4.497769832611084
2016-12-20,16.75,16.950000762939453,16.420000076293945,16.639999389648438,7497700,4.4896745681762695
2016-12-21,16.780000686645508,16.860000610351562,16.360000610351562,16.549999237060547,6856700,4.465392112731934
2016-12-22,16.709999084472656,16.739999771118164,16.190000534057617,16.350000381469727,10540400,4.4114298820495605
2016-12-23,16.350000381469727,16.729999542236328,16.290000915527344,16.56999969482422,5448100,4.47078800201416
2016-12-26,16.75,16.829999923706055,16.649999618530273,16.729999542236328,1117400,4.513958930969238
2016-12-27,16.899999618530273,16.959999084472656,16.530000686645508,16.690000534057617,3989900,4.503166675567627
2016-12-28,16.700000762939453,17.100000381469727,16.579999923706055,16.979999542236328,4227600,4.5814127922058105
2016-12-29,17.010000228881836,17.110000610351562,16.6299991607666,16.940000534057617,4372300,4.570619106292725
2017-01-02,16.700000762939453,16.790000915527344,16.520000457763672,16.530000686645508,1781200,4.459997177124023
2017-01-03,16.790000915527344,17.809999465942383,16.770000457763672,17.579999923706055,10110500,4.743297100067139
2017-01-04,17.600000381469727,17.760000228881836,17.209999084472656,17.3700008392334,6254000,4.686638355255127
2017-01-05,17.610000610351562,17.940000534057617,17.600000381469727,17.760000228881836,6139800,4.791863441467285
2017-01-06,17.770000457763672,17.8700008392334,17.350000381469727,17.489999771118164,4240600,4.719014644622803
2017-01-09,17.579999923706055,17.639999389648438,17.209999084472656,17.31999969482422,5174300,4.673146724700928
2017-01-10,17.6200008392334,17.8700008392334,17.520000457763672,17.610000610351562,6200000,4.751392364501953
2017-01-11,17.790000915527344,18.09000015258789,17.5,18.049999237060547,5919300,4.870110511779785
2017-01-12,18.770000457763672,18.850000381469727,18.299999237060547,18.350000381469727,7868900,4.951053619384766
2017-01-13,18.329999923706055,18.420000076293945,18.079999923706055,18.219999313354492,4126100,4.9159770011901855
2017-01-16,18.420000076293945,18.420000076293945,18.1200008392334,18.25,2255400,4.924071788787842
2017-01-17,18.31999969482422,18.3799991607666,18.149999618530273,18.170000076293945,5241300,4.902487754821777
2017-01-18,18.170000076293945,18.200000762939453,17.940000534057617,18.030000686645508,3714600,4.8647141456604
2017-01-19,18.190000534057617,18.190000534057617,17.780000686645508,17.93000030517578,3799500,4.837732791900635
2017-01-20,18.1299991607666,18.25,17.829999923706055,17.829999923706055,6395100,4.810751914978027
2017-01-23,17.739999771118164,18.06999969482422,17.59000015258789,17.979999542236328,4884400,4.851222991943359
2017-01-24,18.0,18.31999969482422,17.729999542236328,17.729999542236328,7706200,4.783769607543945
2017-01-26,17.729999542236328,17.809999465942383,17.350000381469727,17.389999389648438,10499600,4.692033767700195
2017-01-27,17.510000228881836,17.510000228881836,16.979999542236328,17.079999923706055,8488000,4.608391761779785
2017-01-30,17.06999969482422,17.06999969482422,16.139999389648438,16.139999389648438,7232800,4.354768753051758
2017-01-31,16.299999237060547,16.690000534057617,16.149999618530273,16.190000534057617,8176800,4.368258953094482
2017-02-01,16.479999542236328,16.700000762939453,16.010000228881836,16.1200008392334,7537900,4.349372863769531
2017-02-02,16.219999313354492,16.450000762939453,15.850000381469727,15.899999618530273,9084300,4.290013790130615
2017-02-03,15.979999542236328,16.34000015258789,15.829999923706055,16.34000015258789,11630000,4.408730506896973
2017-02-06,16.360000610351562,16.510000228881836,15.90999984741211,15.970000267028809,8355600,4.308901309967041
2017-02-07,16.149999618530273,16.18000030517578,15.75,15.770000457763672,5886100,4.254938125610352
2017-02-08,15.880000114440918,16.100000381469727,15.399999618530273,16.100000381469727,16409000,4.3439764976501465
2017-02-09,16.190000534057617,16.31999969482422,15.90999984741211,15.960000038146973,7296500,4.3062028884887695
2017-02-10,16.049999237060547,16.440000534057617,16.049999237060547,16.350000381469727,9503800,4.4114298820495605
2017-02-13,16.5,16.75,16.450000762939453,16.559999465942383,8043800,4.468090057373047
2017-02-14,16.6200008392334,17.0,16.579999923706055,16.809999465942383,10816300,4.535543441772461
2017-02-15,16.969999313354492,17.040000915527344,16.729999542236328,16.860000610351562,12253600,4.549034118652344
2017-02-16,16.889999389648438,17.049999237060547,16.809999465942383,16.969999313354492,9962800,4.578712463378906
2017-02-17,16.829999923706055,16.979999542236328,16.690000534057617,16.719999313354492,5547600,4.511259078979492
2017-02-20,16.809999465942383,17.209999084472656,16.780000686645508,17.079999923706055,2138200,4.608391761779785
2017-02-21,17.280000686645508,17.43000030517578,17.030000686645508,17.15999984741211,9437100,4.629977226257324
2017-02-22,17.1299991607666,17.1299991607666,16.479999542236328,16.600000381469727,8723300,4.478882312774658
2017-02-23,16.860000610351562,16.979999542236328,16.299999237060547,16.479999542236328,8718500,4.446503639221191
2017-02-24,16.280000686645508,16.350000381469727,15.899999618530273,15.960000038146973,8976700,4.3062028884887695
2017-03-01,16.3700008392334,16.56999969482422,16.299999237060547,16.43000030517578,6731600,4.4330153465271
2017-03-02,16.440000534057617,16.440000534057617,15.779999732971191,15.850000381469727,10399800,4.276523113250732
2017-03-03,15.989999771118164,16.049999237060547,15.800000190734863,15.949999809265137,5551400,4.30350399017334
2017-03-06,15.869999885559082,16.110000610351562,15.739999771118164,15.880000114440918,5906400,4.284617900848389
2017-03-07,15.890000343322754,16.18000030517578,15.84000015258789,15.880000114440918,6756600,4.284617900848389
2017-03-08,15.949999809265137,15.949999809265137,14.880000114440918,14.899999618530273,12830400,4.020201206207275
2017-03-09,14.739999771118164,14.920000076293945,14.430000305175781,14.8100004196167,9841900,3.9959182739257812
2017-03-10,15.050000190734863,15.229999542236328,14.630000114440918,14.789999961853027,10410900,3.9905221462249756
2017-03-13,14.899999618530273,14.960000038146973,14.65999984741211,14.930000305175781,5685800,4.028296947479248
2017-03-14,14.729999542236328,14.779999732971191,14.100000381469727,14.369999885559082,9045500,3.877202033996582
2017-03-15,14.59000015258789,14.760000228881836,14.279999732971191,14.75,15990400,3.9797286987304688
2017-03-16,14.760000228881836,14.850000381469727,14.289999961853027,14.380000114440918,6937100,3.879899740219116
2017-03-17,14.539999961853027,14.5600004196167,13.720000267028809,13.850000381469727,41683900,3.7368998527526855
2017-03-20,13.649999618530273,14.239999771118164,13.649999618530273,14.180000305175781,9613900,3.825937032699585
2017-03-21,14.220000267028809,14.220000267028809,13.479999542236328,13.699999809265137,10733100,3.6964271068573
2017-03-22,13.8100004196167,14.270000457763672,13.75,14.149999618530273,14386800,3.8178420066833496
2017-03-23,14.0600004196167,14.4399995803833,13.960000038146973,14.140000343322754,10482500,3.8151438236236572
2017-03-24,14.319999694824219,14.390000343322754,13.989999771118164,14.170000076293945,10118900,3.8232381343841553
2017-03-27,14.020000457763672,14.4399995803833,13.6899995803833,14.430000305175781,6017700,3.89339017868042
2017-03-28,14.470000267028809,14.6899995803833,14.40999984741211,14.680000305175781,12531500,3.960843324661255
2017-03-29,14.649999618530273,15.1899995803833,14.619999885559082,15.15999984741211,7603600,4.0903520584106445
2017-03-30,15.279999732971191,15.279999732971191,14.989999771118164,15.100000381469727,6181200,4.074164867401123
2017-03-31,15.079999923706055,15.34000015258789,14.970000267028809,15.149999618530273,5528100,4.087655544281006
2017-04-03,15.15999984741211,15.369999885559082,15.119999885559082,15.319999694824219,6573600,4.133523464202881
2017-04-04,15.25,15.5,15.130000114440918,15.430000305175781,4447400,4.163201808929443
2017-04-05,15.609999656677246,15.75,15.170000076293945,15.329999923706055,11486700,4.136221408843994
2017-04-06,15.25,15.550000190734863,15.039999961853027,15.279999732971191,8197800,4.122729778289795
2017-04-07,15.380000114440918,15.520000457763672,15.239999771118164,15.369999885559082,6677000,4.147014141082764
2017-04-10,15.5,15.649999618530273,15.359999656677246,15.630000114440918,9009300,4.217164993286133
2017-04-11,15.649999618530273,15.670000076293945,15.100000381469727,15.25,9582200,4.114635467529297
2017-04-12,15.199999809265137,15.390000343322754,15.140000343322754,15.1899995803833,11315100,4.098446369171143
2017-04-13,15.100000381469727,15.1899995803833,14.510000228881836,14.510000228881836,5412100,3.9149746894836426
2017-04-17,14.640000343322754,14.649999618530273,14.319999694824219,14.649999618530273,8161100,3.9527487754821777
2017-04-18,14.579999923706055,14.710000038146973,14.350000381469727,14.460000038146973,7723400,3.901484489440918
2017-04-19,14.579999923706055,14.630000114440918,13.949999809265137,14.050000190734863,8012000,3.790861129760742
2017-04-20,14.25,14.399999618530273,14.079999923706055,14.270000457763672,7316200,3.8502190113067627
2017-04-24,14.520000457763672,14.569999694824219,14.25,14.390000343322754,4884800,3.8825979232788086
2017-04-25,14.329999923706055,14.710000038146973,14.180000305175781,14.680000305175781,6962300,3.960843324661255
2017-04-26,14.529999732971191,14.960000038146973,14.420000076293945,14.420000076293945,8417200,3.8906917572021484
2017-04-27,14.449999809265137,14.569999694824219,13.979999542236328,14.199999809265137,5193900,3.8313331604003906
2017-04-28,14.1899995803833,14.640000343322754,14.149999618530273,14.359999656677246,5386100,3.874502658843994
2017-05-02,14.390000343322754,14.699999809265137,14.229999542236328,14.359999656677246,9332900,3.874502658843994
2017-05-03,14.4399995803833,14.609999656677246,14.279999732971191,14.449999809265137,10387800,3.8987855911254883
2017-05-04,14.300000190734863,14.449999809265137,14.020000457763672,14.0600004196167,14736100,3.7935597896575928
2017-05-05,14.09000015258789,14.8100004196167,14.09000015258789,14.8100004196167,9508300,3.9959182739257812
2017-05-08,14.710000038146973,15.050000190734863,14.619999885559082,14.720000267028809,6774400,3.971635580062866
2017-05-09,14.84000015258789,14.949999809265137,14.609999656677246,14.880000114440918,6352400,4.014804840087891
2017-05-10,15.0600004196167,15.5,15.0,15.350000381469727,7284300,4.141617298126221
2017-05-11,15.430000305175781,15.529999732971191,15.25,15.319999694824219,4441700,4.133523464202881
2017-05-12,16.100000381469727,16.15999984741211,15.739999771118164,15.930000305175781,14946600,4.29810905456543
2017-05-15,16.209999084472656,16.360000610351562,16.139999389648438,16.190000534057617,7591100,4.368258953094482
2017-05-16,16.34000015258789,16.34000015258789,15.949999809265137,16.190000534057617,7979200,4.368258953094482
2017-05-17,16.100000381469727,16.270000457763672,16.0,16.100000381469727,5608900,4.3439764976501465
2017-05-18,12.899999618530273,14.869999885559082,12.899999618530273,14.270000457763672,54590500,3.8502190113067627
2017-05-19,14.710000038146973,14.949999809265137,14.40999984741211,14.40999984741211,19265200,3.8879947662353516
2017-05-22,14.260000228881836,14.449999809265137,14.029999732971191,14.3100004196167,14132700,3.861013174057007
2017-05-23,14.289999961853027,14.489999771118164,14.239999771118164,14.420000076293945,6753100,3.8906917572021484
2017-05-24,14.630000114440918,14.979999542236328,14.479999542236328,14.8100004196167,10423900,3.9959182739257812
2017-05-25,14.800000190734863,15.170000076293945,14.449999809265137,14.460000038146973,6965000,3.901484489440918
2017-05-26,14.199999809265137,14.670000076293945,14.180000305175781,14.550000190734863,9425500,3.925766944885254
2017-05-29,14.550000190734863,14.550000190734863,14.550000190734863,14.550000190734863,0,3.925766944885254
2017-05-30,14.380000114440918,14.489999771118164,14.149999618530273,14.170000076293945,5677500,3.8232381343841553
2017-05-31,14.119999885559082,14.15999984741211,13.619999885559082,13.619999885559082,16530600,3.6748416423797607
2017-06-01,13.829999923706055,14.0,13.539999961853027,13.539999961853027,11511500,3.653256416320801
2017-06-02,13.539999961853027,13.789999961853027,13.449999809265137,13.739999771118164,4401100,3.7072196006774902
2017-06-05,13.609999656677246,14.0,13.609999656677246,13.979999542236328,4157700,3.771974802017212
2017-06-06,13.970000267028809,14.069999694824219,13.75,13.989999771118164,10808800,3.774672269821167
2017-06-07,14.100000381469727,14.15999984741211,13.65999984741211,13.680000305175781,7594800,3.6910319328308105
2017-06-08,13.680000305175781,13.869999885559082,13.5600004196167,13.699999809265137,9705100,3.6964271068573
2017-06-09,13.729999542236328,13.960000038146973,13.699999809265137,13.779999732971191,6994900,3.718012809753418
2017-06-12,13.899999618530273,13.930000305175781,13.649999618530273,13.779999732971191,9117800,3.718012809753418
2017-06-13,13.829999923706055,13.90999984741211,13.649999618530273,13.869999885559082,4019300,3.742295503616333
2017-06-14,13.859999656677246,13.979999542236328,13.479999542236328,13.539999961853027,13814100,3.653256416320801
2017-06-15,13.539999961853027,13.539999961853027,13.539999961853027,13.539999961853027,0,3.653256416320801
2017-06-16,13.460000038146973,13.550000190734863,13.130000114440918,13.489999771118164,30966400,3.6397666931152344
2017-06-19,13.449999809265137,13.520000457763672,13.289999961853027,13.329999923706055,7993700,3.5965967178344727
2017-06-20,13.15999984741211,13.220000267028809,12.8100004196167,13.010000228881836,11466300,3.510256767272949
2017-06-21,13.0,13.239999771118164,12.649999618530273,12.779999732971191,6008600,3.44819974899292
2017-06-22,12.930000305175781,13.069999694824219,12.819999694824219,13.050000190734863,7988000,3.5210492610931396
2017-06-23,13.100000381469727,13.119999885559082,12.8100004196167,12.890000343322754,8229000,3.4778800010681152
2017-06-26,13.079999923706055,13.199999809265137,12.979999542236328,13.09000015258789,5813200,3.5318410396575928
2017-06-27,13.180000305175781,13.359999656677246,12.920000076293945,12.989999771118164,5791500,3.5048601627349854
2017-06-28,13.010000228881836,13.09000015258789,12.75,12.880000114440918,5407400,3.4751815795898438
2017-06-29,13.050000190734863,13.130000114440918,12.90999984741211,13.010000228881836,4015900,3.510256767272949
2017-06-30,13.109999656677246,13.300000190734863,12.989999771118164,13.199999809265137,4807300,3.561521053314209
2017-07-03,13.25,13.359999656677246,13.069999694824219,13.279999732971191,4417000,3.5831055641174316
2017-07-04,13.319999694824219,13.350000381469727,13.239999771118164,13.319999694824219,1354500,3.5938992500305176
2017-07-05,13.220000267028809,13.369999885559082,13.010000228881836,13.0600004196167,6795700,3.5237464904785156
2017-07-06,13.15999984741211,13.220000267028809,12.819999694824219,12.930000305175781,7878600,3.488671064376831
2017-07-07,12.90999984741211,12.9399995803833,12.529999732971191,12.680000305175781,7605100,3.4212183952331543
2017-07-10,12.640000343322754,12.760000228881836,12.470000267028809,12.699999809265137,4673200,3.4266157150268555
2017-07-11,12.739999771118164,13.210000038146973,12.609999656677246,13.069999694824219,6839300,3.5264463424682617
2017-07-12,13.399999618530273,13.619999885559082,13.199999809265137,13.579999923706055,15287300,3.6640496253967285
2017-07-13,13.600000381469727,13.699999809265137,13.420000076293945,13.550000190734863,5431600,3.6559560298919678
2017-07-14,13.569999694824219,13.670000076293945,13.489999771118164,13.619999885559082,4525900,3.6748416423797607
2017-07-17,13.579999923706055,13.640000343322754,13.40999984741211,13.449999809265137,3897700,3.6289737224578857
2017-07-18,13.539999961853027,13.600000381469727,13.399999618530273,13.600000381469727,9052600,3.6694462299346924
2017-07-19,13.680000305175781,13.84000015258789,13.579999923706055,13.84000015258789,6786500,3.734201192855835
2017-07-20,13.890000343322754,13.9399995803833,13.579999923706055,13.630000114440918,5053200,3.677539825439453
2017-07-21,13.59000015258789,13.59000015258789,13.260000228881836,13.289999961853027,3761100,3.585803985595703
2017-07-24,13.40999984741211,13.569999694824219,13.369999885559082,13.430000305175781,4341600,3.623577833175659
2017-07-25,13.550000190734863,13.829999923706055,13.449999809265137,13.770000457763672,5246500,3.7153141498565674
2017-07-26,13.819999694824219,13.84000015258789,13.529999732971191,13.539999961853027,4481300,3.653256416320801
2017-07-27,13.649999618530273,13.699999809265137,13.510000228881836,13.609999656677246,4030800,3.6721432209014893
2017-07-28,13.550000190734863,13.729999542236328,13.5,13.640000343322754,4538800,3.6802382469177246
2017-07-31,13.720000267028809,13.829999923706055,13.5600004196167,13.800000190734863,8528000,3.7234091758728027
2017-08-01,13.720000267028809,13.8100004196167,13.5600004196167,13.680000305175781,5387500,3.6910319328308105
2017-08-02,13.710000038146973,14.1899995803833,13.65999984741211,14.029999732971191,7903200,3.7854654788970947
2017-08-03,14.100000381469727,14.180000305175781,13.789999961853027,13.819999694824219,4969400,3.7288033962249756
2017-08-04,13.899999618530273,13.9399995803833,13.729999542236328,13.899999618530273,4133000,3.7503890991210938
2017-08-07,13.8100004196167,14.050000190734863,13.8100004196167,14.020000457763672,6314700,3.7827672958374023
2017-08-08,14.0,14.1899995803833,13.899999618530273,13.899999618530273,6333000,3.7503890991210938
2017-08-09,13.899999618530273,14.010000228881836,13.800000190734863,13.970000267028809,4277600,3.7692763805389404
2017-08-10,13.979999542236328,14.09000015258789,13.550000190734863,13.619999885559082,5219600,3.6748416423797607
2017-08-11,13.550000190734863,13.630000114440918,13.359999656677246,13.510000228881836,7153100,3.6451635360717773
2017-08-14,13.5,13.739999771118164,13.399999618530273,13.600000381469727,5935300,3.6694462299346924
2017-08-15,13.609999656677246,13.779999732971191,13.550000190734863,13.619999885559082,5549900,3.6748416423797607
2017-08-16,13.680000305175781,13.859999656677246,13.569999694824219,13.579999923706055,8927500,3.6640496253967285
2017-08-17,13.579999923706055,13.789999961853027,13.529999732971191,13.600000381469727,4924600,3.6694462299346924
2017-08-18,13.680000305175781,14.069999694824219,13.619999885559082,14.039999961853027,9210700,3.788163423538208
2017-08-21,14.100000381469727,14.100000381469727,13.75,13.800000190734863,6257700,3.7234091758728027
2017-08-22,14.149999618530273,14.359999656677246,14.069999694824219,14.3100004196167,9845400,3.861013174057007
2017-08-23,14.399999618530273,14.430000305175781,14.100000381469727,14.319999694824219,5510400,3.863711357116699
2017-08-24,14.380000114440918,14.460000038146973,14.270000457763672,14.399999618530273,4298000,3.885296106338501
2017-08-25,14.420000076293945,14.579999923706055,14.420000076293945,14.479999542236328,3046700,3.9068806171417236
2017-08-28,14.600000381469727,14.630000114440918,14.279999732971191,14.399999618530273,7853800,3.885296106338501
2017-08-29,14.329999923706055,14.359999656677246,14.210000038146973,14.300000190734863,10289400,3.8583147525787354
2017-08-30,14.260000228881836,14.34000015258789,13.850000381469727,13.880000114440918,13100800,3.7449939250946045
2017-08-31,14.0,14.199999809265137,13.859999656677246,13.970000267028809,35994400,3.7692763805389404
2017-09-01,14.1899995803833,14.720000267028809,14.140000343322754,14.600000381469727,17270300,3.939258098602295
2017-09-04,14.59000015258789,14.720000267028809,14.5,14.720000267028809,3216800,3.971635580062866
2017-09-05,15.010000228881836,15.149999618530273,14.729999542236328,14.850000381469727,10838400,4.006710529327393
2017-09-06,15.149999618530273,15.569999694824219,15.039999961853027,15.5,12104300,4.182089328765869
2017-09-07,15.5,15.5,15.5,15.5,0,4.182089328765869
2017-09-08,15.609999656677246,15.770000457763672,15.100000381469727,15.1899995803833,7245800,4.098446369171143
2017-09-11,15.380000114440918,15.550000190734863,15.260000228881836,15.520000457763672,7500100,4.187486171722412
2017-09-12,15.510000228881836,15.699999809265137,15.399999618530273,15.399999618530273,5009900,4.155108451843262
2017-09-13,15.479999542236328,15.75,15.380000114440918,15.680000305175781,7089700,4.230656147003174
2017-09-14,15.600000381469727,15.9399995803833,15.579999923706055,15.649999618530273,5416500,4.222561359405518
2017-09-15,15.710000038146973,15.859999656677246,15.539999961853027,15.579999923706055,18402800,4.203674793243408
2017-09-18,15.619999885559082,15.84000015258789,15.529999732971191,15.729999542236328,5663600,4.24414587020874
2017-09-19,15.75,15.829999923706055,15.569999694824219,15.779999732971191,4561900,4.257636547088623
2017-09-20,15.850000381469727,16.3799991607666,15.649999618530273,16.3799991607666,11331300,4.419525623321533
2017-09-21,16.31999969482422,16.43000030517578,16.049999237060547,16.18000030517578,8251600,4.365560054779053
2017-09-22,16.100000381469727,16.309999465942383,15.84000015258789,16.200000762939453,4764800,4.37095832824707
2017-09-25,16.290000915527344,16.440000534057617,16.170000076293945,16.31999969482422,6297700,4.4033355712890625
2017-09-26,16.329999923706055,16.440000534057617,16.139999389648438,16.139999389648438,11194400,4.354768753051758
2017-09-27,16.270000457763672,16.299999237060547,15.729999542236328,15.880000114440918,8642000,4.284617900848389
2017-09-28,15.989999771118164,16.1299991607666,15.760000228881836,15.90999984741211,6340400,4.292712211608887
2017-09-29,16.06999969482422,16.09000015258789,15.8100004196167,15.8100004196167,5518500,4.265731334686279
2017-10-02,15.770000457763672,15.899999618530273,15.619999885559082,15.899999618530273,5372300,4.290013790130615
2017-10-03,16.100000381469727,16.65999984741211,16.040000915527344,16.639999389648438,13086000,4.4896745681762695
2017-10-04,16.5,16.6200008392334,16.239999771118164,16.309999465942383,8733400,4.400636672973633
2017-10-05,16.489999771118164,16.790000915527344,16.450000762939453,16.56999969482422,8763600,4.47078800201416
2017-10-06,16.350000381469727,16.399999618530273,16.170000076293945,16.3700008392334,7050700,4.416826248168945
2017-10-09,16.260000228881836,16.479999542236328,16.200000762939453,16.479999542236328,3544800,4.446503639221191
2017-10-10,16.68000030517578,16.760000228881836,16.540000915527344,16.719999313354492,6147600,4.511259078979492
2017-10-11,16.75,16.780000686645508,16.530000686645508,16.639999389648438,5839700,4.4896745681762695
2017-10-12,16.639999389648438,16.639999389648438,16.639999389648438,16.639999389648438,0,4.4896745681762695
2017-10-13,16.700000762939453,16.850000381469727,16.540000915527344,16.579999923706055,10298600,4.473486423492432
2017-10-16,16.600000381469727,16.809999465942383,16.530000686645508,16.639999389648438,5418400,4.4896745681762695
2017-10-17,16.65999984741211,16.709999084472656,16.479999542236328,16.610000610351562,4527100,4.4815802574157715
2017-10-18,16.670000076293945,16.75,16.559999465942383,16.610000610351562,6516900,4.4815802574157715
2017-10-19,16.5,16.549999237060547,16.34000015258789,16.5,4941400,4.451900959014893
2017-10-20,16.549999237060547,16.700000762939453,16.540000915527344,16.549999237060547,5061000,4.465392112731934
2017-10-23,16.6299991607666,16.6299991607666,16.479999542236328,16.5,5471700,4.451900959014893
2017-10-24,16.5,16.889999389648438,16.5,16.850000381469727,8450900,4.546334743499756
2017-10-25,16.860000610351562,17.049999237060547,16.780000686645508,17.020000457763672,8929600,4.592203140258789
2017-10-26,17.020000457763672,17.229999542236328,16.969999313354492,17.100000381469727,6116300,4.6137895584106445
2017-10-27,17.1200008392334,17.610000610351562,17.020000457763672,17.399999618530273,7860900,4.694732189178467
2017-10-30,17.260000228881836,17.6299991607666,17.15999984741211,17.350000381469727,14336400,4.681241989135742
2017-10-31,17.420000076293945,17.549999237060547,17.280000686645508,17.420000076293945,7163100,4.70012903213501
2017-11-01,17.65999984741211,17.780000686645508,17.540000915527344,17.540000915527344,9374200,4.732507228851318
2017-11-02,17.540000915527344,17.540000915527344,17.540000915527344,17.540000915527344,0,4.732507228851318
2017-11-03,17.65999984741211,17.799999237060547,17.420000076293945,17.709999084472656,8713400,4.7783732414245605
2017-11-06,17.799999237060547,18.139999389648438,17.700000762939453,18.100000381469727,7585900,4.88360071182251
2017-11-07,17.989999771118164,18.059999465942383,17.260000228881836,17.270000457763672,14368300,4.659657955169678
2017-11-08,17.309999465942383,17.739999771118164,17.270000457763672,17.739999771118164,8413500,4.786468982696533
2017-11-09,17.56999969482422,17.780000686645508,17.5,17.5,6174700,4.721712589263916
2017-11-10,17.459999084472656,17.610000610351562,17.31999969482422,17.530000686645508,5812300,4.729808807373047
2017-11-13,17.530000686645508,17.610000610351562,17.270000457763672,17.479999542236328,7117400,4.716314792633057
2017-11-14,17.479999542236328,17.479999542236328,16.0,16.049999237060547,17832300,4.330485820770264
2017-11-15,16.049999237060547,16.049999237060547,16.049999237060547,16.049999237060547,0,4.330485820770264
2017-11-16,16.290000915527344,16.520000457763672,16.049999237060547,16.350000381469727,9141600,4.4114298820495605
2017-11-17,16.479999542236328,16.6299991607666,16.290000915527344,16.520000457763672,4917300,4.457297325134277
2017-11-20,16.520000457763672,16.520000457763672,16.520000457763672,16.520000457763672,0,4.457297325134277
2017-11-21,16.6200008392334,16.829999923706055,16.290000915527344,16.360000610351562,8117300,4.414128303527832
2017-11-22,16.459999084472656,16.739999771118164,16.399999618530273,16.5,7984500,4.451900959014893
2017-11-23,16.5,16.65999984741211,16.350000381469727,16.639999389648438,1826100,4.4896745681762695
2017-11-24,16.739999771118164,16.760000228881836,16.479999542236328,16.549999237060547,3473900,4.465392112731934
2017-11-27,16.399999618530273,16.5,16.200000762939453,16.31999969482422,4618300,4.4033355712890625
2017-11-28,16.34000015258789,16.5,16.270000457763672,16.280000686645508,6567000,4.392543792724609
2017-11-29,16.280000686645508,16.440000534057617,15.800000190734863,15.90999984741211,11070700,4.292712211608887
2017-11-30,15.899999618530273,16.059999465942383,15.640000343322754,15.949999809265137,20700400,4.30350399017334
2017-12-01,15.9399995803833,16.309999465942383,15.829999923706055,16.110000610351562,5903600,4.34667444229126
2017-12-04,16.1200008392334,16.43000030517578,15.90999984741211,16.09000015258789,9104900,4.341278076171875
2017-12-05,16.049999237060547,16.43000030517578,15.819999694824219,15.920000076293945,7054300,4.29541015625
2017-12-06,15.899999618530273,16.229999542236328,15.729999542236328,16.0,8097500,4.316995143890381
2017-12-07,15.8100004196167,16.110000610351562,15.5,15.859999656677246,10844500,4.279219627380371
2017-12-08,16.139999389648438,16.280000686645508,15.890000343322754,15.890000343322754,7945000,4.28731632232666
2017-12-11,15.949999809265137,16.100000381469727,15.9399995803833,15.970000267028809,4930700,4.308901309967041
2017-12-12,15.979999542236328,16.190000534057617,15.829999923706055,16.190000534057617,8759900,4.368258953094482
2017-12-13,16.3799991607666,16.489999771118164,15.829999923706055,15.9399995803833,15472400,4.300805568695068
2017-12-14,15.850000381469727,16.079999923706055,15.699999809265137,15.8100004196167,9545800,4.265731334686279
2017-12-15,15.8100004196167,16.059999465942383,15.5600004196167,15.5600004196167,17398800,4.198278427124023
2017-12-18,15.779999732971191,16.030000686645508,15.729999542236328,15.84000015258789,12158900,4.273825168609619
2017-12-19,15.819999694824219,15.850000381469727,15.630000114440918,15.760000228881836,8028400,4.25223970413208
2017-12-20,15.800000190734863,16.0,15.770000457763672,15.960000038146973,3848600,4.3062028884887695
2017-12-21,16.0,16.649999618530273,15.989999771118164,16.649999618530273,5998700,4.492372512817383
2017-12-22,16.6299991607666,16.739999771118164,16.440000534057617,16.59000015258789,3666900,4.476183891296387
2017-12-25,16.59000015258789,16.59000015258789,16.59000015258789,16.59000015258789,0,4.476183891296387
2017-12-26,16.5,16.780000686645508,16.5,16.700000762939453,4180900,4.505862712860107
2017-12-27,16.799999237060547,16.979999542236328,16.729999542236328,16.760000228881836,4113900,4.5220513343811035
2017-12-28,16.760000228881836,16.93000030517578,16.760000228881836,16.90999984741211,4767200,4.562523365020752
2017-12-29,16.90999984741211,16.90999984741211,16.90999984741211,16.90999984741211,0,4.562523365020752
2018-01-02,16.989999771118164,17.329999923706055,16.979999542236328,17.329999923706055,4488000,4.675846099853516
2018-01-03,17.239999771118164,17.670000076293945,17.209999084472656,17.549999237060547,9771700,4.735203266143799
2018-01-04,17.670000076293945,17.899999618530273,17.6299991607666,17.700000762939453,6816500,4.7756757736206055
2018-01-05,17.690000534057617,17.850000381469727,17.600000381469727,17.84000015258789,4646500,4.813451766967773
2018-01-08,17.639999389648438,18.1200008392334,17.610000610351562,18.1200008392334,4763400,4.888996601104736
2018-01-09,18.059999465942383,18.270000457763672,18.010000228881836,18.1200008392334,6570100,4.888996601104736
2018-01-10,18.0,18.110000610351562,17.760000228881836,17.780000686645508,4720000,4.7972612380981445
2018-01-11,17.889999389648438,18.270000457763672,17.809999465942383,18.219999313354492,10075000,4.9159770011901855
2018-01-12,18.100000381469727,18.40999984741211,18.020000457763672,18.360000610351562,5516100,4.9537506103515625
2018-01-15,18.309999465942383,18.549999237060547,18.309999465942383,18.459999084472656,2308600,4.98073148727417
2018-01-16,18.450000762939453,18.93000030517578,18.43000030517578,18.790000915527344,7189900,5.069770336151123
2018-01-17,18.920000076293945,19.469999313354492,18.860000610351562,19.469999313354492,6517400,5.253243446350098
2018-01-18,19.469999313354492,19.65999984741211,19.1299991607666,19.440000534057617,8160700,5.245150089263916
2018-01-19,19.5,19.6200008392334,19.219999313354492,19.309999465942383,4134700,5.210073471069336
2018-01-22,19.209999084472656,19.56999969482422,19.209999084472656,19.510000228881836,7741500,5.264035701751709
2018-01-23,19.399999618530273,19.520000457763672,19.139999389648438,19.34000015258789,7126300,5.218168258666992
2018-01-24,19.520000457763672,20.950000762939453,19.5,20.6299991607666,24306600,5.566226005554199
2018-01-25,20.6299991607666,20.6299991607666,20.6299991607666,20.6299991607666,0,5.566226005554199
2018-01-26,21.030000686645508,21.770000457763672,20.489999771118164,21.709999084472656,16923900,5.857621669769287
2018-01-29,21.420000076293945,21.940000534057617,21.15999984741211,21.709999084472656,11910900,5.857621669769287
2018-01-30,21.530000686645508,21.59000015258789,20.81999969482422,21.18000030517578,19950900,5.714622497558594
2018-01-31,21.489999771118164,21.649999618530273,21.299999237060547,21.299999237060547,9513700,5.747000217437744
2018-02-01,21.299999237060547,22.170000076293945,21.209999084472656,22.1299991607666,12612400,5.970943450927734
2018-02-02,21.75,22.1200008392334,21.420000076293945,21.540000915527344,6797200,5.811755180358887
2018-02-05,21.270000457763672,21.510000228881836,20.56999969482422,20.56999969482422,8990500,5.550036907196045
2018-02-06,20.09000015258789,21.610000610351562,20.049999237060547,21.600000381469727,17301800,5.827944278717041
2018-02-07,21.59000015258789,21.84000015258789,20.860000610351562,20.979999542236328,10548700,5.6606597900390625
2018-02-08,21.010000228881836,21.219999313354492,20.270000457763672,20.350000381469727,7259400,5.490677833557129
2018-02-09,20.3799991607666,20.790000915527344,19.670000076293945,20.09000015258789,12824000,5.420528411865234
2018-02-14,20.299999237060547,20.59000015258789,20.1200008392334,20.3799991607666,10315000,5.498771667480469
2018-02-15,20.670000076293945,20.790000915527344,20.3700008392334,20.729999542236328,8292900,5.593207359313965
2018-02-16,21.0,21.049999237060547,20.610000610351562,20.719999313354492,7112100,5.590508460998535
2018-02-19,20.860000610351562,21.34000015258789,20.81999969482422,21.299999237060547,2960300,5.747000217437744
2018-02-20,21.239999771118164,21.850000381469727,21.030000686645508,21.68000030517578,17774300,5.849527835845947
2018-02-21,21.68000030517578,22.030000686645508,21.440000534057617,21.440000534057617,11055800,5.7847723960876465
2018-02-22,21.510000228881836,22.260000228881836,21.510000228881836,22.079999923706055,8351500,5.957452774047852
2018-02-23,22.200000762939453,22.760000228881836,22.1200008392334,22.649999618530273,13093400,6.1112470626831055
2018-02-26,22.979999542236328,23.299999237060547,22.860000610351562,23.18000030517578,15717800,6.254245758056641
2018-02-27,23.18000030517578,23.610000610351562,23.100000381469727,23.1200008392334,9822200,6.238058567047119
2018-02-28,23.200000762939453,23.469999313354492,22.84000015258789,23.149999618530273,35275100,6.246152400970459
2018-03-01,23.049999237060547,23.280000686645508,22.5,22.770000457763672,9470600,6.1436238288879395
2018-03-02,22.440000534057617,23.200000762939453,22.209999084472656,23.18000030517578,8601300,6.254245758056641
2018-03-05,23.18000030517578,23.959999084472656,23.110000610351562,23.84000015258789,8732400,6.432323932647705
2018-03-06,24.110000610351562,24.34000015258789,23.600000381469727,23.68000030517578,12387700,6.389153480529785
2018-03-07,23.65999984741211,23.709999084472656,22.969999313354492,23.360000610351562,10075800,6.302812099456787
2018-03-08,23.520000457763672,23.530000686645508,23.030000686645508,23.389999389648438,5668000,6.310906887054443
2018-03-09,23.469999313354492,24.020000457763672,23.229999542236328,24.0,6779600,6.475491523742676
2018-03-12,24.09000015258789,24.209999084472656,23.850000381469727,23.899999618530273,4869800,6.448511123657227
2018-03-13,24.100000381469727,24.1299991607666,23.579999923706055,23.670000076293945,5363100,6.386456489562988
2018-03-14,23.899999618530273,23.940000534057617,23.510000228881836,23.610000610351562,6314800,6.370266437530518
2018-03-15,23.399999618530273,23.6299991607666,23.010000228881836,23.1200008392334,19425600,6.238058567047119
2018-03-16,23.25,23.559999465942383,23.049999237060547,23.3700008392334,23034500,6.305512428283691
2018-03-19,22.950000762939453,23.170000076293945,22.59000015258789,22.59000015258789,6900300,6.095057964324951
2018-03-20,22.729999542236328,23.139999389648438,22.729999542236328,22.889999389648438,6251100,6.176000595092773
2018-03-21,22.920000076293945,23.860000610351562,22.850000381469727,23.760000228881836,9461600,6.41073751449585
2018-03-22,23.65999984741211,23.920000076293945,23.3700008392334,23.6299991607666,9483300,6.375661373138428
2018-03-23,23.479999542236328,24.079999923706055,23.40999984741211,23.709999084472656,8201900,6.397246360778809
2018-03-26,24.079999923706055,24.200000762939453,23.6200008392334,23.90999984741211,5625200,6.451211452484131
2018-03-27,24.0,24.1200008392334,23.18000030517578,23.31999969482422,6956200,6.292018890380859
2018-03-28,23.190000534057617,23.360000610351562,22.860000610351562,23.030000686645508,4414700,6.213774681091309
2018-03-29,23.020000457763672,23.489999771118164,23.020000457763672,23.360000610351562,7814800,6.302812099456787
2018-04-02,23.170000076293945,23.40999984741211,22.559999465942383,22.739999771118164,5529100,6.135529041290283
2018-04-03,22.989999771118164,23.09000015258789,22.649999618530273,22.799999237060547,5171000,6.151717185974121
2018-04-04,22.290000915527344,22.809999465942383,22.18000030517578,22.719999313354492,10413300,6.130133152008057
2018-04-05,23.309999465942383,23.93000030517578,23.280000686645508,23.34000015258789,15275400,6.2974162101745605
2018-04-06,23.25,23.579999923706055,23.1299991607666,23.579999923706055,7985600,6.362171173095703
2018-04-09,23.81999969482422,23.81999969482422,22.850000381469727,22.899999618530273,7319000,6.178699016571045
2018-04-10,23.219999313354492,23.969999313354492,23.170000076293945,23.799999237060547,6176700,6.421529293060303
2018-04-11,23.700000762939453,24.440000534057617,23.540000915527344,24.350000381469727,6073300,6.56992769241333
2018-04-12,24.350000381469727,24.489999771118164,24.219999313354492,24.389999389648438,5049700,6.580718994140625
2018-04-13,24.299999237060547,24.3799991607666,23.6299991607666,23.729999542236328,9964500,6.402644634246826
2018-04-16,23.709999084472656,23.739999771118164,22.8700008392334,22.889999389648438,10164100,6.176000595092773
2018-04-17,23.040000915527344,23.3700008392334,22.81999969482422,23.309999465942383,4877000,6.289323329925537
2018-04-18,23.670000076293945,24.200000762939453,23.290000915527344,24.06999969482422,8855200,6.49437952041626
2018-04-19,24.309999465942383,24.649999618530273,24.110000610351562,24.3700008392334,7321400,6.575324058532715
2018-04-20,24.219999313354492,24.540000915527344,23.950000762939453,24.43000030517578,6119400,6.591512203216553
2018-04-23,24.25,24.3700008392334,23.81999969482422,24.350000381469727,6499400,6.56992769241333
2018-04-24,24.5,24.649999618530273,24.020000457763672,24.270000457763672,6614900,6.548341751098633
2018-04-25,23.940000534057617,23.940000534057617,23.309999465942383,23.5,8134900,6.340586185455322
2018-04-26,23.84000015258789,24.450000762939453,23.739999771118164,24.450000762939453,9213900,6.596907138824463
2018-04-27,24.450000762939453,24.799999237060547,24.440000534057617,24.520000457763672,5077500,6.615794658660889
2018-04-30,24.489999771118164,24.770000457763672,24.3700008392334,24.6299991607666,4790200,6.645473957061768
2018-05-02,24.149999618530273,24.790000915527344,24.110000610351562,24.56999969482422,8108700,6.629286289215088
2018-05-03,24.399999618530273,24.549999237060547,23.899999618530273,24.309999465942383,9913500,6.559134006500244
2018-05-04,24.219999313354492,24.40999984741211,23.889999389648438,23.889999389648438,19501100,6.445813179016113
2018-05-07,24.1200008392334,25.25,24.110000610351562,24.739999771118164,11243000,6.675154209136963
2018-05-08,25.100000381469727,25.270000457763672,24.309999465942383,24.739999771118164,12919400,6.675154209136963
2018-05-09,25.18000030517578,27.3799991607666,25.139999389648438,27.219999313354492,29151400,7.3442864418029785
2018-05-10,27.649999618530273,29.299999237060547,27.43000030517578,28.84000015258789,21112100,7.781383514404297
2018-05-11,28.8799991607666,29.850000381469727,28.790000915527344,28.950000762939453,16246200,7.811063289642334
2018-05-14,29.25,30.56999969482422,29.25,30.149999618530273,16238400,8.134838104248047
2018-05-15,30.260000228881836,30.959999084472656,29.920000076293945,30.90999984741211,19165600,8.33989429473877
2018-05-16,31.0,31.799999237060547,30.90999984741211,31.6299991607666,11056100,8.534159660339355
2018-05-17,31.639999389648438,31.75,29.920000076293945,30.209999084472656,24012700,8.151025772094727
2018-05-18,29.510000228881836,30.799999237060547,29.229999542236328,30.149999618530273,17025000,8.134838104248047
2018-05-21,30.559999465942383,30.809999465942383,29.040000915527344,29.139999389648438,15208700,7.862328052520752
2018-05-22,29.059999465942383,29.1299991607666,28.149999618530273,28.420000076293945,19145800,7.681242942810059
2018-05-23,27.989999771118164,28.350000381469727,27.149999618530273,27.149999618530273,12677400,7.337991714477539
2018-05-24,23.899999618530273,24.420000076293945,23.0,23.200000762939453,36314700,6.270401954650879
2018-05-25,23.809999465942383,24.40999984741211,22.899999618530273,23.030000686645508,25349700,6.224454402923584
2018-05-28,22.299999237060547,22.299999237060547,19.729999542236328,19.790000915527344,15956400,5.348761081695557
2018-05-29,21.0,22.649999618530273,20.530000686645508,22.239999771118164,31627200,6.010935306549072
2018-05-30,21.489999771118164,23.09000015258789,21.200000762939453,22.190000534057617,28854800,5.997422218322754
2018-06-01,22.600000381469727,22.8700008392334,17.25,18.8799991607666,29903500,5.102809429168701
2018-06-04,19.899999618530273,20.610000610351562,19.84000015258789,19.979999542236328,21244500,5.400114059448242
2018-06-05,19.969999313354492,20.34000015258789,19.309999465942383,19.3799991607666,13077400,5.237947463989258
2018-06-06,19.200000762939453,19.520000457763672,18.809999465942383,19.270000457763672,17411200,5.208218097686768
2018-06-07,18.989999771118164,19.190000534057617,18.239999771118164,18.920000076293945,28799700,5.113621234893799
2018-06-08,18.790000915527344,19.190000534057617,17.8700008392334,18.0,22116000,4.864968299865723
2018-06-11,18.299999237060547,18.59000015258789,17.90999984741211,18.389999389648438,13162700,4.970374584197998
2018-06-12,18.34000015258789,18.579999923706055,18.079999923706055,18.239999771118164,13626400,4.929832458496094
2018-06-13,18.270000457763672,18.290000915527344,17.3799991607666,17.989999771118164,13600500,4.862264633178711
2018-06-14,18.200000762939453,18.270000457763672,17.760000228881836,17.979999542236328,13317300,4.859561443328857
2018-06-15,17.950000762939453,17.969999313354492,17.229999542236328,17.799999237060547,24184400,4.810912132263184
2018-06-18,17.540000915527344,17.6299991607666,17.209999084472656,17.209999084472656,10624100,4.651447296142578
2018-06-19,16.979999542236328,18.31999969482422,16.899999618530273,17.850000381469727,23686200,4.824426174163818
2018-06-20,18.34000015258789,18.899999618530273,18.200000762939453,18.579999923706055,15730900,5.021727085113525
2018-06-21,18.520000457763672,18.739999771118164,17.530000686645508,17.649999618530273,12297300,4.770370006561279
2018-06-22,17.709999084472656,18.149999618530273,17.549999237060547,17.760000228881836,7242200,4.800101280212402
2018-06-25,17.8700008392334,18.209999084472656,17.559999465942383,18.09000015258789,9538100,4.8892927169799805
2018-06-26,18.309999465942383,18.530000686645508,17.860000610351562,18.520000457763672,8778700,5.005509853363037
2018-06-27,18.59000015258789,19.399999618530273,18.3700008392334,19.020000457763672,12358300,5.14064884185791
2018-06-28,19.139999389648438,19.280000686645508,18.709999084472656,18.90999984741211,13651200,5.110918045043945
2018-06-29,19.0,19.530000686645508,18.989999771118164,19.420000076293945,9621500,5.2487592697143555
2018-07-02,19.100000381469727,19.709999084472656,19.100000381469727,19.68000030517578,15302800,5.319030284881592
2018-07-03,19.860000610351562,20.209999084472656,19.670000076293945,19.75,7983900,5.337949275970459
2018-07-04,19.5,20.799999237060547,19.399999618530273,20.709999084472656,5247000,5.597415447235107
2018-07-05,20.809999465942383,20.989999771118164,19.719999313354492,20.09000015258789,13216100,5.429844379425049
2018-07-06,20.09000015258789,20.389999389648438,19.8700008392334,20.219999313354492,4644900,5.464978218078613
2018-07-10,20.559999465942383,20.760000228881836,19.979999542236328,20.190000534057617,7551000,5.45687198638916
2018-07-11,19.920000076293945,20.709999084472656,19.850000381469727,20.020000457763672,12037900,5.41092586517334
2018-07-12,20.09000015258789,20.670000076293945,20.06999969482422,20.600000381469727,8098000,5.567686080932617
2018-07-13,20.610000610351562,20.68000030517578,20.3700008392334,20.579999923706055,7731900,5.56227970123291
2018-07-16,20.530000686645508,20.59000015258789,20.0,20.3799991607666,7373400,5.508223533630371
2018-07-17,20.25,21.110000610351562,20.25,21.059999465942383,6790900,5.692012786865234
2018-07-18,21.0,21.149999618530273,20.5,20.649999618530273,7857300,5.5811991691589355
2018-07-19,20.450000762939453,20.889999389648438,20.31999969482422,20.889999389648438,6164500,5.646063327789307
2018-07-20,21.579999923706055,21.780000686645508,21.209999084472656,21.420000076293945,22732100,5.789310932159424
2018-07-23,21.549999237060547,21.649999618530273,21.209999084472656,21.520000457763672,3942800,5.816339492797852
2018-07-24,21.68000030517578,22.209999084472656,21.610000610351562,21.899999618530273,6127500,5.919042587280273
2018-07-25,22.1200008392334,22.190000534057617,21.780000686645508,22.18000030517578,6600900,5.994720935821533
2018-07-26,22.010000228881836,22.09000015258789,21.559999465942383,21.6200008392334,6512800,5.843365669250488
2018-07-27,21.65999984741211,22.209999084472656,21.65999984741211,22.100000381469727,4496400,5.973099231719971
2018-07-30,22.200000762939453,22.389999389648438,21.770000457763672,22.059999465942383,7925900,5.962286949157715
2018-07-31,21.8700008392334,22.100000381469727,21.479999542236328,21.940000534057617,4794700,5.929853916168213
2018-08-01,21.809999465942383,22.06999969482422,21.68000030517578,22.06999969482422,5106600,5.964991092681885
2018-08-02,22.030000686645508,22.729999542236328,21.959999084472656,22.440000534057617,7508100,6.0649919509887695
2018-08-03,23.25,23.84000015258789,23.100000381469727,23.219999313354492,12428900,6.275807857513428
2018-08-06,23.229999542236328,23.639999389648438,23.18000030517578,23.299999237060547,3632200,6.297428131103516
2018-08-07,23.600000381469727,23.639999389648438,22.920000076293945,23.209999084472656,11463100,6.273103713989258
2018-08-08,23.25,23.479999542236328,22.709999084472656,22.739999771118164,8715500,6.146076202392578
2018-08-09,22.850000381469727,22.969999313354492,22.34000015258789,22.760000228881836,7934000,6.151480674743652
2018-08-10,22.43000030517578,22.59000015258789,22.030000686645508,22.15999984741211,11170000,5.989316463470459
2018-08-13,22.059999465942383,22.510000228881836,21.8799991607666,22.399999618530273,9073100,6.0541815757751465
2018-08-14,22.639999389648438,22.719999313354492,22.110000610351562,22.260000228881836,5415900,6.029801845550537
2018-08-15,21.959999084472656,22.010000228881836,21.3799991607666,21.3799991607666,12041600,5.7914252281188965
2018-08-16,21.549999237060547,21.639999389648438,21.1200008392334,21.290000915527344,6005200,5.767048358917236
2018-08-17,21.270000457763672,21.270000457763672,20.8700008392334,20.950000762939453,10101800,5.674949645996094
2018-08-20,20.860000610351562,21.030000686645508,20.65999984741211,21.0,7563300,5.688492298126221
2018-08-21,20.889999389648438,21.15999984741211,20.479999542236328,20.649999618530273,13751100,5.59368371963501
2018-08-22,20.489999771118164,21.329999923706055,20.489999771118164,21.260000228881836,10219000,5.758921146392822
2018-08-23,21.43000030517578,21.43000030517578,20.8799991607666,20.969999313354492,7816200,5.680365085601807
2018-08-24,21.299999237060547,21.479999542236328,20.93000030517578,21.09000015258789,6490400,5.712871074676514
2018-08-27,21.270000457763672,21.459999084472656,21.010000228881836,21.450000762939453,6135300,5.810388565063477
2018-08-28,21.350000381469727,21.6299991607666,21.209999084472656,21.239999771118164,6832200,5.75350284576416
2018-08-29,21.389999389648438,22.360000610351562,21.389999389648438,22.170000076293945,13284700,6.005423545837402
2018-08-30,22.09000015258789,22.489999771118164,21.540000915527344,21.68000030517578,10760400,5.872691631317139
2018-08-31,21.739999771118164,22.270000457763672,21.739999771118164,22.079999923706055,20461500,5.981042861938477
2018-09-03,21.979999542236328,21.979999542236328,21.479999542236328,21.75,3712800,5.891651630401611
2018-09-04,21.81999969482422,21.969999313354492,21.520000457763672,21.520000457763672,8424300,5.829351902008057
2018-09-05,21.520000457763672,21.899999618530273,21.190000534057617,21.729999542236328,10034300,5.886235237121582
2018-09-06,22.030000686645508,22.15999984741211,21.549999237060547,21.920000076293945,7753400,5.937702655792236
2018-09-10,22.299999237060547,22.649999618530273,22.09000015258789,22.200000762939453,10485200,6.013548851013184
2018-09-11,21.75,22.0,21.459999084472656,21.579999923706055,17508000,5.845602512359619
2018-09-12,21.84000015258789,22.3700008392334,21.709999084472656,22.15999984741211,9124200,6.002715587615967
2018-09-13,22.209999084472656,22.299999237060547,21.780000686645508,21.850000381469727,6516900,5.918741703033447
2018-09-14,21.889999389648438,22.15999984741211,21.639999389648438,22.0,7665400,5.95937442779541
2018-09-17,21.950000762939453,22.549999237060547,21.850000381469727,22.469999313354492,7409400,6.086686611175537
2018-09-18,22.420000076293945,23.31999969482422,22.399999618530273,23.280000686645508,9100900,6.3061017990112305
2018-09-19,23.0,23.479999542236328,22.8799991607666,23.149999618530273,7331900,6.270885467529297
2018-09-20,23.450000762939453,23.520000457763672,22.8700008392334,22.989999771118164,4790500,6.22754430770874
2018-09-21,23.290000915527344,23.489999771118164,23.06999969482422,23.270000457763672,13891000,6.303391933441162
2018-09-24,23.299999237060547,23.700000762939453,23.1299991607666,23.149999618530273,5677400,6.270885467529297
2018-09-25,22.739999771118164,23.399999618530273,22.739999771118164,23.270000457763672,6895600,6.303391933441162
2018-09-26,23.420000076293945,23.59000015258789,23.09000015258789,23.360000610351562,7427400,6.327771186828613
2018-09-27,23.479999542236328,24.5,23.479999542236328,24.5,15870600,6.6365742683410645
2018-09-28,24.239999771118164,24.920000076293945,24.06999969482422,24.229999542236328,10978900,6.5634379386901855
2018-10-01,24.329999923706055,24.56999969482422,23.860000610351562,24.18000030517578,5627200,6.549892902374268
2018-10-02,25.149999618530273,25.969999313354492,25.030000686645508,25.809999465942383,25549500,6.991426467895508
2018-10-03,28.0,28.5,26.219999313354492,26.479999542236328,27707500,7.17291784286499
2018-10-04,26.299999237060547,27.299999237060547,25.920000076293945,26.760000228881836,13310900,7.2487640380859375
2018-10-05,27.100000381469727,27.420000076293945,26.479999542236328,26.65999984741211,12503200,7.221675395965576
2018-10-08,29.729999542236328,29.8799991607666,28.34000015258789,29.190000534057617,32960200,7.907004356384277
2018-10-09,29.0,29.809999465942383,28.649999618530273,29.729999542236328,15117100,8.053278923034668
2018-10-10,29.350000381469727,29.540000915527344,28.3799991607666,28.6299991607666,10296000,7.755311965942383
2018-10-11,28.920000076293945,29.209999084472656,27.8799991607666,28.100000381469727,14530900,7.611745834350586
2018-10-15,28.799999237060547,29.059999465942383,28.360000610351562,28.75,14763100,7.787818908691406
2018-10-16,29.1299991607666,29.799999237060547,29.1200008392334,29.799999237060547,8910300,8.07224178314209
2018-10-17,29.520000457763672,29.719999313354492,29.290000915527344,29.600000381469727,8829200,8.01806640625
2018-10-18,29.399999618530273,29.5,28.600000381469727,28.649999618530273,7257700,7.76072883605957
2018-10-19,29.18000030517578,29.18000030517578,28.690000534057617,28.940000534057617,6340100,7.8392839431762695
2018-10-22,29.200000762939453,29.75,29.040000915527344,29.719999313354492,6796800,8.05057144165039
2018-10-23,29.239999771118164,29.420000076293945,28.760000228881836,29.15999984741211,9725500,7.8988776206970215
2018-10-24,29.25,29.75,28.31999969482422,28.31999969482422,11009100,7.6713361740112305
2018-10-25,28.799999237060547,29.299999237060547,28.229999542236328,28.90999984741211,11470200,7.831157684326172
2018-10-26,29.15999984741211,30.0,28.520000457763672,30.0,18104900,8.126419067382812
2018-10-29,29.1299991607666,29.790000915527344,28.579999923706055,28.920000076293945,26013500,7.833866119384766
2018-10-30,29.219999313354492,30.520000457763672,28.889999389648438,30.520000457763672,22191400,8.2672758102417
2018-10-31,30.770000457763672,31.0,29.760000228881836,30.31999969482422,14667100,8.213099479675293
2018-11-01,30.3799991607666,30.579999923706055,29.520000457763672,29.770000457763672,10702100,8.06411361694336
2018-11-05,29.899999618530273,30.649999618530273,29.770000457763672,30.649999618530273,9032400,8.30249309539795
2018-11-06,29.959999084472656,30.940000534057617,29.540000915527344,29.860000610351562,10465900,8.088494300842285
2018-11-07,30.350000381469727,30.360000610351562,28.93000030517578,29.200000762939453,12060400,7.909712314605713
2018-11-08,29.700000762939453,29.93000030517578,28.239999771118164,28.239999771118164,9405400,7.6496686935424805
2018-11-09,28.110000610351562,28.5,27.329999923706055,28.1299991607666,8957100,7.619870662689209
2018-11-12,28.170000076293945,28.610000610351562,27.93000030517578,27.989999771118164,8284100,7.58194637298584
2018-11-13,27.989999771118164,28.0,26.440000534057617,26.700000762939453,10117700,7.232512950897217
2018-11-14,26.700000762939453,27.350000381469727,26.3700008392334,27.190000534057617,11583900,7.365243911743164
2018-11-16,27.5,28.100000381469727,27.290000915527344,28.049999237060547,10893700,7.598200798034668
2018-11-19,27.829999923706055,28.5,27.530000686645508,28.030000686645508,8079500,7.592782497406006
2018-11-21,27.059999465942383,27.5,26.700000762939453,27.3799991607666,12110400,7.416711330413818
2018-11-22,27.530000686645508,27.530000686645508,27.049999237060547,27.329999923706055,4362200,7.430303573608398
2018-11-23,27.049999237060547,27.059999465942383,26.040000915527344,26.690000534057617,18829500,7.256304740905762
2018-11-26,27.18000030517578,27.40999984741211,26.649999618530273,27.100000381469727,19455500,7.367773532867432
2018-11-27,27.059999465942383,28.209999084472656,26.969999313354492,28.020000457763672,14957300,7.61789608001709
2018-11-28,28.059999465942383,28.3700008392334,27.170000076293945,27.670000076293945,19562600,7.522741794586182
2018-11-29,27.190000534057617,27.989999771118164,27.09000015258789,27.850000381469727,9197300,7.571678161621094
2018-11-30,27.510000228881836,28.350000381469727,27.5,28.1299991607666,11760000,7.647804260253906
2018-12-03,29.0,29.3799991607666,28.709999084472656,28.93000030517578,21530900,7.865300178527832
2018-12-04,29.0,29.399999618530273,28.229999542236328,28.420000076293945,13819400,7.726646423339844
2018-12-05,28.40999984741211,28.68000030517578,27.959999084472656,28.59000015258789,4388900,7.772863388061523
2018-12-06,28.020000457763672,28.100000381469727,27.049999237060547,27.399999618530273,11518400,7.449334621429443
2018-12-07,27.450000762939453,28.579999923706055,27.200000762939453,27.850000381469727,13693900,7.571678161621094
2018-12-10,27.850000381469727,27.850000381469727,26.469999313354492,26.469999313354492,12041300,7.196493148803711
2018-12-11,27.09000015258789,27.139999389648438,26.040000915527344,26.299999237060547,11871900,7.150274753570557
2018-12-12,26.899999618530273,26.940000534057617,26.270000457763672,26.389999389648438,10773000,7.174742221832275
2018-12-13,26.209999084472656,26.610000610351562,26.059999465942383,26.530000686645508,5283600,7.212806701660156
2018-12-14,26.100000381469727,26.65999984741211,26.09000015258789,26.329999923706055,6460800,7.158430576324463
2018-12-17,26.40999984741211,26.6200008392334,26.010000228881836,26.049999237060547,6880500,7.082305431365967
2018-12-18,26.040000915527344,26.040000915527344,25.170000076293945,25.170000076293945,9639000,6.843057632446289
2018-12-19,25.399999618530273,25.790000915527344,24.440000534057617,24.760000228881836,30190000,6.7315874099731445
2018-12-20,24.709999084472656,24.90999984741211,24.030000686645508,24.15999984741211,12955700,6.568465709686279
2018-12-21,24.139999389648438,24.850000381469727,23.860000610351562,24.18000030517578,18462300,6.573901653289795
2018-12-26,23.6200008392334,24.579999923706055,23.329999923706055,24.579999923706055,12851100,6.696826934814453
2018-12-27,24.559999465942383,24.8799991607666,24.139999389648438,24.440000534057617,10534700,6.658682346343994
2018-12-28,24.780000686645508,25.639999389648438,24.770000457763672,25.399999618530273,9543500,6.9202351570129395
2019-01-02,25.40999984741211,26.950000762939453,25.100000381469727,26.649999618530273,14725300,7.260799884796143
2019-01-03,26.649999618530273,27.43000030517578,26.280000686645508,27.200000762939453,12766200,7.410646915435791
2019-01-04,27.239999771118164,27.559999465942383,27.06999969482422,27.510000228881836,10848500,7.495107650756836
2019-01-07,27.559999465942383,29.100000381469727,27.549999237060547,28.399999618530273,16164400,7.737586498260498
2019-01-08,28.649999618530273,28.770000457763672,28.110000610351562,28.25,12562900,7.696719646453857
2019-01-09,28.510000228881836,28.979999542236328,28.510000228881836,28.81999969482422,9306000,7.852017879486084
2019-01-10,28.729999542236328,28.780000686645508,28.350000381469727,28.68000030517578,7677100,7.81387186050415
2019-01-11,28.59000015258789,28.59000015258789,28.25,28.5,6481900,7.764832496643066
2019-01-14,28.280000686645508,28.700000762939453,28.110000610351562,28.399999618530273,6240300,7.737586498260498
2019-01-15,28.350000381469727,28.700000762939453,28.15999984741211,28.309999465942383,6349600,7.713066101074219
2019-01-16,28.299999237060547,28.540000915527344,28.09000015258789,28.540000915527344,6432700,7.775728702545166
2019-01-17,28.399999618530273,29.0,28.25,28.780000686645508,6419300,7.841119766235352
2019-01-18,28.989999771118164,29.299999237060547,28.850000381469727,29.149999618530273,8168500,7.941924095153809
2019-01-21,28.93000030517578,29.299999237060547,28.729999542236328,29.290000915527344,3904200,7.980068683624268
2019-01-22,29.170000076293945,29.200000762939453,28.670000076293945,28.850000381469727,6692600,7.860189437866211
2019-01-23,29.0,29.3700008392334,28.889999389648438,29.149999618530273,6083000,7.941924095153809
2019-01-24,29.149999618530273,29.459999084472656,28.969999313354492,29.459999084472656,7013000,8.026384353637695
2019-01-28,29.420000076293945,29.719999313354492,28.31999969482422,28.420000076293945,17030300,7.743035793304443
2019-01-29,28.709999084472656,29.399999618530273,28.709999084472656,29.040000915527344,7315000,7.911955833435059
2019-01-30,29.399999618530273,29.700000762939453,29.25,29.440000534057617,8684300,8.020934104919434
2019-01-31,29.700000762939453,29.969999313354492,29.530000686645508,29.549999237060547,12127100,8.050905227661133
2019-02-01,29.469999313354492,30.049999237060547,29.299999237060547,30.020000457763672,7368400,8.17895793914795
2019-02-04,29.809999465942383,30.520000457763672,29.770000457763672,30.360000610351562,10513600,8.271591186523438
2019-02-05,30.360000610351562,30.719999313354492,30.100000381469727,30.549999237060547,5306500,8.323354721069336
2019-02-06,30.260000228881836,30.479999542236328,29.93000030517578,30.010000228881836,8922400,8.176234245300293
2019-02-07,30.1200008392334,30.59000015258789,29.170000076293945,29.479999542236328,9480800,8.03183364868164
2019-02-08,29.15999984741211,29.600000381469727,28.8799991607666,29.270000457763672,8255700,7.974618911743164
2019-02-11,29.25,29.280000686645508,28.760000228881836,28.899999618530273,4533600,7.873811721801758
2019-02-12,29.5,30.040000915527344,29.5,29.940000534057617,9929300,8.157158851623535
2019-02-13,30.229999542236328,30.81999969482422,30.049999237060547,30.649999618530273,11301000,8.350600242614746
2019-02-14,30.670000076293945,31.34000015258789,30.559999465942383,31.290000915527344,8430200,8.524969100952148
2019-02-15,31.100000381469727,31.440000534057617,30.889999389648438,31.049999237060547,6468200,8.45958137512207
2019-02-18,30.809999465942383,30.979999542236328,30.59000015258789,30.690000534057617,4272700,8.361499786376953
2019-02-19,30.860000610351562,31.5,30.780000686645508,31.260000228881836,7505000,8.516796112060547
2019-02-20,31.350000381469727,31.739999771118164,30.8700008392334,31.260000228881836,11134900,8.516796112060547
2019-02-21,31.450000762939453,31.610000610351562,31.0,31.43000030517578,6083800,8.563111305236816
2019-02-22,31.700000762939453,31.790000915527344,30.979999542236328,31.25,7140300,8.514070510864258
2019-02-25,31.110000610351562,31.200000762939453,30.450000762939453,30.5,8856200,8.309732437133789
2019-02-26,30.549999237060547,31.09000015258789,30.350000381469727,30.510000228881836,7813200,8.312458038330078
2019-02-27,30.729999542236328,31.09000015258789,30.420000076293945,30.670000076293945,9759400,8.356049537658691
2019-02-28,31.200000762939453,31.25,29.270000457763672,29.860000610351562,31044900,8.13536548614502
2019-03-01,29.920000076293945,30.06999969482422,29.200000762939453,29.200000762939453,7335200,7.955547332763672
2019-03-06,28.850000381469727,29.479999542236328,28.850000381469727,29.479999542236328,5745700,8.03183364868164
2019-03-07,29.649999618530273,29.649999618530273,29.15999984741211,29.219999313354492,6467900,7.960996150970459
2019-03-08,28.850000381469727,29.1200008392334,28.540000915527344,29.0,9769300,7.901057720184326
2019-03-11,29.3799991607666,30.729999542236328,29.020000457763672,30.639999389648438,13660500,8.34787654876709
2019-03-12,30.6299991607666,30.860000610351562,30.1299991607666,30.1299991607666,8376100,8.20892333984375
2019-03-13,30.270000457763672,31.25,30.110000610351562,30.940000534057617,13096900,8.429612159729004
2019-03-14,31.0,31.489999771118164,31.0,31.290000915527344,10495200,8.524969100952148
2019-03-15,31.280000686645508,31.770000457763672,31.200000762939453,31.6200008392334,16994400,8.614874839782715
2019-03-18,31.65999984741211,32.47999954223633,31.639999389648438,32.2599983215332,12435700,8.789243698120117
2019-03-19,32.4900016784668,33.25,32.380001068115234,32.77000045776367,12154000,8.928194999694824
2019-03-20,32.689998626708984,33.70000076293945,32.650001525878906,32.970001220703125,13165500,8.982686042785645
2019-03-21,32.70000076293945,32.93000030517578,31.770000457763672,32.310001373291016,18752500,8.80286979675293
2019-03-22,31.65999984741211,31.899999618530273,30.770000457763672,30.770000457763672,19675400,8.383292198181152
2019-03-25,30.610000610351562,31.15999984741211,30.3799991607666,30.649999618530273,12697200,8.350600242614746
2019-03-26,31.0,31.93000030517578,30.979999542236328,31.93000030517578,13688800,8.699337005615234
2019-03-27,31.350000381469727,31.450000762939453,30.450000762939453,30.450000762939453,12303600,8.296109199523926
2019-03-28,30.309999465942383,31.170000076293945,30.059999465942383,30.959999084472656,12778500,8.435060501098633
2019-03-29,31.329999923706055,31.56999969482422,30.950000762939453,31.149999618530273,8924800,8.486824989318848
2019-04-01,31.420000076293945,31.59000015258789,30.729999542236328,30.8700008392334,12610500,8.410539627075195
2019-04-02,31.010000228881836,31.260000228881836,30.510000228881836,31.0,7775800,8.445959091186523
2019-04-03,31.1299991607666,31.260000228881836,30.350000381469727,30.350000381469727,12462600,8.268867492675781
2019-04-04,30.68000030517578,31.40999984741211,30.25,31.350000381469727,9882000,8.541315078735352
2019-04-05,31.450000762939453,32.15999984741211,31.06999969482422,32.04999923706055,9874800,8.732030868530273
2019-04-08,32.18000030517578,33.04999923706055,32.18000030517578,32.7400016784668,7057300,8.920021057128906
2019-04-09,32.66999816894531,32.7599983215332,32.13999938964844,32.45000076293945,7178800,8.841012954711914
2019-04-10,32.93000030517578,33.0,32.22999954223633,32.27000045776367,5678100,8.791971206665039
2019-04-11,32.189998626708984,32.279998779296875,31.579999923706055,31.850000381469727,9038500,8.67754077911377
2019-04-12,30.290000915527344,30.520000457763672,29.010000228881836,29.1299991607666,23981400,7.936477184295654
2019-04-15,29.799999237060547,29.799999237060547,28.889999389648438,29.110000610351562,12480500,7.931026935577393
2019-04-16,29.200000762939453,30.3700008392334,28.920000076293945,30.149999618530273,11329300,8.214375495910645
2019-04-17,30.350000381469727,30.6200008392334,29.610000610351562,30.18000030517578,17100300,8.222549438476562
2019-04-18,30.649999618530273,31.190000534057617,30.479999542236328,30.760000228881836,15988400,8.380570411682129
2019-04-22,30.809999465942383,31.219999313354492,30.649999618530273,30.8700008392334,8916500,8.410539627075195
2019-04-23,31.200000762939453,31.489999771118164,30.950000762939453,31.1200008392334,6239100,8.478652954101562
2019-04-24,31.1200008392334,31.290000915527344,30.200000762939453,30.579999923706055,7463400,8.33152961730957
2019-04-25,30.34000015258789,31.040000915527344,30.309999465942383,30.65999984741211,7715700,8.353324890136719
2019-04-26,30.559999465942383,30.68000030517578,30.040000915527344,30.389999389648438,5777900,8.279763221740723
2019-04-29,30.780000686645508,30.780000686645508,30.25,30.25,5420200,8.241618156433105
2019-04-30,30.3700008392334,30.68000030517578,29.84000015258789,29.959999084472656,16535600,8.162609100341797
2019-05-02,29.700000762939453,29.809999465942383,29.309999465942383,29.510000228881836,7027500,8.04000473022461
2019-05-03,29.850000381469727,30.020000457763672,29.559999465942383,29.559999465942383,5504000,8.053629875183105
2019-05-06,29.239999771118164,29.540000915527344,29.06999969482422,29.540000915527344,5508800,8.048181533813477
2019-05-07,29.25,29.360000610351562,28.75,29.219999313354492,13512800,7.960996150970459
2019-05-08,29.280000686645508,30.469999313354492,29.1200008392334,30.219999313354492,11682600,8.233449935913086
2019-05-09,29.75,29.809999465942383,29.219999313354492,29.360000610351562,11778000,7.99914026260376
2019-05-10,29.3700008392334,29.420000076293945,28.799999237060547,29.350000381469727,6826500,7.996414661407471
2019-05-13,28.709999084472656,29.049999237060547,28.399999618530273,28.510000228881836,10034900,7.767556667327881
2019-05-14,28.690000534057617,28.829999923706055,28.399999618530273,28.520000457763672,5663500,7.770281791687012
2019-05-15,28.110000610351562,28.389999389648438,28.040000915527344,28.31999969482422,10486800,7.715791702270508
2019-05-16,28.170000076293945,28.709999084472656,27.780000686645508,27.780000686645508,10619100,7.568670272827148
2019-05-17,27.530000686645508,28.18000030517578,27.43000030517578,27.559999465942383,13530200,7.508727073669434
2019-05-20,27.639999389648438,28.110000610351562,27.40999984741211,28.06999969482422,5375900,7.647678375244141
2019-05-21,28.25,28.799999237060547,28.010000228881836,28.799999237060547,8207800,7.8465681076049805
2019-05-22,28.770000457763672,28.899999618530273,28.239999771118164,28.770000457763672,6361400,7.8657050132751465
2019-05-23,28.469999313354492,28.540000915527344,27.770000457763672,28.270000457763672,6864700,7.729004859924316
2019-05-24,28.56999969482422,28.729999542236328,28.270000457763672,28.329999923706055,4567400,7.74540901184082
2019-05-27,28.549999237060547,28.920000076293945,28.520000457763672,28.739999771118164,3226900,7.857501983642578
2019-05-28,28.610000610351562,29.1299991607666,28.479999542236328,29.1299991607666,15362400,7.964130401611328
2019-05-29,28.860000610351562,29.1299991607666,28.5,28.899999618530273,6393100,7.901245594024658
2019-05-30,28.950000762939453,29.34000015258789,28.690000534057617,28.850000381469727,10128600,7.887578010559082
2019-05-31,28.6200008392334,28.979999542236328,28.219999313354492,28.229999542236328,10748300,7.718069076538086
2019-06-03,28.5,29.219999313354492,28.469999313354492,28.850000381469727,11261400,7.887578010559082
2019-06-04,29.299999237060547,29.299999237060547,28.780000686645508,29.020000457763672,6336100,7.934054374694824
2019-06-05,29.079999923706055,29.170000076293945,28.239999771118164,28.610000610351562,6527000,7.82196044921875
2019-06-06,29.0,29.3799991607666,28.520000457763672,29.059999465942383,5877100,7.944990158081055
2019-06-07,29.489999771118164,29.90999984741211,29.170000076293945,29.850000381469727,11928500,8.160975456237793
2019-06-10,29.700000762939453,29.850000381469727,29.200000762939453,29.350000381469727,11783800,8.024276733398438
2019-06-11,29.479999542236328,30.100000381469727,29.40999984741211,29.950000762939453,13726700,8.18831729888916
2019-06-12,29.75,29.889999389648438,29.270000457763672,29.510000228881836,8331300,8.068018913269043
2019-06-13,30.0,30.190000534057617,29.799999237060547,29.90999984741211,7409900,8.177380561828613
2019-06-14,29.649999618530273,30.190000534057617,29.649999618530273,30.190000534057617,15266400,8.253931999206543
2019-06-17,30.200000762939453,30.549999237060547,29.920000076293945,30.149999618530273,5831200,8.242996215820312
2019-06-18,30.440000534057617,30.719999313354492,30.270000457763672,30.610000610351562,7063300,8.368762969970703
2019-06-19,30.5,30.84000015258789,30.389999389648438,30.84000015258789,8281000,8.431642532348633
2019-06-21,31.110000610351562,32.029998779296875,31.110000610351562,31.790000915527344,15423400,8.691372871398926
2019-06-24,31.8799991607666,32.0,31.59000015258789,31.65999984741211,8733700,8.655829429626465
2019-06-25,31.5,31.540000915527344,30.579999923706055,30.700000762939453,15188900,8.393367767333984
2019-06-26,30.309999465942383,30.920000076293945,30.25,30.549999237060547,67560800,8.35235595703125
2019-06-27,30.260000228881836,30.389999389648438,29.579999923706055,29.889999389648438,40733300,8.17191219329834
2019-06-28,30.110000610351562,30.450000762939453,29.709999084472656,30.020000457763672,15244600,8.207454681396484
2019-07-01,30.440000534057617,30.649999618530273,29.799999237060547,29.920000076293945,19745200,8.18011474609375
2019-07-02,29.860000610351562,30.0,29.200000762939453,29.469999313354492,19670800,8.057085990905762
2019-07-03,29.610000610351562,29.8799991607666,29.420000076293945,29.770000457763672,7998500,8.139104843139648
2019-07-04,30.0,30.360000610351562,30.0,30.15999984741211,6386500,8.245731353759766
2019-07-05,30.020000457763672,30.299999237060547,29.81999969482422,30.030000686645508,9364700,8.210188865661621
2019-07-08,30.079999923706055,30.610000610351562,30.010000228881836,30.610000610351562,8645300,8.368762969970703
2019-07-10,30.809999465942383,30.979999542236328,30.600000381469727,30.719999313354492,22198500,8.398836135864258
2019-07-11,30.829999923706055,31.399999618530273,30.729999542236328,31.299999237060547,13559200,8.55740737915039
2019-07-12,31.3799991607666,31.670000076293945,31.239999771118164,31.5,10042900,8.612088203430176
2019-07-15,31.610000610351562,31.610000610351562,30.959999084472656,30.969999313354492,6454700,8.467183113098145
2019-07-16,30.889999389648438,31.149999618530273,30.399999618530273,30.600000381469727,7615500,8.366026878356934
2019-07-17,30.709999084472656,30.719999313354492,30.25,30.399999618530273,6462900,8.311347007751465
2019-07-18,30.5,30.5,29.90999984741211,30.06999969482422,8938700,8.221126556396484
2019-07-19,30.09000015258789,30.190000534057617,29.84000015258789,30.059999465942383,7528900,8.218389511108398
2019-07-22,30.200000762939453,30.31999969482422,29.90999984741211,30.100000381469727,4522800,8.229327201843262
2019-07-23,30.139999389648438,30.3799991607666,29.959999084472656,30.25,8954300,8.270334243774414
2019-07-24,30.290000915527344,30.489999771118164,29.950000762939453,30.0,7511900,8.201987266540527
2019-07-25,30.110000610351562,30.200000762939453,29.31999969482422,29.459999084472656,5954300,8.054351806640625
2019-07-26,29.389999389648438,29.389999389648438,28.40999984741211,28.540000915527344,12630300,7.802822113037109
2019-07-29,28.540000915527344,28.920000076293945,28.350000381469727,28.889999389648438,6187400,7.898513317108154
2019-07-30,28.690000534057617,29.049999237060547,28.559999465942383,28.700000762939453,6561600,7.8465681076049805
2019-07-31,29.0,29.010000228881836,28.459999084472656,28.790000915527344,8380000,7.871176242828369
2019-08-01,29.040000915527344,29.200000762939453,27.860000610351562,28.350000381469727,11699000,7.750876426696777
2019-08-02,29.190000534057617,29.739999771118164,28.889999389648438,29.209999084472656,13359900,7.986001491546631
2019-08-05,28.59000015258789,28.68000030517578,27.93000030517578,28.0,12218900,7.655185222625732
2019-08-06,28.40999984741211,28.719999313354492,28.229999542236328,28.469999313354492,11442100,7.7836833000183105
2019-08-07,28.020000457763672,28.31999969482422,27.459999084472656,28.200000762939453,19222700,7.70986795425415
2019-08-08,28.770000457763672,28.8700008392334,28.34000015258789,28.8700008392334,8060900,7.893046855926514
2019-08-09,28.84000015258789,29.149999618530273,28.579999923706055,28.6200008392334,5596000,7.824694633483887
2019-08-12,28.309999465942383,28.360000610351562,27.780000686645508,27.850000381469727,6704100,7.614177703857422
2019-08-13,27.510000228881836,28.280000686645508,27.290000915527344,27.959999084472656,10398800,7.699544429779053
2019-08-14,27.5,27.6200008392334,26.950000762939453,27.100000381469727,14788200,7.4627203941345215
2019-08-15,27.1299991607666,27.200000762939453,26.309999465942383,26.5,12140300,7.297492980957031
2019-08-16,27.010000228881836,27.059999465942383,26.219999313354492,26.3799991607666,10977200,7.2644500732421875
2019-08-19,26.780000686645508,27.020000457763672,26.5,26.739999771118164,9940300,7.363584518432617
2019-08-20,26.760000228881836,26.860000610351562,26.31999969482422,26.489999771118164,6659300,7.294741630554199
2019-08-21,26.889999389648438,28.459999084472656,26.700000762939453,27.899999618530273,18364100,7.683021545410156
2019-08-22,28.010000228881836,28.260000228881836,27.530000686645508,27.6299991607666,10511800,7.608670711517334
2019-08-23,27.239999771118164,27.670000076293945,26.639999389648438,26.760000228881836,9293400,7.369093894958496
2019-08-26,26.889999389648438,27.09000015258789,26.329999923706055,26.40999984741211,11515000,7.272711753845215
2019-08-27,26.760000228881836,27.280000686645508,26.440000534057617,26.90999984741211,14794100,7.410399913787842
2019-08-28,26.799999237060547,27.350000381469727,26.799999237060547,27.100000381469727,6301800,7.4627203941345215
2019-08-29,27.399999618530273,28.1200008392334,27.299999237060547,28.1200008392334,7953000,7.743605613708496
2019-08-30,28.170000076293945,28.34000015258789,27.760000228881836,28.270000457763672,12237200,7.784911155700684
2019-09-02,28.049999237060547,28.360000610351562,27.969999313354492,27.969999313354492,4351000,7.702298641204834
2019-09-03,27.65999984741211,28.25,27.610000610351562,28.110000610351562,10024600,7.740852355957031
2019-09-04,28.540000915527344,28.979999542236328,28.520000457763672,28.81999969482422,7007700,7.9363694190979
2019-09-05,29.020000457763672,29.420000076293945,28.940000534057617,29.0,6892700,7.985936164855957
2019-09-06,29.040000915527344,29.43000030517578,28.799999237060547,29.190000534057617,4868600,8.03825855255127
2019-09-09,29.489999771118164,29.899999618530273,29.25,29.770000457763672,6406900,8.197977066040039
2019-09-10,29.940000534057617,30.299999237060547,29.649999618530273,30.0,8020800,8.261314392089844
2019-09-11,30.200000762939453,30.280000686645508,29.459999084472656,29.469999313354492,10159900,8.115365028381348
2019-09-12,29.549999237060547,29.979999542236328,29.25,29.829999923706055,9017300,8.214497566223145
2019-09-13,29.90999984741211,30.139999389648438,29.65999984741211,29.65999984741211,3886200,8.167686462402344
2019-09-16,31.149999618530273,31.299999237060547,30.510000228881836,31.0,14069800,8.536691665649414
2019-09-17,30.59000015258789,30.719999313354492,29.989999771118164,30.520000457763672,7505900,8.404509544372559
2019-09-18,30.200000762939453,30.350000381469727,30.020000457763672,30.020000457763672,5019500,8.266822814941406
2019-09-19,30.700000762939453,30.770000457763672,30.229999542236328,30.239999771118164,5682300,8.32740592956543
2019-09-20,30.420000076293945,30.440000534057617,30.079999923706055,30.31999969482422,16955900,8.349435806274414
2019-09-23,30.18000030517578,30.6299991607666,30.100000381469727,30.450000762939453,5755700,8.385232925415039
2019-09-24,30.420000076293945,30.510000228881836,29.989999771118164,30.059999465942383,4512500,8.277835845947266
2019-09-25,29.950000762939453,30.1299991607666,29.559999465942383,30.100000381469727,4482800,8.288851737976074
2019-09-26,30.110000610351562,30.459999084472656,30.0,30.350000381469727,4575900,8.357697486877441
2019-09-27,30.299999237060547,30.8700008392334,30.229999542236328,30.420000076293945,7041300,8.376971244812012
2019-09-30,30.440000534057617,30.440000534057617,30.149999618530273,30.149999618530273,5343800,8.302620887756348
2019-10-01,30.15999984741211,30.40999984741211,29.84000015258789,29.979999542236328,8273200,8.255806922912598
2019-10-02,29.6200008392334,29.770000457763672,28.799999237060547,28.899999618530273,8743500,7.958397388458252
2019-10-03,29.020000457763672,29.1200008392334,28.239999771118164,29.1200008392334,7548800,8.01898193359375
2019-10-04,29.110000610351562,29.25,28.40999984741211,28.850000381469727,9287600,7.9446306228637695
2019-10-07,28.6299991607666,28.899999618530273,28.049999237060547,28.399999618530273,6953300,7.820711135864258
2019-10-08,28.34000015258789,28.729999542236328,28.200000762939453,28.219999313354492,7389000,7.771144390106201
2019-10-09,28.520000457763672,29.100000381469727,28.40999984741211,28.93000030517578,7416300,7.966659069061279
2019-10-10,28.950000762939453,29.3700008392334,28.84000015258789,29.06999969482422,5545300,8.005212783813477
2019-10-11,29.299999237060547,29.809999465942383,29.280000686645508,29.5,7652900,8.123625755310059
2019-10-14,29.5,29.729999542236328,29.15999984741211,29.670000076293945,4020900,8.170439720153809
2019-10-15,29.700000762939453,30.299999237060547,29.65999984741211,30.06999969482422,7182300,8.28059196472168
2019-10-16,30.170000076293945,30.510000228881836,29.81999969482422,30.489999771118164,8608200,8.396248817443848
2019-10-17,30.290000915527344,30.559999465942383,29.969999313354492,30.200000762939453,6084200,8.316390037536621
2019-10-18,30.309999465942383,30.56999969482422,29.920000076293945,29.950000762939453,7788700,8.24754524230957
2019-10-21,30.010000228881836,30.350000381469727,29.969999313354492,30.350000381469727,5505500,8.357697486877441
2019-10-22,30.329999923706055,31.450000762939453,30.329999923706055,31.280000686645508,11808100,8.613797187805176
2019-10-23,31.209999084472656,31.639999389648438,31.1299991607666,31.43000030517578,7546900,8.655102729797363
2019-10-24,31.530000686645508,31.729999542236328,30.6299991607666,30.809999465942383,11793000,8.484368324279785
2019-10-25,31.690000534057617,32.279998779296875,31.530000686645508,31.709999084472656,13449200,8.732209205627441
2019-10-28,31.700000762939453,32.130001068115234,31.559999465942383,31.950000762939453,5260500,8.798298835754395
2019-10-29,31.809999465942383,32.459999084472656,31.65999984741211,32.2400016784668,9232900,8.878157615661621
2019-10-30,32.150001525878906,32.630001068115234,31.850000381469727,32.630001068115234,9577600,8.985553741455078
2019-10-31,32.400001525878906,32.77000045776367,32.029998779296875,32.70000076293945,11836000,9.004834175109863
2019-11-01,32.79999923706055,33.5099983215332,32.290000915527344,32.7400016784668,15926600,9.015847206115723
2019-11-04,33.0,33.459999084472656,32.529998779296875,32.970001220703125,20806700,9.079185485839844
2019-11-05,32.970001220703125,33.29999923706055,32.400001525878906,32.54999923706055,17111400,8.96352481842041
2019-11-06,32.91999816894531,33.650001525878906,30.81999969482422,32.40999984741211,19047600,8.92497444152832
2019-11-07,32.70000076293945,33.619998931884766,32.279998779296875,33.45000076293945,13000600,9.211366653442383
2019-11-08,32.93000030517578,33.4900016784668,32.779998779296875,32.90999984741211,15833800,9.062662124633789
2019-11-11,32.59000015258789,33.25,32.54999923706055,33.13999938964844,7051900,9.125998497009277
2019-11-12,32.65999984741211,33.290000915527344,32.52000045776367,32.52000045776367,9427300,9.00989055633545
2019-11-13,32.52000045776367,32.650001525878906,32.099998474121094,32.400001525878906,8492000,8.976645469665527
2019-11-14,32.5,32.5099983215332,31.59000015258789,31.709999084472656,8008700,8.785475730895996
2019-11-18,32.25,32.25,31.670000076293945,31.700000762939453,9177300,8.78270435333252
2019-11-19,31.850000381469727,32.04999923706055,31.1299991607666,31.25,4934600,8.658028602600098
2019-11-21,31.3799991607666,32.08000183105469,31.209999084472656,32.08000183105469,14518600,8.887986183166504
2019-11-22,32.0,32.56999969482422,31.770000457763672,32.220001220703125,8514800,8.926774978637695
2019-11-25,32.150001525878906,32.290000915527344,31.860000610351562,32.02000045776367,6650800,8.87136173248291
2019-11-26,32.02000045776367,32.09000015258789,31.1299991607666,31.389999389648438,14839500,8.696816444396973
2019-11-27,31.420000076293945,31.739999771118164,31.200000762939453,31.450000762939453,5967700,8.713438034057617
2019-11-28,31.5,31.600000381469727,30.979999542236328,31.59000015258789,5085300,8.752227783203125
2019-11-29,31.59000015258789,31.649999618530273,31.059999465942383,31.200000762939453,5221800,8.644176483154297
2019-12-02,31.469999313354492,31.6200008392334,31.049999237060547,31.15999984741211,6783200,8.633095741271973
2019-12-03,31.280000686645508,31.290000915527344,30.670000076293945,31.06999969482422,5238300,8.608160018920898
2019-12-04,31.25,31.450000762939453,31.079999923706055,31.450000762939453,7010400,8.713438034057617
2019-12-05,31.510000228881836,32.25,31.329999923706055,31.860000610351562,7744700,8.827033042907715
2019-12-06,32.0,32.56999969482422,31.899999618530273,32.06999969482422,7020100,8.885214805603027
2019-12-09,32.099998474121094,32.34000015258789,31.809999465942383,32.22999954223633,6847500,8.929545402526855
2019-12-10,32.150001525878906,32.45000076293945,31.920000076293945,32.43000030517578,4887400,8.984954833984375
2019-12-11,32.560001373291016,32.61000061035156,32.18000030517578,32.439998626708984,7466200,8.987723350524902
2019-12-12,32.61000061035156,32.97999954223633,32.380001068115234,32.869998931884766,5286800,9.106860160827637
2019-12-13,32.900001525878906,32.900001525878906,31.209999084472656,31.329999923706055,36155200,8.680191040039062
2019-12-16,31.479999542236328,31.75,30.93000030517578,31.09000015258789,17089900,8.613697052001953
2019-12-17,31.100000381469727,31.639999389648438,31.100000381469727,31.520000457763672,10286000,8.732833862304688
2019-12-18,31.3799991607666,32.400001525878906,31.360000610351562,32.349998474121094,25128000,8.962791442871094
2019-12-19,32.13999938964844,32.40999984741211,32.06999969482422,32.29999923706055,12399600,8.948938369750977
2019-12-20,32.29999923706055,32.310001373291016,31.729999542236328,31.93000030517578,21019800,8.846426963806152
2019-12-23,31.959999084472656,32.400001525878906,31.829999923706055,32.400001525878906,8071300,8.976645469665527
2019-12-26,32.400001525878906,32.689998626708984,32.38999938964844,32.689998626708984,5414500,9.056988716125488
2019-12-27,32.810001373291016,32.970001220703125,32.16999816894531,32.16999816894531,5796000,8.912919998168945
2019-12-30,32.380001068115234,32.59000015258789,31.90999984741211,32.0,5199500,8.865819931030273
2020-01-02,32.310001373291016,32.79999923706055,32.099998474121094,32.79999923706055,6660800,9.087465286254883
2020-01-03,33.0,33.22999954223633,31.989999771118164,31.989999771118164,20340400,8.863051414489746
2020-01-06,32.0,33.119998931884766,31.780000686645508,33.029998779296875,17549700,9.151187896728516
2020-01-07,32.9900016784668,33.029998779296875,32.40999984741211,32.58000183105469,5480400,9.02651596069336
2020-01-08,32.70000076293945,32.75,31.790000915527344,32.04999923706055,10030200,8.879674911499023
2020-01-09,32.099998474121094,32.36000061035156,31.829999923706055,32.22999954223633,15411600,8.929545402526855
2020-01-10,32.2599983215332,32.310001373291016,31.969999313354492,32.099998474121094,3867200,8.893525123596191
2020-01-13,32.150001525878906,32.2599983215332,31.889999389648438,32.09000015258789,6666500,8.890755653381348
2020-01-14,31.959999084472656,32.13999938964844,31.450000762939453,31.829999923706055,6752000,8.818719863891602
2020-01-15,31.600000381469727,31.670000076293945,31.100000381469727,31.1200008392334,7113300,8.6220121383667
2020-01-16,31.200000762939453,31.329999923706055,30.93000030517578,31.219999313354492,6655700,8.6497163772583
2020-01-17,31.299999237060547,31.850000381469727,31.299999237060547,31.850000381469727,13844600,8.824262619018555
2020-01-20,31.700000762939453,32.13999938964844,31.520000457763672,31.979999542236328,5121200,8.860280990600586
2020-01-21,31.719999313354492,31.84000015258789,31.020000457763672,31.020000457763672,7708800,8.594306945800781
2020-01-22,31.100000381469727,31.209999084472656,30.850000381469727,31.020000457763672,11883700,8.594306945800781
2020-01-23,30.799999237060547,31.25,30.190000534057617,31.229999542236328,14887900,8.652486801147461
2020-01-24,31.110000610351562,31.31999969482422,30.530000686645508,31.110000610351562,24097600,8.619237899780273
2020-01-27,30.229999542236328,30.31999969482422,29.520000457763672,29.799999237060547,12017100,8.256295204162598
2020-01-28,30.190000534057617,30.889999389648438,30.1200008392334,30.5,16360100,8.450235366821289
2020-01-29,30.600000381469727,30.920000076293945,30.309999465942383,30.360000610351562,14561200,8.41144847869873
2020-01-30,29.81999969482422,30.989999771118164,29.770000457763672,30.989999771118164,13531800,8.585994720458984
2020-01-31,30.530000686645508,30.739999771118164,30.079999923706055,30.350000381469727,12101800,8.408677101135254
2020-02-03,30.360000610351562,30.610000610351562,30.010000228881836,30.010000228881836,8801500,8.314477920532227
2020-02-04,30.510000228881836,31.239999771118164,30.43000030517578,30.75,18750100,8.519502639770508
2020-02-05,31.270000457763672,31.40999984741211,30.479999542236328,30.479999542236328,33161700,8.444694519042969
2020-02-06,30.899999618530273,31.989999771118164,30.549999237060547,31.299999237060547,91900100,8.671880722045898
2020-02-07,31.049999237060547,31.889999389648438,30.920000076293945,31.459999084472656,60858300,8.716211318969727
2020-02-10,31.459999084472656,31.670000076293945,30.860000610351562,31.579999923706055,137410600,8.749456405639648
2020-02-11,31.760000228881836,32.2599983215332,31.56999969482422,32.0099983215332,45207900,8.868593215942383
2020-02-12,32.36000061035156,32.68000030517578,32.060001373291016,32.54999923706055,38797800,9.018202781677246
2020-02-13,32.150001525878906,32.540000915527344,31.709999084472656,31.93000030517578,17443900,8.846426963806152
2020-02-14,32.04999923706055,32.119998931884766,31.489999771118164,31.6200008392334,13541400,8.760540008544922
2020-02-17,31.84000015258789,31.93000030517578,31.5,31.700000762939453,8665500,8.78270435333252
2020-02-18,31.329999923706055,32.04999923706055,31.079999923706055,31.940000534057617,13297300,8.849197387695312
2020-02-19,31.989999771118164,32.650001525878906,31.899999618530273,32.56999969482422,11667500,9.023744583129883
2020-02-20,32.869998931884766,33.0,31.639999389648438,31.75,23046400,8.79655647277832
2020-02-21,31.510000228881836,31.510000228881836,30.559999465942383,30.850000381469727,18867600,8.547207832336426
2020-02-26,28.709999084472656,28.790000915527344,27.670000076293945,27.780000686645508,38080200,7.696642875671387
2020-02-27,27.40999984741211,28.040000915527344,26.290000915527344,26.829999923706055,40110500,7.433437824249268
2020-02-28,26.610000610351562,27.149999618530273,25.920000076293945,27.149999618530273,38536600,7.522095203399658
2020-03-02,27.149999618530273,28.280000686645508,27.079999923706055,28.100000381469727,26816900,7.785299301147461
2020-03-03,28.040000915527344,28.860000610351562,27.100000381469727,27.5,35873100,7.619063377380371
2020-03-04,28.31999969482422,28.399999618530273,27.610000610351562,28.219999313354492,25863400,7.818544864654541
2020-03-05,27.700000762939453,27.979999542236328,26.209999084472656,26.809999465942383,27389300,7.4278950691223145
2020-03-06,25.68000030517578,25.68000030517578,23.719999313354492,24.059999465942383,56848700,6.665989398956299
2020-03-09,19.0,19.489999771118164,16.440000534057617,16.920000076293945,109454100,4.687803268432617
2020-03-10,19.450000762939453,19.75,17.100000381469727,18.360000610351562,83066000,5.086764335632324
2020-03-11,17.479999542236328,18.049999237060547,15.630000114440918,16.3700008392334,56828900,4.535421371459961
2020-03-12,13.609999656677246,13.850000381469727,11.630000114440918,12.920000076293945,51350100,3.579575538635254
2020-03-13,15.5,15.859999656677246,13.130000114440918,15.859999656677246,59680500,4.3941216468811035
2020-03-16,13.989999771118164,14.670000076293945,13.100000381469727,13.130000114440918,39799500,3.637756824493408
2020-03-17,13.65999984741211,14.109999656677246,13.0,13.079999923706055,53299000,3.623904228210449
2020-03-18,11.699999809265137,12.199999809265137,10.5,11.050000190734863,73690700,3.061478853225708
2020-03-19,11.0,13.050000190734863,10.5,12.449999809265137,68539000,3.449357748031616
2020-03-20,13.149999618530273,13.470000267028809,11.850000381469727,12.220000267028809,38966200,3.3856353759765625
2020-03-23,12.300000190734863,12.34000015258789,11.420000076293945,11.619999885559082,29323500,3.2194013595581055
2020-03-24,12.640000343322754,13.75,12.460000038146973,13.470000267028809,33763400,3.731956720352173
2020-03-25,13.449999809265137,15.039999961853027,13.220000267028809,14.550000190734863,40007400,4.031177520751953
2020-03-26,14.449999809265137,15.329999923706055,13.920000076293945,14.600000381469727,39215400,4.04503059387207
2020-03-27,13.300000190734863,13.850000381469727,13.029999732971191,13.029999732971191,50173700,3.6100518703460693
2020-03-30,12.899999618530273,13.619999885559082,12.5,13.4399995803833,47594300,3.723644733428955
2020-03-31,13.579999923706055,14.75,13.529999732971191,14.140000343322754,46418700,3.9175851345062256
2020-04-01,13.600000381469727,14.489999771118164,13.40999984741211,14.210000038146973,28742500,3.936978816986084
2020-04-02,15.390000343322754,16.65999984741211,14.920000076293945,15.430000305175781,57104700,4.274988174438477
2020-04-03,16.350000381469727,16.3799991607666,14.8100004196167,15.319999694824219,38437600,4.244511604309082
2020-04-06,16.049999237060547,16.149999618530273,15.390000343322754,16.149999618530273,38566600,4.474469184875488
2020-04-07,16.989999771118164,17.34000015258789,16.440000534057617,16.559999465942383,34378000,4.588061809539795
2020-04-08,16.6299991607666,17.860000610351562,16.540000915527344,17.5,29341000,4.848496437072754
2020-04-09,18.030000686645508,18.799999237060547,16.68000030517578,16.860000610351562,44119700,4.671178817749023
2020-04-13,17.09000015258789,17.389999389648438,16.639999389648438,17.299999237060547,24196800,4.793084621429443
2020-04-14,17.43000030517578,17.690000534057617,16.959999084472656,17.18000030517578,19421300,4.759837627410889
2020-04-15,16.350000381469727,16.84000015258789,16.209999084472656,16.6200008392334,38442400,4.604685306549072
2020-04-16,16.920000076293945,16.979999542236328,15.859999656677246,16.1299991607666,22075700,4.468928337097168
2020-04-17,16.200000762939453,16.760000228881836,15.930000305175781,16.700000762939453,24906500,4.62684965133667
2020-04-20,15.979999542236328,17.020000457763672,15.789999961853027,16.549999237060547,37175900,4.585291862487793
2020-04-22,16.399999618530273,17.15999984741211,16.350000381469727,17.149999618530273,19763600,4.751526832580566
2020-04-23,17.600000381469727,17.8799991607666,17.09000015258789,17.34000015258789,19498900,4.804166793823242
2020-04-24,17.100000381469727,17.25,15.520000457763672,16.06999969482422,39716700,4.452303886413574
2020-04-27,16.3700008392334,16.920000076293945,15.970000267028809,16.799999237060547,25446600,4.654555797576904
2020-04-28,17.489999771118164,18.020000457763672,17.110000610351562,18.020000457763672,24004700,4.992566108703613
2020-04-29,18.510000228881836,19.299999237060547,18.350000381469727,19.0,26938000,5.264081954956055
2020-04-30,18.729999542236328,19.18000030517578,18.43000030517578,18.649999618530273,23209200,5.167111873626709
2020-05-04,17.950000762939453,18.309999465942383,17.739999771118164,18.049999237060547,17952300,5.0008769035339355
2020-05-05,18.520000457763672,19.139999389648438,18.520000457763672,18.670000076293945,18728700,5.172653675079346
2020-05-06,18.75,18.81999969482422,17.899999618530273,17.940000534057617,19890500,4.970401287078857
2020-05-07,18.530000686645508,18.729999542236328,18.15999984741211,18.299999237060547,32296200,5.070141315460205
2020-05-08,18.700000762939453,19.649999618530273,18.600000381469727,19.549999237060547,21161300,5.416462421417236
2020-05-11,19.3799991607666,19.829999923706055,18.989999771118164,19.030000686645508,23059300,5.272393703460693
2020-05-12,19.3799991607666,19.56999969482422,18.8700008392334,18.8700008392334,20641000,5.228063106536865
2020-05-13,18.959999084472656,19.1299991607666,18.010000228881836,18.1299991607666,20723300,5.023041248321533
2020-05-14,17.950000762939453,17.950000762939453,17.100000381469727,17.690000534057617,33197200,4.9011359214782715
2020-05-15,18.0,18.799999237060547,17.700000762939453,17.700000762939453,34890800,4.903907775878906
2020-05-18,18.75,19.5,18.530000686645508,19.420000076293945,25804600,5.380444526672363
2020-05-19,19.489999771118164,19.850000381469727,19.229999542236328,19.299999237060547,18126400,5.347197532653809
2020-05-20,19.65999984741211,20.200000762939453,19.65999984741211,19.8799991607666,14715100,5.507891654968262
2020-05-21,20.079999923706055,20.420000076293945,19.65999984741211,19.950000762939453,19480400,5.527285099029541
2020-05-22,19.6299991607666,19.770000457763672,19.06999969482422,19.520000457763672,14356600,5.408151149749756
2020-05-25,20.459999084472656,20.459999084472656,20.209999084472656,20.34000015258789,6791800,5.635337829589844
2020-05-26,20.850000381469727,20.920000076293945,20.190000534057617,20.549999237060547,20457400,5.69351863861084
2020-05-27,20.610000610351562,20.770000457763672,19.93000030517578,20.649999618530273,17549200,5.721224784851074
2020-05-28,20.489999771118164,20.90999984741211,20.309999465942383,20.559999465942383,14941700,5.696290016174316
2020-05-29,20.31999969482422,20.84000015258789,20.059999465942383,20.84000015258789,40906600,5.773866653442383
2020-06-01,20.670000076293945,21.149999618530273,20.459999084472656,20.950000762939453,16933500,5.8043437004089355
2020-06-02,21.309999465942383,21.860000610351562,21.100000381469727,21.860000610351562,16405100,6.056464195251465
2020-06-03,22.360000610351562,22.389999389648438,21.959999084472656,22.059999465942383,18771700,6.111875534057617
2020-06-04,22.020000457763672,22.6200008392334,21.559999465942383,22.15999984741211,24417700,6.139581203460693
2020-06-05,23.0,23.829999923706055,22.809999465942383,22.850000381469727,26623200,6.330750465393066
2020-06-08,23.329999923706055,23.399999618530273,22.75,23.350000381469727,19812000,6.469276428222656
2020-06-09,22.84000015258789,22.940000534057617,22.5,22.690000534057617,18562600,6.286420822143555
2020-06-10,22.8799991607666,22.8799991607666,21.8799991607666,22.020000457763672,26428300,6.100793361663818
2020-06-12,21.049999237060547,21.770000457763672,20.700000762939453,21.239999771118164,26514800,5.884688854217529
2020-06-15,20.579999923706055,21.780000686645508,20.100000381469727,21.31999969482422,21227100,5.906852722167969
2020-06-16,22.18000030517578,22.760000228881836,21.940000534057617,22.200000762939453,22219100,6.150663375854492
2020-06-17,22.31999969482422,22.75,22.0,22.25,13697000,6.164515972137451
2020-06-18,22.059999465942383,22.700000762939453,21.940000534057617,22.600000381469727,10305800,6.2614850997924805
2020-06-19,22.989999771118164,23.209999084472656,22.139999389648438,22.280000686645508,24275800,6.172828197479248
2020-06-22,22.489999771118164,22.510000228881836,21.809999465942383,21.8700008392334,8866000,6.059234619140625
2020-06-23,22.15999984741211,23.06999969482422,22.0,22.510000228881836,13268400,6.236551284790039
2020-06-24,22.399999618530273,22.43000030517578,21.59000015258789,21.90999984741211,10911200,6.070317268371582
2020-06-25,21.84000015258789,22.3700008392334,21.579999923706055,22.3700008392334,11952600,6.197762489318848
2020-06-26,22.100000381469727,22.420000076293945,21.719999313354492,21.8799991607666,14021000,6.062004566192627
2020-06-29,22.079999923706055,22.610000610351562,21.940000534057617,22.559999465942383,10418000,6.25040340423584
2020-06-30,22.170000076293945,22.6299991607666,21.850000381469727,22.34000015258789,20251000,6.189451694488525
2020-07-01,22.5,22.979999542236328,22.260000228881836,22.360000610351562,17833100,6.194991588592529
2020-07-02,22.739999771118164,22.8700008392334,22.469999313354492,22.639999389648438,13406400,6.272568702697754
2020-07-03,22.549999237060547,22.760000228881836,22.479999542236328,22.5,3200700,6.2337799072265625
2020-07-06,22.979999542236328,23.530000686645508,22.860000610351562,23.149999618530273,15354300,6.413868427276611
2020-07-07,22.959999084472656,23.049999237060547,22.75,22.760000228881836,9997800,6.30581521987915
2020-07-08,23.0,23.450000762939453,22.950000762939453,23.31999969482422,11690600,6.46096658706665
2020-07-09,23.450000762939453,23.540000915527344,22.639999389648438,22.649999618530273,11527200,6.275338172912598
2020-07-10,22.780000686645508,23.18000030517578,22.600000381469727,23.0,8368200,6.372309684753418
2020-07-13,23.170000076293945,23.34000015258789,22.850000381469727,22.850000381469727,11151500,6.330750465393066
2020-07-14,22.84000015258789,23.81999969482422,22.540000915527344,23.639999389648438,16374800,6.549626350402832
2020-07-15,23.969999313354492,24.200000762939453,23.68000030517578,24.200000762939453,12116700,6.704777240753174
2020-07-16,23.979999542236328,24.09000015258789,23.3700008392334,23.6299991607666,12401500,6.546854019165039
2020-07-17,23.700000762939453,23.940000534057617,23.520000457763672,23.649999618530273,13702100,6.552394866943359
2020-07-20,23.639999389648438,23.729999542236328,23.31999969482422,23.5,11887100,6.510838031768799
2020-07-21,23.899999618530273,24.479999542236328,23.81999969482422,23.989999771118164,24583500,6.646594047546387
2020-07-22,23.889999389648438,24.06999969482422,23.559999465942383,23.739999771118164,15724100,6.577330112457275
2020-07-23,23.600000381469727,23.770000457763672,23.219999313354492,23.229999542236328,15366800,6.501732349395752
2020-07-24,23.270000457763672,23.690000534057617,23.049999237060547,23.329999923706055,11202000,6.529719829559326
2020-07-27,23.440000534057617,23.850000381469727,23.010000228881836,23.770000457763672,10020200,6.652870178222656
2020-07-28,23.59000015258789,23.8799991607666,23.309999465942383,23.389999389648438,9507300,6.54651403427124
2020-07-29,23.549999237060547,23.8700008392334,23.450000762939453,23.829999923706055,9032300,6.669663906097412
2020-07-30,23.549999237060547,23.639999389648438,23.030000686645508,23.31999969482422,13691300,6.526921272277832
2020-07-31,23.450000762939453,23.780000686645508,22.59000015258789,22.700000762939453,25323500,6.353393077850342
2020-08-03,22.969999313354492,23.079999923706055,22.329999923706055,22.34000015258789,16561200,6.252634525299072
2020-08-04,22.1299991607666,22.670000076293945,21.940000534057617,22.309999465942383,16586800,6.244239330291748
2020-08-05,22.75,23.8700008392334,22.700000762939453,23.75,44277000,6.64727258682251
2020-08-06,23.780000686645508,24.170000076293945,23.639999389648438,23.829999923706055,17470300,6.669663906097412
2020-08-07,23.559999465942383,23.6200008392334,23.110000610351562,23.309999465942383,16420700,6.524123191833496
2020-08-10,23.40999984741211,24.1299991607666,23.149999618530273,24.100000381469727,16654100,6.745232105255127
2020-08-11,24.270000457763672,24.610000610351562,23.690000534057617,23.690000534057617,15138500,6.63047981262207
2020-08-12,24.0,24.229999542236328,23.700000762939453,24.049999237060547,14834600,6.73123836517334
2020-08-13,24.100000381469727,24.18000030517578,23.200000762939453,23.34000015258789,11957400,6.532520294189453
2020-08-14,23.299999237060547,23.540000915527344,23.15999984741211,23.25,12297300,6.507330417633057
2020-08-17,23.219999313354492,23.399999618530273,22.799999237060547,23.260000228881836,11937500,6.510128974914551
2020-08-18,23.549999237060547,23.899999618530273,23.360000610351562,23.610000610351562,13219200,6.608089447021484
2020-08-19,23.600000381469727,24.030000686645508,23.360000610351562,23.510000228881836,17315000,6.580100059509277
2020-08-20,23.170000076293945,23.549999237060547,22.90999984741211,23.260000228881836,19591900,6.510128974914551
2020-08-21,23.149999618530273,23.209999084472656,22.829999923706055,23.079999923706055,12868800,6.4597487449646
2020-08-24,23.3799991607666,23.719999313354492,23.329999923706055,23.540000915527344,15004200,6.588497161865234
2020-08-25,23.690000534057617,23.75,23.25,23.43000030517578,8217700,6.557708740234375
2020-08-26,23.31999969482422,23.469999313354492,22.610000610351562,22.760000228881836,13088700,6.3701863288879395
2020-08-27,22.81999969482422,23.040000915527344,22.579999923706055,22.649999618530273,11909800,6.339399337768555
2020-08-28,22.75,23.110000610351562,22.56999969482422,23.110000610351562,12865800,6.468146324157715
2020-08-31,22.90999984741211,22.979999542236328,22.31999969482422,22.31999969482422,19268400,6.247035980224609
2020-09-01,22.649999618530273,23.420000076293945,22.579999923706055,23.360000610351562,16551800,6.5381178855896
2020-09-02,23.43000030517578,23.610000610351562,22.93000030517578,23.299999237060547,15584800,6.521322727203369
2020-09-03,23.110000610351562,23.690000534057617,23.0,23.299999237060547,25692800,6.521322727203369
2020-09-04,23.299999237060547,23.489999771118164,22.90999984741211,23.329999923706055,39603600,6.529719829559326
2020-09-08,22.8799991607666,22.889999389648438,22.170000076293945,22.520000457763672,25332200,6.303014755249023
2020-09-09,22.760000228881836,23.079999923706055,22.700000762939453,23.020000457763672,16878600,6.442956924438477
2020-09-10,22.81999969482422,22.8700008392334,22.149999618530273,22.149999618530273,23363000,6.199456691741943
2020-09-11,22.059999465942383,22.34000015258789,21.829999923706055,22.040000915527344,32838100,6.1686692237854
2020-09-14,22.06999969482422,22.15999984741211,21.520000457763672,21.81999969482422,17258800,6.1070942878723145
2020-09-15,22.170000076293945,22.170000076293945,21.700000762939453,21.8700008392334,11694700,6.12108850479126
2020-09-16,22.079999923706055,22.290000915527344,21.729999542236328,21.950000762939453,15243600,6.1434783935546875
2020-09-17,21.719999313354492,22.440000534057617,21.700000762939453,22.440000534057617,19604800,6.280623435974121
2020-09-18,22.190000534057617,22.399999618530273,21.790000915527344,21.940000534057617,28690200,6.140681743621826
2020-09-21,21.6299991607666,21.760000228881836,21.1200008392334,21.280000686645508,18287300,5.95595645904541
2020-09-22,21.31999969482422,21.690000534057617,21.149999618530273,21.270000457763672,16150700,5.953157901763916
2020-09-23,21.270000457763672,21.469999313354492,20.75,20.75,20264800,5.807616710662842
2020-09-24,20.780000686645508,21.219999313354492,20.559999465942383,20.899999618530273,19709300,5.849599838256836
2020-09-25,20.690000534057617,20.860000610351562,20.399999618530273,20.68000030517578,10833600,5.788025856018066
2020-09-28,20.84000015258789,21.040000915527344,20.18000030517578,20.18000030517578,20936100,5.648082256317139
2020-09-29,20.149999618530273,20.280000686645508,19.56999969482422,19.610000610351562,17702700,5.488547325134277
2020-09-30,19.75,20.25,19.75,19.770000457763672,22725300,5.533329963684082
2020-10-01,19.799999237060547,20.09000015258789,19.239999771118164,19.950000762939453,30235400,5.583709239959717
2020-10-02,19.799999237060547,19.799999237060547,19.18000030517578,19.18000030517578,23539800,5.368197917938232
2020-10-05,19.5,20.25,19.3700008392334,20.1200008392334,23219600,5.631289958953857
2020-10-06,20.530000686645508,20.790000915527344,19.989999771118164,19.989999771118164,16227900,5.594903945922852
2020-10-07,20.09000015258789,20.1200008392334,19.610000610351562,19.90999984741211,13911100,5.572514057159424
2020-10-08,20.18000030517578,20.6299991607666,19.959999084472656,20.59000015258789,25522600,5.762834072113037
2020-10-09,20.440000534057617,20.469999313354492,19.889999389648438,19.90999984741211,19644400,5.572514057159424
2020-10-13,19.979999542236328,20.170000076293945,19.770000457763672,20.1299991607666,14042000,5.634088516235352
2020-10-14,20.1200008392334,20.459999084472656,20.010000228881836,20.010000228881836,13848200,5.600503921508789
2020-10-15,19.649999618530273,19.84000015258789,19.459999084472656,19.790000915527344,15960200,5.53892707824707
2020-10-16,19.799999237060547,19.799999237060547,19.299999237060547,19.299999237060547,13771800,5.401782989501953
2020-10-19,19.420000076293945,19.93000030517578,19.270000457763672,19.510000228881836,16348400,5.4605584144592285
2020-10-20,19.559999465942383,20.299999237060547,19.530000686645508,20.18000030517578,19118100,5.648082256317139
2020-10-21,20.15999984741211,20.309999465942383,19.799999237060547,20.170000076293945,15932500,5.645284652709961
2020-10-22,20.170000076293945,20.81999969482422,20.030000686645508,20.809999465942383,20037400,5.824410915374756
2020-10-23,20.850000381469727,21.06999969482422,20.43000030517578,20.489999771118164,20676500,5.734846591949463
2020-10-26,20.290000915527344,20.5,19.93000030517578,20.200000762939453,11999300,5.65368127822876
2020-10-27,20.200000762939453,20.31999969482422,19.780000686645508,19.860000610351562,15695700,5.5585198402404785
2020-10-28,19.3799991607666,19.440000534057617,18.639999389648438,18.639999389648438,31146900,5.217059135437012
2020-10-29,18.530000686645508,19.440000534057617,17.739999771118164,19.329999923706055,23623300,5.41018009185791
2020-10-30,19.100000381469727,19.56999969482422,18.940000534057617,19.0,19693000,5.3178181648254395
2020-11-03,19.549999237060547,19.920000076293945,19.440000534057617,19.75,19668700,5.527731895446777
2020-11-04,20.049999237060547,20.1299991607666,19.31999969482422,19.84000015258789,17728100,5.552921295166016
2020-11-05,20.06999969482422,20.09000015258789,19.760000228881836,19.940000534057617,11439300,5.580909729003906
2020-11-06,19.6299991607666,19.979999542236328,19.59000015258789,19.8700008392334,13781400,5.5613179206848145
2020-11-09,21.010000228881836,22.479999542236328,21.010000228881836,21.899999618530273,40041000,6.129485130310059
2020-11-10,22.100000381469727,23.729999542236328,22.0,23.639999389648438,53205100,6.616486072540283
2020-11-11,23.760000228881836,23.829999923706055,23.020000457763672,23.6200008392334,27960500,6.6108880043029785
2020-11-12,23.350000381469727,23.520000457763672,22.510000228881836,22.649999618530273,19722100,6.339399337768555
2020-11-13,22.700000762939453,23.479999542236328,22.6299991607666,23.18000030517578,23908600,6.487739562988281
2020-11-16,23.790000915527344,24.31999969482422,23.65999984741211,23.93000030517578,22384300,6.697652339935303
2020-11-17,23.649999618530273,24.709999084472656,23.549999237060547,24.200000762939453,22034300,6.773221969604492
2020-11-18,24.510000228881836,24.81999969482422,24.209999084472656,24.229999542236328,24001000,6.781617641448975
2020-11-19,24.299999237060547,24.649999618530273,24.06999969482422,24.450000762939453,13929500,6.843192100524902
2020-11-23,24.75,25.479999542236328,24.75,25.479999542236328,22774000,7.131474018096924
2020-11-24,26.030000686645508,27.1200008392334,25.989999771118164,26.84000015258789,23024600,7.512117862701416
2020-11-25,26.709999084472656,27.0,26.190000534057617,26.65999984741211,15680800,7.461738109588623
2020-11-26,26.40999984741211,26.43000030517578,25.959999084472656,26.25,11803100,7.346985816955566
2020-11-27,26.43000030517578,26.5,25.899999618530273,25.899999618530273,14340100,7.249026298522949
2020-11-30,25.709999084472656,26.34000015258789,25.540000915527344,25.549999237060547,33606700,7.151065349578857
2020-12-01,25.979999542236328,26.399999618530273,25.920000076293945,26.299999237060547,12790700,7.360979080200195
2020-12-02,26.290000915527344,27.239999771118164,26.030000686645508,26.65999984741211,16340300,7.461738109588623
2020-12-03,26.8700008392334,27.639999389648438,26.690000534057617,27.200000762939453,14481900,7.6128764152526855
2020-12-04,27.709999084472656,28.290000915527344,27.700000762939453,28.100000381469727,16206300,7.864773273468018
2020-12-07,28.0,28.229999542236328,27.260000228881836,27.469999313354492,14894400,7.6884446144104
2020-12-08,27.31999969482422,27.739999771118164,27.149999618530273,27.229999542236328,8495000,7.621272563934326
2020-12-09,27.229999542236328,27.520000457763672,26.959999084472656,27.260000228881836,18354800,7.629670143127441
2020-12-10,27.479999542236328,28.719999313354492,27.40999984741211,28.25,21953100,7.906756401062012
2020-12-11,28.059999465942383,28.200000762939453,27.68000030517578,28.010000228881836,13098800,7.839585781097412
2020-12-14,28.459999084472656,28.56999969482422,27.799999237060547,27.889999389648438,15227000,7.805997371673584
2020-12-15,27.889999389648438,28.420000076293945,27.860000610351562,28.25,11595600,7.906756401062012
2020-12-16,28.280000686645508,28.829999923706055,27.93000030517578,28.559999465942383,19478300,7.993521690368652
2020-12-17,28.6299991607666,29.040000915527344,28.530000686645508,28.920000076293945,9853700,8.094280242919922
2020-12-18,28.790000915527344,29.040000915527344,28.549999237060547,28.6200008392334,9994200,8.01031494140625
2020-12-21,27.649999618530273,27.989999771118164,27.3700008392334,27.559999465942383,12692700,7.713634490966797
2020-12-22,27.760000228881836,28.09000015258789,27.59000015258789,27.84000015258789,8388700,7.7920026779174805
2020-12-23,27.969999313354492,28.920000076293945,27.969999313354492,28.440000534057617,5874900,7.959935188293457
2020-12-28,28.799999237060547,29.1299991607666,28.6299991607666,28.649999618530273,7255700,8.018709182739258
2020-12-29,28.799999237060547,28.940000534057617,28.40999984741211,28.670000076293945,7363400,8.024307250976562
2020-12-30,28.850000381469727,29.09000015258789,28.75,28.850000381469727,20928700,8.074687957763672
2021-01-04,29.139999389648438,29.739999771118164,29.010000228881836,29.5,16486300,8.256612777709961
2021-01-05,29.459999084472656,30.59000015258789,28.920000076293945,30.399999618530273,20245000,8.508508682250977
2021-01-06,30.5,31.25,30.489999771118164,30.75,23213000,8.606470108032227
2021-01-07,30.920000076293945,31.75,30.920000076293945,31.649999618530273,16348700,8.858366966247559
2021-01-08,31.8799991607666,32.34000015258789,31.030000686645508,31.59000015258789,17349000,8.841572761535645
2021-01-11,31.1200008392334,31.600000381469727,30.979999542236328,31.290000915527344,12810900,8.757606506347656
2021-01-12,31.68000030517578,31.969999313354492,31.059999465942383,31.18000030517578,16516300,8.726818084716797
2021-01-13,31.170000076293945,31.280000686645508,29.489999771118164,29.739999771118164,23270300,8.323784828186035
2021-01-14,29.770000457763672,30.040000915527344,29.280000686645508,29.860000610351562,16531800,8.35737133026123
2021-01-15,29.479999542236328,29.520000457763672,28.649999618530273,28.809999465942383,20426200,8.063491821289062
2021-01-18,28.889999389648438,29.479999542236328,28.75,28.760000228881836,10070500,8.04949951171875
2021-01-19,29.18000030517578,29.239999771118164,28.389999389648438,29.1200008392334,11002100,8.15025520324707
2021-01-20,29.350000381469727,29.56999969482422,28.59000015258789,28.6299991607666,9105100,8.013111114501953
2021-01-21,28.530000686645508,28.93000030517578,28.030000686645508,28.09000015258789,9540100,7.861975193023682
2021-01-22,27.489999771118164,27.90999984741211,27.15999984741211,27.729999542236328,19675600,7.761215686798096
2021-01-26,27.850000381469727,28.440000534057617,27.510000228881836,27.600000381469727,19726900,7.72482967376709
2021-01-27,27.299999237060547,28.670000076293945,27.09000015258789,27.979999542236328,16528600,7.8311896324157715
2021-01-28,27.84000015258789,28.959999084472656,27.84000015258789,28.600000381469727,13571100,8.004716873168945
2021-01-29,28.229999542236328,28.3700008392334,27.329999923706055,27.329999923706055,17428900,7.649259567260742
2021-02-01,27.809999465942383,28.31999969482422,27.479999542236328,28.110000610351562,16133200,7.8675713539123535
2021-02-02,28.889999389648438,29.809999465942383,28.690000534057617,29.079999923706055,22197200,8.139060020446777
2021-02-03,29.350000381469727,29.579999923706055,29.06999969482422,29.299999237060547,18113900,8.200634956359863
2021-02-04,29.280000686645508,29.450000762939453,28.75,29.270000457763672,9732200,8.192241668701172
2021-02-05,29.309999465942383,30.709999084472656,29.010000228881836,29.68000030517578,29591900,8.306991577148438
2021-02-08,29.170000076293945,29.84000015258789,28.149999618530273,28.450000762939453,30213000,7.962732315063477
2021-02-09,28.3799991607666,28.75,27.68000030517578,27.709999084472656,23255400,7.755619049072266
2021-02-10,27.979999542236328,28.290000915527344,27.360000610351562,28.049999237060547,14690800,7.850778579711914
2021-02-11,28.299999237060547,28.670000076293945,28.110000610351562,28.309999465942383,19893800,7.923550128936768
2021-02-12,28.309999465942383,28.59000015258789,27.8799991607666,28.5,10835200,7.976726055145264
2021-02-17,28.530000686645508,29.700000762939453,28.280000686645508,29.68000030517578,16008200,8.306991577148438
2021-02-18,30.5,30.950000762939453,29.209999084472656,29.43000030517578,26443000,8.237019538879395
2021-02-19,28.25,28.469999313354492,26.940000534057617,27.100000381469727,66820000,7.584887504577637
2021-02-22,22.5,22.770000457763672,21.350000381469727,21.549999237060547,132375800,6.031524658203125
2021-02-23,23.0,23.770000457763672,22.610000610351562,23.479999542236328,135100700,6.571703910827637
2021-02-24,24.040000915527344,24.40999984741211,23.420000076293945,23.780000686645508,59529900,6.655669212341309
2021-02-25,24.5,24.81999969482422,22.709999084472656,22.940000534057617,58890700,6.420567035675049
2021-02-26,22.8700008392334,23.06999969482422,21.959999084472656,22.149999618530273,47419800,6.199456691741943
2021-03-01,22.65999984741211,22.899999618530273,21.989999771118164,22.010000228881836,40852500,6.160273551940918
2021-03-02,21.899999618530273,22.229999542236328,20.739999771118164,21.90999984741211,52848600,6.132284164428711
2021-03-03,21.700000762939453,21.889999389648438,20.600000381469727,20.969999313354492,55664000,5.869191646575928
2021-03-04,21.1200008392334,22.1299991607666,20.93000030517578,21.8700008392334,47489800,6.12108850479126
2021-03-05,22.149999618530273,22.799999237060547,21.790000915527344,22.059999465942383,43166600,6.174267768859863
2021-03-08,21.700000762939453,21.989999771118164,20.8700008392334,21.0,40592700,5.877588748931885
2021-03-09,21.139999389648438,21.899999618530273,20.780000686645508,21.389999389648438,33864000,5.986741542816162
2021-03-10,21.690000534057617,22.290000915527344,21.469999313354492,22.290000915527344,33131800,6.238640308380127
2021-03-11,22.5,23.149999618530273,22.440000534057617,22.950000762939453,39160900,6.423365592956543
2021-03-12,22.809999465942383,23.079999923706055,22.489999771118164,22.700000762939453,19890600,6.353393077850342
2021-03-15,22.739999771118164,23.260000228881836,22.639999389648438,23.260000228881836,17028300,6.510128974914551
2021-03-16,23.139999389648438,23.219999313354492,22.760000228881836,22.90999984741211,15310200,6.412168502807617
2021-03-17,22.8799991607666,23.760000228881836,22.649999618530273,23.639999389648438,25962600,6.616486072540283
2021-03-18,23.399999618530273,23.520000457763672,22.760000228881836,22.969999313354492,26139300,6.428961753845215
2021-03-19,22.979999542236328,23.6200008392334,22.780000686645508,23.520000457763672,37789800,6.58289909362793
2021-03-22,23.229999542236328,23.309999465942383,22.770000457763672,23.079999923706055,18776800,6.4597487449646
2021-03-23,22.809999465942383,23.25,22.549999237060547,22.549999237060547,15989200,6.311410427093506
2021-03-24,22.770000457763672,23.31999969482422,22.530000686645508,22.530000686645508,22253300,6.305812835693359
2021-03-25,22.3799991607666,23.1200008392334,21.979999542236328,22.959999084472656,23611500,6.4261627197265625
2021-03-26,23.200000762939453,23.780000686645508,22.959999084472656,23.299999237060547,21935500,6.521322727203369
2021-03-29,23.09000015258789,23.65999984741211,23.09000015258789,23.649999618530273,16628800,6.619283676147461
2021-03-30,23.360000610351562,23.81999969482422,23.360000610351562,23.579999923706055,15046700,6.599692344665527
2021-03-31,23.59000015258789,24.1200008392334,23.540000915527344,23.940000534057617,16817600,6.700451374053955
2021-04-01,24.1299991607666,24.18000030517578,23.469999313354492,23.6200008392334,17294200,6.6108880043029785
2021-04-05,23.799999237060547,23.950000762939453,23.530000686645508,23.8700008392334,13356000,6.680859088897705
2021-04-06,23.899999618530273,24.139999389648438,23.59000015258789,23.690000534057617,15745800,6.63047981262207
2021-04-07,23.59000015258789,24.059999465942383,23.56999969482422,23.799999237060547,22334400,6.661266803741455
2021-04-08,23.770000457763672,23.809999465942383,23.209999084472656,23.399999618530273,21325900,6.549312591552734
2021-04-09,23.139999389648438,23.6200008392334,23.09000015258789,23.5,21537900,6.577301502227783
2021-04-12,23.600000381469727,24.229999542236328,23.59000015258789,23.739999771118164,13987300,6.644473075866699
2021-04-13,23.75,23.940000534057617,23.530000686645508,23.739999771118164,17292200,6.644473075866699
2021-04-14,23.860000610351562,24.43000030517578,23.670000076293945,24.1200008392334,26209700,6.750830173492432
2021-04-15,23.510000228881836,23.610000610351562,22.860000610351562,22.920000076293945,15755200,6.632995128631592
2021-04-16,22.809999465942383,23.1299991607666,22.43000030517578,22.649999618530273,38648600,6.554861545562744
2021-04-19,22.649999618530273,24.290000915527344,22.479999542236328,23.790000915527344,53749800,6.8847737312316895
2021-04-20,23.809999465942383,24.010000228881836,23.110000610351562,23.200000762939453,32032000,6.714028835296631
2021-04-22,23.510000228881836,23.540000915527344,23.110000610351562,23.209999084472656,17247700,6.716922760009766
2021-04-23,23.360000610351562,23.40999984741211,23.010000228881836,23.270000457763672,16676900,6.734286308288574
2021-04-26,23.350000381469727,23.579999923706055,23.18000030517578,23.299999237060547,11732500,6.7429680824279785
2021-04-27,23.350000381469727,23.639999389648438,22.6200008392334,22.739999771118164,22021900,6.580906391143799
2021-04-28,22.959999084472656,23.6200008392334,22.93000030517578,23.549999237060547,19082500,6.815318584442139
2021-04-29,23.690000534057617,23.899999618530273,22.860000610351562,23.079999923706055,18139100,6.679300308227539
2021-04-30,22.889999389648438,23.40999984741211,22.780000686645508,23.100000381469727,27333100,6.685089588165283
2021-05-03,23.170000076293945,23.260000228881836,22.770000457763672,23.010000228881836,15331500,6.659043312072754
2021-05-04,23.059999465942383,23.260000228881836,22.479999542236328,22.479999542236328,15023900,6.505661964416504
2021-05-05,22.760000228881836,23.56999969482422,22.68000030517578,23.399999618530273,21290700,6.771908283233643
2021-05-06,23.25,23.440000534057617,23.0,23.06999969482422,12919700,6.676407814025879
2021-05-07,23.219999313354492,23.93000030517578,23.040000915527344,23.93000030517578,21358800,6.925289630889893
2021-05-10,24.209999084472656,24.459999084472656,24.030000686645508,24.229999542236328,21003500,7.012109279632568
2021-05-11,23.90999984741211,24.600000381469727,23.84000015258789,24.549999237060547,18213400,7.104715824127197
2021-05-12,24.360000610351562,24.8700008392334,24.229999542236328,24.239999771118164,18141800,7.0150017738342285
2021-05-13,24.34000015258789,24.579999923706055,23.950000762939453,24.5,15503000,7.090246200561523
2021-05-14,25.200000762939453,25.729999542236328,25.030000686645508,25.639999389648438,21194500,7.420158863067627
2021-05-17,25.6200008392334,25.940000534057617,25.549999237060547,25.940000534057617,11417200,7.5069780349731445
2021-05-18,25.950000762939453,26.049999237060547,25.489999771118164,25.600000381469727,14226100,7.4085822105407715
2021-05-19,25.190000534057617,25.59000015258789,25.079999923706055,25.520000457763672,13930700,7.38543176651001
2021-05-20,25.489999771118164,25.579999923706055,25.010000228881836,25.170000076293945,12138100,7.2841410636901855
2021-05-21,25.280000686645508,25.530000686645508,25.239999771118164,25.420000076293945,17829100,7.356492042541504
2021-05-24,25.68000030517578,25.75,25.290000915527344,25.68000030517578,14621400,7.431735992431641
2021-05-25,25.700000762939453,25.81999969482422,25.1299991607666,25.219999313354492,19370700,7.298613548278809
2021-05-26,25.280000686645508,25.469999313354492,25.020000457763672,25.450000762939453,10711300,7.365174293518066
2021-05-27,25.3700008392334,25.600000381469727,25.059999465942383,25.25,20444900,7.307294845581055
2021-05-28,25.5,26.760000228881836,25.5,26.709999084472656,47632100,7.729813575744629
2021-05-31,26.709999084472656,26.860000610351562,26.420000076293945,26.649999618530273,20413800,7.712450981140137
2021-06-01,27.200000762939453,27.479999542236328,26.770000457763672,27.229999542236328,29437700,7.880300998687744
2021-06-02,27.290000915527344,28.59000015258789,27.25,28.579999923706055,44727900,8.270989418029785
2021-06-04,28.59000015258789,29.290000915527344,28.350000381469727,28.93000030517578,42167500,8.372279167175293
2021-06-07,28.959999084472656,29.1299991607666,28.479999542236328,28.719999313354492,39270400,8.311504364013672
2021-06-08,28.489999771118164,29.559999465942383,28.440000534057617,29.40999984741211,51187500,8.511189460754395
2021-06-09,29.440000534057617,29.940000534057617,29.299999237060547,29.510000228881836,26326900,8.540128707885742
2021-06-10,29.610000610351562,29.8799991607666,29.389999389648438,29.56999969482422,18571600,8.557491302490234
2021-06-11,29.579999923706055,29.700000762939453,29.06999969482422,29.299999237060547,15355500,8.479354858398438
2021-06-14,29.610000610351562,29.989999771118164,29.1200008392334,29.260000228881836,17589000,8.467781066894531
2021-06-15,29.440000534057617,29.579999923706055,29.079999923706055,29.469999313354492,11804900,8.528553009033203
2021-06-16,29.59000015258789,29.790000915527344,29.1200008392334,29.56999969482422,27586600,8.557491302490234
2021-06-17,29.489999771118164,29.649999618530273,28.3700008392334,28.65999984741211,17692600,8.29414176940918
2021-06-18,28.469999313354492,28.760000228881836,28.110000610351562,28.739999771118164,20238900,8.317291259765625
2021-06-21,28.829999923706055,29.450000762939453,28.790000915527344,29.34000015258789,9180700,8.490931510925293
2021-06-22,29.31999969482422,29.579999923706055,28.899999618530273,29.3700008392334,14020000,8.499612808227539
2021-06-23,29.479999542236328,29.8799991607666,29.190000534057617,29.440000534057617,11843000,8.51987075805664
2021-06-24,29.790000915527344,30.010000228881836,29.43000030517578,29.889999389648438,13328500,8.65009880065918
2021-06-25,29.920000076293945,30.15999984741211,29.299999237060547,29.40999984741211,18279900,8.511189460754395
2021-06-28,29.489999771118164,29.559999465942383,29.020000457763672,29.280000686645508,11154700,8.473567008972168
2021-06-29,29.31999969482422,29.760000228881836,29.0,29.68000030517578,18376200,8.58932876586914
2021-06-30,29.600000381469727,30.489999771118164,29.469999313354492,30.290000915527344,38599800,8.765859603881836
2021-07-01,30.540000915527344,30.84000015258789,29.56999969482422,29.760000228881836,14822500,8.612478256225586
2021-07-02,30.110000610351562,30.110000610351562,29.40999984741211,30.030000686645508,10708800,8.690618515014648
2021-07-05,29.709999084472656,29.979999542236328,29.219999313354492,29.690000534057617,9676800,8.592222213745117
2021-07-06,29.40999984741211,29.649999618530273,28.579999923706055,28.579999923706055,26086000,8.270989418029785
2021-07-07,28.989999771118164,28.989999771118164,28.280000686645508,28.729999542236328,15385400,8.314399719238281
2021-07-08,28.100000381469727,28.549999237060547,28.0,28.15999984741211,13636300,8.14944076538086
2021-07-12,28.399999618530273,28.600000381469727,28.0,28.450000762939453,12806700,8.233368873596191
2021-07-13,28.329999923706055,28.68000030517578,28.040000915527344,28.559999465942383,8356500,8.2652006149292
2021-07-14,28.860000610351562,28.989999771118164,28.190000534057617,28.3700008392334,15431200,8.210216522216797
2021-07-15,28.280000686645508,28.389999389648438,27.59000015258789,27.700000762939453,14057500,8.016317367553711
2021-07-16,27.899999618530273,27.959999084472656,26.989999771118164,27.170000076293945,13025200,7.8629374504089355
2021-07-19,26.440000534057617,26.93000030517578,26.329999923706055,26.850000381469727,15763200,7.77032995223999
2021-07-20,26.6299991607666,27.56999969482422,26.3700008392334,27.290000915527344,13316700,7.897666931152344
2021-07-21,27.459999084472656,28.0,27.25,27.729999542236328,12603000,8.025001525878906
2021-07-22,27.739999771118164,27.950000762939453,27.389999389648438,27.770000457763672,6989400,8.036578178405762
2021-07-23,27.899999618530273,27.920000076293945,27.270000457763672,27.399999618530273,7828900,7.929498672485352
2021-07-26,27.34000015258789,28.040000915527344,27.299999237060547,27.950000762939453,10639300,8.088667869567871
2021-07-27,27.90999984741211,27.989999771118164,27.530000686645508,27.829999923706055,7616200,8.053939819335938
2021-07-28,28.030000686645508,28.440000534057617,27.690000534057617,28.34000015258789,12508600,8.201532363891602
2021-07-29,28.31999969482422,28.420000076293945,28.0,28.229999542236328,6722500,8.169700622558594
2021-07-30,28.030000686645508,28.25,27.479999542236328,27.5,16455300,7.958439350128174
2021-08-02,27.639999389648438,28.219999313354492,27.239999771118164,27.239999771118164,18167000,7.883194923400879
2021-08-03,27.299999237060547,27.700000762939453,26.65999984741211,27.700000762939453,14480700,8.016317367553711
2021-08-04,27.530000686645508,27.59000015258789,26.440000534057617,26.700000762939453,21499300,7.7269206047058105
2021-08-05,29.059999465942383,29.899999618530273,28.540000915527344,29.270000457763672,56764100,8.470674514770508
2021-08-06,29.270000457763672,29.389999389648438,28.799999237060547,29.110000610351562,14207700,8.424370765686035
2021-08-09,28.799999237060547,28.950000762939453,28.350000381469727,28.84000015258789,16383300,8.346230506896973
2021-08-10,29.049999237060547,29.489999771118164,28.829999923706055,28.850000381469727,13708300,8.34912395477295
2021-08-11,28.809999465942383,29.600000381469727,28.610000610351562,29.299999237060547,13417700,8.479354858398438
2021-08-12,29.40999984741211,29.75,29.15999984741211,29.459999084472656,14101100,8.525657653808594
2021-08-13,29.469999313354492,30.049999237060547,29.3700008392334,29.920000076293945,14005900,8.658781051635742
2021-08-16,29.780000686645508,29.780000686645508,28.93000030517578,29.350000381469727,14341000,8.493825912475586
2021-08-17,27.40999984741211,28.450000762939453,27.34000015258789,27.75,20573000,8.496859550476074
2021-08-18,27.829999923706055,28.079999923706055,27.389999389648438,27.420000076293945,15096100,8.395816802978516
2021-08-19,27.010000228881836,27.420000076293945,26.850000381469727,27.15999984741211,13268300,8.316205978393555
2021-08-20,27.0,27.15999984741211,26.610000610351562,27.149999618530273,12420500,8.31314468383789
2021-08-23,27.520000457763672,28.06999969482422,27.299999237060547,28.059999465942383,21931900,8.591778755187988
2021-08-24,28.229999542236328,28.3799991607666,28.049999237060547,28.3799991607666,9774200,8.689762115478516
2021-08-25,28.299999237060547,28.469999313354492,28.100000381469727,28.450000762939453,9107100,8.711195945739746
2021-08-26,28.170000076293945,28.649999618530273,28.15999984741211,28.219999313354492,17813300,8.640769958496094
2021-08-27,28.40999984741211,29.110000610351562,28.3700008392334,29.079999923706055,10210800,8.904095649719238
2021-08-30,28.8799991607666,29.260000228881836,28.65999984741211,28.719999313354492,15703900,8.793868064880371
2021-08-31,28.709999084472656,28.780000686645508,27.729999542236328,27.920000076293945,30637100,8.54891300201416
2021-09-01,28.100000381469727,28.1200008392334,27.110000610351562,27.770000457763672,18159400,8.502984046936035
2021-09-02,27.600000381469727,28.239999771118164,27.290000915527344,27.290000915527344,15610800,8.356011390686035
2021-09-03,27.3700008392334,27.469999313354492,26.979999542236328,27.299999237060547,34286600,8.359071731567383
2021-09-06,27.15999984741211,27.579999923706055,27.030000686645508,27.3700008392334,7621100,8.380509376525879
2021-09-08,27.239999771118164,27.260000228881836,25.770000457763672,25.850000381469727,26766100,7.915093421936035
2021-09-09,26.18000030517578,26.540000915527344,25.079999923706055,26.09000015258789,40726600,7.9885783195495605
2021-09-10,26.649999618530273,26.75,26.030000686645508,26.06999969482422,16917300,7.982455253601074
2021-09-13,26.639999389648438,27.06999969482422,26.329999923706055,26.8799991607666,8394200,8.230470657348633
2021-09-14,26.549999237060547,26.8799991607666,26.3700008392334,26.68000030517578,12296700,8.169231414794922
2021-09-15,26.75,27.299999237060547,26.6200008392334,26.969999313354492,12428700,8.258028984069824
2021-09-16,26.8700008392334,26.940000534057617,26.239999771118164,26.719999313354492,9982400,8.181480407714844
2021-09-17,26.610000610351562,26.700000762939453,25.5,25.5,31723100,7.807926177978516
2021-09-20,24.84000015258789,25.239999771118164,24.5,25.229999542236328,20098700,7.725252151489258
2021-09-21,25.479999542236328,25.84000015258789,25.15999984741211,25.6299991607666,11818300,7.8477325439453125
2021-09-22,25.940000534057617,26.739999771118164,25.940000534057617,26.459999084472656,12562500,8.1018705368042
2021-09-23,26.459999084472656,27.559999465942383,26.459999084472656,27.559999465942383,14710700,8.438681602478027
2021-09-24,27.350000381469727,27.84000015258789,27.149999618530273,27.559999465942383,12849300,8.438681602478027
2021-09-27,27.690000534057617,28.3799991607666,27.350000381469727,27.989999771118164,19582400,8.570348739624023
2021-09-28,27.940000534057617,28.829999923706055,27.610000610351562,27.75,16663600,8.496859550476074
2021-09-29,28.010000228881836,28.389999389648438,27.549999237060547,28.170000076293945,27541000,8.62546157836914
2021-09-30,28.329999923706055,28.420000076293945,27.889999389648438,28.149999618530273,19250400,8.619339942932129
2021-10-01,27.989999771118164,28.770000457763672,27.889999389648438,28.68000030517578,10554300,8.781621932983398
2021-10-04,28.40999984741211,29.440000534057617,28.3799991607666,29.3799991607666,20216400,8.995954513549805
2021-10-05,29.5,30.1299991607666,29.489999771118164,29.8700008392334,15317400,9.145991325378418
2021-10-06,29.56999969482422,29.75,29.0,29.139999389648438,14920700,8.922469139099121
2021-10-07,29.110000610351562,29.5,28.770000457763672,29.200000762939453,11538500,8.940839767456055
2021-10-08,29.450000762939453,30.229999542236328,29.3799991607666,29.790000915527344,17070200,9.121495246887207
2021-10-11,30.149999618530273,30.5,29.700000762939453,29.770000457763672,14617900,9.11536979675293
2021-10-13,29.649999618530273,30.479999542236328,29.540000915527344,30.299999237060547,17118700,9.277654647827148
2021-10-14,30.3799991607666,30.889999389648438,30.040000915527344,30.25,15841300,9.262343406677246
2021-10-15,30.209999084472656,30.3799991607666,30.0,30.15999984741211,10692300,9.234785079956055
2021-10-18,29.899999618530273,30.450000762939453,29.610000610351562,30.200000762939453,13503600,9.247035026550293
2021-10-19,29.799999237060547,29.989999771118164,28.700000762939453,28.8799991607666,28178500,8.84285831451416
2021-10-20,29.09000015258789,29.739999771118164,28.799999237060547,29.5,17058200,9.032697677612305
2021-10-21,28.790000915527344,29.18000030517578,27.920000076293945,28.459999084472656,33786700,8.71425724029541
2021-10-22,28.100000381469727,28.360000610351562,26.81999969482422,27.899999618530273,43723800,8.542789459228516
2021-10-25,28.40999984741211,29.770000457763672,28.360000610351562,29.610000610351562,38562900,9.066377639770508
2021-10-26,29.200000762939453,29.8799991607666,29.110000610351562,29.270000457763672,15450300,8.962272644042969
2021-10-27,29.399999618530273,29.600000381469727,29.06999969482422,29.309999465942383,16128000,8.97452163696289
2021-10-28,29.030000686645508,29.75,28.809999465942383,29.59000015258789,20121300,9.06025505065918
2021-10-29,29.399999618530273,29.399999618530273,27.459999084472656,27.670000076293945,33651200,8.472366333007812
2021-11-01,28.229999542236328,29.09000015258789,28.09000015258789,28.700000762939453,33225700,8.787744522094727
2021-11-03,28.350000381469727,28.479999542236328,27.479999542236328,27.479999542236328,20517700,8.414188385009766
2021-11-04,27.649999618530273,27.799999237060547,26.540000915527344,26.670000076293945,16393400,8.166171073913574
2021-11-05,26.989999771118164,27.260000228881836,26.579999923706055,26.690000534057617,17509000,8.172295570373535
2021-11-08,26.579999923706055,27.59000015258789,26.559999465942383,27.1299991607666,18249300,8.307019233703613
2021-11-09,27.110000610351562,27.920000076293945,27.110000610351562,27.549999237060547,16727500,8.43562126159668
2021-11-10,27.399999618530273,27.8799991607666,27.1200008392334,27.31999969482422,15039700,8.36519718170166
2021-11-11,27.729999542236328,27.729999542236328,27.190000534057617,27.31999969482422,10208400,8.36519718170166
2021-11-12,27.219999313354492,27.850000381469727,26.920000076293945,27.81999969482422,12622800,8.518294334411621
2021-11-16,28.15999984741211,28.5,27.579999923706055,28.239999771118164,13741500,8.646895408630371
2021-11-17,28.290000915527344,28.3799991607666,27.489999771118164,27.59000015258789,15206200,8.447870254516602
2021-11-18,27.65999984741211,27.809999465942383,27.030000686645508,27.56999969482422,18571600,8.441743850708008
2021-11-19,27.190000534057617,27.3799991607666,26.760000228881836,27.190000534057617,14335200,8.32539176940918
2021-11-22,27.43000030517578,28.200000762939453,27.31999969482422,27.440000534057617,15649900,8.401939392089844
2021-11-23,27.600000381469727,28.889999389648438,27.549999237060547,28.729999542236328,19705200,8.796928405761719
2021-11-24,28.520000457763672,29.290000915527344,28.399999618530273,29.290000915527344,50040000,8.968396186828613
2021-11-25,29.700000762939453,30.700000762939453,29.5,30.5,13080500,9.338890075683594
2021-11-26,29.350000381469727,29.90999984741211,28.729999542236328,29.170000076293945,30868900,8.931655883789062
2021-11-29,30.010000228881836,30.520000457763672,29.40999984741211,30.15999984741211,16259300,9.234785079956055
2021-11-30,30.0,30.280000686645508,29.559999465942383,30.139999389648438,38459400,9.228660583496094
2021-12-01,30.459999084472656,31.260000228881836,30.31999969482422,30.350000381469727,25686900,9.292961120605469
2021-12-02,27.729999542236328,29.600000381469727,26.899999618530273,29.520000457763672,49179200,10.122995376586914
2021-12-03,29.469999313354492,30.1299991607666,29.260000228881836,30.06999969482422,32302000,10.311602592468262
2021-12-06,30.079999923706055,30.700000762939453,30.079999923706055,30.350000381469727,20230300,10.407622337341309
2021-12-07,30.709999084472656,31.329999923706055,30.479999542236328,31.190000534057617,33244600,10.695672988891602
2021-12-08,31.290000915527344,31.93000030517578,31.079999923706055,31.079999923706055,22771400,10.657949447631836
2021-12-09,30.75,31.280000686645508,30.399999618530273,31.079999923706055,12741700,10.657949447631836
2021-12-10,31.280000686645508,32.02000045776367,31.280000686645508,31.489999771118164,9888400,10.79854679107666
2021-12-13,31.399999618530273,31.920000076293945,31.040000915527344,31.459999084472656,20982700,10.788259506225586
2021-12-14,31.799999237060547,31.799999237060547,30.93000030517578,31.020000457763672,13373800,10.637374877929688
2021-12-15,30.969999313354492,31.09000015258789,30.450000762939453,30.920000076293945,18062800,10.603082656860352
2021-12-16,31.200000762939453,32.040000915527344,31.1200008392334,31.559999465942383,26042200,10.822552680969238
2021-12-17,31.190000534057617,31.489999771118164,30.56999969482422,30.790000915527344,24320600,10.558505058288574
2021-12-20,29.93000030517578,30.399999618530273,29.440000534057617,30.200000762939453,28386300,10.356183052062988
2021-12-21,30.510000228881836,30.829999923706055,30.280000686645508,30.34000015258789,10847300,10.404190063476562
2021-12-22,30.360000610351562,30.5,30.0,30.219999313354492,10066300,10.363039016723633
2021-12-23,30.350000381469727,30.68000030517578,30.18000030517578,30.440000534057617,6243500,10.438480377197266
2021-12-27,30.440000534057617,31.229999542236328,30.239999771118164,31.040000915527344,17868100,10.644232749938965
2021-12-28,31.260000228881836,31.469999313354492,31.0,31.059999465942383,8078000,10.651091575622559
2021-12-29,31.010000228881836,31.34000015258789,30.75,30.950000762939453,11460950,10.613372802734375
2021-12-30,30.950000762939453,31.1299991607666,30.549999237060547,30.700000762939453,34157000,10.527640342712402
2022-01-03,30.84000015258789,31.670000076293945,30.760000228881836,31.520000457763672,15578500,10.808834075927734
2022-01-04,31.56999969482422,32.189998626708984,31.280000686645508,31.920000076293945,17337100,10.946005821228027
2022-01-05,32.0,32.060001373291016,30.559999465942383,30.610000610351562,29552100,10.49677848815918
2022-01-06,30.739999771118164,31.43000030517578,30.459999084472656,30.579999923706055,30193600,10.486491203308105
2022-01-07,30.760000228881836,30.989999771118164,30.530000686645508,30.829999923706055,16889100,10.572221755981445
2022-01-10,30.700000762939453,31.059999465942383,30.389999389648438,30.719999313354492,17334600,10.534500122070312
2022-01-11,30.850000381469727,32.09000015258789,30.649999618530273,31.989999771118164,30661100,10.970008850097656
2022-01-12,32.18000030517578,33.25,32.150001525878906,33.04999923706055,25548000,11.333503723144531
2022-01-13,32.849998474121094,34.45000076293945,32.83000183105469,33.849998474121094,32479700,11.607839584350586
2022-01-14,34.06999969482422,34.7400016784668,33.619998931884766,34.560001373291016,28261000,11.851313591003418
2022-01-17,34.41999816894531,34.939998626708984,34.27000045776367,34.45000076293945,7079200,11.813589096069336
2022-01-18,34.529998779296875,34.93000030517578,33.810001373291016,34.56999969482422,14950100,11.85473918914795
2022-01-19,34.810001373291016,35.150001525878906,34.25,34.25,19605900,11.745004653930664
2022-01-20,34.5,34.84000015258789,34.02000045776367,34.470001220703125,18238900,11.820449829101562
2022-01-21,34.25,34.81999969482422,34.189998626708984,34.59000015258789,16277600,11.86159896850586
2022-01-24,34.45000076293945,35.08000183105469,33.369998931884766,34.650001525878906,25099100,11.882174491882324
2022-01-25,34.380001068115234,36.02000045776367,34.119998931884766,35.79999923706055,21039200,12.276531219482422
2022-01-26,36.0,37.400001525878906,36.0,36.849998474121094,22400800,12.636598587036133
2022-01-27,37.16999816894531,37.65999984741211,36.560001373291016,36.9900016784668,27254700,12.684608459472656
2022-01-28,36.849998474121094,37.79999923706055,35.470001220703125,35.88999938964844,24342500,12.307394027709961
2022-01-31,36.04999923706055,36.16999816894531,35.029998779296875,35.27000045776367,22445000,12.0947847366333
2022-02-01,35.15999984741211,36.459999084472656,34.72999954223633,36.310001373291016,19064200,12.451422691345215
2022-02-02,36.61000061035156,36.619998931884766,35.400001525878906,35.65999984741211,11735200,12.228522300720215
2022-02-03,35.470001220703125,35.47999954223633,34.68000030517578,35.279998779296875,16656900,12.098213195800781
2022-02-04,35.5099983215332,36.58000183105469,35.130001068115234,35.90999984741211,25527800,12.314255714416504
2022-02-07,35.86000061035156,35.95000076293945,35.33000183105469,35.47999954223633,20018000,12.166800498962402
2022-02-08,35.22999954223633,35.29999923706055,34.41999816894531,34.970001220703125,16102100,11.99190902709961
2022-02-09,35.029998779296875,35.900001525878906,34.72999954223633,35.0,10506700,12.002197265625
2022-02-10,35.189998626708984,36.099998474121094,35.04999923706055,35.599998474121094,14021700,12.2079496383667
2022-02-11,35.81999969482422,37.2599983215332,35.58000183105469,37.20000076293945,26448100,12.756620407104492
2022-02-14,37.20000076293945,37.38999938964844,36.0,36.2400016784668,13473300,12.427417755126953
2022-02-15,36.0,36.04999923706055,34.939998626708984,35.4900016784668,14294900,12.170225143432617
2022-02-16,35.75,37.060001373291016,35.75,36.27000045776367,18446000,12.437705993652344
2022-02-17,36.13999938964844,36.58000183105469,35.790000915527344,36.099998474121094,10212000,12.379409790039062
2022-02-18,35.900001525878906,36.18000030517578,35.36000061035156,35.869998931884766,14031600,12.300535202026367
2022-02-21,35.880001068115234,37.08000183105469,35.880001068115234,36.84000015258789,6224000,12.633167266845703
2022-02-22,37.220001220703125,37.63999938964844,35.79999923706055,36.27000045776367,21847400,12.437705993652344
2022-02-23,36.470001220703125,36.79999923706055,36.040000915527344,36.279998779296875,19561500,12.441132545471191
2022-02-24,37.0,37.650001525878906,34.939998626708984,35.709999084472656,23081700,12.245670318603516
2022-02-25,35.599998474121094,36.47999954223633,35.209999084472656,36.369998931884766,20527100,12.47199535369873
2022-03-02,37.970001220703125,38.08000183105469,37.150001525878906,37.52000045776367,16218600,12.866357803344727
2022-03-03,37.59000015258789,37.88999938964844,36.709999084472656,37.220001220703125,15435300,12.763481140136719
2022-03-04,37.150001525878906,37.599998474121094,36.290000915527344,36.970001220703125,18097200,12.677750587463379
2022-03-07,37.400001525878906,37.5,33.7599983215332,34.13999938964844,31859200,11.70728588104248
2022-03-08,34.31999969482422,35.540000915527344,33.540000915527344,34.689998626708984,37221100,11.895890235900879
2022-03-09,34.88999938964844,35.119998931884766,33.93000030517578,34.68000030517578,18729100,11.892463684082031
2022-03-10,36.189998626708984,36.560001373291016,34.79999923706055,35.650001525878906,26817700,12.22509765625
2022-03-11,35.7400016784668,36.130001068115234,34.599998474121094,34.810001373291016,24275700,11.937041282653809
2022-03-14,34.810001373291016,35.150001525878906,33.72999954223633,34.369998931884766,20240500,11.786157608032227
2022-03-15,33.7599983215332,34.0099983215332,32.7400016784668,33.72999954223633,19469500,11.566688537597656
2022-03-16,33.83000183105469,34.09000015258789,33.16999816894531,33.7599983215332,20123900,11.57697582244873
2022-03-17,34.029998779296875,34.31999969482422,32.0,32.869998931884766,33975100,11.271775245666504
2022-03-18,32.72999954223633,33.54999923706055,32.630001068115234,33.15999984741211,34149500,11.371224403381348
2022-03-21,33.220001220703125,34.540000915527344,33.16999816894531,34.27000045776367,12200800,11.751863479614258
2022-03-22,34.4900016784668,34.619998931884766,33.630001068115234,34.04999923706055,15178400,11.676423072814941
2022-03-23,34.20000076293945,35.040000915527344,33.93000030517578,34.380001068115234,11845600,11.789588928222656
2022-03-24,34.34000015258789,35.15999984741211,34.04999923706055,34.970001220703125,15222400,11.99190902709961
2022-03-25,34.84000015258789,35.31999969482422,34.4900016784668,35.0,13764200,12.002197265625
2022-03-28,34.7599983215332,34.77000045776367,33.650001525878906,34.08000183105469,18674900,11.6867094039917
2022-03-29,34.13999938964844,34.91999816894531,33.900001525878906,34.5,21261100,11.83073616027832
2022-03-30,34.79999923706055,35.20000076293945,34.45000076293945,35.11000061035156,9334000,12.039918899536133
2022-03-31,34.619998931884766,35.58000183105469,34.59000015258789,35.2400016784668,17115000,12.08449649810791
2022-04-01,35.47999954223633,35.779998779296875,35.029998779296875,35.22999954223633,15174000,12.081068992614746
2022-04-04,34.970001220703125,35.0,34.369998931884766,34.869998931884766,15451000,11.95761775970459
2022-04-05,34.900001525878906,35.4900016784668,34.77000045776367,34.83000183105469,11994100,11.943900108337402
2022-04-06,34.91999816894531,35.36000061035156,34.5099983215332,34.939998626708984,15020900,11.981620788574219
2022-04-07,35.0,36.77000045776367,34.959999084472656,36.689998626708984,15668500,12.581730842590332
2022-04-08,36.560001373291016,37.25,36.38999938964844,37.09000015258789,14064700,12.71889877319336
2022-04-11,36.70000076293945,36.90999984741211,36.369998931884766,36.599998474121094,7072800,12.550867080688477
2022-04-12,37.060001373291016,37.36000061035156,36.4900016784668,36.63999938964844,11454600,12.564583778381348
2022-04-13,37.09000015258789,37.72999954223633,37.0099983215332,37.540000915527344,21697400,12.873213768005371
2022-04-14,34.4900016784668,35.150001525878906,34.11000061035156,34.75,36376800,12.940335273742676
2022-04-18,34.47999954223633,34.84000015258789,33.959999084472656,34.119998931884766,20888700,12.705732345581055
2022-04-19,34.439998626708984,35.06999969482422,34.349998474121094,34.709999084472656,14946200,12.925437927246094
2022-04-20,34.650001525878906,35.18000030517578,34.38999938964844,35.119998931884766,10192200,13.07811450958252
2022-04-22,34.47999954223633,34.70000076293945,33.209999084472656,33.369998931884766,15533100,12.426443099975586
2022-04-25,32.90999984741211,33.47999954223633,32.41999816894531,33.13999938964844,13116200,12.340795516967773
2022-04-26,33.06999969482422,33.77000045776367,32.939998626708984,33.09000015258789,13847200,12.322178840637207
2022-04-27,33.5,33.7400016784668,33.02000045776367,33.189998626708984,7241600,12.359415054321289
2022-04-28,33.29999923706055,33.79999923706055,33.29999923706055,33.43000030517578,6915000,12.448790550231934
2022-04-29,34.029998779296875,35.0,33.439998626708984,33.439998626708984,17172000,12.452512741088867
2022-05-02,33.5,33.599998474121094,32.150001525878906,32.84000015258789,15992700,12.229084014892578
2022-05-03,33.11000061035156,33.41999816894531,32.709999084472656,33.060001373291016,11244200,12.311007499694824
2022-05-04,33.400001525878906,34.619998931884766,33.040000915527344,34.619998931884766,20809800,12.891923904418945
2022-05-05,34.5,35.0,33.349998474121094,34.38999938964844,24557500,12.80627727508545
2022-05-06,35.20000076293945,35.88999938964844,34.34000015258789,35.689998626708984,17397400,13.290373802185059
2022-05-09,35.34000015258789,35.52000045776367,34.119998931884766,34.2599983215332,25131000,12.757866859436035
2022-05-10,34.599998474121094,35.0,34.150001525878906,34.689998626708984,17456300,12.917989730834961
2022-05-11,35.029998779296875,36.86000061035156,34.970001220703125,36.439998626708984,25063600,13.569664001464844
2022-05-12,36.52000045776367,36.75,35.70000076293945,36.58000183105469,28681700,13.621797561645508
2022-05-13,36.720001220703125,37.189998626708984,36.599998474121094,36.630001068115234,19959600,13.640419960021973
2022-05-16,36.7400016784668,37.880001068115234,36.61000061035156,37.65999984741211,21906600,14.023971557617188
2022-05-17,38.0,38.040000915527344,37.18000030517578,37.689998626708984,17808600,14.035141944885254
2022-05-18,37.5099983215332,38.040000915527344,36.540000915527344,36.84000015258789,16176800,13.718616485595703
2022-05-19,36.849998474121094,37.400001525878906,36.459999084472656,37.150001525878906,9932100,13.83405590057373
2022-05-20,37.5,37.88999938964844,36.959999084472656,37.66999816894531,14632500,14.027694702148438
2022-05-23,37.939998626708984,39.279998779296875,37.83000183105469,39.060001373291016,18272800,14.54531192779541
2022-05-24,34.0,34.810001373291016,33.720001220703125,34.400001525878906,18318600,14.1566162109375
2022-05-25,34.43000030517578,35.290000915527344,34.099998474121094,35.099998474121094,18592200,14.444684982299805
2022-05-26,35.06999969482422,35.599998474121094,34.95000076293945,35.209999084472656,11256100,14.489954948425293
2022-05-27,35.150001525878906,35.150001525878906,33.650001525878906,33.7400016784668,20720200,13.88500690460205
2022-05-30,34.0,34.0,32.04999923706055,33.0099983215332,12468200,13.584590911865234
2022-05-31,33.459999084472656,33.7599983215332,32.90999984741211,33.2599983215332,28056100,13.687472343444824
2022-06-01,33.08000183105469,33.52000045776367,32.97999954223633,33.22999954223633,7669200,13.675125122070312
2022-06-02,33.20000076293945,33.31999969482422,32.75,32.91999816894531,9524900,13.547552108764648
2022-06-03,32.90999984741211,33.90999984741211,32.68000030517578,33.7599983215332,13929600,13.89323616027832
2022-06-06,33.88999938964844,34.11000061035156,33.380001068115234,33.7400016784668,9285200,13.88500690460205
2022-06-07,33.54999923706055,34.630001068115234,33.54999923706055,33.86000061035156,10982800,13.9343900680542
2022-06-08,33.7400016784668,34.22999954223633,33.560001373291016,33.72999954223633,7258500,13.880890846252441
2022-06-09,33.7400016784668,33.880001068115234,33.220001220703125,33.33000183105469,11378500,13.716278076171875
2022-06-10,33.11000061035156,33.15999984741211,32.36000061035156,32.90999984741211,14670200,13.543436050415039
2022-06-13,32.439998626708984,32.790000915527344,31.709999084472656,32.40999984741211,21250400,13.337672233581543
2022-06-14,32.599998474121094,33.290000915527344,32.369998931884766,32.70000076293945,14558700,13.457015037536621
2022-06-15,33.099998474121094,33.18000030517578,31.950000762939453,32.27000045776367,20159500,13.280056953430176
2022-06-17,31.100000381469727,31.40999984741211,28.84000015258789,29.93000030517578,37348400,12.31707763671875
2022-06-20,28.790000915527344,30.68000030517578,28.56999969482422,30.190000534057617,10868300,12.42407512664795
2022-06-21,30.649999618530273,30.770000457763672,29.639999389648438,29.8700008392334,23224300,12.292387008666992
2022-06-22,29.360000610351562,30.31999969482422,29.040000915527344,29.729999542236328,13553800,12.234772682189941
2022-06-23,29.770000457763672,30.200000762939453,28.799999237060547,29.100000381469727,14734000,11.975506782531738
2022-06-24,29.510000228881836,29.670000076293945,28.829999923706055,28.90999984741211,15527600,11.897317886352539
2022-06-27,29.200000762939453,31.040000915527344,29.200000762939453,30.860000610351562,17707400,12.69980239868164
2022-06-28,31.690000534057617,31.850000381469727,31.09000015258789,31.309999465942383,12443600,12.884988784790039
2022-06-29,31.59000015258789,31.899999618530273,30.729999542236328,30.8799991607666,10631700,12.708033561706543
2022-06-30,30.360000610351562,30.75,30.110000610351562,30.540000915527344,19935200,12.568111419677734
2022-07-01,30.600000381469727,31.40999984741211,30.0,31.110000610351562,13968700,12.802682876586914
2022-07-04,31.15999984741211,32.130001068115234,31.1200008392334,31.850000381469727,5781000,13.107215881347656
2022-07-05,31.5,31.5,29.84000015258789,30.489999771118164,17539000,12.547534942626953
2022-07-06,30.780000686645508,30.81999969482422,29.280000686645508,30.030000686645508,11767100,12.358232498168945
2022-07-07,30.68000030517578,31.209999084472656,30.610000610351562,30.920000076293945,10338500,12.724491119384766
2022-07-08,31.1299991607666,31.59000015258789,30.959999084472656,31.200000762939453,4878800,12.839722633361816
2022-07-11,30.780000686645508,31.299999237060547,30.6200008392334,31.18000030517578,10408500,12.831490516662598
2022-07-12,30.989999771118164,30.989999771118164,30.3700008392334,30.56999969482422,9506400,12.580456733703613
2022-07-13,30.399999618530273,31.010000228881836,30.31999969482422,30.700000762939453,8369200,12.633955955505371
2022-07-14,30.31999969482422,30.350000381469727,29.56999969482422,29.719999313354492,11563000,12.230657577514648
2022-07-15,29.84000015258789,30.440000534057617,29.729999542236328,30.309999465942383,5827800,12.473461151123047
2022-07-18,30.719999313354492,31.399999618530273,30.719999313354492,31.31999969482422,13368200,12.889101028442383
2022-07-19,31.31999969482422,31.809999465942383,31.040000915527344,31.670000076293945,11651400,13.033140182495117
2022-07-20,31.459999084472656,31.940000534057617,31.440000534057617,31.940000534057617,16825300,13.144254684448242
2022-07-21,31.81999969482422,31.889999389648438,30.600000381469727,31.59000015258789,17144600,13.000215530395508
2022-07-22,31.549999237060547,32.11000061035156,31.450000762939453,31.93000030517578,11108300,13.14013671875
2022-07-25,32.54999923706055,33.40999984741211,32.34000015258789,33.310001373291016,14075100,13.708046913146973
2022-07-26,33.47999954223633,34.209999084472656,33.369998931884766,33.790000915527344,10807900,13.905582427978516
2022-07-27,34.0,34.06999969482422,33.20000076293945,34.0099983215332,11672500,13.996116638183594
2022-07-28,34.220001220703125,35.13999938964844,33.91999816894531,34.72999954223633,19301100,14.292420387268066
2022-07-29,36.06999969482422,37.380001068115234,35.45000076293945,36.959999084472656,49607100,15.210128784179688
2022-08-01,36.939998626708984,36.959999084472656,36.099998474121094,36.5,21493500,15.02082633972168
2022-08-02,36.4900016784668,37.209999084472656,36.31999969482422,36.52000045776367,14991800,15.029058456420898
2022-08-03,36.83000183105469,37.0099983215332,36.279998779296875,36.31999969482422,12927700,14.946752548217773
2022-08-04,36.459999084472656,37.04999923706055,35.849998474121094,36.880001068115234,11361700,15.17720890045166
2022-08-05,36.70000076293945,37.70000076293945,36.689998626708984,37.52000045776367,14332200,15.44058895111084
2022-08-08,37.619998931884766,39.400001525878906,37.619998931884766,39.33000183105469,24523600,16.18545913696289
2022-08-09,39.7400016784668,40.099998474121094,39.439998626708984,39.849998474121094,16911500,16.39944839477539
2022-08-10,40.25,40.25,39.27000045776367,39.709999084472656,15755100,16.341840744018555
2022-08-11,40.18000030517578,40.5099983215332,38.86000061035156,38.959999084472656,31853400,16.03318977355957
2022-08-12,31.940000534057617,34.900001525878906,31.360000610351562,34.880001068115234,52964400,17.352540969848633
2022-08-15,33.88999938964844,35.27000045776367,33.41999816894531,34.7599983215332,29426900,17.2928409576416
2022-08-16,34.810001373291016,35.38999938964844,34.689998626708984,35.15999984741211,12902900,17.491838455200195
2022-08-17,34.95000076293945,36.380001068115234,34.81999969482422,36.33000183105469,19005700,18.07390594482422
2022-08-18,36.599998474121094,37.22999954223633,36.470001220703125,36.810001373291016,14964500,18.312702178955078
2022-08-19,36.29999923706055,36.54999923706055,35.06999969482422,35.310001373291016,21653900,17.56646156311035
2022-08-22,35.06999969482422,36.11000061035156,34.15999984741211,35.869998931884766,19298900,17.84505844116211
2022-08-23,36.0,37.31999969482422,35.88999938964844,37.220001220703125,19895400,18.516677856445312
2022-08-24,37.41999816894531,37.93000030517578,36.79999923706055,37.470001220703125,16000400,18.64104652404785
2022-08-25,37.869998931884766,38.29999923706055,36.310001373291016,37.09000015258789,19357900,18.45199966430664
2022-08-26,37.209999084472656,37.459999084472656,36.369998931884766,37.459999084472656,12463200,18.63607406616211
2022-08-29,37.619998931884766,38.7599983215332,37.5099983215332,38.27000045776367,21428300,19.03904151916504
2022-08-30,37.70000076293945,37.81999969482422,35.95000076293945,36.11000061035156,22463400,17.96445655822754
2022-08-31,36.0,37.459999084472656,35.439998626708984,37.16999816894531,36015200,18.491798400878906
2022-09-01,37.400001525878906,37.900001525878906,36.650001525878906,37.84000015258789,26204000,18.82512092590332
2022-09-02,38.349998474121094,38.709999084472656,37.16999816894531,37.290000915527344,21607500,18.551502227783203
2022-09-05,37.79999923706055,37.959999084472656,37.06999969482422,37.209999084472656,12457600,18.511701583862305
2022-09-06,36.15999984741211,36.470001220703125,35.34000015258789,35.900001525878906,28334900,17.859983444213867
2022-09-08,36.119998931884766,36.540000915527344,35.209999084472656,35.540000915527344,14310900,17.680889129638672
2022-09-09,36.220001220703125,36.45000076293945,35.45000076293945,35.47999954223633,9017600,17.651039123535156
2022-09-12,35.900001525878906,36.5,35.31999969482422,35.33000183105469,15413700,17.576416015625
2022-09-13,34.79999923706055,35.310001373291016,34.09000015258789,34.2599983215332,25361200,17.04409408569336
2022-09-14,34.31999969482422,35.189998626708984,34.20000076293945,34.68000030517578,11926000,17.25304412841797
2022-09-15,34.36000061035156,34.880001068115234,34.349998474121094,34.599998474121094,9164700,17.213241577148438
2022-09-16,34.16999816894531,34.58000183105469,34.0,34.40999984741211,34954800,17.11872100830078
2022-09-19,33.900001525878906,35.029998779296875,33.81999969482422,34.81999969482422,24596800,17.322689056396484
2022-09-20,35.189998626708984,35.380001068115234,34.54999923706055,34.7599983215332,21181600,17.2928409576416
2022-09-21,35.04999923706055,35.279998779296875,34.470001220703125,34.689998626708984,16168700,17.25801658630371
2022-09-22,35.11000061035156,35.560001373291016,34.75,35.400001525878906,27515600,17.611238479614258
2022-09-23,34.709999084472656,34.810001373291016,32.7400016784668,32.900001525878906,48903800,16.367507934570312
2022-09-26,32.79999923706055,33.209999084472656,32.45000076293945,32.47999954223633,18230500,16.158559799194336
2022-09-27,32.90999984741211,33.060001373291016,32.7400016784668,32.869998931884766,17568400,16.352581024169922
2022-09-28,32.869998931884766,33.0,31.889999389648438,32.63999938964844,17529400,16.2381591796875
2022-09-29,32.310001373291016,32.880001068115234,32.04999923706055,32.66999816894531,24350900,16.253082275390625
2022-09-30,32.5099983215332,33.70000076293945,32.400001525878906,33.08000183105469,28412400,16.457056045532227
2022-10-03,35.36000061035156,36.20000076293945,35.220001220703125,36.0099983215332,46548300,17.91470718383789
2022-10-04,36.79999923706055,36.81999969482422,35.150001525878906,35.29999923706055,26112400,17.561485290527344
2022-10-05,35.5,36.790000915527344,35.29999923706055,36.54999923706055,24446100,18.183353424072266
2022-10-06,36.959999084472656,37.72999954223633,36.599998474121094,37.630001068115234,23327000,18.72064781188965
2022-10-07,37.529998779296875,38.40999984741211,37.189998626708984,37.439998626708984,18217500,18.62612533569336
2022-10-10,37.599998474121094,37.810001373291016,36.880001068115234,37.099998474121094,12316500,18.456974029541016
2022-10-11,36.65999984741211,37.279998779296875,36.29999923706055,36.7400016784668,20992200,18.277877807617188
2022-10-13,36.25,38.52000045776367,36.09000015258789,37.88999938964844,24490200,18.849992752075195
2022-10-14,37.849998474121094,37.91999816894531,37.099998474121094,37.150001525878906,19191500,18.481849670410156
2022-10-17,37.13999938964844,37.599998474121094,36.459999084472656,36.90999984741211,26406000,18.36245346069336
2022-10-18,37.25,37.7400016784668,36.650001525878906,37.7400016784668,18698100,18.775371551513672
2022-10-19,37.79999923706055,39.279998779296875,37.65999984741211,39.13999938964844,21303100,19.471860885620117
2022-10-20,39.65999984741211,40.290000915527344,39.43000030517578,40.189998626708984,27337800,19.994224548339844
2022-10-21,40.43000030517578,42.08000183105469,40.130001068115234,41.560001373291016,32623200,20.675790786743164
2022-10-24,40.349998474121094,40.619998931884766,37.36000061035156,37.45000076293945,33545600,18.631099700927734
2022-10-25,37.40999984741211,37.720001220703125,36.52000045776367,36.88999938964844,24141600,18.352502822875977
2022-10-26,36.54999923706055,36.93000030517578,35.189998626708984,36.220001220703125,25746100,18.019182205200195
2022-10-27,36.56999969482422,36.880001068115234,35.9900016784668,36.33000183105469,25148100,18.07390594482422
2022-10-28,35.93000030517578,36.220001220703125,35.2400016784668,35.779998779296875,27032800,17.8002872467041
2022-10-31,33.310001373291016,34.63999938964844,32.52000045776367,33.2599983215332,55281200,16.54660415649414
2022-11-01,33.540000915527344,33.900001525878906,33.08000183105469,33.369998931884766,34269700,16.60132598876953
2022-11-03,33.11000061035156,33.849998474121094,32.720001220703125,33.459999084472656,24872100,16.646106719970703
2022-11-04,34.20000076293945,34.33000183105469,31.399999618530273,31.709999084472656,29167600,15.775491714477539
2022-11-07,31.389999389648438,31.899999618530273,30.450000762939453,30.6299991607666,27442700,15.23819637298584
2022-11-08,30.3799991607666,30.899999618530273,29.989999771118164,30.6299991607666,19140100,15.23819637298584
2022-11-09,30.520000457763672,31.18000030517578,30.0,30.059999465942383,15928500,14.95462703704834
2022-11-10,29.309999465942383,30.239999771118164,28.920000076293945,29.690000534057617,39818600,14.770553588867188
2022-11-11,29.610000610351562,31.15999984741211,29.280000686645508,30.700000762939453,34866200,15.273022651672363
2022-11-14,31.06999969482422,32.02000045776367,30.959999084472656,31.549999237060547,19816400,15.695886611938477
2022-11-16,31.75,31.979999542236328,30.8799991607666,31.200000762939453,25165000,15.521770477294922
2022-11-17,31.200000762939453,31.290000915527344,30.469999313354492,30.959999084472656,30514800,15.402374267578125
2022-11-18,31.15999984741211,31.389999389648438,30.040000915527344,30.389999389648438,27497600,15.118799209594727
2022-11-21,30.940000534057617,31.290000915527344,29.530000686645508,30.280000686645508,33579600,15.064077377319336
2022-11-22,26.719999313354492,27.059999465942383,25.530000686645508,27.059999465942383,44857900,15.136175155639648
2022-11-23,26.610000610351562,27.40999984741211,26.479999542236328,27.06999969482422,17851100,15.141769409179688
2022-11-24,27.100000381469727,28.40999984741211,26.940000534057617,28.1200008392334,13776300,15.729093551635742
2022-11-25,28.079999923706055,28.079999923706055,27.219999313354492,27.489999771118164,13019700,15.37669849395752
2022-11-28,27.3799991607666,28.3700008392334,27.219999313354492,28.170000076293945,12320700,15.757060050964355
2022-11-29,28.399999618530273,29.959999084472656,28.260000228881836,29.3799991607666,24509100,16.433879852294922
2022-11-30,29.549999237060547,30.479999542236328,29.5,30.389999389648438,29533500,16.99883270263672
2022-12-01,30.219999313354492,30.549999237060547,29.25,29.25,12067600,16.36116600036621
2022-12-02,29.239999771118164,30.450000762939453,29.020000457763672,29.6299991607666,18444400,16.573720932006836
2022-12-05,29.700000762939453,30.389999389648438,29.170000076293945,29.229999542236328,12452000,16.349977493286133
2022-12-06,29.5,30.0,28.959999084472656,29.18000030517578,10532200,16.322011947631836
2022-12-07,29.170000076293945,29.59000015258789,28.719999313354492,28.739999771118164,13339200,16.075895309448242
2022-12-08,28.739999771118164,29.309999465942383,27.950000762939453,28.1200008392334,13407800,15.729093551635742
2022-12-09,28.239999771118164,28.709999084472656,27.799999237060547,28.059999465942383,10363900,15.695531845092773
2022-12-12,28.0,28.079999923706055,26.610000610351562,27.299999237060547,18581300,15.27042293548584
2022-12-13,27.459999084472656,27.709999084472656,26.8799991607666,26.93000030517578,22207900,15.063460350036621
2022-12-14,26.229999542236328,26.360000610351562,23.610000610351562,24.290000915527344,69775500,13.586760520935059
2022-12-15,23.799999237060547,25.440000534057617,23.709999084472656,24.90999984741211,24269200,13.93355941772461
2022-12-16,24.860000610351562,25.049999237060547,24.31999969482422,24.979999542236328,28123600,13.97271728515625
2022-12-19,24.899999618530273,25.639999389648438,24.690000534057617,25.549999237060547,12963900,14.291545867919922
2022-12-20,25.530000686645508,26.34000015258789,25.420000076293945,26.170000076293945,15549900,14.638347625732422
2022-12-21,26.559999465942383,26.860000610351562,25.90999984741211,26.860000610351562,20946900,15.024304389953613
2022-12-22,27.100000381469727,27.719999313354492,26.68000030517578,27.170000076293945,14139200,15.197708129882812
2022-12-23,27.389999389648438,28.600000381469727,27.31999969482422,28.559999465942383,12490700,15.975211143493652
2022-12-26,28.459999084472656,28.639999389648438,28.1200008392334,28.469999313354492,3655300,15.924866676330566
2022-12-27,28.700000762939453,28.75,28.010000228881836,28.65999984741211,15571400,16.031147003173828
2022-12-28,28.690000534057617,29.0,28.3700008392334,28.5,9698400,15.941649436950684
2022-12-29,28.68000030517578,28.729999542236328,27.979999542236328,28.040000915527344,31388400,15.684344291687012
2023-01-02,26.850000381469727,27.299999237060547,25.959999084472656,26.170000076293945,14365400,14.638347625732422
2023-01-03,26.360000610351562,26.549999237060547,25.479999542236328,25.799999237060547,28657500,14.431386947631836
2023-01-04,25.739999771118164,26.899999618530273,25.299999237060547,26.229999542236328,24517300,14.671908378601074
2023-01-05,26.56999969482422,27.34000015258789,26.450000762939453,27.079999923706055,20367800,15.147363662719727
2023-01-06,27.149999618530273,27.729999542236328,26.81999969482422,26.90999984741211,14109900,15.052271842956543
2023-01-09,26.84000015258789,27.309999465942383,26.600000381469727,27.09000015258789,12703400,15.152959823608398
2023-01-10,27.06999969482422,27.290000915527344,26.469999313354492,27.25,8949300,15.242454528808594
2023-01-11,27.25,27.829999923706055,27.190000534057617,27.600000381469727,9587400,15.43822956085205
2023-01-12,27.690000534057617,27.829999923706055,27.209999084472656,27.75,13092100,15.522134780883789
2023-01-13,27.549999237060547,27.860000610351562,27.350000381469727,27.690000534057617,7763200,15.488570213317871
2023-01-16,27.469999313354492,27.639999389648438,26.75,27.0,8501500,15.102616310119629
2023-01-17,27.149999618530273,28.920000076293945,27.149999618530273,28.899999618530273,21291000,16.16539192199707
2023-01-18,29.290000915527344,29.479999542236328,28.399999618530273,28.530000686645508,13955300,15.958429336547852
2023-01-19,28.350000381469727,29.540000915527344,28.309999465942383,29.5,13175800,16.501007080078125
2023-01-20,29.450000762939453,29.940000534057617,28.889999389648438,29.829999923706055,14077700,16.685592651367188
2023-01-23,29.8799991607666,31.219999313354492,29.649999618530273,30.520000457763672,12311000,17.071550369262695
2023-01-24,30.780000686645508,31.489999771118164,30.010000228881836,30.290000915527344,13961700,16.942895889282227
2023-01-25,30.280000686645508,30.469999313354492,29.360000610351562,30.420000076293945,13845800,17.01561164855957
2023-01-26,30.420000076293945,30.56999969482422,28.920000076293945,29.56999969482422,18648100,16.540157318115234
2023-01-27,29.579999923706055,29.59000015258789,28.700000762939453,28.899999618530273,11009000,16.16539192199707
2023-01-30,29.239999771118164,29.31999969482422,28.65999984741211,28.989999771118164,8885900,16.215734481811523
2023-01-31,28.989999771118164,29.540000915527344,28.729999542236328,29.459999084472656,13732300,16.4786319732666
2023-02-01,29.459999084472656,29.8700008392334,28.59000015258789,28.8799991607666,13730800,16.154203414916992
2023-02-02,28.799999237060547,28.969999313354492,27.360000610351562,27.510000228881836,17308900,15.387887954711914
2023-02-03,27.5,28.43000030517578,27.389999389648438,27.84000015258789,13867500,15.572473526000977
2023-02-06,27.850000381469727,29.020000457763672,27.850000381469727,28.850000381469727,9973700,16.137422561645508
2023-02-07,28.950000762939453,29.25,28.420000076293945,28.700000762939453,9641500,16.05352020263672
2023-02-08,28.90999984741211,29.350000381469727,28.729999542236328,29.280000686645508,7466400,16.377946853637695
2023-02-09,29.260000228881836,29.559999465942383,29.079999923706055,29.280000686645508,11087500,16.377946853637695
2023-02-10,29.270000457763672,30.25,29.270000457763672,30.079999923706055,22158500,16.82543182373047
2023-02-13,30.0,30.350000381469727,29.6200008392334,30.229999542236328,11668100,16.909334182739258
2023-02-14,30.229999542236328,30.440000534057617,29.979999542236328,30.049999237060547,9956000,16.808652877807617
2023-02-15,29.829999923706055,30.399999618530273,29.709999084472656,30.18000030517578,13372000,16.88136863708496
2023-02-16,30.0,30.479999542236328,30.0,30.149999618530273,10013900,16.864585876464844
2023-02-17,30.1200008392334,30.1299991607666,29.690000534057617,29.690000534057617,9980100,16.607282638549805
2023-02-22,29.09000015258789,29.43000030517578,28.950000762939453,28.950000762939453,9615800,16.193363189697266
2023-02-23,28.950000762939453,30.31999969482422,28.950000762939453,30.030000686645508,15815200,16.79746437072754
2023-02-24,30.030000686645508,30.170000076293945,29.469999313354492,29.579999923706055,14924500,16.54575538635254
2023-02-27,29.440000534057617,30.420000076293945,29.360000610351562,30.06999969482422,16604500,16.81983757019043
2023-02-28,30.040000915527344,30.719999313354492,28.75,28.75,28691200,16.08148765563965
2023-03-01,28.799999237060547,28.8700008392334,27.3799991607666,28.75,25407100,16.08148765563965
2023-03-02,28.940000534057617,29.18000030517578,27.780000686645508,27.959999084472656,16485500,15.639595985412598
2023-03-03,27.950000762939453,29.030000686645508,27.770000457763672,28.979999542236328,14009500,16.21013832092285
2023-03-06,29.0,29.469999313354492,28.739999771118164,29.40999984741211,12267300,16.450664520263672
2023-03-07,29.110000610351562,29.239999771118164,28.25,28.520000457763672,11875100,15.952836990356445
2023-03-08,28.59000015258789,29.3799991607666,28.5,28.959999084472656,16672600,16.19895362854004
2023-03-09,28.829999923706055,29.739999771118164,28.549999237060547,28.600000381469727,14771700,15.997584342956543
2023-03-10,28.290000915527344,28.93000030517578,28.229999542236328,28.399999618530273,13388000,15.885713577270508
2023-03-13,27.940000534057617,28.09000015258789,27.360000610351562,27.5,10204000,15.382294654846191
2023-03-14,27.6299991607666,28.06999969482422,26.860000610351562,27.010000228881836,9466300,15.108207702636719
2023-03-15,26.600000381469727,26.690000534057617,25.700000762939453,26.350000381469727,19501500,14.739032745361328
2023-03-16,26.3700008392334,26.530000686645508,25.969999313354492,26.25,9928600,14.683098793029785
2023-03-17,26.0,26.3700008392334,25.700000762939453,26.360000610351562,25338900,14.74462890625
2023-03-20,26.5,26.649999618530273,25.65999984741211,25.739999771118164,11113900,14.397823333740234
2023-03-21,25.940000534057617,26.549999237060547,25.93000030517578,26.309999465942383,7613700,14.716655731201172
2023-03-22,26.31999969482422,26.450000762939453,25.950000762939453,26.079999923706055,7306500,14.588007926940918
2023-03-23,26.18000030517578,26.549999237060547,25.43000030517578,25.56999969482422,16280300,14.302734375
2023-03-24,25.56999969482422,25.940000534057617,25.25,25.65999984741211,11495300,14.353080749511719
2023-03-27,26.0,26.170000076293945,25.610000610351562,26.049999237060547,10084900,14.571224212646484
2023-03-28,26.010000228881836,26.5,25.940000534057617,26.5,10928600,14.8229398727417
2023-03-29,26.56999969482422,26.860000610351562,26.309999465942383,26.780000686645508,10947700,14.979554176330566
2023-03-30,27.15999984741211,27.280000686645508,26.6299991607666,27.079999923706055,10036200,15.147363662719727
2023-03-31,27.09000015258789,27.299999237060547,26.309999465942383,26.489999771118164,17018900,14.81734561920166
2023-04-03,27.239999771118164,27.770000457763672,26.920000076293945,27.75,12237600,15.522134780883789
2023-04-04,27.959999084472656,27.989999771118164,27.239999771118164,27.360000610351562,6970600,15.30398178100586
2023-04-05,27.280000686645508,27.600000381469727,26.489999771118164,27.399999618530273,16004500,15.326358795166016
2023-04-06,27.3799991607666,27.469999313354492,26.989999771118164,27.079999923706055,6967800,15.147363662719727
2023-04-10,27.200000762939453,27.81999969482422,27.170000076293945,27.799999237060547,8275300,15.550098419189453
2023-04-11,28.40999984741211,29.079999923706055,27.989999771118164,29.020000457763672,18090400,16.232511520385742
2023-04-12,29.25,29.399999618530273,28.639999389648438,29.040000915527344,16571100,16.24370002746582
2023-04-13,29.219999313354492,29.479999542236328,29.110000610351562,29.3799991607666,9817100,16.433879852294922
2023-04-14,29.309999465942383,29.829999923706055,29.229999542236328,29.81999969482422,8774000,16.67999839782715
2023-04-17,29.729999542236328,30.15999984741211,29.690000534057617,29.950000762939453,10787100,16.752716064453125
2023-04-18,30.040000915527344,30.940000534057617,29.81999969482422,30.709999084472656,15977600,17.177825927734375
2023-04-19,30.510000228881836,30.559999465942383,29.649999618530273,29.729999542236328,18339300,16.629657745361328
2023-04-20,29.84000015258789,30.149999618530273,29.399999618530273,29.81999969482422,7714700,16.67999839782715
2023-04-24,29.75,30.3799991607666,29.6299991607666,30.280000686645508,13865600,16.93730354309082
2023-04-25,30.299999237060547,30.559999465942383,29.780000686645508,30.1200008392334,15626100,16.847806930541992
2023-04-26,30.049999237060547,30.229999542236328,29.670000076293945,29.690000534057617,20280800,16.607282638549805
2023-04-27,29.81999969482422,30.100000381469727,28.739999771118164,28.899999618530273,29553800,16.16539192199707
2023-04-28,26.6200008392334,27.100000381469727,25.8700008392334,26.670000076293945,34127900,16.60121726989746
2023-05-02,26.5,26.610000610351562,25.329999923706055,25.479999542236328,22026800,15.86048412322998
2023-05-03,25.31999969482422,25.75,25.209999084472656,25.34000015258789,13186900,15.773338317871094
2023-05-04,25.6200008392334,26.110000610351562,25.260000228881836,25.709999084472656,11043100,16.003650665283203
2023-05-05,26.0,26.850000381469727,25.889999389648438,26.790000915527344,10892400,16.675918579101562
2023-05-08,27.200000762939453,27.489999771118164,26.979999542236328,27.229999542236328,8232300,16.94980239868164
2023-05-09,27.15999984741211,27.610000610351562,27.0,27.440000534057617,8120900,17.080520629882812
2023-05-10,27.31999969482422,27.760000228881836,27.100000381469727,27.489999771118164,9515100,17.11164093017578
2023-05-11,27.170000076293945,28.450000762939453,26.829999923706055,28.149999618530273,20295300,17.522470474243164
2023-05-12,28.040000915527344,29.81999969482422,28.040000915527344,29.139999389648438,20210400,18.138715744018555
2023-05-15,28.719999313354492,28.959999084472656,28.25,28.559999465942383,18048800,17.777685165405273
2023-05-16,28.559999465942383,29.989999771118164,28.559999465942383,29.200000762939453,31615500,18.176063537597656
2023-05-17,29.530000686645508,29.639999389648438,28.809999465942383,29.020000457763672,24810700,18.06401824951172
2023-05-18,28.93000030517578,29.18000030517578,28.579999923706055,29.149999618530273,22533900,18.144941329956055
2023-05-19,29.5,29.56999969482422,29.170000076293945,29.290000915527344,13250200,18.232088088989258
2023-05-22,29.280000686645508,29.579999923706055,28.75,28.850000381469727,10456900,17.958200454711914
2023-05-23,29.0,29.729999542236328,28.8700008392334,29.450000762939453,10496500,18.33168601989746
2023-05-24,29.299999237060547,29.940000534057617,29.209999084472656,29.770000457763672,7177400,18.53087043762207
2023-05-25,29.989999771118164,29.989999771118164,29.31999969482422,29.549999237060547,10559200,18.3939266204834
2023-05-26,29.8799991607666,30.049999237060547,29.579999923706055,30.040000915527344,9729700,18.698938369750977
2023-05-29,29.8799991607666,30.040000915527344,29.610000610351562,29.850000381469727,3604000,18.580665588378906
2023-05-30,29.790000915527344,29.950000762939453,29.3700008392334,29.56999969482422,17077200,18.406375885009766
2023-05-31,29.209999084472656,29.579999923706055,28.940000534057617,29.209999084472656,18194000,18.18228530883789
2023-06-01,29.309999465942383,30.149999618530273,29.25,30.059999465942383,13359200,18.711389541625977
2023-06-02,30.670000076293945,30.739999771118164,30.229999542236328,30.420000076293945,10518400,18.93547821044922
2023-06-05,30.639999389648438,30.959999084472656,30.389999389648438,30.610000610351562,8046600,19.053747177124023
2023-06-06,30.59000015258789,31.3700008392334,30.31999969482422,31.229999542236328,17378600,19.43967628479004
2023-06-07,31.850000381469727,32.25,31.6299991607666,32.20000076293945,20698700,20.043468475341797
2023-06-09,32.400001525878906,33.790000915527344,32.290000915527344,33.75,18802700,21.008291244506836
2023-06-12,33.75,34.40999984741211,33.56999969482422,34.18000030517578,23844900,21.275957107543945
2023-06-13,32.779998779296875,32.779998779296875,31.989999771118164,32.29999923706055,24903100,21.284900665283203
2023-06-14,32.470001220703125,33.689998626708984,32.349998474121094,33.689998626708984,35323000,22.20087242126465
2023-06-15,33.650001525878906,34.400001525878906,33.06999969482422,33.189998626708984,19891200,21.871389389038086
2023-06-16,33.119998931884766,33.66999816894531,32.84000015258789,33.38999938964844,20498000,22.003183364868164
2023-06-19,33.38999938964844,34.2400016784668,33.290000915527344,34.220001220703125,5688000,22.55013656616211
2023-06-20,34.08000183105469,34.400001525878906,33.459999084472656,34.310001373291016,20070700,22.609439849853516
2023-06-21,34.72999954223633,35.849998474121094,34.63999938964844,35.68000030517578,17000700,23.512239456176758
2023-06-22,35.34000015258789,35.4900016784668,34.7599983215332,35.09000015258789,13677800,23.123445510864258
2023-06-23,34.81999969482422,34.869998931884766,33.41999816894531,33.900001525878906,11854700,22.33926010131836
2023-06-26,33.79999923706055,34.72999954223633,33.79999923706055,34.560001373291016,12866400,22.774188995361328
2023-06-27,34.61000061035156,34.81999969482422,33.939998626708984,34.2599983215332,12744300,22.576492309570312
2023-06-28,34.290000915527344,34.91999816894531,34.220001220703125,34.5099983215332,10147400,22.741233825683594
2023-06-29,34.650001525878906,34.959999084472656,34.4900016784668,34.88999938964844,11087400,22.991647720336914
2023-06-30,34.95000076293945,34.95000076293945,33.06999969482422,33.099998474121094,19972200,21.812076568603516
2023-07-03,33.40999984741211,33.84000015258789,33.400001525878906,33.66999816894531,10255400,22.18769645690918
2023-07-04,33.65999984741211,34.029998779296875,33.529998779296875,33.75,3080800,22.24041175842285
2023-07-05,33.720001220703125,34.15999984741211,33.31999969482422,33.7400016784668,14131000,22.233829498291016
2023-07-06,33.47999954223633,33.70000076293945,32.93000030517578,33.310001373291016,12623600,21.950464248657227
2023-07-07,33.459999084472656,33.869998931884766,33.06999969482422,33.130001068115234,8279200,21.831851959228516
2023-07-10,32.84000015258789,33.43000030517578,32.779998779296875,33.130001068115234,6997700,21.831851959228516
2023-07-11,33.08000183105469,33.27000045776367,32.75,32.869998931884766,9533900,21.660518646240234
2023-07-12,32.869998931884766,33.540000915527344,32.75,32.77000045776367,12229800,21.594619750976562
2023-07-13,32.79999923706055,33.380001068115234,32.779998779296875,33.25,9831700,21.910926818847656
2023-07-14,33.029998779296875,33.189998626708984,32.41999816894531,32.54999923706055,13967700,21.449644088745117
2023-07-17,32.0,32.68000030517578,31.440000534057617,32.560001373291016,13877200,21.456233978271484
2023-07-18,32.5099983215332,32.779998779296875,32.20000076293945,32.279998779296875,8430200,21.271718978881836
2023-07-19,32.150001525878906,32.599998474121094,32.0,32.459999084472656,11137300,21.390336990356445
2023-07-20,32.459999084472656,32.849998474121094,32.2400016784668,32.709999084472656,12374600,21.55508041381836
2023-07-21,32.83000183105469,33.4900016784668,32.650001525878906,33.310001373291016,16480100,21.950464248657227
2023-07-24,33.400001525878906,34.040000915527344,33.400001525878906,34.0,13992100,22.40515899658203
2023-07-25,34.5,34.68000030517578,33.79999923706055,34.61000061035156,9578200,22.80713653564453
2023-07-26,34.54999923706055,34.75,34.02000045776367,34.459999084472656,15795200,22.708290100097656
2023-07-27,34.099998474121094,34.18000030517578,32.5,32.52000045776367,16105600,21.429874420166016
2023-07-28,32.70000076293945,33.18000030517578,32.5,33.06999969482422,7999800,21.792312622070312
2023-07-31,33.5,34.83000183105469,33.5,34.810001373291016,17508000,22.938926696777344
2023-08-01,34.709999084472656,34.720001220703125,33.36000061035156,34.08000183105469,19080800,22.4578800201416
2023-08-02,33.880001068115234,34.0099983215332,33.27000045776367,33.84000015258789,11669400,22.299720764160156
2023-08-03,34.310001373291016,34.529998779296875,34.060001373291016,34.31999969482422,8498200,22.616031646728516
2023-08-04,33.630001068115234,34.029998779296875,32.25,32.880001068115234,39809800,21.6671085357666
2023-08-07,32.880001068115234,33.34000015258789,32.83000183105469,33.099998474121094,10236000,21.812076568603516
2023-08-08,32.709999084472656,33.31999969482422,32.52000045776367,33.08000183105469,8588100,21.798904418945312
2023-08-09,33.11000061035156,33.630001068115234,32.959999084472656,33.459999084472656,13213200,22.049314498901367
2023-08-10,33.20000076293945,33.650001525878906,32.9900016784668,33.45000076293945,13768900,22.0427188873291
2023-08-11,33.41999816894531,34.029998779296875,33.06999969482422,33.470001220703125,10395400,22.05590057373047
2023-08-14,33.400001525878906,33.7400016784668,33.279998779296875,33.630001068115234,7868900,22.161340713500977
2023-08-15,35.13999938964844,35.31999969482422,33.52000045776367,33.560001373291016,15951900,22.115211486816406
2023-08-16,33.68000030517578,34.959999084472656,33.68000030517578,34.54999923706055,22993600,22.76759147644043
2023-08-17,34.709999084472656,35.13999938964844,34.290000915527344,34.290000915527344,11944300,22.596261978149414
2023-08-18,34.33000183105469,34.61000061035156,34.06999969482422,34.4900016784668,7771500,22.728059768676758
2023-08-21,34.599998474121094,35.04999923706055,33.849998474121094,34.150001525878906,9985600,22.50400733947754
2023-08-22,33.27000045776367,33.540000915527344,33.130001068115234,33.5,7482700,22.84449005126953
2023-08-23,34.06999969482422,35.41999816894531,34.06999969482422,35.40999984741211,26164500,24.14697265625
2023-08-24,35.31999969482422,35.84000015258789,35.06999969482422,35.31999969482422,8234700,24.08559799194336
2023-08-25,35.41999816894531,35.68000030517578,34.720001220703125,35.040000915527344,13843300,23.894657135009766
2023-08-28,35.02000045776367,35.45000076293945,34.869998931884766,35.400001525878906,7399600,24.14015007019043
2023-08-29,35.5,35.599998474121094,35.20000076293945,35.529998779296875,7751700,24.228801727294922
2023-08-30,35.68000030517578,35.7400016784668,35.439998626708984,35.5,5861700,24.208341598510742
2023-08-31,35.650001525878906,35.75,34.13999938964844,34.540000915527344,19146600,23.553695678710938
2023-09-01,34.90999984741211,35.810001373291016,34.68000030517578,35.689998626708984,30483500,24.337907791137695
2023-09-04,35.65999984741211,35.79999923706055,35.13999938964844,35.20000076293945,5697600,24.003767013549805
2023-09-05,35.060001373291016,37.0,35.0,36.81999969482422,24924500,25.10848617553711
2023-09-06,36.779998779296875,37.459999084472656,36.72999954223633,37.0,12259900,25.231229782104492
2023-09-08,36.810001373291016,37.16999816894531,36.5,36.709999084472656,12383900,25.03346824645996
2023-09-11,36.709999084472656,37.0,36.400001525878906,36.459999084472656,13441700,24.86298942565918
2023-09-12,36.65999984741211,37.09000015258789,36.630001068115234,36.86000061035156,6035300,25.135765075683594
2023-09-13,36.86000061035156,36.9900016784668,36.380001068115234,36.380001068115234,10236100,24.808441162109375
2023-09-14,36.439998626708984,37.529998779296875,36.439998626708984,37.45000076293945,11054400,25.538097381591797
2023-09-15,37.400001525878906,37.54999923706055,36.900001525878906,36.900001525878906,20324600,25.16303825378418
2023-09-18,37.209999084472656,38.09000015258789,37.130001068115234,37.36000061035156,11039300,25.476730346679688
2023-09-19,37.43000030517578,37.880001068115234,37.2599983215332,37.36000061035156,13151300,25.476730346679688
2023-09-20,37.36000061035156,37.709999084472656,37.119998931884766,37.40999984741211,8157200,25.51081657409668
2023-09-21,37.04999923706055,37.529998779296875,36.81999969482422,36.869998931884766,14641100,25.142580032348633
2023-09-22,37.119998931884766,37.470001220703125,36.959999084472656,37.13999938964844,7402600,25.32669448852539
2023-09-25,37.16999816894531,37.5,37.09000015258789,37.380001068115234,3931400,25.49036407470703
2023-09-26,36.97999954223633,37.189998626708984,36.349998474121094,36.349998474121094,12779600,24.78797721862793
2023-09-27,36.810001373291016,37.70000076293945,36.810001373291016,37.70000076293945,15546800,25.708580017089844
2023-09-28,37.63999938964844,37.779998779296875,37.310001373291016,37.5099983215332,8603100,25.579010009765625
2023-09-29,37.58000183105469,37.88999938964844,37.470001220703125,37.88999938964844,10250400,25.8381404876709
2023-10-02,37.81999969482422,38.06999969482422,36.97999954223633,37.16999816894531,8319100,25.347156524658203
2023-10-03,36.93000030517578,37.220001220703125,36.52000045776367,36.72999954223633,9893500,25.04711151123047
2023-10-04,36.5,36.58000183105469,35.31999969482422,35.619998931884766,20881700,24.29017448425293
2023-10-05,35.58000183105469,35.81999969482422,35.27000045776367,35.47999954223633,8110600,24.194704055786133
2023-10-06,35.11000061035156,36.650001525878906,35.11000061035156,36.369998931884766,11740500,24.80161476135254
2023-10-09,37.099998474121094,38.060001373291016,37.04999923706055,37.86000061035156,11557100,25.817686080932617
2023-10-10,37.900001525878906,38.25,37.58000183105469,38.25,9200100,26.083633422851562
2023-10-11,38.13999938964844,38.220001220703125,37.36000061035156,38.119998931884766,10203300,25.994993209838867
2023-10-13,38.779998779296875,39.4900016784668,38.75,39.31999969482422,14724500,26.813295364379883
2023-10-16,39.45000076293945,39.90999984741211,38.86000061035156,39.709999084472656,11164900,27.079248428344727
2023-10-17,39.630001068115234,40.75,39.54999923706055,40.61000061035156,12072200,27.6929874420166
2023-10-18,40.900001525878906,41.79999923706055,40.88999938964844,41.560001373291016,28701300,28.340808868408203
2023-10-19,41.4900016784668,41.5,40.959999084472656,41.2599983215332,17767100,28.13623046875
2023-10-20,41.619998931884766,41.86000061035156,40.41999816894531,40.810001373291016,11112900,27.829368591308594
2023-10-23,39.630001068115234,39.689998626708984,38.22999954223633,38.349998474121094,20856700,26.151832580566406
2023-10-24,38.79999923706055,39.15999984741211,38.27000045776367,38.939998626708984,16461100,26.554168701171875
2023-10-25,39.11000061035156,39.279998779296875,38.72999954223633,39.04999923706055,9381200,26.629173278808594
2023-10-26,38.90999984741211,38.970001220703125,38.08000183105469,38.7599983215332,9503400,26.431413650512695
2023-10-27,39.310001373291016,39.630001068115234,38.130001068115234,38.47999954223633,13358800,26.240482330322266
2023-10-30,38.66999816894531,38.869998931884766,37.83000183105469,38.16999816894531,8454300,26.029083251953125
2023-10-31,38.16999816894531,38.2400016784668,37.43000030517578,37.84000015258789,6514700,25.804048538208008
2023-11-01,37.9900016784668,38.72999954223633,37.900001525878906,38.279998779296875,13428200,26.104093551635742
2023-11-03,38.9900016784668,38.9900016784668,38.04999923706055,38.599998474121094,9668700,26.322309494018555
2023-11-06,38.90999984741211,39.16999816894531,38.43000030517578,38.5,10596200,26.254117965698242
2023-11-07,37.9900016784668,38.380001068115234,37.33000183105469,37.650001525878906,15189300,25.674480438232422
2023-11-08,37.439998626708984,37.47999954223633,36.47999954223633,36.7599983215332,11870400,25.067569732666016
2023-11-09,37.060001373291016,37.810001373291016,36.959999084472656,37.540000915527344,14926800,25.59947395324707
2023-11-10,37.369998931884766,37.75,37.189998626708984,37.41999816894531,6068100,25.51763916015625
2023-11-13,37.43000030517578,38.27000045776367,37.41999816894531,38.2599983215332,9389000,26.0904541015625
2023-11-14,38.31999969482422,38.720001220703125,38.099998474121094,38.70000076293945,13648600,26.3905029296875
2023-11-16,38.4900016784668,38.97999954223633,37.720001220703125,37.91999816894531,17294000,25.85860252380371
2023-11-17,38.150001525878906,39.849998474121094,38.150001525878906,39.52000045776367,15523200,26.949678421020508
2023-11-20,39.52000045776367,39.88999938964844,38.709999084472656,39.38999938964844,16363300,26.86102867126465
2023-11-21,38.97999954223633,39.220001220703125,38.540000915527344,39.0,13422400,26.595083236694336
2023-11-22,37.400001525878906,37.689998626708984,36.630001068115234,37.689998626708984,16123400,26.63836669921875
2023-11-23,37.689998626708984,37.86000061035156,37.38999938964844,37.86000061035156,2804600,26.758522033691406
2023-11-24,37.70000076293945,38.5099983215332,37.34000015258789,37.75,11929600,26.68077278137207
2023-11-27,37.52000045776367,37.86000061035156,37.0099983215332,37.5,9476000,26.50408172607422
2023-11-28,37.5,38.09000015258789,37.5,37.849998474121094,7718000,26.751455307006836
2023-11-29,38.150001525878906,38.290000915527344,37.150001525878906,37.349998474121094,8632000,26.398061752319336
2023-11-30,37.560001373291016,38.209999084472656,37.16999816894531,37.70000076293945,15990200,26.64543914794922
2023-12-01,37.599998474121094,37.720001220703125,37.20000076293945,37.20000076293945,7137500,26.29204750061035
2023-12-04,37.04999923706055,37.20000076293945,36.38999938964844,36.470001220703125,10965100,25.776105880737305
2023-12-05,36.599998474121094,36.68000030517578,36.13999938964844,36.20000076293945,13115200,25.585275650024414
2023-12-06,36.04999923706055,36.22999954223633,35.29999923706055,35.34000015258789,11245700,24.977449417114258
2023-12-07,35.54999923706055,36.13999938964844,35.060001373291016,35.45000076293945,9572000,25.055192947387695
2023-12-08,35.70000076293945,36.810001373291016,35.470001220703125,36.65999984741211,9789800,25.910388946533203
2023-12-11,36.599998474121094,36.83000183105469,36.400001525878906,36.54999923706055,5073100,25.832643508911133
2023-12-12,36.4900016784668,36.70000076293945,35.70000076293945,35.9900016784668,5063800,25.436847686767578
2023-12-13,36.08000183105469,36.52000045776367,35.900001525878906,36.470001220703125,13523200,25.776105880737305
2023-12-14,36.900001525878906,37.4900016784668,36.630001068115234,37.31999969482422,14065900,26.376863479614258
2023-12-15,37.369998931884766,37.97999954223633,36.88999938964844,37.029998779296875,11963000,26.17189598083496
2023-12-18,37.5,38.27000045776367,37.36000061035156,37.790000915527344,9104000,26.709049224853516
2023-12-19,37.959999084472656,38.09000015258789,37.52000045776367,38.040000915527344,10195200,26.885740280151367
2023-12-20,38.18000030517578,38.560001373291016,37.95000076293945,38.11000061035156,12856700,26.93521499633789
2023-12-21,38.130001068115234,38.31999969482422,37.79999923706055,38.11000061035156,5735600,26.93521499633789
2023-12-22,38.25,38.619998931884766,38.11000061035156,38.619998931884766,7445200,27.295671463012695
2023-12-26,38.650001525878906,39.2400016784668,38.650001525878906,39.20000076293945,4738700,27.705598831176758
2023-12-27,39.220001220703125,39.33000183105469,38.939998626708984,39.13999938964844,5073800,27.663192749023438
2023-12-28,39.029998779296875,39.16999816894531,38.83000183105469,38.97999954223633,11746400,27.550107955932617
2024-01-02,39.0,39.630001068115234,39.0,39.36000061035156,6743900,27.818683624267578
2024-01-03,39.380001068115234,40.91999816894531,39.34000015258789,40.70000076293945,9800500,28.76576042175293
2024-01-04,40.790000915527344,41.279998779296875,40.040000915527344,40.040000915527344,10680600,28.299293518066406
2024-01-05,40.290000915527344,40.720001220703125,39.97999954223633,40.38999938964844,6858500,28.546667098999023
2024-01-08,39.79999923706055,39.9900016784668,39.0099983215332,39.63999938964844,9800700,28.016578674316406
2024-01-09,39.91999816894531,40.08000183105469,39.33000183105469,39.41999816894531,12493100,27.861095428466797
2024-01-10,39.4900016784668,39.630001068115234,38.88999938964844,39.029998779296875,12142400,27.585451126098633
2024-01-11,39.209999084472656,39.63999938964844,39.0,39.43000030517578,8502900,27.86815643310547
2024-01-12,39.900001525878906,40.06999969482422,39.61000061035156,39.63999938964844,5163800,28.016578674316406
2024-01-15,39.36000061035156,40.040000915527344,39.310001373291016,40.040000915527344,2358000,28.299293518066406
2024-01-16,40.0,40.25,39.59000015258789,39.599998474121094,11899500,27.988309860229492
2024-01-17,39.349998474121094,39.56999969482422,39.13999938964844,39.27000045776367,13086900,27.755081176757812
2024-01-18,39.439998626708984,39.47999954223633,38.83000183105469,38.97999954223633,10013300,27.550107955932617
2024-01-19,39.099998474121094,39.459999084472656,38.59000015258789,38.95000076293945,5920700,27.528907775878906
2024-01-22,38.810001373291016,39.25,38.599998474121094,39.040000915527344,6141100,27.59251594543457
2024-01-23,39.18000030517578,39.84000015258789,38.86000061035156,39.61000061035156,8809700,27.99537467956543
2024-01-24,39.70000076293945,40.060001373291016,39.09000015258789,39.2400016784668,10532200,27.733871459960938
2024-01-25,39.630001068115234,41.150001525878906,39.59000015258789,41.060001373291016,13127900,29.02020263671875
2024-01-26,40.88999938964844,42.34000015258789,40.810001373291016,41.959999084472656,10461500,29.656299591064453
2024-01-29,42.040000915527344,42.560001373291016,41.58000183105469,42.36000061035156,9031900,29.939008712768555
2024-01-30,42.189998626708984,42.7400016784668,42.119998931884766,42.16999816894531,7717800,29.80472183227539
2024-01-31,42.16999816894531,42.93000030517578,42.0,42.15999984741211,13596100,29.797658920288086
2024-02-01,42.599998474121094,43.790000915527344,42.279998779296875,42.959999084472656,18007300,30.363073348999023
2024-02-02,43.0,43.279998779296875,42.27000045776367,42.33000183105469,11798300,29.917810440063477
2024-02-05,42.209999084472656,42.81999969482422,42.02000045776367,42.33000183105469,11064600,29.917810440063477
2024-02-06,42.41999816894531,43.369998931884766,42.41999816894531,42.970001220703125,12996300,30.370147705078125
2024-02-07,42.95000076293945,43.45000076293945,42.75,43.380001068115234,11727300,30.659923553466797
2024-02-08,43.369998931884766,43.619998931884766,43.029998779296875,43.22999954223633,8013000,30.553905487060547
2024-02-09,43.22999954223633,43.540000915527344,42.52000045776367,42.7400016784668,12000000,30.207582473754883
2024-02-14,42.529998779296875,42.65999984741211,42.08000183105469,42.310001373291016,5693300,29.903671264648438
2024-02-15,42.369998931884766,43.5099983215332,42.040000915527344,43.5099983215332,9115100,30.75179672241211
2024-02-16,43.29999923706055,44.310001373291016,43.2400016784668,44.29999923706055,13005700,31.310150146484375
2024-02-19,44.290000915527344,44.5,44.130001068115234,44.4900016784668,3734700,31.444440841674805
2024-02-20,44.41999816894531,44.459999084472656,43.31999969482422,43.599998474121094,17427300,30.815412521362305
2024-02-21,43.599998474121094,44.040000915527344,43.43000030517578,43.709999084472656,7858600,30.89315414428711
2024-02-22,43.900001525878906,43.95000076293945,42.9900016784668,43.7400016784668,9570500,30.91436004638672
2024-02-23,43.66999816894531,43.72999954223633,42.97999954223633,43.619998931884766,13303800,30.82954216003418
2024-02-26,43.599998474121094,44.290000915527344,43.439998626708984,44.08000183105469,6699800,31.1546630859375
2024-02-27,44.380001068115234,44.380001068115234,43.709999084472656,43.970001220703125,8188500,31.076923370361328
2024-02-28,43.81999969482422,44.290000915527344,41.25,41.599998474121094,17368700,29.401857376098633
2024-02-29,41.75,42.400001525878906,40.7400016784668,41.220001220703125,18875500,29.13328742980957
2024-03-01,41.380001068115234,41.86000061035156,41.18000030517578,41.209999084472656,9662900,29.126216888427734
2024-03-04,41.310001373291016,41.84000015258789,40.880001068115234,41.04999923706055,8429000,29.013134002685547
2024-03-05,41.08000183105469,41.189998626708984,40.41999816894531,40.79999923706055,10137400,28.836435317993164
2024-03-06,41.02000045776367,41.5,40.900001525878906,41.5,19565300,29.331178665161133
2024-03-07,41.31999969482422,41.72999954223633,41.119998931884766,41.2599983215332,7828400,29.161558151245117
2024-03-08,36.779998779296875,37.959999084472656,35.470001220703125,36.97999954223633,81532400,26.136560440063477
2024-03-11,36.70000076293945,37.970001220703125,36.13999938964844,36.27000045776367,47244600,25.634748458862305
2024-03-12,37.0,37.75,36.790000915527344,37.369998931884766,27981900,26.41219711303711
2024-03-13,37.470001220703125,37.86000061035156,36.939998626708984,37.0,20288500,26.15069580078125
2024-03-14,37.20000076293945,37.56999969482422,36.59000015258789,36.75,16708500,25.974000930786133
2024-03-15,36.65999984741211,37.0,36.45000076293945,36.66999816894531,19056600,25.917457580566406
2024-03-18,36.95000076293945,37.08000183105469,35.849998474121094,36.97999954223633,13273300,26.136560440063477
2024-03-19,36.97999954223633,37.4900016784668,36.209999084472656,36.56999969482422,15143000,25.846776962280273
2024-03-20,36.709999084472656,37.400001525878906,36.25,37.33000183105469,13966700,26.383928298950195
2024-03-21,37.33000183105469,37.70000076293945,36.400001525878906,36.56999969482422,16440400,25.846776962280273
2024-03-22,36.599998474121094,36.959999084472656,36.18000030517578,36.86000061035156,8901300,26.051748275756836
2024-03-25,36.900001525878906,37.540000915527344,36.900001525878906,37.31999969482422,8036500,26.376863479614258
2024-03-26,37.29999923706055,37.439998626708984,36.79999923706055,36.90999984741211,8979800,26.087085723876953
2024-03-27,36.90999984741211,37.369998931884766,36.650001525878906,37.36000061035156,5149800,26.405141830444336
2024-03-28,37.29999923706055,38.33000183105469,37.06999969482422,38.279998779296875,10673600,27.05536651611328
2024-04-01,38.33000183105469,38.70000076293945,38.060001373291016,38.560001373291016,7829200,27.25326156616211
2024-04-02,38.7599983215332,39.689998626708984,38.65999984741211,39.61000061035156,12953900,27.99537467956543
2024-04-03,39.77000045776367,39.81999969482422,39.060001373291016,39.29999923706055,11549700,27.776273727416992
2024-04-04,39.31999969482422,40.83000183105469,38.70000076293945,39.119998931884766,35243500,27.649059295654297
2024-04-05,39.02000045776367,39.5,38.13999938964844,39.040000915527344,14912300,27.59251594543457
2024-04-08,38.900001525878906,39.7400016784668,38.560001373291016,39.599998474121094,11438000,27.988309860229492
2024-04-09,39.93000030517578,39.9900016784668,39.15999984741211,39.79999923706055,9100900,28.129669189453125
2024-04-10,39.70000076293945,41.060001373291016,39.70000076293945,41.0,15627500,28.977798461914062
2024-04-11,40.91999816894531,41.13999938964844,40.630001068115234,40.630001068115234,7219900,28.716291427612305
2024-04-12,41.0,41.43000030517578,39.970001220703125,40.29999923706055,10318000,28.483051300048828
2024-04-15,40.20000076293945,41.029998779296875,40.099998474121094,40.88999938964844,13367800,28.90004539489746
2024-04-16,40.63999938964844,41.369998931884766,40.470001220703125,41.09000015258789,10944200,29.041410446166992
2024-04-17,41.189998626708984,41.470001220703125,41.0,41.150001525878906,10628800,29.083816528320312
2024-04-18,41.29999923706055,41.970001220703125,40.849998474121094,41.04999923706055,10453300,29.013134002685547
2024-04-19,41.20000076293945,42.810001373291016,41.02000045776367,42.720001220703125,18589200,30.19344711303711
2024-04-22,42.95000076293945,43.86000061035156,42.70000076293945,43.7599983215332,13007200,30.92849349975586
2024-04-23,43.54999923706055,43.83000183105469,43.13999938964844,43.459999084472656,14932800,30.716468811035156
2024-04-24,43.5,43.959999084472656,43.209999084472656,43.27000045776367,13343200,30.58217430114746
2024-04-25,43.27000045776367,44.45000076293945,43.16999816894531,44.25,8283500,31.274822235107422
2024-04-26,43.220001220703125,43.93000030517578,43.060001373291016,43.75,8957200,31.746496200561523
2024-04-29,43.66999816894531,44.540000915527344,43.599998474121094,44.540000915527344,10042900,32.31974792480469
2024-04-30,44.38999938964844,44.5,43.779998779296875,44.2599983215332,12677300,32.11656951904297
2024-05-02,44.47999954223633,44.66999816894531,44.0099983215332,44.43000030517578,12134000,32.23992919921875
2024-05-03,43.02000045776367,43.08000183105469,41.54999923706055,42.0099983215332,17852300,31.753177642822266
2024-05-06,42.02000045776367,42.59000015258789,41.90999984741211,42.220001220703125,7648200,31.91190528869629
2024-05-07,42.310001373291016,43.2400016784668,42.25,43.2400016784668,8771400,32.68286895751953
2024-05-08,42.90999984741211,43.900001525878906,42.650001525878906,43.70000076293945,6622700,33.03055953979492
2024-05-09,43.5,44.619998931884766,43.349998474121094,44.470001220703125,8733200,33.61256790161133
2024-05-10,44.5,44.77000045776367,44.040000915527344,44.130001068115234,9667900,33.3555793762207
2024-05-13,44.33000183105469,44.61000061035156,43.970001220703125,44.13999938964844,5067100,33.36313247680664
2024-05-14,43.220001220703125,43.4900016784668,42.380001068115234,42.93000030517578,10972300,32.44855880737305
2024-05-15,39.900001525878906,40.31999969482422,38.81999969482422,40.02000045776367,32787700,30.24903678894043
2024-05-16,40.029998779296875,40.16999816894531,38.81999969482422,39.290000915527344,21712000,29.697269439697266
2024-05-17,39.189998626708984,39.279998779296875,38.369998931884766,38.56999969482422,17885500,29.153057098388672
2024-05-20,38.58000183105469,39.040000915527344,38.5099983215332,38.70000076293945,12221100,29.251319885253906
2024-05-21,38.7400016784668,38.97999954223633,38.40999984741211,38.40999984741211,8906200,29.03212547302246
2024-05-22,38.40999984741211,38.900001525878906,38.220001220703125,38.77000045776367,13541000,29.304229736328125
2024-05-23,38.810001373291016,39.27000045776367,38.380001068115234,38.439998626708984,15076100,29.05480194091797
2024-05-24,38.79999923706055,38.810001373291016,38.2599983215332,38.310001373291016,8994300,28.956541061401367
2024-05-27,38.40999984741211,38.77000045776367,38.38999938964844,38.70000076293945,3062300,29.251319885253906
2024-05-28,39.25,39.66999816894531,39.02000045776367,39.380001068115234,16265200,29.76529884338379
2024-05-29,39.189998626708984,39.630001068115234,38.90999984741211,39.470001220703125,10862200,29.833324432373047
2024-05-31,39.70000076293945,40.97999954223633,39.70000076293945,40.70000076293945,16515400,30.763015747070312
2024-06-03,40.70000076293945,40.91999816894531,40.220001220703125,40.25,9488300,30.42288589477539
2024-06-04,39.93000030517578,40.119998931884766,39.279998779296875,40.02000045776367,11004300,30.24903678894043
2024-06-05,40.130001068115234,40.38999938964844,39.939998626708984,39.95000076293945,7000700,30.196128845214844
2024-06-06,39.9900016784668,40.43000030517578,39.939998626708984,39.939998626708984,8871600,30.188575744628906
2024-06-07,39.900001525878906,39.959999084472656,38.56999969482422,38.59000015258789,18477400,29.16817855834961
2024-06-10,38.84000015258789,39.66999816894531,38.779998779296875,39.29999923706055,7384200,29.70482635498047
2024-06-11,39.529998779296875,39.689998626708984,39.09000015258789,39.27000045776367,17979200,29.682159423828125
2024-06-12,38.54999923706055,38.599998474121094,37.18000030517578,37.5099983215332,19764000,29.1256046295166
2024-06-13,37.47999954223633,37.790000915527344,36.720001220703125,37.02000045776367,10516900,28.745134353637695
2024-06-14,37.08000183105469,37.119998931884766,36.06999969482422,36.630001068115234,12412500,28.442310333251953
2024-06-17,36.4900016784668,36.720001220703125,36.2400016784668,36.650001525878906,20157600,28.457841873168945
2024-06-18,36.79999923706055,37.880001068115234,36.7400016784668,37.880001068115234,12133500,29.41290855407715
2024-06-19,37.810001373291016,38.0099983215332,37.5099983215332,37.63999938964844,5181600,29.22654914855957
2024-06-20,38.209999084472656,38.689998626708984,37.9900016784668,38.400001525878906,9845500,29.816673278808594
2024-06-21,38.38999938964844,38.70000076293945,38.25,38.310001373291016,16702200,29.74679183959961
2024-06-24,38.599998474121094,39.040000915527344,38.209999084472656,39.040000915527344,8306400,30.31361961364746
2024-06-25,39.04999923706055,39.150001525878906,38.68000030517578,38.900001525878906,6615000,30.204914093017578
2024-06-26,38.599998474121094,39.22999954223633,38.599998474121094,39.099998474121094,6959500,30.360204696655273
2024-06-27,39.5,40.08000183105469,39.5,39.88999938964844,7832700,30.973623275756836
2024-06-28,39.900001525878906,40.47999954223633,39.900001525878906,40.380001068115234,7502200,31.354095458984375
2024-07-01,40.52000045776367,41.18000030517578,40.400001525878906,40.869998931884766,6075800,31.73456382751465
2024-07-02,41.04999923706055,41.529998779296875,40.91999816894531,40.97999954223633,7729900,31.819974899291992
2024-07-03,41.060001373291016,41.459999084472656,40.130001068115234,40.130001068115234,11636300,31.159975051879883
2024-07-04,40.310001373291016,40.43000030517578,39.47999954223633,39.59000015258789,6219800,30.740676879882812
2024-07-05,39.790000915527344,40.439998626708984,39.65999984741211,40.279998779296875,21835400,31.27644920349121
2024-07-08,40.34000015258789,41.36000061035156,39.93000030517578,41.220001220703125,13644300,32.0063362121582
2024-07-09,41.2400016784668,41.31999969482422,40.88999938964844,40.88999938964844,8823000,31.750093460083008
2024-07-10,41.13999938964844,41.13999938964844,40.599998474121094,40.77000045776367,9802400,31.656925201416016
2024-07-11,40.90999984741211,41.279998779296875,40.84000015258789,41.11000061035156,6295200,31.92092514038086
2024-07-12,41.20000076293945,41.279998779296875,40.86000061035156,40.880001068115234,4707000,31.74233055114746
2024-07-15,41.0,41.7599983215332,40.939998626708984,41.459999084472656,9383600,32.19268798828125
2024-07-16,41.41999816894531,41.4900016784668,40.97999954223633,41.25,6624000,32.029624938964844
2024-07-17,41.16999816894531,41.66999816894531,41.16999816894531,41.54999923706055,5024400,32.262569427490234
2024-07-18,41.36000061035156,41.79999923706055,41.29999923706055,41.599998474121094,7096100,32.301387786865234
2024-07-19,41.599998474121094,41.86000061035156,41.099998474121094,41.709999084472656,5499400,32.38680648803711
2024-07-22,41.54999923706055,41.79999923706055,41.04999923706055,41.06999969482422,6091300,31.88985824584961
2024-07-23,41.0099983215332,41.08000183105469,40.4900016784668,40.4900016784668,7938000,31.43950653076172
2024-07-24,40.54999923706055,41.29999923706055,40.54999923706055,40.900001525878906,9144600,31.757863998413086
2024-07-25,40.689998626708984,40.880001068115234,40.31999969482422,40.72999954223633,6905700,31.625858306884766
2024-07-26,40.650001525878906,41.18000030517578,40.52000045776367,40.849998474121094,6957100,31.71903419494629
2024-07-29,41.0,41.0,39.400001525878906,39.81999969482422,7725400,30.91926383972168
2024-07-30,39.65999984741211,39.81999969482422,39.34000015258789,39.529998779296875,5542000,30.694087982177734
2024-07-31,40.0,40.599998474121094,40.0,40.599998474121094,8469400,31.524911880493164
2024-08-01,40.939998626708984,41.06999969482422,39.849998474121094,39.849998474121094,7799600,30.94256019592285
2024-08-02,39.91999816894531,39.95000076293945,38.61000061035156,38.63999938964844,8653800,30.00302505493164
2024-08-05,37.900001525878906,38.40999984741211,37.349998474121094,38.31999969482422,9875300,29.75455093383789
2024-08-06,38.54999923706055,39.43000030517578,38.119998931884766,39.119998931884766,6295300,30.375736236572266
2024-08-07,39.5099983215332,39.58000183105469,38.849998474121094,39.060001373291016,5453200,30.329145431518555
2024-08-08,39.25,39.70000076293945,38.900001525878906,39.70000076293945,5094500,30.826091766357422
2024-08-09,39.150001525878906,39.790000915527344,38.31999969482422,39.36000061035156,8716600,30.562091827392578
2024-08-12,39.79999923706055,40.689998626708984,39.77000045776367,40.459999084472656,6756000,31.416213989257812
2024-08-13,40.75,40.75,39.9900016784668,40.25,6945100,31.25315284729004
2024-08-14,40.209999084472656,40.97999954223633,40.209999084472656,40.97999954223633,10860000,31.819974899291992
2024-08-15,41.20000076293945,41.529998779296875,40.939998626708984,41.400001525878906,6086600,32.14610290527344
2024-08-16,41.2599983215332,41.619998931884766,40.939998626708984,41.560001373291016,8366100,32.27033615112305
2024-08-19,41.619998931884766,41.72999954223633,41.2400016784668,41.2400016784668,9357100,32.02186584472656
2024-08-20,41.310001373291016,41.439998626708984,40.56999969482422,41.09000015258789,7499700,31.9053955078125
2024-08-21,41.369998931884766,41.56999969482422,40.66999816894531,40.72999954223633,7868600,31.625858306884766
2024-08-22,40.040000915527344,40.04999923706055,39.369998931884766,39.779998779296875,6460400,31.708118438720703
2024-08-23,40.099998474121094,40.31999969482422,39.38999938964844,39.38999938964844,6372100,31.397253036499023
2024-08-26,40.380001068115234,43.119998931884766,40.29999923706055,42.91999816894531,26481400,34.21097183227539
2024-08-27,42.52000045776367,42.84000015258789,42.220001220703125,42.33000183105469,8170200,33.740692138671875
2024-08-28,42.040000915527344,43.52000045776367,42.0,43.290000915527344,11347800,34.50589370727539
2024-08-29,43.22999954223633,43.59000015258789,42.77000045776367,42.779998779296875,8584600,34.0993766784668
2024-08-30,42.81999969482422,43.349998474121094,42.43000030517578,42.939998626708984,36947400,34.22691345214844
2024-09-02,42.79999923706055,43.2400016784668,42.40999984741211,42.7599983215332,5276000,34.083438873291016
2024-09-03,42.400001525878906,42.5099983215332,41.9900016784668,42.310001373291016,9984700,33.72475051879883
2024-09-04,42.45000076293945,42.59000015258789,42.08000183105469,42.150001525878906,8903000,33.59721755981445
2024-09-05,42.209999084472656,42.58000183105469,41.79999923706055,41.900001525878906,5671500,33.39794158935547
2024-09-06,42.0099983215332,42.06999969482422,41.029998779296875,41.130001068115234,8287800,32.7841911315918
2024-09-09,41.31999969482422,42.02000045776367,41.119998931884766,41.68000030517578,15994900,33.22258377075195
2024-09-10,41.470001220703125,41.630001068115234,40.40999984741211,40.790000915527344,8984700,32.51317596435547
2024-09-11,41.04999923706055,41.27000045776367,40.470001220703125,40.970001220703125,8315700,32.656654357910156
2024-09-12,40.810001373291016,40.9900016784668,40.2400016784668,40.4900016784668,6583300,32.274051666259766
2024-09-13,40.83000183105469,41.16999816894531,40.310001373291016,40.369998931884766,6627900,32.17839813232422
2024-09-16,40.79999923706055,41.310001373291016,40.65999984741211,40.77000045776367,5244000,32.49724197387695
2024-09-17,40.70000076293945,40.70000076293945,40.099998474121094,40.52000045776367,5309200,32.29796600341797
2024-09-18,40.20000076293945,40.31999969482422,39.459999084472656,39.81999969482422,16947900,31.739999771118164
2024-09-19,40.20000076293945,40.290000915527344,39.54999923706055,39.70000076293945,8486400,31.64435386657715
2024-09-20,39.650001525878906,39.959999084472656,39.5099983215332,39.70000076293945,16400900,31.64435386657715
2024-09-23,39.72999954223633,40.66999816894531,39.709999084472656,40.20000076293945,8280000,32.04289627075195
2024-09-24,40.720001220703125,40.900001525878906,40.29999923706055,40.5,9218500,32.282020568847656
2024-09-25,40.970001220703125,41.22999954223633,40.529998779296875,40.529998779296875,9236200,32.30592727661133
2024-09-26,40.29999923706055,40.369998931884766,39.439998626708984,39.68000030517578,18792500,31.62841033935547
2024-09-27,39.709999084472656,39.790000915527344,39.33000183105469,39.52000045776367,8526600,31.50087547302246
2024-09-30,39.63999938964844,39.689998626708984,39.060001373291016,39.27000045776367,8219700,31.30160903930664
2024-10-01,39.2400016784668,40.70000076293945,38.959999084472656,40.31999969482422,11968600,32.1385498046875
2024-10-02,40.90999984741211,41.36000061035156,40.619998931884766,40.790000915527344,6233500,32.51317596435547
2024-10-03,40.650001525878906,41.4900016784668,40.4900016784668,41.34000015258789,8549700,32.951576232910156
2024-10-04,41.45000076293945,41.58000183105469,41.060001373291016,41.36000061035156,5845300,32.9675178527832
2024-10-07,41.599998474121094,42.060001373291016,41.400001525878906,42.060001373291016,7007900,33.52547836303711
2024-10-08,40.97999954223633,41.36000061035156,40.959999084472656,41.150001525878906,7578700,32.80013656616211
2024-10-09,40.95000076293945,41.099998474121094,40.66999816894531,40.83000183105469,7448600,32.54506301879883
2024-10-10,41.150001525878906,41.630001068115234,41.150001525878906,41.5099983215332,5128200,33.08708190917969
2024-10-11,41.38999938964844,41.54999923706055,41.220001220703125,41.439998626708984,4518500,33.031280517578125
2024-10-14,41.2400016784668,41.599998474121094,41.130001068115234,41.369998931884766,5507400,32.97548294067383
2024-10-15,40.869998931884766,41.08000183105469,40.619998931884766,40.900001525878906,6837800,32.600860595703125
2024-10-16,41.04999923706055,41.25,40.72999954223633,40.779998779296875,18678900,32.50520324707031
2024-10-17,40.58000183105469,40.689998626708984,40.36000061035156,40.59000015258789,5131800,32.35376739501953
2024-10-18,40.70000076293945,40.790000915527344,40.09000015258789,40.369998931884766,5814000,32.17839813232422
2024-10-21,40.7400016784668,40.7400016784668,39.630001068115234,39.630001068115234,5830700,31.588558197021484
2024-10-22,39.54999923706055,39.86000061035156,39.31999969482422,39.439998626708984,5602900,31.437108993530273
2024-10-23,39.130001068115234,39.369998931884766,38.810001373291016,38.880001068115234,5052900,30.990739822387695
2024-10-24,39.0,39.119998931884766,38.720001220703125,39.0099983215332,7272300,31.0943603515625
2024-10-25,39.0099983215332,39.619998931884766,38.9900016784668,39.400001525878906,7829100,31.405223846435547
2024-10-28,38.68000030517578,39.380001068115234,38.470001220703125,39.31999969482422,5792000,31.34145736694336
2024-10-29,39.52000045776367,39.599998474121094,39.11000061035156,39.220001220703125,4782500,31.261749267578125
2024-10-30,39.310001373291016,39.58000183105469,38.849998474121094,38.880001068115234,7560600,30.990739822387695
2024-10-31,38.849998474121094,39.119998931884766,38.61000061035156,39.060001373291016,11105200,31.134218215942383
2024-11-01,39.2400016784668,39.310001373291016,38.25,38.29999923706055,8818300,30.528430938720703
2024-11-04,38.79999923706055,38.91999816894531,38.22999954223633,38.34000015258789,6140100,30.560312271118164
2024-11-05,38.349998474121094,38.459999084472656,37.7400016784668,38.150001525878906,7774600,30.408870697021484
2024-11-06,37.83000183105469,38.2400016784668,37.619998931884766,38.11000061035156,7658400,30.376985549926758
2024-11-07,38.0099983215332,38.81999969482422,38.0,38.380001068115234,11429700,30.592199325561523
2024-11-08,38.5,39.33000183105469,38.459999084472656,39.08000183105469,13215800,31.15015983581543
2024-11-11,38.79999923706055,39.279998779296875,38.599998474121094,39.13999938964844,6025500,31.197982788085938
2024-11-12,39.150001525878906,39.880001068115234,39.119998931884766,39.52000045776367,8009500,31.50087547302246
2024-11-13,39.560001373291016,40.13999938964844,39.2599983215332,39.93000030517578,10346100,31.82768440246582
2024-11-14,39.81999969482422,40.66999816894531,39.81999969482422,40.5099983215332,9511600,32.28999328613281
2024-11-18,40.5099983215332,41.630001068115234,40.5,41.54999923706055,10094100,33.118961334228516
2024-11-19,41.43000030517578,41.70000076293945,40.880001068115234,41.02000045776367,5127800,32.69651412963867
2024-11-21,41.130001068115234,41.529998779296875,40.77000045776367,41.09000015258789,9886900,32.7523078918457
2024-11-22,41.869998931884766,43.779998779296875,41.77000045776367,43.2400016784668,19316700,34.46603775024414
2024-11-25,43.119998931884766,43.689998626708984,42.650001525878906,42.81999969482422,13020900,34.131263732910156
2024-11-26,42.970001220703125,43.099998474121094,42.470001220703125,42.599998474121094,7271100,33.95590591430664
2024-11-27,42.61000061035156,42.880001068115234,42.220001220703125,42.459999084472656,7842500,33.84431457519531
2024-11-28,42.27000045776367,42.77000045776367,41.619998931884766,41.75,5203000,33.278377532958984
2024-11-29,41.75,42.97999954223633,41.75,42.619998931884766,16837800,33.971839904785156
2024-12-02,42.5099983215332,43.08000183105469,42.38999938964844,42.72999954223633,9768300,34.05952453613281
2024-12-03,42.83000183105469,43.06999969482422,42.45000076293945,42.779998779296875,7008600,34.0993766784668
2024-12-04,42.709999084472656,43.38999938964844,42.189998626708984,42.369998931884766,8402200,33.7725715637207
2024-12-05,42.599998474121094,43.16999816894531,42.400001525878906,43.0,7170000,34.27473831176758
2024-12-06,42.63999938964844,42.84000015258789,41.959999084472656,42.11000061035156,10903900,33.56533432006836
2024-12-09,42.45000076293945,43.33000183105469,42.36000061035156,43.220001220703125,7898700,34.450103759765625
2024-12-10,43.400001525878906,43.77000045776367,43.2599983215332,43.59000015258789,6150700,34.74502182006836
2024-12-11,43.63999938964844,44.0,43.040000915527344,43.900001525878906,13170400,34.99211502075195
2024-12-12,41.95000076293945,42.20000076293945,41.11000061035156,41.27000045776367,10504500,34.101158142089844
2024-12-13,41.66999816894531,41.70000076293945,40.599998474121094,41.06999969482422,7936900,33.93590545654297
2024-12-16,41.119998931884766,41.2599983215332,40.59000015258789,40.66999816894531,7761300,33.60538101196289
2024-12-17,40.81999969482422,41.54999923706055,40.81999969482422,41.29999923706055,15439900,34.125946044921875
2024-12-18,41.150001525878906,41.40999984741211,40.20000076293945,40.380001068115234,18052600,33.36575698852539
2024-12-19,40.70000076293945,40.9900016784668,39.560001373291016,40.0099983215332,13522100,33.06002426147461
2024-12-20,40.09000015258789,40.15999984741211,39.58000183105469,39.720001220703125,21313100,32.820404052734375
2024-12-23,39.84000015258789,40.02000045776367,39.5099983215332,40.02000045776367,9074300,33.068294525146484
2024-12-26,38.79999923706055,39.279998779296875,38.52000045776367,39.279998779296875,8614500,33.59591293334961
2024-12-27,39.36000061035156,39.36000061035156,38.83000183105469,38.84000015258789,9594400,33.21958923339844
2024-12-30,39.02000045776367,39.630001068115234,39.02000045776367,39.40999984741211,7914800,33.70710754394531
2025-01-02,39.54999923706055,40.810001373291016,39.45000076293945,40.52000045776367,11081500,34.6564826965332
2025-01-03,40.4900016784668,40.720001220703125,39.959999084472656,40.380001068115234,16515700,34.536739349365234
2025-01-06,40.45000076293945,40.58000183105469,39.880001068115234,40.0,9440100,34.211727142333984
2025-01-07,40.380001068115234,41.43000030517578,40.099998474121094,41.119998931884766,12535000,35.169654846191406
2025-01-08,41.0,41.22999954223633,40.45000076293945,40.72999954223633,7930200,34.836090087890625
2025-01-09,40.7400016784668,41.13999938964844,40.66999816894531,40.720001220703125,3171600,34.82754135131836
2025-01-10,41.08000183105469,41.7599983215332,40.900001525878906,40.91999816894531,10357700,34.998600006103516
2025-01-13,41.290000915527344,41.630001068115234,40.93000030517578,40.95000076293945,5703800,35.02425765991211
2025-01-14,40.880001068115234,41.15999984741211,40.52000045776367,41.119998931884766,5705900,35.169654846191406
2025-01-15,41.34000015258789,41.65999984741211,41.029998779296875,41.65999984741211,8106600,35.63151168823242
2025-01-16,41.529998779296875,41.68000030517578,41.22999954223633,41.630001068115234,6450900,35.60585403442383
2025-01-17,41.599998474121094,41.93000030517578,41.38999938964844,41.599998474121094,5264200,35.580196380615234
2025-01-20,41.56999969482422,42.0,41.5,41.900001525878906,3191500,35.83678436279297
2025-01-21,41.70000076293945,41.75,41.029998779296875,41.54999923706055,6313900,35.53742980957031
2025-01-22,41.59000015258789,41.869998931884766,41.130001068115234,41.130001068115234,4959900,35.17820739746094
2025-01-23,41.13999938964844,41.630001068115234,40.650001525878906,40.75,5706400,34.85319900512695
2025-01-24,40.75,40.86000061035156,40.2599983215332,40.630001068115234,4553600,34.75056457519531
2025-01-27,40.599998474121094,41.15999984741211,40.43000030517578,41.08000183105469,7749000,35.13544464111328
2025-01-28,41.09000015258789,41.33000183105469,40.45000076293945,40.97999954223633,10420200,35.04991149902344
2025-01-29,41.04999923706055,41.18000030517578,40.459999084472656,40.56999969482422,5538800,34.699249267578125
2025-01-30,40.779998779296875,41.5,40.43000030517578,41.369998931884766,8276500,35.383480072021484
2025-01-31,41.380001068115234,42.400001525878906,41.119998931884766,41.650001525878906,8665700,35.622962951660156
2025-02-03,41.650001525878906,41.75,41.06999969482422,41.13999938964844,8342300,35.18675994873047
2025-02-04,40.900001525878906,41.13999938964844,40.310001373291016,40.619998931884766,8210900,34.742008209228516
2025-02-05,40.63999938964844,40.63999938964844,40.060001373291016,40.209999084472656,7432900,34.39133834838867
2025-02-06,40.22999954223633,40.5,39.84000015258789,39.970001220703125,6065800,34.186073303222656
2025-02-07,40.04999923706055,40.25,39.31999969482422,39.70000076293945,8882300,33.95513916015625
2025-02-10,40.0,40.29999923706055,39.86000061035156,40.029998779296875,5350200,34.237388610839844
2025-02-11,40.36000061035156,40.36000061035156,39.7400016784668,40.25,6814000,34.4255485534668
2025-02-12,39.810001373291016,40.06999969482422,39.18000030517578,39.31999969482422,13940300,33.630130767822266
2025-02-13,39.20000076293945,39.560001373291016,39.029998779296875,39.43000030517578,4389900,33.72420883178711
2025-02-14,39.68000030517578,41.060001373291016,39.58000183105469,40.849998474121094,9946200,34.938724517822266
2025-02-17,41.0,41.61000061035156,40.900001525878906,41.310001373291016,3941000,35.3321647644043
2025-02-18,41.2599983215332,42.189998626708984,41.20000076293945,42.08000183105469,15844000,35.99073791503906
2025-02-19,41.709999084472656,42.560001373291016,41.540000915527344,42.25,10749600,36.13613510131836
2025-02-20,42.25,42.560001373291016,42.099998474121094,42.5,9136600,36.34995651245117
2025-02-21,42.65999984741211,42.65999984741211,42.119998931884766,42.2599983215332,7482100,36.14468765258789
2025-02-24,42.2599983215332,42.33000183105469,41.72999954223633,41.97999954223633,6694900,35.90520477294922
2025-02-25,42.09000015258789,42.279998779296875,41.45000076293945,41.619998931884766,11078400,35.5973014831543
2025-02-26,41.9900016784668,41.9900016784668,41.36000061035156,41.54999923706055,6480000,35.53742980957031
2025-02-27,39.79999923706055,40.08000183105469,37.720001220703125,39.2400016784668,48084000,33.561710357666016
2025-02-28,39.099998474121094,39.59000015258789,38.58000183105469,39.04999923706055,20950000,33.39919662475586
2025-03-05,38.209999084472656,38.209999084472656,37.18000030517578,37.25,11318400,31.85967254638672
2025-03-06,37.5,37.83000183105469,36.790000915527344,36.970001220703125,8828100,31.62019157409668
2025-03-07,36.970001220703125,37.70000076293945,36.91999816894531,37.41999816894531,9512700,32.005069732666016
2025-03-10,37.369998931884766,37.439998626708984,36.689998626708984,37.349998474121094,8816300,31.9451961517334
2025-03-11,37.560001373291016,37.619998931884766,36.310001373291016,36.58000183105469,7496600,31.2866268157959
2025-03-12,36.68000030517578,37.029998779296875,36.43000030517578,36.709999084472656,7368400,31.397811889648438
2025-03-13,36.689998626708984,37.369998931884766,36.4900016784668,36.970001220703125,6799500,31.62019157409668
2025-03-14,37.209999084472656,38.65999984741211,36.93000030517578,38.40999984741211,8459200,32.851806640625
2025-03-17,38.41999816894531,39.66999816894531,38.36000061035156,39.29999923706055,9473100,33.61302185058594
2025-03-18,39.45000076293945,39.61000061035156,39.099998474121094,39.33000183105469,6025200,33.63867950439453
2025-03-19,39.59000015258789,39.7599983215332,39.22999954223633,39.52000045776367,7237600,33.80118942260742
2025-03-20,39.47999954223633,40.209999084472656,39.20000076293945,39.70000076293945,15920900,33.95513916015625
2025-03-21,39.81999969482422,40.7400016784668,39.70000076293945,40.34000015258789,22722900,34.502525329589844
2025-03-24,40.29999923706055,40.4900016784668,39.97999954223633,40.2400016784668,6505100,34.41699981689453
2025-03-25,40.5,41.41999816894531,40.099998474121094,40.630001068115234,12410500,34.75056457519531
2025-03-26,40.939998626708984,41.459999084472656,40.72999954223633,41.060001373291016,6787500,35.11833953857422
2025-03-27,41.380001068115234,41.72999954223633,40.970001220703125,41.47999954223633,10847700,35.47755813598633
2025-03-28,41.38999938964844,41.7599983215332,40.7400016784668,41.06999969482422,6023900,35.126895904541016
2025-03-31,40.810001373291016,41.43000030517578,40.72999954223633,40.81999969482422,11318300,34.91307067871094
2025-04-01,40.869998931884766,42.20000076293945,40.79999923706055,41.029998779296875,7306800,35.092674255371094
2025-04-02,40.880001068115234,41.099998474121094,40.41999816894531,40.81999969482422,5378700,34.91307067871094
2025-04-03,39.66999816894531,39.90999984741211,38.93000030517578,39.380001068115234,11761500,33.68144226074219
2025-04-04,38.04999923706055,38.25,36.52000045776367,37.72999954223633,22917700,32.27021026611328
2025-04-07,37.20000076293945,37.56999969482422,35.52000045776367,35.630001068115234,28421800,30.474092483520508
2025-04-08,36.13999938964844,36.52000045776367,34.130001068115234,34.4900016784668,18081300,29.499059677124023
2025-04-09,33.70000076293945,35.9900016784668,33.45000076293945,35.56999969482422,29549700,30.422779083251953
2025-04-10,35.209999084472656,35.29999923706055,33.18000030517578,33.2599983215332,16049900,28.447052001953125
2025-04-11,33.560001373291016,34.290000915527344,32.7400016784668,33.91999816894531,19003500,29.01154136657715
2025-04-14,34.75,34.93000030517578,33.599998474121094,33.9900016784668,14919400,29.0714168548584
2025-04-15,34.20000076293945,34.22999954223633,33.2400016784668,33.36000061035156,9799200,28.532581329345703
2025-04-16,33.59000015258789,33.7400016784668,32.880001068115234,33.06999969482422,16459800,28.2845458984375
2025-04-17,32.68000030517578,33.470001220703125,32.47999954223633,33.16999816894531,14425100,29.026735305786133
2025-04-22,32.9900016784668,33.310001373291016,32.45000076293945,32.9900016784668,9723500,28.869220733642578
2025-04-23,33.45000076293945,33.56999969482422,32.5,32.75,15792500,28.65920066833496
2025-04-24,32.95000076293945,32.9900016784668,31.950000762939453,32.5099983215332,12407100,28.449176788330078
2025-04-25,32.5,32.849998474121094,32.20000076293945,32.66999816894531,10241800,28.589189529418945
2025-04-28,32.70000076293945,32.97999954223633,32.40999984741211,32.459999084472656,9107500,28.40542221069336
2025-04-29,32.45000076293945,32.869998931884766,32.16999816894531,32.54999923706055,10594100,28.484180450439453
2025-04-30,32.380001068115234,32.54999923706055,31.860000610351562,32.04999923706055,13204700,28.046634674072266
2025-05-02,32.25,32.970001220703125,31.90999984741211,32.689998626708984,22134800,28.606691360473633
2025-05-05,32.47999954223633,32.599998474121094,31.760000228881836,31.770000457763672,16917100,27.801610946655273
2025-05-06,32.25,32.63999938964844,32.15999984741211,32.27000045776367,9743200,28.239154815673828
2025-05-07,32.439998626708984,32.63999938964844,32.11000061035156,32.47999954223633,9591900,28.422924041748047
2025-05-08,32.81999969482422,33.310001373291016,32.560001373291016,33.029998779296875,11773200,28.90422248840332
2025-05-09,33.47999954223633,33.47999954223633,32.83000183105469,33.20000076293945,5555100,29.052989959716797
2025-05-12,34.0,34.54999923706055,33.97999954223633,34.099998474121094,8806600,29.84056854248047
2025-05-13,34.279998779296875,34.58000183105469,33.709999084472656,34.29999923706055,13202400,30.015588760375977
2025-05-14,34.0,34.25,33.630001068115234,34.08000183105469,7751900,29.823068618774414
2025-05-15,33.84000015258789,34.29999923706055,33.75,34.189998626708984,6386300,29.919326782226562
2025-05-16,34.189998626708984,34.5,33.75,34.150001525878906,9855500,29.884326934814453
2025-05-19,34.040000915527344,34.209999084472656,33.83000183105469,34.060001373291016,5297400,29.805570602416992
2025-05-20,34.099998474121094,34.630001068115234,34.029998779296875,34.16999816894531,6481800,29.901824951171875
2025-05-21,34.18000030517578,34.47999954223633,33.689998626708984,33.880001068115234,7894100,29.64805030822754
2025-05-22,33.779998779296875,33.779998779296875,33.02000045776367,33.43000030517578,10888600,29.254257202148438
2025-05-23,33.380001068115234,33.560001373291016,33.0099983215332,33.47999954223633,7083300,29.298009872436523
2025-05-26,33.75,33.779998779296875,33.43000030517578,33.4900016784668,2558300,29.306766510009766
2025-05-27,33.779998779296875,34.09000015258789,33.66999816894531,33.810001373291016,11891600,29.586795806884766
2025-05-28,34.04999923706055,34.04999923706055,33.38999938964844,33.38999938964844,6204000,29.219253540039062
2025-05-29,33.369998931884766,33.5099983215332,33.0,33.349998474121094,7118800,29.18425178527832
2025-05-30,33.34000015258789,33.34000015258789,32.90999984741211,32.90999984741211,15545300,28.79921531677246
2025-06-02,33.70000076293945,33.70000076293945,32.93000030517578,33.0099983215332,16262500,28.886720657348633
2025-06-03,31.299999237060547,32.34000015258789,31.100000381469727,32.310001373291016,12989200,29.07494354248047
2025-06-04,32.34000015258789,32.599998474121094,31.3700008392334,31.3700008392334,6208700,28.229063034057617
2025-06-05,31.510000228881836,31.760000228881836,31.149999618530273,31.200000762939453,7227900,28.07608413696289
2025-06-06,31.299999237060547,31.850000381469727,31.219999313354492,31.56999969482422,9612200,28.409038543701172
2025-06-09,31.100000381469727,31.479999542236328,30.84000015258789,31.239999771118164,9477200,28.112079620361328
2025-06-10,31.510000228881836,32.5,31.43000030517578,32.380001068115234,12033700,29.137935638427734
2025-06-11,32.41999816894531,33.5,32.41999816894531,33.33000183105469,15665100,29.99281883239746
2025-06-12,32.90999984741211,34.36000061035156,32.900001525878906,34.25,10820700,30.820701599121094
2025-06-13,35.61000061035156,35.779998779296875,34.81999969482422,34.97999954223633,21208800,31.47761344909668
2025-06-16,35.150001525878906,35.75,34.810001373291016,34.91999816894531,12002600,31.423614501953125
2025-06-17,35.099998474121094,36.18000030517578,35.099998474121094,35.95000076293945,12307300,32.350486755371094
2025-06-18,36.060001373291016,36.27000045776367,35.540000915527344,35.75,7821800,32.17051315307617
2025-06-20,35.650001525878906,36.27000045776367,35.56999969482422,35.90999984741211,23960500,32.314491271972656
2025-06-23,36.29999923706055,36.52000045776367,34.7400016784668,34.900001525878906,13582300,31.405624389648438
2025-06-24,34.20000076293945,34.810001373291016,33.900001525878906,34.16999816894531,17817000,30.748708724975586
2025-06-25,34.09000015258789,34.400001525878906,33.959999084472656,33.970001220703125,9869200,30.568737030029297
2025-06-26,34.2400016784668,34.349998474121094,34.029998779296875,34.220001220703125,6070400,30.793704986572266
2025-06-27,34.04999923706055,34.16999816894531,33.75,33.79999923706055,6193600,30.415760040283203
2025-06-30,33.689998626708984,34.380001068115234,33.59000015258789,34.09000015258789,11438600,30.67671775817871
2025-07-01,34.130001068115234,34.470001220703125,33.900001525878906,34.22999954223633,4328800,30.802701950073242
2025-07-02,34.43000030517578,35.20000076293945,34.33000183105469,34.95000076293945,8946600,31.45061683654785
2025-07-03,34.93000030517578,35.400001525878906,34.84000015258789,35.11000061035156,6871900,31.594593048095703
2025-07-04,35.04999923706055,35.220001220703125,34.91999816894531,35.150001525878906,2765700,31.630592346191406
2025-07-07,35.150001525878906,35.33000183105469,34.88999938964844,34.90999984741211,9363200,31.414621353149414
2025-07-08,35.189998626708984,35.810001373291016,34.95000076293945,35.790000915527344,19238300,32.20650863647461
2025-07-09,35.900001525878906,35.900001525878906,35.15999984741211,35.27000045776367,10288600,31.738571166992188
2025-07-10,34.810001373291016,35.599998474121094,34.77000045776367,35.33000183105469,10264600,31.792564392089844
2025-07-11,35.36000061035156,35.849998474121094,35.33000183105469,35.470001220703125,6286500,31.918548583984375
2025-07-14,35.5,35.79999923706055,34.90999984741211,35.09000015258789,7061200,31.57659339904785
2025-07-15,35.150001525878906,35.220001220703125,34.650001525878906,34.689998626708984,6347900,31.21664810180664
2025-07-16,34.650001525878906,34.68000030517578,34.18000030517578,34.38999938964844,5767600,30.946683883666992
2025-07-17,34.38999938964844,34.459999084472656,34.0099983215332,34.150001525878906,7868200,30.730712890625
2025-07-18,34.04999923706055,34.290000915527344,33.09000015258789,33.63999938964844,17222400,30.271778106689453
2025-07-21,33.68000030517578,34.02000045776367,33.380001068115234,33.72999954223633,5642500,30.352766036987305
2025-07-22,33.79999923706055,34.54999923706055,33.61000061035156,34.08000183105469,11698600,30.667724609375
2025-07-23,33.970001220703125,35.02000045776367,33.970001220703125,34.84000015258789,4535600,31.351621627807617
2025-07-24,34.84000015258789,34.9900016784668,34.599998474121094,34.880001068115234,7159200,31.387622833251953
2025-07-25,34.95000076293945,35.20000076293945,34.869998931884766,35.040000915527344,4859800,31.531600952148438
2025-07-28,35.11000061035156,35.630001068115234,34.540000915527344,35.02000045776367,12200100,31.51360511779785
2025-07-29,35.20000076293945,35.79999923706055,35.0,35.59000015258789,8502400,32.02653121948242
2025-07-30,35.56999969482422,36.130001068115234,35.36000061035156,35.9900016784668,10603400,32.386478424072266
2025-07-31,35.5,35.959999084472656,35.5,35.790000915527344,9052500,32.20650863647461
2025-08-01,36.16999816894531,36.16999816894531,34.95000076293945,35.279998779296875,5713900,31.74757194519043
2025-08-04,35.18000030517578,35.290000915527344,34.93000030517578,35.15999984741211,4631800,31.639585494995117
2025-08-05,35.20000076293945,35.56999969482422,35.029998779296875,35.439998626708984,6160100,31.89155387878418
2025-08-06,35.86000061035156,36.2599983215332,35.15999984741211,35.36000061035156,10981300,31.819561004638672
2025-08-07,35.599998474121094,36.02000045776367,35.43000030517578,35.61000061035156,7068400,32.044532775878906
2025-08-08,34.72999954223633,34.93000030517578,32.779998779296875,32.779998779296875,34670100,29.49788475036621
2025-08-11,33.0,33.36000061035156,32.869998931884766,32.93000030517578,8155500,29.63286590576172
2025-08-12,33.06999969482422,33.56999969482422,32.880001068115234,33.099998474121094,6510700,29.785846710205078
2025-08-13,32.90999984741211,33.13999938964844,32.66999816894531,32.939998626708984,8981900,29.64186668395996
2025-08-14,32.72999954223633,32.869998931884766,32.380001068115234,32.630001068115234,7398900,29.36290740966797
2025-08-15,32.529998779296875,32.619998931884766,32.20000076293945,32.599998474121094,8749600,29.335906982421875
2025-08-18,32.68000030517578,33.099998474121094,32.459999084472656,32.86000061035156,9347900,29.56987762451172
2025-08-19,32.5099983215332,32.869998931884766,32.34000015258789,32.40999984741211,10939200,29.164934158325195
2025-08-20,32.529998779296875,32.83000183105469,32.5099983215332,32.68000030517578,6860200,29.40789794921875
2025-08-21,32.68000030517578,32.849998474121094,32.36000061035156,32.650001525878906,9574800,29.380903244018555
2025-08-22,32.2400016784668,33.02000045776367,32.150001525878906,33.02000045776367,14179900,30.338205337524414
2025-08-25,33.08000183105469,33.34000015258789,32.97999954223633,33.060001373291016,7161500,30.374954223632812
2025-08-26,32.88999938964844,32.939998626708984,32.52000045776367,32.88999938964844,11908700,30.218759536743164
2025-08-27,32.84000015258789,33.189998626708984,32.810001373291016,33.08000183105469,8777400,30.393333435058594
2025-08-28,33.33000183105469,33.650001525878906,33.16999816894531,33.47999954223633,9971400,30.76084327697754
2025-08-29,33.439998626708984,33.869998931884766,33.38999938964844,33.75,11106800,31.0089168548584
2025-09-01,34.04999923706055,34.04999923706055,33.5099983215332,33.599998474121094,3439500,30.871095657348633
2025-09-02,33.31999969482422,33.95000076293945,33.31999969482422,33.86000061035156,5112300,31.109981536865234
2025-09-03,33.5,33.93000030517578,33.209999084472656,33.5,8603900,30.779218673706055
2025-09-04,33.31999969482422,34.0,33.31999969482422,33.65999984741211,7736200,30.92622184753418
2025-09-05,33.619998931884766,33.630001068115234,32.52000045776367,32.900001525878906,14906300,30.227951049804688
2025-09-08,33.150001525878906,33.41999816894531,32.900001525878906,33.189998626708984,7155700,30.494396209716797
2025-09-09,33.33000183105469,33.810001373291016,33.2400016784668,33.54999923706055,12015300,30.825157165527344
2025-09-10,33.56999969482422,34.470001220703125,33.45000076293945,34.40999984741211,12417000,31.61530876159668
2025-09-11,34.2599983215332,34.36000061035156,33.93000030517578,34.04999923706055,7470200,31.284547805786133
2025-09-12,34.029998779296875,34.529998779296875,33.70000076293945,33.75,5744600,31.0089168548584
2025-09-15,33.810001373291016,34.290000915527344,33.56999969482422,34.2400016784668,5569800,31.459117889404297
2025-09-16,34.29999923706055,34.38999938964844,33.900001525878906,34.18000030517578,6493300,31.403989791870117
2025-09-17,34.150001525878906,34.4900016784668,34.02000045776367,34.439998626708984,12977900,31.64287567138672
2025-09-18,34.439998626708984,34.45000076293945,33.63999938964844,34.18000030517578,8971000,31.403989791870117
2025-09-19,34.130001068115234,34.22999954223633,33.380001068115234,33.68000030517578,15727600,30.944599151611328
2025-09-22,33.5,34.099998474121094,33.349998474121094,34.040000915527344,6264100,31.275365829467773
2025-09-23,34.18000030517578,35.099998474121094,34.09000015258789,34.939998626708984,11811300,32.102264404296875
2025-09-24,35.290000915527344,35.84000015258789,35.0099983215332,35.83000183105469,10875100,32.91998291015625
2025-09-25,35.779998779296875,36.02000045776367,35.130001068115234,35.20000076293945,9525200,32.341148376464844
2025-09-26,35.31999969482422,35.7599983215332,34.849998474121094,34.97999954223633,7818900,32.139015197753906
2025-09-29,35.11000061035156,35.279998779296875,34.11000061035156,34.31999969482422,12887100,31.532623291015625
2025-09-30,34.25,34.41999816894531,33.34000015258789,33.779998779296875,23647500,31.036476135253906
2025-10-01,33.77000045776367,33.900001525878906,33.52000045776367,33.7400016784668,9510100,30.999725341796875
2025-10-02,33.7400016784668,33.7400016784668,33.150001525878906,33.31999969482422,9953500,30.61383819580078
2025-10-03,33.40999984741211,33.63999938964844,33.040000915527344,33.06999969482422,7076300,30.384140014648438
2025-10-06,33.310001373291016,33.34000015258789,32.7599983215332,32.880001068115234,9766600,30.20957374572754
2025-10-07,32.75,32.91999816894531,32.290000915527344,32.91999816894531,10257000,30.24632453918457
2025-10-08,33.06999969482422,33.119998931884766,32.470001220703125,32.59000015258789,7646200,29.943126678466797
2025-10-09,32.56999969482422,32.83000183105469,32.08000183105469,32.150001525878906,7071900,29.538862228393555
2025-10-10,32.099998474121094,32.099998474121094,31.739999771118164,31.90999984741211,13162700,29.31835174560547
2025-10-13,32.189998626708984,32.279998779296875,31.90999984741211,32.209999084472656,4739600,29.5939884185791
2025-10-14,31.969999313354492,32.66999816894531,31.90999984741211,32.189998626708984,12550900,29.575611114501953
2025-10-15,32.20000076293945,32.36000061035156,31.6200008392334,31.739999771118164,25664800,29.162160873413086
2025-10-16,31.639999389648438,31.760000228881836,31.389999389648438,31.489999771118164,8110200,28.932464599609375
2025-10-17,31.459999084472656,31.8799991607666,31.34000015258789,31.639999389648438,11956600,29.070280075073242
2025-10-20,31.549999237060547,31.690000534057617,31.190000534057617,31.559999465942383,8129100,28.99677848815918
2025-10-21,31.75,31.760000228881836,30.959999084472656,31.229999542236328,11621900,28.69358253479004
2025-10-22,31.68000030517578,31.8799991607666,31.270000457763672,31.75,8759900,29.171348571777344
2025-10-23,32.40999984741211,32.65999984741211,31.889999389648438,31.979999542236328,12605800,29.38266944885254
2025-10-24,32.0099983215332,32.279998779296875,31.610000610351562,31.75,5149800,29.171348571777344
2025-10-27,31.989999771118164,32.029998779296875,31.5,31.969999313354492,8703900,29.37347984313965
2025-10-28,31.8799991607666,32.310001373291016,31.649999618530273,32.0,14156400,29.401044845581055
2025-10-29,32.099998474121094,32.099998474121094,31.690000534057617,31.940000534057617,9629100,29.34592056274414
2025-10-30,31.799999237060547,32.08000183105469,31.469999313354492,31.65999984741211,9673400,29.088659286499023
2025-10-31,31.729999542236328,31.860000610351562,31.260000228881836,31.510000228881836,8863300,28.95083999633789
2025-11-03,31.81999969482422,32.27000045776367,31.510000228881836,31.790000915527344,9576200,29.208101272583008
2025-11-04,31.610000610351562,32.09000015258789,31.450000762939453,32.09000015258789,9486300,29.483734130859375
2025-11-05,32.09000015258789,32.86000061035156,31.969999313354492,32.66999816894531,15054300,30.01662826538086
2025-11-06,32.7400016784668,33.06999969482422,32.560001373291016,32.70000076293945,12473000,30.044191360473633
2025-11-07,33.0099983215332,34.290000915527344,32.5099983215332,34.279998779296875,19737100,31.49587059020996
2025-11-10,34.33000183105469,34.83000183105469,34.0,34.58000183105469,9396800,31.771507263183594
2025-11-11,34.880001068115234,35.84000015258789,34.72999954223633,35.40999984741211,16377000,32.53409194946289
2025-11-12,35.29999923706055,35.43000030517578,33.97999954223633,34.349998474121094,17882500,31.5601806640625
2025-11-13,34.470001220703125,35.02000045776367,34.38999938964844,34.65999984741211,10467100,31.845006942749023
2025-11-14,34.75,35.279998779296875,34.630001068115234,34.93000030517578,7271400,32.093082427978516
2025-11-17,34.93000030517578,35.22999954223633,34.81999969482422,34.95000076293945,6983900,32.111454010009766
2025-11-18,34.70000076293945,35.119998931884766,34.56999969482422,34.95000076293945,9488000,32.111454010009766
2025-11-19,34.58000183105469,35.060001373291016,34.45000076293945,34.86000061035156,12348600,32.02876281738281
2025-11-21,34.560001373291016,34.790000915527344,34.369998931884766,34.560001373291016,12812000,31.753128051757812
2025-11-24,34.529998779296875,34.790000915527344,34.25,34.38999938964844,21154800,31.596933364868164
2025-11-25,34.16999816894531,34.31999969482422,33.88999938964844,34.060001373291016,7533800,31.293733596801758
2025-11-26,34.119998931884766,34.310001373291016,33.84000015258789,33.95000076293945,10854400,31.192670822143555
2025-11-27,34.0,34.220001220703125,33.93000030517578,34.220001220703125,3335600,31.44074249267578
2025-11-28,33.93000030517578,34.09000015258789,32.959999084472656,33.380001068115234,11126600,30.66896629333496
2025-12-01,33.5,33.9900016784668,33.20000076293945,33.59000015258789,9948900,30.861909866333008
2025-12-02,33.720001220703125,33.900001525878906,33.060001373291016,33.77000045776367,8138300,31.02729034423828
2025-12-03,33.9900016784668,34.34000015258789,33.880001068115234,34.189998626708984,8279700,31.413177490234375
2025-12-04,34.45000076293945,34.5099983215332,34.06999969482422,34.380001068115234,12159000,31.58774757385254
2025-12-05,34.4900016784668,34.72999954223633,32.84000015258789,32.84000015258789,21255300,30.172822952270508
2025-12-08,33.22999954223633,33.689998626708984,33.02000045776367,33.279998779296875,11933000,30.577083587646484
2025-12-09,33.119998931884766,33.560001373291016,32.91999816894531,33.4900016784668,8058000,30.770030975341797
2025-12-10,33.5,33.619998931884766,33.20000076293945,33.560001373291016,5773000,30.834348678588867
2025-12-11,33.5099983215332,33.5099983215332,32.810001373291016,32.880001068115234,11488400,30.20957374572754
2025-12-12,33.0099983215332,33.38999938964844,32.88999938964844,33.279998779296875,11353400,30.577083587646484
2025-12-15,33.470001220703125,33.5099983215332,33.08000183105469,33.220001220703125,14639700,30.52195930480957
2025-12-16,33.0,33.0,31.979999542236328,32.310001373291016,15354600,29.685869216918945
2025-12-17,32.5,32.619998931884766,32.34000015258789,32.529998779296875,17818500,29.887998580932617
2025-12-18,32.4900016784668,32.790000915527344,32.33000183105469,32.45000076293945,11595400,29.814498901367188
2025-12-19,32.5,32.77000045776367,32.45000076293945,32.68000030517578,24659300,30.02581787109375
2025-12-22,32.900001525878906,33.060001373291016,32.65999984741211,32.84000015258789,10828100,30.172822952270508
2025-12-23,32.25,32.27000045776367,31.84000015258789,32.02000045776367,7826500,30.29784393310547
2025-12-26,31.90999984741211,32.13999938964844,31.6299991607666,32.119998931884766,4335800,30.392465591430664
2025-12-29,32.290000915527344,32.459999084472656,32.099998474121094,32.33000183105469,6737700,30.59117317199707
2025-12-30,32.41999816894531,32.68000030517578,32.20000076293945,32.56999969482422,6450700,30.81826400756836
2026-01-02,32.61000061035156,32.619998931884766,31.93000030517578,32.29999923706055,15637900,30.562782287597656
2026-01-05,32.31999969482422,32.33000183105469,31.229999542236328,31.760000228881836,15270700,30.051828384399414
2026-01-06,31.940000534057617,32.029998779296875,31.100000381469727,31.149999618530273,12059600,29.47463607788086
2026-01-07,31.1200008392334,31.299999237060547,30.989999771118164,31.18000030517578,11359800,29.503023147583008
2026-01-08,31.219999313354492,31.969999313354492,31.219999313354492,31.959999084472656,9513700,30.241069793701172
2026-01-09,32.06999969482422,32.38999938964844,31.790000915527344,31.899999618530273,11315300,30.18429946899414
2026-01-12,31.899999618530273,32.34000015258789,31.850000381469727,31.950000762939453,7519300,30.231609344482422
2026-01-13,31.959999084472656,33.279998779296875,31.809999465942383,33.040000915527344,16182500,31.262985229492188
2026-01-14,33.2400016784668,34.97999954223633,33.06999969482422,34.2400016784668,32918900,32.39844512939453
2026-01-15,33.880001068115234,34.040000915527344,33.56999969482422,33.88999938964844,12136500,32.06726837158203
2026-01-16,33.959999084472656,34.31999969482422,33.95000076293945,33.97999954223633,10025300,32.15242385864258
2026-01-19,33.810001373291016,34.16999816894531,33.810001373291016,34.15999984741211,3146500,32.32274627685547
2026-01-20,34.189998626708984,34.70000076293945,33.959999084472656,34.45000076293945,7453300,32.59715270996094
2026-01-21,34.75,36.20000076293945,34.650001525878906,36.029998779296875,35463000,34.09217071533203
2026-01-22,35.959999084472656,37.040000915527344,35.779998779296875,36.279998779296875,28591400,34.32872009277344
2026-01-23,36.84000015258789,38.099998474121094,36.810001373291016,37.720001220703125,17951500,35.691280364990234
2026-01-26,38.099998474121094,38.470001220703125,37.650001525878906,37.849998474121094,14262600,35.81428527832031
2026-01-27,38.02000045776367,39.310001373291016,37.900001525878906,38.90999984741211,16515300,36.8172721862793
2026-01-28,39.59000015258789,40.060001373291016,39.310001373291016,40.040000915527344,18425400,37.886497497558594
2026-01-29,40.630001068115234,41.2599983215332,40.04999923706055,40.29999923706055,20796200,38.13251495361328
2026-01-30,40.060001373291016,40.619998931884766,39.7400016784668,40.38999938964844,17280000,38.21767044067383
2026-02-02,39.22999954223633,39.720001220703125,39.08000183105469,39.59000015258789,14946400,37.46070098876953
2026-02-03,39.939998626708984,40.63999938964844,39.41999816894531,40.08000183105469,16026500,37.924346923828125
2026-02-04,39.810001373291016,40.11000061035156,39.43000030517578,39.849998474121094,12352900,37.70671463012695
2026-02-05,39.779998779296875,40.06999969482422,39.119998931884766,39.279998779296875,10896100,37.16737365722656
2026-02-06,39.41999816894531,39.560001373291016,38.709999084472656,38.869998931884766,7385600,36.77942657470703
2026-02-09,38.869998931884766,39.790000915527344,38.810001373291016,39.65999984741211,9529500,37.52693557739258
2026-02-10,39.5099983215332,39.9900016784668,39.18000030517578,39.86000061035156,7600800,37.716182708740234
2026-02-11,40.38999938964844,41.4900016784668,40.189998626708984,41.060001373291016,16009500,38.85163879394531
2026-02-12,40.939998626708984,40.939998626708984,39.470001220703125,39.790000915527344,10140200,37.64994430541992
2026-02-13,39.40999984741211,39.790000915527344,39.16999816894531,39.70000076293945,6709800,37.56478500366211
2026-02-18,39.70000076293945,40.18000030517578,39.70000076293945,40.13999938964844,10902300,37.98112106323242
2026-02-19,40.5,41.40999984741211,40.34000015258789,41.189998626708984,11518600,38.97464370727539
2026-02-20,40.790000915527344,41.220001220703125,40.400001525878906,40.939998626708984,9630200,38.73809051513672
2026-02-23,40.939998626708984,42.43000030517578,40.88999938964844,41.7400016784668,12927000,39.49506759643555
2026-02-24,42.0,42.77000045776367,41.959999084472656,42.689998626708984,10752600,40.39397048950195
2026-02-25,42.900001525878906,43.11000061035156,42.2400016784668,42.810001373291016,6607900,40.50751876831055
2026-02-26,42.59000015258789,43.08000183105469,42.13999938964844,42.75,8695700,40.45074462890625
2026-02-27,42.95000076293945,43.58000183105469,42.529998779296875,42.72999954223633,13279300,40.431819915771484
2026-03-02,45.0,45.0,43.900001525878906,44.709999084472656,16688900,42.305328369140625
2026-03-03,45.040000915527344,45.779998779296875,44.290000915527344,44.380001068115234,26054900,41.99307632446289
2026-03-04,44.540000915527344,44.79999923706055,43.400001525878906,44.060001373291016,10727900,41.69028854370117
2026-03-05,44.099998474121094,44.2599983215332,43.45000076293945,43.970001220703125,13405400,41.60512924194336
2026-03-06,45.15999984741211,47.0,44.72999954223633,45.779998779296875,25315100,43.317779541015625
2026-03-09,47.040000915527344,48.2400016784668,46.70000076293945,46.75,24620400,44.23561096191406
2026-03-10,45.9900016784668,46.959999084472656,45.810001373291016,46.65999984741211,13632000,44.150447845458984
2026-03-11,47.0099983215332,49.04999923706055,47.0099983215332,48.939998626708984,17598700,46.30781936645508
2026-03-12,50.08000183105469,50.31999969482422,48.52000045776367,49.650001525878906,22729300,46.979637145996094
2026-03-13,49.20000076293945,50.099998474121094,48.95000076293945,49.380001068115234,11663100,46.72416305541992
2026-03-16,49.65999984741211,50.61000061035156,49.400001525878906,50.119998931884766,9216500,47.42435836791992
2026-03-17,50.529998779296875,51.779998779296875,50.43000030517578,50.72999954223633,16170000,48.00155258178711
2026-03-18,51.20000076293945,51.939998626708984,50.97999954223633,51.630001068115234,16908500,48.8531494140625
2026-03-19,51.95000076293945,53.209999084472656,51.459999084472656,51.56999969482422,18102600,48.79636764526367
2026-03-20,51.79999923706055,52.18000030517578,49.65999984741211,50.34000015258789,23607500,47.63252639770508
2026-03-23,48.810001373291016,50.93000030517578,48.810001373291016,50.68000030517578,27956200,47.95423889160156
2026-03-24,50.68000030517578,52.650001525878906,50.599998474121094,51.95000076293945,14302700,49.15593338012695
2026-03-25,51.400001525878906,52.2400016784668,51.02000045776367,52.2400016784668,13755000,49.430335998535156
2026-03-26,52.5,53.959999084472656,52.2400016784668,53.369998931884766,12658200,50.49956130981445
2026-03-27,53.84000015258789,54.619998931884766,53.380001068115234,54.29999923706055,13989200,51.379539489746094
2026-03-30,54.7599983215332,56.13999938964844,54.380001068115234,54.650001525878906,17779800,51.710716247558594
2026-03-31,55.150001525878906,55.779998779296875,52.63999938964844,53.90999984741211,20490900,51.01051712036133
2026-04-01,52.79999923706055,53.209999084472656,51.13999938964844,51.93000030517578,28287800,49.13701248168945
2026-04-02,53.95000076293945,54.40999984741211,52.7599983215332,53.099998474121094,14827700,50.244075775146484
2026-04-06,53.02000045776367,53.95000076293945,52.7400016784668,53.709999084472656,9873500,50.82126998901367
2026-04-07,53.7599983215332,54.5,53.20000076293945,53.560001373291016,11500200,50.679344177246094
2026-04-08,49.38999938964844,51.279998779296875,48.70000076293945,51.189998626708984,38584900,48.43680953979492
2026-04-09,52.2599983215332,53.45000076293945,51.70000076293945,52.689998626708984,18429600,49.85612869262695
2026-04-10,52.810001373291016,54.0,52.349998474121094,54.0,12758500,51.09567642211914
2026-04-13,55.08000183105469,55.31999969482422,54.61000061035156,54.959999084472656,17585600,52.00404357910156
2026-04-14,54.689998626708984,54.849998474121094,52.150001525878906,52.52000045776367,19903800,49.69527816772461
2026-04-15,52.380001068115234,52.59000015258789,51.15999984741211,51.5,15626300,48.73013687133789
2026-04-16,51.689998626708984,53.959999084472656,51.29999923706055,53.65999984741211,12770200,50.77396011352539
2026-04-17,51.279998779296875,51.439998626708984,49.27000045776367,50.810001373291016,20466700,48.07725143432617
2026-04-20,52.0,52.31999969482422,51.220001220703125,51.7400016784668,9311500,48.95722961425781
2026-04-22,52.66999816894531,52.900001525878906,52.029998779296875,52.70000076293945,14180100,49.8656005859375
2026-04-23,52.119998931884766,53.119998931884766,51.95000076293945,52.75,10415600,50.54894256591797
2026-04-24,52.33000183105469,52.5099983215332,51.369998931884766,52.2400016784668,8963300,50.06022262573242
2026-04-27,52.40999984741211,53.52000045776367,52.2400016784668,52.41999816894531,8445700,50.23271179199219
2026-04-28,52.77000045776367,53.380001068115234,52.5,52.79999923706055,8064700,50.59685516357422
2026-04-29,53.369998931884766,55.0099983215332,53.209999084472656,54.470001220703125,15662800,52.19717788696289
2026-04-30,54.119998931884766,54.72999954223633,53.599998474121094,54.72999954223633,21684800,52.44632339477539
2026-05-04,54.7400016784668,55.189998626708984,54.20000076293945,54.290000915527344,14382800,52.024688720703125
2026-05-05,53.81999969482422,54.20000076293945,53.31999969482422,53.540000915527344,8151400,51.30598068237305
2026-05-06,51.529998779296875,52.220001220703125,51.29999923706055,51.52000045776367,15684800,49.370269775390625
2026-05-07,50.459999084472656,50.86000061035156,49.08000183105469,50.54999923706055,15342700,48.440738677978516
2026-05-08,50.529998779296875,50.779998779296875,49.79999923706055,50.11000061035156,5742400,48.019100189208984
2026-05-11,50.560001373291016,51.09000015258789,49.7400016784668,50.810001373291016,9110500,48.68989562988281
2026-05-12,50.689998626708984,50.779998779296875,49.45000076293945,50.220001220703125,13872700,48.12451171875
2026-05-13,50.20000076293945,50.400001525878906,48.790000915527344,48.97999954223633,11692100,46.93625259399414
2026-05-14,48.900001525878906,49.88999938964844,48.810001373291016,49.380001068115234,7969300,47.31956481933594
2026-05-15,49.93000030517578,50.5099983215332,49.45000076293945,50.45000076293945,9431900,48.34491729736328
2026-05-18,49.56999969482422,51.790000915527344,49.119998931884766,51.790000915527344,17232600,49.62900161743164
2026-05-19,51.22999954223633,51.7400016784668,50.79999923706055,51.66999816894531,17051600,49.514007568359375
2026-05-20,51.310001373291016,52.15999984741211,49.68000030517578,49.68000030517578,12384700,47.6070442199707
2026-05-21,50.29999923706055,51.2599983215332,49.81999969482422,50.29999923706055,12664900,48.201171875
2026-05-22,49.81999969482422,50.150001525878906,49.11000061035156,50.150001525878906,12674000,48.057430267333984
2026-05-25,49.040000915527344,49.25,48.38999938964844,48.689998626708984,5163100,46.65835189819336
2026-05-26,48.720001220703125,49.380001068115234,48.52000045776367,48.88999938964844,10356300,46.850006103515625
2026-05-27,47.630001068115234,48.540000915527344,47.54999923706055,48.099998474121094,10616700,46.09296798706055
2026-05-28,48.380001068115234,48.58000183105469,47.43000030517578,47.540000915527344,5799200,45.556339263916016
2026-05-29,47.15999984741211,47.59000015258789,46.72999954223633,46.72999954223633,23771100,44.78013610839844
2026-06-01,47.29999923706055,48.369998931884766,47.099998474121094,47.34000015258789,13682400,45.36468505859375
2026-06-02,46.849998474121094,46.959999084472656,46.279998779296875,46.470001220703125,7742600,45.20027542114258
2026-06-03,46.5,46.849998474121094,45.95000076293945,45.95000076293945,10466400,44.69448471069336
2026-06-05,45.79999923706055,46.220001220703125,45.4900016784668,45.709999084472656,9357800,44.46104049682617
2026-06-08,46.0,46.290000915527344,45.720001220703125,46.040000915527344,7395000,44.78202438354492
2026-06-09,45.79999923706055,46.43000030517578,45.52000045776367,46.119998931884766,11099400,44.85983657836914
2026-06-10,45.97999954223633,47.4900016784668,45.97999954223633,46.810001373291016,13382400,45.53098678588867
2026-06-11,46.77000045776367,47.56999969482422,46.2400016784668,46.79999923706055,11252000,45.52125549316406
2026-06-12,46.099998474121094,46.720001220703125,45.56999969482422,46.189998626708984,7362100,44.92792510986328
2026-06-15,44.970001220703125,44.970001220703125,43.7400016784668,43.7400016784668,12926500,42.54486846923828
2026-06-16,42.88999938964844,43.650001525878906,42.86000061035156,43.31999969482422,11675000,42.13634490966797
2026-06-17,43.130001068115234,43.650001525878906,42.810001373291016,43.06999969482422,16057100,41.89317321777344
2026-06-18,42.880001068115234,43.34000015258789,41.810001373291016,43.130001068115234,14463100,41.9515380859375
2026-06-19,43.119998931884766,43.349998474121094,42.79999923706055,43.34000015258789,12450300,42.15579605102539
2026-06-22,43.34000015258789,43.720001220703125,42.77000045776367,43.63999938964844,5521900,42.447601318359375
2026-06-23,43.279998779296875,44.310001373291016,43.27000045776367,43.97999954223633,7480300,42.7783088684082
2026-06-24,43.29999923706055,43.40999984741211,42.369998931884766,42.79999923706055,11473400,41.630550384521484
2026-06-25,42.79999923706055,42.939998626708984,42.09000015258789,42.75,6704400,41.58191680908203
2026-06-26,42.369998931884766,42.619998931884766,42.029998779296875,42.25,8624000,41.0955810546875
2026-06-29,42.5,42.619998931884766,42.02000045776367,42.310001373291016,7365900,41.1539421081543
2026-06-30,42.11000061035156,42.2599983215332,41.650001525878906,41.779998779296875,14698500,40.63842010498047
2026-07-01,41.349998474121094,41.83000183105469,41.31999969482422,41.56999969482422,8501500,40.43415832519531
2026-07-02,41.400001525878906,42.61000061035156,41.400001525878906,42.099998474121094,8107700,40.949676513671875
2026-07-03,42.15999984741211,42.5,41.91999816894531,42.38999938964844,6314400,41.231754302978516
2026-07-06,42.09000015258789,42.16999816894531,41.560001373291016,41.849998474121094,9305800,40.70650863647461
2026-07-07,42.119998931884766,43.290000915527344,42.08000183105469,42.959999084472656,9925400,41.78617858886719
2026-07-08,44.16999816894531,44.4900016784668,43.34000015258789,44.15999984741211,11262500,42.953392028808594
2026-07-09,44.220001220703125,44.63999938964844,43.2400016784668,43.529998779296875,10895400,42.340606689453125
2026-07-10,43.86000061035156,44.33000183105469,43.66999816894531,44.189998626708984,9670800,42.98257064819336
2026-07-13,45.029998779296875,45.970001220703125,44.7400016784668,45.709999084472656,11283300,44.46104049682617
2026-07-14,46.349998474121094,46.36000061035156,45.029998779296875,45.47999954223633,11393100,44.23732376098633
2026-07-15,45.52000045776367,45.72999954223633,44.959999084472656,45.529998779296875,8317200,44.28595733642578
2026-07-16,45.45000076293945,45.70000076293945,44.540000915527344,44.63999938964844,7938200,43.4202766418457
2026-07-17,45.029998779296875,45.97999954223633,45.029998779296875,45.810001373291016,11069200,44.558311462402344
2026-07-20,45.810001373291016,46.56999969482422,45.15999984741211,46.119998931884766,8057700,44.85983657836914
2026-07-21,46.349998474121094,46.970001220703125,46.20000076293945,46.779998779296875,6728700,45.50180435180664
2026-07-22,47.29999923706055,48.25,47.2599983215332,47.900001525878906,8272200,46.59120559692383
2026-07-23,48.810001373291016,49.060001373291016,48.279998779296875,48.70000076293945,11563900,47.36934280395508
2026-07-24,48.119998931884766,48.540000915527344,47.5,47.54999923706055,7647400,46.250762939453125
2026-07-27,46.220001220703125,46.720001220703125,46.0099983215332,46.04999923706055,6206800,44.791751861572266
2026-07-28,46.0,47.189998626708984,45.900001525878906,46.41999816894531,9858100,45.15163803100586
2026-07-29,47.52000045776367,47.939998626708984,47.209999084472656,47.5099983215332,9365700,46.211856842041016
2026-07-30,47.58000183105469,48.560001373291016,47.2599983215332,48.54999923706055,6674100,47.22344207763672
2026-07-31,48.959999084472656,49.43000030517578,48.560001373291016,49.040000915527344,7065500,47.70005416870117
2026-08-03,48.0,48.83000183105469,47.9900016784668,48.619998931884766,9073200,47.291526794433594
2026-08-04,48.560001373291016,48.650001525878906,47.209999084472656,48.150001525878906,16614700,46.834373474121094
2026-08-05,48.4900016784668,48.65999984741211,47.02000045776367,47.150001525878906,8497300,45.861698150634766
2026-08-06,47.27000045776367,47.75,47.119998931884766,47.310001373291016,6265900,46.01732635498047
2026-08-07,48.0,48.33000183105469,45.689998626708984,45.689998626708984,19561500,44.441585540771484
2026-08-10,45.810001373291016,47.470001220703125,45.810001373291016,47.209999084472656,9676300,45.9200553894043
2026-08-11,47.220001220703125,47.36000061035156,46.0099983215332,46.529998779296875,11541900,45.25863265991211
2026-08-12,46.31999969482422,46.779998779296875,45.900001525878906,46.31999969482422,19043800,45.05437469482422
2026-08-13,46.13999938964844,46.7400016784668,45.70000076293945,46.72999954223633,10459700,45.45317077636719
2026-08-14,46.599998474121094,47.27000045776367,46.52000045776367,46.83000183105469,9580800,45.55044174194336
2026-08-17,47.130001068115234,47.59000015258789,46.54999923706055,47.459999084472656,7069000,46.16322326660156
2026-08-18,47.79999923706055,48.29999923706055,47.20000076293945,47.529998779296875,7512200,46.2313117980957
2026-08-19,47.79999923706055,49.040000915527344,47.68000030517578,48.13999938964844,15386700,46.824642181396484
2026-08-20,48.70000076293945,49.97999954223633,48.459999084472656,49.40999984741211,9862500,48.05994415283203
2026-08-21,49.54999923706055,49.86000061035156,49.099998474121094,49.34000015258789,5982100,47.99185562133789
2026-08-24,47.599998474121094,47.599998474121094,46.279998779296875,46.939998626708984,8728900,46.939998626708984
2026-08-25,46.0099983215332,46.65999984741211,45.599998474121094,45.97999954223633,12339700,45.97999954223633
2026-08-26,45.900001525878906,46.790000915527344,45.400001525878906,45.93000030517578,20594200,45.93000030517578
2026-08-27,45.939998626708984,47.5,45.290000915527344,47.310001373291016,7275100,47.310001373291016
2026-08-28,47.29999923706055,48.25,47.15999984741211,48.25,5427500,48.25
2026-08-31,49.400001525878906,50.380001068115234,49.119998931884766,50.290000915527344,11612700,50.290000915527344
2026-09-01,51.0,52.470001220703125,50.81999969482422,52.369998931884766,10985700,52.369998931884766
2026-09-02,52.279998779296875,53.77000045776367,51.900001525878906,53.540000915527344,18260400,53.540000915527344
2026-09-03,54.0,54.540000915527344,52.36000061035156,52.58000183105469,16659400,52.58000183105469
2026-09-04,52.310001373291016,52.40999984741211,51.560001373291016,52.0099983215332,9310300,52.0099983215332
2026-09-08,53.16999816894531,53.540000915527344,52.400001525878906,53.2400016784668,11329700,53.2400016784668
2026-09-09,53.810001373291016,54.16999816894531,53.209999084472656,53.689998626708984,7943200,53.689998626708984
2026-09-10,54.34000015258789,54.97999954223633,53.59000015258789,54.63999938964844,12613400,54.63999938964844
2026-09-11,53.97999954223633,54.59000015258789,53.4900016784668,54.52000045776367,11513900,54.52000045776367
2026-09-14,55.060001373291016,55.2599983215332,54.130001068115234,54.2599983215332,9070900,54.2599983215332
2026-09-15,54.63999938964844,56.650001525878906,54.43000030517578,56.22999954223633,9520500,56.22999954223633
2026-09-16,55.52000045776367,55.66999816894531,53.83000183105469,53.83000183105469,12425600,53.83000183105469
2026-09-17,53.290000915527344,54.41999816894531,53.11000061035156,54.0,6947100,54.0
2026-09-18,53.72999954223633,53.9900016784668,53.349998474121094,53.40999984741211,15660400,53.40999984741211
2026-09-21,53.099998474121094,53.560001373291016,52.630001068115234,52.880001068115234,8872900,52.880001068115234
2026-09-22,52.209999084472656,53.25,52.02000045776367,53.20000076293945,14175800,53.20000076293945
2026-09-23,53.36000061035156,55.130001068115234,53.36000061035156,54.59000015258789,8975600,54.59000015258789
2026-09-24,54.90999984741211,55.52000045776367,54.119998931884766,54.119998931884766,8454900,54.119998931884766
2026-09-25,53.79999923706055,53.88999938964844,52.7400016784668,53.040000915527344,6591500,53.040000915527344
2026-09-28,53.58000183105469,54.61000061035156,53.38999938964844,54.0099983215332,8694000,54.0099983215332
2026-09-29,53.599998474121094,54.060001373291016,52.90999984741211,54.060001373291016,9875900,54.060001373291016
2026-09-30,54.79999923706055,55.279998779296875,53.869998931884766,53.869998931884766,10445100,53.869998931884766
