Date,Open,High,Low,Close,Volume,Adj_Close
2016-09-28,13.018716812133789,13.79430103302002,12.593993186950684,13.443442344665527,1240966,5.5786004066467285
2016-09-29,13.452674865722656,14.209792137145996,13.277244567871094,13.572705268859863,1578446,5.632243633270264
2016-09-30,13.674269676208496,13.905097961425781,13.443442344665527,13.609638214111328,560915,5.6475677490234375
2016-10-03,13.96049690246582,14.255956649780273,13.545005798339844,14.080528259277344,867203,5.84296989440918
2016-10-04,14.062061309814453,14.219024658203125,13.618870735168457,13.729668617248535,343004,5.697375297546387
2016-10-05,14.098994255065918,14.911510467529297,13.997428894042969,14.7730131149292,762471,6.130331993103027
2016-10-06,15.086938858032227,15.899455070495605,14.569884300231934,15.631693840026855,1136017,6.48665714263916
2016-10-07,15.659393310546875,15.834822654724121,15.086938858032227,15.225436210632324,335964,6.318074703216553
2016-10-11,15.899455070495605,16.028718948364258,15.456263542175293,15.705558776855469,552142,6.517307758331299
2016-10-12,15.87175464630127,15.87175464630127,15.216202735900879,15.363932609558105,226900,6.375545024871826
2016-10-13,15.234668731689453,15.899455070495605,14.976141929626465,15.59476089477539,442320,6.471333026885986
2016-10-14,15.788657188415527,15.834822654724121,15.465497970581055,15.483963966369629,497881,6.425353527069092
2016-10-17,15.280835151672363,15.354700088500977,14.791479110717773,15.114639282226562,261450,6.272096157073975
2016-10-18,15.271601676940918,15.511663436889648,15.077706336975098,15.280835151672363,2765150,6.341063022613525
2016-10-19,15.38239860534668,16.13028335571289,15.38239860534668,15.705558776855469,454992,6.517307758331299
2016-10-20,15.465497970581055,15.927153587341309,15.410099029541016,15.557828903198242,156610,6.45600700378418
2016-10-21,15.511663436889648,16.287246704101562,15.511663436889648,16.019485473632812,476978,6.647576808929443
2016-10-24,15.927153587341309,15.954854011535645,15.234668731689453,15.493197441101074,499505,6.429183006286621
2016-10-25,15.65015983581543,15.788657188415527,15.096172332763672,15.151571273803711,394557,6.287421703338623
2016-10-26,14.911510467529297,15.37316608428955,14.514485359191895,14.726846694946289,301523,6.111175060272217
2016-10-27,14.7730131149292,14.883810043334961,14.523717880249023,14.606816291809082,396615,6.061365604400635
2016-10-28,14.542183876037598,14.865344047546387,14.246724128723145,14.375988006591797,385135,5.965579032897949
2016-10-31,14.311355590820312,14.311355590820312,13.79430103302002,14.052827835083008,667487,5.83147668838501
2016-11-01,14.052827835083008,14.4036865234375,13.932798385620117,14.209792137145996,250727,5.896613121032715
2016-11-02,13.665037155151367,13.98819637298584,13.240312576293945,13.646570205688477,348744,5.662893295288086
2016-11-03,13.701969146728516,13.701969146728516,12.917153358459473,12.963318824768066,290259,5.37936544418335
2016-11-04,12.870986938476562,13.406509399414062,12.400097846984863,12.54782772064209,508278,5.206949710845947
2016-11-07,12.74172306060791,13.221845626831055,12.732489585876465,13.111048698425293,292533,5.440670013427734
2016-11-08,12.963318824768066,13.49884033203125,12.74172306060791,13.175681114196777,260692,5.467491149902344
2016-11-09,12.84328842163086,13.729668617248535,12.84328842163086,13.129514694213867,442970,5.448330402374268
2016-11-10,13.212613105773926,13.831233024597168,13.194147109985352,13.415741920471191,383402,5.567107200622559
2016-11-11,13.295710563659668,13.637336730957031,12.917153358459473,13.581938743591309,579868,5.636074542999268
2016-11-14,13.563471794128418,14.135926246643066,13.554239273071289,14.043595314025879,270981,5.827646732330322
2016-11-15,14.320589065551758,15.317768096923828,14.22825813293457,14.625283241271973,1488985,6.069026470184326
2016-11-16,14.49601936340332,14.902276992797852,14.302123069763184,14.569884300231934,389467,6.04603910446167
2016-11-17,14.7730131149292,14.920742988586426,14.348288536071777,14.412919998168945,362715,5.980905055999756
2016-11-18,14.514485359191895,15.013073921203613,14.49601936340332,14.652981758117676,341488,6.080522060394287
2016-11-21,14.98537540435791,15.557828903198242,14.96690845489502,15.4747314453125,512285,6.421521186828613
2016-11-22,15.557828903198242,15.908687591552734,15.20697021484375,15.502429962158203,439612,6.433016777038574
2016-11-23,15.308533668518066,15.742491722106934,15.170037269592285,15.557828903198242,265890,6.45600700378418
2016-11-24,15.502429962158203,15.742491722106934,15.502429962158203,15.687092781066895,96500,6.509645938873291
2016-11-25,15.520895957946777,15.548596382141113,15.170037269592285,15.290067672729492,192134,6.344892978668213
2016-11-28,15.327000617980957,15.557828903198242,15.170037269592285,15.17927074432373,322859,6.298914909362793
2016-11-29,14.736080169677734,15.327000617980957,14.680681228637695,15.123871803283691,408745,6.27592658996582
2016-11-30,16.04718589782715,16.564239501953125,15.825590133666992,16.028718948364258,967819,6.651410102844238
2016-12-01,16.462675094604492,17.339824676513672,16.157983779907227,16.278013229370117,651350,6.754859447479248
2016-12-02,16.32417869567871,16.730436325073242,16.32417869567871,16.43497657775879,254410,6.819995403289795
2016-12-05,16.905866622924805,17.025896072387695,16.361112594604492,16.4165096282959,313978,6.81233024597168
2016-12-06,16.250314712524414,16.933565139770508,16.250314712524414,16.832000732421875,352210,6.984748840332031
2016-12-07,16.758136749267578,16.961265563964844,16.43497657775879,16.490375518798828,206539,6.842981815338135
2016-12-08,16.582706451416016,16.915098190307617,16.287246704101562,16.89663314819336,375929,7.011567115783691
2016-12-09,16.998197555541992,17.37675666809082,16.730436325073242,16.795068740844727,310079,6.969422340393066
2016-12-12,17.53371810913086,17.68144989013672,16.4165096282959,16.555007934570312,397265,6.869801044464111
2016-12-13,16.619638442993164,16.850467681884766,16.50884246826172,16.6473388671875,318094,6.90811824798584
2016-12-14,16.527307510375977,16.89663314819336,16.24108123779297,16.3426456451416,467664,6.781680583953857
2016-12-15,16.04718589782715,16.85970115661621,16.010251998901367,16.730436325073242,591565,6.942598819732666
2016-12-16,16.942798614501953,17.68144989013672,16.942798614501953,17.404455184936523,667812,7.22229528427124
2016-12-19,17.395221710205078,17.773780822753906,17.35828971862793,17.5152530670166,264266,7.268276214599609
2016-12-20,17.62605094909668,17.635284423828125,17.265958786010742,17.32135772705078,249644,7.187815189361572
2016-12-21,17.43215560913086,17.542953491210938,17.016664505004883,17.118228912353516,284627,7.103520393371582
2016-12-22,17.12746238708496,17.24749183654785,16.711971282958984,16.89663314819336,181304,7.011567115783691
2016-12-23,16.89663314819336,16.942798614501953,16.545774459838867,16.656572341918945,133541,6.91195011138916
2016-12-28,16.887399673461914,17.09052848815918,16.711971282958984,16.748903274536133,333365,6.950263500213623
2016-12-29,16.748903274536133,16.82276725769043,16.45344352722168,16.795068740844727,391958,6.969422340393066
2016-12-30,16.748903274536133,16.887399673461914,16.619638442993164,16.68427085876465,195708,6.923442840576172
2017-01-03,16.730436325073242,17.12746238708496,16.37957763671875,16.59193992614746,663805,6.885127067565918
2017-01-04,16.619638442993164,16.748903274536133,16.481142044067383,16.619638442993164,533405,6.8966217041015625
2017-01-05,17.214567184448242,17.942913055419922,16.988189697265625,17.598424911499023,477723,7.318389415740967
2017-01-06,17.637794494628906,17.637794494628906,17.00787353515625,17.14566993713379,228194,7.130110263824463
2017-01-09,16.97834587097168,16.97834587097168,16.112205505371094,16.19094467163086,354178,6.733081340789795
2017-01-10,16.377952575683594,16.48621940612793,16.062992095947266,16.14173126220703,244450,6.71261739730835
2017-01-11,16.299213409423828,16.299213409423828,15.866142272949219,15.974409103393555,240081,6.643036365509033
2017-01-12,16.289369583129883,16.289369583129883,15.698819160461426,16.053150177001953,286715,6.675781726837158
2017-01-13,16.062992095947266,16.48621940612793,15.777559280395508,16.22047233581543,444602,6.745365142822266
2017-01-16,16.230314254760742,16.230314254760742,15.748030662536621,15.9448823928833,184607,6.630756855010986
2017-01-17,16.22047233581543,16.230314254760742,15.905511856079102,16.171260833740234,615493,6.724898338317871
2017-01-18,15.954724311828613,16.417322158813477,15.767717361450195,16.082677841186523,272288,6.6880598068237305
2017-01-19,16.16141700744629,16.446849822998047,16.14173126220703,16.25,362001,6.757641315460205
2017-01-20,16.456693649291992,17.14566993713379,16.456693649291992,16.840551376342773,708863,7.003225326538086
2017-01-23,16.66338539123535,16.66338539123535,16.210630416870117,16.496063232421875,361493,6.859966278076172
2017-01-24,16.564960479736328,17.41141700744629,16.564960479736328,16.97834587097168,334162,7.06052827835083
2017-01-25,16.97834587097168,17.09645652770996,16.77165412902832,16.811023712158203,185217,6.990950107574463
2017-01-26,16.968503952026367,17.076772689819336,16.66338539123535,16.751968383789062,120701,6.96638822555542
2017-01-27,16.751968383789062,16.77165412902832,16.377952575683594,16.407480239868164,244145,6.823129177093506
2017-01-30,16.299213409423828,16.299213409423828,15.748030662536621,15.984251976013184,357022,6.647130489349365
2017-01-31,16.01378059387207,16.496063232421875,15.846456527709961,16.456693649291992,295351,6.843596458435059
2017-02-01,16.673227310180664,17.185039520263672,16.555118560791016,16.97834587097168,357937,7.06052827835083
2017-02-02,16.929134368896484,17.017717361450195,16.545276641845703,16.673227310180664,277266,6.933642387390137
2017-02-03,16.77165412902832,16.879920959472656,16.417322158813477,16.505905151367188,172110,6.86406135559082
2017-02-06,16.456693649291992,16.456693649291992,16.151575088500977,16.181102752685547,224028,6.72899055480957
2017-02-07,16.14173126220703,16.14173126220703,15.39370059967041,15.580709457397461,402742,6.47931432723999
2017-02-08,15.49212646484375,15.82677173614502,14.990157127380371,15.718503952026367,278282,6.53661584854126
2017-02-09,15.895668983459473,16.043306350708008,15.43307113647461,15.679134368896484,230327,6.520244598388672
2017-02-10,15.85629940032959,16.16141700744629,15.738188743591309,15.925196647644043,110744,6.6225714683532715
2017-02-13,15.807086944580078,15.9448823928833,15.629920959472656,15.88582706451416,148946,6.606198787689209
2017-02-14,16.01378059387207,16.14173126220703,15.75787353515625,16.033464431762695,143256,6.667592525482178
2017-02-15,15.994093894958496,17.64763832092285,15.9448823928833,17.549213409423828,677875,7.297924518585205
2017-02-16,17.942913055419922,18.34645652770996,17.87401580810547,18.22834587097168,414630,7.5803446769714355
2017-02-17,18.19881820678711,18.622047424316406,18.08070945739746,18.179134368896484,384556,7.559878349304199
2017-02-21,18.543306350708008,18.60236167907715,18.326772689819336,18.533464431762695,725830,7.707233428955078
2017-02-22,18.4055118560791,18.4055118560791,18.011810302734375,18.031496047973633,351536,7.498486042022705
2017-02-23,18.356298446655273,18.474409103393555,17.85433006286621,17.90354347229004,207061,7.44527530670166
2017-02-24,17.7657470703125,17.795276641845703,17.11614227294922,17.224409103393555,206045,7.162852764129639
2017-02-27,17.26378059387207,17.26378059387207,16.879920959472656,17.017717361450195,106477,7.076901435852051
2017-02-28,16.91929054260254,17.2342529296875,16.65354347229004,17.1555118560791,214681,7.134202003479004
2017-03-01,17.244094848632812,17.775590896606445,17.244094848632812,17.568897247314453,313944,7.306111812591553
2017-03-02,17.480314254760742,17.549213409423828,16.751968383789062,16.840551376342773,249733,7.003225326538086
2017-03-03,16.850393295288086,17.03740119934082,16.48621940612793,16.643701553344727,186538,6.921365737915039
2017-03-06,16.63385772705078,16.74212646484375,16.200786590576172,16.68307113647461,222707,6.937735557556152
2017-03-07,16.732282638549805,16.732282638549805,16.151575088500977,16.25,170485,6.757641315460205
2017-03-08,16.14173126220703,16.16141700744629,15.43307113647461,15.462597846984863,230530,6.430196762084961
2017-03-09,15.42322826385498,15.974409103393555,14.872047424316406,15.255906105041504,632460,6.344243049621582
2017-03-10,15.501969337463379,15.708661079406738,15.196849822998047,15.570865631103516,264668,6.4752197265625
2017-03-13,15.570865631103516,15.984251976013184,15.3051176071167,15.49212646484375,264770,6.442474365234375
2017-03-14,15.236220359802246,15.275590896606445,14.370079040527344,15.206692695617676,525780,6.323777198791504
2017-03-15,15.413386344909668,15.954724311828613,15.206692695617676,15.846456527709961,297383,6.589824676513672
2017-03-16,15.935038566589355,16.043306350708008,15.639763832092285,15.649605751037598,115722,6.50796365737915
2017-03-17,15.72834587097168,15.836613655090332,15.246063232421875,15.3051176071167,132791,6.364706993103027
2017-03-20,15.157480239868164,15.561023712158203,14.980315208435059,15.344488143920898,124155,6.381080150604248
2017-03-21,15.442913055419922,15.541338920593262,14.812992095947266,14.862204551696777,225958,6.180520534515381
2017-03-22,14.389763832092285,14.960630416870117,14.370079040527344,14.842519760131836,220472,6.17233419418335
2017-03-23,14.734251976013184,15.511811256408691,14.675196647644043,15.403543472290039,170993,6.405637741088867
2017-03-24,15.501969337463379,15.590551376342773,15.187007904052734,15.403543472290039,143459,6.405637741088867
2017-03-27,15.236220359802246,15.561023712158203,14.822834968566895,15.531496047973633,257251,6.4588494300842285
2017-03-28,15.590551376342773,16.10236167907715,15.531496047973633,16.01378059387207,278790,6.659408092498779
2017-03-29,16.16141700744629,16.83070945739746,16.112205505371094,16.65354347229004,270154,6.925457954406738
2017-03-30,16.811023712158203,17.027559280395508,16.555118560791016,16.66338539123535,283362,6.9295525550842285
2017-03-31,16.62401580810547,17.03740119934082,16.614173889160156,16.71259880065918,173736,6.950016975402832
2017-04-03,16.811023712158203,16.879920959472656,16.289369583129883,16.80118179321289,218948,6.98685359954834
2017-04-04,16.909448623657227,17.35236167907715,16.77165412902832,17.224409103393555,378257,7.162852764129639
2017-04-05,17.5,17.7657470703125,16.8897647857666,17.08661460876465,312217,7.105552673339844
2017-04-06,17.283464431762695,17.657480239868164,17.204723358154297,17.332677841186523,232461,7.207879066467285
2017-04-07,17.38188934326172,17.667322158813477,17.244094848632812,17.480314254760742,421843,7.269272327423096
2017-04-10,17.61811065673828,17.893701553344727,17.578739166259766,17.795276641845703,153721,7.400253772735596
2017-04-11,17.726377487182617,18.19881820678711,17.401575088500977,18.149606704711914,225349,7.547603130340576
2017-04-12,18.188976287841797,18.39566993713379,17.88385772705078,18.120079040527344,448564,7.535322666168213
2017-04-13,18.1397647857666,18.33661460876465,17.362205505371094,17.627952575683594,606552,7.330671310424805
2017-04-17,17.687007904052734,18.297243118286133,17.539369583129883,18.238189697265625,520903,7.584442138671875
2017-04-18,18.1102352142334,18.651575088500977,18.011810302734375,18.474409103393555,478536,7.682675838470459
2017-04-19,18.503936767578125,18.730314254760742,17.982282638549805,18.31692886352539,431495,7.617185115814209
2017-04-20,18.238189697265625,18.385826110839844,17.96259880065918,18.02165412902832,178816,7.494393348693848
2017-04-21,17.96259880065918,18.090551376342773,17.8444881439209,17.93307113647461,264770,7.457553386688232
2017-04-24,18.100393295288086,18.149606704711914,17.755905151367188,17.96259880065918,252578,7.469833850860596
2017-04-25,17.952756881713867,18.277559280395508,17.85433006286621,18.159448623657227,534721,7.551693916320801
2017-04-26,18.001968383789062,18.267717361450195,17.716535568237305,17.87401580810547,408432,7.432999134063721
2017-04-27,17.726377487182617,17.726377487182617,16.929134368896484,17.214567184448242,275742,7.158761024475098
2017-04-28,17.332677841186523,17.52952766418457,16.968503952026367,17.14566993713379,110846,7.130110263824463
2017-05-01,17.253936767578125,17.60826873779297,16.8897647857666,17.08661460876465,326847,7.105552673339844
2017-05-02,17.027559280395508,17.283464431762695,16.761810302734375,16.91929054260254,305613,7.035970211029053
2017-05-03,16.91929054260254,17.14566993713379,16.840551376342773,16.94881820678711,172212,7.048249244689941
2017-05-04,16.781496047973633,16.781496047973633,15.708661079406738,16.082677841186523,585521,6.6880598068237305
2017-05-05,16.13188934326172,17.283464431762695,15.748030662536621,17.11614227294922,348183,7.117832660675049
2017-05-08,17.09645652770996,17.893701553344727,16.909448623657227,17.73621940612793,292405,7.375694751739502
2017-05-09,17.795276641845703,18.031496047973633,17.342519760131836,17.60826873779297,179934,7.322481632232666
2017-05-10,18.33661460876465,20.17716407775879,17.982282638549805,19.793306350708008,1117803,8.231144905090332
2017-05-11,19.97047233581543,20.659448623657227,19.872047424316406,20.196849822998047,522326,8.398956298828125
2017-05-12,20.275590896606445,20.856298446655273,20.275590896606445,20.767717361450195,398170,8.63635540008545
2017-05-15,21.643701553344727,21.751968383789062,20.87598419189453,20.974409103393555,224841,8.722311973571777
2017-05-16,20.964567184448242,21.35826873779297,20.87598419189453,21.25,201879,8.83691692352295
2017-05-17,21.25,21.476377487182617,20.777559280395508,20.83661460876465,277673,8.665005683898926
2017-05-18,20.43307113647461,21.14173126220703,19.832677841186523,20.81692886352539,310286,8.656820297241211
2017-05-19,21.13188934326172,21.48621940612793,21.13188934326172,21.437007904052734,274726,8.914685249328613
2017-05-23,21.820865631103516,22.057086944580078,21.57480239868164,21.968503952026367,230022,9.13570785522461
2017-05-24,22.00787353515625,22.00787353515625,21.171260833740234,21.525590896606445,219659,8.951522827148438
2017-05-25,21.535432815551758,21.870079040527344,20.6397647857666,20.81692886352539,268427,8.656820297241211
2017-05-26,21.043306350708008,21.043306350708008,20.6397647857666,21.01378059387207,241300,8.738680839538574
2017-05-29,21.092519760131836,21.269685745239258,21.023622512817383,21.07283592224121,67361,8.76324462890625
2017-05-30,21.053150177001953,21.053150177001953,20.11811065673828,20.501968383789062,471221,8.525842666625977
2017-05-31,20.226377487182617,20.226377487182617,19.27165412902832,19.94094467163086,418186,8.292537689208984
2017-06-01,19.990156173706055,20.679134368896484,19.872047424316406,20.2657470703125,292608,8.427613258361816
2017-06-02,20.17716407775879,20.206693649291992,19.783464431762695,20.0,239979,8.317095756530762
2017-06-05,19.85236167907715,20.206693649291992,19.803150177001953,19.901575088500977,153213,8.276168823242188
2017-06-06,20.049213409423828,20.679134368896484,19.832677841186523,20.6397647857666,221488,8.583146095275879
2017-06-07,20.38385772705078,21.112205505371094,19.803150177001953,20.285432815551758,446735,8.435791969299316
2017-06-08,20.167322158813477,20.511810302734375,19.980314254760742,20.23621940612793,205130,8.415329933166504
2017-06-09,20.40354347229004,20.52165412902832,20.187007904052734,20.32480239868164,372059,8.452168464660645
2017-06-12,20.777559280395508,21.07283592224121,20.255905151367188,20.472440719604492,789229,8.513565063476562
2017-06-13,20.531496047973633,20.72834587097168,20.226377487182617,20.43307113647461,476504,8.4971923828125
2017-06-14,20.43307113647461,20.511810302734375,19.18307113647461,19.261810302734375,598119,8.010119438171387
2017-06-15,19.18307113647461,19.3897647857666,18.57283592224121,18.700786590576172,512674,7.77681303024292
2017-06-16,18.848424911499023,19.173227310180664,18.730314254760742,18.907480239868164,2903931,7.862765789031982
2017-06-19,18.92716407775879,19.035432815551758,18.681102752685547,18.966535568237305,272796,7.887327671051025
2017-06-20,18.69094467163086,19.084646224975586,18.25787353515625,18.98621940612793,379984,7.895512580871582
2017-06-21,18.98621940612793,19.340551376342773,18.37598419189453,18.51378059387207,383438,7.699045658111572
2017-06-22,18.51378059387207,18.917322158813477,18.37598419189453,18.681102752685547,196393,7.768628120422363
2017-06-23,18.759843826293945,19.12401580810547,18.622047424316406,19.035432815551758,163779,7.915975570678711
2017-06-26,19.07480239868164,19.07480239868164,18.494094848632812,18.75,253898,7.797277450561523
2017-06-27,18.759843826293945,19.0944881439209,18.64173126220703,18.907480239868164,323494,7.862765789031982
2017-06-28,19.005905151367188,19.005905151367188,18.562992095947266,18.828739166259766,274015,7.830024719238281
2017-06-29,18.937007904052734,18.956693649291992,18.592519760131836,18.700786590576172,141326,7.77681303024292
2017-06-30,18.740156173706055,18.937007904052734,18.51378059387207,18.789369583129883,452425,7.813651084899902
2017-07-04,18.89763832092285,19.53740119934082,18.89763832092285,19.0944881439209,56794,7.940540790557861
2017-07-05,19.114173889160156,19.12401580810547,18.474409103393555,18.69094467163086,252476,7.772719383239746
2017-07-06,18.69094467163086,18.98621940612793,18.356298446655273,18.444881439208984,386080,7.670395851135254
2017-07-07,18.267717361450195,18.267717361450195,16.870079040527344,17.17519760131836,1193190,7.142391204833984
2017-07-10,17.135826110839844,18.37598419189453,16.74212646484375,18.02165412902832,714654,7.494393348693848
2017-07-11,18.100393295288086,18.307086944580078,17.805118560791016,18.238189697265625,195275,7.584442138671875
2017-07-12,18.42519760131836,18.966535568237305,17.99212646484375,18.100393295288086,423164,7.527135372161865
2017-07-13,18.208660125732422,18.4055118560791,18.090551376342773,18.238189697265625,207874,7.584442138671875
2017-07-14,18.454723358154297,18.454723358154297,18.02165412902832,18.277559280395508,140208,7.600811958312988
2017-07-17,18.37598419189453,18.494094848632812,17.923227310180664,18.100393295288086,108407,7.527135372161865
2017-07-18,18.218503952026367,18.562992095947266,17.99212646484375,18.011810302734375,101498,7.490299701690674
2017-07-19,18.1102352142334,19.261810302734375,18.070865631103516,19.084646224975586,683666,7.936441898345947
2017-07-20,19.340551376342773,19.7342529296875,19.07480239868164,19.33070945739746,354482,8.038768768310547
2017-07-21,19.192913055419922,19.30118179321289,18.907480239868164,19.15354347229004,188062,7.9650983810424805
2017-07-24,19.30118179321289,19.59645652770996,19.064960479736328,19.30118179321289,167945,8.02649211883545
2017-07-25,19.59645652770996,20.08858299255371,19.488189697265625,19.67519760131836,449275,8.182029724121094
2017-07-26,19.832677841186523,19.91141700744629,19.458660125732422,19.50787353515625,407924,8.112444877624512
2017-07-27,19.50787353515625,19.803150177001953,19.370079040527344,19.744094848632812,217729,8.210678100585938
2017-07-28,19.606298446655273,20.167322158813477,19.56692886352539,19.67519760131836,249733,8.182029724121094
2017-07-31,19.67519760131836,19.773622512817383,19.005905151367188,19.665353775024414,181051,8.177934646606445
2017-08-01,19.409448623657227,19.960630416870117,19.27165412902832,19.812992095947266,267614,8.239327430725098
2017-08-02,19.704723358154297,19.91141700744629,19.340551376342773,19.685039520263672,273812,8.186119079589844
2017-08-03,19.832677841186523,19.85236167907715,18.818897247314453,18.996063232421875,327965,7.899606227874756
2017-08-04,18.92716407775879,19.58661460876465,18.789369583129883,19.291339874267578,216306,8.022396087646484
2017-08-08,19.458660125732422,19.59645652770996,18.98621940612793,19.3897647857666,1887220,8.06333065032959
2017-08-09,19.990156173706055,20.935039520263672,19.980314254760742,20.688976287841797,1198677,8.603610038757324
2017-08-10,21.01378059387207,21.68307113647461,20.9842529296875,21.122047424316406,987044,8.783708572387695
2017-08-11,21.25,21.761810302734375,21.210630416870117,21.437007904052734,461162,8.914685249328613
2017-08-14,21.545276641845703,21.692913055419922,20.826772689819336,20.92519760131836,538074,8.701844215393066
2017-08-15,20.659448623657227,21.023622512817383,20.620079040527344,20.81692886352539,393090,8.656820297241211
2017-08-16,20.797243118286133,21.043306350708008,20.32480239868164,20.46259880065918,454965,8.509471893310547
2017-08-17,20.41338539123535,20.81692886352539,20.187007904052734,20.226377487182617,299822,8.411238670349121
2017-08-18,20.423227310180664,21.19094467163086,20.206693649291992,20.78740119934082,644855,8.644546508789062
2017-08-21,20.777559280395508,20.777559280395508,20.039369583129883,20.472440719604492,308356,8.513565063476562
2017-08-22,20.423227310180664,20.84645652770996,20.423227310180664,20.718503952026367,192634,8.615893363952637
2017-08-23,20.66929054260254,21.456693649291992,20.66929054260254,21.10236167907715,529031,8.775521278381348
2017-08-24,21.062992095947266,21.122047424316406,20.69881820678711,20.944881439208984,238150,8.710030555725098
2017-08-25,21.053150177001953,21.062992095947266,20.600393295288086,20.72834587097168,176073,8.61998176574707
2017-08-28,20.777559280395508,20.777559280395508,19.97047233581543,20.37401580810547,222707,8.472635269165039
2017-08-29,20.068897247314453,20.679134368896484,19.980314254760742,20.49212646484375,174955,8.521750450134277
2017-08-30,20.43307113647461,20.797243118286133,20.295276641845703,20.629920959472656,110338,8.579054832458496
2017-08-31,20.43307113647461,21.210630416870117,20.43307113647461,21.07283592224121,267614,8.76324462890625
2017-09-01,21.033464431762695,21.210630416870117,20.72834587097168,21.13188934326172,319024,8.787798881530762
2017-09-05,21.092519760131836,21.289369583129883,20.83661460876465,21.14173126220703,350114,8.791893005371094
2017-09-06,21.230314254760742,21.39763832092285,20.826772689819336,20.954723358154297,301955,8.714125633239746
2017-09-07,20.9055118560791,21.122047424316406,20.541339874267578,21.112205505371094,542239,8.779613494873047
2017-09-08,20.994094848632812,21.25,20.482282638549805,20.797243118286133,482702,8.64863109588623
2017-09-11,20.78740119934082,21.003936767578125,20.49212646484375,20.807086944580078,408940,8.652728080749512
2017-09-12,20.767717361450195,21.456693649291992,20.570865631103516,21.407480239868164,366776,8.902406692504883
2017-09-13,21.60433006286621,23.05118179321289,21.417322158813477,22.706693649291992,750214,9.442687034606934
2017-09-14,22.91338539123535,23.57283592224121,22.91338539123535,23.19881820678711,602082,9.647342681884766
2017-09-15,23.297243118286133,23.31692886352539,22.490156173706055,22.87401580810547,1672539,9.512269973754883
2017-09-18,23.090551376342773,23.671260833740234,23.090551376342773,23.622047424316406,519582,9.823342323303223
2017-09-19,23.769685745239258,23.85826873779297,23.533464431762695,23.592519760131836,408635,9.811064720153809
2017-09-20,23.818897247314453,24.281496047973633,23.64173126220703,24.251968383789062,768909,10.085302352905273
2017-09-21,24.24212646484375,25.167322158813477,24.07480239868164,24.59645652770996,712927,10.228554725646973
2017-09-22,24.773622512817383,24.773622512817383,24.064960479736328,24.3602352142334,436880,10.13032341003418
2017-09-25,24.458660125732422,24.694881439208984,24.261810302734375,24.59645652770996,264871,10.228554725646973
2017-09-26,24.340551376342773,24.842519760131836,23.730314254760742,24.62598419189453,395122,10.24083137512207
2017-09-27,24.694881439208984,24.704723358154297,24.114173889160156,24.606298446655273,430784,10.232645988464355
2017-09-28,24.714567184448242,24.862205505371094,24.261810302734375,24.468503952026367,233172,10.175350189208984
2017-09-29,24.30118179321289,24.557086944580078,24.24212646484375,24.311023712158203,217322,10.109853744506836
2017-10-02,23.89763832092285,24.458660125732422,23.77952766418457,24.192913055419922,518973,10.060738563537598
2017-10-03,23.946849822998047,24.114173889160156,23.612205505371094,23.946849822998047,491439,9.958415031433105
2017-10-04,23.877952575683594,23.946849822998047,23.25787353515625,23.385826110839844,319532,9.725110054016113
2017-10-05,23.307086944580078,23.582677841186523,23.120079040527344,23.28740119934082,252679,9.684181213378906
2017-10-06,22.88385772705078,23.28740119934082,22.726377487182617,23.08070945739746,331013,9.598224639892578
2017-10-10,23.070865631103516,23.464567184448242,22.972440719604492,23.159448623657227,382016,9.630970001220703
2017-10-11,23.129920959472656,23.494094848632812,22.99212646484375,23.33661460876465,468782,9.704645156860352
2017-10-12,23.25787353515625,23.25787353515625,22.667322158813477,22.775590896606445,478028,9.471344947814941
2017-10-13,22.785432815551758,22.96259880065918,22.490156173706055,22.61811065673828,416560,9.405853271484375
2017-10-16,22.785432815551758,22.982282638549805,22.09645652770996,22.1555118560791,442976,9.213479042053223
2017-10-17,22.185039520263672,22.460630416870117,21.850393295288086,22.017717361450195,266395,9.15617847442627
2017-10-18,21.97834587097168,22.12598419189453,20.81692886352539,21.16141700744629,561442,8.800082206726074
2017-10-19,20.81692886352539,21.112205505371094,20.37401580810547,20.501968383789062,579933,8.525842666625977
2017-10-20,20.43307113647461,20.659448623657227,20.216535568237305,20.40354347229004,287731,8.48491382598877
2017-10-23,20.423227310180664,20.472440719604492,19.783464431762695,19.85236167907715,373583,8.25570011138916
2017-10-24,19.94094467163086,20.35433006286621,19.94094467163086,20.049213409423828,407314,8.337563514709473
2017-10-25,20.019685745239258,20.472440719604492,19.85236167907715,20.442913055419922,400202,8.501286506652832
2017-10-26,20.40354347229004,20.40354347229004,20.02952766418457,20.295276641845703,239573,8.439888954162598
2017-10-27,20.216535568237305,21.63385772705078,19.921260833740234,21.57480239868164,480060,8.971986770629883
2017-10-30,21.68307113647461,21.958660125732422,21.387794494628906,21.505905151367188,504850,8.943334579467773
2017-10-31,21.525590896606445,21.870079040527344,21.210630416870117,21.732282638549805,229819,9.037470817565918
2017-11-01,21.909448623657227,22.814960479736328,21.879920959472656,22.450786590576172,362610,9.336271286010742
2017-11-02,22.490156173706055,22.568897247314453,22.03740119934082,22.293306350708008,215595,9.27077865600586
2017-11-03,22.26378059387207,22.706693649291992,21.97834587097168,22.61811065673828,215189,9.405853271484375
2017-11-06,22.627952575683594,23.562992095947266,22.627952575683594,23.385826110839844,257658,9.725110054016113
2017-11-07,23.37598419189453,23.4842529296875,22.99212646484375,23.39566993713379,256540,9.729205131530762
2017-11-08,23.415353775024414,23.681102752685547,23.1102352142334,23.326772689819336,214782,9.700553894042969
2017-11-09,23.740156173706055,24.88188934326172,23.740156173706055,24.53740119934082,1145134,10.204000473022461
2017-11-10,24.468503952026367,24.58661460876465,24.251968383789062,24.458660125732422,306222,10.171255111694336
2017-11-13,24.488189697265625,24.59645652770996,24.084646224975586,24.488189697265625,290779,10.183531761169434
2017-11-14,24.222440719604492,24.251968383789062,23.001968383789062,23.267717361450195,250850,9.675995826721191
2017-11-15,22.637794494628906,22.8444881439209,22.1555118560791,22.204723358154297,370738,9.2339448928833
2017-11-16,22.32283592224121,22.509843826293945,21.673227310180664,21.77165412902832,250444,9.053849220275879
2017-11-17,22.106298446655273,22.32283592224121,21.811023712158203,22.06692886352539,175057,9.176640510559082
2017-11-20,22.135826110839844,22.135826110839844,21.407480239868164,21.466535568237305,318110,8.926962852478027
2017-11-21,21.65354347229004,21.791339874267578,21.181102752685547,21.348424911499023,475793,8.87784481048584
2017-11-22,21.66338539123535,22.12598419189453,21.614173889160156,21.673227310180664,422046,9.01291561126709
2017-11-23,21.68307113647461,21.97834587097168,21.65354347229004,21.65354347229004,109728,9.00473403930664
2017-11-24,21.751968383789062,22.047243118286133,21.702756881713867,21.761810302734375,178410,9.049755096435547
2017-11-27,21.702756881713867,21.71259880065918,20.688976287841797,20.72834587097168,267818,8.61998176574707
2017-11-28,20.708660125732422,20.807086944580078,19.88188934326172,20.049213409423828,347675,8.337563514709473
2017-11-29,20.039369583129883,20.52165412902832,19.557086944580078,19.960630416870117,468579,8.300728797912598
2017-11-30,20.127952575683594,21.023622512817383,20.127952575683594,20.974409103393555,564591,8.722311973571777
2017-12-01,21.259843826293945,21.39763832092285,20.748031616210938,20.964567184448242,548132,8.718217849731445
2017-12-04,20.944881439208984,21.053150177001953,20.098424911499023,20.295276641845703,268529,8.439888954162598
2017-12-05,20.206693649291992,20.305118560791016,19.59645652770996,19.62598419189453,230327,8.161561965942383
2017-12-06,19.458660125732422,19.458660125732422,18.415353775024414,18.503936767578125,413817,7.694952964782715
2017-12-07,18.66141700744629,18.66141700744629,17.805118560791016,17.91338539123535,580238,7.449367523193359
2017-12-08,18.179134368896484,18.385826110839844,17.85433006286621,17.942913055419922,437286,7.461649417877197
2017-12-11,17.91338539123535,18.011810302734375,17.480314254760742,17.87401580810547,434340,7.432999134063721
2017-12-12,18.031496047973633,18.454723358154297,17.539369583129883,17.82480239868164,306934,7.412532806396484
2017-12-13,17.91338539123535,17.93307113647461,17.490156173706055,17.539369583129883,295351,7.293832778930664
2017-12-14,17.39173126220703,17.598424911499023,16.74212646484375,16.840551376342773,724408,7.003225326538086
2017-12-15,16.929134368896484,17.047243118286133,16.289369583129883,16.840551376342773,718210,7.003225326538086
2017-12-18,16.938976287841797,17.5,16.938976287841797,17.26378059387207,557682,7.179228782653809
2017-12-19,17.362205505371094,17.64763832092285,16.958660125732422,17.342519760131836,530758,7.211970806121826
2017-12-20,17.519685745239258,17.893701553344727,17.224409103393555,17.814960479736328,436880,7.408439636230469
2017-12-21,17.96259880065918,19.173227310180664,17.96259880065918,19.064960479736328,666293,7.92825984954834
2017-12-22,19.281496047973633,19.370079040527344,18.83858299255371,19.0157470703125,336906,7.907790184020996
2017-12-27,19.261810302734375,19.3897647857666,18.77952766418457,19.202756881713867,272796,7.985560894012451
2017-12-28,19.202756881713867,19.33070945739746,18.92716407775879,19.192913055419922,175870,7.981464385986328
2017-12-29,19.399606704711914,19.517717361450195,19.10433006286621,19.114173889160156,158902,7.948721885681152
2018-01-02,19.3897647857666,19.685039520263672,19.202756881713867,19.64566993713379,161341,8.169747352600098
2018-01-03,19.694881439208984,19.94094467163086,19.30118179321289,19.370079040527344,285496,8.055143356323242
2018-01-04,19.399606704711914,19.438976287841797,18.42519760131836,18.582677841186523,502615,7.72769832611084
2018-01-05,18.415353775024414,18.415353775024414,17.82480239868164,17.91338539123535,536448,7.449367523193359
2018-01-08,17.93307113647461,18.070865631103516,17.795276641845703,18.001968383789062,327050,7.486206531524658
2018-01-09,18.179134368896484,18.474409103393555,18.05118179321289,18.39566993713379,379781,7.649929046630859
2018-01-10,18.51378059387207,18.80905532836914,17.7657470703125,17.8444881439209,502107,7.420715808868408
2018-01-11,18.326772689819336,18.356298446655273,17.864173889160156,17.982282638549805,650748,7.478018760681152
2018-01-12,17.972440719604492,18.937007904052734,17.972440719604492,18.4842529296875,459130,7.686766624450684
2018-01-15,18.562992095947266,18.917322158813477,18.297243118286133,18.818897247314453,113386,7.825926780700684
2018-01-16,18.69094467163086,18.69094467163086,17.7657470703125,17.923227310180664,426212,7.453461647033691
2018-01-17,17.90354347229004,18.267717361450195,17.64763832092285,18.159448623657227,458216,7.551693916320801
2018-01-18,18.02165412902832,18.494094848632812,17.99212646484375,18.041339874267578,326542,7.50257682800293
2018-01-19,17.726377487182617,18.494094848632812,17.726377487182617,18.39566993713379,544881,7.649929046630859
2018-01-22,18.385826110839844,18.740156173706055,18.277559280395508,18.671260833740234,529844,7.764535427093506
2018-01-23,18.66141700744629,19.3897647857666,18.622047424316406,19.192913055419922,350012,7.981464385986328
2018-01-24,19.291339874267578,19.320865631103516,18.917322158813477,19.192913055419922,600964,7.981464385986328
2018-01-25,19.291339874267578,19.793306350708008,19.064960479736328,19.114173889160156,443992,7.948721885681152
2018-01-26,19.18307113647461,19.547243118286133,19.055118560791016,19.27165412902832,372364,8.014212608337402
2018-01-29,19.114173889160156,19.222440719604492,18.769685745239258,18.98621940612793,329895,7.895512580871582
2018-01-30,18.77952766418457,18.92716407775879,17.893701553344727,17.952756881713867,316484,7.465742588043213
2018-01-31,17.952756881713867,17.99212646484375,17.539369583129883,17.716535568237305,274930,7.367509365081787
2018-02-01,17.805118560791016,17.99212646484375,17.14566993713379,17.637794494628906,388112,7.334763050079346
2018-02-02,17.312992095947266,17.578739166259766,16.94881820678711,17.44094467163086,263957,7.252901077270508
2018-02-05,17.09645652770996,17.60826873779297,16.811023712158203,16.998031616210938,378460,7.068714141845703
2018-02-06,16.5944881439209,17.41141700744629,16.417322158813477,17.273622512817383,323393,7.183320999145508
2018-02-07,17.273622512817383,17.401575088500977,16.053150177001953,16.122047424316406,504647,6.704432010650635
2018-02-08,16.151575088500977,16.48621940612793,15.098424911499023,15.137795448303223,518871,6.295125961303711
2018-02-09,15.196849822998047,15.196849822998047,14.163386344909668,14.675196647644043,667817,6.102749347686768
2018-02-12,14.783465385437012,15.846456527709961,14.773621559143066,15.600394248962402,365658,6.48750114440918
2018-02-13,15.551180839538574,16.210630416870117,15.285432815551758,16.033464431762695,385267,6.667592525482178
2018-02-14,16.003936767578125,16.938976287841797,15.836613655090332,16.8897647857666,409042,7.023687839508057
2018-02-15,17.09645652770996,17.09645652770996,16.30905532836914,16.8602352142334,297688,7.011411666870117
2018-02-16,16.71259880065918,17.03740119934082,16.673227310180664,16.94881820678711,217932,7.048249244689941
2018-02-20,17.047243118286133,17.32283592224121,16.820865631103516,17.204723358154297,257658,7.15466833114624
2018-02-21,17.12598419189453,17.509843826293945,16.94881820678711,17.06692886352539,286512,7.097364902496338
2018-02-22,17.224409103393555,17.7657470703125,17.11614227294922,17.35236167907715,251155,7.216063499450684
2018-02-23,17.450786590576172,18.474409103393555,17.450786590576172,18.33661460876465,301447,7.625371932983398
2018-02-26,18.454723358154297,18.77952766418457,18.267717361450195,18.494094848632812,219862,7.690860748291016
2018-02-27,18.494094848632812,18.622047424316406,17.952756881713867,18.011810302734375,287122,7.490299701690674
2018-02-28,18.08070945739746,18.129920959472656,16.91929054260254,16.968503952026367,312725,7.056434631347656
2018-03-01,16.909448623657227,17.165353775024414,16.269685745239258,16.407480239868164,470103,6.823129177093506
2018-03-02,16.289369583129883,16.62401580810547,16.043306350708008,16.564960479736328,348793,6.888617992401123
2018-03-05,16.496063232421875,17.82480239868164,16.456693649291992,17.73621940612793,320243,7.375694751739502
2018-03-06,17.923227310180664,18.1397647857666,17.539369583129883,17.785432815551758,343713,7.396157741546631
2018-03-07,17.67716407775879,17.972440719604492,17.17519760131836,17.696849822998047,285191,7.359322547912598
2018-03-08,17.17519760131836,17.41141700744629,15.787402153015137,16.722440719604492,1095248,6.9541096687316895
2018-03-09,16.77165412902832,17.06692886352539,16.42716407775879,16.525590896606445,418998,6.872246265411377
2018-03-12,16.42716407775879,16.62401580810547,15.79724407196045,15.88582706451416,422656,6.606198787689209
2018-03-13,15.85629940032959,16.14173126220703,15.551180839538574,15.85629940032959,253390,6.5939202308654785
2018-03-14,15.895668983459473,15.935038566589355,15.118109703063965,15.324803352355957,709574,6.37289571762085
2018-03-15,15.442913055419922,15.718503952026367,15.39370059967041,15.649605751037598,284175,6.50796365737915
2018-03-16,15.659448623657227,16.19094467163086,15.511811256408691,16.01378059387207,365658,6.659408092498779
2018-03-19,15.984251976013184,15.984251976013184,15.39370059967041,15.531496047973633,303581,6.4588494300842285
2018-03-20,15.718503952026367,16.122047424316406,15.580709457397461,15.698819160461426,660705,6.528430938720703
2018-03-21,15.895668983459473,16.811023712158203,15.85629940032959,16.30905532836914,772668,6.782200336456299
2018-03-22,15.994093894958496,16.19094467163086,15.590551376342773,15.85629940032959,317398,6.5939202308654785
2018-03-23,16.023622512817383,16.299213409423828,15.501969337463379,15.600394248962402,288849,6.48750114440918
2018-03-26,15.748030662536621,15.777559280395508,15.275590896606445,15.639763832092285,262331,6.503870964050293
2018-03-27,15.708661079406738,15.984251976013184,15.02952766418457,15.137795448303223,228397,6.295125961303711
2018-03-28,15.118109703063965,15.127952575683594,14.232282638549805,14.27165412902832,388722,5.934937477111816
2018-03-29,14.320865631103516,14.852361679077148,14.251969337463379,14.596456527709961,321564,6.07000732421875
2018-04-02,14.488188743591309,14.586613655090332,14.015748023986816,14.192913055419922,185014,5.902191638946533
2018-04-03,14.251969337463379,14.320865631103516,13.956692695617676,14.163386344909668,233070,5.889913082122803
2018-04-04,13.868109703063965,14.124015808105469,13.710630416870117,14.0551176071167,300939,5.8448896408081055
2018-04-05,14.074803352355957,14.714567184448242,14.064961433410645,14.301180839538574,527304,5.947216510772705
2018-04-06,14.192913055419922,14.616142272949219,14.124015808105469,14.488188743591309,363017,6.0249834060668945
2018-04-09,14.803150177001953,14.990157127380371,14.586613655090332,14.63582706451416,207670,6.086379051208496
2018-04-10,14.97047233581543,15.72834587097168,14.783465385437012,15.462597846984863,469189,6.430196762084961
2018-04-11,15.698819160461426,16.14173126220703,15.52165412902832,15.551180839538574,520802,6.467035293579102
2018-04-12,15.511811256408691,16.01378059387207,15.295275688171387,15.9448823928833,172110,6.630756855010986
2018-04-13,15.974409103393555,16.10236167907715,15.580709457397461,15.72834587097168,360274,6.540709972381592
2018-04-16,15.669290542602539,15.767717361450195,15.118109703063965,15.216534614562988,451612,6.327869415283203
2018-04-17,14.960630416870117,15.738188743591309,14.773621559143066,15.629920959472656,389128,6.499777793884277
2018-04-18,15.994093894958496,16.42716407775879,15.738188743591309,16.377952575683594,624637,6.810849666595459
2018-04-19,16.65354347229004,17.293306350708008,16.555118560791016,17.03740119934082,849986,7.08508825302124
2018-04-20,16.91929054260254,17.00787353515625,16.60433006286621,16.899606704711914,366166,7.027782917022705
2018-04-23,16.722440719604492,17.421260833740234,16.564960479736328,17.312992095947266,461569,7.199690341949463
2018-04-24,17.312992095947266,18.061023712158203,17.224409103393555,17.450786590576172,447040,7.256994247436523
2018-04-25,17.35236167907715,18.159448623657227,17.185039520263672,18.011810302734375,357327,7.490299701690674
2018-04-26,18.19881820678711,18.267717361450195,17.982282638549805,18.218503952026367,381406,7.576251029968262
2018-04-27,18.041339874267578,18.39566993713379,17.93307113647461,17.982282638549805,129134,7.478018760681152
2018-04-30,17.8444881439209,18.248031616210938,17.58858299255371,18.041339874267578,329489,7.50257682800293
2018-05-01,17.91338539123535,18.011810302734375,17.47047233581543,17.687007904052734,228397,7.355230331420898
2018-05-02,17.637794494628906,18.1397647857666,17.598424911499023,18.090551376342773,336499,7.523047924041748
2018-05-03,17.90354347229004,18.041339874267578,17.450786590576172,17.490156173706055,332537,7.273366451263428
2018-05-04,17.44094467163086,17.519685745239258,16.722440719604492,16.998031616210938,472034,7.068714141845703
2018-05-07,17.17519760131836,17.627952575683594,16.94881820678711,17.03740119934082,480873,7.08508825302124
2018-05-08,17.00787353515625,17.027559280395508,16.062992095947266,16.476377487182617,739038,6.8517842292785645
2018-05-09,15.718503952026367,15.974409103393555,14.911417007446289,15.019684791564941,1808175,6.2460103034973145
2018-05-10,14.724409103393555,14.783465385437012,13.75,13.907480239868164,1997659,5.783493995666504
2018-05-11,13.848424911499023,14.27165412902832,13.582676887512207,14.251969337463379,1050239,5.926751136779785
2018-05-14,14.360236167907715,14.950786590576172,14.24212646484375,14.872047424316406,708152,6.1846137046813965
2018-05-15,14.852361679077148,14.852361679077148,14.330709457397461,14.57677173614502,685292,6.061821460723877
2018-05-16,14.56692886352539,15.098424911499023,14.370079040527344,14.872047424316406,630733,6.1846137046813965
2018-05-17,14.97047233581543,15.354331016540527,14.911417007446289,15.334646224975586,580034,6.376987934112549
2018-05-18,15.275590896606445,15.541338920593262,14.97047233581543,15.255906105041504,506781,6.344243049621582
2018-05-22,15.374015808105469,15.570865631103516,14.891732215881348,14.960630416870117,430073,6.221451759338379
2018-05-23,14.763779640197754,15.05905532836914,14.527559280395508,14.842519760131836,442874,6.17233419418335
2018-05-24,14.56692886352539,14.812992095947266,14.468503952026367,14.57677173614502,372567,6.061821460723877
2018-05-25,14.370079040527344,14.714567184448242,14.045275688171387,14.675196647644043,570586,6.102749347686768
2018-05-28,14.616142272949219,14.616142272949219,14.24212646484375,14.419290542602539,210820,5.996333122253418
2018-05-29,14.50787353515625,14.724409103393555,14.27165412902832,14.56692886352539,471729,6.057727813720703
2018-05-30,14.596456527709961,15.314961433410645,14.586613655090332,15.196849822998047,471830,6.319684982299805
2018-05-31,15.167323112487793,15.895668983459473,15.167323112487793,15.600394248962402,709066,6.48750114440918
2018-06-01,15.472440719604492,15.688976287841797,15.314961433410645,15.383857727050781,349606,6.397449970245361
2018-06-04,15.413386344909668,15.43307113647461,14.6948823928833,14.793307304382324,549859,6.151869773864746
2018-06-05,14.655511856079102,15.127952575683594,14.655511856079102,14.990157127380371,314858,6.233730316162109
2018-06-06,15.019684791564941,15.3051176071167,14.803150177001953,15.039369583129883,432003,6.254195213317871
2018-06-07,15.147638320922852,16.062992095947266,15.147638320922852,15.85629940032959,693318,6.5939202308654785
2018-06-08,15.846456527709961,15.866142272949219,15.314961433410645,15.836613655090332,659384,6.585734844207764
2018-06-11,15.767717361450195,15.836613655090332,15.590551376342773,15.807086944580078,174752,6.573453903198242
2018-06-12,15.767717361450195,15.935038566589355,15.118109703063965,15.167323112487793,552704,6.307405948638916
2018-06-13,15.157480239868164,15.265748023986816,14.438976287841797,14.517717361450195,764946,6.037262916564941
2018-06-14,14.60629940032959,14.734251976013184,14.084646224975586,14.330709457397461,382118,5.959496974945068
2018-06-15,14.753936767578125,15.3051176071167,14.734251976013184,14.901575088500977,764134,6.196892738342285
2018-06-18,14.901575088500977,15.216534614562988,14.891732215881348,15.02952766418457,364846,6.250102519989014
2018-06-19,14.773621559143066,14.990157127380371,14.60629940032959,14.63582706451416,229718,6.086379051208496
2018-06-20,14.822834968566895,15.009842872619629,14.251969337463379,14.468503952026367,433832,6.016798973083496
2018-06-21,14.409448623657227,14.596456527709961,14.192913055419922,14.27165412902832,306426,5.934937477111816
2018-06-22,14.56692886352539,14.97047233581543,14.517717361450195,14.891732215881348,526186,6.192799091339111
2018-06-25,14.881890296936035,15.137795448303223,14.429134368896484,14.458661079406738,389738,6.012705326080322
2018-06-26,14.54724407196045,15.02952766418457,14.399605751037598,14.872047424316406,453542,6.1846137046813965
2018-06-27,15.137795448303223,15.551180839538574,15.039369583129883,15.36417293548584,568249,6.389266490936279
2018-06-28,15.354331016540527,15.354331016540527,14.773621559143066,14.842519760131836,437286,6.17233419418335
2018-06-29,14.911417007446289,15.137795448303223,14.498030662536621,14.655511856079102,420218,6.094565391540527
2018-07-03,14.773621559143066,14.990157127380371,14.17322826385498,14.20275592803955,461162,5.906286239624023
2018-07-04,14.27165412902832,14.645668983459473,14.222440719604492,14.527559280395508,100990,6.041357517242432
2018-07-05,14.54724407196045,14.54724407196045,13.986220359802246,14.261811256408691,413918,5.930845737457275
2018-07-06,14.17322826385498,14.438976287841797,14.045275688171387,14.14370059967041,1178966,5.881726264953613
2018-07-09,14.124015808105469,14.18307113647461,13.769684791564941,13.907480239868164,726034,5.783493995666504
2018-07-10,14.074803352355957,15.0,14.025590896606445,14.901575088500977,1906930,6.196892738342285
2018-07-11,14.704724311828613,15.216534614562988,14.54724407196045,14.852361679077148,635203,6.176425457000732
2018-07-12,15.009842872619629,15.157480239868164,14.724409103393555,14.862204551696777,245770,6.180520534515381
2018-07-13,14.950786590576172,15.118109703063965,14.832676887512207,14.911417007446289,168453,6.200985431671143
2018-07-16,14.645668983459473,14.645668983459473,14.133857727050781,14.320865631103516,721970,5.955402374267578
2018-07-17,14.291338920593262,14.616142272949219,14.094488143920898,14.419290542602539,200558,5.996333122253418
2018-07-18,14.311023712158203,14.63582706451416,13.917323112487793,14.557086944580078,273609,6.0536346435546875
2018-07-19,14.645668983459473,15.374015808105469,14.448819160461426,14.557086944580078,381305,6.0536346435546875
2018-07-20,14.60629940032959,14.901575088500977,14.527559280395508,14.596456527709961,171806,6.07000732421875
2018-07-23,14.734251976013184,14.744093894958496,14.379920959472656,14.537402153015137,277774,6.045452117919922
2018-07-24,14.655511856079102,14.980315208435059,14.557086944580078,14.793307304382324,282956,6.151869773864746
2018-07-25,14.803150177001953,14.960630416870117,14.616142272949219,14.793307304382324,160122,6.151869773864746
2018-07-26,14.763779640197754,15.098424911499023,14.655511856079102,14.685038566589355,265989,6.106845378875732
2018-07-27,14.665353775024414,14.783465385437012,14.14370059967041,14.163386344909668,285090,5.889913082122803
2018-07-30,14.340551376342773,14.832676887512207,14.24212646484375,14.675196647644043,483006,6.102749347686768
2018-07-31,14.625984191894531,14.753936767578125,14.17322826385498,14.370079040527344,194666,5.97586727142334
2018-08-01,14.222440719604492,14.340551376342773,13.946849822998047,14.133857727050781,251155,5.877633571624756
2018-08-02,14.035432815551758,14.399605751037598,13.996063232421875,14.232282638549805,158090,5.918564319610596
2018-08-03,14.20275592803955,14.370079040527344,14.025590896606445,14.124015808105469,124562,5.87354040145874
2018-08-07,14.301180839538574,14.340551376342773,13.582676887512207,13.631890296936035,303479,5.668888092041016
2018-08-08,13.523621559143066,13.523621559143066,12.519684791564941,12.903543472290039,1128573,5.366002082824707
2018-08-09,12.8051176071167,12.913386344909668,12.549213409423828,12.706692695617676,647192,5.284140586853027
2018-08-10,12.755906105041504,13.169290542602539,12.677165031433105,12.89370059967041,506374,5.361908435821533
2018-08-13,12.89370059967041,13.080709457397461,12.746063232421875,13.041338920593262,796849,5.423303127288818
2018-08-14,13.188976287841797,13.336613655090332,13.120079040527344,13.238188743591309,489509,5.505167484283447
2018-08-15,13.051180839538574,13.248030662536621,12.785432815551758,13.188976287841797,576072,5.484699726104736
2018-08-16,13.25787353515625,13.366142272949219,13.051180839538574,13.29724407196045,503428,5.529722213745117
2018-08-17,13.366142272949219,13.395668983459473,13.159448623657227,13.277559280395508,333146,5.52154016494751
2018-08-20,13.267717361450195,13.425196647644043,13.25787353515625,13.336613655090332,276352,5.54609489440918
2018-08-21,13.395668983459473,13.641732215881348,13.35629940032959,13.562992095947266,235407,5.640233993530273
2018-08-22,13.700786590576172,14.11417293548584,13.700786590576172,13.986220359802246,272085,5.816240310668945
2018-08-23,13.937007904052734,14.192913055419922,13.907480239868164,14.153543472290039,151181,5.885821342468262
2018-08-24,14.311023712158203,14.744093894958496,14.311023712158203,14.438976287841797,283159,6.004520893096924
2018-08-27,14.458661079406738,14.685038566589355,14.448819160461426,14.498030662536621,169367,6.029077053070068
2018-08-28,14.517717361450195,14.616142272949219,14.448819160461426,14.458661079406738,183083,6.012705326080322
2018-08-29,14.56692886352539,14.822834968566895,14.50787353515625,14.734251976013184,353162,6.1273088455200195
2018-08-30,14.763779640197754,14.911417007446289,13.946849822998047,14.370079040527344,467563,5.97586727142334
2018-08-31,14.301180839538574,14.320865631103516,14.035432815551758,14.17322826385498,297078,5.894007682800293
2018-09-04,14.291338920593262,14.448819160461426,13.641732215881348,13.730315208435059,448970,5.709819316864014
2018-09-05,13.622047424316406,13.622047424316406,12.775590896606445,13.100394248962402,398069,5.447862148284912
2018-09-06,13.080709457397461,13.149605751037598,12.52952766418457,12.706692695617676,385674,5.284140586853027
2018-09-07,12.588582992553711,13.149605751037598,12.401575088500977,13.080709457397461,331114,5.4396772384643555
2018-09-10,13.277559280395508,13.503936767578125,13.080709457397461,13.188976287841797,317195,5.484699726104736
2018-09-11,13.169290542602539,13.582676887512207,12.903543472290039,13.464567184448242,357734,5.599307537078857
2018-09-12,13.592519760131836,13.730315208435059,13.277559280395508,13.4448823928833,248412,5.591118335723877
2018-09-13,13.375984191894531,13.375984191894531,12.942913055419922,13.129920959472656,262839,5.460142612457275
2018-09-14,13.120079040527344,13.35629940032959,12.677165031433105,12.736220359802246,264058,5.296420574188232
2018-09-17,12.8051176071167,12.913386344909668,12.362204551696777,12.43110179901123,233274,5.169536113739014
2018-09-18,12.549213409423828,12.56889820098877,12.06692886352539,12.47047233581543,364642,5.185906410217285
2018-09-19,12.47047233581543,13.484251976013184,12.450786590576172,13.395668983459473,500786,5.570655345916748
2018-09-20,13.405511856079102,13.533465385437012,13.051180839538574,13.32677173614502,181661,5.542003631591797
2018-09-21,13.35629940032959,13.375984191894531,13.031496047973633,13.100394248962402,259690,5.447862148284912
2018-09-24,13.238188743591309,14.025590896606445,13.238188743591309,13.996063232421875,280518,5.820333003997803
2018-09-25,14.17322826385498,14.24212646484375,13.858267784118652,14.094488143920898,150368,5.861262798309326
2018-09-26,13.986220359802246,14.14370059967041,13.523621559143066,13.631890296936035,220777,5.668888092041016
2018-09-27,13.700786590576172,14.035432815551758,13.553150177001953,13.838582992553711,199847,5.754842758178711
2018-09-28,14.064961433410645,14.921259880065918,13.937007904052734,14.891732215881348,582168,6.192799091339111
2018-10-01,15.039369583129883,15.590551376342773,14.655511856079102,15.137795448303223,364134,6.295125961303711
2018-10-02,15.127952575683594,15.187007904052734,14.330709457397461,14.458661079406738,224028,6.012705326080322
2018-10-03,14.527559280395508,14.744093894958496,14.20275592803955,14.645668983459473,293116,6.0904717445373535
2018-10-04,14.56692886352539,15.0,13.75,13.81889820098877,192024,5.746656894683838
2018-10-05,13.799213409423828,13.877952575683594,13.435038566589355,13.700786590576172,154432,5.697539329528809
2018-10-09,13.651575088500977,13.927165031433105,13.405511856079102,13.858267784118652,165811,5.763028621673584
2018-10-10,13.77952766418457,13.848424911499023,13.513779640197754,13.612204551696777,374498,5.660701751708984
2018-10-11,13.513779640197754,13.602361679077148,13.041338920593262,13.198819160461426,251054,5.488792896270752
2018-10-12,13.366142272949219,13.415353775024414,12.962597846984863,13.129920959472656,122123,5.460142612457275
2018-10-15,14.291338920593262,14.291338920593262,12.92322826385498,12.942913055419922,167843,5.3823723793029785
2018-10-16,12.99212646484375,13.149605751037598,12.687007904052734,12.982282638549805,195174,5.398746967315674
2018-10-17,12.92322826385498,12.93307113647461,12.480315208435059,12.539369583129883,446430,5.2145586013793945
2018-10-18,12.401575088500977,12.401575088500977,11.64370059967041,11.870079040527344,827227,4.936229705810547
2018-10-19,11.958661079406738,12.155511856079102,11.761811256408691,11.77165412902832,220269,4.895299434661865
2018-10-22,11.712597846984863,12.00787353515625,11.505906105041504,11.515748023986816,426923,4.78887939453125
2018-10-23,11.112204551696777,11.141732215881348,10.708661079406738,10.974409103393555,459029,4.563761234283447
2018-10-24,11.102361679077148,11.387795448303223,10.078740119934082,10.206692695617676,610413,4.244503974914551
2018-10-25,10.236220359802246,10.629920959472656,10.06889820098877,10.374015808105469,364439,4.314084529876709
2018-10-26,10.236220359802246,10.374015808105469,9.990157127380371,10.157480239868164,370027,4.224039554595947
2018-10-29,10.570865631103516,10.570865631103516,9.360236167907715,9.60629940032959,426009,3.994826555252075
2018-10-30,9.488188743591309,9.704724311828613,9.291338920593262,9.54724407196045,363322,3.9702703952789307
2018-10-31,9.645668983459473,10.06889820098877,9.20275592803955,9.468503952026367,369722,3.9375243186950684
2018-11-01,9.498030662536621,9.93110179901123,9.419290542602539,9.921259880065918,370434,4.125805377960205
2018-11-02,9.950786590576172,10.019684791564941,9.537402153015137,9.685038566589355,298094,4.027571678161621
2018-11-05,9.763779640197754,10.482282638549805,9.763779640197754,10.314961433410645,366776,4.289527893066406
2018-11-06,10.374015808105469,10.551180839538574,9.980315208435059,10.137795448303223,399390,4.215851783752441
2018-11-07,10.255906105041504,10.275590896606445,9.616142272949219,9.872047424316406,230937,4.105339050292969
2018-11-08,9.881890296936035,9.881890296936035,9.330709457397461,9.47834587097168,359562,3.941617727279663
2018-11-09,8.523621559143066,8.986220359802246,7.952755928039551,8.25787353515625,1495349,3.434077501296997
2018-11-12,8.29724407196045,8.789369583129883,7.539370059967041,7.667323112487793,873658,3.1884939670562744
2018-11-13,7.657479763031006,7.982283115386963,7.391732215881348,7.54921293258667,851814,3.1393768787384033
2018-11-14,7.696849822998047,8.061023712158203,7.6377949714660645,7.942913055419922,876910,3.3030991554260254
2018-11-15,7.91338586807251,8.218503952026367,7.854331016540527,8.061023712158203,496722,3.3522160053253174
2018-11-16,8.169290542602539,8.29724407196045,7.608267784118652,8.120079040527344,488493,3.376774311065674
2018-11-19,8.149605751037598,8.29724407196045,7.903542995452881,8.179134368896484,344830,3.401332139968872
2018-11-20,7.97244119644165,7.992125988006592,7.6771650314331055,7.765748023986816,260299,3.2294247150421143
2018-11-21,7.854331016540527,8.198819160461426,7.844488143920898,7.992125988006592,273710,3.3235652446746826
2018-11-22,7.97244119644165,8.159448623657227,7.6771650314331055,8.041338920593262,67259,3.3440299034118652
2018-11-23,7.86417293548584,7.91338586807251,7.54921293258667,7.696849822998047,336398,3.2007720470428467
2018-11-26,7.726377964019775,7.8838582038879395,7.342520236968994,7.421259880065918,295758,3.086167097091675
2018-11-27,7.401575088500977,7.460629940032959,7.185039043426514,7.214567184448242,421234,3.0002129077911377
2018-11-28,7.234251976013184,7.332676887512207,6.938975811004639,7.13582706451416,449072,2.967468738555908
2018-11-29,7.076772212982178,7.342520236968994,6.998031139373779,7.194881916046143,331927,2.9920268058776855
2018-11-30,7.106298923492432,7.312992095947266,6.840550899505615,7.145668983459473,566826,2.9715616703033447
2018-12-03,7.381889820098877,7.942913055419922,7.381889820098877,7.726377964019775,533400,3.2130515575408936
2018-12-04,7.775590896606445,7.775590896606445,6.742125988006592,6.948819160461426,1101141,2.8897008895874023
2018-12-05,7.007874011993408,7.017716884613037,6.702755928039551,6.889763832092285,448869,2.865142345428467
2018-12-06,6.673227787017822,6.879920959472656,6.643701076507568,6.791338920593262,679704,2.824211597442627
2018-12-07,6.899606227874756,7.194881916046143,6.66338586807251,6.850393772125244,534721,2.8487699031829834
2018-12-10,6.870079040527344,6.870079040527344,6.348424911499023,6.456693172454834,572719,2.685046911239624
2018-12-11,6.555118083953857,6.624015808105469,6.358267784118652,6.4665350914001465,491338,2.689140558242798
2018-12-12,6.564960956573486,6.811024188995361,6.515748023986816,6.66338586807251,482295,2.7710018157958984
2018-12-13,6.368110179901123,6.692913055419922,6.309054851531982,6.683071136474609,356616,2.779188394546509
2018-12-14,6.417323112487793,7.02755880355835,6.328740119934082,6.604331016540527,1058367,2.7464425563812256
2018-12-17,6.61417293548584,6.683071136474609,6.210629940032959,6.230315208435059,522630,2.5909063816070557
2018-12-18,6.2204718589782715,6.269684791564941,6.023622035980225,6.043306827545166,499669,2.513138771057129
2018-12-19,6.122046947479248,6.417323112487793,5.935039043426514,6.102362155914307,646786,2.5376970767974854
2018-12-20,5.984251976013184,6.2204718589782715,5.944881916046143,5.984251976013184,606552,2.488579750061035
2018-12-21,6.003936767578125,6.043306827545166,5.748031139373779,5.925197124481201,4225544,2.4640209674835205
2018-12-24,5.88582706451416,5.915353775024414,5.659449100494385,5.72834587097168,300939,2.3821604251861572
2018-12-27,6.161417007446289,6.161417007446289,5.738189220428467,5.787402153015137,563778,2.4067201614379883
2018-12-28,5.83661413192749,6.919291019439697,5.83661413192749,6.683071136474609,967130,2.779188394546509
2018-12-31,6.781496047973633,7.13582706451416,6.72244119644165,7.066928863525391,647090,2.938816785812378
2019-01-02,6.958661079406738,7.381889820098877,6.77165412902832,7.155511856079102,765658,2.9756550788879395
2019-01-03,7.244093894958496,8.061023712158203,7.185039043426514,7.775590896606445,1315923,3.23351788520813
2019-01-04,8.041338920593262,8.248030662536621,7.775590896606445,8.188976287841797,665074,3.4054248332977295
2019-01-07,8.267717361450195,8.494093894958496,8.090551376342773,8.287402153015137,602285,3.4463562965393066
2019-01-08,8.415353775024414,8.425196647644043,7.854331016540527,8.159448623657227,630631,3.3931467533111572
2019-01-09,8.238188743591309,8.700786590576172,8.169290542602539,8.562992095947266,588162,3.5609629154205322
2019-01-10,8.513779640197754,8.759842872619629,8.375984191894531,8.602361679077148,376428,3.57733416557312
2019-01-11,8.533465385437012,8.69094467163086,8.31692886352539,8.484251976013184,287223,3.528217315673828
2019-01-14,8.366142272949219,8.484251976013184,8.179134368896484,8.287402153015137,242214,3.4463562965393066
2019-01-15,8.346456527709961,8.523621559143066,8.267717361450195,8.31692886352539,178918,3.4586362838745117
2019-01-16,8.307086944580078,8.405511856079102,8.139763832092285,8.35629940032959,146101,3.475008487701416
2019-01-17,8.248030662536621,8.523621559143066,8.100394248962402,8.415353775024414,307645,3.499566078186035
2019-01-18,8.395668983459473,8.996063232421875,8.395668983459473,8.68110179901123,398272,3.610079288482666
2019-01-21,8.81889820098877,9.025590896606445,8.730315208435059,8.986220359802246,71222,3.7369635105133057
2019-01-22,8.907480239868164,8.927165031433105,8.38582706451416,8.415353775024414,235204,3.499566078186035
2019-01-23,8.494093894958496,8.543307304382324,8.100394248962402,8.35629940032959,488493,3.475008487701416
2019-01-24,8.29724407196045,8.622047424316406,8.29724407196045,8.38582706451416,146406,3.487287759780884
2019-01-25,8.464567184448242,8.562992095947266,8.29724407196045,8.32677173614502,348894,3.462728977203369
2019-01-28,8.208661079406738,8.218503952026367,7.805118083953857,7.942913055419922,368605,3.3030991554260254
2019-01-29,7.982283115386963,8.287402153015137,7.952755928039551,8.100394248962402,294742,3.3685882091522217
2019-01-30,8.208661079406738,8.25787353515625,8.080709457397461,8.179134368896484,260502,3.401332139968872
2019-01-31,8.22834587097168,8.22834587097168,7.54921293258667,7.627953052520752,637743,3.172121524810791
2019-02-01,7.657479763031006,7.923227787017822,7.559054851531982,7.8838582038879395,366979,3.27854061126709
2019-02-04,7.775590896606445,8.169290542602539,7.598424911499023,8.120079040527344,409143,3.376774311065674
2019-02-05,8.080709457397461,8.080709457397461,7.854331016540527,7.982283115386963,197104,3.319471597671509
2019-02-06,7.942913055419922,8.32677173614502,7.844488143920898,8.02165412902832,381813,3.335843801498413
2019-02-07,7.982283115386963,7.992125988006592,7.627953052520752,7.755906105041504,261518,3.2253315448760986
2019-02-08,7.834646224975586,7.834646224975586,7.3622050285339355,7.411417007446289,397154,3.082073450088501
2019-02-11,7.332676887512207,7.765748023986816,7.234251976013184,7.647637844085693,395427,3.180307149887085
2019-02-12,7.923227787017822,8.070865631103516,7.805118083953857,8.051180839538574,437998,3.348123073577881
2019-02-13,8.110236167907715,8.789369583129883,8.080709457397461,8.562992095947266,552907,3.5609629154205322
2019-02-14,8.533465385437012,8.759842872619629,8.474409103393555,8.740157127380371,297485,3.634636163711548
2019-02-15,8.710630416870117,9.586613655090332,8.710630416870117,9.54724407196045,699313,3.9702703952789307
2019-02-19,9.734251976013184,9.734251976013184,9.261811256408691,9.379920959472656,398272,3.900686025619507
2019-02-20,9.360236167907715,9.56692886352539,9.20275592803955,9.438976287841797,297485,3.925246000289917
2019-02-21,9.389763832092285,9.488188743591309,9.163386344909668,9.370079040527344,313436,3.8965916633605957
2019-02-22,9.448819160461426,9.56692886352539,9.261811256408691,9.419290542602539,289458,3.917058229446411
2019-02-25,9.301180839538574,9.54724407196045,9.301180839538574,9.537402153015137,208280,3.9661734104156494
2019-02-26,9.527559280395508,9.812992095947266,9.399605751037598,9.429134368896484,267106,3.9211504459381104
2019-02-27,9.488188743591309,9.655511856079102,9.20275592803955,9.27165412902832,406298,3.8556630611419678
2019-02-28,9.232282638549805,9.360236167907715,8.730315208435059,8.838582992553711,381508,3.6755688190460205
2019-03-01,8.858267784118652,9.251969337463379,8.838582992553711,9.064961433410645,446837,3.7697067260742188
2019-03-04,9.17322826385498,9.17322826385498,8.612204551696777,8.956692695617676,375514,3.7246837615966797
2019-03-05,8.996063232421875,9.0551176071167,8.75,8.769684791564941,198730,3.646916389465332
2019-03-06,8.740157127380371,8.838582992553711,8.494093894958496,8.77952766418457,378765,3.651010036468506
2019-03-07,8.602361679077148,8.602361679077148,7.54921293258667,7.893701076507568,844601,3.2826340198516846
2019-03-08,7.381889820098877,7.45078706741333,7.007874011993408,7.293306827545166,1042010,3.0329573154449463
2019-03-11,7.312992095947266,7.4311017990112305,7.1161417961120605,7.155511856079102,434645,2.9756550788879395
2019-03-12,7.214567184448242,7.234251976013184,7.02755880355835,7.175197124481201,396646,2.9838411808013916
2019-03-13,7.234251976013184,7.460629940032959,7.185039043426514,7.273622035980225,644347,3.024771213531494
2019-03-14,7.293306827545166,7.4311017990112305,7.13582706451416,7.165353775024414,244450,2.979748010635376
2019-03-15,7.204723834991455,7.244093894958496,6.988189220428467,7.037402153015137,498145,2.9265384674072266
2019-03-18,7.076772212982178,7.45078706741333,6.988189220428467,7.372046947479248,391262,3.0657005310058594
2019-03-19,7.421259880065918,7.618110179901123,7.2834649085998535,7.4311017990112305,440030,3.0902600288391113
2019-03-20,7.460629940032959,7.923227787017822,7.263780117034912,7.706693172454834,432308,3.2048659324645996
2019-03-21,7.696849822998047,8.031496047973633,7.578740119934082,7.86417293548584,381711,3.270354986190796
2019-03-22,7.785432815551758,7.785432815551758,7.411417007446289,7.509842872619629,378968,3.1230053901672363
2019-03-25,7.421259880065918,7.5,7.234251976013184,7.303150177001953,243332,3.037050724029541
2019-03-26,7.5295281410217285,7.667323112487793,7.381889820098877,7.4311017990112305,232867,3.0902600288391113
2019-03-27,7.421259880065918,7.4704718589782715,7.08661413192749,7.175197124481201,243942,2.9838411808013916
2019-03-28,7.1161417961120605,7.145668983459473,6.929133892059326,7.007874011993408,267106,2.914257526397705
2019-03-29,7.13582706451416,7.13582706451416,6.860236167907715,7.007874011993408,469900,2.914257526397705
2019-04-01,7.08661413192749,7.7165350914001465,7.08661413192749,7.598424911499023,530758,3.1598424911499023
2019-04-02,7.657479763031006,7.736219882965088,7.421259880065918,7.598424911499023,275844,3.1598424911499023
2019-04-03,7.618110179901123,7.647637844085693,7.312992095947266,7.3622050285339355,406705,3.0616095066070557
2019-04-04,7.342520236968994,7.5295281410217285,7.155511856079102,7.4311017990112305,297688,3.0902600288391113
2019-04-05,7.460629940032959,7.765748023986816,7.460629940032959,7.736219882965088,556057,3.21714448928833
2019-04-08,7.775590896606445,8.159448623657227,7.775590896606445,8.149605751037598,271882,3.3890535831451416
2019-04-09,8.110236167907715,8.31692886352539,7.952755928039551,8.159448623657227,234188,3.3931467533111572
2019-04-10,8.208661079406738,8.503936767578125,8.159448623657227,8.395668983459473,200050,3.4913814067840576
2019-04-11,8.307086944580078,8.740157127380371,8.248030662536621,8.336613655090332,310794,3.4668211936950684
2019-04-12,8.612204551696777,8.661417007446289,8.31692886352539,8.592519760131836,321158,3.5732407569885254
2019-04-15,8.533465385437012,8.562992095947266,8.336613655090332,8.38582706451416,267513,3.487287759780884
2019-04-16,8.425196647644043,8.562992095947266,8.139763832092285,8.503936767578125,246888,3.536405563354492
2019-04-17,8.562992095947266,8.966534614562988,8.464567184448242,8.897638320922852,504952,3.700126886367798
2019-04-18,8.976378440856934,9.124015808105469,8.799213409423828,8.927165031433105,316789,3.7124054431915283
2019-04-22,9.005906105041504,9.330709457397461,8.976378440856934,9.153543472290039,378968,3.806544780731201
2019-04-23,9.163386344909668,9.370079040527344,9.015748023986816,9.18307113647461,330606,3.8188252449035645
2019-04-24,9.153543472290039,9.212597846984863,8.838582992553711,8.907480239868164,269138,3.7042198181152344
2019-04-25,8.848424911499023,8.946849822998047,8.68110179901123,8.75,296570,3.638730525970459
2019-04-26,8.612204551696777,8.661417007446289,8.366142272949219,8.415353775024414,236322,3.499566078186035
2019-04-29,8.415353775024414,9.015748023986816,8.336613655090332,8.986220359802246,443687,3.7369635105133057
2019-04-30,9.005906105041504,9.005906105041504,8.661417007446289,8.77952766418457,115113,3.651010036468506
2019-05-01,8.77952766418457,8.77952766418457,8.287402153015137,8.32677173614502,370840,3.462728977203369
2019-05-02,8.188976287841797,8.267717361450195,7.942913055419922,8.179134368896484,275539,3.401332139968872
2019-05-03,8.248030662536621,8.572834968566895,8.120079040527344,8.523621559143066,186842,3.5445897579193115
2019-05-06,8.29724407196045,8.602361679077148,8.169290542602539,8.562992095947266,375818,3.5609629154205322
2019-05-07,8.395668983459473,8.75,8.179134368896484,8.277559280395508,440741,3.44226336479187
2019-05-08,8.31692886352539,9.104331016540527,8.159448623657227,8.22834587097168,773176,3.421797752380371
2019-05-09,8.454724311828613,9.015748023986816,8.22834587097168,8.474409103393555,926897,3.5241246223449707
2019-05-10,8.612204551696777,9.330709457397461,8.464567184448242,9.281496047973633,649935,3.8597559928894043
2019-05-13,9.24212646484375,9.311023712158203,8.700786590576172,8.77952766418457,298907,3.651010036468506
2019-05-14,8.897638320922852,9.192913055419922,8.759842872619629,9.035432815551758,269545,3.7574291229248047
2019-05-15,8.887795448303223,9.11417293548584,8.641732215881348,8.986220359802246,223418,3.7369635105133057
2019-05-16,9.11417293548584,9.311023712158203,8.986220359802246,9.104331016540527,251968,3.786081314086914
2019-05-17,9.005906105041504,9.104331016540527,8.81889820098877,8.986220359802246,349606,3.7369635105133057
2019-05-21,8.996063232421875,9.104331016540527,8.838582992553711,9.025590896606445,263347,3.7533369064331055
2019-05-22,8.868109703063965,8.966534614562988,8.572834968566895,8.612204551696777,311201,3.5814263820648193
2019-05-23,8.375984191894531,8.375984191894531,7.795276165008545,7.824802875518799,747776,3.253981828689575
2019-05-24,7.91338586807251,7.942913055419922,7.598424911499023,7.746063232421875,291998,3.2212371826171875
2019-05-27,7.726377964019775,7.874015808105469,7.706693172454834,7.86417293548584,168351,3.270354986190796
2019-05-28,7.8838582038879395,7.8838582038879395,7.647637844085693,7.726377964019775,375209,3.2130515575408936
2019-05-29,7.588582992553711,7.893701076507568,7.54921293258667,7.746063232421875,478028,3.2212371826171875
2019-05-30,7.824802875518799,7.844488143920898,7.460629940032959,7.519684791564941,572618,3.1270976066589355
2019-05-31,7.303150177001953,7.391732215881348,7.165353775024414,7.244093894958496,270358,3.012491464614868
2019-06-03,7.3622050285339355,7.608267784118652,7.066928863525391,7.145668983459473,514706,2.9715616703033447
2019-06-04,7.214567184448242,7.342520236968994,7.037402153015137,7.125984191894531,302158,2.9633753299713135
2019-06-05,7.037402153015137,7.076772212982178,6.702755928039551,6.781496047973633,387604,2.8201169967651367
2019-06-06,6.801180839538574,7.007874011993408,6.574802875518799,6.938975811004639,636118,2.8856072425842285
2019-06-07,6.899606227874756,6.938975811004639,6.761810779571533,6.791338920593262,201371,2.824211597442627
2019-06-10,6.781496047973633,6.791338920593262,6.29921293258667,6.377953052520752,541020,2.6523025035858154
2019-06-11,6.407479763031006,6.4665350914001465,6.269684791564941,6.3877949714660645,300533,2.656395673751831
2019-06-12,6.259842872619629,6.29921293258667,5.935039043426514,6.013780117034912,849681,2.500859498977661
2019-06-13,6.1811017990112305,6.2795281410217285,6.0334649085998535,6.062992095947266,478434,2.5213255882263184
2019-06-14,6.092520236968994,6.092520236968994,5.718503952026367,5.826772212982178,471018,2.423091173171997
2019-06-17,5.797244071960449,6.0728349685668945,5.718503952026367,6.053150177001953,188976,2.517232656478882
2019-06-18,6.1122050285339355,6.3877949714660645,6.062992095947266,6.348424911499023,302666,2.6400232315063477
2019-06-19,6.348424911499023,6.348424911499023,6.092520236968994,6.131889820098877,203200,2.5499770641326904
2019-06-20,6.3188982009887695,6.476377964019775,6.2204718589782715,6.3188982009887695,254000,2.6277456283569336
2019-06-21,6.338582992553711,6.338582992553711,6.122046947479248,6.161417007446289,358851,2.562256097793579
2019-06-24,6.1811017990112305,6.210629940032959,6.003936767578125,6.141732215881348,315366,2.5540692806243896
2019-06-25,6.1122050285339355,6.20078706741333,6.053150177001953,6.161417007446289,224434,2.562256097793579
2019-06-26,6.25,6.61417293548584,6.171259880065918,6.535432815551758,493370,2.717792510986328
2019-06-27,6.535432815551758,6.535432815551758,6.043306827545166,6.20078706741333,380898,2.578627586364746
2019-06-28,6.574802875518799,6.909449100494385,6.358267784118652,6.4271650314331055,1204773,2.6727683544158936
2019-07-02,6.446849822998047,6.446849822998047,6.023622035980225,6.2204718589782715,1070864,2.58681321144104
2019-07-03,6.2795281410217285,6.328740119934082,6.102362155914307,6.289370059967041,411074,2.6154651641845703
2019-07-04,6.25,6.555118083953857,6.151575088500977,6.4271650314331055,194869,2.6727683544158936
2019-07-05,6.417323112487793,6.909449100494385,6.368110179901123,6.781496047973633,362102,2.8201169967651367
2019-07-08,6.72244119644165,6.889763832092285,6.72244119644165,6.77165412902832,251968,2.816025495529175
2019-07-09,6.742125988006592,6.742125988006592,6.624015808105469,6.683071136474609,472338,2.779188394546509
2019-07-10,6.791338920593262,7.263780117034912,6.732283115386963,7.066928863525391,513182,2.938816785812378
2019-07-11,7.08661413192749,7.08661413192749,6.840550899505615,7.02755880355835,255727,2.9224448204040527
2019-07-12,7.017716884613037,7.155511856079102,6.919291019439697,7.096457004547119,180848,2.9510958194732666
2019-07-15,7.106298923492432,7.4704718589782715,7.066928863525391,7.3622050285339355,315366,3.0616095066070557
2019-07-16,7.352362155914307,7.352362155914307,6.97834587097168,7.08661413192749,319329,2.9470038414001465
2019-07-17,7.096457004547119,7.175197124481201,6.72244119644165,6.761810779571533,467360,2.811931610107422
2019-07-18,6.653542995452881,6.653542995452881,6.476377964019775,6.574802875518799,258877,2.734163522720337
2019-07-19,6.594488143920898,6.702755928039551,6.505906105041504,6.61417293548584,180543,2.7505359649658203
2019-07-22,6.624015808105469,6.72244119644165,6.594488143920898,6.61417293548584,210718,2.7505359649658203
2019-07-23,6.6338582038879395,6.702755928039551,6.545276165008545,6.6338582038879395,348590,2.7587239742279053
2019-07-24,6.584646224975586,6.77165412902832,6.515748023986816,6.653542995452881,304495,2.7669079303741455
2019-07-25,6.702755928039551,6.751968860626221,6.486219882965088,6.555118083953857,168758,2.725977897644043
2019-07-26,6.564960956573486,6.712597846984863,6.515748023986816,6.574802875518799,192024,2.734163522720337
2019-07-29,6.584646224975586,6.712597846984863,6.476377964019775,6.594488143920898,141326,2.742349863052368
2019-07-30,6.564960956573486,7.45078706741333,6.476377964019775,7.342520236968994,681330,3.053422689437866
2019-07-31,7.381889820098877,8.02165412902832,7.381889820098877,7.814960956573486,676961,3.2498891353607178
2019-08-01,7.736219882965088,7.736219882965088,7.342520236968994,7.5295281410217285,403149,3.131190538406372
2019-08-02,7.627953052520752,7.627953052520752,7.273622035980225,7.303150177001953,191922,3.037050724029541
2019-08-06,6.929133892059326,7.214567184448242,6.72244119644165,6.860236167907715,237033,2.8528637886047363
2019-08-07,6.653542995452881,6.712597846984863,6.210629940032959,6.377953052520752,653390,2.6523025035858154
2019-08-08,5.954723834991455,6.446849822998047,5.895668983459473,5.994093894958496,853948,2.4926741123199463
2019-08-09,6.1811017990112305,6.328740119934082,5.915353775024414,6.2795281410217285,387299,2.6113717555999756
2019-08-12,5.994093894958496,6.131889820098877,5.915353775024414,6.003936767578125,448361,2.496765613555908
2019-08-13,6.003936767578125,6.230315208435059,5.915353775024414,6.062992095947266,302870,2.5213255882263184
2019-08-14,5.895668983459473,6.003936767578125,5.482283115386963,5.501968860626221,775005,2.288020372390747
2019-08-15,5.462597846984863,5.570866107940674,5.324802875518799,5.433071136474609,464312,2.2593679428100586
2019-08-16,5.501968860626221,5.669291019439697,5.492125988006592,5.639763832092285,329489,2.345323085784912
2019-08-19,5.738189220428467,5.807086944580078,5.679133892059326,5.797244071960449,225958,2.4108126163482666
2019-08-20,5.748031139373779,6.0334649085998535,5.679133892059326,5.954723834991455,176784,2.4763007164001465
2019-08-21,6.023622035980225,6.190945148468018,5.88582706451416,5.984251976013184,184607,2.488579750061035
2019-08-22,5.984251976013184,6.131889820098877,5.875984191894531,5.925197124481201,170485,2.4640209674835205
2019-08-23,5.708661079406738,5.77755880355835,5.511810779571533,5.570866107940674,232562,2.316671848297119
2019-08-26,5.659449100494385,5.688975811004639,5.36417293548584,5.3838582038879395,175463,2.238903760910034
2019-08-27,5.47244119644165,5.47244119644165,5.1771650314331055,5.236219882965088,287020,2.1775074005126953
2019-08-28,5.334646224975586,5.590550899505615,5.255906105041504,5.531496047973633,379171,2.300299644470215
2019-08-29,5.600393772125244,5.738189220428467,5.462597846984863,5.708661079406738,647598,2.373973846435547
2019-08-30,5.669291019439697,5.669291019439697,5.433071136474609,5.580708980560303,260299,2.3207650184631348
2019-09-03,5.47244119644165,5.570866107940674,5.393701076507568,5.531496047973633,189078,2.300299644470215
2019-09-04,5.620079040527344,6.053150177001953,5.561024188995361,5.787402153015137,354381,2.4067201614379883
2019-09-05,5.8661417961120605,6.20078706741333,5.816928863525391,6.161417007446289,315671,2.562256097793579
2019-09-06,6.131889820098877,6.358267784118652,6.0334649085998535,6.269684791564941,236525,2.6072793006896973
2019-09-09,6.377953052520752,6.496063232421875,6.2795281410217285,6.417323112487793,371450,2.668675661087036
2019-09-10,6.4271650314331055,6.820866107940674,6.407479763031006,6.692913055419922,234594,2.783281087875366
2019-09-11,6.751968860626221,7.007874011993408,6.446849822998047,6.515748023986816,401218,2.7096047401428223
2019-09-12,6.368110179901123,6.909449100494385,6.2795281410217285,6.850393772125244,286410,2.8487699031829834
2019-09-13,6.889763832092285,7.02755880355835,6.751968860626221,6.988189220428467,182575,2.9060721397399902
2019-09-16,7.726377964019775,8.001969337463379,7.480315208435059,7.86417293548584,819201,3.270354986190796
2019-09-17,7.775590896606445,7.814960956573486,7.4311017990112305,7.5,329184,3.118911027908325
2019-09-18,7.381889820098877,7.519684791564941,7.106298923492432,7.440945148468018,344526,3.094353675842285
2019-09-19,7.490157127380371,7.6377949714660645,7.263780117034912,7.303150177001953,193853,3.037050724029541
2019-09-20,7.372046947479248,7.4311017990112305,7.194881916046143,7.293306827545166,167437,3.0329573154449463
2019-09-23,7.175197124481201,7.372046947479248,7.13582706451416,7.253936767578125,90322,3.016585111618042
2019-09-24,7.125984191894531,7.145668983459473,6.702755928039551,6.751968860626221,326136,2.807839870452881
2019-09-25,6.692913055419922,6.899606227874756,6.624015808105469,6.820866107940674,201676,2.8364908695220947
2019-09-26,6.77165412902832,6.77165412902832,6.574802875518799,6.604331016540527,157683,2.7464425563812256
2019-09-27,6.476377964019775,6.712597846984863,6.446849822998047,6.515748023986816,134417,2.7096047401428223
2019-09-30,6.476377964019775,6.555118083953857,6.309054851531982,6.338582992553711,193650,2.635930299758911
2019-10-01,6.377953052520752,6.4271650314331055,5.895668983459473,5.895668983459473,236525,2.45174241065979
2019-10-02,5.88582706451416,5.925197124481201,5.600393772125244,5.620079040527344,262941,2.33713698387146
2019-10-03,5.561024188995361,5.620079040527344,5.452755928039551,5.551180839538574,406705,2.308486223220825
2019-10-04,5.590550899505615,5.649606227874756,5.41338586807251,5.482283115386963,195783,2.2798337936401367
2019-10-07,5.482283115386963,5.501968860626221,5.314960956573486,5.462597846984863,378155,2.2716469764709473
2019-10-08,5.36417293548584,5.3838582038879395,5.04921293258667,5.088582992553711,516738,2.1161129474639893
2019-10-09,5.187007904052734,5.275590896606445,5.04921293258667,5.167323112487793,574446,2.1488561630249023
2019-10-10,5.206693172454834,5.275590896606445,5.098424911499023,5.246063232421875,298704,2.1816012859344482
2019-10-11,5.314960956573486,5.511810779571533,5.314960956573486,5.403542995452881,307238,2.24708890914917
2019-10-15,5.36417293548584,5.590550899505615,5.314960956573486,5.492125988006592,215087,2.2839269638061523
2019-10-16,5.482283115386963,5.649606227874756,5.3838582038879395,5.482283115386963,1448003,2.2798337936401367
2019-10-17,5.433071136474609,5.580708980560303,5.354331016540527,5.433071136474609,199644,2.2593679428100586
2019-10-18,5.462597846984863,5.462597846984863,5.157479763031006,5.196849822998047,406502,2.1611363887786865
2019-10-21,5.1771650314331055,5.334646224975586,5.108267784118652,5.196849822998047,306324,2.1611363887786865
2019-10-22,5.236219882965088,5.305118083953857,5.0688982009887695,5.187007904052734,337922,2.1570422649383545
2019-10-23,5.167323112487793,5.246063232421875,5.04921293258667,5.236219882965088,579831,2.1775074005126953
2019-10-24,5.314960956573486,5.354331016540527,5.118110179901123,5.196849822998047,281229,2.1611363887786865
2019-10-25,5.167323112487793,5.246063232421875,5.078740119934082,5.236219882965088,244145,2.1775074005126953
2019-10-28,5.2165350914001465,5.393701076507568,5.2165350914001465,5.265748023986816,603402,2.189786434173584
2019-10-29,5.226377964019775,5.403542995452881,5.147637844085693,5.314960956573486,340665,2.210251569747925
2019-10-30,5.374015808105469,5.374015808105469,5.127953052520752,5.1771650314331055,159715,2.1529488563537598
2019-10-31,5.147637844085693,5.196849822998047,4.832676887512207,5.059054851531982,458114,2.103832483291626
2019-11-01,5.009842872619629,5.255906105041504,5.009842872619629,5.206693172454834,311810,2.1652283668518066
2019-11-04,5.334646224975586,5.659449100494385,5.285432815551758,5.649606227874756,587451,2.3494162559509277
2019-11-05,5.688975811004639,5.856298923492432,5.669291019439697,5.698819160461426,254610,2.3698811531066895
2019-11-06,5.659449100494385,5.757874011993408,5.52165412902832,5.551180839538574,185115,2.308486223220825
2019-11-07,5.639763832092285,6.190945148468018,5.570866107940674,6.1811017990112305,733857,2.570441246032715
2019-11-08,6.1122050285339355,6.456693172454834,5.974409103393555,6.269684791564941,303581,2.6072793006896973
2019-11-11,6.141732215881348,6.338582992553711,6.0728349685668945,6.171259880065918,520294,2.5663485527038574
2019-11-12,6.2204718589782715,6.456693172454834,6.151575088500977,6.1811017990112305,526796,2.570441246032715
2019-11-13,6.1811017990112305,6.25,6.013780117034912,6.043306827545166,318618,2.513138771057129
2019-11-14,6.013780117034912,6.141732215881348,5.856298923492432,5.88582706451416,379984,2.4476497173309326
2019-11-15,5.925197124481201,6.2204718589782715,5.915353775024414,6.053150177001953,542138,2.517232656478882
2019-11-18,5.639763832092285,5.994093894958496,5.639763832092285,5.8661417961120605,304698,2.4394633769989014
2019-11-19,5.826772212982178,5.826772212982178,5.570866107940674,5.72834587097168,361391,2.3821604251861572
2019-11-20,5.738189220428467,5.895668983459473,5.590550899505615,5.826772212982178,368097,2.423091173171997
2019-11-21,5.856298923492432,6.092520236968994,5.816928863525391,6.043306827545166,366979,2.513138771057129
2019-11-22,6.082676887512207,6.2204718589782715,5.964567184448242,6.092520236968994,253898,2.533604145050049
2019-11-25,6.053150177001953,6.161417007446289,6.003936767578125,6.131889820098877,342900,2.5499770641326904
2019-11-26,6.151575088500977,6.161417007446289,6.023622035980225,6.122046947479248,308458,2.5458827018737793
2019-11-27,6.1122050285339355,6.20078706741333,6.0728349685668945,6.20078706741333,175768,2.578627586364746
2019-11-28,6.20078706741333,6.20078706741333,6.062992095947266,6.131889820098877,63500,2.5499770641326904
2019-11-29,6.013780117034912,6.053150177001953,5.846457004547119,5.994093894958496,191516,2.4926741123199463
2019-12-02,6.003936767578125,6.0728349685668945,5.72834587097168,5.88582706451416,271374,2.4476497173309326
2019-12-03,5.77755880355835,5.807086944580078,5.600393772125244,5.77755880355835,1623873,2.402625799179077
2019-12-04,5.846457004547119,6.2204718589782715,5.846457004547119,6.151575088500977,1818945,2.558161735534668
2019-12-05,6.2204718589782715,6.545276165008545,6.2204718589782715,6.3877949714660645,341478,2.656395673751831
2019-12-06,6.1811017990112305,6.692913055419922,6.1811017990112305,6.6338582038879395,292608,2.7587239742279053
2019-12-09,6.604331016540527,6.712597846984863,6.505906105041504,6.574802875518799,225247,2.734163522720337
2019-12-10,6.545276165008545,6.673227787017822,6.545276165008545,6.594488143920898,301549,2.742349863052368
2019-12-11,6.594488143920898,6.66338586807251,6.437007904052734,6.525590896606445,123850,2.7136993408203125
2019-12-12,6.535432815551758,7.057086944580078,6.476377964019775,6.988189220428467,555854,2.9060721397399902
2019-12-13,7.047244071960449,7.460629940032959,6.929133892059326,7.312992095947266,2662022,3.041144371032715
2019-12-16,7.5,7.687007904052734,7.5,7.6377949714660645,573938,3.176213502883911
2019-12-17,7.736219882965088,7.775590896606445,7.627953052520752,7.7165350914001465,287426,3.208958387374878
2019-12-18,7.667323112487793,7.755906105041504,7.539370059967041,7.608267784118652,347777,3.1639349460601807
2019-12-19,7.578740119934082,7.6377949714660645,7.381889820098877,7.509842872619629,357124,3.1230053901672363
2019-12-20,7.480315208435059,7.54921293258667,7.244093894958496,7.253936767578125,370332,3.016585111618042
2019-12-23,7.263780117034912,7.352362155914307,7.13582706451416,7.332676887512207,540512,3.0493295192718506
2019-12-24,7.3622050285339355,7.667323112487793,7.3622050285339355,7.509842872619629,168758,3.1230053901672363
2019-12-27,7.5688982009887695,7.6377949714660645,7.312992095947266,7.352362155914307,223825,3.0575168132781982
2019-12-30,7.3622050285339355,7.539370059967041,7.3622050285339355,7.421259880065918,202286,3.086167097091675
2019-12-31,7.342520236968994,7.5295281410217285,7.2834649085998535,7.421259880065918,243637,3.086167097091675
2020-01-02,7.519684791564941,7.736219882965088,7.194881916046143,7.204723834991455,343306,2.9961185455322266
2020-01-03,7.381889820098877,7.460629940032959,7.234251976013184,7.2834649085998535,244754,3.0288641452789307
2020-01-06,7.303150177001953,7.411417007446289,7.224409103393555,7.2834649085998535,1511605,3.0288641452789307
2020-01-07,7.2834649085998535,7.421259880065918,7.185039043426514,7.381889820098877,305918,3.0697948932647705
2020-01-08,7.303150177001953,7.440945148468018,6.968503952026367,7.08661413192749,486054,2.9470038414001465
2020-01-09,7.076772212982178,7.263780117034912,6.751968860626221,7.175197124481201,328879,2.9838411808013916
2020-01-10,7.165353775024414,7.165353775024414,6.938975811004639,7.047244071960449,216916,2.930631399154663
2020-01-13,6.968503952026367,7.017716884613037,6.77165412902832,6.919291019439697,236017,2.8774211406707764
2020-01-14,6.919291019439697,6.97834587097168,6.811024188995361,6.968503952026367,1379220,2.897886037826538
2020-01-15,6.909449100494385,7.066928863525391,6.860236167907715,6.998031139373779,400202,2.9101662635803223
2020-01-16,7.057086944580078,7.440945148468018,7.047244071960449,7.332676887512207,687222,3.0493295192718506
2020-01-17,7.519684791564941,7.5295281410217285,7.145668983459473,7.3228349685668945,476910,3.045236110687256
2020-01-20,7.175197124481201,7.332676887512207,7.08661413192749,7.244093894958496,142138,3.012491464614868
2020-01-21,7.125984191894531,7.185039043426514,6.761810779571533,6.97834587097168,555549,2.9019787311553955
2020-01-22,6.850393772125244,7.007874011993408,6.66338586807251,6.761810779571533,561442,2.811931610107422
2020-01-23,6.673227787017822,6.673227787017822,6.397637844085693,6.584646224975586,516941,2.7382569313049316
2020-01-24,6.594488143920898,6.594488143920898,6.289370059967041,6.4271650314331055,464109,2.6727683544158936
2020-01-27,6.210629940032959,6.397637844085693,6.082676887512207,6.20078706741333,523545,2.578627586364746
2020-01-28,6.2795281410217285,6.358267784118652,6.151575088500977,6.259842872619629,326136,2.60318660736084
2020-01-29,6.309054851531982,6.358267784118652,6.131889820098877,6.20078706741333,324409,2.578627586364746
2020-01-30,6.082676887512207,6.25,5.984251976013184,6.1122050285339355,369621,2.541790008544922
2020-01-31,6.0334649085998535,6.131889820098877,5.875984191894531,5.944881916046143,467258,2.4722087383270264
2020-02-03,5.935039043426514,5.944881916046143,5.72834587097168,5.826772212982178,419405,2.423091173171997
2020-02-04,6.003936767578125,6.053150177001953,5.541338920593262,5.580708980560303,643839,2.3207650184631348
2020-02-05,5.797244071960449,6.122046947479248,5.787402153015137,5.915353775024414,961847,2.4599292278289795
2020-02-06,5.895668983459473,5.964567184448242,5.708661079406738,5.787402153015137,234188,2.4067201614379883
2020-02-07,5.669291019439697,5.669291019439697,5.511810779571533,5.580708980560303,242519,2.3207650184631348
2020-02-10,5.551180839538574,5.551180839538574,5.452755928039551,5.482283115386963,160833,2.2798337936401367
2020-02-11,5.620079040527344,5.669291019439697,5.482283115386963,5.482283115386963,313131,2.2798337936401367
2020-02-12,5.846457004547119,5.846457004547119,5.354331016540527,5.41338586807251,434442,2.25118350982666
2020-02-13,5.403542995452881,5.442913055419922,5.236219882965088,5.265748023986816,437998,2.189786434173584
2020-02-14,5.285432815551758,5.344488143920898,5.04921293258667,5.108267784118652,431902,2.124298095703125
2020-02-18,5.059054851531982,5.0688982009887695,4.95078706741333,5.04921293258667,231851,2.0997393131256104
2020-02-19,5.098424911499023,5.41338586807251,5.04921293258667,5.374015808105469,1148182,2.2348105907440186
2020-02-20,5.403542995452881,5.433071136474609,5.275590896606445,5.285432815551758,277673,2.1979732513427734
2020-02-21,5.2165350914001465,5.236219882965088,5.098424911499023,5.118110179901123,176581,2.1283912658691406
2020-02-24,4.9311017990112305,4.940945148468018,4.734251976013184,4.7834649085998535,382321,1.989228367805481
2020-02-25,4.7834649085998535,4.8228349685668945,4.438975811004639,4.576772212982178,603606,1.9032726287841797
2020-02-26,4.557086944580078,4.724409103393555,4.468503952026367,4.47834587097168,309270,1.8623416423797607
2020-02-27,4.340550899505615,4.340550899505615,4.015748023986816,4.212597846984863,317906,1.7518292665481567
2020-02-28,3.956692934036255,4.212597846984863,3.9271650314331055,4.212597846984863,527304,1.7518292665481567
2020-03-02,4.340550899505615,4.340550899505615,3.9370079040527344,4.232283115386963,383642,1.7600157260894775
2020-03-03,4.281496047973633,4.281496047973633,4.045276165008545,4.045276165008545,516331,1.6822478771209717
2020-03-04,4.153542995452881,4.16338586807251,3.631890058517456,3.6909449100494385,948944,1.5348974466323853
2020-03-05,3.661417007446289,3.661417007446289,3.1102359294891357,3.179133892059326,1196645,1.3220582008361816
2020-03-06,2.8543310165405273,3.1299209594726562,2.667323112487793,2.874016046524048,1473606,1.1951731443405151
2020-03-09,2.096457004547119,2.253937005996704,1.6240160465240479,1.6240160465240479,1566469,0.675355076789856
2020-03-10,1.9192910194396973,1.9291340112686157,1.3877949714660645,1.5846459865570068,1587195,0.6589827537536621
2020-03-11,1.6240160465240479,1.8011809587478638,1.3877949714660645,1.4566930532455444,1178560,0.6057727932929993
2020-03-12,1.338582992553711,1.6240160465240479,1.2401570081710815,1.2992130517959595,850900,0.5402843356132507
2020-03-13,1.4173229932785034,1.496062994003296,1.2893699407577515,1.466534972190857,581254,0.6098656058311462
2020-03-16,1.3188979625701904,1.377953052520752,1.0826770067214966,1.1712599992752075,750926,0.48707401752471924
2020-03-17,1.161417007446289,1.3582680225372314,1.122046947479248,1.151574969291687,737006,0.4788880944252014
2020-03-18,0.9448819756507874,1.1811020374298096,0.7972440123558044,0.9645670056343079,1129182,0.4011198580265045
2020-03-19,0.9842519760131836,1.161417007446289,0.9547240138053894,0.9842519760131836,469798,0.40930595993995667
2020-03-20,1.033465027809143,1.2303149700164795,0.9940940141677856,1.0137799978256226,875081,0.4215855002403259
2020-03-23,1.003937005996704,1.092519998550415,0.9448819756507874,1.0236220359802246,383946,0.4256781041622162
2020-03-24,1.151574969291687,1.1811020374298096,1.0531500577926636,1.1417319774627686,434442,0.4747946858406067
2020-03-25,1.2106300592422485,1.4173229932785034,1.062991976737976,1.2007869482040405,824078,0.4993531405925751
2020-03-26,1.2106300592422485,1.3582680225372314,1.131890058517456,1.161417007446289,731215,0.48298102617263794
2020-03-27,1.131890058517456,1.131890058517456,0.9055119752883911,0.9547240138053894,594258,0.39702653884887695
2020-03-30,0.9645670056343079,1.033465027809143,0.8562989830970764,0.9645670056343079,689864,0.4011198580265045
2020-03-31,0.9940940141677856,1.1122050285339355,0.9842519760131836,1.1122050285339355,831190,0.4625159800052643
2020-04-01,1.062991976737976,1.0728349685668945,0.9448819756507874,0.9940940141677856,490220,0.41339877247810364
2020-04-02,1.3287400007247925,1.4566930532455444,1.0236220359802246,1.1811020374298096,1461922,0.4911673069000244
2020-04-03,1.338582992553711,1.338582992553711,1.0433069467544556,1.190945029258728,1474927,0.4952603280544281
2020-04-06,1.151574969291687,1.2401570081710815,1.102362036705017,1.220471978187561,717601,0.5075393319129944
2020-04-07,1.2893699407577515,1.368109941482544,1.2106300592422485,1.2598429918289185,705307,0.5239119529724121
2020-04-08,1.279528021812439,1.3582680225372314,1.220471978187561,1.338582992553711,525780,0.5566561818122864
2020-04-09,1.4173229932785034,1.5649609565734863,1.279528021812439,1.368109941482544,1217270,0.5689351558685303
2020-04-13,1.4173229932785034,1.4271650314331055,1.2401570081710815,1.279528021812439,462788,0.5320980548858643
2020-04-14,1.279528021812439,1.3188979625701904,1.190945029258728,1.220471978187561,406400,0.5075393319129944
2020-04-15,1.131890058517456,1.2106300592422485,1.0826770067214966,1.161417007446289,428549,0.48298102617263794
2020-04-16,1.1811020374298096,1.2401570081710815,1.1712599992752075,1.1712599992752075,327863,0.48707401752471924
2020-04-17,1.1811020374298096,1.3287400007247925,1.1712599992752075,1.25,293218,0.5198184847831726
2020-04-20,1.131890058517456,1.3287400007247925,1.131890058517456,1.279528021812439,371348,0.5320980548858643
2020-04-21,1.220471978187561,1.338582992553711,1.220471978187561,1.338582992553711,212344,0.5566561818122864
2020-04-22,1.397637963294983,1.4566930532455444,1.377953052520752,1.3877949714660645,414122,0.5771214365959167
2020-04-23,1.4763779640197754,1.8405510187149048,1.4763779640197754,1.8011809587478638,665582,0.7490296363830566
2020-04-24,1.8011809587478638,1.9291340112686157,1.5748029947280884,1.7027560472488403,653694,0.7080996036529541
2020-04-27,1.6338579654693604,1.6929130554199219,1.5452760457992554,1.6535429954528809,321056,0.6876338124275208
2020-04-28,1.6830710172653198,1.8011809587478638,1.6535429954528809,1.7814960479736328,457200,0.7408438324928284
2020-04-29,1.8996059894561768,1.9685039520263672,1.8602360486984253,1.9291340112686157,543154,0.802239716053009
2020-04-30,2.0374019145965576,2.0669291019439697,1.8307089805603027,1.8700790405273438,791769,0.7776815295219421
2020-05-01,1.8799209594726562,1.8799209594726562,1.6141730546951294,1.7224409580230713,555447,0.7162855863571167
2020-05-04,1.6830710172653198,1.8307089805603027,1.6535429954528809,1.7421259880065918,509524,0.7244715094566345
2020-05-05,1.8602360486984253,2.017716884613037,1.8110239505767822,1.8700790405273438,554838,0.7776815295219421
2020-05-06,1.8996059894561768,1.9192910194396973,1.7716540098190308,1.8110239505767822,506171,0.7531230449676514
2020-05-07,1.8799209594726562,1.8897639513015747,1.7224409580230713,1.7913390398025513,279806,0.7449373006820679
2020-05-08,1.8602360486984253,1.8700790405273438,1.7716540098190308,1.8700790405273438,252171,0.7776815295219421
2020-05-11,1.8602360486984253,1.8700790405273438,1.7519689798355103,1.7716540098190308,244246,0.736751139163971
2020-05-12,1.7913390398025513,1.8996059894561768,1.7618110179901123,1.7716540098190308,358140,0.736751139163971
2020-05-13,1.7224409580230713,1.7224409580230713,1.5649609565734863,1.5944880247116089,548437,0.6630755066871643
2020-05-14,1.5551179647445679,1.7519689798355103,1.407480001449585,1.5551179647445679,372466,0.64670330286026
2020-05-15,1.7421259880065918,1.7421259880065918,1.5255910158157349,1.6043310165405273,338328,0.6671690344810486
2020-05-19,1.6732280254364014,1.7421259880065918,1.6535429954528809,1.6633859872817993,310388,0.6917271614074707
2020-05-20,1.7125979661941528,1.8503940105438232,1.6929130554199219,1.7814960479736328,343408,0.7408438324928284
2020-05-21,1.8405510187149048,1.8700790405273438,1.7027560472488403,1.8011809587478638,167640,0.7490296363830566
2020-05-22,1.7519689798355103,1.7519689798355103,1.6830710172653198,1.7224409580230713,177089,0.7162855863571167
2020-05-25,1.6929130554199219,1.7519689798355103,1.6633859872817993,1.7224409580230713,137973,0.7162855863571167
2020-05-26,1.7224409580230713,1.8011809587478638,1.7027560472488403,1.7716540098190308,419202,0.736751139163971
2020-05-27,1.7224409580230713,1.7814960479736328,1.6732280254364014,1.7519689798355103,385572,0.7285646200180054
2020-05-28,1.7027560472488403,1.7224409580230713,1.6732280254364014,1.6732280254364014,354076,0.695820152759552
2020-05-29,1.6240160465240479,1.6633859872817993,1.5748029947280884,1.5846459865570068,1564335,0.6589827537536621
2020-06-01,1.5748029947280884,1.6633859872817993,1.5748029947280884,1.5944880247116089,242418,0.6630755066871643
2020-06-02,1.6338579654693604,1.7125979661941528,1.6240160465240479,1.7125979661941528,484226,0.7121923565864563
2020-06-03,1.7125979661941528,1.7125979661941528,1.5551179647445679,1.5944880247116089,812394,0.6630755066871643
2020-06-04,1.6633859872817993,1.6633859872817993,1.5157480239868164,1.6535429954528809,831190,0.6876338124275208
2020-06-05,1.6830710172653198,2.2736220359802246,1.6830710172653198,2.125983953475952,1800657,0.8841012716293335
2020-06-08,2.381890058517456,2.7165350914001465,2.263780117034912,2.667323112487793,1550010,1.1092196702957153
2020-06-09,2.5590550899505615,2.5984249114990234,2.2736220359802246,2.342519998550415,1289406,0.9741480350494385
2020-06-10,2.2834649085998535,2.2834649085998535,2.017716884613037,2.0669291019439697,1089457,0.8595426082611084
2020-06-11,1.6633859872817993,1.8996059894561768,1.6338579654693604,1.7322829961776733,965911,0.7203782796859741
2020-06-12,1.8208659887313843,1.8996059894561768,1.6830710172653198,1.7618110179901123,722884,0.7326578497886658
2020-06-15,1.6732280254364014,1.7618110179901123,1.6240160465240479,1.6732280254364014,689254,0.695820152759552
2020-06-16,1.8208659887313843,1.8307089805603027,1.6043310165405273,1.6141730546951294,820928,0.6712616086006165
2020-06-17,1.6141730546951294,1.6240160465240479,1.466534972190857,1.466534972190857,697992,0.6098656058311462
2020-06-18,1.4566930532455444,1.5748029947280884,1.437008023262024,1.4763779640197754,508813,0.6139588952064514
2020-06-19,1.5255910158157349,1.6338579654693604,1.5059059858322144,1.5452760457992554,753974,0.6426106095314026
2020-06-22,1.5551179647445679,1.5944880247116089,1.4862200021743774,1.5846459865570068,442874,0.6589827537536621
2020-06-23,1.6043310165405273,1.7027560472488403,1.5944880247116089,1.6240160465240479,492963,0.675355076789856
2020-06-24,1.5944880247116089,1.6141730546951294,1.4862200021743774,1.5452760457992554,640182,0.6426106095314026
2020-06-25,1.4763779640197754,1.5748029947280884,1.4566930532455444,1.535433053970337,518871,0.6385173201560974
2020-06-26,1.496062994003296,1.5649609565734863,1.4566930532455444,1.4862200021743774,638658,0.6180519461631775
2020-06-29,1.4862200021743774,1.5551179647445679,1.4862200021743774,1.5059059858322144,427228,0.6262385249137878
2020-06-30,1.496062994003296,1.5748029947280884,1.4566930532455444,1.5649609565734863,546100,0.6507967114448547
2020-07-02,1.5452760457992554,1.6929130554199219,1.5452760457992554,1.6141730546951294,639166,0.6712616086006165
2020-07-03,1.5846459865570068,1.6535429954528809,1.5649609565734863,1.6437009572982788,51410,0.6835409998893738
2020-07-06,1.6535429954528809,1.6732280254364014,1.5846459865570068,1.6535429954528809,493166,0.6876338124275208
2020-07-07,1.6338579654693604,1.7421259880065918,1.6240160465240479,1.6830710172653198,371043,0.699913501739502
2020-07-08,1.7027560472488403,1.7125979661941528,1.6043310165405273,1.6633859872817993,221183,0.6917271614074707
2020-07-09,1.6633859872817993,1.6830710172653198,1.5846459865570068,1.5944880247116089,202895,0.6630755066871643
2020-07-10,1.5944880247116089,1.6929130554199219,1.5255910158157349,1.6732280254364014,619150,0.695820152759552
2020-07-13,1.6929130554199219,1.6929130554199219,1.5649609565734863,1.5748029947280884,345237,0.6548895835876465
2020-07-14,1.5748029947280884,1.6043310165405273,1.5059059858322144,1.5846459865570068,656133,0.6589827537536621
2020-07-15,1.7224409580230713,1.7224409580230713,1.6141730546951294,1.6732280254364014,832307,0.695820152759552
2020-07-16,1.6535429954528809,1.7421259880065918,1.6437009572982788,1.6732280254364014,383235,0.695820152759552
2020-07-17,1.6929130554199219,1.7618110179901123,1.6535429954528809,1.6929130554199219,299720,0.7040060758590698
2020-07-20,1.6830710172653198,1.7224409580230713,1.6732280254364014,1.6830710172653198,215798,0.699913501739502
2020-07-21,1.7125979661941528,1.9685039520263672,1.7125979661941528,1.8405510187149048,764438,0.7654022574424744
2020-07-22,1.8011809587478638,1.8307089805603027,1.7618110179901123,1.8110239505767822,299314,0.7531230449676514
2020-07-23,1.8799209594726562,1.9488190412521362,1.8208659887313843,1.8700790405273438,647294,0.7776815295219421
2020-07-24,1.8700790405273438,1.9094489812850952,1.8208659887313843,1.8602360486984253,320548,0.7735883593559265
2020-07-27,1.8897639513015747,1.8897639513015747,1.8011809587478638,1.8602360486984253,142443,0.7735883593559265
2020-07-28,1.8503940105438232,1.8799209594726562,1.8307089805603027,1.8405510187149048,149454,0.7654022574424744
2020-07-29,1.8405510187149048,1.9685039520263672,1.8110239505767822,1.9389760494232178,331216,0.8063326478004456
2020-07-30,1.9094489812850952,1.9094489812850952,1.8011809587478638,1.8700790405273438,229006,0.7776815295219421
2020-07-31,1.8405510187149048,1.8799209594726562,1.8110239505767822,1.8503940105438232,188976,0.7694954872131348
2020-08-04,1.8602360486984253,1.9980310201644897,1.8602360486984253,1.9685039520263672,542239,0.8186119198799133
2020-08-05,2.0767719745635986,2.214566946029663,1.9980310201644897,2.047244071960449,612750,0.8513562083244324
2020-08-06,2.1456689834594727,2.165354013442993,2.0275590419769287,2.125983953475952,556158,0.8841012716293335
2020-08-07,2.13582706451416,2.411417007446289,2.1161420345306396,2.342519998550415,632663,0.9741480350494385
2020-08-10,2.411417007446289,2.6476380825042725,2.411417007446289,2.509843111038208,642112,1.0437308549880981
2020-08-11,2.657480001449585,2.667323112487793,2.4311020374298096,2.460629940032959,626567,1.0232648849487305
2020-08-12,2.4803149700164795,2.736219882965088,2.4803149700164795,2.7165350914001465,788010,1.1296838521957397
2020-08-13,2.696850061416626,2.696850061416626,2.5295279026031494,2.5590550899505615,466852,1.0641956329345703
2020-08-14,2.539370059967041,3.0807089805603027,2.539370059967041,3.0511810779571533,1245210,1.2688485383987427
2020-08-17,3.1102359294891357,3.592519998550415,3.0610239505767822,3.179133892059326,1215136,1.3220582008361816
2020-08-18,3.2086610794067383,3.3267719745635986,2.992125988006592,3.0413389205932617,889610,1.2647554874420166
2020-08-19,3.0413389205932617,3.1200790405273438,2.9724409580230713,3.1003940105438232,459232,1.2893140316009521
2020-08-20,3.0807089805603027,3.179133892059326,2.9330708980560303,3.0511810779571533,335178,1.2688485383987427
2020-08-21,3.021653890609741,3.031496047973633,2.6771650314331055,2.785433053970337,567030,1.1583359241485596
2020-08-24,2.8051180839538574,2.942913055419922,2.746062994003296,2.824803113937378,413207,1.1747081279754639
2020-08-25,2.874016046524048,2.913386106491089,2.7657480239868164,2.8838579654693604,252273,1.1992666721343994
2020-08-26,2.8838579654693604,2.8838579654693604,2.696850061416626,2.7657480239868164,403250,1.1501498222351074
2020-08-27,2.746062994003296,2.755906105041504,2.54921293258667,2.578739881515503,361188,1.072381854057312
2020-08-28,2.588582992553711,2.6377949714660645,2.539370059967041,2.6082680225372314,252374,1.0846611261367798
2020-08-31,2.5984249114990234,2.618109941482544,2.5196850299835205,2.6082680225372314,246990,1.0846611261367798
2020-09-01,2.588582992553711,2.6870079040527344,2.5590550899505615,2.6377949714660645,479958,1.0969401597976685
2020-09-02,2.6377949714660645,2.6476380825042725,2.4409449100494385,2.5295279026031494,512470,1.051916480064392
2020-09-03,2.509843111038208,2.5984249114990234,2.45078706741333,2.54921293258667,191821,1.0601024627685547
2020-09-04,2.539370059967041,2.6377949714660645,2.372046947479248,2.4704720973968506,309270,1.027357816696167
2020-09-08,2.372046947479248,2.381890058517456,2.2244091033935547,2.3129920959472656,249225,0.9618691205978394
2020-09-09,2.303149938583374,2.381890058517456,2.2736220359802246,2.3228349685668945,288747,0.9659624099731445
2020-09-10,2.293307065963745,2.3622050285339355,2.263780117034912,2.303149938583374,221894,0.9577761888504028
2020-09-11,2.263780117034912,2.3129920959472656,2.214566946029663,2.2244091033935547,231343,0.9250314831733704
2020-09-14,2.2342519760131836,2.244093894958496,2.1555120944976807,2.175196886062622,452526,0.9045659303665161
2020-09-15,2.214566946029663,2.342519998550415,2.1948819160461426,2.2244091033935547,328066,0.9250314831733704
2020-09-16,2.253937005996704,2.5,2.253937005996704,2.4704720973968506,572821,1.027357816696167
2020-09-17,2.4409449100494385,2.5295279026031494,2.3523619174957275,2.4704720973968506,323901,1.027357816696167
2020-09-18,2.4311020374298096,2.4704720973968506,2.3129920959472656,2.342519998550415,2725522,0.9741480350494385
2020-09-21,2.2736220359802246,2.2736220359802246,2.175196886062622,2.204724073410034,268427,0.9168452620506287
2020-09-22,2.2342519760131836,2.2736220359802246,2.1948819160461426,2.253937005996704,158090,0.9373107552528381
2020-09-23,2.263780117034912,2.342519998550415,2.253937005996704,2.253937005996704,242418,0.9373107552528381
2020-09-24,2.263780117034912,2.2736220359802246,2.175196886062622,2.1948819160461426,220066,0.9127525091171265
2020-09-25,2.165354013442993,2.214566946029663,2.057086944580078,2.1850390434265137,442163,0.9086589217185974
2020-09-28,2.2244091033935547,2.263780117034912,2.1555120944976807,2.1948819160461426,233578,0.9127525091171265
2020-09-29,2.1850390434265137,2.1850390434265137,2.057086944580078,2.1062989234924316,223418,0.8759146332740784
2020-09-30,2.1062989234924316,2.1555120944976807,1.9881889820098877,2.047244071960449,360172,0.8513562083244324
2020-10-01,2.0374019145965576,2.0767719745635986,1.9783459901809692,2.057086944580078,246583,0.8554496765136719
2020-10-02,2.007874011993408,2.0767719745635986,1.9291340112686157,2.017716884613037,418795,0.839077353477478
2020-10-05,2.1161420345306396,2.175196886062622,2.007874011993408,2.165354013442993,523646,0.9004729390144348
2020-10-06,2.175196886062622,2.3228349685668945,2.086613893508911,2.096457004547119,223317,0.8718219995498657
2020-10-07,2.1161420345306396,2.2244091033935547,2.096457004547119,2.2244091033935547,227990,0.9250314831733704
2020-10-08,2.3129920959472656,2.54921293258667,2.2834649085998535,2.4803149700164795,318719,1.0314513444900513
2020-10-09,2.509843111038208,2.509843111038208,2.342519998550415,2.460629940032959,342087,1.0232648849487305
2020-10-13,2.411417007446289,2.490156888961792,2.342519998550415,2.4015750885009766,777748,0.9987067580223083
2020-10-14,2.381890058517456,2.539370059967041,2.381890058517456,2.4803149700164795,443789,1.0314513444900513
2020-10-15,2.3622050285339355,2.5,2.3228349685668945,2.4311020374298096,553009,1.010985255241394
2020-10-16,2.539370059967041,2.6377949714660645,2.421260118484497,2.4409449100494385,482803,1.0150792598724365
2020-10-19,2.4409449100494385,2.5,2.372046947479248,2.4015750885009766,201778,0.9987067580223083
2020-10-20,2.421260118484497,2.5688979625701904,2.372046947479248,2.5295279026031494,357226,1.051916480064392
2020-10-21,2.509843111038208,2.627953052520752,2.4803149700164795,2.5196850299835205,318516,1.0478235483169556
2020-10-22,2.5,2.627953052520752,2.490156888961792,2.5984249114990234,316789,1.0805681943893433
2020-10-23,2.588582992553711,2.6476380825042725,2.5590550899505615,2.6476380825042725,123546,1.1010329723358154
2020-10-26,2.588582992553711,2.588582992553711,2.45078706741333,2.4803149700164795,277774,1.0314513444900513
2020-10-27,2.4803149700164795,2.5196850299835205,2.45078706741333,2.4704720973968506,154940,1.027357816696167
2020-10-28,2.3622050285339355,2.3917319774627686,2.2244091033935547,2.2342519760131836,272491,0.9291248917579651
2020-10-29,2.1456689834594727,2.253937005996704,2.1062989234924316,2.244093894958496,166218,0.9332175254821777
2020-10-30,2.1850390434265137,2.303149938583374,2.1456689834594727,2.204724073410034,132080,0.9168452620506287
2020-11-02,2.214566946029663,2.2736220359802246,2.165354013442993,2.214566946029663,192227,0.9209386706352234
2020-11-03,2.244093894958496,2.332676887512207,2.204724073410034,2.263780117034912,166929,0.9414041042327881
2020-11-04,2.253937005996704,2.3129920959472656,2.1948819160461426,2.3129920959472656,160731,0.9618691205978394
2020-11-05,2.263780117034912,2.4015750885009766,2.263780117034912,2.381890058517456,134417,0.9905206561088562
2020-11-06,2.5,2.824803113937378,2.411417007446289,2.746062994003296,769518,1.1419634819030762
2020-11-09,2.824803113937378,3.1496059894561768,2.824803113937378,3.0019690990448,589077,1.2483830451965332
2020-11-10,3.0019690990448,3.297244071960449,2.913386106491089,3.1594491004943848,628294,1.3138728141784668
2020-11-11,3.267716884613037,3.336613893508911,2.9625980854034424,3.070866107940674,581050,1.2770346403121948
2020-11-12,3.0019690990448,3.1889760494232178,2.9232280254364014,2.9724409580230713,442265,1.2361043691635132
2020-11-13,3.0019690990448,3.1200790405273438,2.952755928039551,3.0905508995056152,181762,1.2852206230163574
2020-11-16,3.1397640705108643,3.2874019145965576,3.1200790405273438,3.1988189220428467,226365,1.3302443027496338
2020-11-17,3.1496059894561768,3.415354013442993,3.1397640705108643,3.375983953475952,205638,1.4039196968078613
2020-11-18,3.3956689834594727,3.6122050285339355,3.3267719745635986,3.3661420345306396,501091,1.399827003479004
2020-11-19,3.3661420345306396,3.494093894958496,3.346457004547119,3.415354013442993,321158,1.4202916622161865
2020-11-20,3.3956689834594727,3.5236220359802246,3.375983953475952,3.4744091033935547,165303,1.444850206375122
2020-11-23,3.543307065963745,3.828739881515503,3.543307065963745,3.622046947479248,395021,1.506245732307434
2020-11-24,3.710629940032959,3.9370079040527344,3.553149938583374,3.6417319774627686,570687,1.5144318342208862
2020-11-25,3.6023619174957275,3.789370059967041,3.5236220359802246,3.7204720973968506,412090,1.547176718711853
2020-11-26,3.6909449100494385,3.79921293258667,3.6909449100494385,3.7204720973968506,104445,1.547176718711853
2020-11-27,3.6909449100494385,4.035432815551758,3.6909449100494385,3.9665350914001465,384353,1.6495026350021362
2020-11-30,3.946850061416626,3.946850061416626,3.740156888961792,3.75,202387,1.5594555139541626
2020-12-01,3.7696850299835205,3.868109941482544,3.7696850299835205,3.8582680225372314,213157,1.604479432106018
2020-12-02,3.8188979625701904,4.350393772125244,3.8188979625701904,4.291338920593262,816458,1.7845737934112549
2020-12-03,4.301180839538574,4.360236167907715,3.9370079040527344,4.025590896606445,376123,1.6740617752075195
2020-12-04,4.045276165008545,4.488189220428467,4.045276165008545,4.251968860626221,396951,1.7682030200958252
2020-12-07,4.232283115386963,4.438975811004639,4.22244119644165,4.320866107940674,436270,1.796852946281433
2020-12-08,4.281496047973633,4.389763832092285,4.251968860626221,4.330708980560303,321564,1.8009463548660278
2020-12-09,4.419291019439697,4.419291019439697,4.153542995452881,4.212597846984863,370129,1.7518292665481567
2020-12-10,4.202755928039551,4.498031139373779,4.202755928039551,4.448819160461426,499262,1.850063443183899
2020-12-11,4.468503952026367,4.517716884613037,4.301180839538574,4.507874011993408,734873,1.8746215105056763
2020-12-14,4.596457004547119,4.606298923492432,4.360236167907715,4.370079040527344,333451,1.817318320274353
2020-12-15,4.409449100494385,4.498031139373779,4.340550899505615,4.468503952026367,120701,1.8582497835159302
2020-12-16,4.537402153015137,4.537402153015137,4.311024188995361,4.330708980560303,182575,1.8009463548660278
2020-12-17,4.498031139373779,4.498031139373779,4.261810779571533,4.468503952026367,274625,1.8582497835159302
2020-12-18,4.399606227874756,4.753936767578125,4.399606227874756,4.557086944580078,291186,1.895086407661438
2020-12-21,4.330708980560303,4.47834587097168,4.212597846984863,4.350393772125244,555447,1.8091318607330322
2020-12-22,4.320866107940674,4.52755880355835,4.261810779571533,4.488189220428467,276454,1.8664356470108032
2020-12-23,4.409449100494385,4.8228349685668945,4.399606227874756,4.714567184448242,249123,1.9605752229690552
2020-12-24,4.665353775024414,4.665353775024414,4.507874011993408,4.655511856079102,91948,1.9360179901123047
2020-12-29,4.655511856079102,4.8622050285339355,4.576772212982178,4.793306827545166,319329,1.9933198690414429
2020-12-30,4.803150177001953,5.098424911499023,4.793306827545166,4.852362155914307,407924,2.0178778171539307
2020-12-31,4.842520236968994,5.0,4.842520236968994,4.921259880065918,203810,2.046529769897461
2021-01-04,5.019684791564941,5.275590896606445,4.872046947479248,4.940945148468018,516026,2.054716110229492
2021-01-05,4.940945148468018,5.688975811004639,4.940945148468018,5.3838582038879395,629209,2.238903760910034
2021-01-06,5.570866107940674,5.698819160461426,5.354331016540527,5.41338586807251,272694,2.25118350982666
2021-01-07,5.423227787017822,5.688975811004639,5.423227787017822,5.620079040527344,430581,2.33713698387146
2021-01-08,5.679133892059326,5.698819160461426,5.47244119644165,5.590550899505615,298602,2.3248581886291504
2021-01-11,5.47244119644165,5.639763832092285,5.403542995452881,5.600393772125244,172009,2.328951358795166
2021-01-12,5.620079040527344,5.974409103393555,5.620079040527344,5.797244071960449,418998,2.4108126163482666
2021-01-13,5.767716884613037,5.816928863525391,5.629920959472656,5.767716884613037,237236,2.398533582687378
2021-01-14,5.77755880355835,6.092520236968994,5.767716884613037,5.994093894958496,361594,2.4926741123199463
2021-01-15,5.954723834991455,5.984251976013184,5.787402153015137,5.905511856079102,211226,2.4558355808258057
2021-01-18,5.807086944580078,5.994093894958496,5.669291019439697,5.77755880355835,688442,2.402625799179077
2021-01-19,5.935039043426514,6.417323112487793,5.88582706451416,6.328740119934082,329794,2.6318368911743164
2021-01-20,6.309054851531982,6.486219882965088,6.29921293258667,6.397637844085693,168148,2.6604886054992676
2021-01-21,6.348424911499023,6.505906105041504,6.161417007446289,6.25,251866,2.599092721939087
2021-01-22,6.013780117034912,6.29921293258667,5.994093894958496,6.102362155914307,596494,2.5376970767974854
2021-01-25,6.171259880065918,6.2795281410217285,6.003936767578125,6.151575088500977,2303170,2.558161735534668
2021-01-26,6.230315208435059,6.269684791564941,5.935039043426514,5.964567184448242,168148,2.4803948402404785
2021-01-27,5.905511856079102,6.309054851531982,5.738189220428467,6.1811017990112305,699618,2.570441246032715
2021-01-28,6.20078706741333,6.437007904052734,6.141732215881348,6.240157127380371,423469,2.594999313354492
2021-01-29,6.2795281410217285,6.584646224975586,6.240157127380371,6.3188982009887695,662127,2.6277456283569336
2021-02-01,6.397637844085693,7.332676887512207,6.377953052520752,7.125984191894531,464922,2.9633753299713135
2021-02-02,7.342520236968994,7.696849822998047,7.253936767578125,7.460629940032959,620878,3.102538824081421
2021-02-03,7.598424911499023,7.91338586807251,7.598424911499023,7.854331016540527,395427,3.266261100769043
2021-02-04,7.8838582038879395,8.169290542602539,7.805118083953857,8.070865631103516,356311,3.356308698654175
2021-02-05,8.346456527709961,8.474409103393555,8.22834587097168,8.375984191894531,437693,3.48319411277771
2021-02-08,8.513779640197754,9.63582706451416,8.513779640197754,9.468503952026367,1086307,3.9375243186950684
2021-02-09,9.57677173614502,10.147638320922852,9.281496047973633,10.02952766418457,835050,4.170828819274902
2021-02-10,10.0,10.590551376342773,9.921259880065918,10.43307113647461,1086002,4.338644027709961
2021-02-11,10.3051176071167,10.52165412902832,10.0,10.088582992553711,402946,4.19538688659668
2021-02-12,9.852361679077148,11.062992095947266,9.842519760131836,10.610236167907715,1242771,4.412318229675293
2021-02-16,11.30905532836914,11.30905532836914,10.82677173614502,10.9448823928833,484226,4.551482200622559
2021-02-17,11.043307304382324,11.259842872619629,10.413386344909668,10.649605751037598,684886,4.4286909103393555
2021-02-18,10.590551376342773,10.974409103393555,10.482282638549805,10.501969337463379,325933,4.367294788360596
2021-02-19,10.511811256408691,10.649605751037598,10.246063232421875,10.49212646484375,330403,4.3632025718688965
2021-02-22,10.442913055419922,11.653543472290039,10.442913055419922,10.964567184448242,663550,4.559668064117432
2021-02-23,10.846456527709961,11.112204551696777,10.36417293548584,11.013779640197754,312318,4.580134391784668
2021-02-24,11.200786590576172,11.525590896606445,10.875984191894531,11.437007904052734,261214,4.756134986877441
2021-02-25,11.161417007446289,11.368109703063965,10.580709457397461,10.679134368896484,367690,4.440969467163086
2021-02-26,10.344488143920898,10.81692886352539,10.118109703063965,10.629920959472656,393497,4.420502662658691
2021-03-01,10.639763832092285,10.994093894958496,10.561023712158203,10.600394248962402,343408,4.408226013183594
2021-03-02,10.688976287841797,11.210630416870117,10.482282638549805,10.82677173614502,277876,4.50236701965332
2021-03-03,10.75787353515625,11.062992095947266,10.501969337463379,10.767717361450195,500075,4.477807998657227
2021-03-04,10.767717361450195,11.072834968566895,10.275590896606445,10.501969337463379,802538,4.367294788360596
2021-03-05,10.659448623657227,10.895668983459473,10.36417293548584,10.75787353515625,719734,4.473714828491211
2021-03-08,10.551180839538574,10.925196647644043,10.334646224975586,10.39370059967041,385064,4.322273254394531
2021-03-09,10.383857727050781,10.81692886352539,10.285432815551758,10.698819160461426,278282,4.449155330657959
2021-03-10,10.462597846984863,11.653543472290039,10.45275592803955,11.505906105041504,602793,4.784786701202393
2021-03-11,11.515748023986816,11.722440719604492,11.240157127380371,11.31889820098877,645262,4.707017421722412
2021-03-12,11.200786590576172,11.289369583129883,10.836613655090332,10.974409103393555,427025,4.563761234283447
2021-03-15,11.072834968566895,11.072834968566895,10.561023712158203,10.620079040527344,219862,4.41641092300415
2021-03-16,10.52165412902832,10.85629940032959,10.137795448303223,10.659448623657227,465938,4.432783126831055
2021-03-17,10.629920959472656,11.043307304382324,10.620079040527344,10.964567184448242,313030,4.559668064117432
2021-03-18,10.88582706451416,10.984251976013184,10.275590896606445,10.383857727050781,235814,4.318177700042725
2021-03-19,10.374015808105469,10.85629940032959,10.187007904052734,10.79724407196045,306527,4.490087032318115
2021-03-22,10.82677173614502,11.466534614562988,10.639763832092285,11.377952575683594,428752,4.731576919555664
2021-03-23,10.866142272949219,10.964567184448242,10.206692695617676,10.472440719604492,444906,4.355015277862549
2021-03-24,10.551180839538574,10.846456527709961,10.403543472290039,10.45275592803955,265582,4.346828937530518
2021-03-25,10.05905532836914,10.541338920593262,10.019684791564941,10.511811256408691,175565,4.371388912200928
2021-03-26,10.669290542602539,10.767717361450195,10.42322826385498,10.590551376342773,141224,4.4041314125061035
2021-03-29,10.49212646484375,10.561023712158203,10.285432815551758,10.403543472290039,252171,4.326364040374756
2021-03-30,10.265748023986816,10.413386344909668,10.118109703063965,10.236220359802246,168046,4.256782531738281
2021-03-31,10.167323112487793,10.334646224975586,9.990157127380371,10.009842872619629,337109,4.1626410484313965
2021-04-01,10.039369583129883,10.75787353515625,10.039369583129883,10.708661079406738,258369,4.453247547149658
2021-04-05,10.383857727050781,10.629920959472656,10.383857727050781,10.52165412902832,124155,4.375481605529785
2021-04-06,10.679134368896484,10.895668983459473,10.511811256408691,10.620079040527344,152603,4.41641092300415
2021-04-07,10.590551376342773,10.600394248962402,10.324803352355957,10.374015808105469,84125,4.314084529876709
2021-04-08,10.324803352355957,10.374015808105469,9.990157127380371,10.078740119934082,193243,4.191294193267822
2021-04-09,10.049213409423828,10.049213409423828,9.783465385437012,9.842519760131836,193751,4.093059539794922
2021-04-12,9.891732215881348,10.0,9.498030662536621,9.675196647644043,213868,4.023478984832764
2021-04-13,9.63582706451416,9.724409103393555,9.527559280395508,9.645668983459473,256235,4.011197566986084
2021-04-14,9.753936767578125,10.177165031433105,9.753936767578125,9.901575088500977,183490,4.117619037628174
2021-04-15,9.842519760131836,10.0,9.645668983459473,9.744093894958496,189179,4.05212926864624
2021-04-16,9.665353775024414,9.812992095947266,9.419290542602539,9.645668983459473,226060,4.011197566986084
2021-04-19,9.557086944580078,9.842519760131836,9.498030662536621,9.675196647644043,275031,4.023478984832764
2021-04-20,9.625984191894531,9.704724311828613,9.281496047973633,9.379920959472656,232562,3.900686025619507
2021-04-21,9.17322826385498,9.498030662536621,9.17322826385498,9.419290542602539,156058,3.917058229446411
2021-04-22,9.409448623657227,9.517717361450195,9.291338920593262,9.379920959472656,213868,3.900686025619507
2021-04-23,9.320865631103516,9.763779640197754,9.291338920593262,9.291338920593262,244246,3.86384916305542
2021-04-26,9.251969337463379,9.675196647644043,9.232282638549805,9.56692886352539,156159,3.9784562587738037
2021-04-27,9.56692886352539,10.019684791564941,9.56692886352539,9.950786590576172,153518,4.1380839347839355
2021-04-28,10.009842872619629,11.31889820098877,9.97047233581543,11.18110179901123,1002792,4.649716377258301
2021-04-29,11.299213409423828,11.574803352355957,10.82677173614502,10.895668983459473,618439,4.531015872955322
2021-04-30,10.659448623657227,11.30905532836914,10.580709457397461,11.259842872619629,275336,4.682458400726318
2021-05-03,11.328740119934082,11.968503952026367,11.141732215881348,11.938976287841797,335382,4.964882850646973
2021-05-04,12.027559280395508,12.175196647644043,11.61417293548584,11.998030662536621,280213,4.989440441131592
2021-05-05,12.06692886352539,12.982282638549805,12.06692886352539,12.56889820098877,622097,5.226835250854492
2021-05-06,12.8051176071167,13.395668983459473,12.5,13.001969337463379,455778,5.406932830810547
2021-05-07,12.99212646484375,13.277559280395508,12.86417293548584,13.110236167907715,296774,5.451955795288086
2021-05-10,13.110236167907715,13.661417007446289,12.677165031433105,12.687007904052734,453136,5.275953769683838
2021-05-11,12.342519760131836,12.913386344909668,12.116142272949219,12.844488143920898,277571,5.341441631317139
2021-05-12,12.982282638549805,13.179134368896484,12.726378440856934,12.92322826385498,283972,5.37418794631958
2021-05-13,12.578740119934082,12.99212646484375,12.303150177001953,12.401575088500977,285801,5.15725564956665
2021-05-14,12.5,12.874015808105469,12.5,12.8051176071167,473862,5.325070858001709
2021-05-17,12.795275688171387,13.198819160461426,12.726378440856934,13.149605751037598,330708,5.468327045440674
2021-05-18,13.100394248962402,13.494093894958496,13.041338920593262,13.22834587097168,292405,5.501071929931641
2021-05-19,12.8051176071167,13.149605751037598,12.795275688171387,13.110236167907715,147015,5.451955795288086
2021-05-20,13.129920959472656,13.218503952026367,12.834646224975586,13.188976287841797,180035,5.484699726104736
2021-05-21,13.32677173614502,13.415353775024414,13.011811256408691,13.129920959472656,457708,5.460142612457275
2021-05-25,13.110236167907715,13.710630416870117,13.110236167907715,13.248030662536621,352349,5.509257793426514
2021-05-26,13.198819160461426,13.946849822998047,13.129920959472656,13.80905532836914,381711,5.742562294006348
2021-05-27,13.966534614562988,14.222440719604492,13.769684791564941,14.163386344909668,1927250,5.889913082122803
2021-05-28,14.104331016540527,14.399605751037598,13.996063232421875,14.14370059967041,329895,5.881726264953613
2021-05-31,14.133857727050781,14.527559280395508,14.133857727050781,14.281496047973633,129337,5.939028739929199
2021-06-01,14.645668983459473,14.783465385437012,14.360236167907715,14.419290542602539,531165,5.996333122253418
2021-06-02,14.527559280395508,14.527559280395508,13.887795448303223,13.917323112487793,336093,5.787586212158203
2021-06-03,13.907480239868164,13.917323112487793,13.366142272949219,13.484251976013184,321970,5.607492923736572
2021-06-04,13.631890296936035,13.77952766418457,13.139763832092285,13.218503952026367,287325,5.496979713439941
2021-06-07,13.38582706451416,13.395668983459473,13.001969337463379,13.041338920593262,148234,5.423303127288818
2021-06-08,13.287402153015137,13.38582706451416,12.89370059967041,12.92322826385498,232664,5.37418794631958
2021-06-09,12.903543472290039,13.110236167907715,12.706692695617676,13.001969337463379,428752,5.406932830810547
2021-06-10,13.159448623657227,13.553150177001953,13.031496047973633,13.435038566589355,296469,5.5870256423950195
2021-06-11,13.582676887512207,13.789369583129883,13.435038566589355,13.651575088500977,264770,5.677074432373047
2021-06-14,13.602361679077148,14.0551176071167,13.474409103393555,13.533465385437012,209499,5.627958297729492
2021-06-15,13.572834968566895,14.517717361450195,13.572834968566895,14.301180839538574,421030,5.947216510772705
2021-06-16,14.261811256408691,14.517717361450195,13.907480239868164,14.27165412902832,210007,5.934937477111816
2021-06-17,14.251969337463379,14.251969337463379,13.169290542602539,13.543307304382324,451307,5.632050514221191
2021-06-18,13.828740119934082,14.517717361450195,13.77952766418457,14.015748023986816,896417,5.82851505279541
2021-06-21,14.27165412902832,16.230314254760742,14.27165412902832,16.053150177001953,859638,6.675781726837158
2021-06-22,15.984251976013184,16.062992095947266,15.501969337463379,15.9448823928833,233782,6.630756855010986
2021-06-23,16.112205505371094,16.496063232421875,16.023622512817383,16.35826873779297,254610,6.802664279937744
2021-06-24,16.240156173706055,16.5944881439209,16.053150177001953,16.48621940612793,195783,6.855875015258789
2021-06-25,16.48621940612793,16.929134368896484,16.043306350708008,16.811023712158203,209804,6.990950107574463
2021-06-28,16.673227310180664,16.732282638549805,16.289369583129883,16.525590896606445,192024,6.872246265411377
2021-06-29,16.5944881439209,16.781496047973633,16.387794494628906,16.407480239868164,219456,6.823129177093506
2021-06-30,16.446849822998047,16.929134368896484,16.407480239868164,16.8897647857666,212852,7.023687839508057
2021-07-02,16.97834587097168,17.224409103393555,16.299213409423828,17.135826110839844,282143,7.126015663146973
2021-07-05,17.214567184448242,17.224409103393555,16.958660125732422,17.224409103393555,112065,7.162852764129639
2021-07-06,17.06692886352539,17.06692886352539,16.68307113647461,16.938976287841797,307645,7.044154644012451
2021-07-07,16.811023712158203,17.17519760131836,16.437007904052734,16.614173889160156,283464,6.909084796905518
2021-07-08,16.27952766418457,16.791339874267578,15.964567184448242,16.57480239868164,238658,6.892711639404297
2021-07-09,16.870079040527344,17.1555118560791,16.545276641845703,16.83070945739746,115316,6.999133110046387
2021-07-12,16.62401580810547,16.870079040527344,16.42716407775879,16.466535568237305,92862,6.847690105438232
2021-07-13,16.555118560791016,16.958660125732422,16.5157470703125,16.811023712158203,154635,6.990950107574463
2021-07-14,16.8897647857666,17.08661460876465,16.584646224975586,16.63385772705078,218338,6.9253830909729
2021-07-15,16.437007904052734,16.62401580810547,15.935038566589355,16.122047424316406,261823,6.712289333343506
2021-07-16,16.299213409423828,16.57480239868164,15.442913055419922,15.551180839538574,291186,6.474615097045898
2021-07-19,14.842519760131836,15.216534614562988,14.724409103393555,14.822834968566895,345034,6.17137336730957
2021-07-20,14.812992095947266,16.122047424316406,14.763779640197754,15.875984191894531,252984,6.609843730926514
2021-07-21,16.240156173706055,16.68307113647461,16.07283592224121,16.33858299255371,195580,6.802443027496338
2021-07-22,16.456693649291992,16.68307113647461,16.210630416870117,16.496063232421875,137160,6.8680100440979
2021-07-23,16.535432815551758,16.535432815551758,16.171260833740234,16.210630416870117,143459,6.749171733856201
2021-07-26,16.27952766418457,16.68307113647461,16.043306350708008,16.22047233581543,159715,6.75327205657959
2021-07-27,16.003936767578125,16.003936767578125,15.255906105041504,15.42322826385498,157074,6.421344757080078
2021-07-28,15.531496047973633,15.738188743591309,15.246063232421875,15.580709457397461,100482,6.486908435821533
2021-07-29,15.767717361450195,15.905511856079102,15.531496047973633,15.649605751037598,60147,6.515594482421875
2021-07-30,15.541338920593262,15.994093894958496,15.265748023986816,15.895668983459473,153010,6.618043422698975
2021-08-03,15.36417293548584,15.935038566589355,14.960630416870117,15.807086944580078,196494,6.581161022186279
2021-08-04,15.187007904052734,15.629920959472656,13.622047424316406,13.996063232421875,958596,5.827156066894531
2021-08-05,14.17322826385498,14.468503952026367,13.72047233581543,14.104331016540527,212547,5.872229099273682
2021-08-06,14.133857727050781,14.704724311828613,13.917323112487793,14.616142272949219,243637,6.085319995880127
2021-08-09,14.330709457397461,14.389763832092285,13.72047233581543,14.045275688171387,169570,5.847643852233887
2021-08-10,14.291338920593262,14.97047233581543,14.24212646484375,14.872047424316406,239573,6.191864967346191
2021-08-11,14.665353775024414,14.744093894958496,14.291338920593262,14.389763832092285,279603,5.991069316864014
2021-08-12,14.379920959472656,14.468503952026367,14.045275688171387,14.084646224975586,210312,5.864035606384277
2021-08-13,14.27165412902832,14.281496047973633,13.868109703063965,13.976378440856934,207467,5.827101707458496
2021-08-16,13.759842872619629,13.77952766418457,13.287402153015137,13.31692886352539,197917,5.5521626472473145
2021-08-17,13.001969337463379,13.208661079406738,12.834646224975586,12.972440719604492,288646,5.408535480499268
2021-08-18,12.8051176071167,13.061023712158203,12.519684791564941,12.736220359802246,342798,5.310051918029785
2021-08-19,12.312992095947266,12.647638320922852,11.938976287841797,12.037402153015137,367182,5.0186944007873535
2021-08-20,11.958661079406738,12.116142272949219,11.781496047973633,12.096456527709961,178105,5.04331636428833
2021-08-23,12.637795448303223,12.716534614562988,12.322834968566895,12.52952766418457,137363,5.223875045776367
2021-08-24,12.844488143920898,13.375984191894531,12.706692695617676,13.159448623657227,182575,5.486503601074219
2021-08-25,13.31692886352539,13.375984191894531,12.874015808105469,13.159448623657227,112573,5.486503601074219
2021-08-26,13.120079040527344,13.395668983459473,13.031496047973633,13.218503952026367,92354,5.511124134063721
2021-08-27,13.218503952026367,13.77952766418457,13.120079040527344,13.592519760131836,334061,5.6670637130737305
2021-08-30,13.671259880065918,13.671259880065918,13.395668983459473,13.582676887512207,71222,5.662957668304443
2021-08-31,13.38582706451416,13.503936767578125,13.238188743591309,13.31692886352539,217526,5.5521626472473145
2021-09-01,13.22834587097168,13.710630416870117,13.159448623657227,13.631890296936035,466547,5.683476448059082
2021-09-02,13.759842872619629,14.47834587097168,13.759842872619629,14.311023712158203,171094,5.966625690460205
2021-09-03,14.20275592803955,14.47834587097168,14.0551176071167,14.468503952026367,182067,6.032282829284668
2021-09-07,14.340551376342773,14.685038566589355,14.232282638549805,14.498030662536621,178410,6.044591903686523
2021-09-08,14.625984191894531,14.803150177001953,14.0551176071167,14.724409103393555,255727,6.138976573944092
2021-09-09,14.881890296936035,15.846456527709961,14.842519760131836,15.02952766418457,462077,6.266186714172363
2021-09-10,15.42322826385498,15.551180839538574,14.773621559143066,14.822834968566895,206654,6.180009841918945
2021-09-13,14.862204551696777,15.79724407196045,14.862204551696777,15.748030662536621,309067,6.565749645233154
2021-09-14,15.629920959472656,16.33858299255371,15.629920959472656,16.10236167907715,390550,6.721881866455078
2021-09-15,16.30905532836914,16.791339874267578,16.30905532836914,16.702756881713867,324612,6.972516059875488
2021-09-16,16.60433006286621,16.74212646484375,16.269685745239258,16.60433006286621,183286,6.931426048278809
2021-09-17,16.417322158813477,16.57480239868164,16.092519760131836,16.269685745239258,387401,6.791728973388672
2021-09-20,15.767717361450195,15.9448823928833,15.42322826385498,15.629920959472656,218846,6.524661064147949
2021-09-21,15.875984191894531,15.895668983459473,15.374015808105469,15.45275592803955,199746,6.4507036209106445
2021-09-22,15.915353775024414,16.25,15.580709457397461,15.9448823928833,288950,6.65614128112793
2021-09-23,16.171260833740234,16.60433006286621,15.81692886352539,16.446849822998047,490728,6.865687370300293
2021-09-24,16.200786590576172,16.929134368896484,16.200786590576172,16.732282638549805,281127,6.984838485717773
2021-09-27,17.00787353515625,18.4055118560791,17.00787353515625,18.28740119934082,646887,7.634016990661621
2021-09-28,18.415353775024414,19.0944881439209,17.746063232421875,18.297243118286133,461874,7.638126373291016
2021-09-29,18.39566993713379,18.730314254760742,18.02165412902832,18.435039520263672,210312,7.695648670196533
2021-09-30,18.435039520263672,18.64173126220703,18.1397647857666,18.4842529296875,231851,7.716192245483398
2021-10-01,18.494094848632812,18.700786590576172,18.31692886352539,18.39566993713379,123850,7.6792168617248535
2021-10-04,18.75,19.0944881439209,18.4055118560791,18.671260833740234,388925,7.794259548187256
2021-10-05,18.89763832092285,19.27165412902832,18.60236167907715,18.907480239868164,249834,7.892868518829346
2021-10-06,18.562992095947266,19.114173889160156,18.1397647857666,18.828739166259766,183388,7.859997272491455
2021-10-07,18.710630416870117,19.635826110839844,18.69094467163086,19.41929054260254,244450,8.10651969909668
2021-10-08,19.64566993713379,20.295276641845703,19.58661460876465,19.85236167907715,242316,8.28730583190918
2021-10-12,19.862205505371094,20.35433006286621,19.61614227294922,19.714567184448242,227889,8.229784965515137
2021-10-13,19.58661460876465,19.685039520263672,18.759843826293945,18.917322158813477,185115,7.89697790145874
2021-10-14,19.222440719604492,19.685039520263672,19.13385772705078,19.635826110839844,203403,8.205452919006348
2021-10-15,19.82283592224121,20.11811065673828,19.635826110839844,19.842519760131836,183286,8.291826248168945
2021-10-18,19.950786590576172,20.23621940612793,19.370079040527344,19.527559280395508,134823,8.160210609436035
2021-10-19,19.47834587097168,19.488189697265625,18.848424911499023,19.232282638549805,299517,8.036821365356445
2021-10-20,19.12401580810547,19.488189697265625,18.848424911499023,19.320865631103516,176073,8.073837280273438
2021-10-21,19.458660125732422,19.458660125732422,18.80905532836914,18.98621940612793,148438,7.933995723724365
2021-10-22,19.12401580810547,20.019685745239258,19.12401580810547,19.960630416870117,240182,8.34118366241455
2021-10-25,20.17716407775879,20.52165412902832,20.0,20.275590896606445,149860,8.472799301147461
2021-10-26,20.226377487182617,20.46259880065918,20.039369583129883,20.078739166259766,79146,8.390539169311523
2021-10-27,19.82283592224121,20.226377487182617,19.576772689819336,19.803150177001953,177089,8.275376319885254
2021-10-28,19.724409103393555,20.11811065673828,19.724409103393555,20.068897247314453,133401,8.386427879333496
2021-10-29,19.990156173706055,20.43307113647461,19.842519760131836,20.364173889160156,200457,8.509817123413086
2021-11-01,20.620079040527344,21.122047424316406,20.6102352142334,21.043306350708008,180746,8.79361629486084
2021-11-02,20.885826110839844,21.377952575683594,20.511810302734375,21.240156173706055,187249,8.875868797302246
2021-11-03,20.92519760131836,21.407480239868164,20.75787353515625,21.14173126220703,204013,8.834741592407227
2021-11-04,21.643701553344727,22.746063232421875,21.456693649291992,22.637794494628906,410464,9.459922790527344
2021-11-05,23.090551376342773,23.25787353515625,22.165353775024414,23.061023712158203,270764,9.636778831481934
2021-11-08,23.37598419189453,23.72047233581543,23.22834587097168,23.523622512817383,244653,9.830093383789062
2021-11-09,23.553150177001953,23.622047424316406,23.149606704711914,23.533464431762695,131978,9.834202766418457
2021-11-10,23.297243118286133,23.789369583129883,23.179134368896484,23.612205505371094,258572,9.867112159729004
2021-11-11,23.612205505371094,24.261810302734375,23.612205505371094,23.86811065673828,318922,9.974045753479004
2021-11-12,23.60236167907715,24.58661460876465,23.592519760131836,24.3602352142334,283058,10.204946517944336
2021-11-15,24.251968383789062,24.921260833740234,24.045276641845703,24.714567184448242,328676,10.35338020324707
2021-11-16,24.6555118560791,24.82283592224121,24.114173889160156,24.291339874267578,241198,10.17608642578125
2021-11-17,24.114173889160156,24.41929054260254,23.562992095947266,23.64173126220703,322885,9.903950691223145
2021-11-18,23.66141700744629,23.976377487182617,23.503936767578125,23.523622512817383,301549,9.854475975036621
2021-11-19,22.893701553344727,23.267717361450195,22.17519760131836,22.568897247314453,277571,9.454523086547852
2021-11-22,22.372047424316406,22.805118560791016,22.224409103393555,22.578739166259766,168554,9.458643913269043
2021-11-23,23.041339874267578,23.277559280395508,22.450786590576172,22.627952575683594,195986,9.479263305664062
2021-11-24,22.460630416870117,22.637794494628906,22.273622512817383,22.490156173706055,112573,9.421541213989258
2021-11-25,22.460630416870117,22.982282638549805,22.460630416870117,22.8444881439209,94285,9.569974899291992
2021-11-26,22.204723358154297,22.204723358154297,20.964567184448242,21.8602352142334,580034,9.157647132873535
2021-11-29,22.35236167907715,22.44094467163086,21.5944881439209,21.8897647857666,171298,9.170022964477539
2021-11-30,21.377952575683594,21.71259880065918,20.049213409423828,21.112205505371094,702564,8.844287872314453
2021-12-01,21.456693649291992,21.466535568237305,19.7342529296875,19.82283592224121,216916,8.304146766662598
2021-12-02,19.64566993713379,20.511810302734375,19.15354347229004,20.482282638549805,208686,8.580402374267578
2021-12-03,20.81692886352539,21.348424911499023,20.17716407775879,20.6102352142334,351536,8.634004592895508
2021-12-06,21.043306350708008,21.30905532836914,20.216535568237305,20.964567184448242,432816,8.782443046569824
2021-12-07,21.722440719604492,21.94881820678711,21.387794494628906,21.476377487182617,283566,8.996846199035645
2021-12-08,21.545276641845703,22.027559280395508,21.456693649291992,21.879920959472656,197206,9.165898323059082
2021-12-09,21.614173889160156,22.06692886352539,21.48621940612793,21.5157470703125,160325,9.01333999633789
2021-12-10,21.958660125732422,21.958660125732422,21.35826873779297,21.702756881713867,141326,9.091680526733398
2021-12-13,21.643701553344727,21.791339874267578,20.954723358154297,21.13188934326172,275336,8.852533340454102
2021-12-14,20.738189697265625,21.200786590576172,20.226377487182617,20.40354347229004,3862222,8.571371078491211
2021-12-15,20.17716407775879,20.6397647857666,19.7342529296875,20.482282638549805,295758,8.604446411132812
2021-12-16,20.92519760131836,22.82480239868164,20.915353775024414,21.456693649291992,3100222,9.013787269592285
2021-12-17,21.259843826293945,21.446849822998047,20.137794494628906,21.043306350708008,4111346,8.840128898620605
2021-12-20,19.89173126220703,21.446849822998047,19.89173126220703,21.387794494628906,364642,8.984845161437988
2021-12-21,21.811023712158203,23.28740119934082,21.811023712158203,23.22834587097168,396240,9.758045196533203
2021-12-22,23.070865631103516,24.24212646484375,22.923227310180664,23.907480239868164,491541,10.043346405029297
2021-12-23,24.24212646484375,24.24212646484375,23.37598419189453,23.700786590576172,253898,9.95651626586914
2021-12-24,23.789369583129883,24.045276641845703,23.622047424316406,23.83858299255371,39522,10.01440143585205
2021-12-29,24.606298446655273,24.793306350708008,24.192913055419922,24.488189697265625,157582,10.287298202514648
2021-12-30,24.606298446655273,24.606298446655273,23.828739166259766,23.89763832092285,104038,10.03921127319336
2021-12-31,23.877952575683594,24.261810302734375,23.60236167907715,24.202756881713867,101194,10.167389869689941
2022-01-04,25.08858299255371,25.098424911499023,24.055118560791016,24.56692886352539,256032,10.320375442504883
2022-01-05,24.606298446655273,24.872047424316406,23.848424911499023,23.996063232421875,193954,10.080560684204102
2022-01-06,24.488189697265625,24.7342529296875,23.966535568237305,24.458660125732422,172923,10.274890899658203
2022-01-07,24.517717361450195,24.793306350708008,24.07480239868164,24.251968383789062,119075,10.188064575195312
2022-01-10,24.064960479736328,24.3897647857666,23.562992095947266,24.379920959472656,189586,10.241815567016602
2022-01-11,24.557086944580078,26.043306350708008,24.527559280395508,26.01378059387207,3171342,10.92818832397461
2022-01-12,26.240156173706055,26.97834587097168,26.14173126220703,26.614173889160156,3870452,11.180407524108887
2022-01-13,26.57480239868164,26.74212646484375,25.452756881713867,25.58070945739746,260807,10.746256828308105
2022-01-14,25.46259880065918,25.9842529296875,24.931102752685547,25.856298446655273,433527,10.887162208557129
2022-01-17,25.688976287841797,26.879920959472656,25.688976287841797,26.407480239868164,144983,11.119244575500488
2022-01-18,26.584646224975586,26.66338539123535,25.826772689819336,25.856298446655273,285902,10.887162208557129
2022-01-19,26.210630416870117,26.210630416870117,25.43307113647461,25.688976287841797,138684,10.81671142578125
2022-01-20,25.43307113647461,26.210630416870117,25.295276641845703,25.3444881439209,110541,10.671662330627441
2022-01-21,25.039369583129883,25.098424911499023,23.956693649291992,24.025590896606445,287020,10.116318702697754
2022-01-24,23.238189697265625,23.64173126220703,22.372047424316406,23.51378059387207,404571,9.900808334350586
2022-01-25,23.238189697265625,24.035432815551758,22.64763832092285,23.86811065673828,258470,10.050008773803711
2022-01-26,23.966535568237305,24.429134368896484,23.33661460876465,23.474409103393555,315265,9.884233474731445
2022-01-27,23.769685745239258,24.714567184448242,23.39566993713379,23.85826873779297,227381,10.045866012573242
2022-01-28,24.114173889160156,24.429134368896484,23.75,24.16338539123535,259283,10.174337387084961
2022-01-31,24.409448623657227,24.901575088500977,24.222440719604492,24.59645652770996,140513,10.356691360473633
2022-02-01,24.724409103393555,25.098424911499023,24.10433006286621,25.05905532836914,276047,10.551473617553711
2022-02-02,25.078739166259766,25.826772689819336,25.078739166259766,25.49212646484375,168961,10.733823776245117
2022-02-03,25.10826873779297,25.87598419189453,24.694881439208984,25.748031616210938,208077,10.841578483581543
2022-02-04,26.181102752685547,27.11614227294922,26.082677841186523,26.259843826293945,172822,11.057083129882812
2022-02-07,26.171260833740234,26.466535568237305,25.452756881713867,25.600393295288086,290779,10.779412269592285
2022-02-08,25.41338539123535,25.41338539123535,24.12401580810547,24.370079040527344,318313,10.261368751525879
2022-02-09,24.47834587097168,25.501968383789062,24.3602352142334,25.452756881713867,289458,10.717246055603027
2022-02-10,25.167322158813477,25.6397647857666,24.872047424316406,25.019685745239258,240690,10.534893989562988
2022-02-11,25.295276641845703,26.48621940612793,25.295276641845703,26.33858299255371,1089355,11.090237617492676
2022-02-14,25.944881439208984,26.181102752685547,25.127952575683594,26.053150177001953,987857,10.994702339172363
2022-02-15,25.482282638549805,26.35826873779297,24.97047233581543,26.299213409423828,488696,11.098540306091309
2022-02-16,26.476377487182617,27.06692886352539,25.72834587097168,25.84645652770996,340665,10.907477378845215
2022-02-17,25.826772689819336,26.003936767578125,24.665353775024414,24.862205505371094,627583,10.492109298706055
2022-02-18,24.458660125732422,24.606298446655273,23.98621940612793,24.035432815551758,488696,10.143205642700195
2022-02-22,25.442913055419922,26.781496047973633,24.85236167907715,25.885826110839844,660908,10.924089431762695
2022-02-23,25.915353775024414,26.377952575683594,25.915353775024414,26.171260833740234,410870,11.044547080993652
2022-02-24,26.62401580810547,26.62401580810547,24.960630416870117,26.053150177001953,343205,10.994702339172363
2022-02-25,25.9842529296875,27.03740119934082,25.708660125732422,26.91929054260254,373482,11.360222816467285
2022-02-28,26.60433006286621,27.805118560791016,26.60433006286621,27.67716407775879,589382,11.680051803588867
2022-03-01,28.543306350708008,28.818897247314453,27.795276641845703,28.612205505371094,376225,12.074650764465332
2022-03-02,29.07480239868164,29.47834587097168,28.39566993713379,28.64173126220703,349301,12.087108612060547
2022-03-03,28.444881439208984,28.622047424316406,27.598424911499023,27.864173889160156,280619,11.758970260620117
2022-03-04,27.952756881713867,29.13385772705078,27.952756881713867,29.035432815551758,408127,12.253257751464844
2022-03-07,29.13385772705078,29.950786590576172,28.730314254760742,29.59645652770996,1291844,12.490017890930176
2022-03-08,29.82283592224121,30.226377487182617,28.789369583129883,29.18307113647461,756412,12.315559387207031
2022-03-09,28.543306350708008,29.281496047973633,27.942913055419922,28.533464431762695,438404,12.04141902923584
2022-03-10,28.51378059387207,29.872047424316406,28.51378059387207,29.517717361450195,707339,12.456785202026367
2022-03-11,29.15354347229004,29.379920959472656,28.553150177001953,28.710630416870117,729691,12.116185188293457
2022-03-14,28.307086944580078,28.307086944580078,26.14173126220703,26.555118560791016,521208,11.237358093261719
2022-03-15,24.76378059387207,26.171260833740234,24.438976287841797,26.053150177001953,571398,11.024938583374023
2022-03-16,26.564960479736328,27.08661460876465,26.210630416870117,26.899606704711914,379984,11.383129119873047
2022-03-17,27.401575088500977,28.100393295288086,27.401575088500977,27.972440719604492,719328,11.837126731872559
2022-03-18,27.864173889160156,29.281496047973633,27.85433006286621,28.444881439208984,3291840,12.037052154541016
2022-03-21,29.0944881439209,30.334646224975586,28.759843826293945,29.94094467163086,568655,12.670138359069824
2022-03-22,29.773622512817383,30.196849822998047,29.576772689819336,29.694881439208984,312014,12.566014289855957
2022-03-23,30.23621940612793,30.944881439208984,30.019685745239258,30.08858299255371,443484,12.732616424560547
2022-03-24,30.049213409423828,30.86614227294922,29.842519760131836,30.314960479736328,382829,12.828415870666504
2022-03-25,30.275590896606445,31.437007904052734,30.275590896606445,31.299213409423828,312420,13.244917869567871
2022-03-28,30.620079040527344,30.620079040527344,29.990156173706055,30.511810302734375,165100,12.911712646484375
2022-03-29,29.89173126220703,31.003936767578125,28.622047424316406,30.915353775024414,658978,13.08248233795166
2022-03-30,31.496063232421875,32.135826110839844,30.531496047973633,30.9842529296875,637743,13.111638069152832
2022-03-31,30.708660125732422,31.476377487182617,30.511810302734375,30.718503952026367,490626,12.99918270111084
2022-04-01,30.718503952026367,31.318897247314453,30.52165412902832,30.856298446655273,166421,13.057493209838867
2022-04-04,31.112205505371094,31.240156173706055,30.531496047973633,30.994094848632812,229108,13.115803718566895
2022-04-05,31.053150177001953,31.496063232421875,30.3444881439209,30.41338539123535,430479,12.870060920715332
2022-04-06,30.807086944580078,31.171260833740234,29.744094848632812,29.921260833740234,381000,12.661811828613281
2022-04-07,29.980314254760742,30.600393295288086,29.44881820678711,30.472440719604492,836778,12.895054817199707
2022-04-08,30.52165412902832,31.437007904052734,30.3444881439209,31.377952575683594,902005,13.278243064880371
2022-04-11,29.901575088500977,30.748031616210938,29.576772689819336,30.32480239868164,276657,12.832573890686035
2022-04-12,30.89566993713379,31.348424911499023,30.206693649291992,30.35433006286621,247802,12.845074653625488
2022-04-13,30.659448623657227,30.826772689819336,29.862205505371094,30.38385772705078,128524,12.891009330749512
2022-04-14,30.393701553344727,30.55118179321289,29.94094467163086,30.49212646484375,269240,12.936943054199219
2022-04-18,30.511810302734375,32.66732406616211,30.511810302734375,32.027557373046875,418084,13.588383674621582
2022-04-19,31.496063232421875,32.17519760131836,31.062992095947266,31.200786590576172,150876,13.237606048583984
2022-04-20,31.299213409423828,31.5944881439209,30.541339874267578,30.81692886352539,276657,13.074748039245605
2022-04-21,31.062992095947266,31.10236167907715,28.976377487182617,29.192913055419922,201168,12.385721206665039
2022-04-22,28.83858299255371,29.56692886352539,27.93307113647461,28.31692886352539,226466,12.014069557189941
2022-04-25,27.076772689819336,27.982282638549805,26.377952575683594,27.696849822998047,384556,11.75098705291748
2022-04-26,27.96259880065918,29.192913055419922,27.578739166259766,28.356298446655273,493166,12.030768394470215
2022-04-27,28.63188934326172,28.887794494628906,27.785432815551758,28.671260833740234,176479,12.164403915405273
2022-04-28,28.937007904052734,29.6555118560791,28.16929054260254,29.47834587097168,170993,12.50682544708252
2022-04-29,29.50787353515625,30.826772689819336,29.438976287841797,30.570865631103516,761797,12.97034740447998
2022-05-02,30.02952766418457,30.32480239868164,28.85826873779297,29.517717361450195,365963,12.52352523803711
2022-05-03,29.58661460876465,31.968503952026367,29.58661460876465,31.48621940612793,405079,13.358713150024414
2022-05-04,32.30315017700195,35.44291305541992,32.24409484863281,35.2657470703125,580542,14.962255477905273
2022-05-05,35.33464431762695,35.679134368896484,33.05118179321289,33.91732406616211,572008,14.390159606933594
2022-05-06,34.44881820678711,34.49803161621094,32.88385772705078,33.7795295715332,251866,14.331694602966309
2022-05-09,32.70669174194336,33.00196838378906,29.76378059387207,29.872047424316406,321158,12.673861503601074
2022-05-10,30.511810302734375,30.83661460876465,29.202756881713867,30.098424911499023,416458,12.769906044006348
2022-05-11,30.75787353515625,32.194881439208984,30.75787353515625,31.377952575683594,846328,13.31277847290039
2022-05-12,30.994094848632812,31.535432815551758,30.305118560791016,30.688976287841797,214884,13.020462989807129
2022-05-13,31.496063232421875,32.44094467163086,31.30905532836914,32.18503952026367,261518,13.69913387298584
2022-05-16,32.18503952026367,33.3267707824707,32.18503952026367,32.539371490478516,332842,13.849953651428223
2022-05-17,33.28740310668945,33.91732406616211,32.952754974365234,33.297245025634766,401726,14.172527313232422
2022-05-18,33.46456527709961,33.98622131347656,31.417322158813477,31.91929054260254,252984,13.586019515991211
2022-05-19,31.043306350708008,34.07480239868164,30.75787353515625,33.710628509521484,472440,14.348483085632324
2022-05-20,33.92716598510742,34.44881820678711,33.346458435058594,33.710628509521484,511759,14.348483085632324
2022-05-24,33.80905532836914,35.2952766418457,33.75984191894531,34.61614227294922,1236574,14.73390007019043
2022-05-25,34.94094467163086,35.5610237121582,34.21259689331055,34.872047424316406,2328469,14.842827796936035
2022-05-26,35.43307113647461,35.905513763427734,35.19684982299805,35.738189697265625,292202,15.21148681640625
2022-05-27,35.76771545410156,36.289371490478516,35.413387298583984,36.24015808105469,251358,15.425143241882324
2022-05-30,36.62401580810547,37.66732406616211,36.62401580810547,37.54921340942383,137465,15.982324600219727
2022-05-31,38.10039520263672,38.37598419189453,36.643699645996094,37.18503952026367,648614,15.82731819152832
2022-06-01,37.155513763427734,38.02165222167969,36.48622131347656,37.086612701416016,248717,15.78542423248291
2022-06-02,36.41732406616211,37.43110275268555,36.41732406616211,37.22440719604492,97536,15.84407901763916
2022-06-03,37.253936767578125,37.38188934326172,36.52559280395508,37.22440719604492,111252,15.84407901763916
2022-06-06,37.598426818847656,38.80905532836914,37.43110275268555,38.4547233581543,290779,16.367740631103516
2022-06-07,38.385826110839844,39.02559280395508,37.99212646484375,38.848426818847656,201168,16.535322189331055
2022-06-08,39.02559280395508,40.088584899902344,38.90747833251953,39.34054946899414,699516,16.744781494140625
2022-06-09,38.90747833251953,39.3110237121582,38.129920959472656,38.937007904052734,273914,16.57301902770996
2022-06-10,38.51377868652344,39.222442626953125,37.60826873779297,38.43503952026367,548742,16.359357833862305
2022-06-13,36.90945053100586,37.913387298583984,35.403541564941406,37.12598419189453,2834335,15.802180290222168
2022-06-14,37.854331970214844,39.66535568237305,35.187007904052734,35.9842529296875,863803,15.356934547424316
2022-06-15,35.8267707824707,36.80118179321289,35.019683837890625,36.04330825805664,224841,15.382137298583984
2022-06-16,34.468505859375,35.452754974365234,33.710628509521484,33.98622131347656,583387,14.504232406616211
2022-06-17,33.710628509521484,34.07480239868164,30.84645652770996,31.8897647857666,877113,13.609536170959473
2022-06-20,31.496063232421875,32.135826110839844,30.009843826293945,32.01771545410156,320243,13.664141654968262
2022-06-21,32.49015808105469,33.277557373046875,32.22440719604492,33.070865631103516,257556,14.113592147827148
2022-06-22,31.023622512817383,31.505905151367188,30.37401580810547,30.49212646484375,383337,13.013067245483398
2022-06-23,30.561023712158203,30.856298446655273,27.549213409423828,27.64763832092285,552094,11.79913330078125
2022-06-24,28.22834587097168,29.350393295288086,27.814960479736328,28.562992095947266,330098,12.189777374267578
2022-06-27,29.114173889160156,30.40354347229004,28.64173126220703,30.3444881439209,827837,12.950057029724121
2022-06-28,31.505905151367188,32.854331970214844,31.13188934326172,32.32283401489258,241300,13.794356346130371
2022-06-29,32.78543472290039,33.22834777832031,30.81692886352539,30.9842529296875,309778,13.223092079162598
2022-06-30,30.14763832092285,31.181102752685547,29.59645652770996,30.255905151367188,841858,12.912257194519043
2022-07-04,30.994094848632812,32.0767707824707,30.748031616210938,31.289369583129883,127102,13.353307723999023
2022-07-05,29.832677841186523,29.901575088500977,26.988189697265625,27.923227310180664,283261,11.916746139526367
2022-07-06,27.55905532836914,28.1102352142334,24.665353775024414,26.80118179321289,612546,11.437888145446777
2022-07-07,28.090551376342773,28.976377487182617,27.8444881439209,28.63188934326172,307848,12.219178199768066
2022-07-08,29.13385772705078,29.399606704711914,27.91338539123535,28.533464431762695,540207,12.177170753479004
2022-07-11,27.342519760131836,28.435039520263672,26.988189697265625,27.047243118286133,311810,11.542899131774902
2022-07-12,26.122047424316406,26.761810302734375,25.6397647857666,26.377952575683594,1047394,11.257269859313965
2022-07-13,25.944881439208984,26.791339874267578,25.718503952026367,25.964567184448242,197206,11.080848693847656
2022-07-14,24.812992095947266,25.777559280395508,23.63188934326172,25.659448623657227,349504,10.992304801940918
2022-07-15,26.318897247314453,26.318897247314453,25.314960479736328,25.78740119934082,276352,11.047121047973633
2022-07-18,26.63385772705078,27.834646224975586,26.60433006286621,27.17519760131836,454762,11.641636848449707
2022-07-19,27.057086944580078,28.238189697265625,27.057086944580078,27.834646224975586,181966,11.924138069152832
2022-07-20,27.44094467163086,28.001968383789062,26.8897647857666,27.893701553344727,221082,11.949441909790039
2022-07-21,26.909448623657227,27.26378059387207,26.525590896606445,27.11614227294922,151384,11.616337776184082
2022-07-22,27.253936767578125,27.362205505371094,26.42716407775879,26.63385772705078,127406,11.40972900390625
2022-07-25,26.870079040527344,28.503936767578125,26.36811065673828,28.4055118560791,301854,12.168693542480469
2022-07-26,29.025590896606445,29.399606704711914,28.1102352142334,28.22834587097168,174244,12.09280014038086
2022-07-27,28.16929054260254,29.005905151367188,27.93307113647461,28.789369583129883,147625,12.333134651184082
2022-07-28,29.517717361450195,29.921260833740234,29.084646224975586,29.88188934326172,194767,12.801163673400879
2022-07-29,30.511810302734375,31.35826873779297,30.17716407775879,31.30905532836914,360070,13.41254997253418
2022-08-02,30.748031616210938,30.748031616210938,29.58661460876465,29.94094467163086,311302,12.826465606689453
2022-08-03,30.393701553344727,30.393701553344727,27.224409103393555,27.224409103393555,748690,11.6627197265625
2022-08-04,27.214567184448242,27.509843826293945,25.41338539123535,25.688976287841797,465836,11.004952430725098
2022-08-05,25.37401580810547,27.519685745239258,25.305118560791016,27.332677841186523,225450,11.709099769592285
2022-08-08,27.14566993713379,27.746063232421875,26.94881820678711,27.253936767578125,306934,11.675369262695312
2022-08-09,27.578739166259766,28.02165412902832,27.12598419189453,27.26378059387207,378257,11.679583549499512
2022-08-10,27.362205505371094,28.011810302734375,26.958660125732422,27.687007904052734,266090,11.860893249511719
2022-08-11,28.238189697265625,28.98621940612793,28.090551376342773,28.612205505371094,180543,12.257241249084473
2022-08-12,28.19881820678711,28.769685745239258,27.85433006286621,28.385826110839844,361798,12.20223617553711
2022-08-15,27.204723358154297,28.34645652770996,26.545276641845703,28.248031616210938,398272,12.143004417419434
2022-08-16,28.36614227294922,29.261810302734375,28.011810302734375,28.070865631103516,174650,12.06684684753418
2022-08-17,27.972440719604492,28.69094467163086,27.85433006286621,28.4055118560791,195275,12.21069622039795
2022-08-18,28.887794494628906,29.931102752685547,28.83858299255371,29.67519760131836,168961,12.756495475769043
2022-08-19,29.379920959472656,30.0,29.114173889160156,29.261810302734375,129743,12.578798294067383
2022-08-22,29.084646224975586,29.783464431762695,28.671260833740234,29.76378059387207,190906,12.79457950592041
2022-08-23,30.501968383789062,31.043306350708008,30.0,30.364173889160156,128321,13.052672386169434
2022-08-24,30.43307113647461,31.082677841186523,30.098424911499023,30.87598419189453,167538,13.272680282592773
2022-08-25,31.19094467163086,31.466535568237305,30.285432815551758,30.334646224975586,79654,13.039977073669434
2022-08-26,30.35433006286621,30.72834587097168,29.94094467163086,29.94094467163086,72847,12.870737075805664
2022-08-29,29.803150177001953,31.240156173706055,29.793306350708008,31.19094467163086,125781,13.408073425292969
2022-08-30,30.511810302734375,30.511810302734375,28.937007904052734,29.291339874267578,164490,12.59149169921875
2022-08-31,28.494094848632812,30.019685745239258,28.25787353515625,29.468503952026367,137973,12.667647361755371
2022-09-01,28.799213409423828,29.045276641845703,27.952756881713867,28.31692886352539,337007,12.172616004943848
2022-09-02,29.192913055419922,29.468503952026367,28.759843826293945,28.946849822998047,228905,12.443405151367188
2022-09-06,29.370079040527344,29.458660125732422,27.450786590576172,27.578739166259766,310998,11.855294227600098
2022-09-07,26.77165412902832,27.076772689819336,25.708660125732422,26.092519760131836,269342,11.216411590576172
2022-09-08,26.377952575683594,26.732282638549805,25.974409103393555,26.673227310180664,122326,11.46604061126709
2022-09-09,27.687007904052734,27.687007904052734,27.03740119934082,27.41141700744629,225349,11.783370018005371
2022-09-12,27.96259880065918,29.173227310180664,27.706693649291992,28.64173126220703,299923,12.312244415283203
2022-09-13,27.312992095947266,28.740156173706055,27.312992095947266,28.543306350708008,217119,12.26993179321289
2022-09-14,28.828739166259766,29.85236167907715,28.789369583129883,29.18307113647461,366471,12.588356971740723
2022-09-15,28.651575088500977,28.98621940612793,28.28740119934082,28.356298446655273,222910,12.231719017028809
2022-09-16,28.149606704711914,28.356298446655273,27.047243118286133,27.52952766418457,626364,11.875089645385742
2022-09-19,26.5944881439209,28.02165412902832,26.5944881439209,27.795276641845703,278282,11.98971939086914
2022-09-20,27.7657470703125,28.19881820678711,27.017717361450195,27.450786590576172,336601,11.841120719909668
2022-09-21,27.805118560791016,27.90354347229004,26.77165412902832,26.938976287841797,244754,11.620346069335938
2022-09-22,27.44094467163086,27.805118560791016,25.570865631103516,25.649606704711914,358445,11.064168930053711
2022-09-23,24.665353775024414,24.82283592224121,22.91338539123535,23.041339874267578,561848,9.939071655273438
2022-09-26,22.923227310180664,23.33661460876465,21.811023712158203,22.00787353515625,566928,9.493279457092285
2022-09-27,22.450786590576172,23.454723358154297,22.283464431762695,22.755905151367188,395427,9.815942764282227
2022-09-28,22.96259880065918,24.173227310180664,22.52952766418457,24.005905151367188,418186,10.355141639709473
2022-09-29,23.799213409423828,24.0157470703125,22.8444881439209,23.828739166259766,230327,10.278722763061523
2022-09-30,23.553150177001953,24.261810302734375,22.893701553344727,24.0157470703125,249733,10.359390258789062
2022-10-03,25.0,25.718503952026367,25.0,25.295276641845703,444297,10.911324501037598
2022-10-04,26.377952575683594,26.39763832092285,25.334646224975586,26.348424911499023,212750,11.365608215332031
2022-10-05,26.564960479736328,27.55905532836914,25.501968383789062,27.52952766418457,344424,11.875089645385742
2022-10-06,27.214567184448242,28.60236167907715,27.1555118560791,28.277559280395508,280518,12.19775676727295
2022-10-07,28.218503952026367,28.681102752685547,27.706693649291992,27.91338539123535,208686,12.040670394897461
2022-10-11,26.840551376342773,27.2342529296875,26.181102752685547,26.259843826293945,438912,11.327398300170898
2022-10-12,25.9842529296875,26.377952575683594,25.393701553344727,26.151575088500977,352450,11.280696868896484
2022-10-13,25.590551376342773,27.342519760131836,25.58070945739746,26.8602352142334,441554,11.586381912231445
2022-10-14,26.16141700744629,26.820865631103516,25.40354347229004,25.43307113647461,212649,11.01111125946045
2022-10-17,25.87598419189453,26.230314254760742,25.17716407775879,25.196849822998047,231343,10.908844947814941
2022-10-18,25.255905151367188,26.082677841186523,25.255905151367188,25.92519760131836,200355,11.2241792678833
2022-10-19,26.01378059387207,26.27952766418457,25.541339874267578,25.954723358154297,317398,11.236957550048828
2022-10-20,26.377952575683594,27.185039520263672,25.974409103393555,26.564960479736328,246990,11.501160621643066
2022-10-21,26.5157470703125,26.692913055419922,26.082677841186523,26.42716407775879,221183,11.441497802734375
2022-10-24,26.39763832092285,26.820865631103516,26.092519760131836,26.525590896606445,256032,11.484110832214355
2022-10-25,26.57480239868164,27.135826110839844,26.328739166259766,27.09645652770996,194158,11.7312650680542
2022-10-26,27.293306350708008,28.39566993713379,27.293306350708008,28.08070945739746,202590,12.157393455505371
2022-10-27,28.36614227294922,28.700786590576172,27.814960479736328,27.96259880065918,199949,12.106257438659668
2022-10-28,28.129920959472656,28.19881820678711,27.509843826293945,27.88385772705078,283261,12.072166442871094
2022-10-31,27.775590896606445,28.887794494628906,27.775590896606445,28.4055118560791,459130,12.298014640808105
2022-11-01,30.05905532836914,30.9842529296875,29.960630416870117,30.649606704711914,335788,13.269580841064453
2022-11-02,30.541339874267578,31.003936767578125,29.960630416870117,30.452756881713867,376834,13.18436050415039
2022-11-03,30.039369583129883,31.60433006286621,29.901575088500977,31.525590896606445,506882,13.648835182189941
2022-11-04,32.480316162109375,32.61811065673828,30.92519760131836,31.505905151367188,458114,13.640312194824219
2022-11-07,31.496063232421875,32.22440719604492,31.240156173706055,31.65354347229004,217627,13.704231262207031
2022-11-08,31.65354347229004,31.781496047973633,31.16141700744629,31.200786590576172,135433,13.50821590423584
2022-11-09,30.797243118286133,31.053150177001953,29.114173889160156,29.114173889160156,292405,12.604826927185059
2022-11-10,29.685039520263672,30.11811065673828,29.41929054260254,29.665353775024414,389534,12.843457221984863
2022-11-11,30.127952575683594,31.407480239868164,30.127952575683594,30.964567184448242,207061,13.405943870544434
2022-11-14,30.2657470703125,30.78740119934082,30.167322158813477,30.452756881713867,312725,13.236952781677246
2022-11-15,30.49212646484375,31.791339874267578,30.019685745239258,31.751968383789062,385166,13.80168342590332
2022-11-16,31.722440719604492,31.732282638549805,30.049213409423828,30.167322158813477,222606,13.11288070678711
2022-11-17,29.527559280395508,30.226377487182617,28.69094467163086,29.980314254760742,374294,13.031594276428223
2022-11-18,29.07480239868164,30.137794494628906,28.818897247314453,29.980314254760742,396138,13.031594276428223
2022-11-21,29.6555118560791,29.753936767578125,28.19881820678711,29.59645652770996,320954,12.864745140075684
2022-11-22,30.019685745239258,30.511810302734375,29.724409103393555,30.295276641845703,262128,13.168500900268555
2022-11-23,29.76378059387207,30.393701553344727,29.635826110839844,29.97047233581543,179832,13.027315139770508
2022-11-24,29.97047233581543,30.167322158813477,29.724409103393555,29.803150177001953,86258,12.954584121704102
2022-11-25,29.950786590576172,30.019685745239258,29.3897647857666,29.606298446655273,435559,12.86902141571045
2022-11-28,29.192913055419922,29.773622512817383,28.57283592224121,29.13385772705078,180238,12.663666725158691
2022-11-29,29.773622512817383,30.37401580810547,29.18307113647461,29.635826110839844,272288,12.881855010986328
2022-11-30,30.196849822998047,30.43307113647461,29.311023712158203,29.547243118286133,343814,12.843353271484375
2022-12-01,29.773622512817383,30.10826873779297,29.340551376342773,29.409448623657227,138074,12.783452033996582
2022-12-02,29.399606704711914,30.068897247314453,29.173227310180664,29.261810302734375,212750,12.719282150268555
2022-12-05,29.557086944580078,30.0,28.533464431762695,28.85826873779297,442062,12.543872833251953
2022-12-06,28.64173126220703,29.035432815551758,26.820865631103516,26.8897647857666,385775,11.688220024108887
2022-12-07,26.929134368896484,27.64763832092285,26.66338539123535,27.39173126220703,330098,11.906411170959473
2022-12-08,27.8444881439209,28.08070945739746,26.870079040527344,26.97834587097168,251765,11.726725578308105
2022-12-09,26.91929054260254,28.651575088500977,26.91929054260254,28.248031616210938,403047,12.278618812561035
2022-12-12,28.543306350708008,29.16338539123535,27.539369583129883,28.120079040527344,480568,12.223008155822754
2022-12-13,28.562992095947266,28.69094467163086,27.55905532836914,27.687007904052734,282448,12.034759521484375
2022-12-14,27.726377487182617,28.523622512817383,27.293306350708008,28.149606704711914,241503,12.29045295715332
2022-12-15,27.85433006286621,28.356298446655273,27.09645652770996,27.7657470703125,277266,12.122854232788086
2022-12-16,27.12598419189453,27.244094848632812,25.964567184448242,26.377952575683594,547116,11.516923904418945
2022-12-19,26.505905151367188,26.505905151367188,24.901575088500977,25.49212646484375,504546,11.130166053771973
2022-12-20,25.49212646484375,25.81692886352539,24.921260833740234,25.46259880065918,368910,11.117274284362793
2022-12-21,26.13188934326172,27.1555118560791,25.81692886352539,27.11614227294922,232664,11.839231491088867
2022-12-22,27.11614227294922,27.11614227294922,25.708660125732422,26.30905532836914,173939,11.486845016479492
2022-12-23,26.673227310180664,27.91338539123535,26.66338539123535,27.82480239868164,306324,12.148640632629395
2022-12-28,27.60826873779297,27.755905151367188,26.348424911499023,26.555118560791016,304292,11.594277381896973
2022-12-29,26.377952575683594,27.726377487182617,26.377952575683594,27.578739166259766,481584,12.041205406188965
2022-12-30,27.60826873779297,28.25787353515625,27.519685745239258,28.188976287841797,221691,12.307642936706543
2023-01-03,27.90354347229004,28.041339874267578,24.803150177001953,25.216535568237305,724814,11.009838104248047
2023-01-04,24.980314254760742,25.748031616210938,24.6555118560791,24.88188934326172,446634,10.863729476928711
2023-01-05,24.773622512817383,25.600393295288086,24.76378059387207,25.127952575683594,320548,10.971161842346191
2023-01-06,25.620079040527344,26.97834587097168,25.620079040527344,26.751968383789062,686816,11.680225372314453
2023-01-09,27.755905151367188,27.785432815551758,27.057086944580078,27.450786590576172,485851,11.985340118408203
2023-01-10,27.696849822998047,28.1397647857666,27.135826110839844,28.001968383789062,407518,12.225992202758789
2023-01-11,28.277559280395508,29.6555118560791,28.218503952026367,29.251968383789062,477825,12.771759986877441
2023-01-12,29.714567184448242,30.531496047973633,29.527559280395508,30.531496047973633,564794,13.330415725708008
2023-01-13,30.482282638549805,31.35826873779297,30.206693649291992,31.348424911499023,530250,13.742471694946289
2023-01-16,31.42716407775879,31.42716407775879,30.43307113647461,31.082677841186523,1272946,13.625975608825684
2023-01-17,30.472440719604492,31.446849822998047,29.960630416870117,30.84645652770996,359766,13.964617729187012
2023-01-18,31.210630416870117,31.446849822998047,30.14763832092285,30.206693649291992,284683,13.674986839294434
2023-01-19,30.17716407775879,30.334646224975586,29.488189697265625,29.783464431762695,312014,13.483386993408203
2023-01-20,29.812992095947266,30.590551376342773,29.685039520263672,30.019685745239258,233680,13.590331077575684
2023-01-23,30.43307113647461,30.885826110839844,30.206693649291992,30.649606704711914,214478,13.87549877166748
2023-01-24,30.511810302734375,30.531496047973633,30.157480239868164,30.40354347229004,180035,13.764104843139648
2023-01-25,30.187007904052734,30.807086944580078,29.606298446655273,30.501968383789062,329489,13.808661460876465
2023-01-26,30.885826110839844,30.954723358154297,30.05905532836914,30.777559280395508,162052,13.933427810668945
2023-01-27,30.856298446655273,31.289369583129883,30.708660125732422,31.053150177001953,216713,14.058191299438477
2023-01-30,30.442913055419922,30.590551376342773,29.58661460876465,29.685039520263672,288341,13.438828468322754
2023-01-31,29.67519760131836,30.511810302734375,29.468503952026367,30.275590896606445,187960,13.706178665161133
2023-02-01,30.137794494628906,30.295276641845703,28.89763832092285,29.50787353515625,372567,13.358621597290039
2023-02-02,29.517717361450195,29.53740119934082,28.86811065673828,29.30118179321289,219964,13.265053749084473
2023-02-03,29.30118179321289,30.127952575683594,28.4842529296875,28.887794494628906,385877,13.077902793884277
2023-02-06,28.89763832092285,28.946849822998047,28.415353775024414,28.89763832092285,296367,13.08236026763916
2023-02-07,29.035432815551758,30.226377487182617,28.85826873779297,30.08858299255371,463499,13.6215181350708
2023-02-08,30.196849822998047,30.688976287841797,29.921260833740234,30.314960479736328,295046,13.724000930786133
2023-02-09,30.295276641845703,30.472440719604492,29.7342529296875,30.009843826293945,801624,13.585872650146484
2023-02-10,30.275590896606445,31.062992095947266,30.11811065673828,30.954723358154297,334264,14.013629913330078
2023-02-13,30.964567184448242,30.964567184448242,30.38385772705078,30.856298446655273,158801,13.969075202941895
2023-02-14,30.314960479736328,31.22047233581543,30.246063232421875,31.14173126220703,237236,14.154730796813965
2023-02-15,31.043306350708008,31.043306350708008,30.167322158813477,30.531496047973633,355702,13.877366065979004
2023-02-16,30.32480239868164,30.718503952026367,30.11811065673828,30.423227310180664,170790,13.828150749206543
2023-02-17,29.921260833740234,29.921260833740234,28.582677841186523,28.89763832092285,416255,13.13473129272461
2023-02-21,28.710630416870117,29.192913055419922,28.05118179321289,28.238189697265625,292913,12.834997177124023
2023-02-22,28.238189697265625,28.64173126220703,27.972440719604492,28.22834587097168,242316,12.830520629882812
2023-02-23,28.69094467163086,29.3897647857666,28.582677841186523,29.114173889160156,127305,13.233152389526367
2023-02-24,28.759843826293945,29.517717361450195,28.582677841186523,29.429134368896484,186842,13.376312255859375
2023-02-27,29.58661460876465,29.94094467163086,29.27165412902832,29.7342529296875,304495,13.514996528625488
2023-02-28,30.11811065673828,30.23621940612793,29.232282638549805,29.33070945739746,365354,13.331576347351074
2023-03-01,29.399606704711914,30.078739166259766,29.24212646484375,30.02952766418457,129235,13.649202346801758
2023-03-02,30.364173889160156,30.826772689819336,29.58661460876465,30.6102352142334,189281,13.913151741027832
2023-03-03,30.6102352142334,31.033464431762695,30.511810302734375,30.87598419189453,178206,14.033939361572266
2023-03-06,30.6102352142334,30.915353775024414,30.11811065673828,30.81692886352539,220472,14.007102966308594
2023-03-07,30.807086944580078,30.81692886352539,29.114173889160156,29.3602352142334,601878,13.344996452331543
2023-03-08,29.340551376342773,30.05905532836914,29.33070945739746,29.53740119934082,245364,13.425519943237305
2023-03-09,29.753936767578125,30.482282638549805,29.458660125732422,29.498031616210938,330911,13.40762710571289
2023-03-10,29.41929054260254,30.167322158813477,29.24212646484375,29.606298446655273,423062,13.456835746765137
2023-03-13,28.72047233581543,29.192913055419922,28.090551376342773,28.464567184448242,312522,12.937889099121094
2023-03-14,28.57283592224121,29.429134368896484,28.33661460876465,28.789369583129883,256134,13.142327308654785
2023-03-15,27.38188934326172,27.746063232421875,26.171260833740234,27.303150177001953,564896,12.463869094848633
2023-03-16,26.702756881713867,28.061023712158203,26.702756881713867,28.041339874267578,342189,12.800853729248047
2023-03-17,28.05118179321289,28.582677841186523,26.614173889160156,27.214567184448242,595071,12.423431396484375
2023-03-20,27.273622512817383,28.297243118286133,27.273622512817383,28.25787353515625,349199,12.899699211120605
2023-03-21,29.18307113647461,29.7342529296875,28.612205505371094,29.24212646484375,451612,13.34900951385498
2023-03-22,29.340551376342773,29.812992095947266,28.80905532836914,28.86811065673828,262738,13.17827033996582
2023-03-23,29.084646224975586,29.47834587097168,27.67716407775879,28.02165412902832,449783,12.791860580444336
2023-03-24,27.5,28.37598419189453,27.224409103393555,28.16929054260254,264160,12.859262466430664
2023-03-27,28.553150177001953,28.769685745239258,27.785432815551758,28.700786590576172,223520,13.101888656616211
2023-03-28,28.63188934326172,29.202756881713867,28.444881439208984,28.966535568237305,330810,13.223201751708984
2023-03-29,29.202756881713867,29.41929054260254,28.89763832092285,29.15354347229004,165100,13.308571815490723
2023-03-30,29.44881820678711,29.527559280395508,29.0157470703125,29.025590896606445,265582,13.250160217285156
2023-03-31,29.16338539123535,29.47834587097168,29.045276641845703,29.13385772705078,195682,13.29958438873291
2023-04-03,30.69881820678711,31.30905532836914,30.35433006286621,31.003936767578125,763524,14.153275489807129
2023-04-04,31.003936767578125,31.10236167907715,30.442913055419922,30.708660125732422,303378,14.01848316192627
2023-04-05,30.511810302734375,30.748031616210938,30.285432815551758,30.531496047973633,246278,13.93760871887207
2023-04-06,30.295276641845703,30.767717361450195,30.098424911499023,30.501968383789062,462382,13.924123764038086
2023-04-10,30.58070945739746,31.13188934326172,30.472440719604492,30.954723358154297,399491,14.130806922912598
2023-04-11,30.974409103393555,31.36811065673828,30.89566993713379,31.240156173706055,237236,14.261109352111816
2023-04-12,31.39763832092285,32.0767707824707,31.318897247314453,31.8897647857666,353974,14.557655334472656
2023-04-13,31.840551376342773,32.903541564941406,31.68307113647461,32.588584899902344,384861,14.934283256530762
2023-04-14,32.87401580810547,32.93307113647461,32.145668029785156,32.588584899902344,376530,14.934283256530762
2023-04-17,32.69684982299805,32.94291305541992,32.29330825805664,32.44094467163086,397256,14.866625785827637
2023-04-18,32.39173126220703,32.43110275268555,31.899606704711914,32.24409484863281,216002,14.776412010192871
2023-04-19,31.820865631103516,32.047245025634766,31.476377487182617,32.047245025634766,194462,14.686202049255371
2023-04-20,31.505905151367188,31.870079040527344,31.19094467163086,31.466535568237305,231953,14.420083999633789
2023-04-21,31.5944881439209,31.63385772705078,30.954723358154297,31.289369583129883,226466,14.338894844055176
2023-04-24,31.01378059387207,31.958660125732422,31.01378059387207,31.781496047973633,325222,14.564420700073242
2023-04-25,31.456693649291992,31.879920959472656,30.856298446655273,31.14173126220703,272390,14.271235466003418
2023-04-26,30.69881820678711,31.16141700744629,29.97047233581543,30.452756881713867,462686,13.955500602722168
2023-04-27,30.41338539123535,30.86614227294922,30.157480239868164,30.35433006286621,197612,13.910396575927734
2023-04-28,30.43307113647461,31.761810302734375,30.3444881439209,31.57480239868164,220066,14.469695091247559
2023-05-01,30.994094848632812,31.62401580810547,30.994094848632812,31.299213409423828,203810,14.343404769897461
2023-05-02,30.9842529296875,31.151575088500977,29.350393295288086,29.88188934326172,482295,13.693887710571289
2023-05-03,29.025590896606445,30.157480239868164,28.75,29.517717361450195,412699,13.52700138092041
2023-05-04,30.334646224975586,30.334646224975586,29.24212646484375,29.64566993713379,260706,13.58564567565918
2023-05-05,30.305118560791016,30.964567184448242,30.02952766418457,30.767717361450195,169164,14.099836349487305
2023-05-08,31.003936767578125,31.13188934326172,30.098424911499023,30.364173889160156,415544,13.914910316467285
2023-05-09,30.0,30.83661460876465,29.744094848632812,30.688976287841797,177190,14.063752174377441
2023-05-10,30.807086944580078,30.807086944580078,29.67519760131836,30.226377487182617,353162,13.851760864257812
2023-05-11,29.91141700744629,30.098424911499023,29.557086944580078,29.812992095947266,140614,13.662317276000977
2023-05-12,29.980314254760742,30.295276641845703,29.232282638549805,29.557086944580078,226670,13.601174354553223
2023-05-15,29.62598419189453,29.872047424316406,28.60236167907715,28.887794494628906,378155,13.29318618774414
2023-05-16,28.66141700744629,29.281496047973633,28.454723358154297,28.57283592224121,387909,13.148256301879883
2023-05-17,28.64173126220703,29.13385772705078,28.464567184448242,29.035432815551758,316789,13.361124992370605
2023-05-18,28.89763832092285,29.468503952026367,28.592519760131836,29.468503952026367,253390,13.56041145324707
2023-05-19,29.7342529296875,29.862205505371094,29.33070945739746,29.753936767578125,190398,13.691758155822754
2023-05-23,29.744094848632812,30.019685745239258,29.370079040527344,29.832677841186523,182575,13.72799301147461
2023-05-24,29.960630416870117,29.960630416870117,29.438976287841797,29.61614227294922,201473,13.628351211547852
2023-05-25,29.055118560791016,29.517717361450195,28.89763832092285,28.946849822998047,295859,13.320364952087402
2023-05-26,29.27165412902832,29.27165412902832,28.769685745239258,29.0157470703125,137871,13.352066993713379
2023-05-29,28.77952766418457,29.58661460876465,28.77952766418457,29.47834587097168,98654,13.56494140625
2023-05-30,29.15354347229004,29.18307113647461,28.415353775024414,28.533464431762695,261925,13.13013744354248
2023-05-31,28.307086944580078,28.326772689819336,27.61811065673828,28.041339874267578,310591,12.903675079345703
2023-06-01,28.041339874267578,28.612205505371094,27.73621940612793,28.188976287841797,264668,12.971612930297852
2023-06-02,29.12401580810547,29.53740119934082,28.92716407775879,29.458660125732422,227076,13.555883407592773
2023-06-05,29.773622512817383,30.019685745239258,28.769685745239258,28.956693649291992,629717,13.324895858764648
2023-06-06,28.671260833740234,29.261810302734375,28.57283592224121,29.21259880065918,127711,13.442651748657227
2023-06-07,29.399606704711914,29.753936767578125,28.996063232421875,29.59645652770996,214681,13.619290351867676
2023-06-08,29.635826110839844,29.704723358154297,28.63188934326172,29.0944881439209,289357,13.38830280303955
2023-06-09,29.173227310180664,29.261810302734375,28.64173126220703,28.799213409423828,142850,13.252426147460938
2023-06-12,28.444881439208984,28.917322158813477,28.267717361450195,28.740156173706055,218948,13.225252151489258
2023-06-13,29.143701553344727,29.3602352142334,29.045276641845703,29.12401580810547,189484,13.40188980102539
2023-06-14,29.24212646484375,29.24212646484375,27.952756881713867,28.22834587097168,353466,13.044839859008789
2023-06-15,28.36614227294922,28.818897247314453,28.36614227294922,28.80905532836914,134925,13.313196182250977
2023-06-16,28.917322158813477,29.438976287841797,28.42519760131836,29.350393295288086,381203,13.563358306884766
2023-06-19,28.98621940612793,29.291339874267578,28.671260833740234,29.251968383789062,67361,13.517874717712402
2023-06-20,28.937007904052734,29.035432815551758,28.60236167907715,28.976377487182617,234290,13.390521049499512
2023-06-21,28.966535568237305,29.547243118286133,28.63188934326172,29.320865631103516,236931,13.549712181091309
2023-06-22,28.503936767578125,29.025590896606445,28.1397647857666,28.415353775024414,383642,13.131258964538574
2023-06-23,28.100393295288086,28.464567184448242,27.93307113647461,28.36614227294922,142443,13.108519554138184
2023-06-26,28.277559280395508,28.83858299255371,28.25787353515625,28.51378059387207,196088,13.176742553710938
2023-06-27,28.415353775024414,28.651575088500977,28.22834587097168,28.297243118286133,183286,13.076679229736328
2023-06-28,28.267717361450195,28.64173126220703,27.91338539123535,28.326772689819336,135738,13.090324401855469
2023-06-29,28.238189697265625,28.307086944580078,27.519685745239258,27.93307113647461,359258,12.90838623046875
2023-06-30,28.061023712158203,28.464567184448242,27.746063232421875,28.34645652770996,227178,13.099417686462402
2023-07-04,28.218503952026367,29.025590896606445,28.218503952026367,28.63188934326172,143459,13.231325149536133
2023-07-05,28.80905532836914,28.80905532836914,28.356298446655273,28.57283592224121,92456,13.204032897949219
2023-07-06,28.307086944580078,28.474409103393555,27.273622512817383,27.834646224975586,254711,12.86290168762207
2023-07-07,27.657480239868164,28.533464431762695,27.657480239868164,28.326772689819336,247802,13.090324401855469
2023-07-10,28.297243118286133,28.759843826293945,28.208660125732422,28.25787353515625,292506,13.058484077453613
2023-07-11,28.523622512817383,28.937007904052734,28.33661460876465,28.523622512817383,245974,13.181294441223145
2023-07-12,28.63188934326172,28.996063232421875,28.523622512817383,28.85826873779297,220066,13.3359375
2023-07-13,28.937007904052734,29.13385772705078,28.4055118560791,29.13385772705078,150673,13.463294982910156
2023-07-14,28.89763832092285,28.89763832092285,28.36614227294922,28.51378059387207,274625,13.232622146606445
2023-07-17,28.34645652770996,28.415353775024414,27.805118560791016,28.02165412902832,204521,13.00423812866211
2023-07-18,28.120079040527344,28.75,28.001968383789062,28.57283592224121,371551,13.260030746459961
2023-07-19,28.66141700744629,29.41929054260254,28.66141700744629,29.07480239868164,231140,13.49298095703125
2023-07-20,29.261810302734375,29.261810302734375,28.63188934326172,28.946849822998047,218135,13.433601379394531
2023-07-21,29.045276641845703,29.16338539123535,28.730314254760742,28.75,125171,13.34224796295166
2023-07-24,28.946849822998047,29.3602352142334,28.946849822998047,29.045276641845703,164084,13.479279518127441
2023-07-25,28.946849822998047,29.12401580810547,28.454723358154297,28.77952766418457,279197,13.355950355529785
2023-07-26,28.57283592224121,29.10433006286621,28.543306350708008,28.848424911499023,120498,13.387925148010254
2023-07-27,29.0944881439209,29.311023712158203,28.671260833740234,28.789369583129883,178308,13.360518455505371
2023-07-28,28.789369583129883,30.472440719604492,28.651575088500977,30.43307113647461,454558,14.123326301574707
2023-07-31,30.423227310180664,31.033464431762695,30.423227310180664,30.679134368896484,348590,14.237515449523926
2023-08-01,30.6397647857666,31.377952575683594,30.246063232421875,31.36811065673828,251866,14.55725383758545
2023-08-02,31.210630416870117,31.456693649291992,30.275590896606445,30.75787353515625,289154,14.274059295654297
2023-08-03,31.003936767578125,31.48621940612793,30.6397647857666,31.22047233581543,204419,14.488737106323242
2023-08-04,31.466535568237305,32.096458435058594,31.082677841186523,31.909448623657227,205435,14.808481216430664
2023-08-08,31.62401580810547,31.8602352142334,31.36811065673828,31.692913055419922,187960,14.707988739013672
2023-08-09,31.97834587097168,32.5,31.958660125732422,32.12598419189453,301244,14.908967971801758
2023-08-10,32.22440719604492,32.24409484863281,31.91929054260254,32.106300354003906,200355,14.899835586547852
2023-08-11,32.106300354003906,32.5295295715332,32.03740310668945,32.35236358642578,206045,15.014033317565918
2023-08-14,32.16535568237305,32.45078659057617,31.8602352142334,32.24409484863281,87376,15.020905494689941
2023-08-15,32.00787353515625,32.00787353515625,31.535432815551758,31.692913055419922,224942,14.764134407043457
2023-08-16,31.692913055419922,32.21456527709961,31.407480239868164,31.466535568237305,189992,14.658679962158203
2023-08-17,31.74212646484375,31.909448623657227,31.505905151367188,31.614173889160156,161239,14.727456092834473
2023-08-18,31.476377487182617,31.62401580810547,31.240156173706055,31.36811065673828,210007,14.612822532653809
2023-08-21,31.48621940612793,31.811023712158203,31.151575088500977,31.259843826293945,199441,14.562387466430664
2023-08-22,31.328739166259766,31.63385772705078,31.122047424316406,31.200786590576172,159004,14.534878730773926
2023-08-23,30.9842529296875,31.023622512817383,30.531496047973633,30.6397647857666,254000,14.273527145385742
2023-08-24,30.501968383789062,30.6397647857666,29.812992095947266,29.89173126220703,193548,13.925057411193848
2023-08-25,29.91141700744629,30.37401580810547,29.89173126220703,30.08858299255371,158394,14.01675796508789
2023-08-28,30.167322158813477,30.55118179321289,30.049213409423828,30.14763832092285,83820,14.044269561767578
2023-08-29,30.246063232421875,30.590551376342773,30.10826873779297,30.442913055419922,172009,14.18182373046875
2023-08-30,30.58070945739746,30.826772689819336,30.482282638549805,30.511810302734375,103429,14.213919639587402
2023-08-31,30.807086944580078,30.915353775024414,30.600393295288086,30.807086944580078,156159,14.351473808288574
2023-09-01,31.181102752685547,31.899606704711914,31.181102752685547,31.702756881713867,159715,14.768722534179688
2023-09-05,31.80118179321289,32.32283401489258,31.80118179321289,32.12598419189453,198425,14.965879440307617
2023-09-06,32.01771545410156,32.43110275268555,32.01771545410156,32.32283401489258,126187,15.05757999420166
2023-09-07,32.35236358642578,32.88385772705078,32.35236358642578,32.49015808105469,304190,15.13553237915039
2023-09-08,32.60826873779297,33.10039520263672,32.60826873779297,32.73622131347656,266090,15.25015926361084
2023-09-11,32.854331970214844,33.16929244995117,32.362205505371094,32.421260833740234,111963,15.103437423706055
2023-09-12,32.60826873779297,33.05118179321289,32.54921340942383,32.7952766418457,117754,15.27767276763916
2023-09-13,32.96259689331055,32.96259689331055,31.998031616210938,32.2342529296875,227990,15.016317367553711
2023-09-14,32.49015808105469,33.0610237121582,32.49015808105469,32.99212646484375,123139,15.42825698852539
2023-09-15,32.87401580810547,33.26771545410156,32.864173889160156,32.972442626953125,262128,15.419051170349121
2023-09-18,32.972442626953125,32.972442626953125,32.24409484863281,32.45078659057617,197002,15.175111770629883
2023-09-19,32.578739166259766,32.805118560791016,31.8897647857666,31.998031616210938,176276,14.963385581970215
2023-09-20,31.781496047973633,32.2342529296875,31.545276641845703,31.909448623657227,222301,14.921961784362793
2023-09-21,31.91929054260254,31.938976287841797,31.200786590576172,31.328739166259766,225958,14.650400161743164
2023-09-22,31.535432815551758,31.74212646484375,31.259843826293945,31.348424911499023,157277,14.65960693359375
2023-09-25,31.259843826293945,31.850393295288086,31.240156173706055,31.62401580810547,211430,14.788485527038574
2023-09-26,31.39763832092285,31.968503952026367,31.39763832092285,31.65354347229004,156667,14.802292823791504
2023-09-27,32.03740310668945,32.30315017700195,31.8602352142334,31.91929054260254,175870,14.926566123962402
2023-09-28,31.988189697265625,32.401573181152344,31.840551376342773,32.047245025634766,194462,14.986401557922363
2023-09-29,32.086612701416016,32.26377868652344,31.71259880065918,31.74212646484375,188874,14.84371566772461
2023-10-02,31.811023712158203,31.811023712158203,30.14763832092285,30.393701553344727,457403,14.213147163391113
2023-10-03,30.216535568237305,31.023622512817383,30.216535568237305,30.994094848632812,188570,14.493912696838379
2023-10-04,30.590551376342773,30.856298446655273,29.399606704711914,29.47834587097168,381203,13.785093307495117
2023-10-05,29.232282638549805,29.901575088500977,28.937007904052734,29.291339874267578,208077,13.697641372680664
2023-10-06,29.33070945739746,29.704723358154297,28.789369583129883,29.557086944580078,174346,13.821915626525879
2023-10-10,30.226377487182617,30.531496047973633,30.0,30.32480239868164,321361,14.180929183959961
2023-10-11,30.10826873779297,30.40354347229004,29.50787353515625,29.714567184448242,231546,13.895561218261719
2023-10-12,29.97047233581543,30.049213409423828,29.251968383789062,29.458660125732422,213970,13.77588939666748
2023-10-13,30.039369583129883,30.039369583129883,29.527559280395508,29.67519760131836,451714,13.935345649719238
2023-10-16,29.862205505371094,29.91141700744629,29.261810302734375,29.714567184448242,286817,13.953835487365723
2023-10-17,29.832677841186523,30.43307113647461,29.635826110839844,30.423227310180664,248006,14.286620140075684
2023-10-18,30.541339874267578,31.850393295288086,30.541339874267578,31.791339874267578,309880,14.929076194763184
2023-10-19,31.48621940612793,32.047245025634766,31.387794494628906,32.00787353515625,208991,15.030763626098633
2023-10-20,31.968503952026367,32.027557373046875,31.761810302734375,31.83070945739746,112776,14.94757080078125
2023-10-23,31.496063232421875,32.2342529296875,31.42716407775879,32.01771545410156,164186,15.035386085510254
2023-10-24,32.106300354003906,32.24409484863281,31.761810302734375,32.145668029785156,157785,15.095467567443848
2023-10-25,32.155513763427734,32.480316162109375,31.66338539123535,32.2047233581543,194158,15.12320613861084
2023-10-26,32.086612701416016,32.588584899902344,31.850393295288086,32.34252166748047,288239,15.187912940979004
2023-10-27,32.480316162109375,32.746063232421875,32.03740310668945,32.746063232421875,174346,15.377411842346191
2023-10-30,32.87401580810547,33.120079040527344,32.519683837890625,32.61811065673828,109423,15.317330360412598
2023-10-31,32.972442626953125,33.26771545410156,32.61811065673828,32.805118560791016,270764,15.405144691467285
2023-11-01,32.81496047973633,33.10039520263672,32.588584899902344,33.031494140625,188570,15.511446952819824
2023-11-02,32.7657470703125,32.94291305541992,31.446849822998047,32.49015808105469,600659,15.257243156433105
2023-11-03,32.66732406616211,32.66732406616211,30.856298446655273,30.935039520263672,553009,14.526966094970703
2023-11-06,31.14173126220703,31.269685745239258,30.314960479736328,30.767717361450195,320954,14.448389053344727
2023-11-07,30.472440719604492,30.6102352142334,28.828739166259766,28.877952575683594,438607,13.560965538024902
2023-11-08,28.69094467163086,28.937007904052734,27.746063232421875,27.90354347229004,413817,13.103386878967285
2023-11-09,28.1102352142334,28.92716407775879,27.91338539123535,27.96259880065918,295250,13.131120681762695
2023-11-10,28.19881820678711,28.37598419189453,28.061023712158203,28.34645652770996,194259,13.31137752532959
2023-11-13,28.238189697265625,28.435039520263672,27.67716407775879,27.775590896606445,206654,13.043301582336426
2023-11-14,27.87401580810547,28.129920959472656,27.519685745239258,27.667322158813477,245567,13.050265312194824
2023-11-15,27.450786590576172,27.706693649291992,27.12598419189453,27.1555118560791,171298,12.80885124206543
2023-11-16,26.968503952026367,27.106298446655273,26.16141700744629,26.62401580810547,297485,12.55815315246582
2023-11-17,26.968503952026367,27.5,26.751968383789062,27.214567184448242,159817,12.83670711517334
2023-11-20,27.55905532836914,27.7657470703125,27.224409103393555,27.312992095947266,222301,12.88313102722168
2023-11-21,27.52952766418457,27.52952766418457,26.614173889160156,26.751968383789062,249428,12.618504524230957
2023-11-22,26.525590896606445,26.811023712158203,26.377952575683594,26.57480239868164,233375,12.534939765930176
2023-11-23,26.62401580810547,26.62401580810547,26.407480239868164,26.57480239868164,102108,12.534939765930176
2023-11-24,26.62401580810547,26.840551376342773,26.505905151367188,26.66338539123535,137973,12.576720237731934
2023-11-27,26.5157470703125,26.80118179321289,26.328739166259766,26.377952575683594,175870,12.442087173461914
2023-11-28,26.525590896606445,26.68307113647461,26.27952766418457,26.30905532836914,192329,12.409587860107422
2023-11-29,26.476377487182617,26.60433006286621,26.259843826293945,26.5157470703125,162154,12.507084846496582
2023-11-30,26.702756881713867,26.8897647857666,26.07283592224121,26.299213409423828,328371,12.404951095581055
2023-12-01,26.27952766418457,26.5944881439209,26.092519760131836,26.181102752685547,196901,12.349235534667969
2023-12-04,25.935039520263672,26.082677841186523,25.46259880065918,25.55118179321289,241300,12.05211067199707
2023-12-05,25.55118179321289,25.767717361450195,24.950786590576172,25.02952766418457,234899,11.806058883666992
2023-12-06,24.862205505371094,25.442913055419922,24.694881439208984,25.019685745239258,371551,11.801413536071777
2023-12-07,25.14763832092285,25.49212646484375,24.88188934326172,24.960630416870117,284988,11.773558616638184
2023-12-08,25.226377487182617,25.78740119934082,25.167322158813477,25.708660125732422,222504,12.126392364501953
2023-12-11,25.590551376342773,25.590551376342773,25.0,25.511810302734375,225755,12.033540725708008
2023-12-12,25.10826873779297,25.255905151367188,24.714567184448242,25.167322158813477,381406,11.871049880981445
2023-12-13,25.17716407775879,25.87598419189453,25.127952575683594,25.688976287841797,291287,12.117110252380371
2023-12-14,26.230314254760742,26.377952575683594,25.81692886352539,25.964567184448242,186538,12.306035995483398
2023-12-15,25.9842529296875,25.994094848632812,25.285432815551758,25.501968383789062,203403,12.086786270141602
2023-12-18,25.620079040527344,25.944881439208984,25.55118179321289,25.75787353515625,171298,12.208072662353516
2023-12-19,25.856298446655273,26.259843826293945,25.81692886352539,26.19094467163086,139903,12.413329124450684
2023-12-20,26.230314254760742,26.62401580810547,25.9055118560791,25.9055118560791,128930,12.278047561645508
2023-12-21,25.78740119934082,26.10236167907715,25.78740119934082,25.915353775024414,136042,12.28271484375
2023-12-22,26.07283592224121,26.22047233581543,25.708660125732422,25.89566993713379,121006,12.273383140563965
2023-12-27,25.807086944580078,26.092519760131836,25.590551376342773,25.629920959472656,98349,12.147429466247559
2023-12-28,25.629920959472656,25.954723358154297,25.541339874267578,25.570865631103516,128727,12.119439125061035
2023-12-29,25.6397647857666,25.84645652770996,25.482282638549805,25.52165412902832,148234,12.096114158630371
2024-01-02,25.78740119934082,25.83661460876465,25.187007904052734,25.37401580810547,265176,12.026141166687012
2024-01-03,25.40354347229004,26.269685745239258,25.37401580810547,26.053150177001953,180746,12.348021507263184
2024-01-04,26.14173126220703,26.269685745239258,25.52165412902832,25.708660125732422,227686,12.184749603271484
2024-01-05,25.777559280395508,26.082677841186523,25.72834587097168,25.826772689819336,139700,12.240727424621582
2024-01-08,25.49212646484375,25.561023712158203,25.049213409423828,25.255905151367188,229108,11.97016429901123
2024-01-09,25.2657470703125,25.738189697265625,25.246063232421875,25.590551376342773,167538,12.128767967224121
2024-01-10,25.600393295288086,25.964567184448242,25.305118560791016,25.41338539123535,258166,12.044803619384766
2024-01-11,25.570865631103516,25.659448623657227,25.246063232421875,25.334646224975586,211328,12.007482528686523
2024-01-12,25.482282638549805,25.72834587097168,25.423227310180664,25.482282638549805,146812,12.136392593383789
2024-01-15,25.393701553344727,25.964567184448242,25.3444881439209,25.935039520263672,159918,12.352025032043457
2024-01-16,25.688976287841797,25.767717361450195,25.216535568237305,25.305118560791016,221183,12.052014350891113
2024-01-17,25.05905532836914,25.17716407775879,24.3602352142334,24.89173126220703,402336,11.855132102966309
2024-01-18,24.921260833740234,25.187007904052734,24.694881439208984,25.157480239868164,168046,11.981700897216797
2024-01-19,24.97047233581543,25.43307113647461,24.744094848632812,25.05905532836914,183490,11.934823989868164
2024-01-22,24.950786590576172,25.285432815551758,24.635826110839844,25.11811065673828,110947,11.9629487991333
2024-01-23,25.127952575683594,25.55118179321289,24.990156173706055,25.17716407775879,145085,11.991072654724121
2024-01-24,25.334646224975586,26.07283592224121,25.226377487182617,26.033464431762695,184607,12.398902893066406
2024-01-25,26.082677841186523,26.63385772705078,26.003936767578125,26.584646224975586,147625,12.66141414642334
2024-01-26,26.74212646484375,26.751968383789062,26.171260833740234,26.48621940612793,204622,12.614535331726074
2024-01-29,26.57480239868164,26.57480239868164,26.062992095947266,26.210630416870117,112979,12.483282089233398
2024-01-30,26.003936767578125,26.328739166259766,26.003936767578125,26.19094467163086,162357,12.473904609680176
2024-01-31,26.328739166259766,26.328739166259766,26.003936767578125,26.082677841186523,130150,12.422342300415039
2024-02-01,26.181102752685547,26.525590896606445,25.452756881713867,25.89566993713379,349402,12.333277702331543
2024-02-02,25.81692886352539,25.994094848632812,24.793306350708008,24.803150177001953,246278,11.812946319580078
2024-02-05,24.67519760131836,24.803150177001953,24.222440719604492,24.399606704711914,244653,11.620748519897461
2024-02-06,24.53740119934082,24.635826110839844,24.202756881713867,24.517717361450195,411074,11.67699909210205
2024-02-07,24.714567184448242,25.472440719604492,24.3602352142334,24.744094848632812,327660,11.784815788269043
2024-02-08,24.91141700744629,25.58070945739746,24.665353775024414,25.49212646484375,226670,12.141080856323242
2024-02-09,25.501968383789062,26.16141700744629,25.501968383789062,25.954723358154297,159614,12.36140251159668
2024-02-12,25.797243118286133,26.387794494628906,25.797243118286133,26.387794494628906,108204,12.56766128540039
2024-02-13,26.564960479736328,26.57480239868164,25.501968383789062,25.72834587097168,238862,12.253584861755371
2024-02-14,25.649606704711914,26.043306350708008,25.38385772705078,25.688976287841797,170586,12.293620109558105
2024-02-15,25.688976287841797,26.673227310180664,25.688976287841797,26.62401580810547,199339,12.7410888671875
2024-02-16,26.57480239868164,27.106298446655273,26.525590896606445,27.09645652770996,227686,12.967179298400879
2024-02-20,26.781496047973633,27.057086944580078,26.673227310180664,26.850393295288086,188773,12.849425315856934
2024-02-21,26.958660125732422,28.08070945739746,26.77165412902832,28.070865631103516,294538,13.433489799499512
2024-02-22,27.952756881713867,28.917322158813477,27.90354347229004,28.612205505371094,364338,13.692548751831055
2024-02-23,28.543306350708008,28.562992095947266,27.982282638549805,28.36614227294922,195174,13.57479476928711
2024-02-26,28.159448623657227,28.80905532836914,28.149606704711914,28.769685745239258,158090,13.767912864685059
2024-02-27,29.13385772705078,29.557086944580078,29.035432815551758,29.517717361450195,371246,14.125887870788574
2024-02-28,29.527559280395508,29.59645652770996,29.12401580810547,29.173227310180664,117450,13.961030960083008
2024-02-29,29.3602352142334,29.50787353515625,29.13385772705078,29.30118179321289,311302,14.022263526916504
2024-03-01,29.50787353515625,29.714567184448242,29.311023712158203,29.468503952026367,251968,14.102336883544922
2024-03-04,29.6555118560791,30.2657470703125,29.606298446655273,29.862205505371094,171704,14.29074478149414
2024-03-05,29.694881439208984,31.043306350708008,29.694881439208984,30.86614227294922,329997,14.771184921264648
2024-03-06,28.543306350708008,29.862205505371094,26.643701553344727,27.047243118286133,1857553,12.943626403808594
2024-03-07,26.33858299255371,27.61811065673828,26.19094467163086,27.017717361450195,562762,12.929499626159668
2024-03-08,26.879920959472656,27.03740119934082,26.33858299255371,26.48621940612793,479552,12.67514705657959
2024-03-11,26.446849822998047,26.446849822998047,25.974409103393555,26.16141700744629,492455,12.519709587097168
2024-03-12,26.10236167907715,26.42716407775879,26.033464431762695,26.171260833740234,187249,12.524421691894531
2024-03-13,26.466535568237305,26.62401580810547,26.112205505371094,26.299213409423828,337820,12.585653305053711
2024-03-14,26.25,26.496063232421875,25.974409103393555,26.16141700744629,228803,12.5785551071167
2024-03-15,26.299213409423828,26.39763832092285,25.944881439208984,25.994094848632812,252070,12.498104095458984
2024-03-18,26.122047424316406,26.240156173706055,25.72834587097168,26.082677841186523,259690,12.540699005126953
2024-03-19,26.062992095947266,26.39763832092285,26.053150177001953,26.240156173706055,295554,12.616410255432129
2024-03-20,26.082677841186523,26.25,25.935039520263672,26.171260833740234,107086,12.583288192749023
2024-03-21,26.181102752685547,26.328739166259766,25.954723358154297,26.318897247314453,94082,12.65427303314209
2024-03-22,26.387794494628906,26.417322158813477,26.023622512817383,26.318897247314453,176378,12.65427303314209
2024-03-25,26.30905532836914,26.899606704711914,26.19094467163086,26.820865631103516,206959,12.895621299743652
2024-03-26,26.722440719604492,27.047243118286133,26.62401580810547,26.840551376342773,184201,12.905084609985352
2024-03-27,26.74212646484375,27.027559280395508,26.456693649291992,26.998031616210938,131674,12.980802536010742
2024-03-28,27.135826110839844,27.204723358154297,26.8602352142334,27.057086944580078,143053,13.009197235107422
2024-04-01,27.11614227294922,27.38188934326172,26.8602352142334,27.214567184448242,145288,13.084915161132812
2024-04-02,27.401575088500977,27.726377487182617,27.283464431762695,27.706693649291992,181051,13.321531295776367
2024-04-03,27.726377487182617,28.041339874267578,27.716535568237305,27.814960479736328,152502,13.373587608337402
2024-04-04,27.87401580810547,28.22834587097168,27.598424911499023,28.05118179321289,262534,13.487162590026855
2024-04-05,28.218503952026367,28.51378059387207,27.972440719604492,28.208660125732422,168656,13.562880516052246
2024-04-08,28.149606704711914,28.464567184448242,27.942913055419922,28.307086944580078,227889,13.61020565032959
2024-04-09,28.415353775024414,28.887794494628906,28.297243118286133,28.80905532836914,285496,13.85155200958252
2024-04-10,28.77952766418457,29.251968383789062,28.77952766418457,29.0944881439209,192837,13.988790512084961
2024-04-11,29.527559280395508,30.039369583129883,29.399606704711914,29.635826110839844,852424,14.24907112121582
2024-04-12,29.783464431762695,30.127952575683594,28.83858299255371,28.946849822998047,262331,13.975825309753418
2024-04-15,29.21259880065918,29.261810302734375,28.435039520263672,28.494094848632812,291897,13.757234573364258
2024-04-16,28.36614227294922,28.651575088500977,28.031496047973633,28.494094848632812,269037,13.757234573364258
2024-04-17,28.42519760131836,28.799213409423828,28.001968383789062,28.356298446655273,800811,13.690701484680176
2024-04-18,28.356298446655273,28.592519760131836,28.188976287841797,28.34645652770996,141732,13.68594741821289
2024-04-19,28.51378059387207,29.0157470703125,28.51378059387207,28.69094467163086,304800,13.852273941040039
2024-04-22,28.523622512817383,29.0157470703125,28.16929054260254,28.937007904052734,189789,13.971076965332031
2024-04-23,29.025590896606445,30.098424911499023,28.77952766418457,29.901575088500977,549656,14.436773300170898
2024-04-24,30.009843826293945,30.49212646484375,29.990156173706055,30.314960479736328,323088,14.636362075805664
2024-04-25,30.255905151367188,31.16141700744629,29.872047424316406,31.082677841186523,300025,15.007025718688965
2024-04-26,31.10236167907715,31.555118560791016,31.023622512817383,31.476377487182617,195885,15.197104454040527
2024-04-29,31.66338539123535,31.8897647857666,31.39763832092285,31.732282638549805,259182,15.320659637451172
2024-04-30,31.692913055419922,31.692913055419922,30.688976287841797,30.708660125732422,265989,14.826444625854492
2024-05-01,30.58070945739746,30.629920959472656,29.67519760131836,29.990156173706055,322783,14.479543685913086
2024-05-02,30.688976287841797,31.879920959472656,30.275590896606445,31.476377487182617,417678,15.197104454040527
2024-05-03,31.74212646484375,31.8897647857666,31.023622512817383,31.545276641845703,295250,15.23037052154541
2024-05-06,31.505905151367188,32.145668029785156,31.505905151367188,31.94881820678711,280010,15.425207138061523
2024-05-07,31.791339874267578,32.4704704284668,31.791339874267578,32.11614227294922,190195,15.50599193572998
2024-05-08,31.94881820678711,32.312992095947266,31.791339874267578,32.27362060546875,214986,15.582023620605469
2024-05-09,32.312992095947266,32.539371490478516,32.086612701416016,32.194881439208984,182067,15.544010162353516
2024-05-10,32.27362060546875,32.30315017700195,31.27952766418457,31.692913055419922,259080,15.301651000976562
2024-05-13,31.77165412902832,31.83070945739746,31.36811065673828,31.65354347229004,126695,15.28264331817627
2024-05-14,31.48621940612793,31.643701553344727,30.964567184448242,31.505905151367188,131267,15.282644271850586
2024-05-15,31.42716407775879,31.466535568237305,30.9055118560791,31.42716407775879,157175,15.24444580078125
2024-05-16,31.328739166259766,31.5944881439209,31.210630416870117,31.348424911499023,96622,15.206254959106445
2024-05-17,31.39763832092285,31.840551376342773,31.22047233581543,31.74212646484375,127305,15.39722728729248
2024-05-21,31.437007904052734,31.97834587097168,31.39763832092285,31.791339874267578,124054,15.421100616455078
2024-05-22,31.692913055419922,31.988189697265625,31.16141700744629,31.476377487182617,128626,15.268320083618164
2024-05-23,31.673227310180664,31.83070945739746,31.27952766418457,31.5157470703125,142240,15.2874174118042
2024-05-24,31.555118560791016,31.71259880065918,31.27952766418457,31.417322158813477,145288,15.239673614501953
2024-05-27,31.751968383789062,31.791339874267578,31.456693649291992,31.781496047973633,121514,15.4163236618042
2024-05-28,31.8897647857666,32.2047233581543,31.83070945739746,32.106300354003906,232766,15.57387924194336
2024-05-29,31.909448623657227,32.18503952026367,31.466535568237305,31.584646224975586,191516,15.320841789245605
2024-05-30,31.57480239868164,31.83070945739746,31.407480239868164,31.63385772705078,214884,15.344710350036621
2024-05-31,31.77165412902832,32.539371490478516,31.60433006286621,32.27362060546875,318008,15.655043601989746
2024-06-03,32.39173126220703,32.39173126220703,30.708660125732422,31.033464431762695,439522,15.053475379943848
2024-06-04,30.75787353515625,30.767717361450195,30.019685745239258,30.442913055419922,221894,14.767013549804688
2024-06-05,30.561023712158203,30.83661460876465,30.43307113647461,30.620079040527344,87579,14.852952003479004
2024-06-06,30.620079040527344,31.200786590576172,30.620079040527344,31.01378059387207,160630,15.043928146362305
2024-06-07,30.974409103393555,31.092519760131836,30.826772689819336,30.87598419189453,103632,14.97708511352539
2024-06-10,31.053150177001953,32.21456527709961,30.9842529296875,32.135826110839844,178308,15.588200569152832
2024-06-11,31.998031616210938,31.998031616210938,31.466535568237305,31.850393295288086,143053,15.449742317199707
2024-06-12,32.372047424316406,32.372047424316406,31.584646224975586,31.761810302734375,164186,15.406776428222656
2024-06-13,31.74212646484375,31.74212646484375,30.649606704711914,30.84645652770996,245059,14.962762832641602
2024-06-14,30.679134368896484,30.86614227294922,30.3444881439209,30.767717361450195,194767,14.924569129943848
2024-06-17,30.620079040527344,30.708660125732422,30.137794494628906,30.393701553344727,192329,14.814230918884277
2024-06-18,30.423227310180664,30.75787353515625,29.82283592224121,30.52165412902832,328066,14.876596450805664
2024-06-19,30.501968383789062,30.58070945739746,30.314960479736328,30.38385772705078,47244,14.809432983398438
2024-06-20,30.364173889160156,30.590551376342773,30.14763832092285,30.226377487182617,151892,14.732675552368164
2024-06-21,30.206693649291992,30.314960479736328,29.47834587097168,29.557086944580078,446938,14.406453132629395
2024-06-24,29.557086944580078,30.797243118286133,29.557086944580078,30.590551376342773,335890,14.910177230834961
2024-06-25,30.511810302734375,30.511810302734375,30.078739166259766,30.206693649291992,233578,14.723081588745117
2024-06-26,30.206693649291992,30.35433006286621,29.950786590576172,30.216535568237305,177597,14.727875709533691
2024-06-27,30.501968383789062,30.561023712158203,30.137794494628906,30.46259880065918,268935,14.847811698913574
2024-06-28,30.738189697265625,30.797243118286133,30.295276641845703,30.590551376342773,263246,14.910177230834961
2024-07-02,30.807086944580078,31.13188934326172,30.620079040527344,30.974409103393555,138582,15.097273826599121
2024-07-03,31.122047424316406,31.437007904052734,31.062992095947266,31.122047424316406,144272,15.169232368469238
2024-07-04,31.299213409423828,31.377952575683594,31.14173126220703,31.259843826293945,210617,15.236396789550781
2024-07-05,31.259843826293945,31.417322158813477,30.72834587097168,30.84645652770996,371348,15.034907341003418
2024-07-08,30.81692886352539,31.003936767578125,30.590551376342773,30.81692886352539,108407,15.02051830291748
2024-07-09,30.629920959472656,30.885826110839844,29.88188934326172,30.039369583129883,212141,14.641525268554688
2024-07-10,30.049213409423828,30.590551376342773,30.02952766418457,30.423227310180664,165710,14.828621864318848
2024-07-11,30.570865631103516,31.16141700744629,30.14763832092285,30.9842529296875,149250,15.102070808410645
2024-07-12,31.36811065673828,31.39763832092285,31.053150177001953,31.19094467163086,131064,15.202814102172852
2024-07-15,31.151575088500977,31.535432815551758,30.72834587097168,31.48621940612793,166522,15.419722557067871
2024-07-16,31.299213409423828,31.5157470703125,31.14173126220703,31.407480239868164,125070,15.381159782409668
2024-07-17,31.42716407775879,31.476377487182617,30.52165412902832,30.738189697265625,243332,15.053391456604004
2024-07-18,30.78740119934082,31.01378059387207,30.2657470703125,30.600393295288086,173228,14.985909461975098
2024-07-19,30.452756881713867,30.472440719604492,29.488189697265625,29.635826110839844,233578,14.513531684875488
2024-07-22,29.62598419189453,30.009843826293945,29.30118179321289,29.872047424316406,257962,14.629213333129883
2024-07-23,29.76378059387207,29.76378059387207,29.173227310180664,29.370079040527344,201778,14.383387565612793
2024-07-24,29.527559280395508,29.783464431762695,29.025590896606445,29.035432815551758,150470,14.219500541687012
2024-07-25,29.084646224975586,29.192913055419922,28.39566993713379,29.143701553344727,104750,14.27252197265625
2024-07-26,29.173227310180664,29.222440719604492,28.64173126220703,29.222440719604492,185014,14.311081886291504
2024-07-29,29.15354347229004,29.21259880065918,28.297243118286133,28.69094467163086,358140,14.050793647766113
2024-07-30,28.533464431762695,28.86811065673828,28.159448623657227,28.435039520263672,162154,13.925467491149902
2024-07-31,28.818897247314453,29.59645652770996,28.60236167907715,29.47834587097168,166726,14.436407089233398
2024-08-01,29.62598419189453,29.665353775024414,27.60826873779297,28.011810302734375,419506,13.718201637268066
2024-08-02,27.60826873779297,28.02165412902832,25.944881439208984,26.77165412902832,618338,13.110862731933594
2024-08-06,26.299213409423828,26.899606704711914,26.19094467163086,26.732282638549805,157378,13.091582298278809
2024-08-07,27.1555118560791,27.372047424316406,26.535432815551758,26.643701553344727,222809,13.048202514648438
2024-08-08,26.614173889160156,26.91929054260254,26.42716407775879,26.732282638549805,250038,13.091582298278809
2024-08-09,26.732282638549805,26.879920959472656,26.48621940612793,26.673227310180664,297180,13.062660217285156
2024-08-12,26.840551376342773,27.893701553344727,26.791339874267578,27.44094467163086,486664,13.43863296508789
2024-08-13,27.293306350708008,27.657480239868164,27.14566993713379,27.539369583129883,199542,13.486832618713379
2024-08-14,27.716535568237305,28.100393295288086,27.598424911499023,28.08070945739746,205638,13.751944541931152
2024-08-15,28.090551376342773,28.69094467163086,28.05118179321289,28.42519760131836,283261,13.994227409362793
2024-08-16,28.218503952026367,28.33661460876465,27.795276641845703,27.942913055419922,237642,13.756793022155762
2024-08-19,27.795276641845703,28.149606704711914,27.657480239868164,27.746063232421875,162560,13.659878730773926
2024-08-20,27.73621940612793,27.73621940612793,27.06692886352539,27.35236167907715,188773,13.466053009033203
2024-08-21,27.5,27.598424911499023,27.03740119934082,27.26378059387207,131978,13.422439575195312
2024-08-22,27.431102752685547,27.539369583129883,27.135826110839844,27.224409103393555,98044,13.403060913085938
2024-08-23,27.39173126220703,27.90354347229004,27.39173126220703,27.88385772705078,129845,13.727716445922852
2024-08-26,28.435039520263672,28.543306350708008,27.93307113647461,28.08070945739746,175870,13.824629783630371
2024-08-27,28.19881820678711,28.19881820678711,27.55905532836914,27.568897247314453,208686,13.572653770446777
2024-08-28,27.47047233581543,27.47047233581543,26.968503952026367,27.204723358154297,172314,13.393364906311035
2024-08-29,27.362205505371094,27.785432815551758,27.273622512817383,27.41141700744629,117246,13.495124816894531
2024-08-30,27.165353775024414,27.303150177001953,26.564960479736328,27.293306350708008,316382,13.43697738647461
2024-09-03,26.732282638549805,27.342519760131836,26.210630416870117,26.36811065673828,339954,12.981489181518555
2024-09-04,26.25,26.5157470703125,26.112205505371094,26.151575088500977,422453,12.874883651733398
2024-09-05,26.387794494628906,26.535432815551758,26.07283592224121,26.151575088500977,184912,12.874883651733398
2024-09-06,26.112205505371094,26.496063232421875,25.3444881439209,25.688976287841797,302158,12.647137641906738
2024-09-09,25.797243118286133,25.81692886352539,25.098424911499023,25.206693649291992,249022,12.409703254699707
2024-09-10,25.196849822998047,25.305118560791016,24.16338539123535,24.67519760131836,396545,12.148038864135742
2024-09-11,24.635826110839844,24.89173126220703,24.12401580810547,24.62598419189453,405079,12.12380599975586
2024-09-12,24.67519760131836,25.3444881439209,24.6555118560791,25.314960479736328,569265,12.463003158569336
2024-09-13,25.49212646484375,25.649606704711914,25.187007904052734,25.295276641845703,399796,12.453313827514648
2024-09-16,25.216535568237305,25.423227310180664,24.557086944580078,24.812992095947266,563372,12.287589073181152
2024-09-17,24.842519760131836,25.206693649291992,24.773622512817383,25.14763832092285,269138,12.453312873840332
2024-09-18,24.91141700744629,25.216535568237305,24.6555118560791,24.960630416870117,247599,12.360702514648438
2024-09-19,25.37401580810547,25.442913055419922,25.05905532836914,25.285432815551758,319126,12.521546363830566
2024-09-20,25.196849822998047,25.43307113647461,25.039369583129883,25.295276641845703,413918,12.5264253616333
2024-09-23,25.334646224975586,25.708660125732422,25.039369583129883,25.3444881439209,252882,12.550790786743164
2024-09-24,25.66929054260254,25.915353775024414,25.442913055419922,25.46259880065918,262534,12.609283447265625
2024-09-25,25.55118179321289,25.89566993713379,25.295276641845703,25.37401580810547,878434,12.56541633605957
2024-09-26,25.2657470703125,25.6102352142334,25.0,25.078739166259766,484226,12.419193267822266
2024-09-27,25.226377487182617,25.472440719604492,25.226377487182617,25.393701553344727,728066,12.575163841247559
2024-09-30,25.442913055419922,26.22047233581543,25.295276641845703,25.935039520263672,444906,12.843239784240723
2024-10-01,25.78740119934082,26.929134368896484,25.78740119934082,26.722440719604492,848055,13.233165740966797
2024-10-02,27.076772689819336,27.32283592224121,26.48621940612793,26.673227310180664,360985,13.208795547485352
2024-10-03,26.91929054260254,27.814960479736328,26.74212646484375,27.598424911499023,478333,13.66695785522461
2024-10-04,28.001968383789062,28.001968383789062,27.480314254760742,27.568897247314453,485750,13.652338027954102
2024-10-07,27.706693649291992,28.218503952026367,27.706693649291992,28.05118179321289,402539,13.891168594360352
2024-10-08,27.637794494628906,27.795276641845703,26.8897647857666,27.09645652770996,455574,13.418383598327637
2024-10-09,26.938976287841797,27.12598419189453,26.66338539123535,26.968503952026367,446735,13.355021476745605
2024-10-10,27.09645652770996,27.1555118560791,26.791339874267578,27.11614227294922,442265,13.428130149841309
2024-10-11,26.97834587097168,27.519685745239258,26.938976287841797,27.431102752685547,300533,13.584102630615234
2024-10-15,26.57480239868164,26.80118179321289,25.86614227294922,26.200786590576172,873252,13.045051574707031
2024-10-16,26.171260833740234,26.318897247314453,25.511810302734375,25.58070945739746,710082,12.736321449279785
2024-10-17,25.629920959472656,26.25,25.590551376342773,26.200786590576172,333959,13.045051574707031
2024-10-18,26.269685745239258,26.407480239868164,25.718503952026367,26.230314254760742,506679,13.0597505569458
2024-10-21,26.446849822998047,26.74212646484375,26.19094467163086,26.27952766418457,316281,13.084253311157227
2024-10-22,26.377952575683594,26.722440719604492,26.269685745239258,26.5157470703125,423266,13.201865196228027
2024-10-23,26.417322158813477,26.417322158813477,25.856298446655273,26.01378059387207,172212,12.95194149017334
2024-10-24,26.092519760131836,26.702756881713867,26.053150177001953,26.68307113647461,446227,13.285170555114746
2024-10-25,26.71259880065918,27.12598419189453,26.71259880065918,27.03740119934082,413918,13.461589813232422
2024-10-28,26.181102752685547,26.48621940612793,25.9842529296875,26.299213409423828,498450,13.094056129455566
2024-10-29,26.318897247314453,26.545276641845703,26.181102752685547,26.377952575683594,265481,13.133259773254395
2024-10-30,26.377952575683594,26.77165412902832,26.25,26.584646224975586,398475,13.236167907714844
2024-10-31,26.879920959472656,26.879920959472656,26.053150177001953,26.437007904052734,598526,13.162662506103516
2024-11-01,26.781496047973633,26.781496047973633,25.83661460876465,26.043306350708008,500786,12.966639518737793
2024-11-04,26.13188934326172,26.94881820678711,26.07283592224121,26.929134368896484,480568,13.407685279846191
2024-11-05,27.027559280395508,27.027559280395508,26.377952575683594,26.77165412902832,360883,13.329276084899902
2024-11-06,26.879920959472656,27.224409103393555,26.57480239868164,26.71259880065918,440436,13.299875259399414
2024-11-07,26.77165412902832,26.791339874267578,25.49212646484375,26.39763832092285,909625,13.143061637878418
2024-11-08,26.36811065673828,26.643701553344727,25.964567184448242,26.525590896606445,405181,13.206765174865723
2024-11-11,26.57480239868164,26.94881820678711,26.112205505371094,26.870079040527344,1085901,13.378279685974121
2024-11-12,27.26378059387207,27.362205505371094,26.387794494628906,26.74212646484375,356413,13.314577102661133
2024-11-13,26.820865631103516,26.909448623657227,26.092519760131836,26.850393295288086,789737,13.36848258972168
2024-11-14,30.511810302734375,31.722440719604492,30.098424911499023,30.964567184448242,2601773,15.416877746582031
2024-11-15,30.75787353515625,31.112205505371094,30.216535568237305,30.52165412902832,828954,15.269161224365234
2024-11-18,30.679134368896484,31.13188934326172,30.32480239868164,30.52165412902832,805282,15.269161224365234
2024-11-19,30.285432815551758,30.46259880065918,30.019685745239258,30.05905532836914,405282,15.037734985351562
2024-11-20,29.931102752685547,30.472440719604492,29.783464431762695,30.364173889160156,429565,15.190378189086914
2024-11-21,30.511810302734375,30.9842529296875,30.38385772705078,30.679134368896484,361391,15.347941398620605
2024-11-22,30.6102352142334,31.10236167907715,30.46259880065918,30.994094848632812,870712,15.50550651550293
2024-11-25,31.033464431762695,31.053150177001953,30.452756881713867,30.629920959472656,556158,15.323323249816895
2024-11-26,30.501968383789062,30.511810302734375,30.02952766418457,30.334646224975586,423469,15.175602912902832
2024-11-27,30.216535568237305,30.708660125732422,30.206693649291992,30.570865631103516,653390,15.293778419494629
2024-11-28,30.590551376342773,30.75787353515625,30.41338539123535,30.531496047973633,91338,15.274081230163574
2024-11-29,30.590551376342773,31.053150177001953,30.43307113647461,30.84645652770996,271374,15.431647300720215
2024-12-02,31.003936767578125,31.07283592224121,30.708660125732422,30.856298446655273,298094,15.436573028564453
2024-12-03,31.01378059387207,31.082677841186523,30.482282638549805,30.52165412902832,403250,15.269161224365234
2024-12-04,30.570865631103516,30.590551376342773,30.019685745239258,30.305118560791016,558394,15.1608304977417
2024-12-05,30.127952575683594,30.472440719604492,30.019685745239258,30.23621940612793,333654,15.12636661529541
2024-12-06,30.216535568237305,30.216535568237305,29.527559280395508,29.7342529296875,589178,14.875245094299316
2024-12-09,30.019685745239258,30.46259880065918,29.94094467163086,30.098424911499023,591210,15.057429313659668
2024-12-10,30.40354347229004,30.40354347229004,29.94094467163086,29.97047233581543,364134,14.993415832519531
2024-12-11,30.255905151367188,30.69881820678711,29.990156173706055,30.679134368896484,663956,15.347941398620605
2024-12-12,30.600393295288086,30.738189697265625,30.196849822998047,30.305118560791016,288036,15.1608304977417
2024-12-13,30.364173889160156,30.364173889160156,29.803150177001953,30.019685745239258,562661,15.018038749694824
2024-12-16,29.88188934326172,29.990156173706055,29.251968383789062,29.41929054260254,748894,14.79041576385498
2024-12-17,29.21259880065918,29.47834587097168,28.877952575683594,29.3897647857666,388214,14.775569915771484
2024-12-18,29.44881820678711,29.50787353515625,28.887794494628906,28.996063232421875,390754,14.577637672424316
2024-12-19,29.045276641845703,29.62598419189453,28.4055118560791,28.72047233581543,698094,14.439087867736816
2024-12-20,28.75,29.10433006286621,28.4055118560791,28.77952766418457,657149,14.468778610229492
2024-12-23,28.69094467163086,30.600393295288086,28.553150177001953,30.49212646484375,921918,15.329779624938965
2024-12-24,30.570865631103516,30.659448623657227,30.23621940612793,30.570865631103516,212344,15.369364738464355
2024-12-27,30.52165412902832,30.935039520263672,30.196849822998047,30.305118560791016,677672,15.235761642456055
2024-12-30,30.482282638549805,30.935039520263672,30.452756881713867,30.72834587097168,463296,15.448538780212402
2024-12-31,30.797243118286133,31.437007904052734,30.797243118286133,31.318897247314453,404470,15.745433807373047
2025-01-02,31.65354347229004,31.781496047973633,31.151575088500977,31.5157470703125,356413,15.844400405883789
2025-01-03,31.643701553344727,31.702756881713867,31.39763832092285,31.62401580810547,296367,15.898828506469727
2025-01-06,31.71259880065918,32.096458435058594,31.535432815551758,31.63385772705078,327660,15.903780937194824
2025-01-07,31.80118179321289,31.80118179321289,31.446849822998047,31.48621940612793,444906,15.829554557800293
2025-01-08,31.456693649291992,31.63385772705078,31.16141700744629,31.27952766418457,295758,15.725641250610352
2025-01-09,31.387794494628906,31.39763832092285,31.200786590576172,31.27952766418457,123444,15.725641250610352
2025-01-10,31.702756881713867,31.781496047973633,31.033464431762695,31.092519760131836,539699,15.63162612915039
2025-01-13,31.25,31.25,30.659448623657227,30.718503952026367,822554,15.443588256835938
2025-01-14,30.590551376342773,30.81692886352539,29.832677841186523,29.960630416870117,1246937,15.062573432922363
2025-01-15,30.019685745239258,30.187007904052734,29.753936767578125,30.167322158813477,764540,15.241594314575195
2025-01-16,30.10826873779297,30.10826873779297,29.527559280395508,29.64566993713379,811073,14.978034973144531
2025-01-17,29.61614227294922,29.62598419189453,29.0944881439209,29.18307113647461,805282,14.744315147399902
2025-01-20,28.799213409423828,29.62598419189453,28.799213409423828,29.62598419189453,352044,14.968087196350098
2025-01-21,29.232282638549805,29.527559280395508,28.85826873779297,29.232282638549805,489814,14.769177436828613
2025-01-22,29.035432815551758,29.498031616210938,28.907480239868164,29.41929054260254,635813,14.863659858703613
2025-01-23,29.409448623657227,29.82283592224121,28.966535568237305,29.055118560791016,675234,14.679664611816406
2025-01-24,28.86811065673828,29.045276641845703,28.533464431762695,28.651575088500977,477317,14.475784301757812
2025-01-27,28.503936767578125,28.72047233581543,28.031496047973633,28.4842529296875,582778,14.391247749328613
2025-01-28,28.543306350708008,28.582677841186523,28.25787353515625,28.33661460876465,541731,14.316654205322266
2025-01-29,28.36614227294922,28.543306350708008,28.061023712158203,28.36614227294922,672084,14.331572532653809
2025-01-30,28.494094848632812,29.114173889160156,28.494094848632812,28.917322158813477,758342,14.610048294067383
2025-01-31,29.045276641845703,29.114173889160156,28.25787353515625,28.326772689819336,902513,14.311683654785156
2025-02-03,27.312992095947266,28.976377487182617,27.185039520263672,28.848424911499023,832815,14.575238227844238
2025-02-04,28.83858299255371,29.517717361450195,28.582677841186523,29.24212646484375,2037486,14.774150848388672
2025-02-05,29.370079040527344,30.659448623657227,29.055118560791016,30.620079040527344,2676449,15.47033977508545
2025-02-06,30.767717361450195,31.269685745239258,30.561023712158203,30.9055118560791,6735064,15.614554405212402
2025-02-07,31.043306350708008,31.938976287841797,30.944881439208984,31.62401580810547,1722120,15.977560997009277
2025-02-10,31.71259880065918,32.027557373046875,31.407480239868164,31.80118179321289,1036726,16.06707191467285
2025-02-11,31.751968383789062,32.135826110839844,31.68307113647461,31.938976287841797,765658,16.136693954467773
2025-02-12,31.870079040527344,32.312992095947266,31.505905151367188,31.584646224975586,335280,15.957676887512207
2025-02-13,31.564960479736328,31.94881820678711,31.122047424316406,31.377952575683594,561442,15.853245735168457
2025-02-14,31.417322158813477,31.545276641845703,30.9842529296875,31.25,310185,15.788599014282227
2025-02-18,16.732282638549805,18.149606704711914,16.33858299255371,17.8444881439209,2602484,17.08939552307129
2025-02-19,18.011810302734375,18.277559280395508,17.568897247314453,18.001968383789062,1874418,17.24020767211914
2025-02-20,18.011810302734375,18.248031616210938,17.509843826293945,17.805118560791016,1732991,17.098432540893555
2025-02-21,17.7657470703125,17.7657470703125,17.312992095947266,17.372047424316406,1453083,16.682546615600586
2025-02-24,17.39173126220703,17.401575088500977,17.06692886352539,17.312992095947266,1130402,16.62583351135254
2025-02-25,17.26378059387207,17.26378059387207,16.62401580810547,16.850393295288086,737006,16.181598663330078
2025-02-26,16.820865631103516,16.879920959472656,16.584646224975586,16.722440719604492,593039,16.058725357055664
2025-02-27,16.8602352142334,16.899606704711914,16.545276641845703,16.63385772705078,969061,15.97365951538086
2025-02-28,16.48621940612793,16.5157470703125,15.964567184448242,16.25,1012850,15.605036735534668
2025-03-03,16.22047233581543,16.318897247314453,14.803150177001953,14.911417007446289,1340104,14.319581985473633
2025-03-04,14.320865631103516,15.02952766418457,14.104331016540527,14.862204551696777,1543914,14.272322654724121
2025-03-05,14.852361679077148,15.324803352355957,14.763779640197754,15.049213409423828,782117,14.451910972595215
2025-03-06,14.980315208435059,15.511811256408691,14.852361679077148,15.3051176071167,564083,14.697657585144043
2025-03-07,15.413386344909668,15.807086944580078,15.344488143920898,15.570865631103516,971093,14.952857971191406
2025-03-10,15.570865631103516,15.85629940032959,15.354331016540527,15.738188743591309,1507947,15.113534927368164
2025-03-11,15.88582706451416,16.16141700744629,15.52165412902832,15.748030662536621,913689,15.122991561889648
2025-03-12,15.984251976013184,16.377952575683594,15.895668983459473,16.318897247314453,1045058,15.671196937561035
2025-03-13,16.259843826293945,16.387794494628906,15.905511856079102,15.964567184448242,1085901,15.3309326171875
2025-03-14,16.112205505371094,16.36811065673828,15.974409103393555,16.200786590576172,959206,15.557775497436523
2025-03-17,16.269685745239258,16.63385772705078,16.230314254760742,16.437007904052734,1248054,15.832714080810547
2025-03-18,16.535432815551758,16.535432815551758,16.348424911499023,16.505905151367188,1505407,15.899080276489258
2025-03-19,16.48621940612793,16.91929054260254,16.437007904052734,16.8602352142334,520497,16.240379333496094
2025-03-20,16.811023712158203,17.32283592224121,16.77165412902832,17.26378059387207,556362,16.629091262817383
2025-03-21,17.076772689819336,17.35236167907715,17.03740119934082,17.2342529296875,621081,16.600650787353516
2025-03-24,17.32283592224121,17.657480239868164,17.32283592224121,17.568897247314453,915111,16.922992706298828
2025-03-25,17.578739166259766,17.942913055419922,17.568897247314453,17.87401580810547,406705,17.216896057128906
2025-03-26,17.93307113647461,18.4055118560791,17.93307113647461,18.248031616210938,663042,17.57716178894043
2025-03-27,18.08070945739746,18.503936767578125,17.96259880065918,18.326772689819336,560527,17.653005599975586
2025-03-28,18.28740119934082,18.444881439208984,17.982282638549805,18.061023712158203,420116,17.39702606201172
2025-03-31,17.942913055419922,18.523622512817383,17.90354347229004,18.356298446655273,467970,17.681447982788086
2025-04-01,18.188976287841797,18.503936767578125,17.982282638549805,18.307086944580078,353873,17.634044647216797
2025-04-02,18.120079040527344,18.63188934326172,18.120079040527344,18.612205505371094,337109,17.927942276000977
2025-04-03,17.716535568237305,18.001968383789062,17.076772689819336,17.14566993713379,1014679,16.515321731567383
2025-04-04,16.42716407775879,16.456693649291992,15.147638320922852,15.49212646484375,1769161,14.92257308959961
2025-04-07,14.763779640197754,15.688976287841797,14.527559280395508,15.52165412902832,1351686,14.951013565063477
2025-04-08,16.033464431762695,16.033464431762695,14.665353775024414,14.891732215881348,1379626,14.34424877166748
2025-04-09,14.517717361450195,16.27952766418457,14.27165412902832,16.19094467163086,890016,15.595699310302734
2025-04-10,15.895668983459473,15.895668983459473,14.803150177001953,15.196849822998047,749605,14.638151168823242
2025-04-11,15.275590896606445,15.846456527709961,15.088582992553711,15.688976287841797,296570,15.112184524536133
2025-04-14,15.964567184448242,16.082677841186523,15.501969337463379,15.75787353515625,1037234,15.178549766540527
2025-04-15,15.649605751037598,16.07283592224121,15.501969337463379,15.767717361450195,689254,15.235611915588379
2025-04-16,15.767717361450195,16.348424911499023,15.767717361450195,16.092519760131836,756209,15.549454689025879
2025-04-17,16.269685745239258,16.74212646484375,16.19094467163086,16.63385772705078,445008,16.07252311706543
2025-04-21,16.30905532836914,16.545276641845703,16.10236167907715,16.13188934326172,215290,15.587494850158691
2025-04-22,16.377952575683594,16.722440719604492,16.230314254760742,16.387794494628906,385267,15.834765434265137
2025-04-23,16.62401580810547,16.62401580810547,15.974409103393555,16.062992095947266,237744,15.52092170715332
2025-04-24,16.171260833740234,16.437007904052734,15.88582706451416,16.112205505371094,299822,15.568474769592285
2025-04-25,16.01378059387207,16.151575088500977,15.846456527709961,15.994093894958496,263754,15.454350471496582
2025-04-28,15.954724311828613,16.082677841186523,15.79724407196045,15.935038566589355,1570634,15.39728832244873
2025-04-29,15.748030662536621,15.925196647644043,15.590551376342773,15.75787353515625,299822,15.226102828979492
2025-04-30,15.462597846984863,15.738188743591309,15.127952575683594,15.403543472290039,630733,14.8837308883667
2025-05-01,15.265748023986816,15.75787353515625,15.255906105041504,15.442913055419922,481584,14.921769142150879
2025-05-02,15.354331016540527,15.738188743591309,15.196849822998047,15.561023712158203,366166,15.035894393920898
2025-05-05,15.344488143920898,15.679134368896484,15.167323112487793,15.42322826385498,339141,14.902749061584473
2025-05-06,15.679134368896484,15.777559280395508,15.413386344909668,15.561023712158203,753059,15.035894393920898
2025-05-07,15.52165412902832,15.777559280395508,15.413386344909668,15.75787353515625,408127,15.226102828979492
2025-05-08,15.925196647644043,16.122047424316406,15.846456527709961,15.875984191894531,454762,15.340225219726562
2025-05-09,16.082677841186523,16.259843826293945,15.748030662536621,16.240156173706055,649834,15.692108154296875
2025-05-12,16.71259880065918,16.968503952026367,16.525590896606445,16.840551376342773,692912,16.272241592407227
2025-05-13,16.97834587097168,18.011810302734375,16.781496047973633,17.952756881713867,806806,17.346912384033203
2025-05-14,17.91338539123535,18.523622512817383,17.814960479736328,18.523622512817383,546608,17.898517608642578
2025-05-15,18.4055118560791,18.64173126220703,18.061023712158203,18.474409103393555,1211580,17.898515701293945
2025-05-16,18.503936767578125,18.848424911499023,18.31692886352539,18.710630416870117,447446,18.12737274169922
2025-05-20,18.651575088500977,18.98621940612793,18.562992095947266,18.946849822998047,669239,18.35622787475586
2025-05-21,18.996063232421875,19.12401580810547,18.80905532836914,18.86811065673828,644144,18.27994155883789
2025-05-22,18.789369583129883,18.887794494628906,18.592519760131836,18.789369583129883,406298,18.203659057617188
2025-05-23,18.523622512817383,18.89763832092285,18.523622512817383,18.789369583129883,590804,18.203659057617188
2025-05-26,18.86811065673828,19.07480239868164,18.828739166259766,18.98621940612793,136754,18.394372940063477
2025-05-27,18.996063232421875,19.232282638549805,18.877952575683594,19.0944881439209,458521,18.499269485473633
2025-05-28,19.202756881713867,19.261810302734375,19.045276641845703,19.064960479736328,437388,18.470659255981445
2025-05-29,19.035432815551758,19.222440719604492,18.92716407775879,18.956693649291992,398272,18.365766525268555
2025-05-30,18.92716407775879,19.0157470703125,18.622047424316406,18.75,408838,18.165515899658203
2025-06-02,19.173227310180664,19.350393295288086,18.996063232421875,19.064960479736328,377952,18.470659255981445
2025-06-03,19.0944881439209,19.773622512817383,19.0157470703125,19.606298446655273,301041,18.995126724243164
2025-06-04,19.488189697265625,19.635826110839844,19.251968383789062,19.320865631103516,336499,18.71858787536621
2025-06-05,19.340551376342773,19.468503952026367,19.192913055419922,19.281496047973633,390957,18.68044090270996
2025-06-06,19.41929054260254,19.783464431762695,19.3602352142334,19.61614227294922,293726,19.004657745361328
2025-06-09,19.724409103393555,20.009843826293945,19.694881439208984,19.960630416870117,276149,19.338407516479492
2025-06-10,19.990156173706055,20.3444881439209,19.753936767578125,20.019685745239258,358038,19.39562225341797
2025-06-11,20.167322158813477,20.6102352142334,20.068897247314453,20.52165412902832,313741,19.881940841674805
2025-06-12,20.393701553344727,21.476377487182617,20.393701553344727,21.112205505371094,821842,20.454084396362305
2025-06-13,21.77165412902832,21.80118179321289,21.122047424316406,21.643701553344727,739445,20.969011306762695
2025-06-16,21.535432815551758,22.185039520263672,21.535432815551758,22.076772689819336,699516,21.437326431274414
2025-06-17,22.2342529296875,22.39173126220703,22.017717361450195,22.32283592224121,290474,21.6762638092041
2025-06-18,22.362205505371094,22.490156173706055,21.91929054260254,22.106298446655273,261417,21.465999603271484
2025-06-19,22.185039520263672,22.814960479736328,22.185039520263672,22.696849822998047,279908,22.039447784423828
2025-06-20,22.35236167907715,22.952756881713867,21.71259880065918,22.73621940612793,2001317,22.07767677307129
2025-06-23,22.942913055419922,22.942913055419922,21.387794494628906,21.417322158813477,484327,20.796977996826172
2025-06-24,20.826772689819336,21.83070945739746,20.826772689819336,21.36811065673828,313436,20.749195098876953
2025-06-25,21.35826873779297,21.62401580810547,21.07283592224121,21.30905532836914,353771,20.69184684753418
2025-06-26,21.299213409423828,21.437007904052734,20.856298446655273,21.240156173706055,530149,20.624942779541016
2025-06-27,21.230314254760742,21.62401580810547,21.151575088500977,21.48621940612793,405181,20.863880157470703
2025-06-30,21.417322158813477,21.476377487182617,21.269685745239258,21.328739166259766,214071,20.710962295532227
2025-07-02,21.702756881713867,21.702756881713867,21.14173126220703,21.289369583129883,350317,20.6727294921875
2025-07-03,21.259843826293945,21.36811065673828,20.964567184448242,21.171260833740234,209601,20.558042526245117
2025-07-04,21.200786590576172,21.259843826293945,21.092519760131836,21.19094467163086,59741,20.5771541595459
2025-07-07,21.181102752685547,21.259843826293945,20.561023712158203,20.659448623657227,314350,20.061054229736328
2025-07-08,20.83661460876465,21.5157470703125,20.72834587097168,21.230314254760742,425501,20.615386962890625
2025-07-09,21.181102752685547,21.387794494628906,20.994094848632812,21.25,244856,20.634506225585938
2025-07-10,21.112205505371094,21.456693649291992,20.9842529296875,21.35826873779297,306934,20.73963737487793
2025-07-11,21.269685745239258,21.33858299255371,21.092519760131836,21.299213409423828,218440,20.682289123535156
2025-07-14,21.417322158813477,21.5157470703125,21.210630416870117,21.496063232421875,249936,20.873437881469727
2025-07-15,21.446849822998047,21.57480239868164,21.07283592224121,21.112205505371094,401726,20.547739028930664
2025-07-16,21.112205505371094,21.33858299255371,20.679134368896484,21.003936767578125,332435,20.442367553710938
2025-07-17,21.003936767578125,21.5157470703125,20.86614227294922,20.9842529296875,150673,20.423208236694336
2025-07-18,21.181102752685547,21.466535568237305,21.003936767578125,21.210630416870117,135331,20.643539428710938
2025-07-21,21.062992095947266,21.122047424316406,20.452756881713867,20.718503952026367,357937,20.164569854736328
2025-07-22,20.629920959472656,20.718503952026367,20.472440719604492,20.679134368896484,143053,20.126251220703125
2025-07-23,20.688976287841797,21.200786590576172,20.659448623657227,21.01378059387207,174346,20.451948165893555
2025-07-24,21.033464431762695,21.22047233581543,20.944881439208984,21.092519760131836,164897,20.528583526611328
2025-07-25,21.043306350708008,21.289369583129883,20.885826110839844,20.935039520263672,141224,20.375314712524414
2025-07-28,21.240156173706055,21.476377487182617,20.974409103393555,21.377952575683594,308051,20.80638313293457
2025-07-29,21.387794494628906,21.643701553344727,21.328739166259766,21.456693649291992,256540,20.883018493652344
2025-07-30,21.14173126220703,21.673227310180664,21.14173126220703,21.57480239868164,361086,20.997970581054688
2025-07-31,21.39763832092285,21.68307113647461,20.935039520263672,20.974409103393555,291490,20.41362953186035
2025-08-01,20.856298446655273,20.856298446655273,19.832677841186523,20.364173889160156,630936,19.819711685180664
2025-08-05,20.3444881439209,20.423227310180664,19.980314254760742,20.334646224975586,268326,19.790969848632812
2025-08-06,20.58070945739746,20.659448623657227,19.960630416870117,20.098424911499023,273507,19.561067581176758
2025-08-07,20.187007904052734,20.393701553344727,19.94094467163086,20.049213409423828,282143,19.51317024230957
2025-08-08,20.127952575683594,20.314960479736328,19.950786590576172,19.97047233581543,135738,19.436532974243164
2025-08-11,19.94094467163086,20.039369583129883,19.694881439208984,19.901575088500977,212649,19.369478225708008
2025-08-12,19.91141700744629,20.305118560791016,19.91141700744629,20.255905151367188,225755,19.71433448791504
2025-08-13,20.423227310180664,20.423227310180664,19.89173126220703,19.97047233581543,388823,19.436532974243164
2025-08-14,19.89173126220703,19.97047233581543,19.27165412902832,19.950786590576172,479552,19.41737174987793
2025-08-15,19.89173126220703,19.960630416870117,19.635826110839844,19.665353775024414,151384,19.186899185180664
2025-08-18,19.547243118286133,19.753936767578125,19.291339874267578,19.665353775024414,261925,19.186899185180664
2025-08-19,19.50787353515625,19.576772689819336,19.251968383789062,19.3602352142334,421640,18.889209747314453
2025-08-20,19.409448623657227,19.517717361450195,19.143701553344727,19.173227310180664,595579,18.706750869750977
2025-08-21,19.07480239868164,19.576772689819336,19.064960479736328,19.53740119934082,166624,19.062061309814453
2025-08-22,19.547243118286133,19.950786590576172,19.370079040527344,19.921260833740234,240182,19.436582565307617
2025-08-25,19.88188934326172,20.019685745239258,19.76378059387207,19.89173126220703,150470,19.407772064208984
2025-08-26,19.76378059387207,19.88188934326172,19.6555118560791,19.832677841186523,190906,19.350154876708984
2025-08-27,19.85236167907715,20.127952575683594,19.85236167907715,20.039369583129883,221386,19.551816940307617
2025-08-28,20.157480239868164,20.157480239868164,19.872047424316406,20.019685745239258,163373,19.532608032226562
2025-08-29,20.05905532836914,20.11811065673828,19.862205505371094,20.098424911499023,135128,19.609439849853516
2025-09-02,20.009843826293945,20.482282638549805,19.960630416870117,20.43307113647461,297790,19.93593978881836
2025-09-03,20.3444881439209,20.41338539123535,20.009843826293945,20.17716407775879,180543,19.686262130737305
2025-09-04,20.196849822998047,20.482282638549805,20.078739166259766,20.423227310180664,159004,19.92633628845215
2025-09-05,20.334646224975586,20.334646224975586,19.842519760131836,19.950786590576172,219659,19.465389251708984
2025-09-08,20.157480239868164,20.157480239868164,19.665353775024414,19.931102752685547,161239,19.44618797302246
2025-09-09,20.078739166259766,20.216535568237305,19.921260833740234,20.127952575683594,301752,19.638246536254883
2025-09-10,20.17716407775879,20.246063232421875,19.950786590576172,20.246063232421875,328574,19.753482818603516
2025-09-11,19.97047233581543,20.0,19.606298446655273,19.714567184448242,638962,19.23491859436035
2025-09-12,19.872047424316406,20.246063232421875,19.872047424316406,20.206693649291992,398577,19.715070724487305
2025-09-15,20.10826873779297,20.10826873779297,19.82283592224121,19.901575088500977,421843,19.464780807495117
2025-09-16,19.990156173706055,20.393701553344727,19.980314254760742,20.206693649291992,315570,19.76320457458496
2025-09-17,20.078739166259766,20.52165412902832,20.078739166259766,20.305118560791016,294538,19.85947036743164
2025-09-18,20.38385772705078,20.38385772705078,20.167322158813477,20.2657470703125,164287,19.82096290588379
2025-09-19,20.2657470703125,20.511810302734375,19.872047424316406,19.931102752685547,2711196,19.493663787841797
2025-09-22,19.94094467163086,21.36811065673828,19.94094467163086,21.289369583129883,814019,20.822120666503906
2025-09-23,21.407480239868164,21.909448623657227,21.35826873779297,21.466535568237305,359766,20.995397567749023
2025-09-24,21.643701553344727,21.958660125732422,21.643701553344727,21.929134368896484,299009,21.447839736938477
2025-09-25,21.8897647857666,22.490156173706055,21.870079040527344,22.450786590576172,280619,21.95804786682129
2025-09-26,22.519685745239258,22.91338539123535,22.44094467163086,22.687007904052734,380390,22.189085006713867
2025-09-29,22.64763832092285,22.687007904052734,22.283464431762695,22.38188934326172,186538,21.89065933227539
2025-09-30,22.17519760131836,22.35236167907715,21.988189697265625,22.11614227294922,186944,21.630746841430664
2025-10-01,21.929134368896484,22.362205505371094,21.929134368896484,22.244094848632812,121209,21.755887985229492
2025-10-02,22.26378059387207,22.35236167907715,22.1555118560791,22.204723358154297,143561,21.71738052368164
2025-10-03,22.293306350708008,22.696849822998047,22.293306350708008,22.637794494628906,199746,22.140947341918945
2025-10-06,22.795276641845703,23.05118179321289,22.687007904052734,22.942913055419922,157988,22.439369201660156
2025-10-07,22.96259880065918,23.1102352142334,22.755905151367188,23.08070945739746,114910,22.574142456054688
2025-10-08,23.159448623657227,23.503936767578125,23.02165412902832,23.42519760131836,128829,22.911067962646484
2025-10-09,23.503936767578125,23.651575088500977,22.90354347229004,23.011810302734375,164389,22.506757736206055
2025-10-10,22.687007904052734,23.36614227294922,21.909448623657227,21.94881820678711,363118,21.467092514038086
2025-10-14,21.8602352142334,22.253936767578125,21.811023712158203,21.91929054260254,141326,21.438213348388672
2025-10-15,21.998031616210938,22.273622512817383,21.938976287841797,22.017717361450195,145694,21.582937240600586
2025-10-16,22.106298446655273,22.106298446655273,21.584646224975586,21.60433006286621,130556,21.177715301513672
2025-10-17,21.71259880065918,21.71259880065918,21.377952575683594,21.535432815551758,115824,21.110177993774414
2025-10-20,21.417322158813477,21.8897647857666,21.39763832092285,21.564960479736328,313334,21.139123916625977
2025-10-21,22.027559280395508,22.027559280395508,21.437007904052734,21.62401580810547,280111,21.19701385498047
2025-10-22,21.751968383789062,22.09645652770996,21.60433006286621,22.017717361450195,1460805,21.582937240600586
2025-10-23,22.14566993713379,22.568897247314453,22.09645652770996,22.450786590576172,334162,22.007455825805664
2025-10-24,22.549213409423828,22.598424911499023,22.372047424316406,22.47047233581543,121412,22.026752471923828
2025-10-27,22.519685745239258,22.667322158813477,22.35236167907715,22.450786590576172,245770,22.007455825805664
2025-10-28,22.401575088500977,22.47047233581543,22.11614227294922,22.214567184448242,225857,21.775901794433594
2025-10-29,22.204723358154297,22.52952766418457,22.1555118560791,22.26378059387207,342494,21.82414436340332
2025-10-30,22.372047424316406,22.421260833740234,22.09645652770996,22.303150177001953,139903,21.86273765563965
2025-10-31,22.490156173706055,22.687007904052734,22.273622512817383,22.637794494628906,487578,22.19076919555664
2025-11-03,22.52952766418457,23.1102352142334,22.519685745239258,22.952756881713867,286410,22.499513626098633
2025-11-04,22.549213409423828,22.637794494628906,22.12598419189453,22.5,391262,22.055696487426758
2025-11-05,22.431102752685547,23.02165412902832,22.431102752685547,22.775590896606445,469189,22.32584571838379
2025-11-06,22.755905151367188,22.87401580810547,22.44094467163086,22.450786590576172,289662,22.007455825805664
2025-11-07,22.519685745239258,22.568897247314453,22.017717361450195,22.55905532836914,267614,22.113588333129883
2025-11-10,22.64763832092285,23.267717361450195,22.64763832092285,23.100393295288086,433426,22.644235610961914
2025-11-11,23.238189697265625,23.464567184448242,23.1397647857666,23.454723358154297,269748,22.991567611694336
2025-11-12,23.42519760131836,23.51378059387207,23.188976287841797,23.4055118560791,270358,22.94332504272461
2025-11-13,23.543306350708008,23.60236167907715,22.942913055419922,23.041339874267578,276860,22.586349487304688
2025-11-14,23.041339874267578,23.454723358154297,22.90354347229004,23.444881439208984,232359,23.031112670898438
2025-11-17,23.385826110839844,23.42519760131836,23.100393295288086,23.1102352142334,143154,22.70237159729004
2025-11-18,22.8444881439209,23.671260833740234,22.814960479736328,23.57283592224121,311810,23.15680694580078
2025-11-19,23.297243118286133,23.681102752685547,23.1102352142334,23.622047424316406,138481,23.205154418945312
2025-11-20,23.63188934326172,24.202756881713867,23.474409103393555,23.523622512817383,142342,23.10846710205078
2025-11-21,23.51378059387207,23.77952766418457,23.090551376342773,23.740156173706055,223114,23.321176528930664
2025-11-24,23.946849822998047,24.16338539123535,23.622047424316406,23.907480239868164,255626,23.48554801940918
2025-11-25,23.75,23.83858299255371,23.090551376342773,23.435039520263672,190602,23.02144432067871
2025-11-26,23.503936767578125,23.651575088500977,22.90354347229004,23.05118179321289,219761,22.64436149597168
2025-11-27,23.19881820678711,23.385826110839844,23.031496047973633,23.297243118286133,99873,22.88608169555664
2025-11-28,23.474409103393555,23.700786590576172,23.031496047973633,23.69094467163086,79146,23.2728328704834
2025-12-01,23.730314254760742,24.15354347229004,23.671260833740234,23.976377487182617,327254,23.5532283782959
2025-12-02,24.114173889160156,24.557086944580078,23.937007904052734,24.468503952026367,509524,24.036672592163086
2025-12-03,24.50787353515625,25.649606704711914,24.458660125732422,25.216535568237305,343408,24.77149772644043
2025-12-04,25.068897247314453,25.66929054260254,25.068897247314453,25.55118179321289,236423,25.100236892700195
2025-12-05,25.472440719604492,26.16141700744629,25.3444881439209,26.003936767578125,210007,25.545005798339844
2025-12-08,25.86614227294922,26.318897247314453,25.629920959472656,26.181102752685547,222301,25.71904182434082
2025-12-09,26.181102752685547,26.230314254760742,24.960630416870117,25.05905532836914,356921,24.616798400878906
2025-12-10,25.039369583129883,25.187007904052734,24.557086944580078,24.704723358154297,290982,24.268718719482422
2025-12-11,24.468503952026367,24.960630416870117,24.33070945739746,24.665353775024414,154635,24.230045318603516
2025-12-12,24.85236167907715,25.078739166259766,24.251968383789062,24.803150177001953,228498,24.36541175842285
2025-12-15,24.694881439208984,24.704723358154297,23.818897247314453,24.16338539123535,225247,23.78412628173828
2025-12-16,24.045276641845703,24.045276641845703,23.277559280395508,23.297243118286133,302158,22.931581497192383
2025-12-17,23.51378059387207,23.710630416870117,23.149606704711914,23.592519760131836,185826,23.22222137451172
2025-12-18,23.700786590576172,23.77952766418457,22.893701553344727,23.011810302734375,246786,22.65062713623047
2025-12-19,23.031496047973633,23.326772689819336,23.031496047973633,23.25787353515625,310794,22.8928279876709
2025-12-22,23.464567184448242,23.818897247314453,23.464567184448242,23.622047424316406,168859,23.25128746032715
2025-12-23,23.710630416870117,24.370079040527344,23.66141700744629,24.24212646484375,137160,23.861631393432617
2025-12-24,24.07480239868164,24.399606704711914,23.769685745239258,23.946849822998047,71323,23.57099151611328
2025-12-29,24.15354347229004,24.192913055419922,23.887794494628906,23.89763832092285,91745,23.522554397583008
2025-12-30,24.12401580810547,24.202756881713867,23.89763832092285,24.0944881439209,98450,23.7163143157959
2025-12-31,24.0944881439209,24.0944881439209,23.759843826293945,23.80905532836914,125882,23.435361862182617
2026-01-02,23.848424911499023,23.966535568237305,23.42519760131836,23.72047233581543,132893,23.34816551208496
2026-01-05,23.77952766418457,23.77952766418457,22.44094467163086,22.982282638549805,307950,22.62156105041504
2026-01-06,23.02165412902832,23.02165412902832,22.35236167907715,22.5,301854,22.146852493286133
2026-01-07,22.35236167907715,22.421260833740234,21.387794494628906,21.39763832092285,825500,21.061792373657227
2026-01-08,21.555118560791016,21.91929054260254,21.348424911499023,21.899606704711914,331521,21.55588150024414
2026-01-09,21.83070945739746,22.372047424316406,21.83070945739746,22.362205505371094,189179,22.01121711730957
2026-01-12,22.401575088500977,22.87401580810547,22.303150177001953,22.657480239868164,320954,22.301856994628906
2026-01-13,22.93307113647461,23.08070945739746,22.73621940612793,22.952756881713867,213462,22.59250259399414
2026-01-14,22.99212646484375,23.42519760131836,22.96259880065918,23.090551376342773,238862,22.728130340576172
2026-01-15,23.503936767578125,23.582677841186523,22.706693649291992,23.041339874267578,257759,22.728130340576172
2026-01-16,23.08070945739746,23.503936767578125,23.011810302734375,23.474409103393555,253594,23.155315399169922
2026-01-19,23.503936767578125,23.98621940612793,23.42519760131836,23.85826873779297,137262,23.53395652770996
2026-01-20,24.0157470703125,24.12401580810547,23.307086944580078,23.66141700744629,241300,23.33978271484375
2026-01-21,23.917322158813477,24.24212646484375,23.33661460876465,23.69094467163086,290678,23.368907928466797
2026-01-22,23.710630416870117,23.877952575683594,23.435039520263672,23.60236167907715,119990,23.28152847290039
2026-01-23,23.769685745239258,24.53740119934082,23.759843826293945,24.47834587097168,303682,24.14560317993164
2026-01-26,24.606298446655273,24.606298446655273,23.80905532836914,24.399606704711914,143662,24.067934036254883
2026-01-27,24.409448623657227,25.039369583129883,24.409448623657227,25.019685745239258,163678,24.679582595825195
2026-01-28,25.098424911499023,25.14763832092285,24.773622512817383,25.02952766418457,155753,24.689292907714844
2026-01-29,25.600393295288086,25.964567184448242,25.14763832092285,25.40354347229004,421742,25.058229446411133
2026-01-30,25.41338539123535,25.590551376342773,25.019685745239258,25.275590896606445,249428,24.932010650634766
2026-02-02,24.685039520263672,25.157480239868164,24.517717361450195,24.783464431762695,347066,24.446575164794922
2026-02-03,24.793306350708008,25.32480239868164,24.793306350708008,24.980314254760742,620979,24.640750885009766
2026-02-04,24.97047233581543,25.098424911499023,24.379920959472656,24.842519760131836,529742,24.50482940673828
2026-02-05,24.58661460876465,24.803150177001953,24.114173889160156,24.15354347229004,377546,23.825218200683594
2026-02-06,24.202756881713867,24.97047233581543,23.917322158813477,24.576772689819336,295453,24.242694854736328
2026-02-09,24.438976287841797,25.295276641845703,24.429134368896484,25.295276641845703,232359,24.951433181762695
2026-02-10,25.41338539123535,25.41338539123535,24.950786590576172,25.216535568237305,162865,24.873760223388672
2026-02-11,25.452756881713867,25.738189697265625,25.2657470703125,25.649606704711914,235814,25.30094337463379
2026-02-12,25.777559280395508,25.83661460876465,24.67519760131836,24.832677841186523,453847,24.495119094848633
2026-02-13,24.724409103393555,25.127952575683594,24.517717361450195,24.91141700744629,185623,24.621583938598633
2026-02-17,24.990156173706055,25.098424911499023,24.222440719604492,25.068897247314453,234696,24.777233123779297
2026-02-18,25.246063232421875,25.708660125732422,25.0,25.659448623657227,209398,25.36091423034668
2026-02-19,25.748031616210938,26.062992095947266,25.748031616210938,25.935039520263672,211836,25.633296966552734
2026-02-20,25.92519760131836,26.07283592224121,25.590551376342773,25.78740119934082,129540,25.48737335205078
2026-02-23,25.718503952026367,26.043306350708008,25.590551376342773,25.72834587097168,214173,25.42900848388672
2026-02-24,25.738189697265625,25.738189697265625,25.43307113647461,25.570865631103516,153924,25.273361206054688
2026-02-25,25.629920959472656,25.629920959472656,25.009843826293945,25.3444881439209,224434,25.04961585998535
2026-02-26,25.05905532836914,25.600393295288086,24.872047424316406,25.531496047973633,259385,25.234451293945312
2026-02-27,25.797243118286133,26.60433006286621,25.590551376342773,26.57480239868164,286715,26.265615463256836
2026-03-02,27.421260833740234,27.982282638549805,26.673227310180664,26.938976287841797,325933,26.625553131103516
2026-03-03,27.755905151367188,29.035432815551758,27.696849822998047,28.956693649291992,680212,28.619796752929688
2026-03-04,29.232282638549805,29.59645652770996,28.789369583129883,29.281496047973633,579425,28.94081687927246
2026-03-05,29.281496047973633,29.53740119934082,28.42519760131836,28.966535568237305,302870,28.6295223236084
2026-03-06,29.13385772705078,29.547243118286133,28.77952766418457,28.877952575683594,426212,28.54197120666504
2026-03-09,28.966535568237305,29.812992095947266,28.523622512817383,28.612205505371094,476606,28.279315948486328
2026-03-10,28.326772689819336,28.877952575683594,28.248031616210938,28.848424911499023,290678,28.512786865234375
2026-03-11,28.83858299255371,29.665353775024414,28.51378059387207,29.114173889160156,429666,28.775442123413086
2026-03-12,29.350393295288086,29.64566993713379,29.084646224975586,29.399606704711914,375006,29.057554244995117
2026-03-13,29.281496047973633,29.517717361450195,28.956693649291992,29.24212646484375,212344,28.901906967163086
2026-03-16,29.10433006286621,29.281496047973633,28.57283592224121,28.976377487182617,698195,28.687530517578125
2026-03-17,29.12401580810547,29.291339874267578,28.77952766418457,29.025590896606445,240995,28.73625373840332
2026-03-18,29.114173889160156,29.13385772705078,28.759843826293945,29.0944881439209,252679,28.804462432861328
2026-03-19,29.222440719604492,29.62598419189453,29.025590896606445,29.30118179321289,705815,29.009096145629883
2026-03-20,29.527559280395508,30.187007904052734,29.10433006286621,29.527559280395508,633578,29.233217239379883
2026-03-23,28.759843826293945,29.488189697265625,28.385826110839844,29.16338539123535,500888,28.87267303466797
2026-03-24,29.33070945739746,29.812992095947266,29.173227310180664,29.370079040527344,207569,29.077308654785156
2026-03-25,29.30118179321289,29.50787353515625,29.035432815551758,29.202756881713867,205943,28.911653518676758
2026-03-26,29.222440719604492,29.82283592224121,29.084646224975586,29.21259880065918,265582,28.921396255493164
2026-03-27,29.44881820678711,30.019685745239258,29.350393295288086,29.685039520263672,303987,29.389129638671875
2026-03-30,29.842519760131836,30.11811065673828,29.21259880065918,29.498031616210938,280518,29.2039852142334
2026-03-31,29.488189697265625,30.009843826293945,28.622047424316406,29.24212646484375,351942,28.95062828063965
2026-04-01,28.474409103393555,28.877952575683594,26.91929054260254,27.017717361450195,430784,26.748394012451172
2026-04-02,27.893701553344727,28.31692886352539,27.52952766418457,27.864173889160156,346050,27.586414337158203
2026-04-06,27.746063232421875,28.1397647857666,27.519685745239258,27.805118560791016,373888,27.52794647216797
2026-04-07,27.8444881439209,28.494094848632812,27.8444881439209,28.415353775024414,218745,28.132099151611328
2026-04-08,26.496063232421875,27.26378059387207,26.16141700744629,27.09645652770996,421437,26.82634925842285
2026-04-09,27.253936767578125,27.627952575683594,26.328739166259766,26.80118179321289,217424,26.534019470214844
2026-04-10,26.77165412902832,27.450786590576172,26.77165412902832,27.26378059387207,96418,26.992006301879883
2026-04-13,27.90354347229004,28.05118179321289,27.283464431762695,27.480314254760742,190398,27.206378936767578
2026-04-14,27.224409103393555,27.60826873779297,26.57480239868164,26.66338539123535,316890,26.397592544555664
2026-04-15,26.57480239868164,27.00787353515625,26.496063232421875,26.811023712158203,159309,26.592844009399414
2026-04-16,26.8897647857666,27.165353775024414,26.5157470703125,26.77165412902832,327457,26.553794860839844
2026-04-17,26.181102752685547,26.27952766418457,25.246063232421875,26.210630416870117,511454,25.99733543395996
2026-04-20,26.181102752685547,26.57480239868164,25.69881820678711,26.36811065673828,414731,26.153533935546875
2026-04-21,26.505905151367188,26.761810302734375,26.437007904052734,26.722440719604492,114503,26.504981994628906
2026-04-22,27.12598419189453,27.39173126220703,26.8897647857666,27.283464431762695,175768,27.061439514160156
2026-04-23,27.332677841186523,28.16929054260254,27.332677841186523,28.1102352142334,241097,27.881484985351562
2026-04-24,28.1397647857666,28.248031616210938,27.7657470703125,28.208660125732422,232461,27.97910499572754
2026-04-27,28.622047424316406,29.606298446655273,28.582677841186523,29.10433006286621,296570,28.867488861083984
2026-04-28,29.517717361450195,29.6555118560791,29.192913055419922,29.379920959472656,208890,29.140838623046875
2026-04-29,29.665353775024414,30.068897247314453,29.58661460876465,30.009843826293945,153619,29.765634536743164
2026-04-30,29.7342529296875,30.37401580810547,29.429134368896484,30.255905151367188,309067,30.009693145751953
2026-05-01,30.10826873779297,30.275590896606445,29.704723358154297,30.157480239868164,181051,29.912067413330078
2026-05-04,30.2657470703125,30.748031616210938,30.17716407775879,30.600393295288086,215798,30.351377487182617
2026-05-05,30.511810302734375,30.92519760131836,30.46259880065918,30.826772689819336,138379,30.57591438293457
2026-05-06,29.88188934326172,30.078739166259766,28.828739166259766,28.946849822998047,672389,28.711292266845703
2026-05-07,28.592519760131836,29.025590896606445,28.129920959472656,28.917322158813477,392379,28.6820011138916
2026-05-08,28.789369583129883,29.33070945739746,28.651575088500977,28.69094467163086,166218,28.45746612548828
2026-05-11,29.143701553344727,29.27165412902832,28.66141700744629,28.77952766418457,151587,28.545331954956055
2026-05-12,29.576772689819336,30.41338539123535,29.576772689819336,30.40354347229004,452323,30.156129837036133
2026-05-13,30.41338539123535,30.81692886352539,29.67519760131836,30.10826873779297,299415,29.86325454711914
2026-05-14,30.019685745239258,31.269685745239258,29.694881439208984,30.84645652770996,513994,30.595439910888672
2026-05-15,31.230314254760742,31.555118560791016,30.856298446655273,31.555118560791016,283464,31.34834861755371
2026-05-19,31.77165412902832,32.7952766418457,31.643701553344727,32.70669174194336,398678,32.492374420166016
2026-05-20,32.637794494628906,32.75590515136719,31.988189697265625,32.135826110839844,283870,31.925249099731445
2026-05-21,32.480316162109375,32.913387298583984,32.17519760131836,32.362205505371094,247498,32.150146484375
2026-05-22,32.17519760131836,32.67716598510742,32.17519760131836,32.54921340942383,351028,32.33592987060547
2026-05-25,32.421260833740234,32.421260833740234,31.299213409423828,31.36811065673828,192227,31.162565231323242
2026-05-26,31.259843826293945,31.820865631103516,30.78740119934082,31.16141700744629,217932,30.95722770690918
2026-05-27,30.688976287841797,30.86614227294922,30.127952575683594,30.137794494628906,176276,29.940309524536133
2026-05-28,30.393701553344727,30.767717361450195,30.049213409423828,30.10826873779297,211328,29.91097640991211
2026-05-29,30.019685745239258,30.14763832092285,29.41929054260254,29.694881439208984,279298,29.50029945373535
2026-06-01,30.02952766418457,30.6102352142334,30.02952766418457,30.314960479736328,285496,30.116313934326172
2026-06-02,30.167322158813477,30.915353775024414,30.167322158813477,30.55118179321289,244450,30.350988388061523
2026-06-03,30.84645652770996,31.42716407775879,30.501968383789062,30.994094848632812,164592,30.790998458862305
2026-06-04,30.6397647857666,31.151575088500977,30.6397647857666,30.954723358154297,188773,30.75188636779785
2026-06-05,30.9055118560791,30.9055118560791,29.53740119934082,29.59645652770996,220370,29.40252113342285
2026-06-08,29.724409103393555,30.472440719604492,29.665353775024414,30.334646224975586,284378,30.13587188720703
2026-06-09,30.049213409423828,30.049213409423828,28.828739166259766,29.340551376342773,339852,29.148292541503906
2026-06-10,29.547243118286133,29.89173126220703,29.438976287841797,29.56692886352539,328778,29.373188018798828
2026-06-11,29.82283592224121,29.980314254760742,28.956693649291992,29.311023712158203,295351,29.11895751953125
2026-06-12,29.291339874267578,29.458660125732422,28.89763832092285,29.0157470703125,282448,28.82561492919922
2026-06-15,27.8444881439209,28.37598419189453,27.657480239868164,28.326772689819336,236931,28.18896484375
2026-06-16,28.001968383789062,28.218503952026367,27.687007904052734,27.923227310180664,211938,27.787384033203125
2026-06-17,28.061023712158203,28.356298446655273,27.55905532836914,27.755905151367188,218237,27.62087631225586
2026-06-18,27.55905532836914,27.90354347229004,26.57480239868164,27.1555118560791,312318,27.02340316772461
2026-06-19,27.32283592224121,27.726377487182617,27.303150177001953,27.519685745239258,174041,27.385805130004883
2026-06-22,27.509843826293945,27.923227310180664,27.09645652770996,27.85433006286621,360883,27.718820571899414
2026-06-23,27.85433006286621,27.90354347229004,27.58858299255371,27.805118560791016,189992,27.669849395751953
2026-06-24,27.509843826293945,27.509843826293945,26.80118179321289,26.958660125732422,266700,26.82750701904297
2026-06-25,26.673227310180664,27.194881439208984,26.673227310180664,27.135826110839844,225146,27.003812789916992
2026-06-26,27.047243118286133,27.165353775024414,26.820865631103516,27.00787353515625,220269,26.876483917236328
2026-06-29,27.057086944580078,27.244094848632812,26.80118179321289,26.94881820678711,288950,26.81771469116211
2026-06-30,26.94881820678711,27.35236167907715,26.71259880065918,26.71259880065918,233578,26.582645416259766
2026-07-02,26.68307113647461,26.899606704711914,26.230314254760742,26.820865631103516,263550,26.690383911132812
2026-07-03,27.244094848632812,27.775590896606445,27.106298446655273,27.64763832092285,82296,27.51313591003418
2026-07-06,27.55905532836914,27.687007904052734,27.08661460876465,27.204723358154297,441452,27.072376251220703
2026-07-07,27.60826873779297,28.415353775024414,27.490156173706055,28.267717361450195,972007,28.130199432373047
2026-07-08,28.592519760131836,29.084646224975586,28.218503952026367,29.005905151367188,271577,28.86479377746582
2026-07-09,29.559999465942383,29.709999084472656,28.440000534057617,28.600000381469727,256700,28.460865020751953
2026-07-10,28.579999923706055,28.579999923706055,27.850000381469727,28.049999237060547,139700,27.913537979125977
2026-07-13,28.59000015258789,28.8700008392334,28.34000015258789,28.540000915527344,179700,28.40115737915039
2026-07-14,28.90999984741211,29.290000915527344,28.600000381469727,28.850000381469727,162900,28.70964813232422
2026-07-15,28.920000076293945,28.969999313354492,28.190000534057617,28.579999923706055,105500,28.440961837768555
2026-07-16,28.979999542236328,28.979999542236328,28.510000228881836,28.719999313354492,280900,28.580278396606445
2026-07-17,29.010000228881836,29.049999237060547,28.110000610351562,28.260000228881836,161400,28.17156410217285
2026-07-20,28.040000915527344,28.690000534057617,27.899999618530273,28.56999969482422,101000,28.4805908203125
2026-07-21,28.770000457763672,29.219999313354492,28.770000457763672,29.1200008392334,101500,29.028871536254883
2026-07-22,29.420000076293945,29.84000015258789,29.420000076293945,29.65999984741211,151500,29.567180633544922
2026-07-23,30.09000015258789,30.56999969482422,30.09000015258789,30.149999618530273,277500,30.055646896362305
2026-07-24,30.329999923706055,30.649999618530273,29.969999313354492,30.299999237060547,193900,30.205177307128906
2026-07-27,29.639999389648438,30.06999969482422,29.170000076293945,29.56999969482422,135700,29.477462768554688
2026-07-28,29.489999771118164,29.579999923706055,28.59000015258789,28.760000228881836,140800,28.670000076293945
2026-07-29,29.3799991607666,29.719999313354492,29.170000076293945,29.459999084472656,188800,29.36780548095703
2026-07-30,29.190000534057617,29.399999618530273,29.010000228881836,29.190000534057617,123000,29.09865379333496
2026-07-31,29.31999969482422,29.770000457763672,29.239999771118164,29.59000015258789,183200,29.49740219116211
2026-08-04,28.729999542236328,29.18000030517578,28.309999465942383,28.850000381469727,358500,28.75971794128418
2026-08-05,28.75,29.190000534057617,27.899999618530273,28.059999465942383,314000,27.97218894958496
2026-08-06,30.0,31.270000457763672,29.31999969482422,30.739999771118164,582800,30.643800735473633
2026-08-07,30.6200008392334,30.670000076293945,29.979999542236328,30.100000381469727,215700,30.00580406188965
2026-08-10,30.34000015258789,31.3700008392334,30.34000015258789,31.350000381469727,499300,31.25189208984375
2026-08-11,31.100000381469727,31.549999237060547,31.079999923706055,31.459999084472656,210700,31.361547470092773
2026-08-12,31.329999923706055,31.93000030517578,31.329999923706055,31.600000381469727,210800,31.501110076904297
2026-08-13,31.3799991607666,31.68000030517578,31.149999618530273,31.68000030517578,119400,31.580860137939453
2026-08-14,31.6299991607666,32.0099983215332,31.6299991607666,31.899999618530273,123600,31.8001708984375
2026-08-17,31.920000076293945,32.439998626708984,31.920000076293945,32.34000015258789,178700,32.289405822753906
2026-08-18,32.650001525878906,32.650001525878906,32.209999084472656,32.31999969482422,90200,32.26943588256836
2026-08-19,32.34000015258789,32.7400016784668,32.189998626708984,32.2599983215332,139800,32.209529876708984
2026-08-20,32.720001220703125,32.97999954223633,32.27000045776367,32.540000915527344,218900,32.48909378051758
2026-08-21,32.619998931884766,32.880001068115234,32.560001373291016,32.810001373291016,116100,32.758670806884766
2026-08-24,32.790000915527344,32.790000915527344,32.31999969482422,32.349998474121094,211800,32.29938888549805
2026-08-25,32.0099983215332,32.2599983215332,31.459999084472656,31.489999771118164,192100,31.44073486328125
2026-08-26,31.18000030517578,31.959999084472656,31.18000030517578,31.600000381469727,319000,31.55056381225586
2026-08-27,31.739999771118164,31.739999771118164,31.1200008392334,31.670000076293945,180400,31.620454788208008
2026-08-28,31.739999771118164,31.739999771118164,31.190000534057617,31.309999465942383,107000,31.261016845703125
2026-08-31,32.0,32.09000015258789,31.34000015258789,31.600000381469727,195800,31.55056381225586
2026-09-01,31.989999771118164,32.0,31.489999771118164,31.969999313354492,550300,31.919984817504883
2026-09-02,31.90999984741211,32.029998779296875,31.65999984741211,31.68000030517578,232800,31.63043785095215
2026-09-03,31.850000381469727,31.93000030517578,31.09000015258789,31.190000534057617,277800,31.141204833984375
2026-09-04,31.030000686645508,31.40999984741211,30.700000762939453,31.399999618530273,188400,31.350875854492188
2026-09-08,31.68000030517578,31.920000076293945,31.3700008392334,31.649999618530273,392000,31.60048484802246
2026-09-09,31.940000534057617,32.11000061035156,31.489999771118164,31.760000228881836,202400,31.71031379699707
2026-09-10,32.0,32.0,31.219999313354492,31.649999618530273,270700,31.60048484802246
2026-09-11,31.520000457763672,32.02000045776367,31.229999542236328,31.959999084472656,387300,31.90999984741211
2026-09-14,32.290000915527344,32.4900016784668,31.850000381469727,31.959999084472656,182400,31.90999984741211
2026-09-15,31.829999923706055,33.38999938964844,31.739999771118164,33.209999084472656,359900,33.209999084472656
2026-09-16,32.880001068115234,33.34000015258789,32.529998779296875,32.7400016784668,406700,32.7400016784668
2026-09-17,32.43000030517578,33.22999954223633,32.15999984741211,33.189998626708984,127800,33.189998626708984
2026-09-18,33.189998626708984,33.189998626708984,32.060001373291016,32.209999084472656,247900,32.209999084472656
2026-09-21,31.950000762939453,31.950000762939453,30.6299991607666,30.719999313354492,246800,30.719999313354492
2026-09-22,30.540000915527344,30.790000915527344,30.1200008392334,30.229999542236328,193800,30.229999542236328
2026-09-23,30.420000076293945,30.600000381469727,30.020000457763672,30.139999389648438,141500,30.139999389648438
2026-09-24,30.270000457763672,30.68000030517578,30.15999984741211,30.229999542236328,150500,30.229999542236328
2026-09-25,29.850000381469727,29.860000610351562,29.100000381469727,29.639999389648438,240600,29.639999389648438
2026-09-28,29.860000610351562,30.1299991607666,29.540000915527344,29.6299991607666,224900,29.6299991607666
2026-09-29,29.190000534057617,29.530000686645508,28.8799991607666,29.020000457763672,264400,29.020000457763672
2026-09-30,29.1299991607666,29.719999313354492,29.1299991607666,29.350000381469727,149000,29.350000381469727
