Date,Open,High,Low,Close,Volume,Adj_Close
2016-09-28,16.030000686645508,16.6200008392334,15.920000076293945,16.549999237060547,427800,11.58172607421875
2016-09-29,16.59000015258789,17.290000915527344,16.5,16.790000915527344,581500,11.749678611755371
2016-09-30,16.739999771118164,16.809999465942383,16.649999618530273,16.649999618530273,306200,11.651704788208008
2016-10-03,16.690000534057617,16.75,16.450000762939453,16.65999984741211,366800,11.658703804016113
2016-10-04,16.6299991607666,16.729999542236328,16.219999313354492,16.389999389648438,383600,11.469758987426758
2016-10-05,16.670000076293945,17.25,16.65999984741211,17.200000762939453,500200,12.036599159240723
2016-10-06,17.200000762939453,17.200000762939453,16.989999771118164,17.059999465942383,210000,11.938626289367676
2016-10-07,17.079999923706055,17.1299991607666,16.709999084472656,16.8700008392334,183400,11.8056640625
2016-10-11,16.969999313354492,17.170000076293945,16.739999771118164,16.979999542236328,294700,11.88263988494873
2016-10-12,16.600000381469727,17.0,16.600000381469727,16.829999923706055,232400,11.777669906616211
2016-10-13,16.719999313354492,16.899999618530273,16.530000686645508,16.790000915527344,186700,11.749678611755371
2016-10-14,16.809999465942383,16.959999084472656,16.690000534057617,16.920000076293945,116200,11.840654373168945
2016-10-17,16.889999389648438,17.229999542236328,16.889999389648438,17.020000457763672,202300,11.910633087158203
2016-10-18,17.1299991607666,17.260000228881836,16.959999084472656,16.979999542236328,261300,11.88263988494873
2016-10-19,17.170000076293945,17.940000534057617,17.170000076293945,17.68000030517578,326200,12.372498512268066
2016-10-20,17.56999969482422,17.56999969482422,16.989999771118164,17.149999618530273,294700,12.001604080200195
2016-10-21,17.139999389648438,17.190000534057617,16.959999084472656,16.989999771118164,151600,11.889638900756836
2016-10-24,16.989999771118164,16.989999771118164,16.459999084472656,16.489999771118164,390600,11.539735794067383
2016-10-25,16.549999237060547,16.65999984741211,16.25,16.31999969482422,341800,11.420771598815918
2016-10-26,16.100000381469727,16.40999984741211,15.899999618530273,16.09000015258789,358800,11.259818077087402
2016-10-27,16.229999542236328,16.229999542236328,15.880000114440918,15.9399995803833,162400,11.154847145080566
2016-10-28,15.890000343322754,16.139999389648438,15.649999618530273,15.8100004196167,137700,11.063873291015625
2016-10-31,15.649999618530273,15.649999618530273,15.279999732971191,15.430000305175781,240500,10.797947883605957
2016-11-01,15.630000114440918,15.720000267028809,15.430000305175781,15.699999809265137,335700,10.986894607543945
2016-11-02,15.5,15.600000381469727,15.34000015258789,15.449999809265137,252600,10.811943054199219
2016-11-03,15.479999542236328,15.619999885559082,15.300000190734863,15.40999984741211,150700,10.783953666687012
2016-11-04,15.270000457763672,15.3100004196167,14.859999656677246,15.15999984741211,353500,10.608999252319336
2016-11-07,15.470000267028809,15.479999542236328,15.079999923706055,15.239999771118164,139300,10.664985656738281
2016-11-08,15.199999809265137,15.289999961853027,14.979999542236328,15.039999961853027,161200,10.525025367736816
2016-11-09,15.039999961853027,15.609999656677246,15.010000228881836,15.550000190734863,885400,10.881922721862793
2016-11-10,15.6899995803833,15.710000038146973,15.449999809265137,15.670000076293945,217900,10.965899467468262
2016-11-11,15.550000190734863,15.920000076293945,15.170000076293945,15.65999984741211,361100,10.958902359008789
2016-11-14,15.609999656677246,16.0,15.5,15.899999618530273,205000,11.126853942871094
2016-11-15,16.260000228881836,16.920000076293945,16.139999389648438,16.399999618530273,268400,11.476757049560547
2016-11-16,16.290000915527344,16.559999465942383,16.15999984741211,16.239999771118164,382900,11.364788055419922
2016-11-17,16.399999618530273,16.600000381469727,16.149999618530273,16.229999542236328,463600,11.357789039611816
2016-11-18,16.31999969482422,16.6200008392334,16.31999969482422,16.579999923706055,281100,11.602720260620117
2016-11-21,16.989999771118164,17.09000015258789,16.6200008392334,16.770000457763672,518400,11.735681533813477
2016-11-22,16.760000228881836,16.989999771118164,16.600000381469727,16.93000030517578,250700,11.847649574279785
2016-11-23,16.90999984741211,17.15999984741211,16.600000381469727,17.049999237060547,511500,11.931625366210938
2016-11-24,16.920000076293945,17.25,16.920000076293945,17.010000228881836,62900,11.90363597869873
2016-11-25,17.0,17.200000762939453,16.899999618530273,16.899999618530273,295900,11.82665729522705
2016-11-28,17.020000457763672,17.020000457763672,16.489999771118164,16.510000228881836,186900,11.553733825683594
2016-11-29,16.149999618530273,16.350000381469727,15.739999771118164,15.8100004196167,543200,11.063873291015625
2016-11-30,16.829999923706055,17.790000915527344,16.75,17.540000915527344,722600,12.274532318115234
2016-12-01,17.700000762939453,18.219999313354492,17.43000030517578,17.469999313354492,505100,12.225545883178711
2016-12-02,17.5,18.040000915527344,17.299999237060547,17.399999618530273,496100,12.176560401916504
2016-12-05,17.520000457763672,17.889999389648438,17.5,17.649999618530273,160200,12.351507186889648
2016-12-06,17.25,17.43000030517578,17.020000457763672,17.229999542236328,338700,12.057591438293457
2016-12-07,17.1299991607666,17.34000015258789,16.780000686645508,16.81999969482422,273600,11.770672798156738
2016-12-08,16.8799991607666,17.0,16.450000762939453,16.729999542236328,734100,11.707691192626953
2016-12-09,16.850000381469727,16.8700008392334,16.6299991607666,16.670000076293945,160600,11.665703773498535
2016-12-12,17.440000534057617,17.469999313354492,16.829999923706055,16.8700008392334,352400,11.8056640625
2016-12-13,17.0,17.110000610351562,16.770000457763672,17.040000915527344,244500,11.924628257751465
2016-12-14,16.979999542236328,17.040000915527344,16.639999389648438,16.700000762939453,433700,11.686697006225586
2016-12-15,16.56999969482422,16.920000076293945,16.469999313354492,16.770000457763672,408600,11.735681533813477
2016-12-16,16.889999389648438,17.25,16.860000610351562,17.190000534057617,340200,12.029601097106934
2016-12-19,17.200000762939453,17.489999771118164,17.030000686645508,17.239999771118164,207100,12.064590454101562
2016-12-20,17.350000381469727,17.399999618530273,17.1299991607666,17.200000762939453,147500,12.036599159240723
2016-12-21,17.31999969482422,17.489999771118164,17.170000076293945,17.270000457763672,371500,12.085585594177246
2016-12-22,17.329999923706055,17.399999618530273,17.100000381469727,17.149999618530273,104100,12.001604080200195
2016-12-23,17.25,17.25,16.719999313354492,16.90999984741211,169600,11.83365249633789
2016-12-28,17.0,17.270000457763672,16.809999465942383,16.969999313354492,229700,11.875642776489258
2016-12-29,16.959999084472656,16.959999084472656,16.75,16.81999969482422,136900,11.770672798156738
2016-12-30,16.809999465942383,17.200000762939453,16.809999465942383,16.899999618530273,224500,11.82665729522705
2017-01-03,17.200000762939453,17.3700008392334,16.81999969482422,17.1200008392334,278100,11.980615615844727
2017-01-04,17.110000610351562,17.600000381469727,17.110000610351562,17.59000015258789,425500,12.309521675109863
2017-01-05,17.719999313354492,17.729999542236328,17.190000534057617,17.280000686645508,210400,12.09257984161377
2017-01-06,17.43000030517578,17.479999542236328,17.030000686645508,17.18000030517578,212400,12.022603988647461
2017-01-09,17.09000015258789,17.110000610351562,16.709999084472656,16.850000381469727,192200,11.791665077209473
2017-01-10,16.799999237060547,16.799999237060547,16.100000381469727,16.15999984741211,402300,11.308802604675293
2017-01-11,16.270000457763672,16.350000381469727,16.040000915527344,16.209999084472656,305100,11.343792915344238
2017-01-12,16.360000610351562,16.360000610351562,15.800000190734863,15.880000114440918,423700,11.112857818603516
2017-01-13,15.84000015258789,15.859999656677246,15.479999542236328,15.510000228881836,454100,10.853933334350586
2017-01-16,15.5,15.5600004196167,15.260000228881836,15.380000114440918,120200,10.762958526611328
2017-01-17,15.319999694824219,15.529999732971191,15.319999694824219,15.380000114440918,254100,10.762958526611328
2017-01-18,15.1899995803833,15.1899995803833,14.970000267028809,15.010000228881836,321800,10.50403118133545
2017-01-19,15.0600004196167,15.119999885559082,14.779999732971191,14.789999961853027,527400,10.350075721740723
2017-01-20,14.949999809265137,15.220000267028809,14.9399995803833,15.149999618530273,505100,10.602004051208496
2017-01-23,15.180000305175781,15.180000305175781,14.640000343322754,14.699999809265137,253100,10.287091255187988
2017-01-24,14.800000190734863,15.630000114440918,14.789999961853027,15.5600004196167,721200,10.88891887664795
2017-01-25,15.760000228881836,15.899999618530273,15.5,15.579999923706055,343400,10.902918815612793
2017-01-26,15.710000038146973,16.200000762939453,15.619999885559082,15.670000076293945,1126100,10.965899467468262
2017-01-27,15.789999961853027,15.800000190734863,15.489999771118164,15.579999923706055,672300,10.902918815612793
2017-01-30,15.619999885559082,15.619999885559082,14.890000343322754,15.079999923706055,440300,10.553017616271973
2017-01-31,15.109999656677246,15.279999732971191,15.09000015258789,15.140000343322754,488000,10.595004081726074
2017-02-01,15.229999542236328,15.529999732971191,15.199999809265137,15.430000305175781,400300,10.797947883605957
2017-02-02,15.59000015258789,15.859999656677246,15.449999809265137,15.699999809265137,424700,10.986894607543945
2017-02-03,15.75,16.010000228881836,15.630000114440918,15.819999694824219,440100,11.070869445800781
2017-02-06,15.75,15.960000038146973,15.449999809265137,15.579999923706055,475700,10.902918815612793
2017-02-07,16.350000381469727,16.899999618530273,16.059999465942383,16.059999465942383,1145400,11.238821029663086
2017-02-08,15.989999771118164,16.209999084472656,15.84000015258789,15.920000076293945,522700,11.140851020812988
2017-02-09,16.100000381469727,16.399999618530273,16.059999465942383,16.200000762939453,524200,11.336795806884766
2017-02-10,16.3799991607666,16.920000076293945,16.3799991607666,16.610000610351562,827000,11.623713493347168
2017-02-13,16.6200008392334,16.81999969482422,16.440000534057617,16.780000686645508,597000,11.742680549621582
2017-02-14,16.850000381469727,17.09000015258789,16.829999923706055,17.030000686645508,612500,11.91762924194336
2017-02-15,17.040000915527344,17.25,16.920000076293945,17.059999465942383,277300,11.938626289367676
2017-02-16,17.049999237060547,17.110000610351562,16.8700008392334,17.06999969482422,357500,11.945624351501465
2017-02-17,17.010000228881836,17.360000610351562,16.950000762939453,16.969999313354492,584600,11.875642776489258
2017-02-21,17.040000915527344,17.309999465942383,17.0,17.219999313354492,314200,12.050592422485352
2017-02-22,17.049999237060547,17.149999618530273,16.450000762939453,16.5,300700,11.546735763549805
2017-02-23,16.690000534057617,17.09000015258789,16.450000762939453,16.530000686645508,261000,11.567730903625488
2017-02-24,16.420000076293945,16.420000076293945,16.06999969482422,16.149999618530273,224800,11.30180549621582
2017-02-27,16.25,16.309999465942383,16.079999923706055,16.149999618530273,322300,11.30180549621582
2017-02-28,16.0,16.030000686645508,15.760000228881836,15.819999694824219,250600,11.070869445800781
2017-03-01,15.890000343322754,16.079999923706055,15.890000343322754,16.049999237060547,271200,11.231823921203613
2017-03-02,15.930000305175781,17.229999542236328,15.930000305175781,16.600000381469727,588500,11.616716384887695
2017-03-03,16.799999237060547,16.979999542236328,16.559999465942383,16.829999923706055,375900,11.777669906616211
2017-03-06,16.93000030517578,16.969999313354492,16.649999618530273,16.8799991607666,265900,11.812661170959473
2017-03-07,16.90999984741211,17.010000228881836,16.75,16.90999984741211,118800,11.83365249633789
2017-03-08,16.899999618530273,16.899999618530273,15.989999771118164,16.020000457763672,653000,11.210829734802246
2017-03-09,16.0,16.0,15.329999923706055,15.600000381469727,687800,10.916913986206055
2017-03-10,15.930000305175781,15.949999809265137,15.649999618530273,15.720000267028809,483700,11.000889778137207
2017-03-13,15.739999771118164,16.0,15.600000381469727,15.890000343322754,368600,11.119854927062988
2017-03-14,15.65999984741211,15.65999984741211,15.069999694824219,15.239999771118164,524200,10.664985656738281
2017-03-15,15.619999885559082,16.360000610351562,15.529999732971191,16.350000381469727,774900,11.441764831542969
2017-03-16,16.459999084472656,16.459999084472656,16.030000686645508,16.209999084472656,204100,11.343792915344238
2017-03-17,16.200000762939453,16.350000381469727,16.010000228881836,16.030000686645508,197500,11.217830657958984
2017-03-20,15.829999923706055,16.06999969482422,15.6899995803833,15.829999923706055,237100,11.077869415283203
2017-03-21,15.920000076293945,16.040000915527344,15.399999618530273,15.479999542236328,483000,10.832939147949219
2017-03-22,15.3100004196167,15.470000267028809,14.989999771118164,15.449999809265137,488200,10.811943054199219
2017-03-23,15.399999618530273,15.760000228881836,15.300000190734863,15.640000343322754,175200,10.944907188415527
2017-03-24,15.710000038146973,15.720000267028809,15.34000015258789,15.460000038146973,190000,10.818941116333008
2017-03-27,15.3100004196167,16.0,15.1899995803833,15.899999618530273,370100,11.126853942871094
2017-03-28,16.1299991607666,16.59000015258789,16.079999923706055,16.540000915527344,410800,11.574728012084961
2017-03-29,16.5,17.0,16.299999237060547,16.829999923706055,509200,11.777669906616211
2017-03-30,16.979999542236328,17.149999618530273,16.68000030517578,16.889999389648438,422500,11.819658279418945
2017-03-31,16.700000762939453,16.969999313354492,16.65999984741211,16.950000762939453,264300,11.861644744873047
2017-04-03,16.969999313354492,17.239999771118164,16.950000762939453,17.020000457763672,316200,11.910633087158203
2017-04-04,17.1299991607666,17.440000534057617,16.940000534057617,17.3700008392334,246100,12.155563354492188
2017-04-05,17.5,17.950000762939453,17.450000762939453,17.489999771118164,582500,12.239538192749023
2017-04-06,17.770000457763672,17.790000915527344,17.510000228881836,17.56999969482422,164000,12.295524597167969
2017-04-07,17.600000381469727,17.729999542236328,17.520000457763672,17.559999465942383,151800,12.28852653503418
2017-04-10,17.6299991607666,18.0,17.6299991607666,17.920000076293945,276700,12.540453910827637
2017-04-11,17.950000762939453,18.0,17.68000030517578,17.889999389648438,290800,12.519460678100586
2017-04-12,17.950000762939453,18.18000030517578,17.850000381469727,17.989999771118164,522800,12.58944320678711
2017-04-13,17.940000534057617,18.049999237060547,17.459999084472656,17.549999237060547,209000,12.281527519226074
2017-04-17,17.6200008392334,17.81999969482422,17.420000076293945,17.780000686645508,183800,12.442483901977539
2017-04-18,17.649999618530273,17.90999984741211,17.530000686645508,17.700000762939453,171000,12.386500358581543
2017-04-19,17.719999313354492,17.920000076293945,17.260000228881836,17.290000915527344,299900,12.099580764770508
2017-04-20,17.3700008392334,17.540000915527344,17.110000610351562,17.149999618530273,245300,12.001604080200195
2017-04-21,17.149999618530273,17.3700008392334,17.0,17.239999771118164,227800,12.064590454101562
2017-04-24,17.43000030517578,17.459999084472656,17.030000686645508,17.1299991607666,217800,11.98760986328125
2017-04-25,17.18000030517578,17.399999618530273,16.989999771118164,17.3700008392334,240000,12.155563354492188
2017-04-26,17.239999771118164,17.510000228881836,17.139999389648438,17.139999389648438,129000,11.994608879089355
2017-04-27,16.979999542236328,16.979999542236328,16.450000762939453,16.799999237060547,328800,11.75667667388916
2017-04-28,16.899999618530273,17.09000015258789,16.799999237060547,16.950000762939453,230700,11.861644744873047
2017-05-01,16.889999389648438,16.950000762939453,16.6200008392334,16.700000762939453,172100,11.686697006225586
2017-05-02,16.600000381469727,16.700000762939453,16.3799991607666,16.459999084472656,195200,11.518743515014648
2017-05-03,16.450000762939453,16.540000915527344,16.350000381469727,16.489999771118164,168300,11.539735794067383
2017-05-04,16.31999969482422,16.31999969482422,15.529999732971191,15.770000457763672,442800,11.035880088806152
2017-05-05,15.760000228881836,16.200000762939453,15.760000228881836,16.139999389648438,212400,11.294809341430664
2017-05-08,16.09000015258789,16.399999618530273,16.049999237060547,16.3799991607666,209700,11.462759017944336
2017-05-09,16.43000030517578,16.510000228881836,15.970000267028809,16.040000915527344,227200,11.224830627441406
2017-05-10,16.25,16.6200008392334,16.18000030517578,16.579999923706055,268700,11.602720260620117
2017-05-11,17.149999618530273,17.59000015258789,16.899999618530273,17.280000686645508,647600,12.09257984161377
2017-05-12,17.5,17.549999237060547,17.15999984741211,17.280000686645508,288300,12.09257984161377
2017-05-15,17.3799991607666,17.770000457763672,17.31999969482422,17.510000228881836,346500,12.25353717803955
2017-05-16,17.600000381469727,17.600000381469727,16.90999984741211,17.030000686645508,401500,11.91762924194336
2017-05-17,17.010000228881836,17.190000534057617,16.889999389648438,16.90999984741211,340100,11.83365249633789
2017-05-18,16.81999969482422,17.1200008392334,16.5,16.799999237060547,287700,11.75667667388916
2017-05-19,17.0,17.229999542236328,16.920000076293945,17.170000076293945,314300,12.015603065490723
2017-05-23,17.31999969482422,17.34000015258789,17.200000762939453,17.239999771118164,124400,12.064590454101562
2017-05-24,17.200000762939453,17.3700008392334,16.770000457763672,17.020000457763672,173000,11.910633087158203
2017-05-25,16.899999618530273,17.100000381469727,16.290000915527344,16.459999084472656,286100,11.518743515014648
2017-05-26,16.510000228881836,16.780000686645508,16.3700008392334,16.670000076293945,200900,11.665703773498535
2017-05-29,16.709999084472656,16.739999771118164,16.540000915527344,16.540000915527344,20800,11.574728012084961
2017-05-30,16.450000762939453,16.510000228881836,16.260000228881836,16.290000915527344,143000,11.39977741241455
2017-05-31,15.949999809265137,16.260000228881836,15.850000381469727,16.209999084472656,266000,11.343792915344238
2017-06-01,16.219999313354492,16.59000015258789,16.139999389648438,16.549999237060547,177500,11.58172607421875
2017-06-02,16.459999084472656,16.459999084472656,15.789999961853027,15.970000267028809,228900,11.175841331481934
2017-06-05,15.850000381469727,16.079999923706055,15.75,16.020000457763672,316200,11.210829734802246
2017-06-06,15.90999984741211,16.239999771118164,15.90999984741211,16.139999389648438,154900,11.294809341430664
2017-06-07,16.0,16.209999084472656,15.3100004196167,15.34000015258789,310900,10.734966278076172
2017-06-08,15.239999771118164,15.5600004196167,15.100000381469727,15.369999885559082,263100,10.755961418151855
2017-06-09,15.390000343322754,15.5600004196167,15.350000381469727,15.5,137200,10.846933364868164
2017-06-12,15.739999771118164,15.960000038146973,15.5600004196167,15.630000114440918,143300,10.937910079956055
2017-06-13,15.670000076293945,15.680000305175781,15.300000190734863,15.569999694824219,157700,10.895920753479004
2017-06-14,15.399999618530273,15.399999618530273,14.479999542236328,14.550000190734863,529300,10.182124137878418
2017-06-15,14.420000076293945,14.75,14.229999542236328,14.300000190734863,325700,10.007168769836426
2017-06-16,14.300000190734863,14.720000267028809,14.100000381469727,14.6899995803833,483900,10.2800931930542
2017-06-19,14.65999984741211,14.770000457763672,14.4399995803833,14.4399995803833,212200,10.105144500732422
2017-06-20,14.140000343322754,14.210000038146973,13.770000457763672,13.970000267028809,321100,9.776238441467285
2017-06-21,13.970000267028809,14.329999923706055,13.600000381469727,13.880000114440918,326600,9.713253021240234
2017-06-22,14.020000457763672,14.460000038146973,13.829999923706055,14.229999542236328,1698500,9.958184242248535
2017-06-23,14.329999923706055,14.710000038146973,14.25,14.6899995803833,284900,10.2800931930542
2017-06-26,14.729999542236328,14.890000343322754,14.609999656677246,14.779999732971191,222800,10.3430757522583
2017-06-27,14.789999961853027,15.029999732971191,14.619999885559082,14.6899995803833,175700,10.2800931930542
2017-06-28,14.760000228881836,14.890000343322754,14.600000381469727,14.779999732971191,238300,10.3430757522583
2017-06-29,14.789999961853027,14.9399995803833,14.479999542236328,14.739999771118164,241000,10.315084457397461
2017-06-30,14.800000190734863,15.010000228881836,14.729999542236328,14.75,175500,10.32208251953125
2017-07-04,14.899999618530273,15.069999694824219,14.800000190734863,15.020000457763672,144500,10.511027336120605
2017-07-05,14.9399995803833,14.989999771118164,14.380000114440918,14.5600004196167,170500,10.189118385314941
2017-07-06,14.760000228881836,14.770000457763672,14.350000381469727,14.489999771118164,137700,10.140131950378418
2017-07-07,14.34000015258789,14.40999984741211,13.850000381469727,14.199999809265137,127900,9.937191009521484
2017-07-10,14.119999885559082,14.510000228881836,14.0,14.449999809265137,73300,10.112141609191895
2017-07-11,14.449999809265137,14.8100004196167,14.279999732971191,14.710000038146973,177900,10.29409122467041
2017-07-12,14.890000343322754,15.029999732971191,14.59000015258789,14.710000038146973,203000,10.29409122467041
2017-07-13,14.90999984741211,14.90999984741211,14.600000381469727,14.699999809265137,71900,10.287091255187988
2017-07-14,14.779999732971191,15.180000305175781,14.710000038146973,14.949999809265137,186800,10.462043762207031
2017-07-17,14.930000305175781,15.050000190734863,14.84000015258789,14.890000343322754,87600,10.42005443572998
2017-07-18,15.0,15.0600004196167,14.84000015258789,14.949999809265137,240000,10.462043762207031
2017-07-19,14.920000076293945,15.760000228881836,14.84000015258789,15.729999542236328,661300,11.007889747619629
2017-07-20,16.0,16.059999465942383,15.4399995803833,15.489999771118164,487900,10.839937210083008
2017-07-21,15.479999542236328,15.479999542236328,15.149999618530273,15.260000228881836,358600,10.678977966308594
2017-07-24,15.25,15.25,14.989999771118164,15.109999656677246,120400,10.574010848999023
2017-07-25,15.300000190734863,15.539999961853027,15.25,15.3100004196167,192500,10.713972091674805
2017-07-26,15.449999809265137,16.100000381469727,15.399999618530273,15.960000038146973,311900,11.168841361999512
2017-07-27,15.890000343322754,16.06999969482422,15.619999885559082,15.850000381469727,200200,11.091863632202148
2017-07-28,15.989999771118164,16.139999389648438,15.569999694824219,15.630000114440918,320100,10.937910079956055
2017-07-31,15.65999984741211,15.65999984741211,15.1899995803833,15.34000015258789,314900,10.734966278076172
2017-08-01,15.210000038146973,15.430000305175781,15.079999923706055,15.210000038146973,207400,10.643990516662598
2017-08-02,15.170000076293945,15.399999618530273,15.079999923706055,15.25,341700,10.671984672546387
2017-08-03,15.34000015258789,15.390000343322754,14.5,14.59000015258789,264000,10.210114479064941
2017-08-04,14.329999923706055,14.9399995803833,14.25,14.829999923706055,146300,10.378067970275879
2017-08-08,14.9399995803833,14.960000038146973,14.5,14.600000381469727,339000,10.217110633850098
2017-08-09,14.680000305175781,14.710000038146973,14.369999885559082,14.479999542236328,364200,10.133135795593262
2017-08-10,14.630000114440918,14.630000114440918,13.380000114440918,13.619999885559082,1151200,9.531304359436035
2017-08-11,13.640000343322754,14.09000015258789,13.600000381469727,13.850000381469727,353700,9.692258834838867
2017-08-14,13.90999984741211,13.90999984741211,13.34000015258789,13.359999656677246,217400,9.349358558654785
2017-08-15,13.119999885559082,13.5,13.079999923706055,13.210000038146973,310100,9.24438762664795
2017-08-16,13.25,13.539999961853027,13.239999771118164,13.329999923706055,458300,9.328364372253418
2017-08-17,13.3100004196167,13.460000038146973,13.100000381469727,13.1899995803833,323400,9.230389595031738
2017-08-18,13.149999618530273,13.329999923706055,13.050000190734863,13.130000114440918,837500,9.188404083251953
2017-08-21,13.010000228881836,13.199999809265137,12.869999885559082,12.920000076293945,188300,9.041444778442383
2017-08-22,12.989999771118164,13.100000381469727,12.829999923706055,12.890000343322754,238200,9.020450592041016
2017-08-23,12.890000343322754,12.979999542236328,12.729999542236328,12.899999618530273,735500,9.027447700500488
2017-08-24,12.569999694824219,12.899999618530273,12.569999694824219,12.729999542236328,213900,8.90848159790039
2017-08-25,12.760000228881836,12.850000381469727,12.550000190734863,12.770000457763672,291100,8.936473846435547
2017-08-28,12.770000457763672,12.850000381469727,12.449999809265137,12.479999542236328,306200,8.73353099822998
2017-08-29,12.210000038146973,12.479999542236328,12.1899995803833,12.4399995803833,863600,8.705537796020508
2017-08-30,12.420000076293945,12.510000228881836,12.380000114440918,12.40999984741211,423600,8.684548377990723
2017-08-31,12.539999961853027,12.90999984741211,12.479999542236328,12.869999885559082,358900,9.006454467773438
2017-09-01,12.880000114440918,12.880000114440918,12.630000114440918,12.84000015258789,757300,8.98546028137207
2017-09-05,13.050000190734863,13.130000114440918,12.949999809265137,13.050000190734863,372600,9.132418632507324
2017-09-06,13.140000343322754,13.5,13.140000343322754,13.270000457763672,478100,9.286375045776367
2017-09-07,13.260000228881836,13.479999542236328,13.170000076293945,13.279999732971191,564700,9.29337215423584
2017-09-08,13.25,13.34000015258789,12.920000076293945,13.0600004196167,861900,9.139416694641113
2017-09-11,13.09000015258789,13.449999809265137,13.09000015258789,13.390000343322754,441400,9.37035083770752
2017-09-12,13.380000114440918,13.6899995803833,13.359999656677246,13.680000305175781,248400,9.573294639587402
2017-09-13,13.6899995803833,14.010000228881836,13.6899995803833,13.949999809265137,406200,9.762239456176758
2017-09-14,14.0600004196167,14.649999618530273,14.050000190734863,14.279999732971191,853900,9.993175506591797
2017-09-15,14.390000343322754,14.449999809265137,13.989999771118164,14.229999542236328,913300,9.958184242248535
2017-09-18,14.09000015258789,14.270000457763672,14.050000190734863,14.1899995803833,214800,9.930192947387695
2017-09-19,14.3100004196167,14.399999618530273,14.050000190734863,14.100000381469727,276700,9.867212295532227
2017-09-20,14.180000305175781,14.670000076293945,14.079999923706055,14.619999885559082,659500,10.231106758117676
2017-09-21,14.5,14.949999809265137,14.479999542236328,14.859999656677246,386200,10.39905834197998
2017-09-22,14.800000190734863,15.069999694824219,14.630000114440918,14.84000015258789,991800,10.385065078735352
2017-09-25,15.0,15.579999923706055,15.0,15.520000457763672,1032200,10.860929489135742
2017-09-26,15.369999885559082,15.850000381469727,15.199999809265137,15.649999618530273,978300,10.951902389526367
2017-09-27,15.640000343322754,15.65999984741211,14.880000114440918,15.199999809265137,912000,10.636992454528809
2017-09-28,15.319999694824219,15.430000305175781,14.979999542236328,15.039999961853027,583500,10.525025367736816
2017-09-29,15.020000457763672,15.300000190734863,14.84000015258789,15.050000190734863,648900,10.532024383544922
2017-10-02,14.84000015258789,15.180000305175781,14.640000343322754,15.15999984741211,549000,10.608999252319336
2017-10-03,15.119999885559082,15.4399995803833,15.100000381469727,15.319999694824219,328200,10.720968246459961
2017-10-04,15.3100004196167,15.539999961853027,15.140000343322754,15.319999694824219,565600,10.720968246459961
2017-10-05,15.420000076293945,15.819999694824219,15.40999984741211,15.800000190734863,462700,11.056875228881836
2017-10-06,15.539999961853027,15.649999618530273,15.420000076293945,15.520000457763672,457900,10.860929489135742
2017-10-10,15.630000114440918,15.890000343322754,15.630000114440918,15.739999771118164,280800,11.014885902404785
2017-10-11,15.739999771118164,15.989999771118164,15.699999809265137,15.90999984741211,577800,11.1338529586792
2017-10-12,16.0,16.0,15.380000114440918,15.720000267028809,651400,11.000889778137207
2017-10-13,15.699999809265137,16.18000030517578,15.699999809265137,15.850000381469727,589300,11.091863632202148
2017-10-16,15.989999771118164,16.219999313354492,15.989999771118164,16.200000762939453,490900,11.336795806884766
2017-10-17,16.200000762939453,16.200000762939453,15.859999656677246,15.970000267028809,459200,11.175841331481934
2017-10-18,16.030000686645508,16.110000610351562,15.779999732971191,15.8100004196167,361300,11.063873291015625
2017-10-19,15.609999656677246,15.75,15.329999923706055,15.40999984741211,506900,10.783953666687012
2017-10-20,15.350000381469727,15.579999923706055,15.34000015258789,15.529999732971191,285800,10.867927551269531
2017-10-23,15.5600004196167,15.729999542236328,15.5,15.609999656677246,170900,10.92391300201416
2017-10-24,15.6899995803833,15.930000305175781,15.6899995803833,15.800000190734863,263200,11.056875228881836
2017-10-25,15.720000267028809,15.930000305175781,15.5600004196167,15.899999618530273,579000,11.126853942871094
2017-10-26,15.859999656677246,15.920000076293945,15.649999618530273,15.850000381469727,182000,11.091863632202148
2017-10-27,15.75,16.420000076293945,15.579999923706055,16.3799991607666,510100,11.462759017944336
2017-10-30,16.489999771118164,17.049999237060547,16.489999771118164,16.799999237060547,497200,11.75667667388916
2017-10-31,16.809999465942383,17.25,16.770000457763672,17.15999984741211,282000,12.00860595703125
2017-11-01,17.350000381469727,17.829999923706055,17.09000015258789,17.360000610351562,665400,12.148566246032715
2017-11-02,17.3799991607666,17.450000762939453,16.790000915527344,17.049999237060547,431300,11.931625366210938
2017-11-03,17.09000015258789,17.239999771118164,16.940000534057617,17.170000076293945,490100,12.015603065490723
2017-11-06,17.270000457763672,17.780000686645508,17.270000457763672,17.709999084472656,290700,12.3934965133667
2017-11-07,17.719999313354492,17.770000457763672,17.350000381469727,17.559999465942383,294700,12.28852653503418
2017-11-08,17.65999984741211,18.450000762939453,17.65999984741211,18.350000381469727,1006900,12.841367721557617
2017-11-09,18.270000457763672,18.270000457763672,17.8700008392334,17.979999542236328,479500,12.582440376281738
2017-11-10,17.979999542236328,18.049999237060547,17.649999618530273,17.780000686645508,375200,12.442483901977539
2017-11-13,17.790000915527344,17.979999542236328,17.59000015258789,17.600000381469727,213400,12.316518783569336
2017-11-14,17.469999313354492,17.540000915527344,16.93000030517578,16.93000030517578,320200,11.847649574279785
2017-11-15,16.809999465942383,17.219999313354492,16.479999542236328,16.850000381469727,456600,11.791665077209473
2017-11-16,16.90999984741211,16.90999984741211,16.729999542236328,16.75,176100,11.721689224243164
2017-11-17,16.959999084472656,17.18000030517578,16.799999237060547,16.8700008392334,166800,11.8056640625
2017-11-20,16.770000457763672,16.790000915527344,16.420000076293945,16.459999084472656,214900,11.518743515014648
2017-11-21,16.520000457763672,16.799999237060547,16.3700008392334,16.440000534057617,169700,11.50474739074707
2017-11-22,16.690000534057617,16.809999465942383,16.34000015258789,16.360000610351562,386100,11.448763847351074
2017-11-23,16.399999618530273,16.600000381469727,16.399999618530273,16.530000686645508,235700,11.567730903625488
2017-11-24,16.600000381469727,17.06999969482422,16.600000381469727,16.770000457763672,362800,11.735681533813477
2017-11-27,16.889999389648438,16.889999389648438,16.350000381469727,16.389999389648438,297100,11.469758987426758
2017-11-28,16.43000030517578,16.450000762939453,16.309999465942383,16.329999923706055,230300,11.427770614624023
2017-11-29,16.389999389648438,16.729999542236328,16.350000381469727,16.670000076293945,680500,11.665703773498535
2017-11-30,16.790000915527344,17.280000686645508,16.790000915527344,17.239999771118164,535300,12.064590454101562
2017-12-01,17.5,17.8799991607666,17.139999389648438,17.190000534057617,561500,12.029601097106934
2017-12-04,17.1200008392334,17.3799991607666,16.8799991607666,16.889999389648438,249200,11.819658279418945
2017-12-05,16.889999389648438,17.09000015258789,16.81999969482422,16.899999618530273,250900,11.82665729522705
2017-12-06,16.780000686645508,16.829999923706055,16.209999084472656,16.25,302300,11.371784210205078
2017-12-07,16.34000015258789,16.43000030517578,15.9399995803833,15.989999771118164,460300,11.189834594726562
2017-12-08,16.280000686645508,16.469999313354492,16.149999618530273,16.25,529400,11.371784210205078
2017-12-11,16.350000381469727,16.559999465942383,16.25,16.530000686645508,335700,11.567730903625488
2017-12-12,16.68000030517578,16.809999465942383,16.479999542236328,16.510000228881836,314000,11.553733825683594
2017-12-13,16.540000915527344,16.90999984741211,16.459999084472656,16.81999969482422,414800,11.770672798156738
2017-12-14,16.700000762939453,16.959999084472656,16.420000076293945,16.479999542236328,333200,11.532740592956543
2017-12-15,16.600000381469727,16.6200008392334,16.239999771118164,16.299999237060547,695400,11.40677547454834
2017-12-18,16.459999084472656,16.690000534057617,16.34000015258789,16.43000030517578,273500,11.497751235961914
2017-12-19,16.549999237060547,16.649999618530273,16.3799991607666,16.40999984741211,425000,11.48375415802002
2017-12-20,16.469999313354492,17.43000030517578,16.43000030517578,17.360000610351562,591800,12.148566246032715
2017-12-21,17.290000915527344,17.719999313354492,17.149999618530273,17.6200008392334,1755800,12.330514907836914
2017-12-22,17.700000762939453,17.860000610351562,17.18000030517578,17.6299991607666,238900,12.33751106262207
2017-12-27,17.899999618530273,17.899999618530273,17.440000534057617,17.549999237060547,220600,12.281527519226074
2017-12-28,17.6200008392334,18.219999313354492,17.6200008392334,18.170000076293945,255600,12.715404510498047
2017-12-29,18.170000076293945,18.229999542236328,17.829999923706055,18.15999984741211,304500,12.708407402038574
2018-01-02,18.309999465942383,18.649999618530273,17.950000762939453,18.610000610351562,261000,13.023316383361816
2018-01-03,18.68000030517578,19.1200008392334,18.489999771118164,19.010000228881836,533600,13.303237915039062
2018-01-04,19.0,19.15999984741211,18.739999771118164,18.8799991607666,350500,13.212264060974121
2018-01-05,18.729999542236328,19.020000457763672,18.520000457763672,18.610000610351562,419500,13.023316383361816
2018-01-08,18.579999923706055,18.579999923706055,18.329999923706055,18.5,394500,12.946341514587402
2018-01-09,18.600000381469727,18.950000762939453,18.56999969482422,18.579999923706055,529100,13.002324104309082
2018-01-10,18.790000915527344,18.950000762939453,18.469999313354492,18.510000228881836,340400,12.953339576721191
2018-01-11,18.6299991607666,19.09000015258789,18.56999969482422,18.979999542236328,439200,13.282243728637695
2018-01-12,19.010000228881836,19.34000015258789,18.979999542236328,19.209999084472656,278900,13.443196296691895
2018-01-15,19.25,19.489999771118164,19.170000076293945,19.40999984741211,560400,13.583162307739258
2018-01-16,19.399999618530273,19.5,18.790000915527344,18.889999389648438,1144800,13.21926212310791
2018-01-17,18.899999618530273,19.100000381469727,18.450000762939453,19.020000457763672,510000,13.310236930847168
2018-01-18,18.959999084472656,19.15999984741211,18.780000686645508,19.049999237060547,435400,13.331231117248535
2018-01-19,18.899999618530273,18.920000076293945,18.579999923706055,18.809999465942383,752000,13.163278579711914
2018-01-22,18.780000686645508,19.040000915527344,18.559999465942383,19.020000457763672,604600,13.310236930847168
2018-01-23,19.049999237060547,19.299999237060547,18.850000381469727,19.139999389648438,605900,13.394213676452637
2018-01-24,19.190000534057617,19.360000610351562,18.93000030517578,19.329999923706055,307500,13.527177810668945
2018-01-25,19.479999542236328,19.860000610351562,19.139999389648438,19.15999984741211,367700,13.408206939697266
2018-01-26,19.34000015258789,19.440000534057617,19.149999618530273,19.299999237060547,184000,13.506182670593262
2018-01-29,19.260000228881836,19.459999084472656,19.0,19.1299991607666,303700,13.387215614318848
2018-01-30,18.760000228881836,19.1200008392334,18.3700008392334,18.729999542236328,449700,13.107294082641602
2018-01-31,18.729999542236328,18.850000381469727,18.239999771118164,18.3700008392334,273700,12.855366706848145
2018-02-01,18.68000030517578,18.709999084472656,18.450000762939453,18.520000457763672,904200,12.960336685180664
2018-02-02,18.290000915527344,18.479999542236328,17.920000076293945,18.260000228881836,344000,12.778388977050781
2018-02-05,17.90999984741211,18.649999618530273,17.639999389648438,18.56999969482422,508400,12.99532699584961
2018-02-06,18.3799991607666,18.8700008392334,18.110000610351562,18.530000686645508,843100,12.967334747314453
2018-02-07,18.600000381469727,18.600000381469727,17.40999984741211,17.559999465942383,877000,12.28852653503418
2018-02-08,17.600000381469727,17.920000076293945,17.5,17.610000610351562,1067300,12.323515892028809
2018-02-09,17.780000686645508,17.84000015258789,16.81999969482422,17.079999923706055,905100,11.952621459960938
2018-02-12,17.25,17.989999771118164,17.25,17.8700008392334,531700,12.50546932220459
2018-02-13,17.6200008392334,17.889999389648438,17.329999923706055,17.469999313354492,395100,12.225545883178711
2018-02-14,17.290000915527344,17.950000762939453,17.290000915527344,17.799999237060547,758900,12.4564790725708
2018-02-15,17.75,18.170000076293945,17.450000762939453,18.0,385900,12.596441268920898
2018-02-16,17.979999542236328,18.110000610351562,17.709999084472656,18.0,401600,12.596441268920898
2018-02-20,18.1200008392334,18.549999237060547,17.959999084472656,18.34000015258789,351500,12.834370613098145
2018-02-21,18.280000686645508,18.81999969482422,18.270000457763672,18.3700008392334,839600,12.855366706848145
2018-02-22,18.5,19.149999618530273,18.469999313354492,18.649999618530273,473200,13.051312446594238
2018-02-23,18.690000534057617,19.149999618530273,18.6299991607666,19.059999465942383,329900,13.338226318359375
2018-02-26,19.1299991607666,19.280000686645508,18.8700008392334,18.899999618530273,283600,13.226261138916016
2018-02-27,18.81999969482422,19.06999969482422,18.450000762939453,18.489999771118164,318700,12.939342498779297
2018-02-28,18.59000015258789,18.719999313354492,17.860000610351562,17.889999389648438,516300,12.519460678100586
2018-03-01,17.8700008392334,18.350000381469727,17.770000457763672,18.040000915527344,337700,12.624432563781738
2018-03-02,17.899999618530273,18.329999923706055,17.719999313354492,18.239999771118164,267600,12.764391899108887
2018-03-05,18.479999542236328,18.530000686645508,18.149999618530273,18.260000228881836,351800,12.778388977050781
2018-03-06,18.850000381469727,19.40999984741211,18.760000228881836,18.850000381469727,797200,13.19127082824707
2018-03-07,18.600000381469727,18.850000381469727,18.0,18.309999465942383,671300,12.813377380371094
2018-03-08,18.34000015258789,18.5,17.959999084472656,18.190000534057617,298900,12.729401588439941
2018-03-09,18.350000381469727,18.3700008392334,17.850000381469727,17.920000076293945,603600,12.540453910827637
2018-03-12,17.899999618530273,18.06999969482422,17.6200008392334,17.940000534057617,510900,12.554450035095215
2018-03-13,17.889999389648438,18.0,17.81999969482422,17.8700008392334,384100,12.50546932220459
2018-03-14,17.969999313354492,17.969999313354492,17.690000534057617,17.75,393700,12.421486854553223
2018-03-15,17.850000381469727,18.010000228881836,17.770000457763672,17.940000534057617,431300,12.554450035095215
2018-03-16,17.950000762939453,18.190000534057617,17.84000015258789,18.0,1036200,12.596441268920898
2018-03-19,17.959999084472656,18.1200008392334,17.6200008392334,17.68000030517578,360500,12.372498512268066
2018-03-20,17.530000686645508,18.329999923706055,17.530000686645508,18.239999771118164,1895600,12.764391899108887
2018-03-21,18.3700008392334,18.770000457763672,18.3700008392334,18.5,1653700,12.946341514587402
2018-03-22,18.299999237060547,18.639999389648438,18.299999237060547,18.43000030517578,720400,12.897356033325195
2018-03-23,18.600000381469727,19.0,18.530000686645508,18.530000686645508,589400,12.967334747314453
2018-03-26,18.670000076293945,18.920000076293945,18.200000762939453,18.399999618530273,667900,12.876359939575195
2018-03-27,18.530000686645508,18.799999237060547,18.25,18.280000686645508,581500,12.79238224029541
2018-03-28,18.270000457763672,18.290000915527344,17.81999969482422,17.950000762939453,519200,12.561447143554688
2018-03-29,17.920000076293945,18.389999389648438,17.920000076293945,18.1200008392334,487000,12.680415153503418
2018-04-02,18.020000457763672,18.1200008392334,17.520000457763672,17.670000076293945,456100,12.365509033203125
2018-04-03,17.75,18.270000457763672,17.75,18.040000915527344,571800,12.624432563781738
2018-04-04,17.760000228881836,18.1200008392334,17.6299991607666,18.1200008392334,326700,12.680415153503418
2018-04-05,18.09000015258789,18.719999313354492,17.90999984741211,18.469999313354492,498000,12.925345420837402
2018-04-06,18.34000015258789,18.81999969482422,18.190000534057617,18.40999984741211,410300,12.883355140686035
2018-04-09,18.670000076293945,18.969999313354492,18.440000534057617,18.579999923706055,381400,13.002324104309082
2018-04-10,18.90999984741211,19.170000076293945,18.729999542236328,19.040000915527344,806500,13.324234008789062
2018-04-11,19.149999618530273,19.68000030517578,19.049999237060547,19.450000762939453,641400,13.611152648925781
2018-04-12,19.469999313354492,20.040000915527344,19.31999969482422,19.899999618530273,712600,13.926064491271973
2018-04-13,19.959999084472656,20.18000030517578,19.90999984741211,19.979999542236328,531700,13.982048034667969
2018-04-16,19.979999542236328,20.0,19.709999084472656,19.799999237060547,279500,13.856082916259766
2018-04-17,19.899999618530273,20.0,19.760000228881836,19.90999984741211,510300,13.933059692382812
2018-04-18,20.170000076293945,20.899999618530273,20.149999618530273,20.670000076293945,520800,14.464912414550781
2018-04-19,20.75,21.09000015258789,20.579999923706055,20.899999618530273,553500,14.625865936279297
2018-04-20,20.81999969482422,21.15999984741211,20.780000686645508,20.979999542236328,742800,14.681846618652344
2018-04-23,20.75,21.34000015258789,20.559999465942383,21.329999923706055,916400,14.926782608032227
2018-04-24,21.350000381469727,21.739999771118164,21.1299991607666,21.399999618530273,802100,14.9757661819458
2018-04-25,21.3700008392334,21.829999923706055,21.229999542236328,21.670000076293945,427700,15.164714813232422
2018-04-26,21.850000381469727,22.309999465942383,21.719999313354492,22.049999237060547,515400,15.430639266967773
2018-04-27,21.920000076293945,22.079999923706055,21.829999923706055,22.040000915527344,143800,15.423643112182617
2018-04-30,21.93000030517578,22.290000915527344,21.709999084472656,22.09000015258789,462500,15.458630561828613
2018-05-01,22.0,22.360000610351562,21.8700008392334,21.959999084472656,543000,15.36765193939209
2018-05-02,21.950000762939453,22.6200008392334,21.920000076293945,22.3799991607666,583400,15.661571502685547
2018-05-03,22.389999389648438,22.389999389648438,22.010000228881836,22.059999465942383,577100,15.43763542175293
2018-05-04,22.100000381469727,22.540000915527344,21.8799991607666,22.40999984741211,419200,15.682564735412598
2018-05-07,22.600000381469727,23.209999084472656,22.3700008392334,22.389999389648438,517100,15.668569564819336
2018-05-08,22.15999984741211,22.559999465942383,21.510000228881836,22.229999542236328,490500,15.556599617004395
2018-05-09,22.969999313354492,23.899999618530273,22.8799991607666,23.649999618530273,845500,16.550323486328125
2018-05-10,23.850000381469727,23.920000076293945,23.219999313354492,23.270000457763672,601900,16.284399032592773
2018-05-11,23.0,23.459999084472656,22.760000228881836,23.239999771118164,426300,16.263402938842773
2018-05-14,23.360000610351562,23.40999984741211,23.010000228881836,23.290000915527344,316600,16.29839515686035
2018-05-15,23.399999618530273,23.549999237060547,23.110000610351562,23.399999618530273,757300,16.3753719329834
2018-05-16,23.40999984741211,23.729999542236328,23.40999984741211,23.459999084472656,416000,16.4173583984375
2018-05-17,23.65999984741211,23.8700008392334,23.43000030517578,23.489999771118164,656200,16.438350677490234
2018-05-18,23.450000762939453,23.5,23.219999313354492,23.260000228881836,376800,16.27739715576172
2018-05-22,23.40999984741211,23.75,23.059999465942383,23.139999389648438,802300,16.193416595458984
2018-05-23,22.920000076293945,23.200000762939453,22.709999084472656,23.110000610351562,686600,16.172428131103516
2018-05-24,22.719999313354492,23.1200008392334,22.68000030517578,22.829999923706055,674700,15.976485252380371
2018-05-25,21.8700008392334,22.190000534057617,21.5,21.850000381469727,720200,15.290675163269043
2018-05-28,21.420000076293945,21.709999084472656,21.229999542236328,21.3700008392334,298800,14.95477294921875
2018-05-29,21.350000381469727,22.190000534057617,21.260000228881836,22.030000686645508,497800,15.416640281677246
2018-05-30,22.239999771118164,22.8700008392334,22.1200008392334,22.860000610351562,588700,15.997479438781738
2018-05-31,22.540000915527344,23.489999771118164,22.530000686645508,23.40999984741211,898300,16.382373809814453
2018-06-01,23.260000228881836,24.030000686645508,23.209999084472656,23.40999984741211,627400,16.382373809814453
2018-06-04,23.459999084472656,23.469999313354492,22.93000030517578,23.110000610351562,477800,16.172428131103516
2018-06-05,22.969999313354492,23.670000076293945,22.5,23.469999313354492,438300,16.424358367919922
2018-06-06,23.479999542236328,23.84000015258789,23.34000015258789,23.780000686645508,499400,16.641294479370117
2018-06-07,23.899999618530273,24.709999084472656,23.899999618530273,24.450000762939453,560000,17.11016273498535
2018-06-08,24.420000076293945,24.420000076293945,23.520000457763672,23.700000762939453,423800,16.585315704345703
2018-06-11,23.649999618530273,24.209999084472656,23.549999237060547,24.06999969482422,415600,16.84423828125
2018-06-12,24.09000015258789,24.65999984741211,24.030000686645508,24.540000915527344,641100,17.173147201538086
2018-06-13,24.389999389648438,24.8700008392334,24.299999237060547,24.489999771118164,414600,17.138154983520508
2018-06-14,24.5,24.8799991607666,24.3799991607666,24.59000015258789,559300,17.208133697509766
2018-06-15,24.510000228881836,24.510000228881836,23.56999969482422,24.100000381469727,648100,16.865238189697266
2018-06-18,24.149999618530273,24.8799991607666,24.149999618530273,24.700000762939453,637300,17.285114288330078
2018-06-19,24.450000762939453,24.959999084472656,24.399999618530273,24.6200008392334,373200,17.229127883911133
2018-06-20,24.8700008392334,25.31999969482422,24.81999969482422,25.18000030517578,690000,17.62101936340332
2018-06-21,24.899999618530273,24.93000030517578,24.040000915527344,24.209999084472656,507800,16.94220542907715
2018-06-22,24.889999389648438,25.700000762939453,24.049999237060547,25.100000381469727,801400,17.565032958984375
2018-06-25,25.06999969482422,25.219999313354492,24.719999313354492,24.8700008392334,587000,17.404083251953125
2018-06-26,24.649999618530273,24.690000534057617,23.68000030517578,24.030000686645508,1270600,16.816246032714844
2018-06-27,24.15999984741211,24.5,23.979999542236328,23.979999542236328,951700,16.781251907348633
2018-06-28,24.170000076293945,24.56999969482422,23.8799991607666,24.420000076293945,1063600,17.089170455932617
2018-06-29,24.5,25.040000915527344,24.489999771118164,24.81999969482422,624100,17.369096755981445
2018-07-03,25.020000457763672,25.350000381469727,24.950000762939453,25.030000686645508,445000,17.516048431396484
2018-07-04,25.020000457763672,25.399999618530273,25.020000457763672,25.309999465942383,128900,17.711992263793945
2018-07-05,25.239999771118164,25.25,24.860000610351562,24.899999618530273,403400,17.425073623657227
2018-07-06,24.700000762939453,25.049999237060547,24.5,24.940000534057617,271000,17.45306968688965
2018-07-09,25.079999923706055,25.260000228881836,24.790000915527344,24.829999923706055,270400,17.37609100341797
2018-07-10,24.899999618530273,25.209999084472656,24.34000015258789,25.139999389648438,645600,17.5930233001709
2018-07-11,24.770000457763672,24.959999084472656,24.43000030517578,24.600000381469727,375300,17.215133666992188
2018-07-12,24.719999313354492,24.989999771118164,24.18000030517578,24.989999771118164,409800,17.48805809020996
2018-07-13,25.010000228881836,25.309999465942383,24.969999313354492,25.200000762939453,422400,17.635013580322266
2018-07-16,24.989999771118164,25.0,24.479999542236328,24.489999771118164,412700,17.138154983520508
2018-07-17,24.40999984741211,25.219999313354492,24.3700008392334,25.1200008392334,447200,17.57903480529785
2018-07-18,26.3700008392334,26.780000686645508,24.420000076293945,24.510000228881836,1487400,17.15215301513672
2018-07-19,24.489999771118164,24.520000457763672,23.139999389648438,23.170000076293945,1430400,16.214418411254883
2018-07-20,23.15999984741211,23.329999923706055,22.959999084472656,23.25,458900,16.270402908325195
2018-07-23,23.360000610351562,23.3799991607666,21.969999313354492,21.989999771118164,1068700,15.388650894165039
2018-07-24,22.0,22.15999984741211,21.059999465942383,21.360000610351562,1732500,14.947775840759277
2018-07-25,21.3799991607666,21.989999771118164,21.309999465942383,21.670000076293945,965600,15.164714813232422
2018-07-26,21.770000457763672,22.3799991607666,21.579999923706055,22.200000762939453,1040600,15.535608291625977
2018-07-27,22.190000534057617,22.56999969482422,22.139999389648438,22.309999465942383,1131800,15.612586975097656
2018-07-30,22.549999237060547,22.780000686645508,22.219999313354492,22.299999237060547,670900,15.605585098266602
2018-07-31,22.1200008392334,23.020000457763672,22.1200008392334,22.959999084472656,481500,16.067459106445312
2018-08-01,22.8700008392334,23.020000457763672,22.329999923706055,22.850000381469727,519600,15.990482330322266
2018-08-02,22.739999771118164,23.06999969482422,22.3799991607666,22.969999313354492,458400,16.0744571685791
2018-08-03,22.969999313354492,23.31999969482422,22.860000610351562,23.229999542236328,413200,16.25640296936035
2018-08-07,23.809999465942383,23.93000030517578,23.239999771118164,23.3700008392334,792500,16.354372024536133
2018-08-08,23.010000228881836,23.260000228881836,22.510000228881836,22.780000686645508,479000,15.941495895385742
2018-08-09,21.700000762939453,21.700000762939453,19.020000457763672,19.290000915527344,2947600,13.499186515808105
2018-08-10,19.239999771118164,19.329999923706055,18.790000915527344,19.059999465942383,1586400,13.338226318359375
2018-08-13,19.06999969482422,19.280000686645508,18.780000686645508,19.040000915527344,849100,13.324234008789062
2018-08-14,19.229999542236328,19.34000015258789,19.06999969482422,19.219999313354492,510100,13.45019817352295
2018-08-15,19.030000686645508,19.040000915527344,18.399999618530273,18.59000015258789,605000,13.009324073791504
2018-08-16,18.889999389648438,19.299999237060547,18.600000381469727,19.0,731700,13.29624080657959
2018-08-17,19.100000381469727,19.170000076293945,18.399999618530273,18.540000915527344,827600,12.974333763122559
2018-08-20,18.56999969482422,18.6299991607666,18.350000381469727,18.530000686645508,600200,12.967334747314453
2018-08-21,18.709999084472656,18.889999389648438,18.5,18.579999923706055,486400,13.002324104309082
2018-08-22,18.729999542236328,19.149999618530273,18.65999984741211,19.06999969482422,931300,13.345227241516113
2018-08-23,19.049999237060547,19.290000915527344,18.899999618530273,19.110000610351562,294700,13.373220443725586
2018-08-24,19.299999237060547,19.700000762939453,19.280000686645508,19.450000762939453,616700,13.611152648925781
2018-08-27,19.479999542236328,19.610000610351562,19.1299991607666,19.190000534057617,373100,13.429203987121582
2018-08-28,19.239999771118164,19.299999237060547,18.520000457763672,18.899999618530273,481400,13.226261138916016
2018-08-29,18.959999084472656,19.219999313354492,18.889999389648438,19.139999389648438,365000,13.394213676452637
2018-08-30,19.170000076293945,19.25,18.649999618530273,18.899999618530273,271800,13.226261138916016
2018-08-31,18.860000610351562,18.950000762939453,18.700000762939453,18.75,382200,13.121291160583496
2018-09-04,18.850000381469727,19.3799991607666,18.5,19.200000762939453,923900,13.436203002929688
2018-09-05,19.110000610351562,19.139999389648438,18.360000610351562,18.440000534057617,619800,12.904354095458984
2018-09-06,18.600000381469727,18.719999313354492,18.25,18.459999084472656,350600,12.918350219726562
2018-09-07,18.3799991607666,18.950000762939453,18.260000228881836,18.920000076293945,298100,13.240256309509277
2018-09-10,19.34000015258789,20.079999923706055,19.329999923706055,19.780000686645508,1171400,13.842087745666504
2018-09-11,19.979999542236328,20.809999465942383,19.950000762939453,20.719999313354492,1359000,14.499902725219727
2018-09-12,21.309999465942383,21.899999618530273,21.059999465942383,21.239999771118164,1178800,14.863799095153809
2018-09-13,21.25,21.270000457763672,20.700000762939453,20.729999542236328,595700,14.506901741027832
2018-09-14,20.690000534057617,20.920000076293945,20.309999465942383,20.3799991607666,451900,14.261963844299316
2018-09-17,20.43000030517578,20.770000457763672,20.190000534057617,20.700000762939453,407100,14.485909461975098
2018-09-18,21.0,21.299999237060547,20.600000381469727,21.139999389648438,361100,14.793818473815918
2018-09-19,21.170000076293945,21.68000030517578,21.1299991607666,21.25,1079100,14.87079906463623
2018-09-20,21.350000381469727,21.350000381469727,20.3799991607666,20.690000534057617,656300,14.47890853881836
2018-09-21,20.65999984741211,20.899999618530273,20.520000457763672,20.68000030517578,688800,14.471909523010254
2018-09-24,21.010000228881836,21.639999389648438,20.829999923706055,21.459999084472656,1753500,15.017754554748535
2018-09-25,21.639999389648438,22.25,21.350000381469727,21.530000686645508,838300,15.06673812866211
2018-09-26,21.350000381469727,21.649999618530273,21.040000915527344,21.100000381469727,597000,14.765822410583496
2018-09-27,21.299999237060547,21.690000534057617,20.920000076293945,21.59000015258789,498900,15.10873031616211
2018-09-28,21.639999389648438,22.209999084472656,21.610000610351562,21.950000762939453,493000,15.360664367675781
2018-10-01,22.020000457763672,22.18000030517578,21.610000610351562,22.030000686645508,425500,15.416640281677246
2018-10-02,22.010000228881836,22.030000686645508,21.309999465942383,21.309999465942383,454300,14.912782669067383
2018-10-03,21.510000228881836,21.729999542236328,20.90999984741211,21.559999465942383,901400,15.087737083435059
2018-10-04,21.56999969482422,21.579999923706055,21.020000457763672,21.280000686645508,399600,14.891790390014648
2018-10-05,21.219999313354492,21.5,20.90999984741211,21.40999984741211,331500,14.982766151428223
2018-10-09,21.360000610351562,21.399999618530273,20.920000076293945,21.020000457763672,557300,14.709843635559082
2018-10-10,20.979999542236328,20.979999542236328,20.06999969482422,20.170000076293945,363400,14.115009307861328
2018-10-11,20.0,20.610000610351562,19.510000228881836,19.8700008392334,819800,13.90506649017334
2018-10-12,20.25,20.950000762939453,20.239999771118164,20.809999465942383,914300,14.562881469726562
2018-10-15,21.459999084472656,21.489999771118164,20.709999084472656,20.809999465942383,463100,14.562881469726562
2018-10-16,20.770000457763672,21.860000610351562,20.59000015258789,21.700000762939453,389400,15.185708045959473
2018-10-17,21.639999389648438,21.639999389648438,20.809999465942383,20.979999542236328,582000,14.681846618652344
2018-10-18,20.670000076293945,21.200000762939453,20.5,20.889999389648438,570400,14.618870735168457
2018-10-19,20.969999313354492,21.100000381469727,20.610000610351562,20.6299991607666,449600,14.436920166015625
2018-10-22,20.489999771118164,20.799999237060547,20.229999542236328,20.389999389648438,359100,14.268964767456055
2018-10-23,19.8700008392334,20.1299991607666,19.459999084472656,20.010000228881836,500100,14.00304126739502
2018-10-24,20.09000015258789,20.399999618530273,18.940000534057617,19.010000228881836,596200,13.303237915039062
2018-10-25,19.020000457763672,19.530000686645508,18.729999542236328,19.3700008392334,658800,13.555171012878418
2018-10-26,19.040000915527344,19.6200008392334,18.809999465942383,19.350000381469727,442800,13.541173934936523
2018-10-29,19.31999969482422,19.350000381469727,18.219999313354492,18.420000076293945,483500,12.890356063842773
2018-10-30,18.299999237060547,19.059999465942383,18.040000915527344,18.940000534057617,766600,13.254252433776855
2018-10-31,19.3799991607666,19.75,19.030000686645508,19.170000076293945,884100,13.41521167755127
2018-11-01,19.260000228881836,19.670000076293945,19.100000381469727,19.639999389648438,457800,13.744112014770508
2018-11-02,19.579999923706055,19.709999084472656,18.559999465942383,18.639999389648438,665200,13.0443115234375
2018-11-05,18.790000915527344,19.610000610351562,18.790000915527344,19.309999465942383,751600,13.513179779052734
2018-11-06,19.440000534057617,19.809999465942383,19.170000076293945,19.389999389648438,496000,13.569164276123047
2018-11-07,19.81999969482422,20.93000030517578,19.540000915527344,20.799999237060547,861700,14.555886268615723
2018-11-08,20.719999313354492,20.719999313354492,19.15999984741211,19.270000457763672,691300,13.485187530517578
2018-11-09,19.049999237060547,19.049999237060547,18.200000762939453,18.68000030517578,919300,13.072305679321289
2018-11-12,18.989999771118164,19.799999237060547,18.18000030517578,18.239999771118164,499800,12.764391899108887
2018-11-13,18.059999465942383,18.309999465942383,17.110000610351562,17.149999618530273,1136700,12.001604080200195
2018-11-14,17.31999969482422,18.25,17.040000915527344,17.190000534057617,586900,12.029601097106934
2018-11-15,17.149999618530273,17.549999237060547,17.010000228881836,17.290000915527344,869700,12.099580764770508
2018-11-16,17.350000381469727,17.549999237060547,17.15999984741211,17.489999771118164,451800,12.239538192749023
2018-11-19,17.360000610351562,17.459999084472656,16.940000534057617,17.299999237060547,495400,12.106578826904297
2018-11-20,16.8700008392334,16.979999542236328,16.34000015258789,16.559999465942383,680100,11.588723182678223
2018-11-21,16.799999237060547,17.06999969482422,16.639999389648438,16.790000915527344,1171200,11.749678611755371
2018-11-22,16.850000381469727,17.1200008392334,16.6299991607666,16.93000030517578,349200,11.847649574279785
2018-11-23,16.399999618530273,16.399999618530273,15.850000381469727,16.18000030517578,539900,11.322798728942871
2018-11-26,16.34000015258789,16.6200008392334,15.930000305175781,15.989999771118164,748100,11.189834594726562
2018-11-27,15.899999618530273,16.31999969482422,15.770000457763672,16.100000381469727,367800,11.266814231872559
2018-11-28,16.100000381469727,16.59000015258789,15.90999984741211,16.43000030517578,575200,11.497751235961914
2018-11-29,16.469999313354492,16.860000610351562,16.1299991607666,16.260000228881836,818600,11.3787841796875
2018-11-30,16.040000915527344,16.549999237060547,15.609999656677246,16.40999984741211,601900,11.48375415802002
2018-12-03,17.229999542236328,17.540000915527344,16.299999237060547,16.829999923706055,689900,11.777669906616211
2018-12-04,16.829999923706055,16.899999618530273,16.010000228881836,16.149999618530273,679700,11.30180549621582
2018-12-05,16.190000534057617,16.389999389648438,15.84000015258789,16.200000762939453,351000,11.336795806884766
2018-12-06,15.680000305175781,15.720000267028809,15.289999961853027,15.569999694824219,604700,10.895920753479004
2018-12-07,16.06999969482422,16.65999984741211,16.030000686645508,16.149999618530273,622900,11.30180549621582
2018-12-10,15.949999809265137,16.110000610351562,15.449999809265137,15.5600004196167,319200,10.88891887664795
2018-12-11,15.920000076293945,16.18000030517578,15.460000038146973,15.640000343322754,396300,10.944907188415527
2018-12-12,15.890000343322754,16.030000686645508,15.470000267028809,15.479999542236328,393500,10.832939147949219
2018-12-13,15.170000076293945,15.670000076293945,14.949999809265137,15.1899995803833,805900,10.629996299743652
2018-12-14,14.989999771118164,15.170000076293945,14.979999542236328,15.039999961853027,370900,10.525025367736816
2018-12-17,14.960000038146973,15.100000381469727,14.569999694824219,14.630000114440918,484800,10.238105773925781
2018-12-18,14.729999542236328,14.8100004196167,14.020000457763672,14.100000381469727,792100,9.867212295532227
2018-12-19,14.25,15.119999885559082,13.619999885559082,14.489999771118164,2184900,10.140131950378418
2018-12-20,14.149999618530273,14.949999809265137,14.149999618530273,14.760000228881836,1720400,10.329082489013672
2018-12-21,14.710000038146973,15.720000267028809,14.640000343322754,15.100000381469727,2202200,10.567011833190918
2018-12-24,15.15999984741211,15.399999618530273,14.859999656677246,14.859999656677246,747800,10.39905834197998
2018-12-27,15.550000190734863,15.960000038146973,15.329999923706055,15.90999984741211,1038400,11.1338529586792
2018-12-28,15.890000343322754,16.540000915527344,15.890000343322754,16.020000457763672,984800,11.210829734802246
2018-12-31,16.5,16.790000915527344,16.049999237060547,16.350000381469727,757600,11.441764831542969
2019-01-02,16.010000228881836,17.079999923706055,15.369999885559082,16.739999771118164,1068700,11.714689254760742
2019-01-03,16.920000076293945,16.969999313354492,16.399999618530273,16.68000030517578,920000,11.672700881958008
2019-01-04,17.209999084472656,17.780000686645508,16.959999084472656,17.56999969482422,1698300,12.295524597167969
2019-01-07,17.959999084472656,17.959999084472656,17.139999389648438,17.25,914900,12.071586608886719
2019-01-08,17.540000915527344,17.860000610351562,17.110000610351562,17.170000076293945,865200,12.015603065490723
2019-01-09,17.65999984741211,17.799999237060547,17.18000030517578,17.56999969482422,1196100,12.295524597167969
2019-01-10,17.639999389648438,18.290000915527344,17.450000762939453,18.049999237060547,865700,12.631430625915527
2019-01-11,18.479999542236328,18.850000381469727,18.110000610351562,18.75,1016100,13.121291160583496
2019-01-14,18.6299991607666,19.18000030517578,18.510000228881836,18.729999542236328,682700,13.107294082641602
2019-01-15,18.979999542236328,19.56999969482422,18.93000030517578,19.360000610351562,893100,13.548171043395996
2019-01-16,19.459999084472656,19.93000030517578,19.360000610351562,19.920000076293945,1070200,13.940058708190918
2019-01-17,19.84000015258789,20.06999969482422,18.959999084472656,19.8700008392334,824300,13.90506649017334
2019-01-18,20.010000228881836,20.100000381469727,19.68000030517578,19.690000534057617,1226000,13.779102325439453
2019-01-21,19.81999969482422,19.81999969482422,19.329999923706055,19.329999923706055,286600,13.527177810668945
2019-01-22,19.100000381469727,19.1200008392334,18.549999237060547,18.770000457763672,875400,13.135287284851074
2019-01-23,18.850000381469727,18.940000534057617,18.329999923706055,18.5,697300,12.946341514587402
2019-01-24,18.469999313354492,18.90999984741211,18.15999984741211,18.780000686645508,674200,13.14228343963623
2019-01-25,18.790000915527344,19.1299991607666,18.770000457763672,18.979999542236328,402300,13.282243728637695
2019-01-28,18.729999542236328,18.729999542236328,18.299999237060547,18.450000762939453,526500,12.911352157592773
2019-01-29,18.709999084472656,19.049999237060547,18.600000381469727,18.959999084472656,636000,13.268248558044434
2019-01-30,19.170000076293945,19.81999969482422,19.15999984741211,19.420000076293945,871300,13.59015941619873
2019-01-31,19.559999465942383,20.010000228881836,19.5,19.700000762939453,1136800,13.786103248596191
2019-02-01,19.829999923706055,19.84000015258789,19.200000762939453,19.31999969482422,715600,13.520177841186523
2019-02-04,19.110000610351562,19.290000915527344,18.959999084472656,19.229999542236328,396600,13.457195281982422
2019-02-05,18.979999542236328,19.65999984741211,18.809999465942383,19.469999313354492,860400,13.625144958496094
2019-02-06,19.40999984741211,19.850000381469727,19.329999923706055,19.690000534057617,733900,13.779102325439453
2019-02-07,19.6200008392334,19.799999237060547,18.850000381469727,19.030000686645508,902500,13.31723690032959
2019-02-08,19.020000457763672,19.049999237060547,18.610000610351562,18.75,502600,13.121291160583496
2019-02-11,18.59000015258789,19.010000228881836,18.329999923706055,18.8700008392334,785100,13.205267906188965
2019-02-12,19.280000686645508,19.56999969482422,18.940000534057617,18.979999542236328,482200,13.282243728637695
2019-02-13,19.299999237060547,19.549999237060547,19.010000228881836,19.280000686645508,591500,13.492185592651367
2019-02-14,19.290000915527344,19.540000915527344,19.209999084472656,19.34000015258789,314000,13.534175872802734
2019-02-15,19.5,20.479999542236328,19.5,20.200000762939453,1046900,14.136008262634277
2019-02-19,20.280000686645508,20.350000381469727,19.940000534057617,20.1299991607666,524100,14.087016105651855
2019-02-20,20.1200008392334,20.420000076293945,20.06999969482422,20.18000030517578,810800,14.122005462646484
2019-02-21,20.25,20.469999313354492,20.079999923706055,20.3799991607666,628800,14.261963844299316
2019-02-22,20.5,20.860000610351562,20.5,20.790000915527344,643300,14.548887252807617
2019-02-25,20.799999237060547,21.25,20.729999542236328,21.170000076293945,697400,14.81480598449707
2019-02-26,21.239999771118164,21.389999389648438,20.219999313354492,20.239999771118164,873900,14.163997650146484
2019-02-27,20.420000076293945,20.600000381469727,20.040000915527344,20.350000381469727,708700,14.240973472595215
2019-02-28,20.43000030517578,20.479999542236328,20.209999084472656,20.3700008392334,532100,14.254972457885742
2019-03-01,20.5,20.899999618530273,20.280000686645508,20.600000381469727,415700,14.415925025939941
2019-03-04,20.739999771118164,20.780000686645508,20.530000686645508,20.729999542236328,478600,14.506901741027832
2019-03-05,20.799999237060547,21.1200008392334,20.649999618530273,20.989999771118164,835000,14.688846588134766
2019-03-06,20.81999969482422,20.90999984741211,20.1299991607666,20.299999237060547,485600,14.205982208251953
2019-03-07,20.450000762939453,21.18000030517578,20.450000762939453,20.8799991607666,964200,14.611868858337402
2019-03-08,20.200000762939453,20.530000686645508,20.040000915527344,20.360000610351562,715900,14.247968673706055
2019-03-11,20.450000762939453,21.0,20.420000076293945,20.920000076293945,551600,14.639863967895508
2019-03-12,21.0,21.579999923706055,20.979999542236328,21.260000228881836,659900,14.877793312072754
2019-03-13,21.40999984741211,21.559999465942383,21.290000915527344,21.309999465942383,605700,14.912782669067383
2019-03-14,21.43000030517578,21.43000030517578,20.950000762939453,21.270000457763672,775400,14.884791374206543
2019-03-15,21.31999969482422,21.350000381469727,21.06999969482422,21.15999984741211,707100,14.807814598083496
2019-03-18,21.18000030517578,21.670000076293945,21.09000015258789,21.600000381469727,592700,15.115726470947266
2019-03-19,21.719999313354492,21.889999389648438,21.09000015258789,21.1299991607666,687000,14.786820411682129
2019-03-20,21.200000762939453,21.700000762939453,20.940000534057617,21.559999465942383,734900,15.087737083435059
2019-03-21,21.469999313354492,21.979999542236328,21.450000762939453,21.450000762939453,1075500,15.010758399963379
2019-03-22,21.329999923706055,21.329999923706055,20.520000457763672,21.030000686645508,560000,14.716839790344238
2019-03-25,20.8700008392334,21.09000015258789,20.399999618530273,20.43000030517578,453400,14.296960830688477
2019-03-26,20.559999465942383,21.0,20.530000686645508,20.6200008392334,592900,14.429920196533203
2019-03-27,20.6200008392334,20.889999389648438,20.59000015258789,20.8700008392334,635100,14.60487174987793
2019-03-28,20.649999618530273,20.8799991607666,20.639999389648438,20.700000762939453,625000,14.485909461975098
2019-03-29,20.93000030517578,20.969999313354492,20.610000610351562,20.920000076293945,376200,14.639863967895508
2019-04-01,21.049999237060547,21.59000015258789,21.049999237060547,21.360000610351562,442300,14.947775840759277
2019-04-02,21.399999618530273,21.5,21.170000076293945,21.3799991607666,576900,14.961771011352539
2019-04-03,21.399999618530273,21.399999618530273,20.690000534057617,20.799999237060547,872700,14.555886268615723
2019-04-04,20.84000015258789,21.389999389648438,20.649999618530273,21.200000762939453,809800,14.835807800292969
2019-04-05,21.260000228881836,21.59000015258789,21.260000228881836,21.530000686645508,445500,15.06673812866211
2019-04-08,21.649999618530273,22.1200008392334,21.549999237060547,21.690000534057617,1198600,15.178707122802734
2019-04-09,21.5,21.920000076293945,21.40999984741211,21.799999237060547,526200,15.255684852600098
2019-04-10,21.940000534057617,22.06999969482422,21.719999313354492,21.920000076293945,690700,15.339664459228516
2019-04-11,21.729999542236328,22.010000228881836,21.540000915527344,21.850000381469727,562800,15.290675163269043
2019-04-12,22.110000610351562,22.3799991607666,21.579999923706055,21.68000030517578,1152700,15.171713829040527
2019-04-15,21.649999618530273,22.0,21.639999389648438,21.979999542236328,654300,15.3816499710083
2019-04-16,22.0,22.510000228881836,21.969999313354492,22.260000228881836,822600,15.577593803405762
2019-04-17,22.3799991607666,22.6200008392334,22.229999542236328,22.31999969482422,834300,15.619584083557129
2019-04-18,22.329999923706055,22.489999771118164,22.209999084472656,22.299999237060547,376600,15.605585098266602
2019-04-22,22.510000228881836,22.75,22.270000457763672,22.56999969482422,647400,15.794534683227539
2019-04-23,22.649999618530273,23.40999984741211,22.610000610351562,23.3700008392334,721400,16.354372024536133
2019-04-24,23.290000915527344,23.420000076293945,23.110000610351562,23.299999237060547,621000,16.305389404296875
2019-04-25,23.360000610351562,23.510000228881836,22.969999313354492,23.0,919300,16.09545135498047
2019-04-26,22.790000915527344,22.81999969482422,22.329999923706055,22.729999542236328,449500,15.906501770019531
2019-04-29,22.600000381469727,23.040000915527344,22.489999771118164,22.81999969482422,502200,15.969484329223633
2019-04-30,22.959999084472656,23.149999618530273,22.690000534057617,22.81999969482422,507200,15.969484329223633
2019-05-01,22.760000228881836,22.899999618530273,21.790000915527344,21.799999237060547,593900,15.255684852600098
2019-05-02,21.399999618530273,21.610000610351562,20.860000610351562,20.899999618530273,676500,14.625865936279297
2019-05-03,21.040000915527344,21.360000610351562,20.790000915527344,21.350000381469727,386000,14.940777778625488
2019-05-06,20.8799991607666,21.600000381469727,20.850000381469727,21.469999313354492,639900,15.02475357055664
2019-05-07,21.1299991607666,21.1299991607666,19.850000381469727,20.6299991607666,1157200,14.436920166015625
2019-05-08,20.979999542236328,21.770000457763672,20.530000686645508,21.700000762939453,1066700,15.185708045959473
2019-05-09,21.610000610351562,22.459999084472656,21.540000915527344,22.190000534057617,928300,15.528610229492188
2019-05-10,22.200000762939453,22.260000228881836,21.81999969482422,22.030000686645508,657100,15.416640281677246
2019-05-13,22.010000228881836,22.25,21.84000015258789,21.90999984741211,559600,15.332663536071777
2019-05-14,21.940000534057617,22.309999465942383,21.829999923706055,22.170000076293945,1283800,15.514613151550293
2019-05-15,22.020000457763672,22.290000915527344,21.90999984741211,22.1200008392334,598900,15.47962760925293
2019-05-16,22.350000381469727,22.799999237060547,22.219999313354492,22.68000030517578,527500,15.871512413024902
2019-05-17,22.700000762939453,22.729999542236328,22.1200008392334,22.170000076293945,397600,15.514613151550293
2019-05-21,22.280000686645508,22.459999084472656,22.079999923706055,22.25,708500,15.570597648620605
2019-05-22,22.110000610351562,22.110000610351562,21.299999237060547,21.309999465942383,573300,14.912782669067383
2019-05-23,20.799999237060547,20.809999465942383,19.920000076293945,20.360000610351562,627000,14.247968673706055
2019-05-24,20.540000915527344,20.889999389648438,20.34000015258789,20.850000381469727,619900,14.590876579284668
2019-05-27,20.739999771118164,21.280000686645508,20.739999771118164,21.09000015258789,235600,14.758828163146973
2019-05-28,21.079999923706055,21.389999389648438,20.979999542236328,20.979999542236328,369100,14.681846618652344
2019-05-29,20.610000610351562,20.969999313354492,20.510000228881836,20.84000015258789,573900,14.58387565612793
2019-05-30,20.850000381469727,21.0,20.479999542236328,20.540000915527344,528800,14.373934745788574
2019-05-31,20.219999313354492,20.540000915527344,20.020000457763672,20.450000762939453,643400,14.310953140258789
2019-06-03,20.5,20.65999984741211,20.309999465942383,20.459999084472656,450800,14.317948341369629
2019-06-04,20.540000915527344,20.860000610351562,20.520000457763672,20.850000381469727,448900,14.590876579284668
2019-06-05,20.84000015258789,21.239999771118164,20.440000534057617,20.739999771118164,1120800,14.513895988464355
2019-06-06,20.739999771118164,21.030000686645508,20.56999969482422,20.860000610351562,619100,14.597870826721191
2019-06-07,20.799999237060547,21.139999389648438,20.799999237060547,20.989999771118164,467200,14.688846588134766
2019-06-10,21.030000686645508,21.549999237060547,20.889999389648438,20.93000030517578,770100,14.646859169006348
2019-06-11,21.1200008392334,21.43000030517578,20.950000762939453,20.979999542236328,578700,14.681846618652344
2019-06-12,20.84000015258789,20.899999618530273,19.920000076293945,20.049999237060547,725600,14.03103256225586
2019-06-13,20.420000076293945,20.65999984741211,20.030000686645508,20.18000030517578,513300,14.122005462646484
2019-06-14,20.219999313354492,20.799999237060547,20.100000381469727,20.510000228881836,508800,14.35294246673584
2019-06-17,20.469999313354492,20.700000762939453,19.860000610351562,20.670000076293945,685600,14.464912414550781
2019-06-18,20.670000076293945,21.09000015258789,20.670000076293945,20.799999237060547,435700,14.555886268615723
2019-06-19,20.850000381469727,20.989999771118164,20.520000457763672,20.81999969482422,314200,14.569881439208984
2019-06-20,21.209999084472656,21.6299991607666,21.110000610351562,21.5,727300,15.045746803283691
2019-06-21,21.360000610351562,21.6200008392334,21.110000610351562,21.309999465942383,694100,14.912782669067383
2019-06-24,21.309999465942383,21.399999618530273,21.040000915527344,21.100000381469727,638100,14.765822410583496
2019-06-25,21.049999237060547,21.15999984741211,20.729999542236328,20.790000915527344,528600,14.548887252807617
2019-06-26,21.149999618530273,22.3700008392334,21.139999389648438,21.8700008392334,906100,15.304676055908203
2019-06-27,21.940000534057617,22.100000381469727,21.06999969482422,21.170000076293945,369900,14.81480598449707
2019-06-28,21.190000534057617,21.309999465942383,20.520000457763672,21.010000228881836,563700,14.702842712402344
2019-07-02,21.010000228881836,21.079999923706055,20.110000610351562,20.399999618530273,549700,14.275964736938477
2019-07-03,20.56999969482422,20.56999969482422,20.280000686645508,20.3700008392334,307200,14.254972457885742
2019-07-04,20.34000015258789,20.56999969482422,20.200000762939453,20.420000076293945,148800,14.289960861206055
2019-07-05,20.3700008392334,20.459999084472656,20.15999984741211,20.43000030517578,373100,14.296960830688477
2019-07-08,20.360000610351562,20.56999969482422,20.079999923706055,20.440000534057617,545800,14.303956985473633
2019-07-09,20.3799991607666,20.899999618530273,20.299999237060547,20.68000030517578,647600,14.471909523010254
2019-07-10,21.010000228881836,21.979999542236328,21.0,21.270000457763672,1008500,14.884791374206543
2019-07-11,21.350000381469727,21.459999084472656,21.1200008392334,21.280000686645508,504800,14.891790390014648
2019-07-12,21.270000457763672,21.540000915527344,21.020000457763672,21.510000228881836,569300,15.052741050720215
2019-07-15,21.59000015258789,22.200000762939453,21.5,21.979999542236328,836700,15.3816499710083
2019-07-16,21.979999542236328,22.030000686645508,21.440000534057617,21.600000381469727,704800,15.115726470947266
2019-07-17,21.68000030517578,21.729999542236328,21.31999969482422,21.520000457763672,344100,15.059745788574219
2019-07-18,21.459999084472656,21.739999771118164,21.260000228881836,21.440000534057617,703900,15.003759384155273
2019-07-19,21.469999313354492,21.959999084472656,21.219999313354492,21.90999984741211,462700,15.332663536071777
2019-07-22,21.899999618530273,22.420000076293945,21.850000381469727,22.18000030517578,383900,15.521610260009766
2019-07-23,22.219999313354492,22.510000228881836,22.010000228881836,22.399999618530273,341800,15.675570487976074
2019-07-24,22.329999923706055,22.68000030517578,22.100000381469727,22.15999984741211,440800,15.507619857788086
2019-07-25,22.239999771118164,22.239999771118164,21.280000686645508,21.459999084472656,618200,15.017754554748535
2019-07-26,21.530000686645508,21.700000762939453,21.299999237060547,21.43000030517578,308200,14.996759414672852
2019-07-29,21.459999084472656,21.510000228881836,20.969999313354492,21.100000381469727,556000,14.765822410583496
2019-07-30,21.0,22.420000076293945,21.0,21.989999771118164,775400,15.388650894165039
2019-07-31,21.979999542236328,23.010000228881836,21.979999542236328,22.559999465942383,981000,15.78753662109375
2019-08-01,22.350000381469727,22.350000381469727,21.079999923706055,21.5,774800,15.045746803283691
2019-08-02,21.690000534057617,21.969999313354492,21.030000686645508,21.149999618530273,565800,14.800817489624023
2019-08-06,20.579999923706055,21.030000686645508,20.25,20.700000762939453,811900,14.485909461975098
2019-08-07,20.200000762939453,20.540000915527344,19.93000030517578,20.360000610351562,839900,14.247968673706055
2019-08-08,20.510000228881836,20.93000030517578,20.510000228881836,20.81999969482422,510300,14.569881439208984
2019-08-09,20.760000228881836,21.360000610351562,20.760000228881836,21.25,1160400,14.87079906463623
2019-08-12,21.030000686645508,21.079999923706055,20.860000610351562,20.90999984741211,459300,14.632861137390137
2019-08-13,20.81999969482422,21.40999984741211,20.59000015258789,21.040000915527344,589500,14.723837852478027
2019-08-14,20.299999237060547,20.389999389648438,19.540000915527344,19.670000076293945,1067100,13.765109062194824
2019-08-15,19.530000686645508,19.950000762939453,19.360000610351562,19.649999618530273,609200,13.751112937927246
2019-08-16,19.739999771118164,20.170000076293945,19.459999084472656,20.020000457763672,410900,14.010040283203125
2019-08-19,20.229999542236328,20.739999771118164,19.8700008392334,20.719999313354492,379300,14.499902725219727
2019-08-20,20.670000076293945,20.979999542236328,20.610000610351562,20.799999237060547,563100,14.555886268615723
2019-08-21,20.899999618530273,21.219999313354492,20.799999237060547,20.969999313354492,402900,14.674848556518555
2019-08-22,21.06999969482422,21.06999969482422,20.469999313354492,20.520000457763672,320100,14.359938621520996
2019-08-23,19.959999084472656,20.100000381469727,19.489999771118164,19.559999465942383,568600,13.688127517700195
2019-08-26,19.729999542236328,19.829999923706055,19.15999984741211,19.209999084472656,497200,13.443196296691895
2019-08-27,19.200000762939453,19.440000534057617,18.780000686645508,19.309999465942383,382400,13.513179779052734
2019-08-28,19.450000762939453,20.18000030517578,19.450000762939453,20.0,609300,13.996047973632812
2019-08-29,20.1299991607666,20.90999984741211,19.950000762939453,20.43000030517578,618400,14.296960830688477
2019-08-30,20.440000534057617,20.670000076293945,20.06999969482422,20.389999389648438,325100,14.268964767456055
2019-09-03,20.010000228881836,20.75,19.889999389648438,20.65999984741211,461300,14.457915306091309
2019-09-04,20.989999771118164,21.440000534057617,20.899999618530273,20.979999542236328,521500,14.681846618652344
2019-09-05,21.200000762939453,21.450000762939453,21.059999465942383,21.1299991607666,436300,14.786820411682129
2019-09-06,20.93000030517578,21.329999923706055,20.760000228881836,21.09000015258789,368600,14.758828163146973
2019-09-09,21.329999923706055,21.6299991607666,21.06999969482422,21.09000015258789,424900,14.758828163146973
2019-09-10,21.139999389648438,21.5,21.059999465942383,21.34000015258789,667300,14.933777809143066
2019-09-11,21.3799991607666,21.5,20.6200008392334,20.889999389648438,796700,14.618870735168457
2019-09-12,20.520000457763672,20.950000762939453,20.209999084472656,20.43000030517578,702100,14.296960830688477
2019-09-13,20.469999313354492,21.110000610351562,20.469999313354492,21.079999923706055,483500,14.751832008361816
2019-09-16,23.0,23.18000030517578,22.510000228881836,22.959999084472656,1377200,16.067459106445312
2019-09-17,22.809999465942383,23.149999618530273,22.329999923706055,22.719999313354492,1148900,15.899506568908691
2019-09-18,22.440000534057617,22.700000762939453,21.81999969482422,21.969999313354492,613200,15.374651908874512
2019-09-19,22.170000076293945,22.5,21.93000030517578,21.940000534057617,386500,15.353659629821777
2019-09-20,22.0,22.100000381469727,21.799999237060547,21.90999984741211,815500,15.332663536071777
2019-09-23,21.799999237060547,22.329999923706055,21.579999923706055,22.110000610351562,682600,15.472626686096191
2019-09-24,22.100000381469727,22.100000381469727,21.549999237060547,21.670000076293945,464200,15.164714813232422
2019-09-25,21.440000534057617,21.68000030517578,21.15999984741211,21.399999618530273,449300,14.9757661819458
2019-09-26,21.260000228881836,21.309999465942383,21.020000457763672,21.15999984741211,953100,14.807814598083496
2019-09-27,21.049999237060547,21.329999923706055,20.56999969482422,20.610000610351562,661400,14.42292308807373
2019-09-30,20.479999542236328,20.520000457763672,19.889999389648438,20.299999237060547,960100,14.205982208251953
2019-10-01,20.290000915527344,20.65999984741211,19.40999984741211,19.469999313354492,669400,13.625144958496094
2019-10-02,19.299999237060547,19.540000915527344,18.940000534057617,19.15999984741211,770000,13.408206939697266
2019-10-03,18.920000076293945,19.270000457763672,18.75,19.219999313354492,684200,13.45019817352295
2019-10-04,19.670000076293945,19.690000534057617,18.8700008392334,19.190000534057617,586900,13.429203987121582
2019-10-07,19.209999084472656,19.489999771118164,18.760000228881836,18.760000228881836,552000,13.128289222717285
2019-10-08,18.520000457763672,18.65999984741211,18.270000457763672,18.329999923706055,959100,12.827374458312988
2019-10-09,18.520000457763672,18.729999542236328,18.170000076293945,18.25,586300,12.77138900756836
2019-10-10,18.399999618530273,18.799999237060547,18.25,18.469999313354492,437400,12.925345420837402
2019-10-11,18.84000015258789,18.8799991607666,18.579999923706055,18.799999237060547,361800,13.156281471252441
2019-10-15,18.860000610351562,19.0,18.610000610351562,18.889999389648438,568000,13.21926212310791
2019-10-16,18.93000030517578,18.969999313354492,18.600000381469727,18.6200008392334,513400,13.030320167541504
2019-10-17,18.579999923706055,18.8700008392334,18.360000610351562,18.670000076293945,329500,13.065305709838867
2019-10-18,19.040000915527344,19.040000915527344,18.350000381469727,18.469999313354492,516000,12.925345420837402
2019-10-21,18.420000076293945,18.75,18.31999969482422,18.59000015258789,501100,13.009324073791504
2019-10-22,18.670000076293945,18.899999618530273,18.520000457763672,18.559999465942383,563300,12.988329887390137
2019-10-23,18.450000762939453,18.639999389648438,18.25,18.6299991607666,489900,13.037313461303711
2019-10-24,18.899999618530273,19.030000686645508,18.59000015258789,18.649999618530273,413400,13.051312446594238
2019-10-25,18.59000015258789,19.329999923706055,18.469999313354492,19.290000915527344,454900,13.499186515808105
2019-10-28,19.139999389648438,19.389999389648438,18.3799991607666,18.40999984741211,631600,12.883355140686035
2019-10-29,18.360000610351562,18.549999237060547,17.950000762939453,18.209999084472656,756100,12.743396759033203
2019-10-30,18.3700008392334,18.610000610351562,18.079999923706055,18.100000381469727,608400,12.666421890258789
2019-10-31,18.100000381469727,18.149999618530273,17.600000381469727,17.850000381469727,572000,12.491471290588379
2019-11-01,18.0,18.34000015258789,17.790000915527344,18.239999771118164,644700,12.764391899108887
2019-11-04,18.329999923706055,19.420000076293945,18.329999923706055,19.25,699600,13.471193313598633
2019-11-05,19.489999771118164,19.690000534057617,19.09000015258789,19.219999313354492,385500,13.45019817352295
2019-11-06,19.239999771118164,19.239999771118164,18.790000915527344,19.049999237060547,473100,13.331231117248535
2019-11-07,18.90999984741211,20.079999923706055,18.729999542236328,20.040000915527344,1111200,14.024036407470703
2019-11-08,19.899999618530273,20.739999771118164,19.56999969482422,20.649999618530273,625200,14.450916290283203
2019-11-11,20.399999618530273,20.719999313354492,20.309999465942383,20.700000762939453,395600,14.485909461975098
2019-11-12,20.649999618530273,20.84000015258789,20.309999465942383,20.350000381469727,692600,14.240973472595215
2019-11-13,20.209999084472656,20.530000686645508,19.93000030517578,20.280000686645508,323800,14.191985130310059
2019-11-14,20.350000381469727,20.579999923706055,20.15999984741211,20.309999465942383,364100,14.212979316711426
2019-11-15,20.389999389648438,20.739999771118164,20.309999465942383,20.65999984741211,641100,14.457915306091309
2019-11-18,20.600000381469727,20.610000610351562,19.790000915527344,19.889999389648438,456900,13.919065475463867
2019-11-19,19.739999771118164,19.90999984741211,19.65999984741211,19.760000228881836,786200,13.82809066772461
2019-11-20,19.75,20.079999923706055,19.59000015258789,19.829999923706055,508600,13.877079010009766
2019-11-21,19.989999771118164,20.040000915527344,19.729999542236328,19.940000534057617,262700,13.954056739807129
2019-11-22,19.989999771118164,20.059999465942383,19.670000076293945,19.719999313354492,422800,13.800098419189453
2019-11-25,19.709999084472656,19.950000762939453,19.56999969482422,19.860000610351562,459300,13.8980712890625
2019-11-26,19.8799991607666,19.899999618530273,19.6200008392334,19.68000030517578,348400,13.772109031677246
2019-11-27,19.729999542236328,19.809999465942383,19.43000030517578,19.729999542236328,518400,13.807098388671875
2019-11-28,19.729999542236328,20.0,19.610000610351562,19.920000076293945,173800,13.940058708190918
2019-11-29,19.799999237060547,19.979999542236328,19.5,19.649999618530273,198500,13.751112937927246
2019-12-02,19.729999542236328,19.770000457763672,19.440000534057617,19.559999465942383,373200,13.688127517700195
2019-12-03,19.389999389648438,19.5,18.93000030517578,19.479999542236328,423400,13.632146835327148
2019-12-04,19.5,20.020000457763672,19.450000762939453,19.81999969482422,650400,13.87007999420166
2019-12-05,19.84000015258789,19.989999771118164,19.530000686645508,19.6299991607666,485100,13.737112998962402
2019-12-06,19.6299991607666,20.290000915527344,19.6299991607666,20.25,449900,14.170991897583008
2019-12-09,20.1200008392334,20.3799991607666,20.1200008392334,20.190000534057617,597300,14.129007339477539
2019-12-10,20.31999969482422,20.649999618530273,20.229999542236328,20.440000534057617,1122400,14.303956985473633
2019-12-11,20.520000457763672,20.600000381469727,20.190000534057617,20.459999084472656,472800,14.317948341369629
2019-12-12,20.479999542236328,20.809999465942383,20.40999984741211,20.600000381469727,583300,14.415925025939941
2019-12-13,20.75,20.989999771118164,20.479999542236328,20.65999984741211,655500,14.457915306091309
2019-12-16,20.719999313354492,21.030000686645508,20.690000534057617,20.8700008392334,329800,14.60487174987793
2019-12-17,21.040000915527344,22.229999542236328,20.969999313354492,22.139999389648438,1275300,15.49361801147461
2019-12-18,22.1200008392334,22.940000534057617,21.940000534057617,22.8700008392334,1040200,16.004474639892578
2019-12-19,22.850000381469727,23.190000534057617,22.729999542236328,23.040000915527344,1004700,16.123445510864258
2019-12-20,23.010000228881836,23.06999969482422,22.850000381469727,23.030000686645508,872600,16.116445541381836
2019-12-23,22.950000762939453,23.799999237060547,22.899999618530273,23.670000076293945,539800,16.564319610595703
2019-12-24,23.739999771118164,24.049999237060547,23.690000534057617,23.790000915527344,168300,16.648296356201172
2019-12-27,23.90999984741211,24.190000534057617,23.790000915527344,24.059999465942383,390100,16.837242126464844
2019-12-30,24.1200008392334,24.389999389648438,23.93000030517578,24.0,616000,16.79525375366211
2019-12-31,23.760000228881836,24.25,23.6299991607666,24.149999618530273,396100,16.90022087097168
2020-01-02,24.149999618530273,24.6200008392334,24.010000228881836,24.100000381469727,480300,16.865238189697266
2020-01-03,24.579999923706055,25.110000610351562,24.290000915527344,24.329999923706055,827300,17.026185989379883
2020-01-06,24.3700008392334,24.920000076293945,24.3700008392334,24.780000686645508,694800,17.341096878051758
2020-01-07,24.600000381469727,24.610000610351562,24.149999618530273,24.31999969482422,866000,17.019189834594727
2020-01-08,24.049999237060547,24.530000686645508,23.75,24.079999923706055,727900,16.851240158081055
2020-01-09,24.030000686645508,24.719999313354492,23.739999771118164,24.670000076293945,710100,17.26412010192871
2020-01-10,24.600000381469727,24.600000381469727,24.280000686645508,24.389999389648438,458100,17.06817054748535
2020-01-13,24.260000228881836,24.469999313354492,24.020000457763672,24.399999618530273,564000,17.075172424316406
2020-01-14,24.399999618530273,24.399999618530273,23.690000534057617,23.84000015258789,725000,16.68328285217285
2020-01-15,23.670000076293945,23.940000534057617,23.420000076293945,23.450000762939453,551300,16.410364151000977
2020-01-16,23.639999389648438,23.889999389648438,23.459999084472656,23.719999313354492,756800,16.599306106567383
2020-01-17,23.790000915527344,23.84000015258789,23.3700008392334,23.389999389648438,297800,16.368375778198242
2020-01-20,23.3799991607666,23.6200008392334,23.360000610351562,23.540000915527344,153500,16.473339080810547
2020-01-21,23.450000762939453,23.56999969482422,23.229999542236328,23.260000228881836,716200,16.27739715576172
2020-01-22,23.190000534057617,23.510000228881836,23.030000686645508,23.1299991607666,771100,16.186424255371094
2020-01-23,22.8799991607666,22.8799991607666,22.229999542236328,22.559999465942383,971700,15.78753662109375
2020-01-24,22.34000015258789,22.549999237060547,22.1200008392334,22.450000762939453,466800,15.710558891296387
2020-01-27,21.90999984741211,22.059999465942383,21.530000686645508,21.709999084472656,490500,15.192703247070312
2020-01-28,21.81999969482422,22.100000381469727,21.59000015258789,21.610000610351562,440900,15.122724533081055
2020-01-29,21.75,21.920000076293945,21.649999618530273,21.729999542236328,420200,15.206703186035156
2020-01-30,21.399999618530273,21.850000381469727,21.329999923706055,21.520000457763672,415400,15.059745788574219
2020-01-31,21.25,21.469999313354492,20.809999465942383,20.950000762939453,635500,14.66085433959961
2020-02-03,20.899999618530273,20.90999984741211,20.649999618530273,20.719999313354492,662400,14.499902725219727
2020-02-04,21.1299991607666,21.5,20.940000534057617,20.979999542236328,686500,14.681846618652344
2020-02-05,21.479999542236328,22.489999771118164,21.469999313354492,22.34000015258789,965200,15.63357925415039
2020-02-06,22.6299991607666,22.6299991607666,21.850000381469727,22.43000030517578,916900,15.69655990600586
2020-02-07,23.18000030517578,23.18000030517578,22.0,22.18000030517578,725800,15.521610260009766
2020-02-10,22.309999465942383,22.309999465942383,21.700000762939453,21.75,523900,15.220699310302734
2020-02-11,22.020000457763672,22.219999313354492,21.649999618530273,21.709999084472656,381800,15.192703247070312
2020-02-12,22.040000915527344,22.139999389648438,21.600000381469727,21.920000076293945,382800,15.339664459228516
2020-02-13,21.84000015258789,22.09000015258789,21.690000534057617,21.940000534057617,385500,15.353659629821777
2020-02-14,22.0,22.09000015258789,21.389999389648438,21.40999984741211,918000,14.982766151428223
2020-02-18,21.34000015258789,21.360000610351562,20.989999771118164,21.110000610351562,372800,14.772823333740234
2020-02-19,21.239999771118164,21.5,21.049999237060547,21.440000534057617,625700,15.003759384155273
2020-02-20,21.420000076293945,21.600000381469727,21.360000610351562,21.3799991607666,520600,14.961771011352539
2020-02-21,21.209999084472656,21.209999084472656,20.81999969482422,20.90999984741211,219600,14.632861137390137
2020-02-24,20.110000610351562,20.110000610351562,19.540000915527344,19.649999618530273,788500,13.751112937927246
2020-02-25,19.6200008392334,19.709999084472656,18.8700008392334,19.15999984741211,762000,13.408206939697266
2020-02-26,19.209999084472656,19.280000686645508,18.3799991607666,18.399999618530273,693200,12.876359939575195
2020-02-27,17.649999618530273,18.25,17.299999237060547,18.06999969482422,712800,12.645425796508789
2020-02-28,17.229999542236328,18.3799991607666,17.219999313354492,18.360000610351562,1090300,12.848371505737305
2020-03-02,18.639999389648438,18.739999771118164,17.75,18.739999771118164,959000,13.11429500579834
2020-03-03,19.1200008392334,19.190000534057617,18.440000534057617,18.579999923706055,1281700,13.002324104309082
2020-03-04,18.93000030517578,19.239999771118164,18.670000076293945,19.209999084472656,958600,13.443196296691895
2020-03-05,18.829999923706055,19.170000076293945,18.709999084472656,18.920000076293945,1052100,13.240256309509277
2020-03-06,18.40999984741211,18.610000610351562,17.25,17.479999542236328,957500,12.232538223266602
2020-03-09,12.470000267028809,14.84000015258789,11.760000228881836,13.470000267028809,2068800,9.426335334777832
2020-03-10,14.489999771118164,14.819999694824219,13.09000015258789,14.279999732971191,2087500,9.993175506591797
2020-03-11,14.680000305175781,15.029999732971191,13.390000343322754,13.960000038146973,2190800,9.769238471984863
2020-03-12,12.729999542236328,13.760000228881836,12.430000305175781,12.600000381469727,2024600,8.817506790161133
2020-03-13,13.510000228881836,14.180000305175781,12.569999694824219,14.140000343322754,1992000,9.89520263671875
2020-03-16,12.75,13.010000228881836,11.529999732971191,11.59000015258789,1536200,8.11070728302002
2020-03-17,11.729999542236328,11.850000381469727,10.430000305175781,10.569999694824219,1635400,7.396909236907959
2020-03-18,9.300000190734863,10.859999656677246,9.220000267028809,10.609999656677246,2246500,7.424901008605957
2020-03-19,10.680000305175781,11.220000267028809,10.229999542236328,10.569999694824219,2673300,7.396909236907959
2020-03-20,10.890000343322754,11.199999809265137,10.220000267028809,10.40999984741211,989700,7.284940719604492
2020-03-23,10.34000015258789,10.579999923706055,9.600000381469727,9.869999885559082,1217500,6.907048225402832
2020-03-24,10.350000381469727,10.970000267028809,10.020000457763672,10.65999984741211,1441500,7.4598917961120605
2020-03-25,10.75,11.649999618530273,10.319999694824219,11.170000076293945,1392600,7.816789627075195
2020-03-26,11.149999618530273,12.039999961853027,11.069999694824219,11.289999961853027,742600,7.900765895843506
2020-03-27,10.920000076293945,10.920000076293945,10.119999885559082,10.65999984741211,1333400,7.4598917961120605
2020-03-30,10.359999656677246,10.979999542236328,9.510000228881836,10.949999809265137,1127700,7.662834167480469
2020-03-31,11.319999694824219,12.720000267028809,11.140000343322754,11.899999618530273,2081200,8.327643394470215
2020-04-01,11.619999885559082,11.6899995803833,10.829999923706055,11.359999656677246,1100900,7.949753284454346
2020-04-02,12.039999961853027,14.489999771118164,11.65999984741211,13.260000228881836,1760600,9.279376029968262
2020-04-03,13.859999656677246,14.029999732971191,12.970000267028809,13.260000228881836,1292000,9.279376029968262
2020-04-06,13.0,13.270000457763672,12.75,13.25,813400,9.272377014160156
2020-04-07,13.9399995803833,14.109999656677246,13.34000015258789,13.5600004196167,1075400,9.48931884765625
2020-04-08,13.600000381469727,14.15999984741211,13.229999542236328,14.069999694824219,932600,9.846216201782227
2020-04-09,14.890000343322754,15.180000305175781,13.630000114440918,14.130000114440918,1040800,9.888205528259277
2020-04-13,14.359999656677246,14.520000457763672,13.460000038146973,13.65999984741211,433500,9.559296607971191
2020-04-14,13.3100004196167,13.920000076293945,13.149999618530273,13.850000381469727,616000,9.692258834838867
2020-04-15,13.0,13.1899995803833,12.619999885559082,13.119999885559082,589000,9.181402206420898
2020-04-16,13.199999809265137,13.199999809265137,12.789999961853027,12.859999656677246,567500,8.999456405639648
2020-04-17,12.850000381469727,13.380000114440918,12.520000457763672,13.329999923706055,682100,9.328364372253418
2020-04-20,12.460000038146973,13.949999809265137,12.170000076293945,13.170000076293945,829600,9.216395378112793
2020-04-21,12.75,13.100000381469727,12.229999542236328,12.729999542236328,864100,8.90848159790039
2020-04-22,13.050000190734863,13.670000076293945,13.050000190734863,13.40999984741211,448700,9.384347915649414
2020-04-23,13.65999984741211,14.020000457763672,13.430000305175781,13.520000457763672,656000,9.461326599121094
2020-04-24,13.670000076293945,14.0,13.470000267028809,13.869999885559082,602700,9.706256866455078
2020-04-27,13.470000267028809,13.859999656677246,13.380000114440918,13.609999656677246,608600,9.524306297302246
2020-04-28,13.770000457763672,14.069999694824219,13.539999961853027,13.619999885559082,549100,9.531304359436035
2020-04-29,14.09000015258789,15.109999656677246,14.09000015258789,15.109999656677246,699200,10.574010848999023
2020-04-30,15.300000190734863,15.479999542236328,14.4399995803833,15.260000228881836,811800,10.678977966308594
2020-05-01,15.09000015258789,15.130000114440918,14.510000228881836,14.729999542236328,371500,10.308084487915039
2020-05-04,14.510000228881836,14.960000038146973,14.4399995803833,14.6899995803833,510200,10.2800931930542
2020-05-05,15.449999809265137,15.630000114440918,14.760000228881836,14.869999885559082,816300,10.406059265136719
2020-05-06,14.859999656677246,15.079999923706055,14.359999656677246,14.479999542236328,429300,10.133135795593262
2020-05-07,15.039999961853027,15.300000190734863,14.779999732971191,15.170000076293945,595500,10.616000175476074
2020-05-08,15.470000267028809,15.470000267028809,15.109999656677246,15.4399995803833,520600,10.804945945739746
2020-05-11,15.399999618530273,15.449999809265137,15.180000305175781,15.329999923706055,351400,10.727964401245117
2020-05-12,15.420000076293945,15.65999984741211,15.149999618530273,15.180000305175781,635800,10.622997283935547
2020-05-13,15.100000381469727,15.109999656677246,14.010000228881836,14.069999694824219,722700,9.846216201782227
2020-05-14,13.739999771118164,13.8100004196167,13.100000381469727,13.680000305175781,737800,9.573294639587402
2020-05-15,13.720000267028809,14.84000015258789,13.720000267028809,14.739999771118164,773600,10.315084457397461
2020-05-19,15.979999542236328,15.979999542236328,14.989999771118164,15.40999984741211,697900,10.783953666687012
2020-05-20,15.680000305175781,16.850000381469727,15.680000305175781,16.850000381469727,693800,11.791665077209473
2020-05-21,17.010000228881836,17.06999969482422,16.15999984741211,16.5,537000,11.546735763549805
2020-05-22,16.299999237060547,16.450000762939453,16.030000686645508,16.360000610351562,302200,11.448763847351074
2020-05-25,16.420000076293945,16.520000457763672,15.630000114440918,15.720000267028809,209700,11.000889778137207
2020-05-26,15.960000038146973,16.09000015258789,15.6899995803833,15.880000114440918,407700,11.112857818603516
2020-05-27,15.949999809265137,16.100000381469727,15.289999961853027,16.049999237060547,476700,11.231823921203613
2020-05-28,16.06999969482422,16.06999969482422,15.539999961853027,15.699999809265137,386500,10.986894607543945
2020-05-29,15.59000015258789,15.859999656677246,15.329999923706055,15.479999542236328,482000,10.832939147949219
2020-06-01,15.40999984741211,15.800000190734863,15.149999618530273,15.729999542236328,504300,11.007889747619629
2020-06-02,15.850000381469727,16.1299991607666,15.630000114440918,15.960000038146973,520900,11.168841361999512
2020-06-03,16.1299991607666,16.420000076293945,15.649999618530273,16.209999084472656,617100,11.343792915344238
2020-06-04,16.1200008392334,16.149999618530273,15.770000457763672,15.890000343322754,450000,11.119854927062988
2020-06-05,16.479999542236328,17.799999237060547,16.450000762939453,17.270000457763672,653300,12.085585594177246
2020-06-08,17.770000457763672,18.110000610351562,17.239999771118164,17.530000686645508,629600,12.267532348632812
2020-06-09,17.270000457763672,17.600000381469727,16.969999313354492,17.100000381469727,471000,11.966619491577148
2020-06-10,16.93000030517578,17.299999237060547,16.15999984741211,17.010000228881836,753000,11.90363597869873
2020-06-11,16.079999923706055,16.309999465942383,15.5,15.569999694824219,576400,10.895920753479004
2020-06-12,16.049999237060547,16.579999923706055,15.899999618530273,16.110000610351562,446200,11.273813247680664
2020-06-15,15.5600004196167,16.260000228881836,15.350000381469727,16.049999237060547,436700,11.231823921203613
2020-06-16,16.5,16.780000686645508,15.869999885559082,15.949999809265137,430300,11.161844253540039
2020-06-17,15.920000076293945,16.3700008392334,15.630000114440918,16.139999389648438,519400,11.294809341430664
2020-06-18,15.960000038146973,16.610000610351562,15.960000038146973,16.290000915527344,397900,11.39977741241455
2020-06-19,16.75,16.75,16.1200008392334,16.43000030517578,840800,11.497751235961914
2020-06-22,16.260000228881836,16.540000915527344,15.960000038146973,16.440000534057617,370900,11.50474739074707
2020-06-23,16.579999923706055,16.719999313354492,16.280000686645508,16.549999237060547,348200,11.58172607421875
2020-06-24,16.34000015258789,16.34000015258789,15.470000267028809,15.470000267028809,472200,10.825942039489746
2020-06-25,15.460000038146973,16.15999984741211,15.390000343322754,16.040000915527344,583300,11.224830627441406
2020-06-26,15.979999542236328,16.43000030517578,15.699999809265137,15.819999694824219,535500,11.070869445800781
2020-06-29,15.710000038146973,16.34000015258789,15.710000038146973,16.110000610351562,347900,11.273813247680664
2020-06-30,16.06999969482422,16.450000762939453,15.829999923706055,16.360000610351562,502600,11.448763847351074
2020-07-02,16.34000015258789,16.920000076293945,16.34000015258789,16.850000381469727,427700,11.791665077209473
2020-07-03,16.760000228881836,17.280000686645508,16.719999313354492,16.90999984741211,162900,11.83365249633789
2020-07-06,17.030000686645508,17.270000457763672,16.90999984741211,17.139999389648438,351000,11.994608879089355
2020-07-07,17.030000686645508,17.170000076293945,16.579999923706055,16.610000610351562,369000,11.623713493347168
2020-07-08,16.709999084472656,17.0,16.40999984741211,16.520000457763672,375500,11.560733795166016
2020-07-09,16.549999237060547,16.81999969482422,16.31999969482422,16.540000915527344,300600,11.574728012084961
2020-07-10,16.420000076293945,16.790000915527344,16.31999969482422,16.65999984741211,360800,11.658703804016113
2020-07-13,16.670000076293945,16.729999542236328,16.31999969482422,16.350000381469727,529600,11.441764831542969
2020-07-14,16.239999771118164,16.84000015258789,16.030000686645508,16.84000015258789,256100,11.784669876098633
2020-07-15,16.90999984741211,17.329999923706055,16.739999771118164,17.1200008392334,423900,11.980615615844727
2020-07-16,16.969999313354492,17.149999618530273,16.799999237060547,16.8700008392334,179600,11.8056640625
2020-07-17,16.81999969482422,16.90999984741211,16.149999618530273,16.399999618530273,464400,11.476757049560547
2020-07-20,16.3799991607666,16.489999771118164,16.06999969482422,16.34000015258789,290700,11.434768676757812
2020-07-21,16.450000762939453,17.059999465942383,16.440000534057617,16.969999313354492,440100,11.875642776489258
2020-07-22,16.889999389648438,16.989999771118164,16.6299991607666,16.709999084472656,252400,11.693690299987793
2020-07-23,16.610000610351562,16.940000534057617,16.479999542236328,16.68000030517578,236400,11.672700881958008
2020-07-24,16.68000030517578,16.8799991607666,16.520000457763672,16.65999984741211,243400,11.658703804016113
2020-07-27,16.579999923706055,16.709999084472656,16.229999542236328,16.520000457763672,346100,11.560733795166016
2020-07-28,16.420000076293945,16.5,16.100000381469727,16.239999771118164,338600,11.364788055419922
2020-07-29,16.280000686645508,16.729999542236328,16.06999969482422,16.690000534057617,359500,11.67969799041748
2020-07-30,16.34000015258789,16.530000686645508,15.859999656677246,16.219999313354492,353300,11.350790977478027
2020-07-31,16.200000762939453,16.360000610351562,16.030000686645508,16.200000762939453,478500,11.336795806884766
2020-08-04,16.15999984741211,16.850000381469727,16.020000457763672,16.790000915527344,584300,11.749678611755371
2020-08-05,17.0,17.6299991607666,16.920000076293945,17.6200008392334,486400,12.330514907836914
2020-08-06,17.8799991607666,18.600000381469727,17.829999923706055,18.350000381469727,962600,12.841367721557617
2020-08-07,18.229999542236328,18.799999237060547,17.950000762939453,18.75,643100,13.121291160583496
2020-08-10,18.899999618530273,19.190000534057617,18.739999771118164,18.920000076293945,518600,13.240256309509277
2020-08-11,19.030000686645508,19.170000076293945,18.229999542236328,18.309999465942383,377700,12.813377380371094
2020-08-12,18.549999237060547,19.350000381469727,18.440000534057617,19.170000076293945,678100,13.41521167755127
2020-08-13,19.149999618530273,19.200000762939453,18.780000686645508,19.110000610351562,253100,13.373220443725586
2020-08-14,18.979999542236328,19.170000076293945,18.760000228881836,19.170000076293945,284300,13.41521167755127
2020-08-17,19.170000076293945,19.3700008392334,18.93000030517578,19.290000915527344,282200,13.499186515808105
2020-08-18,19.200000762939453,19.3700008392334,18.90999984741211,18.90999984741211,355100,13.233259201049805
2020-08-19,18.899999618530273,19.059999465942383,18.729999542236328,18.979999542236328,413000,13.282243728637695
2020-08-20,18.729999542236328,18.899999618530273,18.450000762939453,18.770000457763672,199400,13.135287284851074
2020-08-21,18.59000015258789,18.6299991607666,17.959999084472656,18.110000610351562,195700,12.673419952392578
2020-08-24,18.309999465942383,18.729999542236328,18.190000534057617,18.5,311300,12.946341514587402
2020-08-25,18.600000381469727,18.700000762939453,18.209999084472656,18.40999984741211,289300,12.883355140686035
2020-08-26,18.399999618530273,18.729999542236328,18.34000015258789,18.360000610351562,242600,12.848371505737305
2020-08-27,18.399999618530273,18.399999618530273,17.950000762939453,18.170000076293945,273700,12.715404510498047
2020-08-28,18.25,18.31999969482422,18.010000228881836,18.229999542236328,203700,12.757391929626465
2020-08-31,18.270000457763672,18.270000457763672,17.579999923706055,17.850000381469727,256200,12.491471290588379
2020-09-01,17.8700008392334,18.25,17.649999618530273,18.139999389648438,346100,12.694409370422363
2020-09-02,17.959999084472656,18.049999237060547,17.65999984741211,17.719999313354492,244800,12.400493621826172
2020-09-03,17.549999237060547,17.93000030517578,17.469999313354492,17.510000228881836,204200,12.25353717803955
2020-09-04,17.530000686645508,17.6299991607666,17.219999313354492,17.5,231200,12.246540069580078
2020-09-08,17.139999389648438,17.200000762939453,16.6299991607666,16.6299991607666,347200,11.637709617614746
2020-09-09,16.790000915527344,17.030000686645508,16.709999084472656,16.93000030517578,594600,11.847649574279785
2020-09-10,16.889999389648438,17.079999923706055,16.469999313354492,16.489999771118164,381200,11.539735794067383
2020-09-11,16.34000015258789,16.68000030517578,15.890000343322754,16.0,682700,11.196833610534668
2020-09-14,16.010000228881836,16.18000030517578,15.4399995803833,15.539999961853027,818900,10.874926567077637
2020-09-15,15.6899995803833,15.8100004196167,15.050000190734863,15.369999885559082,975500,10.755961418151855
2020-09-16,15.699999809265137,15.699999809265137,14.979999542236328,15.0,1656600,10.49703311920166
2020-09-17,14.989999771118164,15.430000305175781,14.84000015258789,15.260000228881836,1264200,10.678977966308594
2020-09-18,15.1899995803833,15.420000076293945,15.020000457763672,15.25,981800,10.671984672546387
2020-09-21,14.899999618530273,15.130000114440918,14.479999542236328,14.819999694824219,532000,10.37106990814209
2020-09-22,14.960000038146973,15.319999694824219,14.9399995803833,15.229999542236328,1068000,10.657984733581543
2020-09-23,15.279999732971191,15.699999809265137,14.739999771118164,14.760000228881836,862200,10.329082489013672
2020-09-24,14.680000305175781,15.199999809265137,14.489999771118164,14.90999984741211,704900,10.434050559997559
2020-09-25,14.989999771118164,15.010000228881836,14.479999542236328,14.680000305175781,333300,10.27309799194336
2020-09-28,14.949999809265137,15.079999923706055,14.760000228881836,14.9399995803833,720100,10.45504379272461
2020-09-29,14.869999885559082,14.869999885559082,14.09000015258789,14.25,624400,9.972182273864746
2020-09-30,14.3100004196167,14.380000114440918,13.899999618530273,14.029999732971191,1097600,9.818224906921387
2020-10-01,13.899999618530273,14.380000114440918,13.630000114440918,13.699999809265137,953100,9.587287902832031
2020-10-02,13.420000076293945,14.09000015258789,13.350000381469727,13.789999961853027,672600,9.650272369384766
2020-10-05,13.9399995803833,14.449999809265137,13.9399995803833,14.270000457763672,584000,9.986177444458008
2020-10-06,14.710000038146973,15.430000305175781,14.619999885559082,14.8100004196167,950500,10.364068984985352
2020-10-07,14.8100004196167,14.90999984741211,14.369999885559082,14.380000114440918,676000,10.063157081604004
2020-10-08,14.539999961853027,15.050000190734863,14.479999542236328,14.9399995803833,667300,10.45504379272461
2020-10-09,15.039999961853027,15.039999961853027,14.350000381469727,14.619999885559082,552300,10.231106758117676
2020-10-13,14.5600004196167,14.59000015258789,13.84000015258789,13.880000114440918,834300,9.713253021240234
2020-10-14,13.920000076293945,14.460000038146973,13.869999885559082,14.210000038146973,779800,9.944189071655273
2020-10-15,13.930000305175781,14.479999542236328,13.930000305175781,14.449999809265137,485500,10.112141609191895
2020-10-16,14.430000305175781,14.729999542236328,14.170000076293945,14.460000038146973,611600,10.119138717651367
2020-10-19,14.5,14.550000190734863,14.300000190734863,14.3100004196167,527200,10.014169692993164
2020-10-20,14.350000381469727,14.84000015258789,14.260000228881836,14.699999809265137,513100,10.287091255187988
2020-10-21,14.670000076293945,14.670000076293945,14.210000038146973,14.25,693300,9.972182273864746
2020-10-22,14.220000267028809,14.640000343322754,14.15999984741211,14.5600004196167,991100,10.189118385314941
2020-10-23,14.600000381469727,14.680000305175781,13.960000038146973,13.979999542236328,1017500,9.783233642578125
2020-10-26,13.800000190734863,13.800000190734863,12.880000114440918,13.0600004196167,1103300,9.139416694641113
2020-10-27,13.039999961853027,13.180000305175781,12.880000114440918,12.899999618530273,1075700,9.027447700500488
2020-10-28,12.579999923706055,12.649999618530273,12.239999771118164,12.369999885559082,878100,8.6565523147583
2020-10-29,12.050000190734863,12.9399995803833,12.050000190734863,12.859999656677246,730500,8.999456405639648
2020-10-30,12.8100004196167,12.979999542236328,12.630000114440918,12.970000267028809,493200,9.076433181762695
2020-11-02,13.170000076293945,13.170000076293945,12.75,12.859999656677246,546800,8.999456405639648
2020-11-03,13.050000190734863,13.3100004196167,12.979999542236328,13.039999961853027,474000,9.125420570373535
2020-11-04,13.0600004196167,13.180000305175781,12.779999732971191,12.8100004196167,565400,8.964466094970703
2020-11-05,12.729999542236328,13.489999771118164,12.720000267028809,13.180000305175781,997300,9.223392486572266
2020-11-06,13.239999771118164,13.270000457763672,12.779999732971191,13.0,770100,9.097429275512695
2020-11-09,13.899999618530273,15.079999923706055,13.829999923706055,14.9399995803833,1870500,10.45504379272461
2020-11-10,15.0,15.369999885559082,14.90999984741211,15.0600004196167,1250600,10.539021492004395
2020-11-11,15.229999542236328,15.630000114440918,15.210000038146973,15.399999618530273,1218600,10.776952743530273
2020-11-12,15.220000267028809,15.329999923706055,14.510000228881836,14.619999885559082,570300,10.231106758117676
2020-11-13,14.600000381469727,15.140000343322754,14.600000381469727,14.890000343322754,612500,10.42005443572998
2020-11-16,15.220000267028809,16.200000762939453,15.220000267028809,16.15999984741211,1231700,11.308802604675293
2020-11-17,15.90999984741211,16.280000686645508,15.739999771118164,16.030000686645508,702400,11.217830657958984
2020-11-18,16.280000686645508,16.639999389648438,16.100000381469727,16.1200008392334,688500,11.28081226348877
2020-11-19,15.90999984741211,16.31999969482422,15.8100004196167,16.299999237060547,483300,11.40677547454834
2020-11-20,16.270000457763672,16.559999465942383,16.110000610351562,16.290000915527344,544600,11.39977741241455
2020-11-23,16.790000915527344,17.5,16.65999984741211,17.459999084472656,614200,12.218544960021973
2020-11-24,18.479999542236328,19.0,18.0,18.68000030517578,1403400,13.072305679321289
2020-11-25,18.690000534057617,18.8700008392334,18.479999542236328,18.6200008392334,640500,13.030320167541504
2020-11-26,18.520000457763672,18.719999313354492,18.40999984741211,18.520000457763672,263800,12.960336685180664
2020-11-27,18.420000076293945,18.889999389648438,18.350000381469727,18.780000686645508,348700,13.14228343963623
2020-11-30,18.1200008392334,18.3799991607666,17.65999984741211,17.799999237060547,1095100,12.4564790725708
2020-12-01,18.1299991607666,18.329999923706055,17.6200008392334,17.8700008392334,702400,12.50546932220459
2020-12-02,17.709999084472656,19.229999542236328,17.700000762939453,18.850000381469727,657600,13.19127082824707
2020-12-03,18.860000610351562,18.8799991607666,18.34000015258789,18.520000457763672,590600,12.960336685180664
2020-12-04,18.790000915527344,19.25,18.790000915527344,19.18000030517578,527100,13.42220401763916
2020-12-07,19.100000381469727,19.290000915527344,18.700000762939453,18.989999771118164,725800,13.2892427444458
2020-12-08,18.8700008392334,19.18000030517578,18.56999969482422,18.75,558500,13.121291160583496
2020-12-09,18.90999984741211,19.25,18.420000076293945,18.5,652600,12.946341514587402
2020-12-10,18.399999618530273,19.389999389648438,18.389999389648438,18.979999542236328,696700,13.282243728637695
2020-12-11,18.760000228881836,18.780000686645508,18.40999984741211,18.649999618530273,508400,13.051312446594238
2020-12-14,18.989999771118164,19.1299991607666,18.239999771118164,18.280000686645508,534700,12.79238224029541
2020-12-15,18.489999771118164,18.59000015258789,18.040000915527344,18.239999771118164,499700,12.764391899108887
2020-12-16,18.25,18.549999237060547,17.920000076293945,18.299999237060547,606500,12.806381225585938
2020-12-17,18.399999618530273,18.399999618530273,17.799999237060547,18.239999771118164,479100,12.764391899108887
2020-12-18,18.299999237060547,18.510000228881836,18.239999771118164,18.290000915527344,754700,12.799381256103516
2020-12-21,17.59000015258789,18.139999389648438,17.450000762939453,17.719999313354492,396200,12.400493621826172
2020-12-22,17.559999465942383,18.190000534057617,17.520000457763672,17.549999237060547,646500,12.281527519226074
2020-12-23,17.729999542236328,18.309999465942383,17.729999542236328,18.270000457763672,463500,12.78538703918457
2020-12-24,18.170000076293945,18.479999542236328,17.950000762939453,18.110000610351562,163600,12.673419952392578
2020-12-29,18.049999237060547,18.100000381469727,17.75,17.790000915527344,283400,12.449483871459961
2020-12-30,17.809999465942383,18.190000534057617,17.799999237060547,17.889999389648438,317200,12.519460678100586
2020-12-31,17.829999923706055,17.850000381469727,17.510000228881836,17.520000457763672,175400,12.260533332824707
2021-01-04,17.34000015258789,17.93000030517578,17.34000015258789,17.5,464500,12.246540069580078
2021-01-05,17.690000534057617,19.219999313354492,17.690000534057617,18.8700008392334,661800,13.205267906188965
2021-01-06,19.489999771118164,19.489999771118164,18.860000610351562,19.139999389648438,880800,13.394213676452637
2021-01-07,19.40999984741211,19.950000762939453,19.290000915527344,19.90999984741211,833900,13.933059692382812
2021-01-08,20.049999237060547,20.309999465942383,19.610000610351562,19.850000381469727,548800,13.891070365905762
2021-01-11,19.639999389648438,20.020000457763672,19.5,19.799999237060547,783000,13.856082916259766
2021-01-12,19.969999313354492,20.639999389648438,19.969999313354492,20.600000381469727,620300,14.415925025939941
2021-01-13,20.59000015258789,20.8700008392334,20.360000610351562,20.510000228881836,528900,14.35294246673584
2021-01-14,20.56999969482422,21.489999771118164,20.56999969482422,21.110000610351562,818800,14.772823333740234
2021-01-15,20.540000915527344,20.920000076293945,20.209999084472656,20.209999084472656,547200,14.142999649047852
2021-01-18,20.229999542236328,20.6200008392334,20.09000015258789,20.15999984741211,142700,14.108013153076172
2021-01-19,20.260000228881836,20.670000076293945,20.1200008392334,20.59000015258789,428400,14.408927917480469
2021-01-20,20.899999618530273,20.940000534057617,20.600000381469727,20.809999465942383,430800,14.562881469726562
2021-01-21,20.719999313354492,20.950000762939453,20.469999313354492,20.6299991607666,450700,14.436920166015625
2021-01-22,20.219999313354492,20.770000457763672,20.149999618530273,20.690000534057617,554200,14.47890853881836
2021-01-25,20.530000686645508,20.729999542236328,20.290000915527344,20.68000030517578,517500,14.471909523010254
2021-01-26,20.84000015258789,20.950000762939453,19.8700008392334,19.940000534057617,500700,13.954056739807129
2021-01-27,19.489999771118164,20.329999923706055,19.489999771118164,19.809999465942383,586800,13.863080024719238
2021-01-28,19.989999771118164,20.270000457763672,19.780000686645508,20.030000686645508,333700,14.01703929901123
2021-01-29,20.020000457763672,20.3700008392334,19.260000228881836,19.350000381469727,373500,13.541173934936523
2021-02-01,19.760000228881836,20.219999313354492,19.43000030517578,20.09000015258789,426400,14.059026718139648
2021-02-02,20.420000076293945,20.799999237060547,20.229999542236328,20.3799991607666,534500,14.261963844299316
2021-02-03,20.739999771118164,21.440000534057617,20.700000762939453,21.299999237060547,513000,14.905790328979492
2021-02-04,21.690000534057617,21.690000534057617,21.110000610351562,21.559999465942383,343600,15.087737083435059
2021-02-05,21.75,21.81999969482422,21.139999389648438,21.649999618530273,637000,15.150713920593262
2021-02-08,21.920000076293945,22.290000915527344,21.469999313354492,21.8799991607666,818000,15.311673164367676
2021-02-09,21.75,22.1299991607666,21.399999618530273,21.959999084472656,885300,15.36765193939209
2021-02-10,22.149999618530273,22.31999969482422,21.670000076293945,21.75,673700,15.220699310302734
2021-02-11,21.75,22.0,20.959999084472656,21.25,426000,14.87079906463623
2021-02-12,21.149999618530273,21.6299991607666,20.899999618530273,21.579999923706055,392200,15.101727485656738
2021-02-16,21.950000762939453,22.100000381469727,21.459999084472656,21.639999389648438,365300,15.143719673156738
2021-02-17,21.520000457763672,22.0,21.079999923706055,21.899999618530273,630900,15.325668334960938
2021-02-18,21.809999465942383,21.899999618530273,20.93000030517578,20.93000030517578,545500,14.646859169006348
2021-02-19,20.850000381469727,21.229999542236328,20.690000534057617,20.940000534057617,647300,14.653855323791504
2021-02-22,21.0,22.469999313354492,20.809999465942383,22.049999237060547,1164000,15.430639266967773
2021-02-23,22.190000534057617,22.190000534057617,21.200000762939453,21.790000915527344,677800,15.248692512512207
2021-02-24,21.84000015258789,22.190000534057617,21.709999084472656,21.829999923706055,496500,15.276681900024414
2021-02-25,21.920000076293945,21.950000762939453,20.56999969482422,20.670000076293945,584400,14.464912414550781
2021-02-26,20.399999618530273,20.799999237060547,19.700000762939453,20.34000015258789,895600,14.233975410461426
2021-03-01,20.829999923706055,21.229999542236328,20.729999542236328,20.799999237060547,649700,14.555886268615723
2021-03-02,20.8799991607666,21.139999389648438,20.639999389648438,20.700000762939453,408500,14.485909461975098
2021-03-03,20.950000762939453,21.68000030517578,20.760000228881836,21.6200008392334,750100,15.129725456237793
2021-03-04,22.200000762939453,23.350000381469727,22.0,22.899999618530273,1117100,16.025470733642578
2021-03-05,23.389999389648438,24.010000228881836,23.190000534057617,23.75,956600,16.620298385620117
2021-03-08,23.989999771118164,24.329999923706055,23.440000534057617,23.459999084472656,892800,16.4173583984375
2021-03-09,23.459999084472656,23.989999771118164,23.350000381469727,23.469999313354492,380600,16.424358367919922
2021-03-10,23.559999465942383,23.75,23.350000381469727,23.540000915527344,460400,16.473339080810547
2021-03-11,23.649999618530273,24.0,23.459999084472656,23.56999969482422,285100,16.49433135986328
2021-03-12,23.799999237060547,23.799999237060547,22.6299991607666,22.8700008392334,536000,16.004474639892578
2021-03-15,22.729999542236328,22.979999542236328,21.989999771118164,22.260000228881836,597700,15.577593803405762
2021-03-16,22.299999237060547,22.520000457763672,21.790000915527344,21.790000915527344,596300,15.248692512512207
2021-03-17,21.540000915527344,22.110000610351562,21.350000381469727,22.110000610351562,795500,15.472626686096191
2021-03-18,21.940000534057617,21.940000534057617,20.950000762939453,21.030000686645508,962900,14.716839790344238
2021-03-19,21.0,22.110000610351562,20.809999465942383,21.969999313354492,1207400,15.374651908874512
2021-03-22,22.1299991607666,22.1299991607666,21.579999923706055,21.6200008392334,317100,15.129725456237793
2021-03-23,21.190000534057617,21.280000686645508,20.75,20.790000915527344,340700,14.548887252807617
2021-03-24,21.239999771118164,21.739999771118164,21.219999313354492,21.280000686645508,515100,14.891790390014648
2021-03-25,20.670000076293945,21.049999237060547,20.299999237060547,21.010000228881836,373600,14.702842712402344
2021-03-26,21.40999984741211,22.149999618530273,21.219999313354492,22.010000228881836,572000,15.402647018432617
2021-03-29,22.299999237060547,22.850000381469727,21.940000534057617,22.639999389648438,611700,15.843523025512695
2021-03-30,22.559999465942383,22.760000228881836,22.190000534057617,22.56999969482422,292000,15.794534683227539
2021-03-31,22.510000228881836,22.809999465942383,22.399999618530273,22.40999984741211,507800,15.682564735412598
2021-04-01,22.5,23.549999237060547,22.489999771118164,23.469999313354492,753200,16.424358367919922
2021-04-05,23.469999313354492,23.5,22.799999237060547,22.809999465942383,449100,15.96248722076416
2021-04-06,22.989999771118164,23.549999237060547,22.809999465942383,23.190000534057617,497000,16.228416442871094
2021-04-07,23.139999389648438,23.489999771118164,23.059999465942383,23.15999984741211,319600,16.207412719726562
2021-04-08,23.0,23.020000457763672,22.579999923706055,22.770000457763672,438100,15.934496879577637
2021-04-09,22.75,22.75,22.260000228881836,22.280000686645508,402200,15.591595649719238
2021-04-12,22.469999313354492,22.530000686645508,22.040000915527344,22.200000762939453,358900,15.535608291625977
2021-04-13,22.200000762939453,22.229999542236328,21.799999237060547,21.8799991607666,294800,15.311673164367676
2021-04-14,22.079999923706055,22.81999969482422,22.079999923706055,22.399999618530273,413700,15.675570487976074
2021-04-15,22.440000534057617,22.6200008392334,22.290000915527344,22.459999084472656,345900,15.717555046081543
2021-04-16,22.540000915527344,22.790000915527344,22.440000534057617,22.690000534057617,274600,15.87851333618164
2021-04-19,22.799999237060547,23.030000686645508,22.530000686645508,22.600000381469727,235400,15.815529823303223
2021-04-20,22.420000076293945,22.489999771118164,21.579999923706055,21.729999542236328,446500,15.206703186035156
2021-04-21,21.489999771118164,22.18000030517578,21.479999542236328,21.93000030517578,293200,15.346662521362305
2021-04-22,22.0,22.010000228881836,21.600000381469727,21.739999771118164,263300,15.21369457244873
2021-04-23,21.739999771118164,22.270000457763672,21.68000030517578,22.1299991607666,360400,15.486624717712402
2021-04-26,22.100000381469727,22.549999237060547,22.059999465942383,22.280000686645508,309400,15.591595649719238
2021-04-27,22.389999389648438,22.600000381469727,22.209999084472656,22.510000228881836,245000,15.752543449401855
2021-04-28,22.559999465942383,23.360000610351562,22.510000228881836,23.299999237060547,253500,16.305389404296875
2021-04-29,23.600000381469727,23.90999984741211,23.299999237060547,23.3799991607666,347800,16.361373901367188
2021-04-30,23.059999465942383,23.75,22.790000915527344,23.149999618530273,374700,16.200420379638672
2021-05-03,23.299999237060547,23.700000762939453,23.219999313354492,23.579999923706055,369700,16.50133514404297
2021-05-04,23.559999465942383,23.610000610351562,22.979999542236328,23.15999984741211,445200,16.207412719726562
2021-05-05,23.440000534057617,24.110000610351562,23.34000015258789,23.65999984741211,409800,16.55731773376465
2021-05-06,23.549999237060547,23.760000228881836,22.239999771118164,22.860000610351562,935400,15.997479438781738
2021-05-07,22.639999389648438,22.860000610351562,22.059999465942383,22.09000015258789,808800,15.458630561828613
2021-05-10,22.309999465942383,22.329999923706055,21.540000915527344,21.59000015258789,563900,15.10873031616211
2021-05-11,21.1200008392334,21.6299991607666,21.110000610351562,21.420000076293945,642000,14.989763259887695
2021-05-12,21.25,21.3799991607666,20.559999465942383,20.899999618530273,862100,14.625865936279297
2021-05-13,20.68000030517578,20.729999542236328,19.889999389648438,20.18000030517578,1300400,14.122005462646484
2021-05-14,20.329999923706055,20.719999313354492,20.229999542236328,20.25,413300,14.170991897583008
2021-05-17,20.200000762939453,20.559999465942383,20.149999618530273,20.530000686645508,622600,14.366939544677734
2021-05-18,20.049999237060547,20.579999923706055,19.299999237060547,20.34000015258789,1100600,14.233975410461426
2021-05-19,19.889999389648438,19.989999771118164,19.350000381469727,19.65999984741211,784400,13.758108139038086
2021-05-20,19.670000076293945,19.780000686645508,19.360000610351562,19.65999984741211,566800,13.758108139038086
2021-05-21,19.920000076293945,19.969999313354492,19.3700008392334,19.389999389648438,419500,13.569164276123047
2021-05-25,19.559999465942383,19.690000534057617,19.09000015258789,19.639999389648438,516300,13.744112014770508
2021-05-26,19.65999984741211,20.360000610351562,19.559999465942383,20.079999923706055,766100,14.052029609680176
2021-05-27,20.1200008392334,20.459999084472656,20.040000915527344,20.079999923706055,786200,14.052029609680176
2021-05-28,19.780000686645508,20.709999084472656,19.780000686645508,20.6200008392334,558800,14.429920196533203
2021-05-31,20.700000762939453,21.290000915527344,20.700000762939453,21.1200008392334,398700,14.779823303222656
2021-06-01,21.5,21.940000534057617,21.329999923706055,21.84000015258789,851500,15.28367805480957
2021-06-02,21.950000762939453,22.260000228881836,21.709999084472656,21.920000076293945,575700,15.339664459228516
2021-06-03,21.68000030517578,22.06999969482422,21.520000457763672,21.8700008392334,380700,15.304676055908203
2021-06-04,22.0,22.270000457763672,21.760000228881836,22.18000030517578,327800,15.521610260009766
2021-06-07,22.25,22.43000030517578,22.020000457763672,22.209999084472656,420900,15.542607307434082
2021-06-08,21.969999313354492,22.34000015258789,21.760000228881836,22.030000686645508,511300,15.416640281677246
2021-06-09,22.110000610351562,22.15999984741211,21.729999542236328,22.059999465942383,384700,15.43763542175293
2021-06-10,22.299999237060547,22.959999084472656,22.25,22.8799991607666,530400,16.011472702026367
2021-06-11,23.0,23.309999465942383,22.809999465942383,22.860000610351562,387900,15.997479438781738
2021-06-14,22.899999618530273,23.1200008392334,22.329999923706055,22.34000015258789,344000,15.63357925415039
2021-06-15,22.479999542236328,22.510000228881836,21.969999313354492,22.309999465942383,452200,15.612586975097656
2021-06-16,22.18000030517578,22.270000457763672,21.84000015258789,21.850000381469727,447600,15.290675163269043
2021-06-17,21.719999313354492,21.799999237060547,20.8700008392334,20.90999984741211,534200,14.632861137390137
2021-06-18,20.549999237060547,21.260000228881836,20.549999237060547,20.670000076293945,904800,14.464912414550781
2021-06-21,20.84000015258789,21.56999969482422,20.809999465942383,21.3799991607666,1355900,14.961771011352539
2021-06-22,21.34000015258789,21.530000686645508,20.8799991607666,21.34000015258789,549000,14.933777809143066
2021-06-23,21.6299991607666,21.899999618530273,21.530000686645508,21.579999923706055,597200,15.101727485656738
2021-06-24,21.559999465942383,21.709999084472656,21.450000762939453,21.649999618530273,543800,15.150713920593262
2021-06-25,21.75,21.850000381469727,21.299999237060547,21.389999389648438,640500,14.968770980834961
2021-06-28,21.399999618530273,21.40999984741211,21.040000915527344,21.239999771118164,342500,14.863799095153809
2021-06-29,21.420000076293945,21.59000015258789,21.18000030517578,21.280000686645508,305200,14.891790390014648
2021-06-30,21.309999465942383,21.399999618530273,20.649999618530273,20.700000762939453,535300,14.485909461975098
2021-07-02,21.06999969482422,21.3799991607666,20.799999237060547,21.100000381469727,661400,14.765822410583496
2021-07-05,21.100000381469727,21.3799991607666,20.84000015258789,21.31999969482422,265400,14.919783592224121
2021-07-06,21.059999465942383,21.190000534057617,20.489999771118164,21.149999618530273,519300,14.800817489624023
2021-07-07,21.1200008392334,21.299999237060547,20.690000534057617,20.690000534057617,478200,14.47890853881836
2021-07-08,20.43000030517578,22.25,20.40999984741211,21.799999237060547,1109200,15.255684852600098
2021-07-09,22.049999237060547,22.399999618530273,21.6200008392334,22.329999923706055,526800,15.6265869140625
2021-07-12,22.09000015258789,22.329999923706055,21.829999923706055,22.170000076293945,295400,15.514613151550293
2021-07-13,22.1299991607666,22.299999237060547,21.850000381469727,22.280000686645508,346300,15.591595649719238
2021-07-14,22.09000015258789,22.549999237060547,21.709999084472656,21.899999618530273,415500,15.325668334960938
2021-07-15,21.670000076293945,22.389999389648438,21.65999984741211,21.770000457763672,545300,15.234691619873047
2021-07-16,21.8799991607666,22.1299991607666,20.950000762939453,21.040000915527344,427300,14.723837852478027
2021-07-19,20.43000030517578,20.639999389648438,19.540000915527344,19.6299991607666,624300,13.737112998962402
2021-07-20,19.600000381469727,20.1299991607666,19.389999389648438,19.420000076293945,682800,13.59015941619873
2021-07-21,19.729999542236328,20.040000915527344,19.56999969482422,19.8700008392334,733500,13.90506649017334
2021-07-22,19.8799991607666,19.969999313354492,19.59000015258789,19.68000030517578,349800,13.772109031677246
2021-07-23,19.780000686645508,19.889999389648438,19.530000686645508,19.799999237060547,443900,13.856082916259766
2021-07-26,19.850000381469727,20.40999984741211,19.780000686645508,20.1299991607666,359100,14.087016105651855
2021-07-27,20.049999237060547,20.049999237060547,19.75,19.940000534057617,297300,13.954056739807129
2021-07-28,20.0,20.360000610351562,19.649999618530273,20.139999389648438,531800,14.094014167785645
2021-07-29,20.43000030517578,20.6200008392334,20.25,20.56999969482422,263700,14.394928932189941
2021-07-30,20.450000762939453,20.760000228881836,20.309999465942383,20.5,633600,14.345945358276367
2021-08-03,20.360000610351562,20.530000686645508,19.969999313354492,20.350000381469727,427700,14.240973472595215
2021-08-04,19.940000534057617,20.100000381469727,19.489999771118164,19.489999771118164,334700,13.639145851135254
2021-08-05,19.479999542236328,19.90999984741211,19.309999465942383,19.350000381469727,1150300,13.541173934936523
2021-08-06,19.540000915527344,19.540000915527344,18.600000381469727,18.649999618530273,556100,13.051312446594238
2021-08-09,18.420000076293945,18.700000762939453,18.190000534057617,18.65999984741211,638400,13.058309555053711
2021-08-10,18.700000762939453,19.31999969482422,18.700000762939453,19.200000762939453,452500,13.436203002929688
2021-08-11,19.149999618530273,19.31999969482422,18.860000610351562,19.100000381469727,780000,13.36622142791748
2021-08-12,19.3700008392334,19.3700008392334,18.950000762939453,19.06999969482422,342700,13.345227241516113
2021-08-13,19.15999984741211,19.15999984741211,18.84000015258789,18.899999618530273,334200,13.226261138916016
2021-08-16,18.760000228881836,18.760000228881836,18.1200008392334,18.260000228881836,409500,12.778388977050781
2021-08-17,18.170000076293945,18.399999618530273,18.100000381469727,18.149999618530273,386000,12.701408386230469
2021-08-18,18.25,18.25,17.739999771118164,17.760000228881836,529900,12.428486824035645
2021-08-19,17.43000030517578,17.899999618530273,17.280000686645508,17.850000381469727,834900,12.491471290588379
2021-08-20,17.739999771118164,18.25,17.739999771118164,18.209999084472656,508800,12.743396759033203
2021-08-23,18.610000610351562,18.81999969482422,18.469999313354492,18.479999542236328,635600,12.932343482971191
2021-08-24,18.639999389648438,18.790000915527344,18.389999389648438,18.690000534057617,511500,13.079306602478027
2021-08-25,18.700000762939453,18.709999084472656,18.329999923706055,18.399999618530273,729500,12.876359939575195
2021-08-26,18.329999923706055,19.010000228881836,18.299999237060547,18.649999618530273,1021500,13.051312446594238
2021-08-27,18.829999923706055,19.110000610351562,18.739999771118164,18.809999465942383,369400,13.163278579711914
2021-08-30,18.899999618530273,18.959999084472656,18.450000762939453,18.469999313354492,324200,12.925345420837402
2021-08-31,18.420000076293945,19.520000457763672,18.389999389648438,19.440000534057617,653900,13.604154586791992
2021-09-01,19.450000762939453,19.700000762939453,19.200000762939453,19.540000915527344,496300,13.674135208129883
2021-09-02,20.219999313354492,21.399999618530273,20.219999313354492,21.149999618530273,824500,14.800817489624023
2021-09-03,21.059999465942383,21.170000076293945,20.579999923706055,20.860000610351562,548900,14.597870826721191
2021-09-07,20.559999465942383,20.729999542236328,20.280000686645508,20.40999984741211,379000,14.282962799072266
2021-09-08,20.579999923706055,20.600000381469727,20.1200008392334,20.139999389648438,398000,14.094014167785645
2021-09-09,20.040000915527344,20.200000762939453,19.84000015258789,20.06999969482422,350500,14.045029640197754
2021-09-10,20.239999771118164,20.299999237060547,19.81999969482422,19.81999969482422,297900,13.87007999420166
2021-09-13,20.260000228881836,20.719999313354492,20.170000076293945,20.56999969482422,711800,14.394928932189941
2021-09-14,20.600000381469727,20.6200008392334,20.030000686645508,20.139999389648438,330400,14.180184364318848
2021-09-15,20.450000762939453,21.350000381469727,20.43000030517578,21.329999923706055,523600,15.018044471740723
2021-09-16,21.299999237060547,21.34000015258789,20.93000030517578,21.229999542236328,490800,14.947636604309082
2021-09-17,21.09000015258789,21.1200008392334,20.229999542236328,20.399999618530273,969400,14.363247871398926
2021-09-20,19.969999313354492,20.030000686645508,19.389999389648438,19.6299991607666,466300,13.821101188659668
2021-09-21,19.959999084472656,20.100000381469727,19.559999465942383,19.8799991607666,317400,13.997123718261719
2021-09-22,20.1299991607666,21.43000030517578,20.100000381469727,21.299999237060547,718700,14.996923446655273
2021-09-23,21.489999771118164,21.84000015258789,21.25,21.59000015258789,492400,15.201104164123535
2021-09-24,21.56999969482422,22.5,21.3700008392334,22.469999313354492,532700,15.820696830749512
2021-09-27,22.75,23.299999237060547,22.459999084472656,22.6299991607666,888100,15.933343887329102
2021-09-28,22.799999237060547,23.149999618530273,22.690000534057617,22.75,545100,16.017837524414062
2021-09-29,22.90999984741211,23.040000915527344,22.5,22.940000534057617,368800,16.151609420776367
2021-09-30,22.90999984741211,23.170000076293945,22.520000457763672,23.040000915527344,481100,16.222023010253906
2021-10-01,23.06999969482422,23.549999237060547,23.06999969482422,23.290000915527344,309400,16.398042678833008
2021-10-04,23.510000228881836,24.239999771118164,23.469999313354492,23.899999618530273,724700,16.827531814575195
2021-10-05,24.1200008392334,24.43000030517578,23.940000534057617,24.389999389648438,395100,17.17252540588379
2021-10-06,24.0,24.389999389648438,23.75,24.329999923706055,302000,17.13028335571289
2021-10-07,24.299999237060547,24.899999618530273,24.049999237060547,24.84000015258789,645900,17.489362716674805
2021-10-08,24.950000762939453,25.489999771118164,24.889999389648438,25.18000030517578,518100,17.7287540435791
2021-10-12,25.200000762939453,25.329999923706055,24.739999771118164,25.020000457763672,397500,17.61610221862793
2021-10-13,25.020000457763672,25.270000457763672,24.75,24.93000030517578,329600,17.552732467651367
2021-10-14,25.239999771118164,25.690000534057617,24.979999542236328,25.610000610351562,360400,18.031503677368164
2021-10-15,25.649999618530273,25.899999618530273,25.469999313354492,25.579999923706055,378000,18.010385513305664
2021-10-18,25.690000534057617,25.850000381469727,25.350000381469727,25.399999618530273,411400,17.883651733398438
2021-10-19,26.0,26.0,25.40999984741211,25.6200008392334,331600,18.038549423217773
2021-10-20,25.5,25.610000610351562,25.280000686645508,25.389999389648438,300700,17.876609802246094
2021-10-21,25.299999237060547,25.540000915527344,24.84000015258789,24.93000030517578,365100,17.552732467651367
2021-10-22,25.020000457763672,25.309999465942383,24.860000610351562,25.280000686645508,577800,17.799161911010742
2021-10-25,25.579999923706055,25.790000915527344,25.3799991607666,25.579999923706055,1172300,18.010385513305664
2021-10-26,25.600000381469727,25.780000686645508,25.09000015258789,25.110000610351562,527800,17.679468154907227
2021-10-27,24.959999084472656,24.959999084472656,24.34000015258789,24.34000015258789,385400,17.137325286865234
2021-10-28,24.309999465942383,24.520000457763672,23.780000686645508,24.290000915527344,632300,17.10211944580078
2021-10-29,24.219999313354492,24.270000457763672,23.81999969482422,24.030000686645508,389400,16.91905975341797
2021-11-01,24.280000686645508,24.809999465942383,24.260000228881836,24.600000381469727,360300,17.32038688659668
2021-11-02,24.5,24.6200008392334,24.0,24.030000686645508,421000,16.91905975341797
2021-11-03,23.75,24.010000228881836,23.549999237060547,23.65999984741211,287200,16.65854835510254
2021-11-04,23.700000762939453,23.700000762939453,22.610000610351562,23.079999923706055,942200,16.250181198120117
2021-11-05,23.239999771118164,23.389999389648438,22.68000030517578,22.780000686645508,565500,16.03896141052246
2021-11-08,22.8799991607666,23.440000534057617,22.760000228881836,23.049999237060547,479100,16.22905731201172
2021-11-09,23.030000686645508,23.040000915527344,22.440000534057617,22.489999771118164,692300,15.834774017333984
2021-11-10,22.59000015258789,22.610000610351562,21.709999084472656,21.829999923706055,425000,15.37008285522461
2021-11-11,21.959999084472656,22.229999542236328,21.739999771118164,22.100000381469727,439100,15.56018352508545
2021-11-12,22.030000686645508,22.420000076293945,21.989999771118164,22.399999618530273,321000,15.77140998840332
2021-11-15,22.030000686645508,22.510000228881836,21.81999969482422,22.399999618530273,356700,15.949417114257812
2021-11-16,22.489999771118164,22.84000015258789,22.420000076293945,22.420000076293945,245500,15.96365737915039
2021-11-17,22.239999771118164,22.8799991607666,22.149999618530273,22.34000015258789,371300,15.906693458557129
2021-11-18,22.329999923706055,22.8799991607666,22.31999969482422,22.68000030517578,375100,16.148778915405273
2021-11-19,22.299999237060547,22.389999389648438,21.479999542236328,21.790000915527344,1089800,15.515081405639648
2021-11-22,21.790000915527344,22.270000457763672,21.6299991607666,22.139999389648438,296700,15.76428508758545
2021-11-23,22.260000228881836,22.940000534057617,22.260000228881836,22.799999237060547,390100,16.234230041503906
2021-11-24,22.700000762939453,23.540000915527344,22.670000076293945,23.440000534057617,544400,16.689926147460938
2021-11-25,23.360000610351562,23.670000076293945,23.170000076293945,23.200000762939453,253200,16.519041061401367
2021-11-26,22.5,22.510000228881836,20.899999618530273,21.389999389648438,753900,15.230270385742188
2021-11-29,21.770000457763672,22.06999969482422,21.049999237060547,21.049999237060547,475800,14.988173484802246
2021-11-30,20.770000457763672,21.059999465942383,19.90999984741211,20.479999542236328,880200,14.58232307434082
2021-12-01,21.059999465942383,21.6299991607666,20.489999771118164,20.489999771118164,1035700,14.589447021484375
2021-12-02,20.530000686645508,21.059999465942383,20.149999618530273,21.010000228881836,435700,14.959697723388672
2021-12-03,21.229999542236328,21.56999969482422,20.90999984741211,21.010000228881836,470400,14.959697723388672
2021-12-06,21.100000381469727,21.719999313354492,20.860000610351562,21.549999237060547,789700,15.344195365905762
2021-12-07,21.940000534057617,22.559999465942383,21.90999984741211,22.219999313354492,397500,15.821248054504395
2021-12-08,22.200000762939453,22.299999237060547,21.690000534057617,21.739999771118164,427700,15.479476928710938
2021-12-09,21.459999084472656,21.459999084472656,20.719999313354492,20.860000610351562,793600,14.85289192199707
2021-12-10,21.209999084472656,21.65999984741211,20.959999084472656,21.6200008392334,339700,15.394039154052734
2021-12-13,21.8700008392334,21.8700008392334,21.1299991607666,21.389999389648438,577600,15.230270385742188
2021-12-14,21.0,21.010000228881836,20.309999465942383,20.59000015258789,434500,14.746824264526367
2021-12-15,20.479999542236328,20.670000076293945,20.0,20.559999465942383,547000,14.72533893585205
2021-12-16,20.850000381469727,21.690000534057617,20.739999771118164,21.540000915527344,714000,15.427227973937988
2021-12-17,21.329999923706055,21.479999542236328,20.280000686645508,20.530000686645508,1138200,14.703850746154785
2021-12-20,19.8700008392334,20.68000030517578,19.719999313354492,20.649999618530273,602400,14.78979778289795
2021-12-21,20.850000381469727,21.309999465942383,20.850000381469727,21.25,322100,15.219526290893555
2021-12-22,21.1299991607666,21.3799991607666,20.809999465942383,21.25,347900,15.219526290893555
2021-12-23,21.280000686645508,21.329999923706055,20.670000076293945,21.149999618530273,536500,15.147900581359863
2021-12-24,21.059999465942383,21.25,21.059999465942383,21.25,33800,15.219526290893555
2021-12-29,21.65999984741211,21.709999084472656,21.25,21.260000228881836,292900,15.226686477661133
2021-12-30,21.399999618530273,21.940000534057617,21.299999237060547,21.670000076293945,317300,15.520339012145996
2021-12-31,21.540000915527344,21.719999313354492,21.360000610351562,21.610000610351562,200700,15.477361679077148
2022-01-04,21.979999542236328,23.079999923706055,21.950000762939453,22.459999084472656,565400,16.086145401000977
2022-01-05,22.520000457763672,22.950000762939453,22.399999618530273,22.450000762939453,425500,16.0789794921875
2022-01-06,22.899999618530273,23.969999313354492,22.790000915527344,23.889999389648438,928200,17.110328674316406
2022-01-07,23.799999237060547,24.40999984741211,23.56999969482422,23.959999084472656,402400,17.16046142578125
2022-01-10,23.899999618530273,23.989999771118164,23.610000610351562,23.729999542236328,483500,16.995731353759766
2022-01-11,23.950000762939453,24.579999923706055,23.719999313354492,24.5,659100,17.547216415405273
2022-01-12,24.84000015258789,24.940000534057617,24.239999771118164,24.399999618530273,403200,17.475595474243164
2022-01-13,24.420000076293945,24.530000686645508,24.079999923706055,24.15999984741211,307100,17.303707122802734
2022-01-14,24.059999465942383,25.1200008392334,24.059999465942383,25.059999465942383,655900,17.948299407958984
2022-01-17,25.0,25.5,24.959999084472656,25.270000457763672,162200,18.09869956970215
2022-01-18,25.399999618530273,25.940000534057617,25.239999771118164,25.489999771118164,657900,18.256267547607422
2022-01-19,25.459999084472656,25.670000076293945,25.049999237060547,25.09000015258789,617300,17.96978759765625
2022-01-20,24.969999313354492,25.709999084472656,24.690000534057617,24.959999084472656,586600,17.876672744750977
2022-01-21,24.270000457763672,24.489999771118164,23.90999984741211,24.110000610351562,693200,17.267898559570312
2022-01-24,23.219999313354492,23.899999618530273,23.040000915527344,23.809999465942383,804600,17.053030014038086
2022-01-25,23.719999313354492,24.920000076293945,23.459999084472656,24.84000015258789,577500,17.79073143005371
2022-01-26,25.149999618530273,25.760000228881836,25.049999237060547,25.200000762939453,482400,18.048568725585938
2022-01-27,25.700000762939453,26.06999969482422,25.3799991607666,25.690000534057617,422800,18.399513244628906
2022-01-28,25.850000381469727,26.299999237060547,25.850000381469727,26.200000762939453,491200,18.7647762298584
2022-01-31,26.190000534057617,27.15999984741211,26.190000534057617,27.040000915527344,585500,19.36639976501465
2022-02-01,27.100000381469727,28.010000228881836,26.799999237060547,27.959999084472656,483400,20.025314331054688
2022-02-02,28.09000015258789,28.40999984741211,27.68000030517578,27.8700008392334,550000,19.960851669311523
2022-02-03,27.719999313354492,28.56999969482422,27.649999618530273,28.3799991607666,574400,20.32612419128418
2022-02-04,28.709999084472656,28.860000610351562,26.719999313354492,27.020000457763672,910200,19.352075576782227
2022-02-07,27.0,27.25,26.760000228881836,26.790000915527344,547800,19.187347412109375
2022-02-08,26.719999313354492,26.719999313354492,26.139999389648438,26.350000381469727,418200,18.87221336364746
2022-02-09,26.450000762939453,27.059999465942383,26.270000457763672,26.850000381469727,608300,19.230316162109375
2022-02-10,26.649999618530273,27.459999084472656,26.600000381469727,27.040000915527344,333700,19.36639976501465
2022-02-11,27.25,27.959999084472656,27.06999969482422,27.889999389648438,606300,19.975177764892578
2022-02-14,27.690000534057617,27.8700008392334,27.170000076293945,27.420000076293945,377100,19.638561248779297
2022-02-15,26.860000610351562,27.329999923706055,26.860000610351562,27.200000762939453,1004400,19.48099136352539
2022-02-16,27.200000762939453,27.809999465942383,27.18000030517578,27.229999542236328,536600,19.50247573852539
2022-02-17,27.200000762939453,27.469999313354492,26.989999771118164,27.219999313354492,328700,19.495315551757812
2022-02-18,26.989999771118164,26.989999771118164,26.559999465942383,26.68000030517578,349700,19.10856056213379
2022-02-22,27.3799991607666,27.510000228881836,26.260000228881836,26.549999237060547,334000,19.015453338623047
2022-02-23,26.729999542236328,27.06999969482422,26.639999389648438,26.739999771118164,354500,19.151533126831055
2022-02-24,27.489999771118164,27.489999771118164,26.43000030517578,26.709999084472656,627700,19.130048751831055
2022-02-25,26.790000915527344,27.110000610351562,26.649999618530273,27.049999237060547,762700,19.373559951782227
2022-02-28,27.06999969482422,28.09000015258789,27.06999969482422,27.950000762939453,985500,20.018152236938477
2022-03-01,28.530000686645508,29.440000534057617,28.459999084472656,28.889999389648438,814400,20.691390991210938
2022-03-02,29.559999465942383,29.8700008392334,28.290000915527344,28.389999389648438,842200,20.33328628540039
2022-03-03,28.299999237060547,28.579999923706055,27.1200008392334,27.280000686645508,643600,19.538291931152344
2022-03-04,27.290000915527344,28.350000381469727,27.290000915527344,28.350000381469727,663000,20.304637908935547
2022-03-07,28.559999465942383,29.799999237060547,28.559999465942383,29.670000076293945,784000,21.250038146972656
2022-03-08,30.239999771118164,30.440000534057617,28.6200008392334,28.829999923706055,1225600,20.648418426513672
2022-03-09,28.100000381469727,28.65999984741211,27.600000381469727,27.950000762939453,1494700,20.018152236938477
2022-03-10,27.969999313354492,28.299999237060547,27.65999984741211,27.84000015258789,490400,19.939367294311523
2022-03-11,27.56999969482422,28.190000534057617,27.479999542236328,27.780000686645508,642300,19.896398544311523
2022-03-14,27.280000686645508,27.3799991607666,25.670000076293945,26.420000076293945,840400,19.018192291259766
2022-03-15,25.420000076293945,26.200000762939453,24.739999771118164,26.040000915527344,565700,18.744651794433594
2022-03-16,26.18000030517578,26.399999618530273,25.760000228881836,26.219999313354492,449700,18.874223709106445
2022-03-17,26.84000015258789,27.139999389648438,26.399999618530273,26.610000610351562,499900,19.15496253967285
2022-03-18,26.5,26.90999984741211,26.1299991607666,26.170000076293945,1019500,18.838228225708008
2022-03-21,26.700000762939453,27.59000015258789,26.559999465942383,27.110000610351562,500800,19.514881134033203
2022-03-22,27.239999771118164,27.239999771118164,26.56999969482422,26.68000030517578,362100,19.205345153808594
2022-03-23,27.209999084472656,27.40999984741211,26.780000686645508,26.8799991607666,327600,19.34931755065918
2022-03-24,27.0,27.860000610351562,26.969999313354492,27.719999313354492,481100,19.9539852142334
2022-03-25,27.56999969482422,27.90999984741211,27.56999969482422,27.8700008392334,408900,20.06195640563965
2022-03-28,27.260000228881836,27.75,27.020000457763672,27.559999465942383,410000,19.838808059692383
2022-03-29,27.09000015258789,27.100000381469727,25.899999618530273,26.6299991607666,765200,19.169355392456055
2022-03-30,27.040000915527344,27.5,26.780000686645508,26.850000381469727,822700,19.327720642089844
2022-03-31,26.540000915527344,26.670000076293945,25.649999618530273,25.649999618530273,619600,18.46390724182129
2022-04-01,25.639999389648438,26.360000610351562,25.399999618530273,26.1200008392334,857900,18.8022403717041
2022-04-04,26.5,26.540000915527344,26.030000686645508,26.489999771118164,573200,19.06857681274414
2022-04-05,26.559999465942383,26.860000610351562,26.030000686645508,26.09000015258789,307500,18.7806453704834
2022-04-06,26.200000762939453,26.420000076293945,25.520000457763672,25.579999923706055,312500,18.413522720336914
2022-04-07,25.709999084472656,26.34000015258789,25.530000686645508,26.010000228881836,595700,18.72305679321289
2022-04-08,26.100000381469727,26.3700008392334,25.90999984741211,25.989999771118164,568200,18.70865821838379
2022-04-11,25.8799991607666,25.8799991607666,24.760000228881836,24.81999969482422,1188000,17.866445541381836
2022-04-12,25.299999237060547,26.0,25.229999542236328,25.260000228881836,534700,18.183176040649414
2022-04-13,25.6299991607666,25.829999923706055,25.15999984741211,25.729999542236328,494600,18.52149772644043
2022-04-14,25.68000030517578,26.0,25.299999237060547,25.90999984741211,317300,18.65106773376465
2022-04-18,26.110000610351562,26.8700008392334,26.049999237060547,26.530000686645508,465800,19.097373962402344
2022-04-19,26.3700008392334,26.68000030517578,26.25,26.329999923706055,490300,18.95340347290039
2022-04-20,26.540000915527344,27.030000686645508,26.3799991607666,26.75,428400,19.2557373046875
2022-04-21,27.0,27.110000610351562,25.43000030517578,25.459999084472656,576400,18.32714080810547
2022-04-22,25.399999618530273,26.0,24.920000076293945,24.979999542236328,528100,17.981618881225586
2022-04-25,24.270000457763672,24.68000030517578,23.780000686645508,24.489999771118164,687000,17.6289005279541
2022-04-26,24.719999313354492,25.8700008392334,24.709999084472656,25.309999465942383,507700,18.219165802001953
2022-04-27,25.530000686645508,25.530000686645508,24.68000030517578,24.799999237060547,850800,17.852046966552734
2022-04-28,25.059999465942383,25.3799991607666,24.030000686645508,25.209999084472656,1090500,18.14718246459961
2022-04-29,25.219999313354492,25.549999237060547,24.790000915527344,25.040000915527344,778200,18.024810791015625
2022-05-02,24.780000686645508,25.010000228881836,24.15999984741211,24.829999923706055,446100,17.873641967773438
2022-05-03,24.90999984741211,25.540000915527344,24.829999923706055,25.229999542236328,447500,18.161582946777344
2022-05-04,25.649999618530273,25.969999313354492,25.100000381469727,25.860000610351562,474700,18.615076065063477
2022-05-05,26.15999984741211,26.15999984741211,24.90999984741211,25.440000534057617,436900,18.312747955322266
2022-05-06,25.520000457763672,25.520000457763672,24.65999984741211,25.389999389648438,370500,18.276752471923828
2022-05-09,24.860000610351562,24.860000610351562,23.31999969482422,23.389999389648438,521900,16.837074279785156
2022-05-10,23.709999084472656,24.34000015258789,23.110000610351562,23.690000534057617,685400,17.053024291992188
2022-05-11,24.059999465942383,24.489999771118164,23.549999237060547,23.549999237060547,589600,16.95224380493164
2022-05-12,24.34000015258789,24.6200008392334,23.579999923706055,24.149999618530273,674500,17.3841495513916
2022-05-13,24.65999984741211,25.75,24.399999618530273,25.219999313354492,512300,18.154380798339844
2022-05-16,25.3799991607666,25.989999771118164,25.31999969482422,25.799999237060547,404300,18.57188606262207
2022-05-17,26.110000610351562,26.329999923706055,25.920000076293945,26.0,394700,18.715858459472656
2022-05-18,26.170000076293945,26.350000381469727,25.3799991607666,25.729999542236328,307400,18.52149772644043
2022-05-19,25.270000457763672,26.1299991607666,25.040000915527344,25.90999984741211,458100,18.65106773376465
2022-05-20,26.1200008392334,26.1200008392334,24.969999313354492,25.190000534057617,510700,18.132787704467773
2022-05-24,25.219999313354492,26.170000076293945,25.219999313354492,25.860000610351562,544400,18.615076065063477
2022-05-25,26.0,27.649999618530273,26.0,27.280000686645508,913800,19.637256622314453
2022-05-26,27.6200008392334,27.6200008392334,27.040000915527344,27.100000381469727,376300,19.507678985595703
2022-05-27,27.100000381469727,27.100000381469727,26.530000686645508,26.75,901700,19.2557373046875
2022-05-30,27.09000015258789,28.440000534057617,27.0,28.3799991607666,558900,20.429079055786133
2022-05-31,28.5,28.979999542236328,27.760000228881836,28.010000228881836,955300,20.162736892700195
2022-06-01,28.31999969482422,28.90999984741211,28.239999771118164,28.670000076293945,758800,20.63783073425293
2022-06-02,28.360000610351562,28.829999923706055,28.200000762939453,28.729999542236328,511000,20.681020736694336
2022-06-03,28.75,28.940000534057617,28.540000915527344,28.850000381469727,373800,20.76740264892578
2022-06-06,28.90999984741211,29.510000228881836,28.889999389648438,29.010000228881836,383600,20.88257598876953
2022-06-07,28.889999389648438,30.020000457763672,28.889999389648438,29.889999389648438,426600,21.516033172607422
2022-06-08,30.010000228881836,30.15999984741211,29.530000686645508,30.010000228881836,663500,21.6024169921875
2022-06-09,29.81999969482422,29.989999771118164,29.3700008392334,29.510000228881836,509400,21.242496490478516
2022-06-10,29.40999984741211,29.43000030517578,28.209999084472656,28.81999969482422,696500,20.745805740356445
2022-06-13,27.940000534057617,28.600000381469727,27.5,28.020000457763672,644400,20.169937133789062
2022-06-14,28.200000762939453,28.200000762939453,26.559999465942383,26.84000015258789,721900,19.49445152282715
2022-06-15,26.829999923706055,26.920000076293945,25.969999313354492,26.610000610351562,964000,19.32740592956543
2022-06-16,25.90999984741211,26.200000762939453,25.270000457763672,25.469999313354492,908400,18.4993953704834
2022-06-17,25.389999389648438,25.549999237060547,23.670000076293945,23.739999771118164,1674100,17.242860794067383
2022-06-20,23.440000534057617,23.459999084472656,21.030000686645508,22.40999984741211,1397200,16.27685546875
2022-06-21,22.84000015258789,23.450000762939453,22.709999084472656,22.790000915527344,1089700,16.552858352661133
2022-06-22,21.81999969482422,22.639999389648438,21.5,22.34000015258789,909900,16.226011276245117
2022-06-23,22.579999923706055,22.579999923706055,20.600000381469727,20.780000686645508,876700,15.092952728271484
2022-06-24,21.040000915527344,21.760000228881836,20.75,21.15999984741211,598400,15.368951797485352
2022-06-27,21.360000610351562,22.139999389648438,21.299999237060547,22.020000457763672,814800,15.9935884475708
2022-06-28,22.5,22.920000076293945,22.15999984741211,22.579999923706055,878100,16.400327682495117
2022-06-29,22.889999389648438,23.06999969482422,21.790000915527344,21.860000610351562,533100,15.877378463745117
2022-06-30,21.6200008392334,22.040000915527344,21.360000610351562,21.799999237060547,832800,15.8337984085083
2022-07-04,22.190000534057617,22.549999237060547,21.809999465942383,22.329999923706055,522900,16.218746185302734
2022-07-05,21.670000076293945,21.940000534057617,21.09000015258789,21.600000381469727,805900,15.6885347366333
2022-07-06,21.3700008392334,21.780000686645508,19.90999984741211,20.360000610351562,512600,14.787895202636719
2022-07-07,21.040000915527344,21.489999771118164,20.940000534057617,21.34000015258789,546000,15.499690055847168
2022-07-08,21.68000030517578,21.690000534057617,20.850000381469727,21.329999923706055,336000,15.492425918579102
2022-07-11,20.969999313354492,21.290000915527344,20.75,21.139999389648438,332400,15.354423522949219
2022-07-12,20.65999984741211,20.860000610351562,20.049999237060547,20.540000915527344,320300,14.918632507324219
2022-07-13,20.299999237060547,20.649999618530273,19.959999084472656,19.969999313354492,606100,14.504631042480469
2022-07-14,19.719999313354492,20.239999771118164,19.290000915527344,20.219999313354492,556800,14.686211585998535
2022-07-15,20.540000915527344,20.770000457763672,20.1299991607666,20.719999313354492,397300,15.049372673034668
2022-07-18,21.0,21.989999771118164,20.959999084472656,21.719999313354492,351100,15.775690078735352
2022-07-19,21.65999984741211,22.280000686645508,21.65999984741211,22.170000076293945,309100,16.1025390625
2022-07-20,21.950000762939453,22.709999084472656,21.93000030517578,22.56999969482422,297000,16.393068313598633
2022-07-21,22.149999618530273,22.649999618530273,21.719999313354492,21.969999313354492,428800,15.957274436950684
2022-07-22,22.059999465942383,22.239999771118164,21.56999969482422,21.56999969482422,398400,15.66674518585205
2022-07-25,21.700000762939453,22.459999084472656,21.649999618530273,22.31999969482422,312800,16.211484909057617
2022-07-26,22.59000015258789,22.969999313354492,22.1299991607666,22.170000076293945,332300,16.1025390625
2022-07-27,22.299999237060547,22.670000076293945,22.100000381469727,22.420000076293945,329600,16.284116744995117
2022-07-28,22.670000076293945,22.81999969482422,22.270000457763672,22.729999542236328,339000,16.50927734375
2022-07-29,23.09000015258789,23.8799991607666,23.010000228881836,23.84000015258789,714600,17.315492630004883
2022-08-02,23.739999771118164,24.049999237060547,23.440000534057617,23.920000076293945,559700,17.373600006103516
2022-08-03,24.06999969482422,24.06999969482422,23.0,23.06999969482422,425800,16.756223678588867
2022-08-04,22.959999084472656,22.959999084472656,21.1299991607666,21.219999313354492,555200,15.412532806396484
2022-08-05,20.899999618530273,22.010000228881836,20.899999618530273,21.8700008392334,457400,15.884641647338867
2022-08-08,21.709999084472656,21.780000686645508,21.040000915527344,21.579999923706055,417800,15.674003601074219
2022-08-09,21.0,21.0,19.190000534057617,19.280000686645508,2018400,14.003470420837402
2022-08-10,19.100000381469727,19.920000076293945,19.049999237060547,19.549999237060547,1232100,14.19957447052002
2022-08-11,19.799999237060547,20.790000915527344,19.799999237060547,20.229999542236328,659100,14.693471908569336
2022-08-12,20.18000030517578,20.18000030517578,19.610000610351562,19.889999389648438,1012700,14.44652271270752
2022-08-15,19.3700008392334,20.149999618530273,19.06999969482422,20.0,526900,14.526421546936035
2022-08-16,20.15999984741211,20.3700008392334,19.299999237060547,19.299999237060547,657900,14.017995834350586
2022-08-17,19.260000228881836,19.510000228881836,19.010000228881836,19.200000762939453,882700,13.94536304473877
2022-08-18,19.389999389648438,19.68000030517578,19.200000762939453,19.450000762939453,531000,14.126946449279785
2022-08-19,19.389999389648438,19.450000762939453,19.06999969482422,19.229999542236328,618100,13.96715259552002
2022-08-22,19.049999237060547,19.59000015258789,18.850000381469727,19.59000015258789,672500,14.228631019592285
2022-08-23,19.90999984741211,20.459999084472656,19.670000076293945,20.280000686645508,495900,14.729791641235352
2022-08-24,20.350000381469727,20.469999313354492,20.020000457763672,20.3799991607666,422700,14.802423477172852
2022-08-25,20.440000534057617,20.81999969482422,20.270000457763672,20.81999969482422,527400,15.122002601623535
2022-08-26,20.84000015258789,21.079999923706055,20.670000076293945,20.799999237060547,673800,15.107476234436035
2022-08-29,20.700000762939453,21.790000915527344,20.700000762939453,21.649999618530273,1097300,15.724847793579102
2022-08-30,21.350000381469727,21.520000457763672,20.920000076293945,21.059999465942383,401700,15.296321868896484
2022-08-31,20.6299991607666,21.329999923706055,20.299999237060547,21.010000228881836,513300,15.260002136230469
2022-09-01,20.700000762939453,21.209999084472656,20.530000686645508,21.040000915527344,763300,15.281795501708984
2022-09-02,21.5,21.56999969482422,21.06999969482422,21.200000762939453,283800,15.398004531860352
2022-09-06,21.399999618530273,21.649999618530273,21.020000457763672,21.079999923706055,511700,15.310845375061035
2022-09-07,20.709999084472656,21.190000534057617,20.3799991607666,20.979999542236328,580600,15.238216400146484
2022-09-08,21.0,21.149999618530273,20.479999542236328,20.780000686645508,289900,15.092952728271484
2022-09-09,21.170000076293945,21.34000015258789,20.860000610351562,20.969999313354492,371500,15.23095417022705
2022-09-12,21.190000534057617,21.75,21.190000534057617,21.440000534057617,703500,15.572322845458984
2022-09-13,21.31999969482422,21.729999542236328,21.079999923706055,21.469999313354492,660800,15.594110488891602
2022-09-14,21.459999084472656,21.959999084472656,21.1200008392334,21.18000030517578,506300,15.564715385437012
2022-09-15,20.969999313354492,21.389999389648438,20.649999618530273,21.229999542236328,429200,15.601460456848145
2022-09-16,21.190000534057617,21.190000534057617,20.700000762939453,21.049999237060547,813300,15.469182014465332
2022-09-19,20.520000457763672,21.34000015258789,20.489999771118164,21.209999084472656,734800,15.586763381958008
2022-09-20,21.139999389648438,21.239999771118164,20.440000534057617,20.90999984741211,568700,15.36629867553711
2022-09-21,21.1200008392334,21.350000381469727,20.09000015258789,20.09000015258789,529800,14.763699531555176
2022-09-22,20.299999237060547,20.6299991607666,19.90999984741211,19.90999984741211,694900,14.63142204284668
2022-09-23,19.239999771118164,19.520000457763672,18.649999618530273,18.68000030517578,603700,13.727521896362305
2022-09-26,18.670000076293945,19.139999389648438,18.200000762939453,18.219999313354492,998100,13.389477729797363
2022-09-27,18.479999542236328,19.229999542236328,18.3799991607666,19.149999618530273,777800,14.072914123535156
2022-09-28,19.260000228881836,19.979999542236328,19.200000762939453,19.959999084472656,471700,14.66816520690918
2022-09-29,19.84000015258789,20.09000015258789,19.3799991607666,20.049999237060547,428900,14.734305381774902
2022-09-30,19.959999084472656,20.649999618530273,19.829999923706055,20.170000076293945,357900,14.822491645812988
2022-10-03,20.760000228881836,21.260000228881836,20.6299991607666,21.190000534057617,691500,15.572065353393555
2022-10-04,21.75,21.93000030517578,21.469999313354492,21.700000762939453,392600,15.946852684020996
2022-10-05,21.760000228881836,22.440000534057617,21.239999771118164,22.350000381469727,546600,16.424524307250977
2022-10-06,22.399999618530273,22.719999313354492,21.90999984741211,22.459999084472656,565300,16.50535774230957
2022-10-07,22.5,22.780000686645508,22.040000915527344,22.1299991607666,383200,16.26285171508789
2022-10-11,21.530000686645508,22.450000762939453,21.079999923706055,22.31999969482422,1129100,16.402481079101562
2022-10-12,22.239999771118164,22.3799991607666,21.709999084472656,21.989999771118164,1042800,16.159969329833984
2022-10-13,21.780000686645508,22.780000686645508,21.649999618530273,22.56999969482422,512000,16.586198806762695
2022-10-14,22.329999923706055,22.329999923706055,20.899999618530273,21.0,537800,15.432440757751465
2022-10-17,21.280000686645508,21.360000610351562,20.420000076293945,20.459999084472656,429200,15.035603523254395
2022-10-18,20.56999969482422,21.100000381469727,20.18000030517578,20.5,394800,15.065001487731934
2022-10-19,20.600000381469727,21.1200008392334,20.34000015258789,20.799999237060547,386500,15.285465240478516
2022-10-20,21.040000915527344,21.690000534057617,21.010000228881836,21.1200008392334,276000,15.520623207092285
2022-10-21,21.149999618530273,21.350000381469727,21.0,21.139999389648438,222900,15.535322189331055
2022-10-24,21.200000762939453,21.6200008392334,21.200000762939453,21.299999237060547,444500,15.652902603149414
2022-10-25,21.200000762939453,21.479999542236328,21.09000015258789,21.239999771118164,234000,15.608809471130371
2022-10-26,21.309999465942383,21.43000030517578,20.860000610351562,21.190000534057617,406700,15.572065353393555
2022-10-27,21.389999389648438,21.479999542236328,21.100000381469727,21.34000015258789,331700,15.682295799255371
2022-10-28,21.450000762939453,21.770000457763672,20.709999084472656,20.860000610351562,467000,15.329557418823242
2022-10-31,20.780000686645508,21.1200008392334,20.639999389648438,20.780000686645508,539600,15.270766258239746
2022-11-01,21.149999618530273,21.75,20.940000534057617,21.540000915527344,234000,15.82927131652832
2022-11-02,21.389999389648438,21.809999465942383,20.989999771118164,21.489999771118164,570400,15.79252815246582
2022-11-03,21.3799991607666,23.15999984741211,21.229999542236328,23.149999618530273,544500,17.012426376342773
2022-11-04,23.489999771118164,23.489999771118164,20.969999313354492,21.31999969482422,1158500,15.667598724365234
2022-11-07,21.399999618530273,21.459999084472656,20.5,20.579999923706055,585800,15.123790740966797
2022-11-08,20.5,20.579999923706055,19.40999984741211,19.520000457763672,1149900,14.344820022583008
2022-11-09,19.3799991607666,19.420000076293945,18.950000762939453,19.110000610351562,650400,14.043519020080566
2022-11-10,19.440000534057617,19.799999237060547,19.09000015258789,19.280000686645508,462800,14.168449401855469
2022-11-11,19.540000915527344,20.079999923706055,19.540000915527344,19.739999771118164,321900,14.50649356842041
2022-11-14,19.799999237060547,19.850000381469727,19.420000076293945,19.43000030517578,654900,14.278679847717285
2022-11-15,19.579999923706055,19.709999084472656,19.15999984741211,19.40999984741211,673500,14.263982772827148
2022-11-16,19.170000076293945,19.670000076293945,19.139999389648438,19.399999618530273,643300,14.256634712219238
2022-11-17,19.280000686645508,19.65999984741211,19.030000686645508,19.610000610351562,663400,14.410959243774414
2022-11-18,19.25,19.75,19.100000381469727,19.739999771118164,371500,14.50649356842041
2022-11-21,19.3799991607666,19.690000534057617,19.049999237060547,19.520000457763672,662400,14.344820022583008
2022-11-22,19.649999618530273,19.719999313354492,19.18000030517578,19.489999771118164,1140500,14.322774887084961
2022-11-23,19.110000610351562,19.450000762939453,19.030000686645508,19.030000686645508,455500,13.98473072052002
2022-11-24,19.030000686645508,19.200000762939453,19.030000686645508,19.1200008392334,110700,14.05086898803711
2022-11-25,19.209999084472656,19.3799991607666,19.100000381469727,19.170000076293945,196400,14.08761215209961
2022-11-28,19.059999465942383,19.1299991607666,18.829999923706055,18.860000610351562,540400,13.85980224609375
2022-11-29,19.15999984741211,19.700000762939453,19.010000228881836,19.3700008392334,585600,14.234587669372559
2022-11-30,19.6299991607666,19.649999618530273,19.170000076293945,19.260000228881836,1005400,14.1537504196167
2022-12-01,19.40999984741211,19.65999984741211,18.950000762939453,18.969999313354492,518300,13.940635681152344
2022-12-02,19.0,19.200000762939453,18.889999389648438,18.940000534057617,374900,13.918590545654297
2022-12-05,19.110000610351562,19.290000915527344,18.479999542236328,18.530000686645508,663400,13.617290496826172
2022-12-06,18.510000228881836,18.899999618530273,18.079999923706055,18.290000915527344,1020700,13.44092082977295
2022-12-07,18.299999237060547,18.799999237060547,18.049999237060547,18.059999465942383,987200,13.271895408630371
2022-12-08,18.389999389648438,18.389999389648438,17.920000076293945,18.079999923706055,524900,13.286595344543457
2022-12-09,18.09000015258789,18.299999237060547,17.93000030517578,18.030000686645508,440400,13.249853134155273
2022-12-12,18.100000381469727,18.530000686645508,18.059999465942383,18.399999618530273,714600,13.521756172180176
2022-12-13,18.690000534057617,18.780000686645508,18.329999923706055,18.3700008392334,356800,13.499710083007812
2022-12-14,18.329999923706055,18.770000457763672,18.049999237060547,18.3799991607666,840600,13.693413734436035
2022-12-15,18.440000534057617,18.68000030517578,18.059999465942383,18.6299991607666,500100,13.879669189453125
2022-12-16,18.56999969482422,18.56999969482422,18.059999465942383,18.25,1198300,13.596562385559082
2022-12-19,18.31999969482422,18.399999618530273,17.809999465942383,18.0,1014200,13.410307884216309
2022-12-20,17.989999771118164,18.549999237060547,17.93000030517578,18.360000610351562,865000,13.67851448059082
2022-12-21,18.719999313354492,19.1200008392334,18.3799991607666,19.010000228881836,834500,14.162774085998535
2022-12-22,19.149999618530273,19.309999465942383,18.829999923706055,19.209999084472656,472500,14.31177806854248
2022-12-23,19.40999984741211,20.1299991607666,19.399999618530273,20.020000457763672,419400,14.915242195129395
2022-12-28,20.239999771118164,20.360000610351562,19.579999923706055,19.670000076293945,669800,14.654485702514648
2022-12-29,19.6299991607666,20.049999237060547,19.6299991607666,19.920000076293945,567900,14.840742111206055
2022-12-30,19.8799991607666,20.170000076293945,19.8799991607666,20.149999618530273,246600,15.012093544006348
2023-01-03,20.0,20.280000686645508,19.360000610351562,19.389999389648438,587400,14.445881843566895
2023-01-04,19.270000457763672,20.010000228881836,19.270000457763672,19.530000686645508,690800,14.55018424987793
2023-01-05,19.549999237060547,19.719999313354492,19.260000228881836,19.420000076293945,421400,14.468230247497559
2023-01-06,19.59000015258789,20.299999237060547,19.389999389648438,20.100000381469727,883000,14.974845886230469
2023-01-09,20.3700008392334,20.8700008392334,20.309999465942383,20.389999389648438,771800,15.190899848937988
2023-01-10,20.489999771118164,20.639999389648438,19.799999237060547,20.18000030517578,564400,15.03444766998291
2023-01-11,20.299999237060547,20.43000030517578,19.899999618530273,20.350000381469727,641200,15.16109848022461
2023-01-12,20.530000686645508,21.729999542236328,20.520000457763672,21.389999389648438,835500,15.935914039611816
2023-01-13,21.360000610351562,21.600000381469727,21.15999984741211,21.469999313354492,518000,15.995515823364258
2023-01-16,21.420000076293945,21.770000457763672,21.40999984741211,21.75,209500,16.20412254333496
2023-01-17,21.75,22.100000381469727,21.579999923706055,21.889999389648438,383200,16.30842399597168
2023-01-18,22.0,22.600000381469727,21.989999771118164,22.170000076293945,608400,16.517026901245117
2023-01-19,22.030000686645508,22.520000457763672,21.899999618530273,22.34000015258789,442900,16.6436824798584
2023-01-20,22.3700008392334,22.90999984741211,22.200000762939453,22.889999389648438,416900,17.053443908691406
2023-01-23,23.0,23.09000015258789,22.739999771118164,23.059999465942383,419800,17.18009376525879
2023-01-24,23.010000228881836,23.280000686645508,22.739999771118164,23.06999969482422,254800,17.187543869018555
2023-01-25,22.899999618530273,23.280000686645508,22.860000610351562,22.969999313354492,338000,17.113046646118164
2023-01-26,23.200000762939453,23.3700008392334,22.65999984741211,23.020000457763672,414600,17.15029525756836
2023-01-27,23.0,23.239999771118164,22.93000030517578,23.1299991607666,358000,17.23224639892578
2023-01-30,22.899999618530273,23.200000762939453,22.760000228881836,22.760000228881836,614200,16.95659065246582
2023-01-31,22.729999542236328,22.889999389648438,22.520000457763672,22.649999618530273,454800,16.8746395111084
2023-02-01,22.729999542236328,22.940000534057617,22.540000915527344,22.760000228881836,586400,16.95659065246582
2023-02-02,22.700000762939453,22.719999313354492,21.959999084472656,22.299999237060547,454600,16.61387825012207
2023-02-03,22.489999771118164,23.030000686645508,22.469999313354492,23.020000457763672,622900,17.15029525756836
2023-02-06,23.06999969482422,23.110000610351562,22.829999923706055,22.84000015258789,400300,17.016191482543945
2023-02-07,22.969999313354492,24.280000686645508,22.899999618530273,23.920000076293945,579200,17.8208065032959
2023-02-08,24.100000381469727,24.1299991607666,23.68000030517578,23.780000686645508,269800,17.716506958007812
2023-02-09,23.799999237060547,24.34000015258789,23.799999237060547,23.920000076293945,294500,17.8208065032959
2023-02-10,24.100000381469727,24.290000915527344,23.56999969482422,23.979999542236328,268700,17.865509033203125
2023-02-13,24.049999237060547,24.420000076293945,23.780000686645508,24.299999237060547,483600,18.103914260864258
2023-02-14,23.81999969482422,24.610000610351562,23.75,24.510000228881836,761700,18.2603702545166
2023-02-15,24.31999969482422,24.459999084472656,23.1299991607666,23.440000534057617,681500,17.46320343017578
2023-02-16,23.360000610351562,23.540000915527344,23.190000534057617,23.34000015258789,481000,17.38869857788086
2023-02-17,23.139999389648438,23.190000534057617,22.579999923706055,22.950000762939453,736000,17.098146438598633
2023-02-21,22.899999618530273,23.56999969482422,22.850000381469727,23.450000762939453,837000,17.470651626586914
2023-02-22,23.450000762939453,23.639999389648438,23.049999237060547,23.389999389648438,742800,17.425947189331055
2023-02-23,23.729999542236328,23.90999984741211,23.290000915527344,23.700000762939453,782500,17.656906127929688
2023-02-24,23.549999237060547,23.829999923706055,22.799999237060547,22.989999771118164,1477600,17.127941131591797
2023-02-27,22.989999771118164,23.030000686645508,22.510000228881836,22.719999313354492,1305800,16.926790237426758
2023-02-28,22.8700008392334,22.899999618530273,22.170000076293945,22.239999771118164,1463300,16.56917953491211
2023-03-01,22.3799991607666,23.739999771118164,22.350000381469727,23.700000762939453,1082200,17.656906127929688
2023-03-02,23.709999084472656,23.709999084472656,22.850000381469727,22.979999542236328,948500,17.120492935180664
2023-03-03,22.729999542236328,23.469999313354492,22.6299991607666,23.260000228881836,1087700,17.329099655151367
2023-03-06,23.200000762939453,23.329999923706055,22.68000030517578,23.059999465942383,1352100,17.18009376525879
2023-03-07,23.020000457763672,23.59000015258789,22.8700008392334,23.110000610351562,1035200,17.21734619140625
2023-03-08,23.100000381469727,23.459999084472656,22.899999618530273,23.239999771118164,386100,17.314199447631836
2023-03-09,23.649999618530273,25.31999969482422,23.5,24.780000686645508,1780100,18.461524963378906
2023-03-10,24.549999237060547,25.59000015258789,24.450000762939453,24.969999313354492,2136000,18.603078842163086
2023-03-13,24.40999984741211,24.81999969482422,23.6299991607666,24.3799991607666,945300,18.163516998291016
2023-03-14,23.969999313354492,24.6299991607666,23.65999984741211,24.010000228881836,755900,18.167301177978516
2023-03-15,23.3799991607666,23.3799991607666,22.690000534057617,22.850000381469727,959600,17.289581298828125
2023-03-16,22.530000686645508,23.15999984741211,22.149999618530273,23.06999969482422,799300,17.456045150756836
2023-03-17,23.079999923706055,23.889999389648438,22.90999984741211,23.760000228881836,1694700,17.97813606262207
2023-03-20,23.6299991607666,24.190000534057617,23.610000610351562,24.1200008392334,998100,18.250530242919922
2023-03-21,24.540000915527344,24.719999313354492,24.18000030517578,24.290000915527344,512400,18.37916374206543
2023-03-22,24.3700008392334,24.770000457763672,24.0,24.3700008392334,737300,18.439695358276367
2023-03-23,24.479999542236328,24.760000228881836,24.170000076293945,24.450000762939453,863600,18.500228881835938
2023-03-24,24.0,24.31999969482422,23.719999313354492,24.229999542236328,733200,18.333765029907227
2023-03-27,24.290000915527344,24.719999313354492,24.149999618530273,24.579999923706055,745100,18.598594665527344
2023-03-28,24.5,25.149999618530273,24.389999389648438,24.829999923706055,448200,18.787757873535156
2023-03-29,25.010000228881836,25.100000381469727,24.719999313354492,24.81999969482422,225500,18.780195236206055
2023-03-30,25.1200008392334,25.170000076293945,24.700000762939453,25.040000915527344,196000,18.946659088134766
2023-03-31,25.1299991607666,25.489999771118164,25.0,25.139999389648438,651100,19.022321701049805
2023-04-03,25.969999313354492,26.84000015258789,25.459999084472656,26.25,946100,19.86220932006836
2023-04-04,26.3799991607666,26.719999313354492,24.479999542236328,26.649999618530273,1083200,20.164871215820312
2023-04-05,26.670000076293945,26.780000686645508,26.09000015258789,26.15999984741211,831600,19.794113159179688
2023-04-06,26.200000762939453,26.530000686645508,25.979999542236328,26.40999984741211,790900,19.983274459838867
2023-04-10,26.479999542236328,26.989999771118164,26.09000015258789,26.25,1463200,19.86220932006836
2023-04-11,26.309999465942383,26.690000534057617,26.229999542236328,26.59000015258789,776100,20.11947250366211
2023-04-12,26.68000030517578,26.8700008392334,26.530000686645508,26.709999084472656,471000,20.210268020629883
2023-04-13,26.790000915527344,27.469999313354492,26.75,27.100000381469727,884800,20.5053653717041
2023-04-14,27.1200008392334,27.700000762939453,27.020000457763672,27.59000015258789,822200,20.876129150390625
2023-04-17,27.59000015258789,27.770000457763672,27.229999542236328,27.290000915527344,423200,20.649133682250977
2023-04-18,27.350000381469727,27.6299991607666,26.969999313354492,27.610000610351562,377600,20.891260147094727
2023-04-19,27.40999984741211,27.639999389648438,27.219999313354492,27.610000610351562,457500,20.891260147094727
2023-04-20,27.40999984741211,27.559999465942383,27.09000015258789,27.440000534057617,302500,20.762630462646484
2023-04-21,27.56999969482422,27.670000076293945,27.309999465942383,27.649999618530273,361900,20.921524047851562
2023-04-24,27.549999237060547,27.93000030517578,27.479999542236328,27.780000686645508,380700,21.019893646240234
2023-04-25,27.81999969482422,27.8799991607666,26.920000076293945,27.229999542236328,349400,20.603731155395508
2023-04-26,27.06999969482422,27.260000228881836,26.610000610351562,27.020000457763672,418800,20.44483184814453
2023-04-27,27.190000534057617,27.420000076293945,26.40999984741211,27.149999618530273,557800,20.543197631835938
2023-04-28,27.1200008392334,27.90999984741211,26.920000076293945,27.510000228881836,413500,20.815593719482422
2023-05-01,27.299999237060547,27.780000686645508,27.299999237060547,27.600000381469727,412700,20.883697509765625
2023-05-02,27.40999984741211,27.530000686645508,26.6299991607666,27.260000228881836,433100,20.626432418823242
2023-05-03,27.0,27.209999084472656,26.649999618530273,27.0,279100,20.429702758789062
2023-05-04,27.020000457763672,27.3700008392334,26.610000610351562,26.8700008392334,350700,20.331336975097656
2023-05-05,27.239999771118164,27.600000381469727,27.229999542236328,27.459999084472656,313500,20.777761459350586
2023-05-08,27.850000381469727,28.25,27.540000915527344,27.799999237060547,486700,21.03502655029297
2023-05-09,27.920000076293945,28.389999389648438,27.829999923706055,28.229999542236328,452100,21.360389709472656
2023-05-10,28.270000457763672,28.34000015258789,27.649999618530273,28.15999984741211,412200,21.307422637939453
2023-05-11,25.850000381469727,27.440000534057617,25.469999313354492,26.209999084472656,1252100,19.83194351196289
2023-05-12,26.360000610351562,26.6299991607666,25.8700008392334,26.170000076293945,711400,19.801677703857422
2023-05-15,26.290000915527344,26.809999465942383,26.219999313354492,26.770000457763672,790600,20.25567054748535
2023-05-16,26.510000228881836,27.469999313354492,26.469999313354492,27.270000457763672,620800,20.634000778198242
2023-05-17,27.440000534057617,27.700000762939453,27.219999313354492,27.459999084472656,592000,20.777761459350586
2023-05-18,27.280000686645508,27.760000228881836,26.670000076293945,27.65999984741211,385500,20.929096221923828
2023-05-19,27.770000457763672,28.079999923706055,27.75,28.059999465942383,294400,21.23175621032715
2023-05-23,27.940000534057617,28.139999389648438,27.770000457763672,27.8799991607666,737700,21.095556259155273
2023-05-24,27.950000762939453,28.149999618530273,27.56999969482422,27.790000915527344,309200,21.0274600982666
2023-05-25,27.579999923706055,27.829999923706055,27.219999313354492,27.350000381469727,474000,20.694528579711914
2023-05-26,27.5,27.65999984741211,27.149999618530273,27.440000534057617,370800,20.762630462646484
2023-05-29,27.280000686645508,27.8700008392334,27.280000686645508,27.719999313354492,69900,20.9744930267334
2023-05-30,27.110000610351562,27.579999923706055,27.049999237060547,27.290000915527344,570600,20.649133682250977
2023-05-31,27.049999237060547,27.5,26.959999084472656,27.329999923706055,749200,20.679397583007812
2023-06-01,27.329999923706055,28.010000228881836,27.079999923706055,27.8700008392334,680300,21.087989807128906
2023-06-02,28.209999084472656,28.729999542236328,28.139999389648438,28.510000228881836,672100,21.572248458862305
2023-06-05,28.969999313354492,28.989999771118164,27.920000076293945,27.969999313354492,417000,21.163654327392578
2023-06-06,27.829999923706055,27.969999313354492,27.3799991607666,27.940000534057617,446800,21.14095687866211
2023-06-07,28.0,28.729999542236328,28.0,28.510000228881836,496800,21.572248458862305
2023-06-08,28.540000915527344,28.719999313354492,28.040000915527344,28.350000381469727,281100,21.45118522644043
2023-06-09,28.399999618530273,28.719999313354492,28.209999084472656,28.290000915527344,348500,21.40578842163086
2023-06-12,28.1200008392334,28.25,27.479999542236328,27.530000686645508,624300,20.830730438232422
2023-06-13,27.75,28.0,27.389999389648438,27.440000534057617,675300,20.762630462646484
2023-06-14,27.139999389648438,27.34000015258789,26.34000015258789,26.700000762939453,617600,20.482622146606445
2023-06-15,26.610000610351562,27.5,26.469999313354492,27.3700008392334,276300,20.996606826782227
2023-06-16,27.420000076293945,27.700000762939453,26.899999618530273,27.209999084472656,1006900,20.873865127563477
2023-06-19,27.190000534057617,27.450000762939453,27.09000015258789,27.270000457763672,104700,20.919891357421875
2023-06-20,27.270000457763672,27.270000457763672,26.81999969482422,26.989999771118164,405500,20.705095291137695
2023-06-21,26.989999771118164,27.799999237060547,26.940000534057617,27.170000076293945,444500,20.843177795410156
2023-06-22,27.010000228881836,27.170000076293945,26.280000686645508,26.59000015258789,422500,20.398237228393555
2023-06-23,26.43000030517578,26.489999771118164,26.0,26.06999969482422,345300,19.999326705932617
2023-06-26,26.040000915527344,26.540000915527344,26.040000915527344,26.229999542236328,628800,20.122066497802734
2023-06-27,26.239999771118164,26.360000610351562,25.93000030517578,26.270000457763672,355700,20.152753829956055
2023-06-28,26.270000457763672,26.510000228881836,26.100000381469727,26.280000686645508,499500,20.160423278808594
2023-06-29,26.270000457763672,26.559999465942383,26.219999313354492,26.5,364200,20.329195022583008
2023-06-30,26.600000381469727,26.81999969482422,26.229999542236328,26.559999465942383,468900,20.375219345092773
2023-07-04,26.56999969482422,27.040000915527344,26.540000915527344,26.809999465942383,184900,20.567007064819336
2023-07-05,26.950000762939453,27.190000534057617,26.420000076293945,26.479999542236328,538600,20.313852310180664
2023-07-06,26.3700008392334,26.559999465942383,25.950000762939453,26.3700008392334,505800,20.229469299316406
2023-07-07,26.309999465942383,27.459999084472656,26.18000030517578,27.40999984741211,591600,21.02729606628418
2023-07-10,27.3700008392334,27.799999237060547,26.84000015258789,27.760000228881836,413300,21.295791625976562
2023-07-11,27.850000381469727,28.790000915527344,27.850000381469727,28.770000457763672,559900,22.070602416992188
2023-07-12,28.809999465942383,29.510000228881836,28.809999465942383,29.309999465942383,629100,22.484853744506836
2023-07-13,29.299999237060547,30.059999465942383,29.299999237060547,29.899999618530273,447000,22.937469482421875
2023-07-14,29.8700008392334,29.93000030517578,28.639999389648438,29.010000228881836,478800,22.25471305847168
2023-07-17,28.600000381469727,28.700000762939453,26.200000762939453,26.809999465942383,1377600,20.567007064819336
2023-07-18,26.8700008392334,28.09000015258789,26.81999969482422,27.700000762939453,767400,21.249759674072266
2023-07-19,27.700000762939453,27.959999084472656,27.239999771118164,27.479999542236328,467600,21.080989837646484
2023-07-20,27.649999618530273,27.8799991607666,27.290000915527344,27.440000534057617,313000,21.05030632019043
2023-07-21,27.450000762939453,27.8799991607666,27.329999923706055,27.420000076293945,263100,21.034963607788086
2023-07-24,27.700000762939453,27.93000030517578,27.510000228881836,27.600000381469727,475900,21.17304801940918
2023-07-25,28.0,28.040000915527344,27.270000457763672,27.31999969482422,568400,20.958250045776367
2023-07-26,27.040000915527344,28.079999923706055,26.920000076293945,27.8799991607666,738600,21.387845993041992
2023-07-27,27.8799991607666,28.020000457763672,27.540000915527344,27.579999923706055,219300,21.15770721435547
2023-07-28,27.549999237060547,28.219999313354492,27.5,28.209999084472656,278100,21.641000747680664
2023-07-31,28.3799991607666,29.350000381469727,28.3799991607666,29.209999084472656,843800,22.408140182495117
2023-08-01,29.1200008392334,29.420000076293945,28.700000762939453,28.899999618530273,285200,22.170330047607422
2023-08-02,28.760000228881836,28.760000228881836,27.579999923706055,27.959999084472656,332900,21.44921875
2023-08-03,27.639999389648438,28.030000686645508,26.149999618530273,26.25,679500,20.137409210205078
2023-08-04,26.459999084472656,27.030000686645508,26.350000381469727,26.420000076293945,553000,20.267824172973633
2023-08-08,26.049999237060547,26.1200008392334,24.100000381469727,25.690000534057617,564400,19.707813262939453
2023-08-09,25.690000534057617,26.170000076293945,24.8700008392334,25.18000030517578,742200,19.316572189331055
2023-08-10,24.809999465942383,25.329999923706055,24.809999465942383,25.170000076293945,613200,19.30889892578125
2023-08-11,25.190000534057617,25.649999618530273,25.049999237060547,25.100000381469727,504700,19.255197525024414
2023-08-14,25.020000457763672,25.020000457763672,24.450000762939453,24.84000015258789,811800,19.055744171142578
2023-08-15,24.649999618530273,24.989999771118164,24.270000457763672,24.3700008392334,442900,18.695188522338867
2023-08-16,24.399999618530273,24.59000015258789,24.239999771118164,24.31999969482422,363600,18.656829833984375
2023-08-17,24.459999084472656,24.739999771118164,24.360000610351562,24.459999084472656,558400,18.76422882080078
2023-08-18,24.280000686645508,24.6200008392334,24.049999237060547,24.600000381469727,269900,18.87162971496582
2023-08-21,24.739999771118164,25.209999084472656,24.709999084472656,24.75,483400,18.986703872680664
2023-08-22,24.760000228881836,24.899999618530273,24.540000915527344,24.690000534057617,282800,18.940673828125
2023-08-23,24.5,24.729999542236328,24.200000762939453,24.530000686645508,406700,18.81793212890625
2023-08-24,24.3799991607666,25.040000915527344,23.979999542236328,24.639999389648438,380400,18.902315139770508
2023-08-25,24.75,25.440000534057617,24.75,25.290000915527344,595700,19.400955200195312
2023-08-28,25.399999618530273,25.760000228881836,25.030000686645508,25.299999237060547,337400,19.408628463745117
2023-08-29,25.299999237060547,25.8700008392334,25.229999542236328,25.68000030517578,335400,19.70014190673828
2023-08-30,25.770000457763672,26.149999618530273,25.709999084472656,25.709999084472656,261400,19.723154067993164
2023-08-31,25.81999969482422,26.0,25.3700008392334,25.56999969482422,478000,19.615755081176758
2023-09-01,25.860000610351562,26.479999542236328,25.850000381469727,26.25,307300,20.137409210205078
2023-09-05,26.270000457763672,26.6299991607666,26.010000228881836,26.31999969482422,593500,20.19110870361328
2023-09-06,26.31999969482422,26.56999969482422,26.18000030517578,26.389999389648438,437500,20.244810104370117
2023-09-07,26.469999313354492,26.81999969482422,25.920000076293945,25.979999542236328,516600,19.930280685424805
2023-09-08,26.049999237060547,26.360000610351562,26.049999237060547,26.1299991607666,208400,20.045352935791016
2023-09-11,26.1299991607666,26.309999465942383,25.5,25.540000915527344,193600,19.592741012573242
2023-09-12,25.739999771118164,26.229999542236328,25.719999313354492,26.020000457763672,356400,19.960968017578125
2023-09-13,26.010000228881836,26.010000228881836,24.309999465942383,24.8700008392334,1090000,19.078760147094727
2023-09-14,24.760000228881836,25.0,24.649999618530273,24.920000076293945,638500,19.409778594970703
2023-09-15,24.709999084472656,25.3700008392334,24.709999084472656,25.110000610351562,726600,19.557771682739258
2023-09-18,25.06999969482422,25.399999618530273,24.989999771118164,25.079999923706055,752000,19.53440284729004
2023-09-19,25.229999542236328,25.700000762939453,25.219999313354492,25.350000381469727,909200,19.744707107543945
2023-09-20,25.18000030517578,25.549999237060547,24.649999618530273,24.899999618530273,582800,19.394208908081055
2023-09-21,24.899999618530273,24.979999542236328,24.290000915527344,24.329999923706055,551100,18.950241088867188
2023-09-22,24.579999923706055,24.84000015258789,24.34000015258789,24.790000915527344,305700,19.30852699279785
2023-09-25,24.729999542236328,25.579999923706055,24.729999542236328,25.530000686645508,934400,19.88490104675293
2023-09-26,25.360000610351562,25.770000457763672,24.90999984741211,25.31999969482422,414600,19.72133445739746
2023-09-27,25.6200008392334,26.09000015258789,25.559999465942383,25.940000534057617,543300,20.204246520996094
2023-09-28,26.040000915527344,26.190000534057617,25.06999969482422,25.350000381469727,536800,19.744707107543945
2023-09-29,25.450000762939453,25.719999313354492,25.280000686645508,25.489999771118164,337300,19.853748321533203
2023-10-02,25.479999542236328,25.739999771118164,24.920000076293945,25.299999237060547,586200,19.70575714111328
2023-10-03,25.239999771118164,25.700000762939453,25.239999771118164,25.579999923706055,535300,19.923847198486328
2023-10-04,25.200000762939453,25.299999237060547,24.729999542236328,25.030000686645508,504500,19.49546241760254
2023-10-05,24.940000534057617,25.149999618530273,24.510000228881836,24.700000762939453,306400,19.238431930541992
2023-10-06,24.780000686645508,24.780000686645508,23.56999969482422,23.6299991607666,404500,18.405025482177734
2023-10-10,24.209999084472656,24.479999542236328,23.90999984741211,24.06999969482422,740900,18.747732162475586
2023-10-11,23.75,23.8700008392334,23.200000762939453,23.209999084472656,448900,18.077892303466797
2023-10-12,23.350000381469727,23.3700008392334,22.65999984741211,23.270000457763672,437400,18.124624252319336
2023-10-13,23.84000015258789,24.09000015258789,23.520000457763672,24.09000015258789,559200,18.76331329345703
2023-10-16,24.100000381469727,24.260000228881836,23.770000457763672,24.1299991607666,284000,18.794466018676758
2023-10-17,24.020000457763672,24.780000686645508,23.959999084472656,24.760000228881836,361500,19.285160064697266
2023-10-18,24.829999923706055,25.190000534057617,24.829999923706055,25.1299991607666,456300,19.573347091674805
2023-10-19,25.0,25.6200008392334,25.0,25.469999313354492,472300,19.83816909790039
2023-10-20,25.459999084472656,25.709999084472656,25.200000762939453,25.3700008392334,433000,19.760276794433594
2023-10-23,25.020000457763672,25.6299991607666,24.860000610351562,25.079999923706055,369200,19.53440284729004
2023-10-24,25.010000228881836,25.290000915527344,24.239999771118164,24.399999618530273,446100,19.004762649536133
2023-10-25,24.399999618530273,25.059999465942383,24.31999969482422,24.850000381469727,319600,19.355260848999023
2023-10-26,24.59000015258789,25.260000228881836,24.3700008392334,25.229999542236328,295900,19.65123748779297
2023-10-27,25.280000686645508,25.5,24.940000534057617,25.479999542236328,346000,19.845958709716797
2023-10-30,25.389999389648438,26.1200008392334,25.110000610351562,26.06999969482422,564200,20.305498123168945
2023-10-31,26.34000015258789,26.6299991607666,25.989999771118164,26.579999923706055,776900,20.70273208618164
2023-11-01,26.59000015258789,26.84000015258789,26.479999542236328,26.690000534057617,408900,20.788408279418945
2023-11-02,26.690000534057617,27.5,26.399999618530273,27.420000076293945,416300,21.35699462890625
2023-11-03,27.450000762939453,27.780000686645508,27.030000686645508,27.420000076293945,338200,21.35699462890625
2023-11-06,27.649999618530273,28.059999465942383,27.239999771118164,27.600000381469727,428500,21.497188568115234
2023-11-07,26.8700008392334,27.0,26.270000457763672,26.34000015258789,544400,20.515798568725586
2023-11-08,26.049999237060547,27.25,26.049999237060547,27.209999084472656,516100,21.19342613220215
2023-11-09,27.93000030517578,28.139999389648438,27.239999771118164,27.8700008392334,707000,21.70749282836914
2023-11-10,28.030000686645508,28.040000915527344,27.190000534057617,27.459999084472656,293400,21.388147354125977
2023-11-13,27.649999618530273,27.649999618530273,27.030000686645508,27.479999542236328,397100,21.40372657775879
2023-11-14,27.020000457763672,27.219999313354492,26.690000534057617,27.030000686645508,598700,21.05323028564453
2023-11-15,26.950000762939453,27.510000228881836,26.739999771118164,27.31999969482422,339600,21.279104232788086
2023-11-16,27.299999237060547,27.299999237060547,26.610000610351562,26.920000076293945,499500,20.967552185058594
2023-11-17,26.739999771118164,27.6299991607666,26.739999771118164,27.530000686645508,256000,21.442670822143555
2023-11-20,27.5,28.229999542236328,27.389999389648438,28.049999237060547,380500,21.847688674926758
2023-11-21,28.020000457763672,28.1299991607666,27.6299991607666,27.65999984741211,173900,21.54392433166504
2023-11-22,27.309999465942383,27.34000015258789,26.68000030517578,26.8700008392334,570300,20.928607940673828
2023-11-23,27.040000915527344,27.399999618530273,27.040000915527344,27.309999465942383,78000,21.27131462097168
2023-11-24,27.40999984741211,27.690000534057617,27.360000610351562,27.399999618530273,161700,21.341413497924805
2023-11-27,27.06999969482422,27.34000015258789,26.530000686645508,26.6299991607666,474200,20.741674423217773
2023-11-28,26.739999771118164,27.25,26.739999771118164,27.059999465942383,801000,21.076595306396484
2023-11-29,27.18000030517578,27.639999389648438,27.0,27.239999771118164,298600,21.216793060302734
2023-11-30,27.3700008392334,28.079999923706055,27.209999084472656,27.829999923706055,1102600,21.67633628845215
2023-12-01,27.90999984741211,28.040000915527344,27.229999542236328,27.34000015258789,211000,21.2946834564209
2023-12-04,27.1200008392334,27.15999984741211,26.299999237060547,26.329999923706055,507000,20.508012771606445
2023-12-05,26.440000534057617,26.780000686645508,26.139999389648438,26.270000457763672,313300,20.46127700805664
2023-12-06,26.040000915527344,26.25,25.450000762939453,25.469999313354492,350700,19.83816909790039
2023-12-07,25.6200008392334,25.899999618530273,25.360000610351562,25.389999389648438,410900,19.775856018066406
2023-12-08,25.600000381469727,25.8700008392334,25.350000381469727,25.520000457763672,262200,19.87711524963379
2023-12-11,25.530000686645508,25.530000686645508,24.690000534057617,24.84000015258789,357600,19.34747314453125
2023-12-12,24.190000534057617,24.729999542236328,24.190000534057617,24.5,363000,19.082653045654297
2023-12-13,24.510000228881836,25.100000381469727,24.350000381469727,24.559999465942383,319600,19.129383087158203
2023-12-14,24.649999618530273,24.780000686645508,24.329999923706055,24.360000610351562,372900,19.267805099487305
2023-12-15,24.360000610351562,24.360000610351562,23.799999237060547,24.059999465942383,439500,19.030515670776367
2023-12-18,24.260000228881836,24.459999084472656,23.829999923706055,23.979999542236328,537900,18.96723747253418
2023-12-19,24.0,24.649999618530273,23.90999984741211,24.56999969482422,645700,19.433902740478516
2023-12-20,24.559999465942383,25.360000610351562,24.559999465942383,25.1299991607666,589100,19.876842498779297
2023-12-21,25.25,25.40999984741211,24.979999542236328,25.3799991607666,401600,20.074583053588867
2023-12-22,25.40999984741211,25.780000686645508,25.309999465942383,25.399999618530273,525800,20.090402603149414
2023-12-27,25.40999984741211,25.760000228881836,25.3700008392334,25.389999389648438,214600,20.082490921020508
2023-12-28,25.360000610351562,25.399999618530273,24.969999313354492,24.989999771118164,151800,19.766109466552734
2023-12-29,25.049999237060547,25.170000076293945,24.920000076293945,24.950000762939453,175900,19.73447036743164
2024-01-02,25.260000228881836,25.299999237060547,24.950000762939453,25.25,315800,19.971757888793945
2024-01-03,25.18000030517578,25.600000381469727,25.18000030517578,25.389999389648438,192700,20.082490921020508
2024-01-04,25.68000030517578,25.719999313354492,24.979999542236328,25.15999984741211,169500,19.900571823120117
2024-01-05,25.34000015258789,25.34000015258789,24.84000015258789,24.940000534057617,201700,19.726560592651367
2024-01-08,24.56999969482422,24.75,24.399999618530273,24.639999389648438,280300,19.489269256591797
2024-01-09,24.700000762939453,24.700000762939453,24.31999969482422,24.5,164400,19.378538131713867
2024-01-10,24.5,24.739999771118164,23.90999984741211,23.979999542236328,648900,18.96723747253418
2024-01-11,24.209999084472656,24.690000534057617,24.079999923706055,24.579999923706055,282200,19.441816329956055
2024-01-12,24.950000762939453,25.520000457763672,24.520000457763672,25.469999313354492,272200,20.145769119262695
2024-01-15,25.520000457763672,25.770000457763672,25.25,25.729999542236328,87200,20.35141944885254
2024-01-16,24.5,24.729999542236328,21.639999389648438,21.690000534057617,2023300,17.15593910217285
2024-01-17,21.489999771118164,22.290000915527344,21.440000534057617,22.200000762939453,1099800,17.559328079223633
2024-01-18,22.489999771118164,22.979999542236328,22.100000381469727,22.110000610351562,572500,17.488140106201172
2024-01-19,22.200000762939453,22.3799991607666,21.75,21.8700008392334,473400,17.298315048217773
2024-01-22,21.989999771118164,22.5,21.780000686645508,22.43000030517578,465800,17.741249084472656
2024-01-23,22.489999771118164,22.899999618530273,22.489999771118164,22.709999084472656,249400,17.962717056274414
2024-01-24,22.860000610351562,22.920000076293945,22.25,22.510000228881836,262100,17.80452537536621
2024-01-25,22.68000030517578,23.149999618530273,22.6200008392334,22.959999084472656,378100,18.160459518432617
2024-01-26,23.0,23.299999237060547,22.8700008392334,23.1200008392334,206300,18.28701400756836
2024-01-29,23.0,23.200000762939453,22.850000381469727,22.959999084472656,199300,18.160459518432617
2024-01-30,22.850000381469727,23.059999465942383,22.649999618530273,23.010000228881836,321200,18.200008392333984
2024-01-31,23.010000228881836,23.059999465942383,21.889999389648438,22.260000228881836,663700,17.606786727905273
2024-02-01,22.440000534057617,22.59000015258789,21.940000534057617,21.989999771118164,350300,17.393226623535156
2024-02-02,21.8700008392334,22.260000228881836,21.8700008392334,22.1200008392334,213000,17.496051788330078
2024-02-05,22.1200008392334,22.290000915527344,21.670000076293945,21.969999313354492,326600,17.377405166625977
2024-02-06,22.010000228881836,22.110000610351562,21.84000015258789,21.950000762939453,367700,17.361591339111328
2024-02-07,21.75,22.020000457763672,21.65999984741211,21.75,367200,17.20339584350586
2024-02-08,21.760000228881836,22.030000686645508,21.760000228881836,21.850000381469727,392100,17.282493591308594
2024-02-09,21.850000381469727,22.079999923706055,21.850000381469727,22.020000457763672,377800,17.41695785522461
2024-02-12,21.979999542236328,22.09000015258789,21.920000076293945,22.010000228881836,369500,17.409046173095703
2024-02-13,21.90999984741211,21.969999313354492,20.200000762939453,20.399999618530273,1266000,16.135601043701172
2024-02-14,20.5,20.770000457763672,20.3799991607666,20.559999465942383,684900,16.262149810791016
2024-02-15,20.350000381469727,20.850000381469727,20.350000381469727,20.729999542236328,404200,16.39661407470703
2024-02-16,20.700000762939453,20.8799991607666,20.40999984741211,20.829999923706055,586700,16.475711822509766
2024-02-20,20.950000762939453,21.829999923706055,20.950000762939453,21.190000534057617,1196500,16.760459899902344
2024-02-21,21.190000534057617,21.530000686645508,21.110000610351562,21.3799991607666,639300,16.910737991333008
2024-02-22,21.389999389648438,21.639999389648438,21.139999389648438,21.149999618530273,807400,16.728818893432617
2024-02-23,21.18000030517578,21.579999923706055,20.889999389648438,21.540000915527344,1104700,17.037294387817383
2024-02-26,21.540000915527344,22.0,21.3799991607666,21.56999969482422,402200,17.061025619506836
2024-02-27,21.56999969482422,21.860000610351562,21.469999313354492,21.809999465942383,457000,17.2508544921875
2024-02-28,21.989999771118164,21.989999771118164,21.649999618530273,21.889999389648438,554800,17.314130783081055
2024-02-29,21.950000762939453,22.350000381469727,21.790000915527344,21.899999618530273,797700,17.322040557861328
2024-03-01,22.489999771118164,22.489999771118164,20.209999084472656,20.5,2673600,16.214698791503906
2024-03-04,21.139999389648438,21.399999618530273,20.56999969482422,20.860000610351562,1613300,16.499439239501953
2024-03-05,20.829999923706055,21.040000915527344,20.170000076293945,20.200000762939453,1002500,15.977404594421387
2024-03-06,20.649999618530273,20.93000030517578,20.25,20.579999923706055,874700,16.277971267700195
2024-03-07,21.0,21.25,20.549999237060547,21.110000610351562,566500,16.697181701660156
2024-03-08,21.020000457763672,21.239999771118164,20.530000686645508,20.959999084472656,862600,16.578536987304688
2024-03-11,20.8799991607666,21.260000228881836,20.610000610351562,21.149999618530273,341100,16.728818893432617
2024-03-12,21.110000610351562,21.260000228881836,20.8700008392334,21.049999237060547,500700,16.64972496032715
2024-03-13,21.15999984741211,21.389999389648438,20.90999984741211,20.90999984741211,485300,16.538990020751953
2024-03-14,20.690000534057617,21.09000015258789,20.440000534057617,20.899999618530273,727500,16.832962036132812
2024-03-15,20.8700008392334,21.190000534057617,20.760000228881836,21.079999923706055,697400,16.977933883666992
2024-03-18,21.15999984741211,21.280000686645508,20.920000076293945,21.209999084472656,1101100,17.0826358795166
2024-03-19,21.149999618530273,21.40999984741211,21.079999923706055,21.299999237060547,632300,17.155122756958008
2024-03-20,21.149999618530273,21.329999923706055,21.010000228881836,21.200000762939453,395200,17.074583053588867
2024-03-21,21.229999542236328,21.68000030517578,21.229999542236328,21.40999984741211,585300,17.24371910095215
2024-03-22,21.399999618530273,21.440000534057617,21.09000015258789,21.18000030517578,487600,17.058475494384766
2024-03-25,21.200000762939453,21.649999618530273,21.200000762939453,21.559999465942383,665900,17.36452865600586
2024-03-26,21.56999969482422,21.649999618530273,21.200000762939453,21.43000030517578,339500,17.25982666015625
2024-03-27,21.40999984741211,21.690000534057617,21.360000610351562,21.520000457763672,331000,17.332311630249023
2024-03-28,21.600000381469727,21.780000686645508,21.440000534057617,21.639999389648438,772700,17.42896270751953
2024-04-01,21.959999084472656,21.959999084472656,21.709999084472656,21.84000015258789,488300,17.590044021606445
2024-04-02,21.84000015258789,22.229999542236328,21.84000015258789,22.0,585500,17.718904495239258
2024-04-03,22.110000610351562,22.260000228881836,21.790000915527344,22.219999313354492,564700,17.896099090576172
2024-04-04,22.290000915527344,22.469999313354492,22.170000076293945,22.309999465942383,466600,17.968584060668945
2024-04-05,22.3799991607666,23.18000030517578,22.3799991607666,23.010000228881836,925500,18.532367706298828
2024-04-08,22.93000030517578,23.420000076293945,22.93000030517578,23.1200008392334,431800,18.620960235595703
2024-04-09,23.059999465942383,23.34000015258789,23.010000228881836,23.149999618530273,381200,18.64512062072754
2024-04-10,23.209999084472656,23.600000381469727,23.209999084472656,23.600000381469727,440100,19.007553100585938
2024-04-11,23.6299991607666,23.829999923706055,23.459999084472656,23.579999923706055,489400,18.9914493560791
2024-04-12,23.700000762939453,23.989999771118164,23.40999984741211,23.479999542236328,263200,18.910907745361328
2024-04-15,23.469999313354492,23.510000228881836,23.1299991607666,23.350000381469727,359600,18.806201934814453
2024-04-16,23.190000534057617,23.6299991607666,23.110000610351562,23.5,414300,18.92701530456543
2024-04-17,23.440000534057617,23.8799991607666,23.3799991607666,23.579999923706055,593200,18.9914493560791
2024-04-18,23.579999923706055,23.8799991607666,23.459999084472656,23.610000610351562,400600,19.01561164855957
2024-04-19,23.649999618530273,23.950000762939453,23.510000228881836,23.739999771118164,311300,19.12031364440918
2024-04-22,23.639999389648438,23.84000015258789,23.420000076293945,23.700000762939453,267200,19.08809471130371
2024-04-23,23.690000534057617,24.239999771118164,23.5,24.200000762939453,270200,19.490798950195312
2024-04-24,24.18000030517578,24.43000030517578,24.079999923706055,24.229999542236328,137400,19.51496124267578
2024-04-25,24.020000457763672,24.360000610351562,23.989999771118164,24.329999923706055,232800,19.595500946044922
2024-04-26,24.309999465942383,24.399999618530273,24.149999618530273,24.239999771118164,365400,19.52301597595215
2024-04-29,24.15999984741211,24.459999084472656,24.040000915527344,24.399999618530273,260700,19.65188217163086
2024-04-30,24.399999618530273,24.399999618530273,23.899999618530273,24.0,343900,19.3297176361084
2024-05-01,23.860000610351562,23.950000762939453,23.450000762939453,23.670000076293945,374800,19.063934326171875
2024-05-02,23.639999389648438,24.06999969482422,23.639999389648438,23.940000534057617,504700,19.281396865844727
2024-05-03,24.0,24.030000686645508,23.65999984741211,23.860000610351562,449800,19.21695899963379
2024-05-06,23.860000610351562,23.950000762939453,23.5,23.520000457763672,559200,18.94312286376953
2024-05-07,23.549999237060547,23.8700008392334,23.5,23.709999084472656,400000,19.096149444580078
2024-05-08,23.690000534057617,23.920000076293945,23.6200008392334,23.670000076293945,293100,19.063934326171875
2024-05-09,23.75,24.8799991607666,23.700000762939453,24.600000381469727,556100,19.812959671020508
2024-05-10,24.479999542236328,24.549999237060547,24.059999465942383,24.100000381469727,344400,19.410259246826172
2024-05-13,24.15999984741211,24.329999923706055,23.899999618530273,24.079999923706055,874800,19.394145965576172
2024-05-14,24.0,24.209999084472656,23.68000030517578,23.780000686645508,326400,19.152530670166016
2024-05-15,23.780000686645508,23.850000381469727,23.479999542236328,23.719999313354492,662300,19.104202270507812
2024-05-16,23.84000015258789,23.899999618530273,23.139999389648438,23.149999618530273,305000,18.64512062072754
2024-05-17,23.209999084472656,23.469999313354492,23.100000381469727,23.219999313354492,707400,18.701499938964844
2024-05-21,23.219999313354492,23.34000015258789,23.010000228881836,23.040000915527344,1099700,18.556528091430664
2024-05-22,22.93000030517578,22.959999084472656,22.56999969482422,22.6299991607666,490300,18.226314544677734
2024-05-23,22.610000610351562,22.760000228881836,22.149999618530273,22.290000915527344,263400,17.952476501464844
2024-05-24,22.350000381469727,22.559999465942383,22.309999465942383,22.469999313354492,271800,18.09744644165039
2024-05-27,22.469999313354492,22.559999465942383,22.309999465942383,22.399999618530273,82900,18.04107093811035
2024-05-28,22.399999618530273,23.030000686645508,22.399999618530273,23.010000228881836,619000,18.532367706298828
2024-05-29,22.959999084472656,23.15999984741211,22.399999618530273,22.549999237060547,983800,18.161880493164062
2024-05-30,22.469999313354492,22.8799991607666,22.3700008392334,22.450000762939453,190800,18.081340789794922
2024-05-31,22.540000915527344,22.770000457763672,22.030000686645508,22.3700008392334,1076900,18.016908645629883
2024-06-03,22.450000762939453,22.5,21.34000015258789,21.40999984741211,655700,17.24371910095215
2024-06-04,21.209999084472656,21.3799991607666,20.889999389648438,21.209999084472656,1113400,17.0826358795166
2024-06-05,21.40999984741211,21.979999542236328,21.31999969482422,21.959999084472656,493600,17.686689376831055
2024-06-06,21.989999771118164,22.520000457763672,21.959999084472656,22.450000762939453,306600,18.081340789794922
2024-06-07,22.309999465942383,22.420000076293945,22.110000610351562,22.200000762939453,451200,17.879989624023438
2024-06-10,22.0,22.299999237060547,21.959999084472656,22.149999618530273,439700,18.15456199645996
2024-06-11,22.110000610351562,22.56999969482422,21.979999542236328,22.549999237060547,367500,18.48240852355957
2024-06-12,22.649999618530273,22.75,22.3799991607666,22.3799991607666,244800,18.34307289123535
2024-06-13,22.31999969482422,22.3799991607666,21.579999923706055,21.59000015258789,298300,17.695573806762695
2024-06-14,21.510000228881836,21.549999237060547,21.280000686645508,21.31999969482422,349500,17.474273681640625
2024-06-17,21.299999237060547,21.469999313354492,20.959999084472656,21.360000610351562,874700,17.507064819335938
2024-06-18,21.360000610351562,21.59000015258789,21.200000762939453,21.299999237060547,385100,17.457883834838867
2024-06-19,21.280000686645508,21.540000915527344,21.190000534057617,21.309999465942383,195400,17.46607780456543
2024-06-20,21.329999923706055,21.690000534057617,21.329999923706055,21.6200008392334,1155100,17.72016143798828
2024-06-21,21.739999771118164,21.93000030517578,21.350000381469727,21.450000762939453,992700,17.580829620361328
2024-06-24,21.530000686645508,21.90999984741211,21.530000686645508,21.889999389648438,566500,17.94146156311035
2024-06-25,21.799999237060547,21.93000030517578,21.690000534057617,21.760000228881836,526400,17.834911346435547
2024-06-26,21.719999313354492,21.989999771118164,21.690000534057617,21.75,285100,17.82671356201172
2024-06-27,21.860000610351562,21.979999542236328,21.780000686645508,21.90999984741211,201500,17.95785140991211
2024-06-28,21.979999542236328,22.100000381469727,21.850000381469727,21.920000076293945,939800,17.96605110168457
2024-07-02,22.100000381469727,22.329999923706055,21.889999389648438,21.989999771118164,423600,18.023420333862305
2024-07-03,22.020000457763672,22.06999969482422,21.6200008392334,21.690000534057617,208800,17.77753448486328
2024-07-04,21.709999084472656,21.84000015258789,21.68000030517578,21.81999969482422,585300,17.88408660888672
2024-07-05,21.780000686645508,21.790000915527344,20.780000686645508,20.920000076293945,1177700,17.14643096923828
2024-07-08,20.889999389648438,21.1299991607666,20.729999542236328,21.079999923706055,551700,17.277568817138672
2024-07-09,21.0,21.030000686645508,20.59000015258789,20.610000610351562,226000,16.89234733581543
2024-07-10,20.610000610351562,21.100000381469727,20.610000610351562,21.06999969482422,170200,17.269371032714844
2024-07-11,21.06999969482422,21.700000762939453,21.040000915527344,21.5,421300,17.621810913085938
2024-07-12,21.56999969482422,21.75,21.520000457763672,21.600000381469727,292300,17.70376968383789
2024-07-15,21.65999984741211,21.790000915527344,21.559999465942383,21.700000762939453,273800,17.785734176635742
2024-07-16,21.6200008392334,21.770000457763672,21.299999237060547,21.469999313354492,436200,17.59721565246582
2024-07-17,21.530000686645508,21.760000228881836,21.3700008392334,21.450000762939453,433000,17.580829620361328
2024-07-18,21.479999542236328,21.639999389648438,21.3799991607666,21.6299991607666,585600,17.72835922241211
2024-07-19,21.459999084472656,21.729999542236328,21.389999389648438,21.389999389648438,215200,17.53165054321289
2024-07-22,21.40999984741211,21.43000030517578,21.049999237060547,21.139999389648438,383000,17.326745986938477
2024-07-23,21.079999923706055,21.079999923706055,20.559999465942383,20.770000457763672,326700,17.023487091064453
2024-07-24,20.809999465942383,21.0,20.399999618530273,20.420000076293945,403500,16.73661994934082
2024-07-25,20.389999389648438,20.479999542236328,20.079999923706055,20.389999389648438,471400,16.7120304107666
2024-07-26,20.420000076293945,20.899999618530273,20.40999984741211,20.709999084472656,354600,16.97430992126465
2024-07-29,20.8700008392334,20.8700008392334,20.549999237060547,20.719999313354492,426300,16.98250389099121
2024-07-30,20.68000030517578,20.809999465942383,20.239999771118164,20.40999984741211,780300,16.728422164916992
2024-07-31,20.510000228881836,21.0,20.510000228881836,20.709999084472656,496500,16.97430992126465
2024-08-01,19.739999771118164,19.780000686645508,18.299999237060547,18.510000228881836,2455300,15.171147346496582
2024-08-02,17.690000534057617,17.81999969482422,16.93000030517578,17.229999542236328,1936300,14.122035026550293
2024-08-06,17.139999389648438,17.18000030517578,16.75,16.950000762939453,1643000,13.892542839050293
2024-08-07,17.229999542236328,17.360000610351562,16.690000534057617,16.719999313354492,1079300,13.70402717590332
2024-08-08,16.989999771118164,16.989999771118164,16.6299991607666,16.65999984741211,711900,13.654850959777832
2024-08-09,16.829999923706055,16.829999923706055,16.469999313354492,16.719999313354492,596000,13.70402717590332
2024-08-12,16.860000610351562,17.59000015258789,16.81999969482422,17.510000228881836,716500,14.351530075073242
2024-08-13,17.440000534057617,17.690000534057617,17.440000534057617,17.6299991607666,389600,14.449880599975586
2024-08-14,17.649999618530273,17.809999465942383,17.5,17.709999084472656,340200,14.51545238494873
2024-08-15,17.760000228881836,18.139999389648438,17.5,17.510000228881836,741200,14.351530075073242
2024-08-16,17.399999618530273,17.5,17.110000610351562,17.299999237060547,821600,14.179407119750977
2024-08-19,17.31999969482422,17.739999771118164,17.1299991607666,17.5,1659800,14.34333324432373
2024-08-20,17.510000228881836,17.579999923706055,17.190000534057617,17.25,959900,14.138427734375
2024-08-21,17.350000381469727,17.6200008392334,17.34000015258789,17.530000686645508,747100,14.367920875549316
2024-08-22,17.65999984741211,17.65999984741211,17.209999084472656,17.260000228881836,506900,14.146622657775879
2024-08-23,17.360000610351562,17.549999237060547,17.299999237060547,17.309999465942383,592600,14.187603950500488
2024-08-26,17.56999969482422,17.719999313354492,17.34000015258789,17.510000228881836,549200,14.351530075073242
2024-08-27,17.56999969482422,17.56999969482422,17.18000030517578,17.25,652000,14.138427734375
2024-08-28,17.229999542236328,17.350000381469727,17.079999923706055,17.260000228881836,1105900,14.146622657775879
2024-08-29,13.859999656677246,14.0,11.329999923706055,13.180000305175781,6462500,10.802578926086426
2024-08-30,13.050000190734863,13.59000015258789,12.699999809265137,13.529999732971191,1866100,11.08944320678711
2024-09-03,13.600000381469727,13.880000114440918,13.149999618530273,13.25,1519800,10.859951972961426
2024-09-04,13.359999656677246,13.399999618530273,13.09000015258789,13.369999885559082,1494600,10.958305358886719
2024-09-05,13.460000038146973,13.739999771118164,13.170000076293945,13.229999542236328,652700,10.843559265136719
2024-09-06,13.300000190734863,13.390000343322754,12.989999771118164,13.130000114440918,1553000,10.761597633361816
2024-09-09,12.930000305175781,13.09000015258789,12.890000343322754,13.010000228881836,1768500,10.985356330871582
2024-09-10,13.010000228881836,13.029999732971191,12.789999961853027,12.829999923706055,1551700,10.833369255065918
2024-09-11,12.850000381469727,12.869999885559082,11.920000076293945,12.050000190734863,1816100,10.174756050109863
2024-09-12,12.0,12.220000267028809,11.930000305175781,12.029999732971191,781500,10.157866477966309
2024-09-13,12.149999618530273,12.180000305175781,11.789999961853027,11.880000114440918,890700,10.031210899353027
2024-09-16,11.989999771118164,12.420000076293945,11.989999771118164,12.1899995803833,1086300,10.292967796325684
2024-09-17,12.260000228881836,12.359999656677246,12.109999656677246,12.270000457763672,1984300,10.360519409179688
2024-09-18,12.229999542236328,12.289999961853027,12.079999923706055,12.100000381469727,1099500,10.216974258422852
2024-09-19,12.210000038146973,12.229999542236328,11.930000305175781,12.119999885559082,1048000,10.233860969543457
2024-09-20,12.100000381469727,12.210000038146973,11.920000076293945,12.010000228881836,1635200,10.140978813171387
2024-09-23,12.029999732971191,12.289999961853027,11.970000267028809,11.979999542236328,2295900,10.11564826965332
2024-09-24,12.109999656677246,12.180000305175781,11.979999542236328,12.0,1249800,10.132534980773926
2024-09-25,12.010000228881836,12.039999961853027,11.859999656677246,11.949999809265137,947600,10.090315818786621
2024-09-26,11.850000381469727,11.90999984741211,11.579999923706055,11.720000267028809,1564600,9.896109580993652
2024-09-27,11.789999961853027,12.029999732971191,11.699999809265137,11.949999809265137,858000,10.090315818786621
2024-09-30,11.90999984741211,12.119999885559082,11.90999984741211,12.0,418700,10.132534980773926
2024-10-01,11.920000076293945,12.479999542236328,11.890000343322754,12.399999618530273,1601600,10.470287322998047
2024-10-02,12.569999694824219,12.699999809265137,12.09000015258789,12.100000381469727,785800,10.216974258422852
2024-10-03,12.239999771118164,12.899999618530273,12.09000015258789,12.829999923706055,1257400,10.833369255065918
2024-10-04,13.0,13.1899995803833,12.829999923706055,13.09000015258789,885200,11.05290699005127
2024-10-07,13.25,13.510000228881836,13.140000343322754,13.470000267028809,1828000,11.373771667480469
2024-10-08,13.369999885559082,13.420000076293945,12.859999656677246,13.279999732971191,2020300,11.213338851928711
2024-10-09,13.0,13.220000267028809,12.880000114440918,13.050000190734863,700600,11.019132614135742
2024-10-10,13.09000015258789,13.369999885559082,12.989999771118164,13.359999656677246,911100,11.280890464782715
2024-10-11,13.479999542236328,13.539999961853027,13.350000381469727,13.539999961853027,530300,11.432878494262695
2024-10-15,13.15999984741211,13.1899995803833,12.880000114440918,13.130000114440918,740900,11.08668327331543
2024-10-16,13.199999809265137,13.34000015258789,13.029999732971191,13.09000015258789,425200,11.05290699005127
2024-10-17,13.100000381469727,13.170000076293945,13.020000457763672,13.069999694824219,554600,11.03602123260498
2024-10-18,12.979999542236328,13.069999694824219,12.829999923706055,13.010000228881836,913700,10.985356330871582
2024-10-21,13.109999656677246,13.399999618530273,13.050000190734863,13.130000114440918,854400,11.08668327331543
2024-10-22,13.210000038146973,13.270000457763672,13.010000228881836,13.029999732971191,749200,11.002243995666504
2024-10-23,13.0,13.050000190734863,12.819999694824219,12.949999809265137,398300,10.934694290161133
2024-10-24,12.979999542236328,13.109999656677246,12.859999656677246,13.050000190734863,694800,11.019132614135742
2024-10-25,13.0600004196167,13.15999984741211,12.949999809265137,13.0,429000,10.976914405822754
2024-10-28,12.649999618530273,12.949999809265137,12.550000190734863,12.869999885559082,914500,10.867143630981445
2024-10-29,12.729999542236328,12.829999923706055,12.4399995803833,12.460000038146973,625800,10.520949363708496
2024-10-30,12.479999542236328,12.739999771118164,12.449999809265137,12.670000076293945,447800,10.69826889038086
2024-10-31,12.8100004196167,13.050000190734863,12.670000076293945,12.930000305175781,1290600,10.917806625366211
2024-11-01,12.989999771118164,13.050000190734863,12.8100004196167,12.859999656677246,759400,10.858699798583984
2024-11-04,12.949999809265137,13.130000114440918,12.869999885559082,12.970000267028809,501000,10.951581954956055
2024-11-05,13.0,13.270000457763672,12.930000305175781,13.25,753100,11.188007354736328
2024-11-06,13.489999771118164,14.149999618530273,13.34000015258789,13.989999771118164,910100,11.812847137451172
2024-11-07,14.010000228881836,14.449999809265137,14.010000228881836,14.369999885559082,629400,12.133710861206055
2024-11-08,14.399999618530273,14.420000076293945,14.050000190734863,14.050000190734863,365600,11.863511085510254
2024-11-11,14.029999732971191,14.0600004196167,13.710000038146973,13.819999694824219,584400,11.669304847717285
2024-11-12,13.869999885559082,14.260000228881836,13.850000381469727,14.100000381469727,584500,11.905730247497559
2024-11-13,14.0,14.3100004196167,13.8100004196167,14.130000114440918,478900,11.931060791015625
2024-11-14,14.34000015258789,14.8100004196167,14.34000015258789,14.539999961853027,641300,12.277255058288574
2024-11-15,14.520000457763672,14.970000267028809,14.520000457763672,14.9399995803833,594200,12.615006446838379
2024-11-18,15.050000190734863,15.699999809265137,15.020000457763672,15.109999656677246,858200,12.758550643920898
2024-11-19,15.039999961853027,15.170000076293945,14.90999984741211,15.020000457763672,790000,12.68255615234375
2024-11-20,14.989999771118164,15.239999771118164,14.84000015258789,14.930000305175781,745600,12.606563568115234
2024-11-21,15.100000381469727,15.199999809265137,14.960000038146973,15.029999732971191,944200,12.691000938415527
2024-11-22,15.020000457763672,15.25,14.970000267028809,15.239999771118164,767300,12.868319511413574
2024-11-25,15.199999809265137,15.199999809265137,14.65999984741211,14.739999771118164,1287800,12.446131706237793
2024-11-26,14.739999771118164,14.869999885559082,14.569999694824219,14.760000228881836,691900,12.463019371032715
2024-11-27,14.779999732971191,15.100000381469727,14.779999732971191,14.90999984741211,651800,12.589675903320312
2024-11-28,14.850000381469727,15.140000343322754,14.850000381469727,15.050000190734863,182100,12.70788860321045
2024-11-29,15.100000381469727,15.1899995803833,14.899999618530273,14.970000267028809,349100,12.640338897705078
2024-12-02,14.930000305175781,15.119999885559082,14.930000305175781,15.100000381469727,475500,12.750107765197754
2024-12-03,15.199999809265137,15.449999809265137,15.029999732971191,15.270000457763672,1284500,12.89365291595459
2024-12-04,15.260000228881836,15.359999656677246,14.680000305175781,14.970000267028809,971200,12.640338897705078
2024-12-05,15.069999694824219,15.390000343322754,15.0600004196167,15.319999694824219,669000,12.935869216918945
2024-12-06,15.300000190734863,15.3100004196167,14.829999923706055,14.880000114440918,806100,12.564343452453613
2024-12-09,14.850000381469727,14.859999656677246,14.25,14.329999923706055,985500,12.421321868896484
2024-12-10,14.239999771118164,14.569999694824219,14.229999542236328,14.34000015258789,606500,12.429988861083984
2024-12-11,14.449999809265137,14.5,13.109999656677246,13.25,1677400,11.485170364379883
2024-12-12,13.369999885559082,13.600000381469727,12.869999885559082,13.529999732971191,1462500,11.727876663208008
2024-12-13,13.579999923706055,13.779999732971191,13.399999618530273,13.75,517900,11.918573379516602
2024-12-16,13.670000076293945,13.789999961853027,13.359999656677246,13.569999694824219,474300,11.762548446655273
2024-12-17,13.430000305175781,13.579999923706055,13.229999542236328,13.520000457763672,777300,11.719208717346191
2024-12-18,13.520000457763672,13.649999618530273,13.09000015258789,13.140000343322754,645800,11.389822959899902
2024-12-19,13.300000190734863,13.550000190734863,13.239999771118164,13.34000015258789,734700,11.563183784484863
2024-12-20,13.350000381469727,13.630000114440918,13.180000305175781,13.510000228881836,1718300,11.710541725158691
2024-12-23,13.420000076293945,13.420000076293945,13.149999618530273,13.34000015258789,1430700,11.563183784484863
2024-12-24,13.229999542236328,13.430000305175781,13.140000343322754,13.229999542236328,375600,11.467836380004883
2024-12-27,13.229999542236328,13.5600004196167,13.170000076293945,13.5,698300,11.701871871948242
2024-12-30,13.569999694824219,13.819999694824219,13.5,13.670000076293945,360800,11.84922981262207
2024-12-31,13.680000305175781,14.670000076293945,13.649999618530273,14.579999923706055,867900,12.638022422790527
2025-01-02,14.609999656677246,15.119999885559082,14.609999656677246,15.010000228881836,587200,13.010750770568848
2025-01-03,15.079999923706055,15.220000267028809,15.0,15.1899995803833,502900,13.166773796081543
2025-01-06,15.3100004196167,15.600000381469727,15.210000038146973,15.239999771118164,481500,13.210114479064941
2025-01-07,15.520000457763672,15.84000015258789,15.3100004196167,15.609999656677246,677800,13.530831336975098
2025-01-08,15.550000190734863,15.5600004196167,15.029999732971191,15.1899995803833,744200,13.166773796081543
2025-01-09,15.199999809265137,15.399999618530273,15.1899995803833,15.3100004196167,136900,13.270791053771973
2025-01-10,15.539999961853027,15.779999732971191,15.3100004196167,15.329999923706055,304600,13.288126945495605
2025-01-13,15.489999771118164,15.619999885559082,15.1899995803833,15.270000457763672,376700,13.23611831665039
2025-01-14,15.220000267028809,15.350000381469727,15.050000190734863,15.15999984741211,576500,13.140769958496094
2025-01-15,15.15999984741211,15.300000190734863,14.789999961853027,14.869999885559082,852400,12.889395713806152
2025-01-16,14.75,14.989999771118164,14.600000381469727,14.800000190734863,622500,12.828720092773438
2025-01-17,14.800000190734863,14.880000114440918,14.600000381469727,14.619999885559082,425400,12.672694206237793
2025-01-20,14.649999618530273,14.859999656677246,14.550000190734863,14.789999961853027,284900,12.820051193237305
2025-01-21,14.859999656677246,14.859999656677246,14.399999618530273,14.520000457763672,697500,12.586015701293945
2025-01-22,14.460000038146973,14.649999618530273,14.430000305175781,14.510000228881836,291600,12.577345848083496
2025-01-23,14.619999885559082,14.970000267028809,14.390000343322754,14.399999618530273,430000,12.4819974899292
2025-01-24,14.3100004196167,14.380000114440918,14.069999694824219,14.119999885559082,398400,12.239291191101074
2025-01-27,14.029999732971191,14.119999885559082,13.789999961853027,13.890000343322754,406800,12.03992748260498
2025-01-28,13.9399995803833,14.0,13.779999732971191,13.890000343322754,377200,12.03992748260498
2025-01-29,13.850000381469727,14.149999618530273,13.84000015258789,14.069999694824219,541700,12.195951461791992
2025-01-30,14.0600004196167,14.149999618530273,13.9399995803833,14.119999885559082,429200,12.239291191101074
2025-01-31,14.140000343322754,14.170000076293945,13.850000381469727,13.850000381469727,320200,12.005253791809082
2025-02-03,13.569999694824219,13.90999984741211,13.300000190734863,13.75,403600,11.918573379516602
2025-02-04,13.75,14.229999542236328,13.65999984741211,14.109999656677246,541200,12.230623245239258
2025-02-05,14.0600004196167,14.239999771118164,13.800000190734863,13.960000038146973,399400,12.100603103637695
2025-02-06,14.0,14.09000015258789,13.600000381469727,13.619999885559082,510900,11.805891036987305
2025-02-07,13.699999809265137,13.920000076293945,13.649999618530273,13.739999771118164,268600,11.909904479980469
2025-02-10,13.880000114440918,14.34000015258789,13.880000114440918,14.140000343322754,475200,12.25662899017334
2025-02-11,14.109999656677246,14.470000267028809,13.979999542236328,14.3100004196167,512600,12.403985023498535
2025-02-12,14.329999923706055,14.380000114440918,13.899999618530273,13.9399995803833,379600,12.083267211914062
2025-02-13,13.949999809265137,14.109999656677246,13.770000457763672,13.899999618530273,398000,12.048595428466797
2025-02-14,13.899999618530273,14.079999923706055,13.770000457763672,14.0600004196167,319100,12.187283515930176
2025-02-18,14.100000381469727,14.6899995803833,14.079999923706055,14.59000015258789,766800,12.646689414978027
2025-02-19,14.609999656677246,15.119999885559082,14.579999923706055,15.020000457763672,351900,13.019415855407715
2025-02-20,15.020000457763672,15.539999961853027,14.979999542236328,15.520000457763672,525800,13.452820777893066
2025-02-21,15.329999923706055,15.520000457763672,14.779999732971191,14.90999984741211,1018200,12.924068450927734
2025-02-24,14.949999809265137,15.25,14.859999656677246,14.960000038146973,553100,12.967409133911133
2025-02-25,15.100000381469727,15.100000381469727,14.319999694824219,14.569999694824219,594000,12.629355430603027
2025-02-26,14.75,14.779999732971191,14.25,14.420000076293945,363600,12.499334335327148
2025-02-27,14.65999984741211,14.65999984741211,14.3100004196167,14.319999694824219,1080300,12.412653923034668
2025-02-28,14.300000190734863,14.350000381469727,13.989999771118164,14.100000381469727,822900,12.221957206726074
2025-03-03,14.15999984741211,14.239999771118164,13.020000457763672,13.069999694824219,1014300,11.329146385192871
2025-03-04,12.899999618530273,12.9399995803833,12.479999542236328,12.579999923706055,1262100,10.904412269592285
2025-03-05,12.619999885559082,12.739999771118164,12.289999961853027,12.300000190734863,1795800,10.661706924438477
2025-03-06,12.4399995803833,12.829999923706055,12.239999771118164,12.630000114440918,1522300,10.94775104522705
2025-03-07,12.6899995803833,12.819999694824219,12.470000267028809,12.760000228881836,1574400,11.06043815612793
2025-03-10,12.800000190734863,12.979999542236328,12.4399995803833,12.619999885559082,1647900,10.93908405303955
2025-03-11,12.430000305175781,12.859999656677246,12.399999618530273,12.630000114440918,729800,11.292245864868164
2025-03-12,12.569999694824219,12.850000381469727,12.489999771118164,12.829999923706055,725100,11.471062660217285
2025-03-13,12.819999694824219,13.09000015258789,12.720000267028809,12.949999809265137,619700,11.578351974487305
2025-03-14,12.890000343322754,13.369999885559082,12.75,13.300000190734863,453400,11.891281127929688
2025-03-17,13.3100004196167,13.649999618530273,13.210000038146973,13.4399995803833,724000,12.016451835632324
2025-03-18,13.4399995803833,13.520000457763672,13.329999923706055,13.489999771118164,250800,12.061156272888184
2025-03-19,13.470000267028809,13.619999885559082,13.369999885559082,13.449999809265137,302300,12.025392532348633
2025-03-20,13.430000305175781,13.710000038146973,13.369999885559082,13.65999984741211,310600,12.213149070739746
2025-03-21,13.569999694824219,14.0,13.34000015258789,13.489999771118164,3408600,12.061156272888184
2025-03-24,13.65999984741211,14.149999618530273,13.510000228881836,13.829999923706055,1010600,12.365143775939941
2025-03-25,13.720000267028809,14.100000381469727,13.720000267028809,13.800000190734863,454600,12.3383207321167
2025-03-26,13.800000190734863,14.069999694824219,13.789999961853027,13.8100004196167,285900,12.34726333618164
2025-03-27,13.739999771118164,13.899999618530273,13.390000343322754,13.569999694824219,514800,12.132682800292969
2025-03-28,13.640000343322754,13.65999984741211,13.399999618530273,13.489999771118164,425000,12.061156272888184
2025-03-31,13.350000381469727,13.5600004196167,12.930000305175781,13.420000076293945,390600,11.99856948852539
2025-04-01,13.40999984741211,13.800000190734863,13.239999771118164,13.699999809265137,264500,12.248913764953613
2025-04-02,13.569999694824219,13.760000228881836,13.5600004196167,13.720000267028809,344800,12.26679515838623
2025-04-03,13.010000228881836,13.210000038146973,12.779999732971191,12.850000381469727,1008600,11.488944053649902
2025-04-04,12.40999984741211,12.470000267028809,11.220000267028809,11.34000015258789,1595500,10.138882637023926
2025-04-07,10.600000381469727,11.239999771118164,10.369999885559082,10.90999984741211,1320500,9.754426956176758
2025-04-08,11.270000457763672,11.449999809265137,10.510000228881836,10.579999923706055,854100,9.459380149841309
2025-04-09,10.380000114440918,12.010000228881836,10.300000190734863,11.960000038146973,651500,10.693211555480957
2025-04-10,11.550000190734863,11.600000381469727,10.6899995803833,10.8100004196167,885100,9.665018081665039
2025-04-11,10.699999809265137,11.15999984741211,10.380000114440918,11.09000015258789,503800,9.915360450744629
2025-04-14,11.369999885559082,11.569999694824219,11.069999694824219,11.100000381469727,489400,9.924302101135254
2025-04-15,11.109999656677246,11.229999542236328,11.020000457763672,11.029999732971191,386800,9.861717224121094
2025-04-16,11.079999923706055,11.449999809265137,11.069999694824219,11.289999961853027,308500,10.09417724609375
2025-04-17,11.359999656677246,11.75,11.359999656677246,11.649999618530273,344000,10.416046142578125
2025-04-21,11.579999923706055,11.640000343322754,11.300000190734863,11.380000114440918,287100,10.17464542388916
2025-04-22,11.539999961853027,11.779999732971191,11.5,11.569999694824219,409100,10.34451961517334
2025-04-23,11.739999771118164,11.739999771118164,11.399999618530273,11.529999732971191,332600,10.308756828308105
2025-04-24,11.59000015258789,11.649999618530273,11.4399995803833,11.609999656677246,543100,10.38028335571289
2025-04-25,11.609999656677246,11.760000228881836,11.5600004196167,11.640000343322754,586700,10.407105445861816
2025-04-28,11.770000457763672,11.880000114440918,11.680000305175781,11.789999961853027,169600,10.541218757629395
2025-04-29,11.630000114440918,11.670000076293945,11.460000038146973,11.510000228881836,226700,10.290876388549805
2025-04-30,11.5,11.5,11.039999961853027,11.100000381469727,377000,9.924302101135254
2025-05-01,11.100000381469727,11.289999961853027,10.989999771118164,11.010000228881836,400000,9.84383487701416
2025-05-02,11.130000114440918,11.130000114440918,10.859999656677246,10.949999809265137,447800,9.790190696716309
2025-05-05,10.8100004196167,10.880000114440918,10.670000076293945,10.720000267028809,393900,9.584552764892578
2025-05-06,10.779999732971191,10.989999771118164,10.6899995803833,10.779999732971191,575500,9.63819694519043
2025-05-07,10.84000015258789,10.890000343322754,10.449999809265137,10.5600004196167,597400,9.441498756408691
2025-05-08,11.010000228881836,11.449999809265137,10.899999618530273,11.369999885559082,678000,10.165702819824219
2025-05-09,11.619999885559082,12.039999961853027,11.510000228881836,11.979999542236328,911700,10.711091995239258
2025-05-12,12.600000381469727,12.600000381469727,12.09000015258789,12.130000114440918,689100,10.845205307006836
2025-05-13,12.319999694824219,12.789999961853027,12.140000343322754,12.770000457763672,491100,11.417417526245117
2025-05-14,12.819999694824219,12.859999656677246,12.65999984741211,12.800000190734863,739200,11.44424057006836
2025-05-15,12.619999885559082,12.649999618530273,12.170000076293945,12.550000190734863,570300,11.220719337463379
2025-05-16,12.609999656677246,12.829999923706055,12.5600004196167,12.789999961853027,466800,11.435298919677734
2025-05-20,12.819999694824219,12.979999542236328,12.770000457763672,12.960000038146973,729600,11.587292671203613
2025-05-21,12.890000343322754,12.989999771118164,12.75,12.789999961853027,716300,11.435298919677734
2025-05-22,12.739999771118164,12.850000381469727,12.569999694824219,12.739999771118164,430000,11.390594482421875
2025-05-23,12.640000343322754,13.029999732971191,12.640000343322754,13.0,372500,11.62305736541748
2025-05-26,13.029999732971191,13.420000076293945,13.029999732971191,13.34000015258789,219700,11.927043914794922
2025-05-27,13.3100004196167,13.59000015258789,13.279999732971191,13.520000457763672,681200,12.08797836303711
2025-05-28,13.529999732971191,13.699999809265137,13.5,13.630000114440918,761700,12.186328887939453
2025-05-29,13.6899995803833,13.8100004196167,13.600000381469727,13.630000114440918,716500,12.186328887939453
2025-05-30,13.569999694824219,13.6899995803833,13.489999771118164,13.569999694824219,603600,12.132682800292969
2025-06-02,13.84000015258789,13.880000114440918,13.619999885559082,13.770000457763672,1066800,12.31149959564209
2025-06-03,13.880000114440918,14.270000457763672,13.869999885559082,14.1899995803833,567800,12.687012672424316
2025-06-04,14.3100004196167,14.579999923706055,14.199999809265137,14.34000015258789,1129900,12.821125030517578
2025-06-05,14.5,14.680000305175781,14.350000381469727,14.649999618530273,1008600,13.09829044342041
2025-06-06,14.75,14.960000038146973,14.710000038146973,14.84000015258789,1558700,13.268165588378906
2025-06-09,14.6899995803833,14.720000267028809,14.0,14.390000343322754,812800,13.208501815795898
2025-06-10,14.359999656677246,14.720000267028809,14.359999656677246,14.609999656677246,845400,13.410439491271973
2025-06-11,14.6899995803833,15.210000038146973,14.680000305175781,15.1899995803833,1043700,13.942817687988281
2025-06-12,14.699999809265137,15.170000076293945,14.699999809265137,15.029999732971191,911600,13.7959566116333
2025-06-13,15.449999809265137,15.859999656677246,15.399999618530273,15.649999618530273,1221600,14.365049362182617
2025-06-16,15.539999961853027,15.630000114440918,14.960000038146973,14.970000267028809,983800,13.74088191986084
2025-06-17,15.069999694824219,15.3100004196167,14.930000305175781,15.260000228881836,1051000,14.007071495056152
2025-06-18,15.180000305175781,15.40999984741211,15.010000228881836,15.010000228881836,426300,13.77759838104248
2025-06-19,15.119999885559082,15.350000381469727,15.119999885559082,15.25,244200,13.997892379760742
2025-06-20,15.319999694824219,15.319999694824219,15.020000457763672,15.270000457763672,1107100,14.016250610351562
2025-06-23,15.229999542236328,15.399999618530273,14.420000076293945,14.4399995803833,810000,13.25439739227295
2025-06-24,14.180000305175781,14.8100004196167,14.180000305175781,14.399999618530273,1153900,13.217681884765625
2025-06-25,14.40999984741211,14.420000076293945,14.050000190734863,14.0600004196167,545200,12.905597686767578
2025-06-26,14.09000015258789,14.210000038146973,13.9399995803833,14.09000015258789,457100,12.933135032653809
2025-06-27,14.180000305175781,14.1899995803833,13.930000305175781,14.069999694824219,395600,12.914775848388672
2025-06-30,14.010000228881836,14.09000015258789,13.899999618530273,13.90999984741211,571500,12.767912864685059
2025-07-02,13.930000305175781,14.279999732971191,13.789999961853027,14.270000457763672,1068100,13.098356246948242
2025-07-03,14.279999732971191,14.4399995803833,14.130000114440918,14.220000267028809,263900,13.052461624145508
2025-07-04,14.180000305175781,14.449999809265137,14.119999885559082,14.380000114440918,170500,13.199324607849121
2025-07-07,14.399999618530273,14.4399995803833,14.029999732971191,14.229999542236328,748600,13.061638832092285
2025-07-08,14.180000305175781,14.430000305175781,14.079999923706055,14.300000190734863,731900,13.125893592834473
2025-07-09,14.300000190734863,14.430000305175781,14.119999885559082,14.3100004196167,450700,13.135071754455566
2025-07-10,14.319999694824219,14.390000343322754,14.119999885559082,14.34000015258789,582500,13.16260814666748
2025-07-11,14.399999618530273,14.640000343322754,14.300000190734863,14.59000015258789,474700,13.392081260681152
2025-07-14,14.550000190734863,14.609999656677246,14.380000114440918,14.5,341300,13.30947208404541
2025-07-15,14.59000015258789,14.59000015258789,14.25,14.279999732971191,465600,13.107534408569336
2025-07-16,14.359999656677246,14.4399995803833,14.149999618530273,14.279999732971191,434500,13.107534408569336
2025-07-17,14.260000228881836,14.399999618530273,14.220000267028809,14.350000381469727,409700,13.171786308288574
2025-07-18,14.520000457763672,14.729999542236328,14.390000343322754,14.6899995803833,495400,13.483871459960938
2025-07-21,14.680000305175781,14.890000343322754,14.539999961853027,14.600000381469727,726300,13.401261329650879
2025-07-22,14.539999961853027,14.789999961853027,14.539999961853027,14.770000457763672,294200,13.557302474975586
2025-07-23,14.789999961853027,14.899999618530273,14.770000457763672,14.850000381469727,474500,13.630733489990234
2025-07-24,14.859999656677246,15.350000381469727,14.859999656677246,15.289999961853027,690200,14.034607887268066
2025-07-25,15.300000190734863,15.369999885559082,14.880000114440918,14.890000343322754,331000,13.667449951171875
2025-07-28,15.039999961853027,15.399999618530273,15.039999961853027,15.380000114440918,408700,14.117218971252441
2025-07-29,15.380000114440918,15.449999809265137,15.130000114440918,15.149999618530273,600100,13.906102180480957
2025-07-30,15.149999618530273,16.18000030517578,15.149999618530273,16.110000610351562,1107700,14.78728199005127
2025-07-31,15.899999618530273,16.549999237060547,15.880000114440918,16.440000534057617,932800,15.090187072753906
2025-08-01,16.469999313354492,16.469999313354492,15.300000190734863,15.949999809265137,855100,14.640419006347656
2025-08-05,15.970000267028809,16.3799991607666,15.930000305175781,16.31999969482422,612300,14.980040550231934
2025-08-06,16.350000381469727,16.540000915527344,15.779999732971191,16.0,958500,14.686312675476074
2025-08-07,16.290000915527344,16.610000610351562,16.170000076293945,16.31999969482422,784200,14.980040550231934
2025-08-08,16.31999969482422,16.540000915527344,16.270000457763672,16.420000076293945,411400,15.071828842163086
2025-08-11,16.399999618530273,16.399999618530273,15.9399995803833,16.030000686645508,563500,14.713850975036621
2025-08-12,16.020000457763672,16.3799991607666,15.979999542236328,16.170000076293945,234200,14.842355728149414
2025-08-13,16.170000076293945,16.290000915527344,15.920000076293945,16.0,331500,14.686312675476074
2025-08-14,15.949999809265137,15.979999542236328,15.630000114440918,15.970000267028809,674600,14.65877628326416
2025-08-15,15.800000190734863,15.920000076293945,15.729999542236328,15.770000457763672,731300,14.475196838378906
2025-08-18,15.75,16.09000015258789,15.59000015258789,16.049999237060547,716700,14.732207298278809
2025-08-19,16.1299991607666,16.260000228881836,15.819999694824219,15.84000015258789,332000,14.539449691772461
2025-08-20,15.84000015258789,16.110000610351562,15.84000015258789,16.030000686645508,376900,14.713850975036621
2025-08-21,16.290000915527344,16.56999969482422,16.170000076293945,16.540000915527344,956300,15.181977272033691
2025-08-22,16.469999313354492,17.1200008392334,16.450000762939453,17.100000381469727,846500,15.69599723815918
2025-08-25,17.09000015258789,17.5,17.049999237060547,17.43000030517578,1139000,15.998902320861816
2025-08-26,17.260000228881836,17.360000610351562,17.0,17.25,995100,15.833681106567383
2025-08-27,17.290000915527344,17.329999923706055,17.15999984741211,17.290000915527344,383200,15.87039852142334
2025-08-28,17.209999084472656,17.280000686645508,16.899999618530273,17.110000610351562,548500,15.70517635345459
2025-08-29,17.100000381469727,17.329999923706055,17.040000915527344,17.299999237060547,285000,15.879572868347168
2025-09-02,17.34000015258789,17.809999465942383,17.229999542236328,17.809999465942383,634700,16.347700119018555
2025-09-03,17.709999084472656,17.799999237060547,17.34000015258789,17.510000228881836,680700,16.07233428955078
2025-09-04,17.489999771118164,17.530000686645508,17.170000076293945,17.469999313354492,497700,16.03561782836914
2025-09-05,17.43000030517578,17.559999465942383,17.25,17.309999465942383,541000,15.888753890991211
2025-09-08,17.049999237060547,17.059999465942383,16.25,16.719999313354492,913600,15.696304321289062
2025-09-09,16.719999313354492,17.020000457763672,16.709999084472656,16.8799991607666,391800,15.84650993347168
2025-09-10,16.950000762939453,17.190000534057617,16.940000534057617,17.15999984741211,999300,16.109365463256836
2025-09-11,17.1200008392334,17.1200008392334,16.799999237060547,16.8700008392334,525100,15.837121963500977
2025-09-12,16.8700008392334,17.079999923706055,16.84000015258789,17.0,299300,15.9591646194458
2025-09-15,17.079999923706055,18.190000534057617,17.020000457763672,18.190000534057617,1735800,17.076305389404297
2025-09-16,18.229999542236328,18.940000534057617,18.229999542236328,18.8700008392334,816700,17.714670181274414
2025-09-17,18.889999389648438,18.940000534057617,18.649999618530273,18.690000534057617,849600,17.545692443847656
2025-09-18,18.75,18.829999923706055,18.469999313354492,18.639999389648438,763800,17.49875259399414
2025-09-19,18.639999389648438,18.780000686645508,18.280000686645508,18.700000762939453,1276700,17.555082321166992
2025-09-22,18.6200008392334,19.0,18.56999969482422,18.959999084472656,704600,17.79916000366211
2025-09-23,18.979999542236328,19.649999618530273,18.8700008392334,18.920000076293945,1030400,17.761611938476562
2025-09-24,19.110000610351562,19.420000076293945,19.040000915527344,19.139999389648438,594000,17.968141555786133
2025-09-25,19.219999313354492,19.809999465942383,19.219999313354492,19.469999313354492,950500,18.27793312072754
2025-09-26,19.5,19.610000610351562,19.280000686645508,19.43000030517578,460000,18.240385055541992
2025-09-29,19.010000228881836,19.270000457763672,18.799999237060547,18.850000381469727,605800,17.695898056030273
2025-09-30,18.780000686645508,18.780000686645508,18.079999923706055,18.190000534057617,600900,17.076305389404297
2025-10-01,17.989999771118164,18.549999237060547,17.989999771118164,18.309999465942383,439200,17.18895721435547
2025-10-02,18.3700008392334,18.510000228881836,17.969999313354492,18.1299991607666,437400,17.019977569580078
2025-10-03,18.079999923706055,18.290000915527344,18.059999465942383,18.110000610351562,586000,17.001203536987305
2025-10-06,18.200000762939453,18.559999465942383,18.149999618530273,18.459999084472656,341500,17.32977294921875
2025-10-07,18.540000915527344,18.709999084472656,18.260000228881836,18.68000030517578,776700,17.536304473876953
2025-10-08,18.690000534057617,18.75,18.420000076293945,18.65999984741211,362200,17.517526626586914
2025-10-09,18.770000457763672,19.09000015258789,18.649999618530273,18.799999237060547,583000,17.648956298828125
2025-10-10,18.479999542236328,18.540000915527344,17.950000762939453,18.030000686645508,817700,16.92609977722168
2025-10-14,18.0,18.25,17.860000610351562,18.18000030517578,918900,17.06691551208496
2025-10-15,18.25,18.440000534057617,17.959999084472656,17.989999771118164,339300,16.8885498046875
2025-10-16,18.0,18.06999969482422,17.670000076293945,17.770000457763672,367600,16.68202018737793
2025-10-17,17.709999084472656,17.780000686645508,17.559999465942383,17.760000228881836,572700,16.672632217407227
2025-10-20,17.739999771118164,17.969999313354492,17.6200008392334,17.709999084472656,316400,16.62569236755371
2025-10-21,17.739999771118164,17.75,17.270000457763672,17.510000228881836,364000,16.437938690185547
2025-10-22,17.700000762939453,17.8700008392334,17.5,17.81999969482422,381600,16.728958129882812
2025-10-23,18.110000610351562,18.31999969482422,18.020000457763672,18.239999771118164,902600,17.123241424560547
2025-10-24,18.329999923706055,18.6200008392334,18.299999237060547,18.489999771118164,394500,17.35793685913086
2025-10-27,18.600000381469727,18.65999984741211,18.440000534057617,18.649999618530273,559000,17.508140563964844
2025-10-28,18.739999771118164,18.739999771118164,18.510000228881836,18.559999465942383,349700,17.42365074157715
2025-10-29,18.549999237060547,18.75,18.360000610351562,18.520000457763672,313300,17.3861026763916
2025-10-30,18.479999542236328,18.510000228881836,17.739999771118164,17.799999237060547,702700,16.710182189941406
2025-10-31,17.850000381469727,17.989999771118164,17.6200008392334,17.940000534057617,1064800,16.841611862182617
2025-11-03,18.09000015258789,18.84000015258789,18.09000015258789,18.59000015258789,819000,17.451814651489258
2025-11-04,18.549999237060547,18.760000228881836,18.219999313354492,18.389999389648438,685500,17.264057159423828
2025-11-05,18.639999389648438,19.030000686645508,18.40999984741211,18.459999084472656,597900,17.32977294921875
2025-11-06,18.3700008392334,18.469999313354492,17.850000381469727,17.90999984741211,490800,16.813446044921875
2025-11-07,17.989999771118164,18.459999084472656,17.760000228881836,18.450000762939453,502900,17.32038688659668
2025-11-10,18.5,18.709999084472656,18.459999084472656,18.549999237060547,481100,17.414262771606445
2025-11-11,18.549999237060547,18.8700008392334,18.520000457763672,18.549999237060547,264300,17.414262771606445
2025-11-12,18.559999465942383,18.75,18.479999542236328,18.59000015258789,564600,17.451814651489258
2025-11-13,18.649999618530273,18.649999618530273,18.06999969482422,18.100000381469727,314600,16.9918155670166
2025-11-14,18.100000381469727,18.489999771118164,17.950000762939453,18.489999771118164,295800,17.35793685913086
2025-11-17,18.489999771118164,18.729999542236328,18.450000762939453,18.559999465942383,491300,17.42365074157715
2025-11-18,18.399999618530273,18.889999389648438,18.3799991607666,18.850000381469727,544400,17.695898056030273
2025-11-19,18.639999389648438,19.229999542236328,18.469999313354492,19.170000076293945,772400,17.996305465698242
2025-11-20,19.270000457763672,19.420000076293945,18.600000381469727,18.68000030517578,669200,17.536304473876953
2025-11-21,18.670000076293945,18.940000534057617,18.239999771118164,18.600000381469727,406400,17.461200714111328
2025-11-24,18.670000076293945,18.979999542236328,18.600000381469727,18.770000457763672,1175800,17.62079429626465
2025-11-25,18.59000015258789,18.709999084472656,17.809999465942383,17.920000076293945,681600,16.82283592224121
2025-11-26,17.920000076293945,18.34000015258789,17.920000076293945,18.290000915527344,427900,17.170183181762695
2025-11-27,18.290000915527344,18.520000457763672,18.290000915527344,18.489999771118164,91700,17.35793685913086
2025-11-28,18.469999313354492,18.59000015258789,18.389999389648438,18.5,178800,17.36732292175293
2025-12-01,18.600000381469727,18.959999084472656,18.5,18.649999618530273,445700,17.508140563964844
2025-12-02,18.739999771118164,18.950000762939453,18.43000030517578,18.65999984741211,304700,17.517526626586914
2025-12-03,18.809999465942383,19.100000381469727,18.739999771118164,19.040000915527344,660200,17.8742618560791
2025-12-04,19.040000915527344,19.3700008392334,18.93000030517578,19.020000457763672,920800,17.855487823486328
2025-12-05,19.09000015258789,19.469999313354492,19.09000015258789,19.170000076293945,560300,17.996305465698242
2025-12-08,18.510000228881836,18.6299991607666,18.040000915527344,18.209999084472656,696100,17.445444107055664
2025-12-09,18.209999084472656,18.389999389648438,17.65999984741211,17.670000076293945,585300,16.928117752075195
2025-12-10,17.770000457763672,17.969999313354492,17.450000762939453,17.959999084472656,942700,17.20594024658203
2025-12-11,17.729999542236328,17.729999542236328,17.270000457763672,17.299999237060547,890200,16.573650360107422
2025-12-12,17.479999542236328,18.15999984741211,17.440000534057617,18.010000228881836,473400,17.253843307495117
2025-12-15,18.18000030517578,18.420000076293945,17.790000915527344,18.229999542236328,391700,17.4646053314209
2025-12-16,18.0,18.18000030517578,17.299999237060547,17.309999465942383,737700,16.58323097229004
2025-12-17,17.43000030517578,17.59000015258789,17.280000686645508,17.489999771118164,906000,16.755674362182617
2025-12-18,17.59000015258789,17.739999771118164,17.3799991607666,17.549999237060547,355600,16.813154220581055
2025-12-19,17.6200008392334,17.920000076293945,17.59000015258789,17.729999542236328,465100,16.985597610473633
2025-12-22,17.8700008392334,18.1299991607666,17.809999465942383,17.90999984741211,734200,17.158039093017578
2025-12-23,18.0,18.190000534057617,17.809999465942383,18.15999984741211,301300,17.397546768188477
2025-12-24,18.149999618530273,18.149999618530273,18.030000686645508,18.110000610351562,76700,17.349645614624023
2025-12-29,18.059999465942383,18.280000686645508,18.040000915527344,18.1299991607666,626700,17.368803024291992
2025-12-30,18.200000762939453,18.6200008392334,18.18000030517578,18.43000030517578,467500,17.65620994567871
2025-12-31,18.520000457763672,18.530000686645508,18.280000686645508,18.450000762939453,211000,17.675369262695312
2026-01-02,18.459999084472656,18.790000915527344,18.260000228881836,18.719999313354492,357000,17.934030532836914
2026-01-05,18.600000381469727,18.600000381469727,17.1200008392334,17.729999542236328,1084500,16.985597610473633
2026-01-06,17.860000610351562,18.260000228881836,17.59000015258789,17.850000381469727,537700,17.10055923461914
2026-01-07,17.739999771118164,17.739999771118164,17.43000030517578,17.440000534057617,646900,16.707773208618164
2026-01-08,17.440000534057617,18.1299991607666,17.440000534057617,18.010000228881836,823600,17.253843307495117
2026-01-09,18.149999618530273,18.329999923706055,18.06999969482422,18.299999237060547,236100,17.531665802001953
2026-01-12,18.25,18.360000610351562,18.110000610351562,18.290000915527344,341300,17.52208709716797
2026-01-13,18.25,19.030000686645508,18.25,19.010000228881836,723900,18.211856842041016
2026-01-14,19.049999237060547,19.530000686645508,19.049999237060547,19.260000228881836,703700,18.45136070251465
2026-01-15,18.979999542236328,19.299999237060547,18.799999237060547,19.170000076293945,468800,18.365140914916992
2026-01-16,19.280000686645508,19.799999237060547,19.200000762939453,19.610000610351562,572100,18.786666870117188
2026-01-19,19.600000381469727,19.649999618530273,19.450000762939453,19.5,161300,18.681285858154297
2026-01-20,19.489999771118164,19.68000030517578,18.93000030517578,19.139999389648438,534800,18.336400985717773
2026-01-21,19.459999084472656,19.850000381469727,19.260000228881836,19.440000534057617,576400,18.623804092407227
2026-01-22,19.399999618530273,19.510000228881836,18.979999542236328,19.010000228881836,439400,18.211856842041016
2026-01-23,19.3700008392334,19.59000015258789,19.260000228881836,19.479999542236328,690500,18.66212272644043
2026-01-26,19.68000030517578,19.81999969482422,19.459999084472656,19.700000762939453,689400,18.872886657714844
2026-01-27,19.8799991607666,20.729999542236328,19.579999923706055,20.709999084472656,783700,19.84048080444336
2026-01-28,20.799999237060547,21.290000915527344,20.799999237060547,21.15999984741211,848900,20.271587371826172
2026-01-29,21.450000762939453,21.68000030517578,20.549999237060547,20.889999389648438,859200,20.012922286987305
2026-01-30,20.790000915527344,20.8799991607666,20.0,20.200000762939453,675600,19.35189437866211
2026-02-02,19.709999084472656,20.059999465942383,19.610000610351562,19.989999771118164,621300,19.150711059570312
2026-02-03,19.93000030517578,20.440000534057617,19.889999389648438,20.399999618530273,374600,19.54349708557129
2026-02-04,20.440000534057617,20.790000915527344,20.010000228881836,20.739999771118164,753000,19.869220733642578
2026-02-05,20.469999313354492,20.6299991607666,19.920000076293945,20.06999969482422,1195800,19.227352142333984
2026-02-06,20.200000762939453,21.059999465942383,20.200000762939453,20.889999389648438,606600,20.012922286987305
2026-02-09,20.75,21.40999984741211,20.75,21.239999771118164,296900,20.348230361938477
2026-02-10,21.209999084472656,21.219999313354492,20.56999969482422,20.850000381469727,587600,19.9746036529541
2026-02-11,21.100000381469727,21.40999984741211,20.90999984741211,21.09000015258789,449900,20.204526901245117
2026-02-12,21.010000228881836,21.09000015258789,20.020000457763672,20.219999313354492,782400,19.371055603027344
2026-02-13,20.200000762939453,20.6299991607666,20.06999969482422,20.559999465942383,380100,19.69677734375
2026-02-17,20.760000228881836,20.760000228881836,19.860000610351562,20.389999389648438,697900,19.533916473388672
2026-02-18,20.65999984741211,21.100000381469727,20.59000015258789,21.079999923706055,647500,20.194948196411133
2026-02-19,21.270000457763672,21.81999969482422,21.219999313354492,21.809999465942383,601400,20.894296646118164
2026-02-20,21.670000076293945,21.860000610351562,21.549999237060547,21.639999389648438,462800,20.731433868408203
2026-02-23,21.700000762939453,22.31999969482422,21.700000762939453,21.81999969482422,725100,20.90387725830078
2026-02-24,21.809999465942383,22.25,21.719999313354492,22.229999542236328,641500,21.296661376953125
2026-02-25,22.229999542236328,22.229999542236328,21.360000610351562,21.3799991607666,879700,20.482351303100586
2026-02-26,21.110000610351562,21.639999389648438,20.719999313354492,21.350000381469727,1101500,20.45361328125
2026-02-27,21.729999542236328,21.75,21.139999389648438,21.34000015258789,628000,20.44403076171875
2026-03-02,22.260000228881836,22.280000686645508,21.670000076293945,21.959999084472656,1166700,21.03799819946289
2026-03-03,22.389999389648438,22.68000030517578,21.829999923706055,22.079999923706055,633600,21.15296173095703
2026-03-04,22.290000915527344,22.899999618530273,22.0,22.75,982300,21.794832229614258
2026-03-05,22.799999237060547,23.309999465942383,22.329999923706055,22.639999389648438,1276800,21.689449310302734
2026-03-06,23.040000915527344,23.440000534057617,22.6299991607666,23.149999618530273,894000,22.178035736083984
2026-03-09,23.5,23.700000762939453,22.93000030517578,23.09000015258789,1560700,22.12055778503418
2026-03-10,22.989999771118164,23.450000762939453,22.809999465942383,23.34000015258789,1149900,22.360061645507812
2026-03-11,23.559999465942383,24.81999969482422,23.329999923706055,24.81999969482422,1466400,23.777921676635742
2026-03-12,25.0,25.770000457763672,24.770000457763672,25.719999313354492,1111100,24.640132904052734
2026-03-13,25.700000762939453,26.329999923706055,25.56999969482422,26.079999923706055,1459400,24.98501968383789
2026-03-16,26.040000915527344,26.170000076293945,25.639999389648438,25.940000534057617,1158400,24.85089874267578
2026-03-17,26.049999237060547,26.31999969482422,25.700000762939453,26.31999969482422,1152600,25.21494483947754
2026-03-18,25.889999389648438,26.68000030517578,25.809999465942383,26.65999984741211,1055700,25.919815063476562
2026-03-19,26.6200008392334,28.260000228881836,26.56999969482422,27.1299991607666,1778500,26.37676429748535
2026-03-20,27.1299991607666,27.56999969482422,26.610000610351562,27.139999389648438,4097500,26.38648796081543
2026-03-23,26.3799991607666,26.84000015258789,25.709999084472656,26.43000030517578,1118200,25.696199417114258
2026-03-24,26.420000076293945,27.010000228881836,26.329999923706055,26.8799991607666,832800,26.133705139160156
2026-03-25,26.559999465942383,26.760000228881836,26.040000915527344,26.09000015258789,1639400,25.365638732910156
2026-03-26,26.149999618530273,26.719999313354492,26.149999618530273,26.209999084472656,715300,25.48230743408203
2026-03-27,26.34000015258789,26.969999313354492,26.34000015258789,26.940000534057617,939000,26.192039489746094
2026-03-30,27.020000457763672,27.25,26.850000381469727,27.079999923706055,713300,26.328153610229492
2026-03-31,27.049999237060547,28.420000076293945,26.520000457763672,27.34000015258789,1465400,26.580934524536133
2026-04-01,26.610000610351562,26.940000534057617,26.0,26.0,1686800,25.278139114379883
2026-04-02,26.93000030517578,27.56999969482422,26.780000686645508,27.299999237060547,1095200,26.54204559326172
2026-04-06,27.239999771118164,27.5,26.670000076293945,27.299999237060547,1188200,26.54204559326172
2026-04-07,27.329999923706055,28.3700008392334,27.190000534057617,27.479999542236328,1235400,26.7170467376709
2026-04-08,25.600000381469727,25.809999465942383,24.690000534057617,24.790000915527344,1735500,24.10173225402832
2026-04-09,25.100000381469727,25.670000076293945,24.3799991607666,24.969999313354492,1185700,24.276735305786133
2026-04-10,24.950000762939453,26.469999313354492,24.950000762939453,26.469999313354492,894900,25.735088348388672
2026-04-13,26.809999465942383,27.59000015258789,26.760000228881836,26.920000076293945,935100,26.172595977783203
2026-04-14,26.600000381469727,26.600000381469727,26.010000228881836,26.149999618530273,881800,25.423973083496094
2026-04-15,26.0,26.059999465942383,25.440000534057617,25.59000015258789,589700,24.879520416259766
2026-04-16,25.479999542236328,25.979999542236328,25.479999542236328,25.700000762939453,585000,24.986467361450195
2026-04-17,24.940000534057617,24.940000534057617,23.75,24.65999984741211,1400600,23.975341796875
2026-04-20,25.09000015258789,26.219999313354492,24.979999542236328,26.020000457763672,602100,25.297582626342773
2026-04-21,26.040000915527344,26.43000030517578,25.940000534057617,26.270000457763672,553500,25.5406436920166
2026-04-22,26.5,26.920000076293945,26.209999084472656,26.709999084472656,347300,25.968425750732422
2026-04-23,26.989999771118164,27.3799991607666,26.81999969482422,27.229999542236328,440200,26.473987579345703
2026-04-24,27.280000686645508,27.280000686645508,26.690000534057617,26.8799991607666,401300,26.133705139160156
2026-04-27,27.270000457763672,27.68000030517578,27.15999984741211,27.520000457763672,620100,26.755937576293945
2026-04-28,27.969999313354492,27.989999771118164,27.350000381469727,27.3799991607666,689600,26.619823455810547
2026-04-29,27.75,28.899999618530273,27.65999984741211,28.84000015258789,1109500,28.039287567138672
2026-04-30,28.600000381469727,28.75,27.8799991607666,28.6200008392334,863000,27.825397491455078
2026-05-01,28.549999237060547,28.549999237060547,27.530000686645508,27.8799991607666,630000,27.105941772460938
2026-05-04,28.0,28.719999313354492,27.8700008392334,28.299999237060547,1848500,27.514280319213867
2026-05-05,28.59000015258789,30.200000762939453,28.59000015258789,29.700000762939453,882500,28.875411987304688
2026-05-06,28.479999542236328,28.690000534057617,27.940000534057617,28.3799991607666,829700,27.592060089111328
2026-05-07,28.110000610351562,28.309999465942383,27.270000457763672,28.110000610351562,820400,27.329557418823242
2026-05-08,28.100000381469727,28.489999771118164,27.600000381469727,27.920000076293945,567000,27.14483070373535
2026-05-11,28.3700008392334,28.549999237060547,27.93000030517578,28.239999771118164,849600,27.45594596862793
2026-05-12,27.899999618530273,28.110000610351562,26.75,27.229999542236328,1483700,26.473987579345703
2026-05-13,27.479999542236328,27.969999313354492,27.149999618530273,27.280000686645508,972900,26.522600173950195
2026-05-14,27.209999084472656,27.479999542236328,26.940000534057617,26.979999542236328,843600,26.23093032836914
2026-05-15,27.100000381469727,27.229999542236328,26.90999984741211,27.110000610351562,479800,26.35732078552246
2026-05-19,27.5,27.790000915527344,26.540000915527344,26.84000015258789,1237900,26.094816207885742
2026-05-20,26.93000030517578,27.040000915527344,25.979999542236328,26.1299991607666,1039700,25.40452766418457
2026-05-21,26.34000015258789,26.459999084472656,25.6299991607666,25.979999542236328,1476100,25.258691787719727
2026-05-22,25.760000228881836,26.469999313354492,25.760000228881836,26.440000534057617,421600,25.705923080444336
2026-05-25,25.989999771118164,25.989999771118164,25.420000076293945,25.6200008392334,523700,24.908689498901367
2026-05-26,25.8799991607666,26.020000457763672,25.600000381469727,25.670000076293945,641800,24.957300186157227
2026-05-27,25.34000015258789,25.34000015258789,24.809999465942383,24.8700008392334,848100,24.17951202392578
2026-05-28,24.959999084472656,25.100000381469727,24.260000228881836,24.360000610351562,1088100,23.683671951293945
2026-05-29,24.030000686645508,24.149999618530273,23.799999237060547,24.049999237060547,884500,23.38227653503418
2026-06-01,24.3700008392334,26.610000610351562,24.3700008392334,26.520000457763672,1189300,25.783700942993164
2026-06-02,26.6200008392334,27.5,26.610000610351562,27.329999923706055,1496700,26.571210861206055
2026-06-03,27.520000457763672,27.989999771118164,26.90999984741211,26.93000030517578,1133600,26.18231964111328
2026-06-04,26.399999618530273,27.420000076293945,26.06999969482422,26.989999771118164,1058900,26.240652084350586
2026-06-05,26.690000534057617,26.899999618530273,26.290000915527344,26.420000076293945,699100,25.686477661132812
2026-06-08,26.260000228881836,26.700000762939453,26.25,26.489999771118164,1721800,26.135387420654297
2026-06-09,26.239999771118164,26.25,24.989999771118164,25.360000610351562,1330600,25.02051544189453
2026-06-10,25.559999465942383,26.18000030517578,25.399999618530273,25.639999389648438,837900,25.296764373779297
2026-06-11,26.010000228881836,26.5,25.530000686645508,26.309999465942383,1129800,25.957796096801758
2026-06-12,26.040000915527344,26.719999313354492,26.040000915527344,26.389999389648438,565900,26.036725997924805
2026-06-15,25.399999618530273,25.530000686645508,24.809999465942383,25.149999618530273,912800,24.813325881958008
2026-06-16,24.799999237060547,25.0,24.329999923706055,24.420000076293945,1075200,24.093097686767578
2026-06-17,24.3700008392334,25.049999237060547,24.309999465942383,24.760000228881836,819600,24.428546905517578
2026-06-18,24.489999771118164,24.75,24.139999389648438,24.65999984741211,1285900,24.329885482788086
2026-06-19,24.670000076293945,26.190000534057617,24.670000076293945,26.149999618530273,1515600,25.799938201904297
2026-06-22,26.399999618530273,26.440000534057617,24.700000762939453,24.780000686645508,1201200,24.448278427124023
2026-06-23,24.610000610351562,24.639999389648438,23.75,23.829999923706055,821300,23.510995864868164
2026-06-24,23.5,23.510000228881836,22.479999542236328,22.610000610351562,914400,22.307327270507812
2026-06-25,22.5,22.65999984741211,22.200000762939453,22.34000015258789,709500,22.04094123840332
2026-06-26,22.110000610351562,22.579999923706055,21.850000381469727,22.049999237060547,1215900,21.754823684692383
2026-06-29,22.049999237060547,22.170000076293945,21.600000381469727,21.8700008392334,985500,21.577234268188477
2026-06-30,21.950000762939453,22.1299991607666,21.299999237060547,21.389999389648438,1371000,21.10365867614746
2026-07-02,21.239999771118164,21.350000381469727,20.59000015258789,20.850000381469727,1814100,20.57088851928711
2026-07-03,20.850000381469727,21.110000610351562,20.799999237060547,21.010000228881836,315900,20.72874641418457
2026-07-06,20.81999969482422,21.06999969482422,20.389999389648438,20.690000534057617,2281500,20.41303062438965
2026-07-07,20.790000915527344,21.299999237060547,20.530000686645508,21.100000381469727,1902300,20.817541122436523
2026-07-08,21.799999237060547,22.030000686645508,21.25,22.020000457763672,1694600,21.7252254486084
2026-07-09,21.920000076293945,22.639999389648438,21.8799991607666,22.260000228881836,1429400,21.962013244628906
2026-07-10,22.270000457763672,22.690000534057617,21.81999969482422,22.299999237060547,654700,22.001476287841797
2026-07-13,22.75,23.389999389648438,22.6299991607666,23.170000076293945,554500,22.859830856323242
2026-07-14,23.440000534057617,23.68000030517578,23.1200008392334,23.5,602600,23.185413360595703
2026-07-15,23.549999237060547,23.700000762939453,22.579999923706055,23.239999771118164,470700,22.92889404296875
2026-07-16,23.350000381469727,23.59000015258789,22.8799991607666,23.139999389648438,654200,22.830232620239258
2026-07-17,23.309999465942383,23.329999923706055,22.479999542236328,22.600000381469727,579500,22.297462463378906
2026-07-20,22.649999618530273,22.8700008392334,22.149999618530273,22.579999923706055,457000,22.277729034423828
2026-07-21,22.809999465942383,23.25,22.649999618530273,23.1200008392334,551200,22.810501098632812
2026-07-22,23.459999084472656,24.030000686645508,23.450000762939453,23.729999542236328,1028200,23.412334442138672
2026-07-23,24.110000610351562,25.040000915527344,23.860000610351562,24.010000228881836,689400,23.688587188720703
2026-07-24,23.90999984741211,24.0,23.450000762939453,23.59000015258789,415100,23.274208068847656
2026-07-27,22.780000686645508,23.350000381469727,22.639999389648438,23.09000015258789,742100,22.780902862548828
2026-07-28,22.969999313354492,22.989999771118164,22.079999923706055,22.40999984741211,608600,22.110004425048828
2026-07-29,23.139999389648438,23.420000076293945,22.700000762939453,23.290000915527344,710300,22.978225708007812
2026-07-30,23.260000228881836,23.469999313354492,23.100000381469727,23.420000076293945,284800,23.106483459472656
2026-07-31,23.549999237060547,25.25,23.549999237060547,24.280000686645508,818100,23.954973220825195
2026-08-04,23.540000915527344,23.6200008392334,22.780000686645508,23.489999771118164,1757100,23.175546646118164
2026-08-05,23.469999313354492,24.239999771118164,23.219999313354492,23.639999389648438,547900,23.323537826538086
2026-08-06,23.760000228881836,24.420000076293945,23.299999237060547,24.389999389648438,691400,24.063499450683594
2026-08-07,24.149999618530273,24.780000686645508,24.149999618530273,24.43000030517578,915500,24.102964401245117
2026-08-10,24.799999237060547,25.56999969482422,24.799999237060547,25.489999771118164,1651600,25.148773193359375
2026-08-11,25.520000457763672,25.84000015258789,25.469999313354492,25.65999984741211,1013400,25.316497802734375
2026-08-12,25.6299991607666,26.309999465942383,25.600000381469727,26.200000762939453,607700,25.84926986694336
2026-08-13,26.170000076293945,26.399999618530273,25.770000457763672,25.989999771118164,1132700,25.642080307006836
2026-08-14,26.100000381469727,26.739999771118164,26.059999465942383,26.540000915527344,257500,26.18471908569336
2026-08-17,26.579999923706055,27.389999389648438,26.540000915527344,27.280000686645508,763100,26.914812088012695
2026-08-18,27.399999618530273,27.979999542236328,27.260000228881836,27.899999618530273,789900,27.526512145996094
2026-08-19,28.0,29.239999771118164,27.950000762939453,28.18000030517578,871000,27.802764892578125
2026-08-20,28.479999542236328,28.8799991607666,27.989999771118164,28.200000762939453,568800,27.82249641418457
2026-08-21,28.149999618530273,28.5,27.790000915527344,28.100000381469727,1493200,27.723834991455078
2026-08-24,28.079999923706055,28.299999237060547,27.25,27.5,791800,27.131866455078125
2026-08-25,27.020000457763672,27.309999465942383,26.549999237060547,27.219999313354492,744200,26.855613708496094
2026-08-26,26.950000762939453,27.389999389648438,26.65999984741211,27.170000076293945,677400,26.806283950805664
2026-08-27,27.18000030517578,27.969999313354492,26.850000381469727,27.940000534057617,958200,27.565977096557617
2026-08-28,27.8799991607666,28.040000915527344,27.520000457763672,27.8799991607666,638000,27.506778717041016
2026-08-31,28.389999389648438,28.790000915527344,28.209999084472656,28.520000457763672,791300,28.138212203979492
2026-09-01,28.889999389648438,29.670000076293945,28.700000762939453,29.639999389648438,1033500,29.24321937561035
2026-09-02,29.389999389648438,29.5,28.6299991607666,28.81999969482422,1397400,28.43419647216797
2026-09-03,29.0,29.5,28.799999237060547,28.90999984741211,831200,28.522991180419922
2026-09-04,28.75,29.020000457763672,28.360000610351562,28.760000228881836,863200,28.375
2026-09-08,28.709999084472656,29.049999237060547,28.270000457763672,28.420000076293945,734400,28.420000076293945
2026-09-09,28.6200008392334,28.959999084472656,28.469999313354492,28.940000534057617,857600,28.940000534057617
2026-09-10,29.0,29.0,28.290000915527344,28.450000762939453,1243700,28.450000762939453
2026-09-11,28.3700008392334,29.0,28.200000762939453,28.93000030517578,1010400,28.93000030517578
2026-09-14,29.43000030517578,29.639999389648438,28.809999465942383,28.8700008392334,1192700,28.8700008392334
2026-09-15,28.889999389648438,29.920000076293945,28.889999389648438,29.81999969482422,638500,29.81999969482422
2026-09-16,29.3700008392334,29.959999084472656,28.40999984741211,28.43000030517578,757300,28.43000030517578
2026-09-17,28.239999771118164,28.75,27.989999771118164,28.510000228881836,623000,28.510000228881836
2026-09-18,28.6299991607666,29.110000610351562,28.229999542236328,28.360000610351562,2735800,28.360000610351562
2026-09-21,27.889999389648438,28.190000534057617,26.920000076293945,27.030000686645508,766900,27.030000686645508
2026-09-22,26.670000076293945,27.030000686645508,26.329999923706055,26.450000762939453,839400,26.450000762939453
2026-09-23,26.6200008392334,27.040000915527344,26.59000015258789,26.8799991607666,559600,26.8799991607666
2026-09-24,27.149999618530273,28.079999923706055,27.139999389648438,27.709999084472656,470900,27.709999084472656
2026-09-25,27.360000610351562,27.510000228881836,26.420000076293945,26.780000686645508,474400,26.780000686645508
2026-09-28,27.100000381469727,27.59000015258789,27.0,27.09000015258789,669700,27.09000015258789
2026-09-29,26.68000030517578,27.229999542236328,26.459999084472656,26.68000030517578,404400,26.68000030517578
2026-09-30,26.850000381469727,27.149999618530273,26.6299991607666,26.68000030517578,301400,26.68000030517578
