Date,Open,High,Low,Close,Volume,Adj_Close
2021-05-05,14.139330863952637,16.34095573425293,14.021909713745117,15.274391174316406,10680015,9.801458358764648
2021-05-06,15.646221160888672,16.096330642700195,15.274391174316406,15.656005859375,1678691,10.046335220336914
2021-05-07,15.802781105041504,16.536657333374023,15.186326026916504,16.243106842041016,2348389,10.423074722290039
2021-05-10,16.48773193359375,16.536657333374023,15.51901626586914,15.538585662841797,1054061,9.970988273620605
2021-05-11,15.342885971069336,15.802781105041504,14.824280738830566,15.802781105041504,1737863,10.140520095825195
2021-05-12,15.597295761108398,16.018051147460938,15.382025718688965,15.597295761108398,360142,10.008663177490234
2021-05-13,15.450521469116211,15.577726364135742,15.098260879516602,15.411380767822266,616453,9.889362335205078
2021-05-14,15.450521469116211,15.861491203308105,15.0689058303833,15.656005859375,2456207,10.046335220336914
2021-05-17,15.646221160888672,15.988696098327637,15.362456321716309,15.988696098327637,1382217,10.259821891784668
2021-05-18,15.998480796813965,16.243106842041016,15.577726364135742,15.577726364135742,416453,9.996105194091797
2021-05-19,15.538585662841797,15.75385570526123,15.186326026916504,15.264606475830078,1259989,9.79517650604248
2021-05-20,15.323315620422363,15.48966121673584,14.87320613861084,15.411380767822266,367194,9.889362335205078
2021-05-21,15.372241020202637,15.411380767822266,15.254820823669434,15.362456321716309,263873,9.857967376708984
2021-05-24,15.411380767822266,15.567940711975098,15.215681076049805,15.313530921936035,327848,9.826574325561523
2021-05-25,15.293960571289062,15.499445915222168,15.215681076049805,15.264606475830078,209095,9.79517650604248
2021-05-26,15.333101272583008,15.39181137084961,14.97105598449707,14.980840682983398,527541,9.613089561462402
2021-05-27,15.127615928649902,15.39181137084961,14.931916236877441,15.176541328430176,582626,9.738667488098145
2021-05-28,15.401596069335938,15.616866111755371,15.225465774536133,15.509230613708496,401021,9.952152252197266
2021-05-31,15.499445915222168,15.802781105041504,15.401596069335938,15.75385570526123,1178844,10.109127044677734
2021-06-01,15.802781105041504,15.969125747680664,15.704931259155273,15.939770698547363,723453,10.228425979614258
2021-06-02,15.851705551147461,16.086545944213867,15.616866111755371,15.929986000061035,758098,10.222147941589355
2021-06-04,16.096330642700195,16.42902183532715,15.72450065612793,16.42902183532715,663362,10.542375564575195
2021-06-07,16.311601638793945,16.389881134033203,15.949556350708008,16.06697654724121,421563,10.310052871704102
2021-06-08,16.2137508392334,16.223535537719727,15.763641357421875,15.812565803527832,201124,10.146800994873047
2021-06-09,15.871275901794434,15.890846252441406,15.636436462402344,15.822351455688477,895043,10.15307903289795
2021-06-10,15.900630950927734,16.350740432739258,15.900630950927734,16.350740432739258,755032,10.492142677307129
2021-06-11,16.34095573425293,16.517087936401367,16.037620544433594,16.34095573425293,1029023,10.485865592956543
2021-06-14,16.634506225585938,17.084617614746094,16.575796127319336,16.928056716918945,1571997,10.862601280212402
2021-06-15,17.03569221496582,18.00440788269043,17.025907516479492,17.622791290283203,1521511,11.3084077835083
2021-06-16,18.00440788269043,18.39580726623535,17.701072692871094,18.13161277770996,795196,11.63491439819336
2021-06-17,18.170751571655273,18.562152862548828,17.808706283569336,18.297956466674805,1181297,11.741656303405762
2021-06-18,18.219676971435547,18.493656158447266,17.92612648010254,18.102256774902344,725293,11.616077423095703
2021-06-21,18.121826171875,18.924198150634766,18.121826171875,18.875272750854492,722431,12.112114906311035
2021-06-22,18.875272750854492,19.08075714111328,18.47408676147461,18.54258155822754,808379,11.898630142211914
2021-06-23,18.630647659301758,18.88505744934082,18.0631160736084,18.53279685974121,380786,11.892351150512695
2021-06-24,18.61107635498047,19.8439884185791,18.47408676147461,19.43301773071289,1189881,12.470015525817871
2021-06-25,19.37430763244629,19.64828872680664,18.836132049560547,19.1688232421875,1139498,12.300483703613281
2021-06-28,19.1688232421875,19.452587127685547,18.66978645324707,18.88505744934082,353806,12.118392944335938
2021-06-29,18.89484214782715,19.452587127685547,18.845918655395508,19.217748641967773,861011,12.331880569458008
2021-06-30,19.217748641967773,19.423233032226562,18.96333885192871,19.325382232666016,1235053,12.400946617126465
2021-07-01,19.43301773071289,19.687427520751953,18.982908248901367,19.10032844543457,1506897,12.256531715393066
2021-07-02,19.217748641967773,20.000547409057617,19.207963943481445,19.804847717285156,539192,12.708617210388184
2021-07-05,19.834203720092773,20.352807998657227,19.37430763244629,20.235387802124023,1023300,12.984891891479492
2021-07-06,20.20603370666504,20.33323860168457,19.481943130493164,19.92226791381836,785589,12.78396224975586
2021-07-07,20.05925750732422,20.088613510131836,19.57979393005371,19.765708923339844,738476,12.683501243591309
2021-07-08,19.44280242919922,19.44280242919922,18.836132049560547,18.836132049560547,725906,12.086997032165527
2021-07-12,18.836132049560547,19.23731803894043,18.591506958007812,18.992692947387695,414716,12.18746280670166
2021-07-13,18.845918655395508,19.022048950195312,18.708927154541016,18.787208557128906,384261,12.055603981018066
2021-07-14,18.982908248901367,19.276458740234375,18.620861053466797,18.89484214782715,285538,12.12467098236084
2021-07-15,18.806777954101562,18.875272750854492,18.190322875976562,18.190322875976562,341032,11.672587394714355
2021-07-16,18.297956466674805,18.493656158447266,17.955482482910156,18.483871459960938,402656,11.860957145690918
2021-07-19,18.317527770996094,18.317527770996094,17.44666290283203,17.877201080322266,1093714,11.471659660339355
2021-07-20,17.632577896118164,18.102256774902344,17.427091598510742,18.102256774902344,633009,11.616077423095703
2021-07-21,18.20989227294922,18.6795711517334,17.828277587890625,18.6795711517334,438017,11.98653507232666
2021-07-22,18.66978645324707,18.875272750854492,18.39580726623535,18.591506958007812,763719,11.930025100708008
2021-07-23,18.796993255615234,18.88505744934082,18.219676971435547,18.591506958007812,328666,11.930025100708008
2021-07-26,18.591506958007812,18.591506958007812,18.0631160736084,18.160966873168945,619212,11.6537504196167
2021-07-27,17.945697784423828,18.33709716796875,17.534727096557617,17.798921585083008,693305,11.421429634094238
2021-07-28,17.72064208984375,18.033761978149414,17.2607479095459,17.427091598510742,639754,11.182827949523926
2021-07-29,17.495586395263672,18.00440788269043,17.45644760131836,17.896772384643555,701481,11.48421859741211
2021-07-30,17.84784698486328,17.906557083129883,17.329242706298828,17.50537109375,681450,11.233059883117676
2021-08-02,17.681501388549805,18.092472076416016,17.45644760131836,17.85763168334961,816657,11.45910358428955
2021-08-03,17.808706283569336,17.906557083129883,16.97698211669922,17.906557083129883,325804,11.490498542785645
2021-08-04,17.749996185302734,17.749996185302734,17.006336212158203,17.006336212158203,461215,10.912833213806152
2021-08-05,17.211822509765625,17.319456100463867,16.722572326660156,17.123756408691406,336228,10.988181114196777
2021-08-06,17.113971710205078,17.113971710205078,16.605152130126953,16.62472152709961,360040,10.667953491210938
2021-08-09,16.438806533813477,16.879131317138672,16.233320236206055,16.82042121887207,302503,10.793533325195312
2021-08-10,16.69321632385254,17.2607479095459,16.477947235107422,17.2607479095459,560449,11.076087951660156
2021-08-11,17.055261611938477,17.838062286376953,16.791067123413086,17.808706283569336,568012,11.427706718444824
2021-08-12,17.798921585083008,17.84784698486328,17.348812103271484,17.613006591796875,855083,11.302129745483398
2021-08-13,17.495586395263672,17.603221893310547,16.791067123413086,17.123756408691406,270107,10.988181114196777
2021-08-16,16.849777221679688,16.986766815185547,15.401596069335938,15.910415649414062,1578946,10.209589958190918
2021-08-17,15.812565803527832,15.812565803527832,14.491591453552246,15.274391174316406,2387633,9.801458358764648
2021-08-18,15.274391174316406,15.450521469116211,14.736215591430664,14.736215591430664,1234950,9.4561128616333
2021-08-19,14.481805801391602,15.567940711975098,14.129546165466309,15.274391174316406,794889,9.801458358764648
2021-08-20,15.078690528869629,15.48966121673584,14.87320613861084,14.87320613861084,298620,9.54401969909668
2021-08-23,15.03955078125,15.6853609085083,14.94170093536377,15.55815601348877,827388,9.98354721069336
2021-08-24,15.704931259155273,16.252891540527344,15.597295761108398,16.047405242919922,676341,10.297494888305664
2021-08-25,16.037620544433594,16.48773193359375,15.832136154174805,16.41923713684082,566274,10.536096572875977
2021-08-26,16.252891540527344,16.370311737060547,15.75385570526123,16.115901947021484,402656,10.341448783874512
2021-08-27,16.184396743774414,17.24117660522461,16.06697654724121,17.24117660522461,697598,11.06352710723877
2021-08-30,17.221607208251953,17.495586395263672,17.03569221496582,17.417306900024414,468982,11.176549911499023
2021-08-31,17.407522201538086,17.544511795043945,16.536657333374023,17.24117660522461,426060,11.06352710723877
2021-09-01,16.986766815185547,17.202037811279297,16.48773193359375,16.48773193359375,180071,10.580048561096191
2021-09-02,16.497516632080078,17.025907516479492,15.959341049194336,16.096330642700195,420132,10.328889846801758
2021-09-03,16.14525604248047,16.389881134033203,15.988696098327637,16.194181442260742,266734,10.391681671142578
2021-09-06,15.773426055908203,16.155040740966797,15.616866111755371,16.047405242919922,405620,10.297494888305664
2021-09-08,16.243106842041016,16.243106842041016,15.362456321716309,15.411380767822266,622483,9.889362335205078
2021-09-09,15.42116641998291,15.949556350708008,15.205896377563477,15.704931259155273,442922,10.077731132507324
2021-09-10,16.262676239013672,16.399667739868164,15.166755676269531,15.166755676269531,428921,9.732389450073242
2021-09-13,15.411380767822266,16.409452438354492,15.411380767822266,16.14525604248047,599284,10.360285758972168
2021-09-14,16.14525604248047,16.517087936401367,16.047405242919922,16.389881134033203,506693,10.51725959777832
2021-09-15,16.595367431640625,17.113971710205078,16.301816940307617,17.006336212158203,649360,10.912833213806152
2021-09-16,17.006336212158203,17.074832916259766,16.243106842041016,17.074832916259766,1130096,10.956786155700684
2021-09-17,17.016122817993164,17.04547691345215,16.497516632080078,16.90848731994629,798671,10.850043296813965
2021-09-20,16.634506225585938,16.634506225585938,15.0101957321167,15.342885971069336,1039345,9.845410346984863
2021-09-21,15.450521469116211,15.920201301574707,15.166755676269531,15.656005859375,659478,10.046335220336914
2021-09-22,15.861491203308105,17.339027404785156,15.851705551147461,17.319456100463867,737965,11.113760948181152
2021-09-23,17.329242706298828,18.023977279663086,16.732357025146484,17.955482482910156,760653,11.521891593933105
2021-09-24,17.691286087036133,18.88505744934082,17.074832916259766,18.88505744934082,948696,12.118392944335938
2021-09-27,18.89484214782715,20.52893829345703,18.88505744934082,20.20603370666504,1874603,12.966052055358887
2021-09-28,20.11796760559082,21.057327270507812,19.159038543701172,19.834203720092773,2141951,12.727453231811523
2021-09-29,19.834203720092773,20.303882598876953,19.354738235473633,19.687427520751953,870209,12.633267402648926
2021-09-30,20.05925750732422,20.27452850341797,19.10032844543457,19.667858123779297,1233520,12.620711326599121
2021-10-01,19.91248321533203,20.157108306884766,19.276458740234375,19.971193313598633,1020336,12.815357208251953
2021-10-04,20.039688110351562,20.039688110351562,18.924198150634766,19.207963943481445,1002963,12.325600624084473
2021-10-05,19.247102737426758,19.65807342529297,18.650217056274414,19.325382232666016,1250382,12.400946617126465
2021-10-06,18.933982849121094,18.992692947387695,18.366451263427734,18.513227462768555,613285,11.879793167114258
2021-10-07,18.493656158447266,18.97312355041504,17.77935218811035,17.906557083129883,1025957,11.490498542785645
2021-10-08,17.965267181396484,18.415376663208008,17.818492889404297,17.84784698486328,620439,11.452825546264648
2021-10-11,18.297956466674805,18.933982849121094,17.955482482910156,18.54258155822754,938783,11.898630142211914
2021-10-13,18.591506958007812,18.943767547607422,17.329242706298828,17.5640811920166,1167091,11.270735740661621
2021-10-14,17.85763168334961,18.014192581176758,17.290102005004883,17.319456100463867,1117117,11.113760948181152
2021-10-15,17.36838150024414,17.544511795043945,16.9476261138916,16.9476261138916,740929,10.87515926361084
2021-10-18,16.90848731994629,17.495586395263672,16.575796127319336,16.791067123413086,1630556,10.774696350097656
2021-10-19,16.9476261138916,16.9476261138916,15.959341049194336,15.959341049194336,2265814,10.240984916687012
2021-10-20,16.115901947021484,16.301816940307617,15.792996406555176,16.057191848754883,4128357,10.3037748336792
2021-10-21,15.851705551147461,15.910415649414062,14.579655647277832,15.411380767822266,2154521,9.889362335205078
2021-10-22,15.215681076049805,15.215681076049805,13.747929573059082,14.765570640563965,2865098,9.474950790405273
2021-10-25,14.912345886230469,16.184396743774414,14.638365745544434,15.822351455688477,938987,10.15307903289795
2021-10-26,15.656005859375,15.959341049194336,15.127615928649902,15.460306167602539,515789,9.920759201049805
2021-10-27,15.460306167602539,15.55815601348877,14.657936096191406,14.657936096191406,950638,9.4058837890625
2021-10-28,14.765570640563965,14.77535629272461,13.94363021850586,13.94363021850586,612365,8.947519302368164
2021-10-29,14.080620765686035,14.168685913085938,13.082550048828125,13.268465042114258,2167193,8.514269828796387
2021-11-01,13.405454635620117,14.012125015258789,13.25868034362793,13.728360176086426,429739,8.809382438659668
2021-11-03,13.650079727172852,13.884920120239258,13.131475448608398,13.884920120239258,486458,8.909846305847168
2021-11-04,13.884920120239258,14.031695365905762,13.542445182800293,13.865349769592285,418395,8.89728832244873
2021-11-05,13.796854972839355,15.000411033630371,13.796854972839355,14.87320613861084,1027081,9.54401969909668
2021-11-08,14.77535629272461,15.636436462402344,14.638365745544434,15.029766082763672,558814,9.64448356628418
2021-11-09,15.245036125183105,15.313530921936035,14.853635787963867,15.117831230163574,421052,9.700992584228516
2021-11-10,15.147186279296875,15.460306167602539,14.87320613861084,15.411380767822266,425651,9.889362335205078
2021-11-11,15.75385570526123,16.575796127319336,15.264606475830078,16.370311737060547,890852,10.504701614379883
2021-11-12,16.252891540527344,16.380096435546875,15.049336433410645,15.303746223449707,660500,9.820294380187988
2021-11-16,15.411380767822266,15.695145606994629,14.657936096191406,14.657936096191406,336126,9.4058837890625
2021-11-17,14.94170093536377,15.000411033630371,13.992554664611816,14.237180709838867,391926,9.135886192321777
2021-11-18,14.276321411132812,14.344816207885742,13.532659530639648,13.699005126953125,564537,8.790544509887695
2021-11-19,13.650079727172852,13.669650077819824,12.788999557495117,13.268465042114258,875318,8.514269828796387
2021-11-22,13.346744537353516,14.051265716552734,13.278249740600586,14.051265716552734,630147,9.016586303710938
2021-11-23,14.09040641784668,14.765570640563965,13.650079727172852,14.765570640563965,503321,9.474950790405273
2021-11-24,15.059121131896973,15.059121131896973,14.109975814819336,14.109975814819336,523147,9.054261207580566
2021-11-25,14.276321411132812,14.765570640563965,13.992554664611816,14.609010696411133,296474,9.374486923217773
2021-11-26,13.689220428466797,14.031695365905762,13.405454635620117,14.031695365905762,753193,9.0040283203125
2021-11-29,14.207825660705566,14.442666053771973,13.953414916992188,14.35460090637207,409197,9.211234092712402
2021-11-30,14.149115562438965,14.149115562438965,12.935774803161621,13.473950386047363,1108635,8.64612865447998
2021-12-01,13.689220428466797,14.227396011352539,13.121689796447754,13.405454635620117,583852,8.60217571258545
2021-12-02,13.444595336914062,14.002340316772461,13.151044845581055,13.708789825439453,590393,8.796825408935547
2021-12-03,14.012125015258789,14.550300598144531,13.42502498626709,13.679434776306152,495860,8.777987480163574
2021-12-06,14.031695365905762,14.383955955505371,13.679434776306152,14.344816207885742,864792,9.2049560546875
2021-12-07,14.599225997924805,14.912345886230469,14.266535758972168,14.266535758972168,455084,9.15472412109375
2021-12-08,14.18825626373291,14.618796348571777,13.963199615478516,14.481805801391602,385590,9.292860984802246
2021-12-09,14.383955955505371,14.609010696411133,13.90449047088623,14.3937406539917,385590,9.236351013183594
2021-12-10,14.207825660705566,15.342885971069336,14.207825660705566,15.176541328430176,779969,9.738667488098145
2021-12-13,14.980840682983398,15.528800964355469,14.97105598449707,15.42116641998291,571997,9.895641326904297
2021-12-14,15.205896377563477,15.939770698547363,15.196110725402832,15.656005859375,911905,10.046335220336914
2021-12-15,15.656005859375,15.656005859375,14.794925689697266,15.430951118469238,636279,9.901922225952148
2021-12-16,15.470090866088867,15.881060600280762,15.274391174316406,15.773426055908203,1394480,10.121684074401855
2021-12-17,15.196110725402832,16.233320236206055,15.117831230163574,15.597295761108398,2448133,10.008663177490234
2021-12-20,15.284175872802734,15.538585662841797,15.03955078125,15.333101272583008,919161,9.839132308959961
2021-12-21,15.656005859375,15.969125747680664,15.225465774536133,15.704931259155273,358405,10.077731132507324
2021-12-22,16.00826644897461,16.13547134399414,15.58751106262207,16.018051147460938,477567,10.278658866882324
2021-12-23,16.14525604248047,16.48773193359375,15.890846252441406,15.969125747680664,1686764,10.247262954711914
2021-12-27,15.969125747680664,17.123756408691406,15.910415649414062,16.97698211669922,330710,10.893996238708496
2021-12-28,17.23139190673828,17.554296493530273,17.04547691345215,17.554296493530273,510270,11.264456748962402
2021-12-29,17.554296493530273,17.691286087036133,17.016122817993164,17.016122817993164,879611,10.919112205505371
2021-12-30,17.192251205444336,18.297956466674805,17.006336212158203,18.297956466674805,3439140,11.741656303405762
2022-01-03,18.297956466674805,18.39580726623535,17.192251205444336,17.192251205444336,1136739,11.032132148742676
2022-01-04,17.074832916259766,18.00440788269043,16.937841415405273,17.44666290283203,1266427,11.19538688659668
2022-01-05,17.44666290283203,17.730426788330078,15.949556350708008,16.047405242919922,1182830,10.297494888305664
2022-01-06,16.389881134033203,16.722572326660156,15.695145606994629,16.00826644897461,580480,10.272379875183105
2022-01-07,16.086545944213867,17.113971710205078,15.890846252441406,16.849777221679688,665099,10.812371253967285
2022-01-10,17.632577896118164,17.632577896118164,15.959341049194336,16.6442928314209,903525,10.680512428283691
2022-01-11,16.7030029296875,17.280317306518555,16.380096435546875,17.211822509765625,872764,11.044692039489746
2022-01-12,17.221607208251953,18.366451263427734,17.211822509765625,18.121826171875,766070,11.62863540649414
2022-01-13,18.112041473388672,18.434946060180664,17.710857391357422,18.258817672729492,523454,11.716540336608887
2022-01-14,18.493656158447266,18.68935775756836,17.91634178161621,18.68935775756836,731323,11.992815971374512
2022-01-17,18.6795711517334,18.796993255615234,18.20010757446289,18.66978645324707,224425,11.980256080627441
2022-01-18,18.68935775756836,19.08075714111328,18.47408676147461,18.796993255615234,451098,12.061883926391602
2022-01-19,19.08075714111328,20.391948699951172,18.933982849121094,20.391948699951172,902503,13.085354804992676
2022-01-20,20.27452850341797,20.27452850341797,19.667858123779297,19.746137619018555,556770,12.670942306518555
2022-01-21,19.667858123779297,19.85377311706543,18.865488052368164,19.746137619018555,636484,12.670942306518555
2022-01-24,19.530868530273438,19.814632415771484,18.787208557128906,19.2275333404541,764128,12.338156700134277
2022-01-25,19.10032844543457,20.176677703857422,19.090543746948242,19.961408615112305,804291,12.809081077575684
2022-01-26,20.196247100830078,20.66592788696289,19.746137619018555,20.13753890991211,898415,12.922101020812988
2022-01-27,20.166893005371094,20.499582290649414,19.540653228759766,19.863557815551758,1002452,12.746291160583496
2022-01-28,19.736352920532227,19.91248321533203,19.090543746948242,19.63850212097168,837812,12.601872444152832
2022-01-31,19.57979393005371,20.11796760559082,19.36452293395996,19.961408615112305,710168,12.809081077575684
2022-02-01,20.05925750732422,20.440872192382812,19.286243438720703,20.440872192382812,835564,13.116747856140137
2022-02-02,20.078828811645508,20.568077087402344,19.7852783203125,20.480012893676758,538988,13.141865730285645
2022-02-03,20.450658798217773,20.450658798217773,19.58957862854004,20.010332107543945,450587,12.840475082397461
2022-02-04,20.303882598876953,20.900768280029297,19.706998825073242,20.900768280029297,757690,13.411860466003418
2022-02-07,20.783348083496094,20.87141227722168,20.098398208618164,20.098398208618164,742667,12.89698600769043
2022-02-08,20.05925750732422,20.3430233001709,19.37430763244629,19.65807342529297,876238,12.614431381225586
2022-02-09,19.62871742248535,20.558292388916016,19.530868530273438,20.558292388916016,461726,13.192094802856445
2022-02-10,20.568077087402344,21.409589767456055,20.548507690429688,20.842058181762695,770771,13.374186515808105
2022-02-11,20.93012237548828,21.879268646240234,20.548507690429688,21.282384872436523,1638221,13.65674114227295
2022-02-14,21.321523666381836,21.732494354248047,20.82248878479004,21.37044906616211,1186509,13.713251113891602
2022-02-15,21.331308364868164,21.536794662475586,20.67571258544922,21.08668327331543,596422,13.531161308288574
2022-02-16,21.09646987915039,21.76184844970703,21.0768985748291,21.0768985748291,581195,13.524882316589355
2022-02-17,21.23345947265625,21.527008056640625,20.656143188476562,20.656143188476562,900152,13.25488567352295
2022-02-18,20.714853286743164,21.0768985748291,20.039688110351562,20.039688110351562,699642,12.859312057495117
2022-02-21,20.548507690429688,21.184534072875977,20.480012893676758,20.685497283935547,1247418,13.273721694946289
2022-02-22,20.910552978515625,21.331308364868164,19.863557815551758,19.91248321533203,993765,12.777685165405273
2022-02-23,19.941837310791016,20.74420738220215,19.755922317504883,20.25495719909668,2030147,12.99744701385498
2022-02-24,20.548507690429688,20.89098358154297,19.804847717285156,19.863557815551758,1947060,12.746291160583496
2022-02-25,20.078828811645508,20.577863693237305,19.873342514038086,20.215818405151367,1307919,12.972332954406738
2022-03-02,20.74420738220215,22.231529235839844,20.74420738220215,22.104324340820312,1307306,14.184171676635742
2022-03-03,22.417444229125977,22.975189208984375,21.556364059448242,21.937978744506836,1236483,14.077431678771973
2022-03-04,21.859699249267578,22.104324340820312,21.341093063354492,21.752063751220703,732345,13.958130836486816
2022-03-07,22.427228927612305,22.613143920898438,20.812702178955078,21.135608673095703,867143,13.562557220458984
2022-03-08,21.311738967895508,21.996688842773438,20.900768280029297,21.380233764648438,2157996,13.719531059265137
2022-03-09,21.478084564208984,21.478084564208984,20.352807998657227,20.851842880249023,1687275,13.380464553833008
2022-03-10,20.724637985229492,21.350879669189453,20.67571258544922,21.037757873535156,454777,13.499765396118164
2022-03-11,21.16496467590332,21.282384872436523,20.12775230407715,20.20603370666504,816759,12.966052055358887
2022-03-14,20.05925750732422,20.24517250061035,18.591506958007812,18.943767547607422,947061,12.156068801879883
2022-03-15,18.33709716796875,19.62871742248535,18.33709716796875,19.62871742248535,1073990,12.595597267150879
2022-03-16,19.814632415771484,20.05925750732422,19.119897842407227,19.37430763244629,625140,12.432341575622559
2022-03-17,19.491727828979492,20.480012893676758,19.462373733520508,20.362592697143555,733162,13.06651496887207
2022-03-18,20.568077087402344,21.5759334564209,20.18646240234375,21.5759334564209,766172,13.845107078552246
2022-03-21,21.65421485900879,22.084754943847656,21.409589767456055,21.663999557495117,1047827,13.901618957519531
2022-03-22,21.663999557495117,23.816699981689453,21.663999557495117,23.337234497070312,3234541,14.975321769714355
2022-03-23,23.679710388183594,24.550575256347656,23.28830909729004,24.550575256347656,1454470,15.753912925720215
2022-03-24,24.560359954833984,26.17488670349121,24.38422966003418,25.529075622558594,1982727,16.38180923461914
2022-03-25,25.529075622558594,26.125961303710938,25.12788963317871,25.803056716918945,1408277,16.557619094848633
2022-03-28,25.92047691345215,25.92047691345215,25.078964233398438,25.577999114990234,914767,16.41320037841797
2022-03-29,25.362730026245117,25.89112091064453,25.05939483642578,25.34316062927246,802452,16.262508392333984
2022-03-30,25.509504318237305,25.92047691345215,24.501649856567383,24.550575256347656,889830,15.753912925720215
2022-03-31,23.90476417541504,24.462509155273438,23.337234497070312,23.621000289916992,850178,15.1574125289917
2022-04-01,23.865625381469727,24.560359954833984,23.748205184936523,23.816699981689453,645988,15.282990455627441
2022-04-04,23.75798988342285,24.18852996826172,23.229598999023438,23.268739700317383,594583,14.93136978149414
2022-04-05,23.43508529663086,24.227670669555664,23.337234497070312,23.376373291015625,514460,15.000435829162598
2022-04-06,23.376373291015625,23.376373291015625,22.632713317871094,23.06325340270996,454777,14.799510955810547
2022-04-07,23.15131950378418,23.865625381469727,22.652284622192383,23.581859588623047,479304,15.132294654846191
2022-04-08,23.75798988342285,23.75798988342285,22.857769012451172,23.033899307250977,1404700,14.780674934387207
2022-04-11,22.779489517211914,23.08282470703125,22.37830352783203,22.37830352783203,414511,14.359981536865234
2022-04-12,22.73056411743164,23.581859588623047,22.73056411743164,23.268739700317383,519263,14.93136978149414
2022-04-13,23.386159896850586,24.746274948120117,23.386159896850586,24.4722957611084,1154521,15.703683853149414
2022-04-14,24.462509155273438,24.540790557861328,24.012399673461914,24.45272445678711,442820,15.691121101379395
2022-04-18,24.45272445678711,24.93218994140625,23.885194778442383,24.345090866088867,752171,15.622055053710938
2022-04-19,24.168960571289062,24.707134246826172,24.002614974975586,24.345090866088867,455595,15.622055053710938
2022-04-20,24.482080459594727,24.87347984313965,23.82648468017578,24.560359954833984,386816,15.760190963745117
2022-04-22,24.276594161987305,24.64842414855957,23.56229019165039,24.080894470214844,443127,15.452523231506348
2022-04-25,23.69927978515625,23.83626937866211,22.143463134765625,23.464439392089844,887276,15.05694580078125
2022-04-26,23.532934188842773,24.423370361328125,23.180673599243164,24.100465774536133,608686,15.465081214904785
2022-04-27,24.11025047302246,24.72670555114746,23.27852439880371,23.444869995117188,418599,15.044388771057129
2022-04-28,23.454654693603516,24.354875564575195,23.229598999023438,24.354875564575195,512212,15.735564231872559
2022-04-29,24.65821075439453,25.28445053100586,24.159175872802734,24.746274948120117,1619416,15.988442420959473
2022-05-02,24.853910446166992,24.853910446166992,22.8675537109375,23.43508529663086,1168727,15.141290664672852
2022-05-03,23.532934188842773,24.100465774536133,23.161104202270508,24.100465774536133,831680,15.571188926696777
2022-05-04,24.951759338378906,25.049610137939453,24.002614974975586,25.049610137939453,1375778,16.18442726135254
2022-05-05,24.902835845947266,25.21595573425293,23.200244903564453,24.834339141845703,1331425,16.04534149169922
2022-05-06,24.981115341186523,25.519290924072266,24.296165466308594,25.098535537719727,1686355,16.216035842895508
2022-05-09,24.65821075439453,24.80498504638672,23.13174819946289,23.63078498840332,1458456,15.267730712890625
2022-05-10,23.98304557800293,24.394014358520508,23.239383697509766,24.217884063720703,684721,15.647051811218262
2022-05-11,24.217884063720703,25.225740432739258,24.217884063720703,24.87347984313965,864179,16.07063102722168
2022-05-12,24.64842414855957,25.763916015625,24.550575256347656,25.597570419311523,773837,16.538461685180664
2022-05-13,25.636709213256836,26.683706283569336,25.626924514770508,26.419511795043945,1233417,17.06951332092285
2022-05-16,26.458650588989258,26.703275680541992,25.92047691345215,25.92047691345215,1116708,16.747089385986328
2022-05-17,26.419511795043945,26.84026527404785,26.24338150024414,26.50757598876953,1508021,17.12641143798828
2022-05-18,26.65435028076172,26.830480575561523,25.186599731445312,25.245309829711914,1259069,16.31086540222168
2022-05-19,25.1474609375,27.006610870361328,25.010469436645508,26.90876007080078,1978435,17.385616302490234
2022-05-20,27.182741165161133,27.75027084350586,26.80112648010254,27.75027084350586,1785691,17.929309844970703
2022-05-23,28.043821334838867,28.611352920532227,27.427366256713867,27.427366256713867,1613489,17.720684051513672
2022-05-24,27.035966873168945,27.94597053527832,26.918546676635742,27.495861053466797,983852,17.764934539794922
2022-05-25,27.368656158447266,28.9049015045166,27.32951545715332,28.689632415771484,1486969,18.53622817993164
2022-05-26,28.748342514038086,29.824691772460938,28.435222625732422,28.435222625732422,1231476,18.371856689453125
2022-05-27,28.464576721191406,29.48221778869629,28.2884464263916,29.355012893676758,1154010,18.966127395629883
2022-05-30,29.501787185668945,30.23566246032715,28.92447280883789,29.012537002563477,717424,18.744850158691406
2022-05-31,29.286516189575195,29.707271575927734,27.446935653686523,28.112316131591797,4563820,18.163227081298828
2022-06-01,28.1710262298584,28.611352920532227,27.68177604675293,27.799196243286133,1067960,17.960922241210938
2022-06-02,27.828550338745117,28.425437927246094,27.505645751953125,27.505645751953125,722125,17.771259307861328
2022-06-03,27.779626846313477,27.779626846313477,26.527145385742188,26.830480575561523,1293918,17.33503532409668
2022-06-06,26.5,27.8700008392334,26.1200008392334,26.1200008392334,1819900,16.87600326538086
2022-06-07,25.989999771118164,26.40999984741211,25.440000534057617,25.739999771118164,1083600,16.63048553466797
2022-06-08,25.559999465942383,26.8700008392334,25.40999984741211,26.479999542236328,1349000,17.10859489440918
2022-06-09,26.18000030517578,27.209999084472656,26.18000030517578,26.790000915527344,910200,17.308883666992188
2022-06-10,26.360000610351562,26.829999923706055,25.760000228881836,26.520000457763672,974100,17.13443946838379
2022-06-13,25.950000762939453,26.049999237060547,24.479999542236328,24.829999923706055,1022900,16.042537689208984
2022-06-14,25.18000030517578,25.520000457763672,23.520000457763672,23.84000015258789,2273200,15.402904510498047
2022-06-15,24.010000228881836,26.18000030517578,24.010000228881836,25.540000915527344,4278100,16.501264572143555
2022-06-17,24.93000030517578,24.93000030517578,23.860000610351562,24.899999618530273,4176000,16.0877628326416
2022-06-20,24.760000228881836,24.860000610351562,22.950000762939453,24.450000762939453,2975400,15.797022819519043
2022-06-21,24.670000076293945,25.6200008392334,24.239999771118164,25.25,2019600,16.31389617919922
2022-06-22,23.90999984741211,24.770000457763672,23.43000030517578,24.059999465942383,2442400,15.5450439453125
2022-06-23,24.110000610351562,24.600000381469727,22.920000076293945,23.229999542236328,2267000,15.00878620147705
2022-06-24,23.43000030517578,24.709999084472656,22.649999618530273,24.709999084472656,2418500,15.965005874633789
2022-06-27,24.739999771118164,25.200000762939453,23.889999389648438,24.5,2135300,15.829326629638672
2022-06-28,24.860000610351562,25.399999618530273,24.65999984741211,25.290000915527344,1302800,16.33974266052246
2022-06-29,25.399999618530273,26.25,25.239999771118164,25.81999969482422,1223500,16.682170867919922
2022-06-30,25.450000762939453,25.8700008392334,24.90999984741211,25.639999389648438,2602200,16.565876007080078
2022-07-01,25.6299991607666,25.959999084472656,24.75,25.799999237060547,1992300,16.66925048828125
2022-07-04,25.700000762939453,27.309999465942383,25.700000762939453,26.8700008392334,1162300,17.36056900024414
2022-07-05,26.549999237060547,26.6299991607666,24.200000762939453,25.350000381469727,2124200,16.37850570678711
2022-07-06,25.399999618530273,25.540000915527344,23.299999237060547,24.09000015258789,1998400,15.56442928314209
2022-07-07,24.75,25.309999465942383,24.329999923706055,24.559999465942383,2130900,15.868090629577637
2022-07-08,24.610000610351562,25.950000762939453,24.59000015258789,25.520000457763672,1758400,16.488344192504883
2022-07-11,25.0,25.149999618530273,24.0,24.0,963000,15.506278991699219
2022-07-12,23.399999618530273,23.479999542236328,21.969999313354492,22.770000457763672,3223100,14.711581230163574
2022-07-13,22.56999969482422,23.06999969482422,22.290000915527344,22.719999313354492,999300,14.679278373718262
2022-07-14,22.200000762939453,22.799999237060547,21.170000076293945,22.579999923706055,2177700,14.588823318481445
2022-07-15,23.0,23.6200008392334,22.3799991607666,23.100000381469727,1511900,14.92479419708252
2022-07-18,22.920000076293945,24.5,22.920000076293945,23.850000381469727,835500,15.409363746643066
2022-07-19,23.84000015258789,24.6200008392334,23.600000381469727,24.290000915527344,921400,15.693646430969238
2022-07-20,24.190000534057617,25.09000015258789,23.84000015258789,24.6200008392334,1062600,15.906858444213867
2022-07-21,24.200000762939453,24.299999237060547,23.34000015258789,24.100000381469727,1173200,15.570889472961426
2022-07-22,24.079999923706055,24.079999923706055,23.0,23.489999771118164,1582300,15.17677116394043
2022-07-25,23.760000228881836,24.059999465942383,23.399999618530273,23.8700008392334,825000,15.422286033630371
2022-07-26,23.889999389648438,24.450000762939453,23.239999771118164,23.440000534057617,1356400,15.1444673538208
2022-07-27,23.530000686645508,23.600000381469727,22.959999084472656,23.600000381469727,1050000,15.247841835021973
2022-07-28,23.600000381469727,24.110000610351562,23.190000534057617,24.010000228881836,1448400,15.512738227844238
2022-07-29,24.1299991607666,24.760000228881836,23.979999542236328,24.520000457763672,2268400,15.842247009277344
2022-08-01,24.520000457763672,24.520000457763672,23.459999084472656,23.739999771118164,1013500,15.338293075561523
2022-08-02,23.729999542236328,24.670000076293945,23.520000457763672,24.350000381469727,761100,15.732413291931152
2022-08-03,24.329999923706055,25.059999465942383,23.950000762939453,24.479999542236328,893100,15.81640338897705
2022-08-04,24.600000381469727,25.190000534057617,23.40999984741211,23.420000076293945,988600,15.13154411315918
2022-08-05,23.420000076293945,24.229999542236328,22.75,23.8799991607666,645900,15.428746223449707
2022-08-08,24.020000457763672,25.149999618530273,23.670000076293945,24.5,1510900,15.829326629638672
2022-08-09,24.65999984741211,25.5,24.5,24.93000030517578,1109600,16.107149124145508
2022-08-10,25.18000030517578,26.0,24.84000015258789,25.549999237060547,1213700,16.507722854614258
2022-08-11,25.920000076293945,26.200000762939453,24.809999465942383,25.229999542236328,1856500,16.300975799560547
2022-08-12,25.299999237060547,26.049999237060547,25.040000915527344,25.93000030517578,1302300,16.75324249267578
2022-08-15,25.399999618530273,25.579999923706055,24.600000381469727,25.299999237060547,1360400,16.34620475769043
2022-08-16,25.3799991607666,25.59000015258789,24.670000076293945,24.989999771118164,1225800,16.145912170410156
2022-08-17,24.899999618530273,25.780000686645508,24.850000381469727,25.200000762939453,1273000,16.281593322753906
2022-08-18,25.31999969482422,25.950000762939453,24.899999618530273,25.0,1169500,16.152372360229492
2022-08-19,24.90999984741211,24.90999984741211,23.600000381469727,24.049999237060547,1994300,15.538583755493164
2022-08-22,23.969999313354492,24.75,23.5,24.5,2273700,15.829326629638672
2022-08-23,24.5,25.350000381469727,24.40999984741211,24.90999984741211,19890100,16.094226837158203
2022-08-24,25.0,25.530000686645508,24.610000610351562,25.3799991607666,2409900,16.397890090942383
2022-08-25,25.399999618530273,26.329999923706055,25.350000381469727,25.969999313354492,1586500,16.779085159301758
2022-08-26,25.989999771118164,26.75,25.81999969482422,26.479999542236328,1440100,17.10859489440918
2022-08-29,26.389999389648438,27.90999984741211,26.329999923706055,26.889999389648438,2165000,17.373493194580078
2022-08-30,26.600000381469727,26.739999771118164,25.829999923706055,26.1299991607666,1259400,16.88245964050293
2022-08-31,26.110000610351562,27.389999389648438,25.829999923706055,27.280000686645508,1589700,17.625469207763672
2022-09-01,27.139999389648438,27.579999923706055,26.81999969482422,27.219999313354492,2003200,17.586706161499023
2022-09-02,27.469999313354492,28.170000076293945,26.549999237060547,27.700000762939453,2990100,17.89682960510254
2022-09-05,28.25,30.059999465942383,28.1200008392334,29.06999969482422,3621000,18.781980514526367
2022-09-06,28.850000381469727,28.920000076293945,27.739999771118164,28.09000015258789,1834000,18.1488094329834
2022-09-08,28.299999237060547,28.440000534057617,26.8799991607666,27.520000457763672,1939300,17.780534744262695
2022-09-09,28.100000381469727,28.639999389648438,27.739999771118164,28.1299991607666,1889700,18.174650192260742
2022-09-12,28.530000686645508,29.1200008392334,27.93000030517578,28.280000686645508,1883700,18.271564483642578
2022-09-13,27.81999969482422,28.15999984741211,26.93000030517578,27.290000915527344,1769500,17.631929397583008
2022-09-14,27.280000686645508,28.100000381469727,26.979999542236328,27.8799991607666,2283300,18.01312828063965
2022-09-15,27.56999969482422,27.920000076293945,27.110000610351562,27.209999084472656,2074400,17.580244064331055
2022-09-16,27.149999618530273,27.190000534057617,26.239999771118164,26.780000686645508,6216300,17.30242347717285
2022-09-19,26.530000686645508,27.65999984741211,26.530000686645508,27.479999542236328,2752500,17.754688262939453
2022-09-20,27.56999969482422,27.829999923706055,27.030000686645508,27.3700008392334,1480900,17.68362045288086
2022-09-21,27.3799991607666,28.3799991607666,27.3799991607666,27.940000534057617,1701900,18.051891326904297
2022-09-22,28.209999084472656,28.290000915527344,27.440000534057617,28.100000381469727,1550500,18.1552677154541
2022-09-23,27.540000915527344,27.540000915527344,25.950000762939453,26.149999618530273,4326600,16.895381927490234
2022-09-26,25.959999084472656,26.06999969482422,24.469999313354492,24.690000534057617,3398700,15.952082633972168
2022-09-27,25.030000686645508,25.040000915527344,24.309999465942383,24.450000762939453,2257100,15.797022819519043
2022-09-28,24.260000228881836,25.260000228881836,24.229999542236328,24.989999771118164,3349800,16.145912170410156
2022-09-29,24.739999771118164,24.899999618530273,24.100000381469727,24.760000228881836,2490300,15.99731159210205
2022-09-30,24.760000228881836,25.290000915527344,24.530000686645508,25.059999465942383,1754700,16.191137313842773
2022-10-03,26.0,26.81999969482422,25.739999771118164,26.170000076293945,2655300,16.90830421447754
2022-10-04,26.75,27.989999771118164,26.75,27.829999923706055,3051600,17.98082160949707
2022-10-05,27.860000610351562,29.170000076293945,27.829999923706055,28.799999237060547,2485100,18.607534408569336
2022-10-06,28.899999618530273,29.1299991607666,28.670000076293945,29.030000686645508,1055300,18.756135940551758
2022-10-07,28.979999542236328,29.75,28.559999465942383,28.899999618530273,1698800,18.672143936157227
2022-10-10,28.959999084472656,29.219999313354492,28.209999084472656,28.799999237060547,1505400,18.607534408569336
2022-10-11,28.709999084472656,28.760000228881836,27.600000381469727,28.43000030517578,2166100,18.368480682373047
2022-10-13,28.049999237060547,29.479999542236328,27.940000534057617,29.100000381469727,2076000,18.801361083984375
2022-10-14,29.1200008392334,29.459999084472656,28.56999969482422,28.8799991607666,1447700,18.659221649169922
2022-10-17,28.920000076293945,30.149999618530273,28.84000015258789,29.540000915527344,1415700,19.08564567565918
2022-10-18,29.6200008392334,30.229999542236328,29.190000534057617,30.0,1748700,19.382848739624023
2022-10-19,29.989999771118164,31.299999237060547,29.940000534057617,30.700000762939453,2764200,19.83511734008789
2022-10-20,30.8799991607666,31.149999618530273,29.219999313354492,29.899999618530273,4266700,19.318239212036133
2022-10-21,29.889999389648438,31.0,29.670000076293945,30.760000228881836,2439500,19.873882293701172
2022-10-24,30.389999389648438,31.350000381469727,30.200000762939453,31.110000610351562,1612300,20.100013732910156
2022-10-25,30.760000228881836,31.90999984741211,30.479999542236328,30.790000915527344,1634700,19.893264770507812
2022-10-26,30.40999984741211,31.299999237060547,29.93000030517578,30.229999542236328,2114500,19.531450271606445
2022-10-27,30.399999618530273,31.520000457763672,30.100000381469727,30.5,1847700,19.705896377563477
2022-10-28,30.200000762939453,31.049999237060547,29.989999771118164,31.010000228881836,2005100,20.035404205322266
2022-10-31,30.15999984741211,32.5,30.139999389648438,31.360000610351562,3232800,20.261537551879883
2022-11-01,32.099998474121094,32.4900016784668,30.959999084472656,31.600000381469727,2515700,20.416603088378906
2022-11-03,31.729999542236328,33.54999923706055,31.100000381469727,33.189998626708984,3826700,21.443889617919922
2022-11-04,36.470001220703125,36.65999984741211,34.540000915527344,36.11000061035156,5450300,23.330490112304688
2022-11-07,35.939998626708984,36.040000915527344,34.75,35.08000183105469,2425700,22.665014266967773
2022-11-08,34.72999954223633,35.20000076293945,34.2400016784668,34.970001220703125,1360600,22.59394073486328
2022-11-09,34.709999084472656,35.560001373291016,34.11000061035156,34.380001068115234,2481700,22.212743759155273
2022-11-10,33.9900016784668,33.9900016784668,32.560001373291016,33.29999923706055,2761000,21.51496124267578
2022-11-11,34.599998474121094,34.779998779296875,33.040000915527344,34.04999923706055,3814000,21.99953269958496
2022-11-14,34.150001525878906,34.290000915527344,33.150001525878906,33.22999954223633,2524800,21.4697322845459
2022-11-16,33.130001068115234,33.290000915527344,30.860000610351562,31.549999237060547,2371700,20.384294509887695
2022-11-17,30.65999984741211,31.100000381469727,29.719999313354492,30.84000015258789,3497700,19.925567626953125
2022-11-18,31.31999969482422,32.04999923706055,30.8700008392334,31.600000381469727,2871400,20.416603088378906
2022-11-21,31.770000457763672,32.04999923706055,29.959999084472656,31.700000762939453,2623400,20.481210708618164
2022-11-22,31.979999542236328,32.90999984741211,29.969999313354492,30.270000457763672,4490200,19.557296752929688
2022-11-23,30.040000915527344,30.040000915527344,28.530000686645508,29.5,3676000,19.05980110168457
2022-11-24,29.690000534057617,29.90999984741211,29.06999969482422,29.549999237060547,2116300,19.092105865478516
2022-11-25,29.760000228881836,29.940000534057617,28.239999771118164,28.549999237060547,1324500,18.446014404296875
2022-11-28,28.239999771118164,29.280000686645508,28.06999969482422,28.950000762939453,1216600,18.704450607299805
2022-11-29,29.25,30.8799991607666,29.209999084472656,30.260000228881836,1596600,19.550832748413086
2022-11-30,30.809999465942383,30.93000030517578,29.579999923706055,30.729999542236328,3519500,19.8544979095459
2022-12-01,30.729999542236328,31.799999237060547,30.280000686645508,31.149999618530273,1545400,20.125856399536133
2022-12-02,30.360000610351562,30.8799991607666,29.690000534057617,29.75,2423300,19.608440399169922
2022-12-05,29.809999465942383,30.860000610351562,29.5,30.049999237060547,2561100,19.80617332458496
2022-12-06,29.969999313354492,30.3700008392334,28.610000610351562,28.799999237060547,2853700,18.982288360595703
2022-12-07,28.530000686645508,29.200000762939453,27.780000686645508,28.1200008392334,2613300,18.534093856811523
2022-12-08,28.1200008392334,28.75,27.6200008392334,27.850000381469727,1656100,18.35613441467285
2022-12-09,27.84000015258789,28.219999313354492,27.450000762939453,27.760000228881836,1010700,18.296817779541016
2022-12-12,27.760000228881836,28.510000228881836,27.309999465942383,28.299999237060547,1248400,18.652732849121094
2022-12-13,28.399999618530273,29.059999465942383,28.139999389648438,28.479999542236328,1227500,18.771373748779297
2022-12-14,28.100000381469727,28.75,27.670000076293945,28.670000076293945,2069400,18.896602630615234
2022-12-15,28.489999771118164,29.06999969482422,28.170000076293945,28.709999084472656,1774400,18.9229679107666
2022-12-16,28.600000381469727,28.6200008392334,27.969999313354492,28.190000534057617,5268700,18.580236434936523
2022-12-19,28.299999237060547,28.65999984741211,27.299999237060547,27.469999313354492,1304200,18.10567283630371
2022-12-20,27.420000076293945,29.280000686645508,27.399999618530273,28.549999237060547,1733100,18.8175106048584
2022-12-21,28.8700008392334,29.649999618530273,28.0,29.469999313354492,1243400,19.42388916015625
2022-12-22,29.799999237060547,30.110000610351562,28.68000030517578,28.950000762939453,1441800,19.081153869628906
2022-12-23,29.329999923706055,30.540000915527344,29.190000534057617,30.329999923706055,2123800,19.99072265625
2022-12-26,30.299999237060547,31.389999389648438,30.280000686645508,30.729999542236328,1067000,20.254364013671875
2022-12-27,30.920000076293945,31.010000228881836,30.31999969482422,30.950000762939453,1489100,20.399368286132812
2022-12-28,31.649999618530273,33.04999923706055,31.190000534057617,33.04999923706055,3326300,21.78349494934082
2022-12-29,33.18000030517578,33.529998779296875,32.400001525878906,33.130001068115234,4563700,21.836225509643555
2023-01-02,32.650001525878906,33.060001373291016,31.65999984741211,32.7400016784668,1876100,21.57917022705078
2023-01-03,33.150001525878906,33.619998931884766,30.75,31.030000686645508,2282800,20.452096939086914
2023-01-04,30.93000030517578,31.860000610351562,30.049999237060547,31.1200008392334,2418100,20.51141929626465
2023-01-05,31.31999969482422,32.09000015258789,29.850000381469727,31.079999923706055,4674500,20.48505210876465
2023-01-06,31.1200008392334,31.8700008392334,30.8700008392334,31.6299991607666,1500900,20.84756088256836
2023-01-09,31.8799991607666,32.29999923706055,31.219999313354492,32.029998779296875,2144100,21.111202239990234
2023-01-10,32.290000915527344,32.38999938964844,31.350000381469727,32.20000076293945,1336800,21.223255157470703
2023-01-11,32.45000076293945,32.959999084472656,32.04999923706055,32.369998931884766,2706500,21.335298538208008
2023-01-12,32.22999954223633,34.0099983215332,32.119998931884766,33.369998931884766,2636000,21.994407653808594
2023-01-13,33.02000045776367,33.369998931884766,32.54999923706055,32.970001220703125,1747100,21.73076820373535
2023-01-16,32.709999084472656,33.09000015258789,32.43000030517578,32.7599983215332,785900,21.59235382080078
2023-01-17,32.86000061035156,33.599998474121094,32.84000015258789,33.380001068115234,1403700,22.001001358032227
2023-01-18,33.84000015258789,34.689998626708984,33.68000030517578,33.75,1324100,22.244869232177734
2023-01-19,33.380001068115234,34.13999938964844,33.2400016784668,33.86000061035156,809800,22.317371368408203
2023-01-20,34.02000045776367,34.04999923706055,32.959999084472656,33.630001068115234,2796700,22.1657772064209
2023-01-23,33.81999969482422,34.790000915527344,33.22999954223633,33.29999923706055,13243200,21.94826889038086
2023-01-24,33.34000015258789,34.20000076293945,32.20000076293945,33.709999084472656,2868300,22.218503952026367
2023-01-25,33.70000076293945,34.119998931884766,33.119998931884766,33.619998931884766,1320200,22.159183502197266
2023-01-26,33.79999923706055,34.52000045776367,33.47999954223633,33.9900016784668,1120300,22.40305519104004
2023-01-27,33.5,33.79999923706055,32.66999816894531,32.97999954223633,2981000,21.737356185913086
2023-01-30,33.220001220703125,33.40999984741211,31.920000076293945,32.29999923706055,1367900,21.289159774780273
2023-01-31,32.20000076293945,32.54999923706055,31.43000030517578,31.579999923706055,1856200,20.814605712890625
2023-02-01,31.56999969482422,31.709999084472656,29.420000076293945,30.600000381469727,3736800,20.168682098388672
2023-02-02,30.68000030517578,30.84000015258789,28.860000610351562,29.010000228881836,4018000,19.120702743530273
2023-02-03,29.0,29.520000457763672,28.290000915527344,28.510000228881836,2828000,18.791147232055664
2023-02-06,28.600000381469727,29.440000534057617,28.079999923706055,29.079999923706055,2800900,19.166837692260742
2023-02-07,29.40999984741211,29.850000381469727,29.030000686645508,29.549999237060547,1581500,19.47661781311035
2023-02-08,29.8700008392334,30.06999969482422,29.15999984741211,30.030000686645508,2729500,19.79298973083496
2023-02-09,30.030000686645508,30.030000686645508,29.459999084472656,29.5,1477300,19.443666458129883
2023-02-10,29.649999618530273,30.799999237060547,29.530000686645508,30.219999313354492,1641000,19.91822052001953
2023-02-13,30.219999313354492,30.8799991607666,29.770000457763672,30.520000457763672,1870700,20.115951538085938
2023-02-14,30.520000457763672,30.790000915527344,29.540000915527344,29.809999465942383,1977500,19.647985458374023
2023-02-15,29.299999237060547,30.719999313354492,29.149999618530273,30.43000030517578,2064100,20.0566349029541
2023-02-16,30.100000381469727,30.31999969482422,29.389999389648438,29.799999237060547,1251300,19.641395568847656
2023-02-17,29.649999618530273,29.780000686645508,29.290000915527344,29.5,2204900,19.443666458129883
2023-02-22,29.299999237060547,29.31999969482422,28.639999389648438,29.309999465942383,2907500,19.318431854248047
2023-02-23,29.329999923706055,30.6200008392334,29.25,30.149999618530273,3211100,19.872079849243164
2023-02-24,30.200000762939453,30.75,29.690000534057617,30.049999237060547,1616900,19.80617332458496
2023-02-27,30.270000457763672,30.610000610351562,29.579999923706055,30.110000610351562,1763800,19.84571647644043
2023-02-28,30.15999984741211,30.56999969482422,28.299999237060547,28.299999237060547,3634800,18.652732849121094
2023-03-01,28.299999237060547,28.31999969482422,26.25,26.979999542236328,8896700,17.782712936401367
2023-03-02,27.010000228881836,28.600000381469727,27.010000228881836,28.299999237060547,4629300,18.652732849121094
2023-03-03,28.43000030517578,28.8799991607666,27.90999984741211,28.649999618530273,1926900,18.8834228515625
2023-03-06,28.649999618530273,28.889999389648438,27.799999237060547,28.43000030517578,2438000,18.738418579101562
2023-03-07,28.420000076293945,28.649999618530273,27.75,28.149999618530273,2081100,18.553869247436523
2023-03-08,28.360000610351562,29.809999465942383,28.139999389648438,28.780000686645508,3053900,18.969104766845703
2023-03-09,28.610000610351562,29.219999313354492,28.25,28.389999389648438,1772400,18.712055206298828
2023-03-10,28.420000076293945,28.489999771118164,27.549999237060547,28.229999542236328,3183800,18.606597900390625
2023-03-13,27.59000015258789,27.979999542236328,26.709999084472656,27.079999923706055,3652100,17.84862518310547
2023-03-14,27.079999923706055,27.899999618530273,27.079999923706055,27.510000228881836,2451400,18.132038116455078
2023-03-15,26.829999923706055,26.829999923706055,21.790000915527344,22.209999084472656,22857400,14.638769149780273
2023-03-16,22.25,22.360000610351562,20.1200008392334,20.729999542236328,12665300,13.663290977478027
2023-03-17,20.600000381469727,21.950000762939453,20.329999923706055,21.299999237060547,7116600,14.038983345031738
2023-03-20,21.299999237060547,21.3700008392334,20.219999313354492,20.350000381469727,3649000,13.412833213806152
2023-03-21,20.610000610351562,21.0,20.040000915527344,20.649999618530273,4963300,13.610563278198242
2023-03-22,20.649999618530273,21.219999313354492,20.329999923706055,20.8700008392334,3810000,13.75556755065918
2023-03-23,21.65999984741211,21.799999237060547,19.639999389648438,19.899999618530273,3600600,13.116230964660645
2023-03-24,19.790000915527344,20.649999618530273,19.389999389648438,20.459999084472656,3781600,13.485331535339355
2023-03-27,20.850000381469727,21.299999237060547,20.670000076293945,21.09000015258789,1956600,13.9005708694458
2023-03-28,21.15999984741211,21.3799991607666,20.75,21.0,1818500,13.841252326965332
2023-03-29,21.0,21.299999237060547,20.75,21.25,1930800,14.00602912902832
2023-03-30,21.56999969482422,21.979999542236328,21.15999984741211,21.299999237060547,2912500,14.038983345031738
2023-03-31,21.489999771118164,21.489999771118164,20.270000457763672,20.329999923706055,2662200,13.399650573730469
2023-04-03,20.950000762939453,21.510000228881836,20.420000076293945,20.610000610351562,5449500,13.584199905395508
2023-04-04,20.860000610351562,21.25,20.43000030517578,20.729999542236328,2583300,13.663290977478027
2023-04-05,20.700000762939453,20.989999771118164,20.1299991607666,20.709999084472656,2079500,13.65010929107666
2023-04-06,20.600000381469727,20.959999084472656,20.350000381469727,20.6299991607666,2144500,13.597380638122559
2023-04-10,20.81999969482422,21.209999084472656,20.459999084472656,21.010000228881836,2112500,13.847843170166016
2023-04-11,21.1200008392334,21.600000381469727,21.010000228881836,21.479999542236328,2245500,14.157624244689941
2023-04-12,21.649999618530273,22.389999389648438,21.510000228881836,21.989999771118164,3594500,14.493767738342285
2023-04-13,22.18000030517578,22.469999313354492,21.6299991607666,22.239999771118164,3145300,14.658544540405273
2023-04-14,22.280000686645508,22.469999313354492,21.940000534057617,22.049999237060547,1352500,14.533313751220703
2023-04-17,22.09000015258789,22.100000381469727,21.350000381469727,21.530000686645508,1872400,14.190579414367676
2023-04-18,21.690000534057617,21.719999313354492,20.56999969482422,20.709999084472656,3034400,13.65010929107666
2023-04-19,20.399999618530273,20.649999618530273,20.049999237060547,20.25,3410400,13.34692096710205
2023-04-20,20.110000610351562,20.479999542236328,19.850000381469727,20.200000762939453,1782400,13.313965797424316
2023-04-24,20.059999465942383,20.219999313354492,19.860000610351562,20.1299991607666,1450800,13.267828941345215
2023-04-25,20.0,20.15999984741211,19.3799991607666,19.760000228881836,1633400,13.023957252502441
2023-04-26,19.770000457763672,19.799999237060547,19.06999969482422,19.170000076293945,2130100,12.635086059570312
2023-04-27,18.850000381469727,19.229999542236328,18.5,19.049999237060547,1833100,12.853792190551758
2023-04-28,19.020000457763672,19.68000030517578,18.760000228881836,19.68000030517578,2584300,13.278881072998047
2023-05-02,19.709999084472656,19.729999542236328,18.420000076293945,18.440000534057617,3422200,12.4422025680542
2023-05-03,18.3700008392334,18.65999984741211,18.110000610351562,18.520000457763672,2297000,12.496182441711426
2023-05-04,18.75,19.049999237060547,18.34000015258789,18.43000030517578,1531900,12.435455322265625
2023-05-05,18.809999465942383,19.65999984741211,18.709999084472656,19.43000030517578,2127200,13.110194206237793
2023-05-08,19.719999313354492,20.059999465942383,19.520000457763672,19.739999771118164,2501300,13.319364547729492
2023-05-09,19.700000762939453,20.030000686645508,19.420000076293945,19.56999969482422,1622400,13.204658508300781
2023-05-10,19.510000228881836,19.649999618530273,19.149999618530273,19.530000686645508,1005600,13.1776704788208
2023-05-11,19.389999389648438,19.90999984741211,19.010000228881836,19.280000686645508,2910100,13.008983612060547
2023-05-12,19.139999389648438,19.459999084472656,18.799999237060547,18.989999771118164,3508300,12.813309669494629
2023-05-15,18.899999618530273,19.059999465942383,17.100000381469727,17.270000457763672,9841000,11.65275764465332
2023-05-16,17.139999389648438,17.6299991607666,17.059999465942383,17.25,3769500,11.639262199401855
2023-05-17,17.450000762939453,17.989999771118164,17.43000030517578,17.989999771118164,2299900,12.138570785522461
2023-05-18,17.850000381469727,17.940000534057617,17.31999969482422,17.690000534057617,4009800,11.936149597167969
2023-05-19,17.850000381469727,17.950000762939453,17.399999618530273,17.549999237060547,3669900,11.841683387756348
2023-05-22,17.610000610351562,17.75,17.520000457763672,17.6200008392334,1384600,11.888916015625
2023-05-23,17.549999237060547,17.979999542236328,17.440000534057617,17.639999389648438,1761700,11.902410507202148
2023-05-24,17.719999313354492,18.25,17.6299991607666,17.709999084472656,2317300,11.949641227722168
2023-05-25,17.899999618530273,18.06999969482422,17.639999389648438,17.639999389648438,1642700,11.902410507202148
2023-05-26,17.93000030517578,17.93000030517578,17.43000030517578,17.600000381469727,2684400,11.875421524047852
2023-05-29,17.670000076293945,17.84000015258789,17.43000030517578,17.790000915527344,796200,12.003622055053711
2023-05-30,17.719999313354492,17.8700008392334,16.81999969482422,17.31999969482422,3596200,11.686493873596191
2023-05-31,17.110000610351562,17.329999923706055,16.93000030517578,17.229999542236328,2875300,11.62576675415039
2023-06-01,17.280000686645508,17.540000915527344,16.6200008392334,17.40999984741211,3565200,11.747220993041992
2023-06-02,17.700000762939453,18.1299991607666,17.600000381469727,17.84000015258789,2413300,12.037359237670898
2023-06-05,18.1299991607666,18.18000030517578,17.690000534057617,17.969999313354492,1886600,12.12507438659668
2023-06-06,17.899999618530273,17.959999084472656,17.6200008392334,17.770000457763672,1361800,11.990126609802246
2023-06-07,17.899999618530273,18.25,17.799999237060547,18.239999771118164,2079200,12.307254791259766
2023-06-09,18.350000381469727,18.579999923706055,17.950000762939453,18.459999084472656,3190900,12.455697059631348
2023-06-12,18.389999389648438,18.43000030517578,17.940000534057617,18.110000610351562,1974200,12.219539642333984
2023-06-13,18.229999542236328,18.670000076293945,18.079999923706055,18.489999771118164,3257900,12.475939750671387
2023-06-14,18.59000015258789,19.420000076293945,18.479999542236328,19.170000076293945,3674900,12.934762954711914
2023-06-15,19.18000030517578,19.479999542236328,19.079999923706055,19.3799991607666,1954700,13.076457023620605
2023-06-16,19.299999237060547,19.3700008392334,18.760000228881836,19.09000015258789,2285000,12.88078498840332
2023-06-19,19.09000015258789,19.5,19.030000686645508,19.40999984741211,1160600,13.096701622009277
2023-06-20,19.329999923706055,19.40999984741211,18.90999984741211,19.34000015258789,1340300,13.049469947814941
2023-06-21,19.3700008392334,20.25,19.079999923706055,20.100000381469727,2983400,13.562271118164062
2023-06-22,19.829999923706055,19.979999542236328,19.600000381469727,19.809999465942383,1571500,13.366597175598145
2023-06-23,19.850000381469727,19.850000381469727,19.1200008392334,19.389999389648438,2179100,13.083206176757812
2023-06-26,19.440000534057617,20.18000030517578,19.389999389648438,19.649999618530273,2106500,13.258637428283691
2023-06-27,19.68000030517578,19.90999984741211,18.950000762939453,19.030000686645508,1638600,12.840300559997559
2023-06-28,19.030000686645508,19.170000076293945,18.780000686645508,18.780000686645508,1252800,12.671614646911621
2023-06-29,18.93000030517578,19.09000015258789,18.829999923706055,18.979999542236328,877000,12.806562423706055
2023-06-30,19.190000534057617,19.700000762939453,19.15999984741211,19.170000076293945,1921700,12.934762954711914
2023-07-03,19.290000915527344,19.899999618530273,19.25,19.530000686645508,1444200,13.1776704788208
2023-07-04,19.559999465942383,19.950000762939453,19.40999984741211,19.68000030517578,905000,13.278881072998047
2023-07-05,19.690000534057617,20.040000915527344,19.510000228881836,19.760000228881836,2063900,13.33285903930664
2023-07-06,19.670000076293945,19.739999771118164,18.920000076293945,19.260000228881836,1944000,12.995488166809082
2023-07-07,19.3700008392334,20.700000762939453,19.309999465942383,20.520000457763672,3946100,13.845662117004395
2023-07-10,20.399999618530273,20.93000030517578,20.049999237060547,20.709999084472656,2124700,13.973859786987305
2023-07-11,20.709999084472656,20.809999465942383,19.940000534057617,20.56999969482422,3947000,13.879398345947266
2023-07-12,20.84000015258789,21.100000381469727,19.479999542236328,19.610000610351562,3035000,13.231648445129395
2023-07-13,19.860000610351562,20.850000381469727,19.389999389648438,20.850000381469727,7442100,14.06832504272461
2023-07-14,20.93000030517578,20.969999313354492,20.190000534057617,20.40999984741211,2305600,13.771440505981445
2023-07-17,20.25,20.760000228881836,20.079999923706055,20.579999923706055,2114000,13.88614559173584
2023-07-18,20.6299991607666,20.81999969482422,20.440000534057617,20.6200008392334,851700,13.91313648223877
2023-07-19,20.760000228881836,21.049999237060547,20.510000228881836,20.600000381469727,2333900,13.899640083312988
2023-07-20,20.780000686645508,20.90999984741211,20.280000686645508,20.549999237060547,1553000,13.8659029006958
2023-07-21,20.760000228881836,22.34000015258789,20.760000228881836,22.290000915527344,5227200,15.039950370788574
2023-07-24,22.350000381469727,23.34000015258789,22.350000381469727,23.239999771118164,4903700,15.68095588684082
2023-07-25,23.5,23.93000030517578,23.030000686645508,23.100000381469727,2831300,15.586494445800781
2023-07-26,23.079999923706055,23.209999084472656,22.600000381469727,23.049999237060547,2119700,15.552752494812012
2023-07-27,23.600000381469727,23.959999084472656,22.899999618530273,23.010000228881836,4233700,15.525763511657715
2023-07-28,23.139999389648438,23.68000030517578,22.8799991607666,23.15999984741211,3354000,15.626974105834961
2023-07-31,23.450000762939453,23.600000381469727,22.989999771118164,22.989999771118164,2902900,15.512269020080566
2023-08-01,23.0,23.079999923706055,22.540000915527344,22.920000076293945,1673200,15.46503734588623
2023-08-02,22.799999237060547,22.8700008392334,22.190000534057617,22.600000381469727,2769100,15.249119758605957
2023-08-03,22.799999237060547,23.399999618530273,22.700000762939453,22.809999465942383,2989500,15.390813827514648
2023-08-04,22.799999237060547,23.329999923706055,22.739999771118164,23.040000915527344,1888700,15.546005249023438
2023-08-07,23.100000381469727,23.149999618530273,22.56999969482422,22.760000228881836,1057700,15.35707950592041
2023-08-08,22.5,23.420000076293945,22.010000228881836,23.40999984741211,1645200,15.795662879943848
2023-08-09,23.479999542236328,24.1200008392334,23.1299991607666,24.079999923706055,2701000,16.24773406982422
2023-08-10,24.049999237060547,24.219999313354492,23.520000457763672,23.780000686645508,2779700,16.04531478881836
2023-08-11,23.84000015258789,24.100000381469727,22.709999084472656,23.200000762939453,5235700,15.653966903686523
2023-08-14,23.049999237060547,23.469999313354492,22.719999313354492,23.18000030517578,2221700,15.64046859741211
2023-08-15,23.209999084472656,23.350000381469727,22.329999923706055,22.440000534057617,2774800,15.14116382598877
2023-08-16,22.700000762939453,23.079999923706055,22.280000686645508,22.280000686645508,3363700,15.033204078674316
2023-08-17,22.5,22.90999984741211,22.280000686645508,22.540000915527344,1871600,15.208637237548828
2023-08-18,22.5,23.299999237060547,22.399999618530273,22.81999969482422,2527200,15.397563934326172
2023-08-21,22.850000381469727,23.479999542236328,22.510000228881836,22.760000228881836,3233000,15.35707950592041
2023-08-22,22.899999618530273,23.239999771118164,22.56999969482422,23.0,1940600,15.519017219543457
2023-08-23,22.940000534057617,23.780000686645508,22.59000015258789,23.709999084472656,2009300,15.998080253601074
2023-08-24,23.610000610351562,23.90999984741211,23.3700008392334,23.3799991607666,1347200,15.775418281555176
2023-08-25,23.540000915527344,23.690000534057617,22.989999771118164,23.260000228881836,2200700,15.69444751739502
2023-08-28,23.229999542236328,23.510000228881836,22.780000686645508,22.780000686645508,2201500,15.370574951171875
2023-08-29,22.739999771118164,23.290000915527344,22.739999771118164,23.260000228881836,1829200,15.69444751739502
2023-08-30,23.3799991607666,23.549999237060547,23.139999389648438,23.200000762939453,2775500,15.653966903686523
2023-08-31,23.399999618530273,23.479999542236328,22.93000030517578,23.15999984741211,3370000,15.626974105834961
2023-09-01,23.450000762939453,23.559999465942383,23.0,23.559999465942383,7409900,15.896869659423828
2023-09-04,23.579999923706055,23.8799991607666,23.290000915527344,23.8799991607666,2300600,16.1127872467041
2023-09-05,23.700000762939453,23.920000076293945,22.510000228881836,22.56999969482422,7881700,15.228875160217285
2023-09-06,22.559999465942383,22.559999465942383,21.700000762939453,21.75,4076900,14.675592422485352
2023-09-08,21.579999923706055,22.200000762939453,21.149999618530273,22.06999969482422,1803600,14.891508102416992
2023-09-11,22.06999969482422,22.360000610351562,21.709999084472656,21.969999313354492,2481400,14.8240327835083
2023-09-12,22.030000686645508,22.40999984741211,21.889999389648438,22.059999465942383,2931000,14.884761810302734
2023-09-13,21.969999313354492,22.170000076293945,21.579999923706055,21.579999923706055,3052200,14.56088638305664
2023-09-14,21.700000762939453,22.270000457763672,21.670000076293945,22.239999771118164,3170600,15.006217002868652
2023-09-15,22.239999771118164,22.709999084472656,22.190000534057617,22.450000762939453,4350100,15.147910118103027
2023-09-18,22.540000915527344,23.079999923706055,22.309999465942383,22.389999389648438,2311000,15.107423782348633
2023-09-19,22.389999389648438,22.780000686645508,22.18000030517578,22.299999237060547,2848500,15.046698570251465
2023-09-20,22.299999237060547,22.3799991607666,21.739999771118164,21.770000457763672,3241900,14.689085960388184
2023-09-21,21.65999984741211,21.700000762939453,20.81999969482422,20.989999771118164,3392600,14.162787437438965
2023-09-22,21.200000762939453,21.219999313354492,20.329999923706055,20.450000762939453,3974100,13.798432350158691
2023-09-25,20.350000381469727,20.469999313354492,19.959999084472656,19.969999313354492,3684300,13.474555015563965
2023-09-26,19.8799991607666,19.950000762939453,19.219999313354492,19.290000915527344,4421500,13.015732765197754
2023-09-27,19.489999771118164,20.299999237060547,19.3700008392334,20.18000030517578,4241700,13.616250038146973
2023-09-28,20.170000076293945,20.65999984741211,20.149999618530273,20.309999465942383,3898300,13.70396614074707
2023-09-29,20.649999618530273,21.40999984741211,20.520000457763672,20.940000534057617,4037800,14.12905216217041
2023-10-02,21.0,21.25,20.729999542236328,20.739999771118164,2361300,13.994105339050293
2023-10-03,20.6200008392334,20.75,19.790000915527344,19.8799991607666,2226200,13.413827896118164
2023-10-04,19.829999923706055,19.940000534057617,19.239999771118164,19.329999923706055,2559300,13.042720794677734
2023-10-05,19.309999465942383,19.579999923706055,18.889999389648438,18.979999542236328,1937500,12.806562423706055
2023-10-06,18.889999389648438,19.350000381469727,18.729999542236328,19.299999237060547,2139600,13.022477149963379
2023-10-09,19.860000610351562,21.0,19.829999923706055,20.979999542236328,3863100,14.156041145324707
2023-10-10,21.0,21.6299991607666,20.760000228881836,21.489999771118164,2364100,14.500158309936523
2023-10-11,21.34000015258789,21.940000534057617,21.229999542236328,21.719999313354492,2505000,14.655349731445312
2023-10-13,22.040000915527344,22.280000686645508,21.350000381469727,21.709999084472656,5502700,14.648599624633789
2023-10-16,21.90999984741211,22.479999542236328,21.65999984741211,22.190000534057617,3048500,14.9724760055542
2023-10-17,22.06999969482422,22.329999923706055,21.579999923706055,21.65999984741211,3270500,14.614864349365234
2023-10-18,21.809999465942383,22.219999313354492,21.649999618530273,21.790000915527344,4074800,14.702583312988281
2023-10-19,21.65999984741211,22.030000686645508,21.469999313354492,21.799999237060547,1338900,14.709328651428223
2023-10-20,21.700000762939453,22.079999923706055,21.270000457763672,21.6299991607666,2722900,14.594622611999512
2023-10-23,21.600000381469727,22.139999389648438,21.360000610351562,21.610000610351562,1732000,14.581128120422363
2023-10-24,21.799999237060547,21.889999389648438,21.100000381469727,21.350000381469727,1666200,14.405695915222168
2023-10-25,21.399999618530273,21.65999984741211,21.139999389648438,21.350000381469727,1706900,14.405695915222168
2023-10-26,21.34000015258789,21.540000915527344,21.139999389648438,21.459999084472656,2517300,14.4799165725708
2023-10-27,21.56999969482422,21.81999969482422,20.799999237060547,20.84000015258789,1986900,14.061579704284668
2023-10-30,21.200000762939453,21.200000762939453,20.1299991607666,20.15999984741211,2491100,13.602754592895508
2023-10-31,20.209999084472656,20.920000076293945,20.209999084472656,20.739999771118164,2013500,13.994105339050293
2023-11-01,20.889999389648438,21.299999237060547,20.6200008392334,21.110000610351562,3255500,14.243759155273438
2023-11-03,21.610000610351562,21.940000534057617,21.209999084472656,21.540000915527344,3199100,14.533897399902344
2023-11-06,21.65999984741211,21.739999771118164,20.350000381469727,20.350000381469727,2546100,13.730956077575684
2023-11-07,20.299999237060547,21.239999771118164,20.149999618530273,21.190000534057617,2853400,14.297737121582031
2023-11-08,21.149999618530273,21.31999969482422,20.15999984741211,20.280000686645508,3478700,13.683723449707031
2023-11-09,20.5,20.530000686645508,19.1200008392334,19.170000076293945,3678000,12.934762954711914
2023-11-10,19.399999618530273,19.479999542236328,18.770000457763672,18.90999984741211,4509800,12.759330749511719
2023-11-13,18.920000076293945,19.260000228881836,18.6200008392334,18.65999984741211,3619900,12.590645790100098
2023-11-14,18.760000228881836,19.420000076293945,18.6200008392334,19.239999771118164,4098800,12.98199462890625
2023-11-16,19.170000076293945,19.56999969482422,18.8799991607666,19.020000457763672,4944200,12.833552360534668
2023-11-17,19.15999984741211,19.979999542236328,19.049999237060547,19.65999984741211,3789800,13.265385627746582
2023-11-20,19.979999542236328,20.100000381469727,19.719999313354492,19.90999984741211,2451700,13.43407154083252
2023-11-21,19.899999618530273,20.15999984741211,19.610000610351562,19.809999465942383,1509700,13.366597175598145
2023-11-22,19.6299991607666,20.100000381469727,19.559999465942383,19.65999984741211,2887100,13.265385627746582
2023-11-23,19.709999084472656,19.81999969482422,19.479999542236328,19.520000457763672,939200,13.17092227935791
2023-11-24,19.510000228881836,19.68000030517578,19.350000381469727,19.40999984741211,1431500,13.096701622009277
2023-11-27,19.459999084472656,19.579999923706055,18.889999389648438,18.969999313354492,2099900,12.799816131591797
2023-11-28,19.0,19.360000610351562,18.920000076293945,19.200000762939453,3112800,12.95500659942627
2023-11-29,19.3700008392334,19.81999969482422,19.290000915527344,19.65999984741211,3127300,13.265385627746582
2023-11-30,19.780000686645508,20.030000686645508,19.540000915527344,19.799999237060547,2036000,13.359848022460938
2023-12-01,20.100000381469727,20.90999984741211,20.030000686645508,20.90999984741211,4624900,14.108810424804688
2023-12-04,20.90999984741211,20.90999984741211,20.049999237060547,20.049999237060547,3915200,13.528532028198242
2023-12-05,20.059999465942383,20.799999237060547,20.0,20.670000076293945,4149600,13.946873664855957
2023-12-06,20.489999771118164,20.489999771118164,19.200000762939453,19.329999923706055,3026600,13.396574020385742
2023-12-07,19.489999771118164,20.18000030517578,19.329999923706055,20.18000030517578,3764500,13.985663414001465
2023-12-08,20.299999237060547,21.040000915527344,20.079999923706055,20.84000015258789,4714900,14.443075180053711
2023-12-11,20.809999465942383,20.899999618530273,20.299999237060547,20.399999618530273,1702200,14.13813304901123
2023-12-12,20.350000381469727,20.59000015258789,19.81999969482422,19.940000534057617,2240300,13.819332122802734
2023-12-13,20.40999984741211,21.100000381469727,20.06999969482422,20.899999618530273,4347600,14.484657287597656
2023-12-14,21.049999237060547,21.440000534057617,20.549999237060547,21.299999237060547,5496900,14.761873245239258
2023-12-15,21.350000381469727,21.450000762939453,20.270000457763672,20.270000457763672,4638900,14.048038482666016
2023-12-18,20.440000534057617,21.299999237060547,20.43000030517578,21.030000686645508,3074500,14.574753761291504
2023-12-19,21.020000457763672,21.700000762939453,21.010000228881836,21.649999618530273,2216800,15.004441261291504
2023-12-20,21.729999542236328,21.799999237060547,20.899999618530273,21.079999923706055,1327300,14.609405517578125
2023-12-21,21.200000762939453,21.280000686645508,20.889999389648438,21.280000686645508,2762100,14.748015403747559
2023-12-22,21.43000030517578,21.65999984741211,21.280000686645508,21.43000030517578,1966700,14.851969718933105
2023-12-26,21.530000686645508,22.149999618530273,21.440000534057617,22.09000015258789,1704900,15.309381484985352
2023-12-27,22.1299991607666,22.280000686645508,21.760000228881836,21.860000610351562,1465600,15.149982452392578
2023-12-28,21.719999313354492,21.799999237060547,21.239999771118164,21.719999313354492,2336800,15.05295467376709
2024-01-02,21.709999084472656,21.709999084472656,20.75,20.770000457763672,3219700,14.394561767578125
2024-01-03,20.75,21.350000381469727,20.56999969482422,21.25,2200100,14.727222442626953
2024-01-04,21.3700008392334,21.399999618530273,20.690000534057617,20.690000534057617,5578000,14.339118957519531
2024-01-05,20.6299991607666,21.34000015258789,20.5,21.100000381469727,1586400,14.623268127441406
2024-01-08,20.84000015258789,20.989999771118164,20.450000762939453,20.950000762939453,2600100,14.51931095123291
2024-01-09,21.09000015258789,21.149999618530273,20.6299991607666,20.68000030517578,2501000,14.332185745239258
2024-01-10,20.790000915527344,20.799999237060547,20.25,20.25,2798800,14.034177780151367
2024-01-11,20.360000610351562,20.579999923706055,20.079999923706055,20.299999237060547,3535200,14.068828582763672
2024-01-12,20.6200008392334,21.290000915527344,20.6200008392334,21.0,2593000,14.553962707519531
2024-01-15,20.799999237060547,21.489999771118164,20.6299991607666,21.239999771118164,1103700,14.720293998718262
2024-01-16,21.239999771118164,21.309999465942383,20.610000610351562,20.75,1828300,14.380698204040527
2024-01-17,20.5,20.850000381469727,20.299999237060547,20.59000015258789,1674000,14.26981258392334
2024-01-18,22.850000381469727,24.229999542236328,22.479999542236328,23.0,11773400,15.940053939819336
2024-01-19,22.739999771118164,23.68000030517578,22.530000686645508,23.479999542236328,5316800,16.272714614868164
2024-01-22,23.479999542236328,24.020000457763672,22.8700008392334,23.5,3576800,16.286575317382812
2024-01-23,23.530000686645508,23.700000762939453,22.969999313354492,23.399999618530273,2854400,16.217267990112305
2024-01-24,23.440000534057617,24.3700008392334,23.440000534057617,23.579999923706055,3178000,16.342018127441406
2024-01-25,23.700000762939453,23.979999542236328,23.229999542236328,23.65999984741211,2347400,16.397464752197266
2024-01-26,23.649999618530273,23.989999771118164,23.360000610351562,23.829999923706055,2475700,16.51527976989746
2024-01-29,23.899999618530273,23.969999313354492,23.110000610351562,23.290000915527344,1534800,16.141035079956055
2024-01-30,23.270000457763672,23.329999923706055,22.719999313354492,22.8700008392334,1394900,15.849955558776855
2024-01-31,22.920000076293945,23.420000076293945,22.81999969482422,23.049999237060547,2281700,15.974703788757324
2024-02-01,23.6200008392334,23.6200008392334,22.719999313354492,23.059999465942383,2020400,15.981637001037598
2024-02-02,23.579999923706055,23.579999923706055,21.959999084472656,21.959999084472656,3344500,15.219286918640137
2024-02-05,21.940000534057617,22.31999969482422,21.790000915527344,21.93000030517578,1647500,15.198494911193848
2024-02-06,22.0,23.040000915527344,21.979999542236328,22.760000228881836,2197100,15.773722648620605
2024-02-07,22.700000762939453,23.170000076293945,22.510000228881836,22.760000228881836,2194700,15.773722648620605
2024-02-08,22.729999542236328,22.84000015258789,21.81999969482422,22.6200008392334,2297500,15.676697731018066
2024-02-09,22.520000457763672,22.760000228881836,21.8700008392334,21.979999542236328,1829100,15.233145713806152
2024-02-14,21.979999542236328,22.059999465942383,21.600000381469727,21.709999084472656,1255000,15.046021461486816
2024-02-15,21.709999084472656,22.739999771118164,21.68000030517578,22.540000915527344,1712700,15.62125301361084
2024-02-16,22.540000915527344,23.6299991607666,22.540000915527344,23.350000381469727,2278300,16.182619094848633
2024-02-19,23.350000381469727,23.520000457763672,22.979999542236328,23.040000915527344,1566200,15.9677734375
2024-02-20,22.860000610351562,23.829999923706055,22.670000076293945,23.610000610351562,2257600,16.362810134887695
2024-02-21,24.239999771118164,24.40999984741211,23.719999313354492,23.829999923706055,2177900,16.51527976989746
2024-02-22,23.889999389648438,24.389999389648438,23.889999389648438,24.139999389648438,2597000,16.73012351989746
2024-02-23,24.149999618530273,24.329999923706055,23.34000015258789,23.40999984741211,2558000,16.224205017089844
2024-02-26,23.280000686645508,23.540000915527344,22.950000762939453,23.40999984741211,2917900,16.224205017089844
2024-02-27,23.549999237060547,23.809999465942383,23.290000915527344,23.440000534057617,1994200,16.244993209838867
2024-02-28,23.25,23.299999237060547,22.760000228881836,23.149999618530273,2059500,16.044008255004883
2024-02-29,23.139999389648438,23.190000534057617,22.799999237060547,23.0,997900,15.940053939819336
2024-03-01,23.09000015258789,23.780000686645508,23.059999465942383,23.389999389648438,1562100,16.21034049987793
2024-03-04,23.3799991607666,23.469999313354492,22.8700008392334,22.920000076293945,1288000,15.88460922241211
2024-03-05,22.90999984741211,23.34000015258789,22.90999984741211,23.020000457763672,1371800,15.953914642333984
2024-03-06,22.40999984741211,22.540000915527344,21.40999984741211,21.43000030517578,7559500,14.851969718933105
2024-03-07,21.350000381469727,21.59000015258789,20.690000534057617,20.719999313354492,4603600,14.359908103942871
2024-03-08,20.760000228881836,21.719999313354492,20.690000534057617,21.3700008392334,5248500,14.81038761138916
2024-03-11,21.239999771118164,22.219999313354492,21.239999771118164,21.690000534057617,3519100,15.032160758972168
2024-03-12,21.90999984741211,22.260000228881836,21.760000228881836,22.200000762939453,2451600,15.38561725616455
2024-03-13,22.270000457763672,23.040000915527344,22.239999771118164,22.5,2815000,15.59352970123291
2024-03-14,22.579999923706055,22.739999771118164,21.31999969482422,21.940000534057617,7621900,15.205425262451172
2024-03-15,21.860000610351562,22.850000381469727,21.860000610351562,22.850000381469727,5271400,15.836094856262207
2024-03-18,22.940000534057617,23.43000030517578,22.420000076293945,23.43000030517578,4081600,16.238061904907227
2024-03-19,23.270000457763672,23.639999389648438,23.170000076293945,23.399999618530273,1795400,16.217267990112305
2024-03-20,23.270000457763672,23.399999618530273,22.450000762939453,23.1299991607666,1660300,16.030149459838867
2024-03-21,23.030000686645508,23.149999618530273,22.600000381469727,22.700000762939453,968700,15.732139587402344
2024-03-22,22.559999465942383,22.670000076293945,22.1200008392334,22.329999923706055,2123000,15.47571086883545
2024-03-25,22.450000762939453,23.190000534057617,22.239999771118164,22.969999313354492,2449000,15.91926097869873
2024-03-26,23.040000915527344,23.1200008392334,22.459999084472656,22.579999923706055,1674400,15.64897346496582
2024-03-27,22.639999389648438,23.15999984741211,22.389999389648438,23.040000915527344,4408200,15.9677734375
2024-03-28,23.18000030517578,23.6200008392334,22.889999389648438,23.549999237060547,3926800,16.32122802734375
2024-04-01,23.700000762939453,23.770000457763672,23.100000381469727,23.15999984741211,3534600,16.050939559936523
2024-04-02,21.950000762939453,21.950000762939453,21.0,21.06999969482422,10879400,14.6024751663208
2024-04-03,21.25,22.31999969482422,21.25,22.040000915527344,5909000,15.274728775024414
2024-04-04,22.110000610351562,22.690000534057617,21.889999389648438,21.989999771118164,3534700,15.240077018737793
2024-04-05,22.010000228881836,22.219999313354492,21.020000457763672,21.049999237060547,3862500,14.588611602783203
2024-04-08,21.100000381469727,21.399999618530273,20.690000534057617,21.170000076293945,4477900,14.67177963256836
2024-04-09,21.360000610351562,21.799999237060547,21.0,21.799999237060547,3023400,15.108397483825684
2024-04-10,21.799999237060547,22.299999237060547,21.350000381469727,22.170000076293945,4931300,15.364826202392578
2024-04-11,21.979999542236328,22.25,21.899999618530273,21.989999771118164,1960600,15.240077018737793
2024-04-12,21.989999771118164,22.75,21.489999771118164,21.520000457763672,3911100,14.914346694946289
2024-04-15,21.6299991607666,21.639999389648438,20.729999542236328,21.100000381469727,4577800,14.623268127441406
2024-04-16,20.959999084472656,21.1299991607666,20.600000381469727,20.709999084472656,3262900,14.352975845336914
2024-04-17,20.709999084472656,20.93000030517578,20.1200008392334,20.389999389648438,6314300,14.131203651428223
2024-04-18,20.389999389648438,20.600000381469727,20.1200008392334,20.260000228881836,1772400,14.041107177734375
2024-04-19,20.290000915527344,21.149999618530273,20.219999313354492,21.149999618530273,4788500,14.657916069030762
2024-04-22,20.950000762939453,20.959999084472656,20.3799991607666,20.549999237060547,4317600,14.242090225219727
2024-04-23,20.350000381469727,21.09000015258789,20.25,21.09000015258789,2897800,14.616336822509766
2024-04-24,21.200000762939453,22.1200008392334,21.09000015258789,22.09000015258789,6536400,15.309381484985352
2024-04-25,21.5,22.06999969482422,21.040000915527344,22.06999969482422,3979600,15.336678504943848
2024-04-26,22.049999237060547,22.700000762939453,21.940000534057617,22.600000381469727,2994700,15.704983711242676
2024-04-29,22.489999771118164,22.489999771118164,21.75,22.389999389648438,2399500,15.559048652648926
2024-04-30,22.270000457763672,22.389999389648438,21.469999313354492,21.790000915527344,2815000,15.142106056213379
2024-05-02,22.010000228881836,22.149999618530273,21.520000457763672,21.799999237060547,3051900,15.149051666259766
2024-05-03,21.920000076293945,22.079999923706055,21.43000030517578,21.549999237060547,2709900,14.975325584411621
2024-05-06,21.600000381469727,21.989999771118164,21.43000030517578,21.520000457763672,2596500,14.954479217529297
2024-05-07,21.540000915527344,21.8700008392334,21.3700008392334,21.479999542236328,1290400,14.926680564880371
2024-05-08,21.31999969482422,21.790000915527344,21.079999923706055,21.479999542236328,2277000,14.926680564880371
2024-05-09,21.350000381469727,21.6200008392334,21.1299991607666,21.350000381469727,2173500,14.836345672607422
2024-05-10,21.170000076293945,21.81999969482422,21.170000076293945,21.309999465942383,2042700,14.80854606628418
2024-05-13,21.350000381469727,21.829999923706055,21.350000381469727,21.399999618530273,1196100,14.87109088897705
2024-05-14,21.5,21.5,21.059999465942383,21.239999771118164,1755400,14.759902000427246
2024-05-15,21.170000076293945,21.790000915527344,21.110000610351562,21.469999313354492,2289000,14.919733047485352
2024-05-16,21.520000457763672,21.649999618530273,20.770000457763672,20.889999389648438,1759500,14.516685485839844
2024-05-17,20.889999389648438,21.049999237060547,20.610000610351562,20.93000030517578,1164400,14.544482231140137
2024-05-20,20.81999969482422,21.260000228881836,20.649999618530273,21.200000762939453,1386400,14.732105255126953
2024-05-21,21.149999618530273,21.479999542236328,20.920000076293945,20.979999542236328,2246400,14.579225540161133
2024-05-22,20.84000015258789,20.850000381469727,19.969999313354492,20.049999237060547,3605400,13.932960510253906
2024-05-23,20.15999984741211,20.229999542236328,19.670000076293945,19.8700008392334,1496500,13.807875633239746
2024-05-24,19.959999084472656,19.989999771118164,19.520000457763672,19.670000076293945,1262100,13.668892860412598
2024-05-27,19.75,20.06999969482422,19.59000015258789,19.979999542236328,829400,13.88431453704834
2024-05-28,20.209999084472656,20.59000015258789,19.93000030517578,20.06999969482422,1073600,13.946858406066895
2024-05-29,20.1200008392334,20.1200008392334,19.670000076293945,19.90999984741211,1206500,13.835672378540039
2024-05-31,20.399999618530273,20.920000076293945,20.309999465942383,20.739999771118164,5972100,14.412446975708008
2024-06-03,21.100000381469727,21.270000457763672,20.899999618530273,21.010000228881836,4208000,14.60007381439209
2024-06-04,21.010000228881836,21.149999618530273,20.670000076293945,21.06999969482422,2331300,14.641768455505371
2024-06-05,21.209999084472656,21.440000534057617,20.360000610351562,20.360000610351562,5193400,14.148382186889648
2024-06-06,19.059999465942383,19.280000686645508,18.799999237060547,19.239999771118164,2469000,14.356436729431152
2024-06-07,19.09000015258789,19.3799991607666,19.049999237060547,19.059999465942383,1747000,14.222125053405762
2024-06-10,19.100000381469727,19.31999969482422,18.719999313354492,18.719999313354492,2083600,13.968424797058105
2024-06-11,18.719999313354492,19.049999237060547,18.65999984741211,19.030000686645508,2885500,14.199740409851074
2024-06-12,19.200000762939453,19.40999984741211,18.40999984741211,18.610000610351562,4851500,13.886344909667969
2024-06-13,18.610000610351562,18.850000381469727,18.350000381469727,18.350000381469727,1759600,13.692338943481445
2024-06-14,18.360000610351562,18.440000534057617,18.0,18.06999969482422,1674200,13.48340892791748
2024-06-17,18.049999237060547,18.399999618530273,17.75,18.100000381469727,2205300,13.505796432495117
2024-06-18,18.049999237060547,18.25,17.489999771118164,17.600000381469727,2951700,13.132705688476562
2024-06-19,17.600000381469727,17.93000030517578,17.56999969482422,17.93000030517578,1341300,13.378945350646973
2024-06-20,18.18000030517578,19.0,18.06999969482422,18.799999237060547,4517800,14.028118133544922
2024-06-21,18.729999542236328,18.940000534057617,18.25,18.25,1413600,13.617720603942871
2024-06-24,18.290000915527344,18.809999465942383,18.270000457763672,18.59000015258789,1082300,13.871421813964844
2024-06-25,18.549999237060547,18.68000030517578,18.40999984741211,18.489999771118164,684100,13.79680347442627
2024-06-26,18.559999465942383,18.649999618530273,18.309999465942383,18.540000915527344,1162500,13.834114074707031
2024-06-27,18.6200008392334,18.780000686645508,18.31999969482422,18.709999084472656,1739500,13.96096134185791
2024-06-28,18.780000686645508,18.81999969482422,18.5,18.540000915527344,1286500,13.834114074707031
2024-07-01,18.719999313354492,19.549999237060547,18.440000534057617,19.309999465942383,4605200,14.408668518066406
2024-07-02,19.360000610351562,20.5,19.360000610351562,20.3700008392334,4838200,15.199616432189941
2024-07-03,20.3700008392334,20.799999237060547,20.209999084472656,20.350000381469727,2110900,15.1846923828125
2024-07-04,20.350000381469727,20.649999618530273,20.18000030517578,20.209999084472656,913600,15.08022689819336
2024-07-05,20.1299991607666,20.84000015258789,20.1299991607666,20.84000015258789,1731300,15.550317764282227
2024-07-08,21.100000381469727,21.5,20.56999969482422,20.700000762939453,2551400,15.445854187011719
2024-07-09,20.510000228881836,20.690000534057617,20.299999237060547,20.65999984741211,1128600,15.416006088256836
2024-07-10,20.75,20.780000686645508,20.459999084472656,20.59000015258789,927600,15.363774299621582
2024-07-11,20.65999984741211,21.030000686645508,20.579999923706055,20.920000076293945,1385800,15.61001205444336
2024-07-12,20.969999313354492,21.100000381469727,20.75,21.0,980600,15.669706344604492
2024-07-15,21.0,21.440000534057617,20.969999313354492,21.110000610351562,1395500,15.751785278320312
2024-07-16,21.0,21.299999237060547,20.950000762939453,21.06999969482422,1800800,15.721939086914062
2024-07-17,21.139999389648438,21.450000762939453,21.040000915527344,21.270000457763672,1308600,15.871174812316895
2024-07-18,21.209999084472656,21.270000457763672,20.65999984741211,20.84000015258789,2112000,15.550317764282227
2024-07-19,20.829999923706055,21.1299991607666,20.790000915527344,21.0,2109700,15.669706344604492
2024-07-22,20.940000534057617,21.1299991607666,20.549999237060547,20.950000762939453,2123500,15.63239860534668
2024-07-23,20.979999542236328,21.350000381469727,20.450000762939453,20.469999313354492,3894300,15.2742338180542
2024-07-24,20.649999618530273,21.309999465942383,20.559999465942383,21.239999771118164,2045000,15.84878921508789
2024-07-25,20.950000762939453,21.170000076293945,20.600000381469727,20.639999389648438,1290500,15.401082992553711
2024-07-26,20.6299991607666,21.040000915527344,20.5,21.040000915527344,1789100,15.699555397033691
2024-07-29,21.040000915527344,21.1299991607666,20.3700008392334,20.5,1376900,15.296618461608887
2024-07-30,20.5,20.700000762939453,20.440000534057617,20.56999969482422,995000,15.34885025024414
2024-07-31,20.799999237060547,20.850000381469727,20.579999923706055,20.65999984741211,1745300,15.416006088256836
2024-08-01,20.989999771118164,21.34000015258789,20.170000076293945,20.299999237060547,4030500,15.147381782531738
2024-08-02,20.299999237060547,20.600000381469727,19.790000915527344,19.8700008392334,2862700,14.82652759552002
2024-08-05,19.31999969482422,19.670000076293945,18.979999542236328,19.559999465942383,1973700,14.595212936401367
2024-08-06,19.649999618530273,20.020000457763672,19.600000381469727,19.850000381469727,1781100,14.811603546142578
2024-08-07,20.280000686645508,20.280000686645508,19.739999771118164,19.889999389648438,1022700,14.841450691223145
2024-08-08,19.959999084472656,20.670000076293945,19.920000076293945,20.56999969482422,1092000,15.34885025024414
2024-08-09,20.93000030517578,21.670000076293945,20.780000686645508,21.309999465942383,3151000,15.901020050048828
2024-08-12,21.549999237060547,21.8799991607666,21.450000762939453,21.739999771118164,1926900,16.22187614440918
2024-08-13,21.84000015258789,21.950000762939453,21.610000610351562,21.860000610351562,1305100,16.311418533325195
2024-08-14,21.809999465942383,22.190000534057617,21.760000228881836,21.799999237060547,2020700,16.266645431518555
2024-08-15,21.940000534057617,22.290000915527344,21.700000762939453,22.100000381469727,1494300,16.490501403808594
2024-08-16,21.809999465942383,22.059999465942383,21.389999389648438,21.6299991607666,1532900,16.139799118041992
2024-08-19,21.700000762939453,21.959999084472656,21.530000686645508,21.850000381469727,1444100,16.303956985473633
2024-08-20,21.8700008392334,21.93000030517578,21.450000762939453,21.719999313354492,1293900,16.206953048706055
2024-08-21,21.579999923706055,21.969999313354492,21.540000915527344,21.610000610351562,1078800,16.124874114990234
2024-08-22,21.760000228881836,21.770000457763672,21.030000686645508,21.059999465942383,1121400,15.714475631713867
2024-08-23,21.190000534057617,21.770000457763672,21.040000915527344,21.510000228881836,1336700,16.050256729125977
2024-08-26,21.809999465942383,21.93000030517578,21.530000686645508,21.6299991607666,935200,16.139799118041992
2024-08-27,21.5,21.610000610351562,21.040000915527344,21.040000915527344,1203400,15.699555397033691
2024-08-28,21.0,21.030000686645508,20.549999237060547,20.780000686645508,2563500,15.505547523498535
2024-08-29,20.780000686645508,20.940000534057617,20.3799991607666,20.540000915527344,2351900,15.32646656036377
2024-08-30,20.510000228881836,20.510000228881836,20.020000457763672,20.399999618530273,3234900,15.222001075744629
2024-09-02,20.399999618530273,20.670000076293945,20.200000762939453,20.450000762939453,1325300,15.259310722351074
2024-09-03,20.200000762939453,20.489999771118164,19.969999313354492,20.020000457763672,2174500,14.938453674316406
2024-09-04,20.059999465942383,20.34000015258789,20.010000228881836,20.110000610351562,2121600,15.00561237335205
2024-09-05,20.049999237060547,20.25,19.979999542236328,20.1200008392334,1482400,15.01307201385498
2024-09-06,20.059999465942383,20.18000030517578,19.280000686645508,19.280000686645508,3007500,14.386282920837402
2024-09-09,19.329999923706055,19.350000381469727,18.90999984741211,19.049999237060547,3013900,14.214661598205566
2024-09-10,19.010000228881836,19.010000228881836,18.520000457763672,18.93000030517578,3368200,14.125121116638184
2024-09-11,18.989999771118164,19.229999542236328,18.75,18.829999923706055,2152500,14.050503730773926
2024-09-12,18.93000030517578,18.959999084472656,18.579999923706055,18.610000610351562,1514600,13.886344909667969
2024-09-13,18.729999542236328,19.1200008392334,18.719999313354492,19.040000915527344,2263100,14.207202911376953
2024-09-16,19.15999984741211,19.309999465942383,18.6200008392334,18.729999542236328,1602000,13.975885391235352
2024-09-17,18.729999542236328,18.8799991607666,18.459999084472656,18.84000015258789,1380500,14.057966232299805
2024-09-18,18.780000686645508,19.149999618530273,18.690000534057617,18.770000457763672,1718000,14.005733489990234
2024-09-19,19.020000457763672,19.030000686645508,18.5,18.520000457763672,1730800,13.81919002532959
2024-09-20,18.510000228881836,18.56999969482422,18.25,18.34000015258789,2819600,13.6848783493042
2024-09-23,18.389999389648438,18.549999237060547,18.25,18.350000381469727,1663400,13.692338943481445
2024-09-24,18.719999313354492,18.920000076293945,18.459999084472656,18.549999237060547,1474800,13.841573715209961
2024-09-25,18.559999465942383,18.75,18.139999389648438,18.139999389648438,1308800,13.53564167022705
2024-09-26,17.850000381469727,18.139999389648438,17.719999313354492,17.809999465942383,2879800,13.289402961730957
2024-09-27,17.719999313354492,18.079999923706055,17.639999389648438,17.850000381469727,1924900,13.31925106048584
2024-09-30,17.950000762939453,18.020000457763672,17.579999923706055,17.719999313354492,1534000,13.222246170043945
2024-10-01,17.5,18.139999389648438,17.5,17.709999084472656,3408300,13.2147855758667
2024-10-02,18.149999618530273,18.479999542236328,17.90999984741211,18.049999237060547,2544600,13.468486785888672
2024-10-03,18.010000228881836,18.5,17.93000030517578,18.3799991607666,1897700,13.714723587036133
2024-10-04,18.5,18.549999237060547,18.200000762939453,18.3700008392334,1452200,13.707262992858887
2024-10-07,18.520000457763672,18.739999771118164,18.219999313354492,18.549999237060547,1830800,13.841573715209961
2024-10-08,18.139999389648438,18.25,18.110000610351562,18.170000076293945,1898700,13.558027267456055
2024-10-09,18.040000915527344,18.079999923706055,17.6299991607666,17.670000076293945,2125700,13.18493938446045
2024-10-10,17.770000457763672,18.360000610351562,17.770000457763672,18.100000381469727,3075000,13.505796432495117
2024-10-11,18.100000381469727,18.190000534057617,17.8700008392334,18.190000534057617,1119000,13.572951316833496
2024-10-14,17.979999542236328,18.18000030517578,17.829999923706055,17.899999618530273,1413600,13.356558799743652
2024-10-15,17.59000015258789,17.739999771118164,17.459999084472656,17.530000686645508,2073000,13.080475807189941
2024-10-16,17.639999389648438,17.8700008392334,17.420000076293945,17.649999618530273,3689800,13.170015335083008
2024-10-17,17.559999465942383,17.56999969482422,17.270000457763672,17.5,1274900,13.058088302612305
2024-10-18,17.549999237060547,17.68000030517578,17.079999923706055,17.100000381469727,2073500,12.75961971282959
2024-10-21,17.299999237060547,17.34000015258789,17.079999923706055,17.200000762939453,2000000,12.834237098693848
2024-10-22,17.15999984741211,17.190000534057617,16.8700008392334,17.0,2295000,12.6850004196167
2024-10-23,16.850000381469727,16.989999771118164,16.780000686645508,16.889999389648438,1782200,12.602920532226562
2024-10-24,16.920000076293945,17.170000076293945,16.790000915527344,17.06999969482422,1430200,12.73723316192627
2024-10-25,17.049999237060547,17.229999542236328,16.8799991607666,16.959999084472656,1358800,12.65515422821045
2024-10-28,16.709999084472656,16.940000534057617,16.649999618530273,16.850000381469727,1236000,12.573074340820312
2024-10-29,16.8700008392334,17.010000228881836,16.68000030517578,16.690000534057617,1115300,12.453686714172363
2024-10-30,16.760000228881836,17.270000457763672,16.760000228881836,16.989999771118164,1078100,12.677539825439453
2024-10-31,16.8700008392334,17.110000610351562,16.8700008392334,16.979999542236328,1692600,12.670077323913574
2024-11-01,17.049999237060547,17.15999984741211,16.5,16.5,1929600,12.311911582946777
2024-11-04,16.799999237060547,17.299999237060547,16.6200008392334,17.209999084472656,1988200,12.841697692871094
2024-11-05,17.18000030517578,17.329999923706055,17.010000228881836,17.219999313354492,997700,12.849159240722656
2024-11-06,16.700000762939453,17.43000030517578,16.549999237060547,17.280000686645508,2178900,12.893930435180664
2024-11-07,17.309999465942383,17.540000915527344,17.06999969482422,17.18000030517578,1150500,12.819313049316406
2024-11-08,18.260000228881836,18.43000030517578,17.600000381469727,17.6299991607666,7752600,13.155091285705566
2024-11-11,17.799999237060547,18.489999771118164,17.799999237060547,18.459999084472656,4882200,13.774418830871582
2024-11-12,18.690000534057617,18.690000534057617,18.059999465942383,18.200000762939453,4160500,13.580413818359375
2024-11-13,16.729999542236328,16.959999084472656,16.479999542236328,16.760000228881836,3277500,13.462398529052734
2024-11-14,16.709999084472656,17.030000686645508,16.600000381469727,16.65999984741211,1850200,13.382073402404785
2024-11-18,16.739999771118164,16.959999084472656,16.489999771118164,16.75,3078200,13.454365730285645
2024-11-19,16.739999771118164,17.040000915527344,16.700000762939453,16.899999618530273,2313200,13.574851989746094
2024-11-21,16.850000381469727,16.950000762939453,16.5,16.610000610351562,2096100,13.341912269592285
2024-11-22,16.68000030517578,16.90999984741211,16.549999237060547,16.90999984741211,2474100,13.582884788513184
2024-11-25,16.90999984741211,17.010000228881836,16.809999465942383,16.93000030517578,1410400,13.598950386047363
2024-11-26,17.040000915527344,17.399999618530273,16.84000015258789,17.209999084472656,2149500,13.823857307434082
2024-11-27,17.200000762939453,17.34000015258789,16.639999389648438,16.65999984741211,2076400,13.382073402404785
2024-11-28,16.700000762939453,16.780000686645508,16.149999618530273,16.200000762939453,1502900,13.012581825256348
2024-11-29,16.239999771118164,16.540000915527344,15.949999809265137,16.540000915527344,2240300,13.285685539245605
2024-12-02,16.510000228881836,16.65999984741211,16.31999969482422,16.40999984741211,1474600,13.181262969970703
2024-12-03,16.520000457763672,16.690000534057617,16.329999923706055,16.610000610351562,1530500,13.341912269592285
2024-12-04,16.670000076293945,16.850000381469727,16.139999389648438,16.170000076293945,2904600,12.988483428955078
2024-12-05,16.329999923706055,16.549999237060547,16.15999984741211,16.219999313354492,2467200,13.028644561767578
2024-12-06,16.209999084472656,16.25,15.680000305175781,15.880000114440918,2881000,12.755542755126953
2024-12-09,15.850000381469727,16.030000686645508,15.59000015258789,15.630000114440918,2639700,12.554731369018555
2024-12-10,15.649999618530273,16.06999969482422,15.619999885559082,15.8100004196167,2968400,12.699315071105957
2024-12-11,15.949999809265137,16.639999389648438,15.859999656677246,16.489999771118164,2706300,13.245522499084473
2024-12-12,16.360000610351562,16.40999984741211,15.899999618530273,15.989999771118164,1900000,12.84389877319336
2024-12-13,16.0,16.110000610351562,15.90999984741211,16.059999465942383,2010200,12.900126457214355
2024-12-16,15.9399995803833,16.25,15.859999656677246,15.859999656677246,2011800,12.739476203918457
2024-12-17,15.920000076293945,16.450000762939453,15.84000015258789,16.40999984741211,2506300,13.181262969970703
2024-12-18,16.389999389648438,16.450000762939453,15.550000190734863,15.550000190734863,3787300,12.490471839904785
2024-12-19,15.739999771118164,16.190000534057617,15.630000114440918,15.699999809265137,6104600,12.610958099365234
2024-12-20,15.619999885559082,15.989999771118164,15.619999885559082,15.869999885559082,3201000,12.747509956359863
2024-12-23,15.760000228881836,15.819999694824219,15.1899995803833,15.270000457763672,2692600,12.265563011169434
2024-12-26,15.300000190734863,15.539999961853027,15.170000076293945,15.34000015258789,1544000,12.321789741516113
2024-12-27,15.470000267028809,15.789999961853027,15.350000381469727,15.779999732971191,2341500,12.67521858215332
2024-12-30,15.779999732971191,16.239999771118164,15.779999732971191,16.209999084472656,2391800,13.020612716674805
2025-01-02,16.209999084472656,16.549999237060547,16.1200008392334,16.5,1976600,13.253554344177246
2025-01-03,16.450000762939453,16.5,16.200000762939453,16.43000030517578,2437200,13.197327613830566
2025-01-06,16.610000610351562,16.690000534057617,16.030000686645508,16.100000381469727,2419400,12.932256698608398
2025-01-07,16.360000610351562,16.540000915527344,16.059999465942383,16.360000610351562,1601900,13.141100883483887
2025-01-08,16.350000381469727,16.389999389648438,16.049999237060547,16.200000762939453,1565300,13.012581825256348
2025-01-09,16.200000762939453,16.40999984741211,16.049999237060547,16.399999618530273,1684600,13.173230171203613
2025-01-10,16.68000030517578,16.760000228881836,16.270000457763672,16.360000610351562,2108600,13.141100883483887
2025-01-13,16.399999618530273,16.799999237060547,16.399999618530273,16.469999313354492,3114600,13.229456901550293
2025-01-14,16.469999313354492,16.6299991607666,16.3799991607666,16.559999465942383,1203600,13.301749229431152
2025-01-15,16.719999313354492,17.100000381469727,16.600000381469727,17.100000381469727,2259800,13.735503196716309
2025-01-16,16.989999771118164,17.010000228881836,16.510000228881836,16.600000381469727,1262100,13.333879470825195
2025-01-17,16.700000762939453,16.739999771118164,16.420000076293945,16.690000534057617,1459700,13.406170845031738
2025-01-20,16.530000686645508,16.739999771118164,16.450000762939453,16.510000228881836,1128000,13.261587142944336
2025-01-21,16.450000762939453,16.709999084472656,16.3799991607666,16.700000762939453,1621500,13.414203643798828
2025-01-22,16.760000228881836,16.889999389648438,16.639999389648438,16.649999618530273,1641200,13.374041557312012
2025-01-23,16.790000915527344,16.790000915527344,15.760000228881836,15.8100004196167,2653500,12.699315071105957
2025-01-24,15.819999694824219,15.989999771118164,15.649999618530273,15.680000305175781,1644100,12.594893455505371
2025-01-27,15.65999984741211,16.15999984741211,15.550000190734863,16.15999984741211,1393700,12.980450630187988
2025-01-28,16.200000762939453,16.200000762939453,15.800000190734863,15.8100004196167,1437200,12.699315071105957
2025-01-29,15.850000381469727,15.970000267028809,15.550000190734863,15.550000190734863,1180900,12.490471839904785
2025-01-30,15.640000343322754,16.0,15.630000114440918,15.989999771118164,1708200,12.84389877319336
2025-01-31,15.9399995803833,16.149999618530273,15.869999885559082,15.869999885559082,1749600,12.747509956359863
2025-02-03,15.829999923706055,16.139999389648438,15.8100004196167,15.90999984741211,1989800,12.77963924407959
2025-02-04,15.869999885559082,15.970000267028809,15.59000015258789,15.84000015258789,1472300,12.72341251373291
2025-02-05,15.819999694824219,16.049999237060547,15.630000114440918,15.670000076293945,1649100,12.586860656738281
2025-02-06,15.670000076293945,15.84000015258789,15.59000015258789,15.720000267028809,1838700,12.627023696899414
2025-02-07,15.720000267028809,15.789999961853027,15.380000114440918,15.380000114440918,2591200,12.35391902923584
2025-02-10,15.600000381469727,15.970000267028809,15.5,15.819999694824219,3544300,12.70734691619873
2025-02-11,15.880000114440918,16.06999969482422,15.850000381469727,16.06999969482422,1741400,12.908158302307129
2025-02-12,15.899999618530273,15.930000305175781,15.5600004196167,15.600000381469727,1985700,12.530633926391602
2025-02-13,15.550000190734863,15.600000381469727,15.329999923706055,15.600000381469727,1824800,12.530633926391602
2025-02-14,15.710000038146973,15.760000228881836,15.460000038146973,15.579999923706055,3610400,12.514568328857422
2025-02-17,15.529999732971191,16.18000030517578,15.529999732971191,15.920000076293945,2719700,12.78767204284668
2025-02-18,15.920000076293945,16.100000381469727,15.84000015258789,15.970000267028809,1272400,12.827835083007812
2025-02-19,15.890000343322754,16.09000015258789,15.779999732971191,15.779999732971191,1777600,12.67521858215332
2025-02-20,15.829999923706055,17.0,15.829999923706055,16.950000762939453,6146000,13.615015983581543
2025-02-21,16.950000762939453,17.139999389648438,16.110000610351562,16.139999389648438,3090300,12.964385986328125
2025-02-24,16.149999618530273,16.200000762939453,15.789999961853027,15.789999961853027,1934000,12.683250427246094
2025-02-25,15.789999961853027,15.960000038146973,15.609999656677246,15.670000076293945,1523400,12.586860656738281
2025-02-26,15.670000076293945,15.880000114440918,15.449999809265137,15.470000267028809,1922000,12.4262113571167
2025-02-27,15.649999618530273,16.549999237060547,15.539999961853027,16.350000381469727,3714800,13.133069038391113
2025-02-28,16.18000030517578,16.450000762939453,15.890000343322754,15.890000343322754,2557800,12.76357364654541
2025-03-05,15.670000076293945,15.829999923706055,15.319999694824219,15.390000343322754,2928100,12.361952781677246
2025-03-06,15.460000038146973,15.84000015258789,15.34000015258789,15.4399995803833,3595200,12.402113914489746
2025-03-07,15.479999542236328,15.979999542236328,15.399999618530273,15.84000015258789,2373700,12.72341251373291
2025-03-10,15.8100004196167,15.989999771118164,15.569999694824219,15.739999771118164,2404500,12.643088340759277
2025-03-11,15.760000228881836,15.890000343322754,15.470000267028809,15.770000457763672,2578100,12.66718578338623
2025-03-12,15.720000267028809,15.859999656677246,15.470000267028809,15.569999694824219,2159200,12.506536483764648
2025-03-13,15.5,15.75,15.420000076293945,15.5600004196167,2250700,12.498503684997559
2025-03-14,15.600000381469727,16.350000381469727,15.600000381469727,16.350000381469727,1612600,13.133069038391113
2025-03-17,16.299999237060547,16.600000381469727,16.290000915527344,16.43000030517578,1790000,13.197327613830566
2025-03-18,16.40999984741211,16.670000076293945,16.40999984741211,16.670000076293945,1702800,13.390106201171875
2025-03-19,16.700000762939453,16.700000762939453,16.3799991607666,16.440000534057617,1786500,13.205361366271973
2025-03-20,16.229999542236328,16.399999618530273,15.789999961853027,16.030000686645508,4373900,12.876029014587402
2025-03-21,16.020000457763672,16.639999389648438,16.010000228881836,16.34000015258789,6295200,13.125035285949707
2025-03-24,16.3799991607666,16.690000534057617,16.239999771118164,16.559999465942383,1788900,13.301749229431152
2025-03-25,16.559999465942383,16.690000534057617,16.329999923706055,16.40999984741211,2045800,13.181262969970703
2025-03-26,16.43000030517578,16.959999084472656,16.389999389648438,16.8700008392334,1980500,13.550755500793457
2025-03-27,16.8700008392334,16.940000534057617,16.65999984741211,16.719999313354492,1966700,13.430267333984375
2025-03-28,16.559999465942383,16.8700008392334,16.549999237060547,16.760000228881836,962800,13.462398529052734
2025-03-31,16.6200008392334,16.860000610351562,16.450000762939453,16.489999771118164,2471800,13.245522499084473
2025-04-01,16.329999923706055,16.639999389648438,16.1200008392334,16.280000686645508,5435200,13.0768404006958
2025-04-02,16.200000762939453,16.81999969482422,15.899999618530273,16.6200008392334,3144700,13.349946022033691
2025-04-03,15.899999618530273,15.960000038146973,15.470000267028809,15.699999809265137,4543900,12.610958099365234
2025-04-04,15.010000228881836,15.220000267028809,14.350000381469727,14.350000381469727,5682300,11.52657699584961
2025-04-07,14.039999961853027,14.470000267028809,13.920000076293945,14.029999732971191,4783700,11.269537925720215
2025-04-08,14.0600004196167,14.420000076293945,13.5600004196167,13.75,3294400,11.044629096984863
2025-04-09,13.40999984741211,14.390000343322754,13.239999771118164,14.279999732971191,5896400,11.470348358154297
2025-04-10,14.079999923706055,14.3100004196167,13.300000190734863,13.380000114440918,5071200,10.747427940368652
2025-04-11,13.40999984741211,13.640000343322754,13.149999618530273,13.520000457763672,5275600,10.859882354736328
2025-04-14,13.989999771118164,14.09000015258789,13.350000381469727,13.5,3394500,10.843816757202148
2025-04-15,13.470000267028809,13.619999885559082,13.40999984741211,13.529999732971191,2451300,10.867914199829102
2025-04-16,13.65999984741211,14.050000190734863,13.5600004196167,13.84000015258789,5241900,11.116921424865723
2025-04-17,14.199999809265137,14.260000228881836,13.949999809265137,14.039999961853027,2638700,11.277570724487305
2025-04-22,14.039999961853027,14.399999618530273,13.869999885559082,14.229999542236328,3895600,11.43018627166748
2025-04-23,14.520000457763672,14.550000190734863,13.859999656677246,13.859999656677246,3113500,11.132986068725586
2025-04-24,13.960000038146973,14.09000015258789,13.770000457763672,14.0,2110200,11.245440483093262
2025-04-25,13.699999809265137,14.0,13.470000267028809,13.5600004196167,5962400,10.892012596130371
2025-04-28,13.520000457763672,13.619999885559082,13.010000228881836,13.130000114440918,5915400,10.546616554260254
2025-04-29,13.020000457763672,13.380000114440918,13.020000457763672,13.130000114440918,4369800,10.546616554260254
2025-04-30,13.050000190734863,13.15999984741211,12.819999694824219,12.84000015258789,3972300,10.313674926757812
2025-05-02,12.970000267028809,13.3100004196167,12.869999885559082,13.220000267028809,3508100,10.618908882141113
2025-05-05,13.039999961853027,13.399999618530273,12.630000114440918,12.670000076293945,4160300,10.1771240234375
2025-05-06,13.0,13.25,12.899999618530273,13.210000038146973,2767700,10.61087703704834
2025-05-07,13.300000190734863,13.359999656677246,13.029999732971191,13.109999656677246,2322500,10.530550956726074
2025-05-08,13.390000343322754,13.65999984741211,13.260000228881836,13.470000267028809,2298800,10.819720268249512
2025-05-09,14.15999984741211,14.569999694824219,14.119999885559082,14.210000038146973,10926300,11.414121627807617
2025-05-12,14.800000190734863,15.020000457763672,14.579999923706055,14.670000076293945,4396400,11.783615112304688
2025-05-13,14.8100004196167,15.569999694824219,14.8100004196167,15.460000038146973,4928900,12.41817855834961
2025-05-14,15.670000076293945,15.670000076293945,14.989999771118164,15.1899995803833,5282200,12.201301574707031
2025-05-15,15.0,15.3100004196167,14.920000076293945,15.079999923706055,6870800,12.112944602966309
2025-05-16,14.069999694824219,14.319999694824219,14.010000228881836,14.260000228881836,4571200,12.181404113769531
2025-05-19,14.220000267028809,14.260000228881836,14.010000228881836,14.119999885559082,2867400,12.061810493469238
2025-05-20,14.079999923706055,14.199999809265137,13.930000305175781,14.100000381469727,1935100,12.04472541809082
2025-05-21,14.079999923706055,14.4399995803833,14.020000457763672,14.270000457763672,3279700,12.189946174621582
2025-05-22,14.25,14.399999618530273,14.039999961853027,14.3100004196167,3359900,12.224115371704102
2025-05-23,14.229999542236328,14.229999542236328,13.859999656677246,13.970000267028809,2235000,11.933675765991211
2025-05-26,14.09000015258789,14.3100004196167,14.050000190734863,14.180000305175781,997600,12.113064765930176
2025-05-27,14.199999809265137,14.479999542236328,14.199999809265137,14.399999618530273,1748400,12.300995826721191
2025-05-28,14.470000267028809,14.930000305175781,14.420000076293945,14.890000343322754,3129000,12.719572067260742
2025-05-29,14.699999809265137,14.90999984741211,14.619999885559082,14.619999885559082,1874500,12.48892879486084
2025-05-30,14.65999984741211,14.75,14.34000015258789,14.470000267028809,2216800,12.360793113708496
2025-06-02,14.850000381469727,14.930000305175781,14.229999542236328,14.279999732971191,3348400,12.198487281799316
2025-06-03,14.260000228881836,14.869999885559082,14.15999984741211,14.8100004196167,2013500,12.651233673095703
2025-06-04,14.90999984741211,15.020000457763672,14.510000228881836,14.520000457763672,3153300,12.403505325317383
2025-06-05,14.510000228881836,14.739999771118164,14.25,14.420000076293945,1637600,12.31808090209961
2025-06-06,14.600000381469727,14.649999618530273,14.34000015258789,14.5,3362900,12.386420249938965
2025-06-09,14.479999542236328,14.479999542236328,14.079999923706055,14.329999923706055,1740500,12.241199493408203
2025-06-10,14.420000076293945,14.880000114440918,14.319999694824219,14.829999923706055,3894000,12.668318748474121
2025-06-11,14.869999885559082,15.319999694824219,14.710000038146973,15.229999542236328,3792500,13.010011672973633
2025-06-12,14.90999984741211,15.239999771118164,14.800000190734863,15.149999618530273,1895600,12.941673278808594
2025-06-13,15.800000190734863,15.850000381469727,15.359999656677246,15.5600004196167,4505200,13.291910171508789
2025-06-16,15.600000381469727,15.75,15.359999656677246,15.5,2957000,13.240656852722168
2025-06-17,15.649999618530273,16.1299991607666,15.359999656677246,15.6899995803833,4919100,13.402961730957031
2025-06-18,15.6899995803833,15.890000343322754,15.5,15.579999923706055,2934200,13.308995246887207
2025-06-20,15.529999732971191,16.030000686645508,15.520000457763672,15.789999961853027,4710400,13.488384246826172
2025-06-23,15.989999771118164,16.06999969482422,15.399999618530273,15.420000076293945,2844400,13.172317504882812
2025-06-24,15.260000228881836,15.399999618530273,14.649999618530273,14.699999809265137,3435800,12.557268142700195
2025-06-25,14.720000267028809,14.800000190734863,14.239999771118164,14.329999923706055,2062900,12.241199493408203
2025-06-26,14.329999923706055,14.710000038146973,14.329999923706055,14.529999732971191,1730500,12.412047386169434
2025-06-27,14.520000457763672,14.59000015258789,14.260000228881836,14.329999923706055,1570400,12.241199493408203
2025-06-30,14.329999923706055,14.399999618530273,14.210000038146973,14.329999923706055,1541700,12.241199493408203
2025-07-01,14.479999542236328,14.710000038146973,14.229999542236328,14.699999809265137,4169700,12.557268142700195
2025-07-02,14.729999542236328,14.800000190734863,14.550000190734863,14.640000343322754,2265500,12.506013870239258
2025-07-03,14.65999984741211,14.779999732971191,14.510000228881836,14.710000038146973,1990200,12.565810203552246
2025-07-04,14.65999984741211,14.699999809265137,14.5,14.6899995803833,803300,12.548725128173828
2025-07-07,14.800000190734863,14.850000381469727,14.350000381469727,14.479999542236328,1904200,12.369335174560547
2025-07-08,14.430000305175781,14.729999542236328,14.430000305175781,14.729999542236328,2148200,12.582894325256348
2025-07-09,14.65999984741211,14.680000305175781,13.9399995803833,13.9399995803833,5062900,11.908048629760742
2025-07-10,13.649999618530273,14.0,13.510000228881836,13.979999542236328,2690400,11.942217826843262
2025-07-11,14.010000228881836,14.520000457763672,13.949999809265137,14.470000267028809,4717200,12.360793113708496
2025-07-14,14.5,14.5,14.25,14.34000015258789,1838900,12.24974250793457
2025-07-15,14.34000015258789,14.449999809265137,14.029999732971191,14.09000015258789,1691800,12.03618335723877
2025-07-16,14.039999961853027,14.050000190734863,13.649999618530273,13.989999771118164,2970000,11.950760841369629
2025-07-17,13.920000076293945,13.960000038146973,13.770000457763672,13.920000076293945,2132300,11.890963554382324
2025-07-18,13.880000114440918,13.880000114440918,13.649999618530273,13.739999771118164,2230200,11.737200736999512
2025-07-21,13.670000076293945,13.770000457763672,13.489999771118164,13.5600004196167,1320800,11.583438873291016
2025-07-22,13.449999809265137,13.579999923706055,13.229999542236328,13.300000190734863,2495900,11.361336708068848
2025-07-23,13.260000228881836,13.649999618530273,13.260000228881836,13.550000190734863,1461500,11.574895858764648
2025-07-24,13.3100004196167,13.40999984741211,13.180000305175781,13.40999984741211,2779400,11.455303192138672
2025-07-25,13.40999984741211,13.670000076293945,13.350000381469727,13.350000381469727,1716000,11.404048919677734
2025-07-28,13.479999542236328,13.619999885559082,13.270000457763672,13.329999923706055,1876800,11.386963844299316
2025-07-29,13.369999885559082,13.75,13.289999961853027,13.5600004196167,1752800,11.583438873291016
2025-07-30,13.489999771118164,13.899999618530273,13.470000267028809,13.739999771118164,1757500,11.737200736999512
2025-07-31,13.649999618530273,13.699999809265137,13.319999694824219,13.420000076293945,2090100,11.463845252990723
2025-08-01,13.640000343322754,13.640000343322754,13.270000457763672,13.34000015258789,2203900,11.395505905151367
2025-08-04,13.34000015258789,13.380000114440918,13.130000114440918,13.180000305175781,1077900,11.258830070495605
2025-08-05,13.1899995803833,13.34000015258789,13.069999694824219,13.289999961853027,1115400,11.35279369354248
2025-08-06,13.34000015258789,13.470000267028809,13.15999984741211,13.15999984741211,1404400,11.241744041442871
2025-08-07,13.270000457763672,13.489999771118164,13.210000038146973,13.300000190734863,1576900,11.361336708068848
2025-08-08,13.239999771118164,13.5600004196167,13.050000190734863,13.279999732971191,2687300,11.344252586364746
2025-08-11,13.329999923706055,13.399999618530273,13.010000228881836,13.010000228881836,1803400,11.113609313964844
2025-08-12,13.0600004196167,13.319999694824219,12.90999984741211,12.960000038146973,2094700,11.070897102355957
2025-08-13,12.979999542236328,13.010000228881836,12.729999542236328,12.739999771118164,1983100,10.882965087890625
2025-08-14,12.729999542236328,12.819999694824219,12.5600004196167,12.65999984741211,1447300,10.81462574005127
2025-08-15,12.65999984741211,12.729999542236328,12.5,12.680000305175781,1688800,10.831710815429688
2025-08-18,12.649999618530273,13.079999923706055,12.529999732971191,12.779999732971191,2323300,10.917134284973145
2025-08-19,12.649999618530273,12.699999809265137,12.220000267028809,12.350000381469727,4220500,10.549813270568848
2025-08-20,12.4399995803833,12.489999771118164,12.3100004196167,12.329999923706055,2184700,10.532729148864746
2025-08-21,12.350000381469727,12.550000190734863,12.319999694824219,12.430000305175781,2242000,10.618152618408203
2025-08-22,12.479999542236328,12.84000015258789,12.479999542236328,12.770000457763672,1776100,10.908592224121094
2025-08-25,12.8100004196167,13.149999618530273,12.8100004196167,13.100000381469727,3424700,11.19049072265625
2025-08-26,13.020000457763672,13.09000015258789,12.8100004196167,12.829999923706055,1718600,10.959846496582031
2025-08-27,12.859999656677246,12.949999809265137,12.720000267028809,12.899999618530273,2129000,11.01964282989502
2025-08-28,12.979999542236328,13.029999732971191,12.829999923706055,12.949999809265137,2472000,11.062355041503906
2025-08-29,12.989999771118164,12.989999771118164,12.8100004196167,12.930000305175781,4429500,11.045269966125488
2025-09-01,13.010000228881836,13.239999771118164,12.979999542236328,13.130000114440918,1647200,11.216117858886719
2025-09-02,13.109999656677246,13.359999656677246,13.069999694824219,13.15999984741211,2061200,11.241744041442871
2025-09-03,13.119999885559082,13.25,13.0,13.0,1983800,11.105067253112793
2025-09-04,13.010000228881836,13.039999961853027,12.8100004196167,12.9399995803833,1380900,11.053812026977539
2025-09-05,12.930000305175781,13.100000381469727,12.779999732971191,12.850000381469727,2311200,10.97693157196045
2025-09-08,12.949999809265137,13.069999694824219,12.729999542236328,12.819999694824219,2268600,10.951303482055664
2025-09-09,13.0,13.420000076293945,12.880000114440918,13.220000267028809,3480900,11.292999267578125
2025-09-10,13.15999984741211,13.3100004196167,13.039999961853027,13.069999694824219,1573700,11.164862632751465
2025-09-11,13.050000190734863,13.109999656677246,12.949999809265137,13.0,1642800,11.105067253112793
2025-09-12,13.100000381469727,13.210000038146973,12.890000343322754,12.899999618530273,1625900,11.01964282989502
2025-09-15,12.930000305175781,13.09000015258789,12.859999656677246,13.0600004196167,1463500,11.156320571899414
2025-09-16,13.130000114440918,13.229999542236328,13.100000381469727,13.15999984741211,1288800,11.241744041442871
2025-09-17,13.1899995803833,13.380000114440918,13.119999885559082,13.319999694824219,1742200,11.378421783447266
2025-09-18,13.319999694824219,13.359999656677246,13.199999809265137,13.270000457763672,765800,11.335710525512695
2025-09-19,13.350000381469727,13.350000381469727,12.949999809265137,12.949999809265137,2041000,11.062355041503906
2025-09-22,12.949999809265137,13.020000457763672,12.819999694824219,12.960000038146973,1770500,11.070897102355957
2025-09-23,13.039999961853027,13.300000190734863,13.0,13.15999984741211,1484500,11.241744041442871
2025-09-24,13.229999542236328,13.34000015258789,13.020000457763672,13.119999885559082,2286000,11.207574844360352
2025-09-25,13.109999656677246,13.130000114440918,12.960000038146973,13.039999961853027,2446900,11.139236450195312
2025-09-26,13.100000381469727,13.180000305175781,12.979999542236328,13.0,2398400,11.105067253112793
2025-09-29,13.029999732971191,13.0600004196167,12.800000190734863,12.819999694824219,2687700,10.951303482055664
2025-09-30,12.789999961853027,12.829999923706055,12.609999656677246,12.609999656677246,2231100,10.7719144821167
2025-10-01,12.670000076293945,12.720000267028809,12.550000190734863,12.65999984741211,1809700,10.81462574005127
2025-10-02,12.65999984741211,12.699999809265137,12.390000343322754,12.390000343322754,1782800,10.58398151397705
2025-10-03,12.420000076293945,12.520000457763672,12.329999923706055,12.359999656677246,1729100,10.558355331420898
2025-10-06,12.470000267028809,12.579999923706055,12.350000381469727,12.350000381469727,2108400,10.549813270568848
2025-10-07,12.289999961853027,12.460000038146973,12.260000228881836,12.460000038146973,1730100,10.643778800964355
2025-10-08,12.550000190734863,12.550000190734863,12.260000228881836,12.260000228881836,2011100,10.472931861877441
2025-10-09,12.260000228881836,12.380000114440918,12.180000305175781,12.180000305175781,1864200,10.404593467712402
2025-10-10,12.1899995803833,12.260000228881836,11.699999809265137,11.8100004196167,5100300,10.088525772094727
2025-10-13,11.960000038146973,12.420000076293945,11.899999618530273,12.15999984741211,3120100,10.387508392333984
2025-10-14,12.050000190734863,12.210000038146973,11.979999542236328,12.010000228881836,2168700,10.259373664855957
2025-10-15,12.010000228881836,12.270000457763672,12.0,12.229999542236328,3368600,10.447304725646973
2025-10-16,12.149999618530273,12.319999694824219,12.050000190734863,12.170000076293945,2956900,10.396050453186035
2025-10-17,12.220000267028809,12.529999732971191,12.109999656677246,12.329999923706055,2862700,10.532729148864746
2025-10-20,12.329999923706055,12.369999885559082,12.239999771118164,12.25,1588200,10.46438980102539
2025-10-21,12.289999961853027,12.430000305175781,12.239999771118164,12.260000228881836,1499200,10.472931861877441
2025-10-22,12.430000305175781,12.449999809265137,12.239999771118164,12.449999809265137,2107600,10.635235786437988
2025-10-23,12.84000015258789,12.859999656677246,12.4399995803833,12.609999656677246,2771100,10.7719144821167
2025-10-24,12.609999656677246,12.75,12.479999542236328,12.479999542236328,1639800,10.660862922668457
2025-10-27,12.569999694824219,12.640000343322754,12.4399995803833,12.539999961853027,1503700,10.712117195129395
2025-10-28,12.539999961853027,12.670000076293945,12.5,12.569999694824219,1723100,10.737744331359863
2025-10-29,12.619999885559082,12.65999984741211,12.369999885559082,12.399999618530273,1492400,10.592524528503418
2025-10-30,12.3100004196167,12.579999923706055,12.3100004196167,12.380000114440918,1373200,10.575440406799316
2025-10-31,12.479999542236328,12.539999961853027,12.380000114440918,12.420000076293945,1874200,10.609609603881836
2025-11-03,12.4399995803833,12.670000076293945,12.4399995803833,12.630000114440918,2115700,10.7889986038208
2025-11-04,12.550000190734863,12.779999732971191,12.550000190734863,12.779999732971191,2042300,10.917134284973145
2025-11-05,12.779999732971191,12.819999694824219,12.630000114440918,12.649999618530273,4179200,10.806083679199219
2025-11-06,12.640000343322754,12.800000190734863,12.470000267028809,12.520000457763672,3567500,10.69503402709961
2025-11-07,12.140000343322754,12.149999618530273,11.720000267028809,11.720000267028809,11226700,10.01164436340332
2025-11-10,11.829999923706055,11.930000305175781,11.550000190734863,11.760000228881836,5059400,10.045814514160156
2025-11-11,11.8100004196167,12.010000228881836,11.680000305175781,12.010000228881836,5340300,10.259373664855957
2025-11-12,12.050000190734863,12.050000190734863,11.239999771118164,11.399999618530273,10505900,9.738288879394531
2025-11-13,11.380000114440918,11.479999542236328,11.260000228881836,11.260000228881836,5340400,9.618696212768555
2025-11-14,11.359999656677246,11.380000114440918,11.010000228881836,11.079999923706055,6465900,9.464933395385742
2025-11-17,11.140000343322754,11.140000343322754,11.0,11.050000190734863,2831800,9.439306259155273
2025-11-18,11.010000228881836,11.319999694824219,10.920000076293945,11.260000228881836,4722400,9.618696212768555
2025-11-19,11.149999618530273,11.170000076293945,11.0,11.020000457763672,2924800,9.413679122924805
2025-11-21,11.029999732971191,11.029999732971191,10.800000190734863,10.869999885559082,3061700,9.285544395446777
2025-11-24,10.850000381469727,10.949999809265137,10.760000228881836,10.760000228881836,3962400,9.191577911376953
2025-11-25,10.699999809265137,10.729999542236328,10.470000267028809,10.479999542236328,4770600,8.952391624450684
2025-11-26,10.489999771118164,10.729999542236328,10.489999771118164,10.729999542236328,3048900,9.165950775146484
2025-11-27,10.75,10.789999961853027,10.550000190734863,10.619999885559082,2682800,9.071985244750977
2025-11-28,10.619999885559082,10.75,10.529999732971191,10.699999809265137,2592400,9.1403226852417
2025-12-01,10.8100004196167,10.859999656677246,10.5,10.5,4454400,8.969477653503418
2025-12-02,10.550000190734863,10.670000076293945,10.4399995803833,10.649999618530273,5014600,9.097611427307129
2025-12-03,10.699999809265137,10.770000457763672,10.649999618530273,10.680000305175781,4117700,9.123239517211914
2025-12-04,10.729999542236328,11.140000343322754,10.6899995803833,11.0600004196167,8153700,9.44784927368164
2025-12-05,11.09000015258789,11.289999961853027,10.800000190734863,10.850000381469727,4971100,9.26845932006836
2025-12-08,10.850000381469727,11.25,10.829999923706055,10.829999923706055,4925800,9.251374244689941
2025-12-09,10.829999923706055,10.9399995803833,10.699999809265137,10.829999923706055,3642200,9.251374244689941
2025-12-10,10.829999923706055,10.90999984741211,10.630000114440918,10.859999656677246,3480100,9.27700138092041
2025-12-11,10.770000457763672,10.84000015258789,10.609999656677246,10.630000114440918,2281000,9.080528259277344
2025-12-12,10.670000076293945,10.850000381469727,10.670000076293945,10.710000038146973,1779600,9.148865699768066
2025-12-15,10.729999542236328,10.819999694824219,10.6899995803833,10.760000228881836,2201200,9.191577911376953
2025-12-16,10.6899995803833,10.6899995803833,10.399999618530273,10.40999984741211,3865900,8.892595291137695
2025-12-17,10.5,10.609999656677246,10.420000076293945,10.569999694824219,3845900,9.02927303314209
2025-12-18,10.600000381469727,10.979999542236328,10.59000015258789,10.789999961853027,3420300,9.217204093933105
2025-12-19,11.0,11.239999771118164,10.720000267028809,10.720000267028809,6340200,9.157408714294434
2025-12-22,10.920000076293945,11.100000381469727,10.729999542236328,10.989999771118164,3567900,9.388051986694336
2025-12-23,11.050000190734863,11.140000343322754,10.989999771118164,11.109999656677246,2386300,9.490560531616211
2025-12-26,11.09000015258789,11.15999984741211,10.989999771118164,11.119999885559082,2042200,9.499102592468262
2025-12-29,11.170000076293945,11.380000114440918,11.149999618530273,11.239999771118164,2020900,9.601611137390137
2025-12-30,11.3100004196167,11.399999618530273,11.270000457763672,11.319999694824219,2227000,9.669949531555176
2026-01-02,11.420000076293945,11.420000076293945,11.0,11.010000228881836,4043000,9.405137062072754
2026-01-05,11.050000190734863,11.09000015258789,10.800000190734863,11.079999923706055,4399600,9.464933395385742
2026-01-06,11.119999885559082,11.319999694824219,11.050000190734863,11.079999923706055,8714700,9.464933395385742
2026-01-07,11.09000015258789,11.119999885559082,10.779999732971191,11.0,6328600,9.396595001220703
2026-01-08,10.989999771118164,11.079999923706055,10.869999885559082,11.010000228881836,6200200,9.405137062072754
2026-01-09,10.109999656677246,10.319999694824219,10.069999694824219,10.220000267028809,6247300,9.625494956970215
2026-01-12,10.25,10.4399995803833,10.09000015258789,10.4399995803833,5883000,9.832696914672852
2026-01-13,10.550000190734863,10.550000190734863,10.319999694824219,10.34000015258789,7282300,9.73851490020752
2026-01-14,10.399999618530273,10.680000305175781,10.199999809265137,10.579999923706055,5760200,9.964552879333496
2026-01-15,10.40999984741211,10.630000114440918,10.34000015258789,10.569999694824219,3484000,9.955134391784668
2026-01-16,10.579999923706055,10.649999618530273,10.329999923706055,10.329999923706055,4043700,9.729096412658691
2026-01-19,10.350000381469727,10.489999771118164,10.300000190734863,10.460000038146973,2293700,9.851533889770508
2026-01-20,10.479999542236328,10.619999885559082,10.34000015258789,10.600000381469727,2466900,9.983389854431152
2026-01-21,10.680000305175781,10.989999771118164,10.649999618530273,10.979999542236328,4892400,10.34128475189209
2026-01-22,10.970000267028809,11.039999961853027,10.770000457763672,10.869999885559082,4720600,10.23768424987793
2026-01-23,10.899999618530273,11.210000038146973,10.869999885559082,11.109999656677246,4764100,10.463722229003906
2026-01-26,11.109999656677246,11.15999984741211,10.9399995803833,11.09000015258789,3062000,10.444886207580566
2026-01-27,11.170000076293945,11.359999656677246,11.109999656677246,11.199999809265137,3410300,10.548486709594727
2026-01-28,11.279999732971191,11.550000190734863,11.199999809265137,11.479999542236328,3908700,10.812199592590332
2026-01-29,11.550000190734863,11.640000343322754,11.270000457763672,11.300000190734863,3969500,10.642670631408691
2026-01-30,11.260000228881836,11.300000190734863,11.079999923706055,11.300000190734863,2902300,10.642670631408691
2026-02-02,11.050000190734863,11.149999618530273,10.720000267028809,10.9399995803833,7667200,10.303611755371094
2026-02-03,11.0600004196167,11.25,11.039999961853027,11.15999984741211,2953700,10.51081371307373
2026-02-04,11.170000076293945,11.1899995803833,10.770000457763672,10.819999694824219,2914400,10.190592765808105
2026-02-05,10.819999694824219,10.90999984741211,10.609999656677246,10.680000305175781,3203700,10.058736801147461
2026-02-06,10.699999809265137,10.760000228881836,10.539999961853027,10.760000228881836,2591900,10.13408374786377
2026-02-09,10.800000190734863,10.949999809265137,10.670000076293945,10.9399995803833,2299100,10.303611755371094
2026-02-10,10.949999809265137,11.069999694824219,10.930000305175781,11.020000457763672,2636600,10.378958702087402
2026-02-11,11.09000015258789,11.140000343322754,10.920000076293945,11.0,3736900,10.360121726989746
2026-02-12,11.0,11.010000228881836,10.630000114440918,10.630000114440918,3402200,10.01164436340332
2026-02-13,10.600000381469727,10.949999809265137,10.510000228881836,10.850000381469727,3649000,10.21884822845459
2026-02-18,10.90999984741211,11.479999542236328,10.90999984741211,11.239999771118164,3936500,10.586159706115723
2026-02-19,11.300000190734863,11.579999923706055,11.260000228881836,11.369999885559082,4548600,10.708599090576172
2026-02-20,11.34000015258789,11.729999542236328,11.300000190734863,11.6899995803833,5439000,11.00998306274414
2026-02-23,11.699999809265137,11.899999618530273,11.479999542236328,11.579999923706055,3103300,10.90638256072998
2026-02-24,11.579999923706055,11.989999771118164,11.579999923706055,11.989999771118164,4251700,11.292532920837402
2026-02-25,12.0,12.09000015258789,11.739999771118164,11.970000267028809,4501100,11.273696899414062
2026-02-26,11.930000305175781,12.300000190734863,11.84000015258789,12.260000228881836,5243800,11.54682731628418
2026-02-27,12.260000228881836,12.399999618530273,12.1899995803833,12.319999694824219,2934800,11.603336334228516
2026-03-02,12.890000343322754,12.920000076293945,12.380000114440918,12.729999542236328,10057700,11.989485740661621
2026-03-03,12.899999618530273,13.0,12.300000190734863,12.300000190734863,8231500,11.584500312805176
2026-03-04,12.4399995803833,12.529999732971191,12.149999618530273,12.5,5423200,11.772865295410156
2026-03-05,12.579999923706055,12.859999656677246,12.539999961853027,12.850000381469727,7456000,12.102506637573242
2026-03-06,12.890000343322754,13.050000190734863,12.770000457763672,12.869999885559082,6800800,12.121342658996582
2026-03-09,13.199999809265137,13.270000457763672,12.680000305175781,12.859999656677246,8232300,12.111924171447754
2026-03-10,12.65999984741211,12.890000343322754,12.510000228881836,12.890000343322754,4773500,12.140179634094238
2026-03-11,12.869999885559082,13.199999809265137,12.829999923706055,12.890000343322754,3923400,12.140179634094238
2026-03-12,13.010000228881836,13.0600004196167,12.699999809265137,12.859999656677246,4043800,12.111924171447754
2026-03-13,12.800000190734863,13.010000228881836,12.710000038146973,12.84000015258789,3355800,12.093088150024414
2026-03-16,12.899999618530273,13.1899995803833,12.699999809265137,13.130000114440918,2901900,12.366217613220215
2026-03-17,13.149999618530273,13.779999732971191,13.149999618530273,13.649999618530273,3758000,12.855968475341797
2026-03-18,13.649999618530273,13.949999809265137,13.479999542236328,13.739999771118164,4469400,12.940732955932617
2026-03-19,13.640000343322754,13.800000190734863,13.149999618530273,13.430000305175781,7130600,12.648767471313477
2026-03-20,13.3100004196167,13.390000343322754,12.520000457763672,12.720000267028809,7345300,11.98006820678711
2026-03-23,12.449999809265137,13.1899995803833,12.359999656677246,13.079999923706055,3841800,12.31912612915039
2026-03-24,13.100000381469727,13.300000190734863,12.960000038146973,13.09000015258789,2887500,12.328544616699219
2026-03-25,12.899999618530273,13.470000267028809,12.880000114440918,13.270000457763672,3058700,12.498075485229492
2026-03-26,13.239999771118164,13.59000015258789,13.199999809265137,13.300000190734863,2003600,12.52632999420166
2026-03-27,13.319999694824219,13.6899995803833,13.319999694824219,13.579999923706055,4322900,12.790040969848633
2026-03-30,13.699999809265137,14.260000228881836,13.6899995803833,13.949999809265137,4813100,13.138518333435059
2026-03-31,14.079999923706055,14.229999542236328,13.729999542236328,14.029999732971191,5068600,13.21386432647705
2026-04-01,13.8100004196167,14.020000457763672,13.25,13.600000381469727,4034300,12.808877944946289
2026-04-02,14.0,14.1899995803833,13.630000114440918,13.699999809265137,8311600,12.903059959411621
2026-04-06,13.670000076293945,14.119999885559082,13.600000381469727,13.890000343322754,6196400,13.082009315490723
2026-04-07,13.960000038146973,14.149999618530273,13.739999771118164,14.100000381469727,3805200,13.279792785644531
2026-04-08,13.0600004196167,13.789999961853027,13.0,13.770000457763672,4471700,12.968989372253418
2026-04-09,14.050000190734863,14.130000114440918,13.670000076293945,13.989999771118164,2912800,13.176191329956055
2026-04-10,13.989999771118164,14.430000305175781,13.880000114440918,14.300000190734863,3268600,13.468158721923828
2026-04-13,14.449999809265137,14.640000343322754,13.829999923706055,13.850000381469727,3836500,13.04433536529541
2026-04-14,13.739999771118164,13.949999809265137,13.5600004196167,13.670000076293945,5138200,12.874805450439453
2026-04-15,13.680000305175781,13.680000305175781,13.430000305175781,13.510000228881836,1806500,12.724113464355469
2026-04-16,13.609999656677246,13.760000228881836,13.460000038146973,13.579999923706055,1520300,12.790040969848633
2026-04-17,13.399999618530273,13.5,12.760000228881836,13.020000457763672,4298900,12.262617111206055
2026-04-20,13.15999984741211,13.3100004196167,12.960000038146973,13.100000381469727,2635000,12.337963104248047
2026-04-22,13.199999809265137,13.739999771118164,13.170000076293945,13.600000381469727,3771700,12.808877944946289
2026-04-23,13.5600004196167,13.8100004196167,13.5,13.640000343322754,1886400,12.846550941467285
2026-04-24,13.5600004196167,13.59000015258789,13.319999694824219,13.470000267028809,1722200,12.686440467834473
2026-04-27,13.40999984741211,13.59000015258789,12.970000267028809,13.100000381469727,4114000,12.337963104248047
2026-04-28,13.109999656677246,13.260000228881836,12.90999984741211,12.949999809265137,1577200,12.196688652038574
2026-04-29,13.109999656677246,13.210000038146973,12.75,12.800000190734863,3855900,12.055415153503418
2026-04-30,12.5,12.979999542236328,12.479999542236328,12.960000038146973,2166800,12.206107139587402
2026-05-04,12.979999542236328,13.029999732971191,12.739999771118164,12.789999961853027,1741300,12.04599666595459
2026-05-05,12.539999961853027,13.069999694824219,12.520000457763672,12.899999618530273,2307600,12.14959716796875
2026-05-06,12.710000038146973,12.789999961853027,12.59000015258789,12.649999618530273,2030400,11.914139747619629
2026-05-07,12.550000190734863,12.720000267028809,12.09000015258789,12.119999885559082,2723000,11.414970397949219
2026-05-08,12.5,12.789999961853027,12.300000190734863,12.430000305175781,2673200,11.706937789916992
2026-05-11,12.40999984741211,12.569999694824219,12.0,12.180000305175781,2755200,11.471480369567871
2026-05-12,12.220000267028809,12.329999923706055,12.020000457763672,12.220000267028809,2204500,11.509153366088867
2026-05-13,12.319999694824219,12.319999694824219,11.9399995803833,11.960000038146973,2435700,11.264278411865234
2026-05-14,12.020000457763672,12.140000343322754,12.0,12.029999732971191,1566700,11.330205917358398
2026-05-15,12.020000457763672,12.270000457763672,11.930000305175781,12.15999984741211,2253700,11.452643394470215
2026-05-18,12.260000228881836,12.520000457763672,12.130000114440918,12.489999771118164,2659100,11.763446807861328
2026-05-19,11.949999809265137,12.180000305175781,11.819999694824219,11.829999923706055,2669500,11.454333305358887
2026-05-20,11.789999961853027,12.239999771118164,11.739999771118164,12.1899995803833,2676300,11.802900314331055
2026-05-21,12.220000267028809,12.369999885559082,11.970000267028809,12.220000267028809,2660000,11.831948280334473
2026-05-22,12.1899995803833,12.350000381469727,12.069999694824219,12.3100004196167,1249400,11.91909122467041
2026-05-25,12.199999809265137,12.550000190734863,12.1899995803833,12.350000381469727,2435700,11.957820892333984
2026-05-26,12.3100004196167,12.40999984741211,11.720000267028809,11.899999618530273,3190100,11.522109985351562
2026-05-27,11.899999618530273,12.020000457763672,11.729999542236328,11.8100004196167,1581100,11.434968948364258
2026-05-28,11.930000305175781,12.010000228881836,11.529999732971191,11.579999923706055,2028200,11.212271690368652
2026-05-29,11.539999961853027,11.630000114440918,11.050000190734863,11.369999885559082,2583400,11.008940696716309
2026-06-01,11.399999618530273,11.489999771118164,10.949999809265137,11.220000267028809,3586400,10.863703727722168
2026-06-02,11.300000190734863,11.34000015258789,11.050000190734863,11.100000381469727,1667700,10.747514724731445
2026-06-03,11.09000015258789,11.140000343322754,10.869999885559082,10.869999885559082,2095600,10.524818420410156
2026-06-05,10.979999542236328,11.029999732971191,10.720000267028809,10.779999732971191,1512400,10.437676429748535
2026-06-08,10.829999923706055,10.890000343322754,10.760000228881836,10.819999694824219,1317500,10.47640609741211
2026-06-09,10.880000114440918,10.949999809265137,10.640000343322754,10.739999771118164,2187000,10.398945808410645
2026-06-10,10.720000267028809,10.829999923706055,10.489999771118164,10.489999771118164,2300700,10.156885147094727
2026-06-11,10.930000305175781,11.460000038146973,10.8100004196167,11.109999656677246,7113200,10.757196426391602
2026-06-12,10.989999771118164,11.170000076293945,10.739999771118164,10.930000305175781,3266600,10.582913398742676
2026-06-15,10.880000114440918,10.90999984741211,10.210000038146973,10.220000267028809,4042900,9.895459175109863
2026-06-16,10.149999618530273,10.180000305175781,9.930000305175781,10.0,2690200,9.682445526123047
2026-06-17,10.039999961853027,10.149999618530273,9.899999618530273,9.90999984741211,2797800,9.595303535461426
2026-06-18,9.899999618530273,10.029999732971191,9.789999961853027,10.0,1900400,9.682445526123047
2026-06-19,10.050000190734863,10.289999961853027,9.970000267028809,10.180000305175781,2343600,9.856729507446289
2026-06-22,10.210000038146973,10.260000228881836,10.010000228881836,10.119999885559082,1943300,9.79863452911377
2026-06-23,10.010000228881836,10.15999984741211,9.989999771118164,10.109999656677246,1521300,9.788951873779297
2026-06-24,10.050000190734863,10.079999923706055,9.899999618530273,9.989999771118164,2218600,9.672762870788574
2026-06-25,10.0,10.109999656677246,9.979999542236328,9.979999542236328,1762200,9.663080215454102
2026-06-26,9.90999984741211,10.100000381469727,9.899999618530273,10.020000457763672,1604700,9.701810836791992
2026-06-29,10.0,10.199999809265137,10.0,10.0600004196167,1452100,9.740540504455566
2026-06-30,9.979999542236328,10.109999656677246,9.920000076293945,9.979999542236328,2054800,9.663080215454102
2026-07-01,9.899999618530273,9.930000305175781,9.75,9.850000381469727,2859300,9.537209510803223
2026-07-02,9.869999885559082,9.920000076293945,9.5600004196167,9.609999656677246,4564000,9.304829597473145
2026-07-03,9.680000305175781,9.680000305175781,9.5600004196167,9.640000343322754,1892400,9.333877563476562
2026-07-06,9.59000015258789,9.609999656677246,9.390000343322754,9.470000267028809,3322300,9.169276237487793
2026-07-07,9.5,9.6899995803833,9.5,9.600000381469727,2182600,9.295147895812988
2026-07-08,9.8100004196167,10.199999809265137,9.739999771118164,10.180000305175781,4410600,9.856729507446289
2026-07-09,10.199999809265137,10.34000015258789,9.970000267028809,10.010000228881836,2283600,9.69212818145752
2026-07-10,10.229999542236328,10.289999961853027,10.079999923706055,10.220000267028809,1667900,9.895459175109863
2026-07-13,10.319999694824219,10.390000343322754,10.239999771118164,10.300000190734863,2126200,9.972919464111328
2026-07-14,10.399999618530273,10.4399995803833,10.130000114440918,10.430000305175781,1784300,10.098791122436523
2026-07-15,10.5,10.5,10.270000457763672,10.289999961853027,3208800,9.963236808776855
2026-07-16,10.229999542236328,10.489999771118164,10.15999984741211,10.289999961853027,1526800,9.963236808776855
2026-07-17,10.319999694824219,10.479999542236328,10.279999732971191,10.289999961853027,1912000,9.963236808776855
2026-07-20,10.289999961853027,10.329999923706055,10.130000114440918,10.15999984741211,1462400,9.837364196777344
2026-07-21,10.180000305175781,10.380000114440918,10.180000305175781,10.34000015258789,1241700,10.011649131774902
2026-07-22,10.420000076293945,10.800000190734863,10.390000343322754,10.800000190734863,1612500,10.45704174041748
2026-07-23,10.899999618530273,11.039999961853027,10.779999732971191,10.890000343322754,2194200,10.544183731079102
2026-07-24,10.770000457763672,10.829999923706055,10.529999732971191,10.59000015258789,1459500,10.25370979309082
2026-07-27,10.390000343322754,10.390000343322754,10.109999656677246,10.239999771118164,1769300,9.914823532104492
2026-07-28,10.369999885559082,10.420000076293945,10.109999656677246,10.199999809265137,1471300,9.876093864440918
2026-07-29,10.300000190734863,10.430000305175781,10.279999732971191,10.319999694824219,1237400,9.992283821105957
2026-07-30,10.350000381469727,10.600000381469727,10.270000457763672,10.550000190734863,1408700,10.214980125427246
2026-07-31,10.600000381469727,10.949999809265137,10.579999923706055,10.670000076293945,1181000,10.331169128417969
2026-08-03,10.449999809265137,10.609999656677246,10.210000038146973,10.329999923706055,2250000,10.00196647644043
2026-08-04,10.380000114440918,10.40999984741211,10.170000076293945,10.25,1193500,9.924507141113281
2026-08-05,10.329999923706055,10.369999885559082,10.069999694824219,10.109999656677246,1530600,9.788951873779297
2026-08-06,10.079999923706055,10.170000076293945,10.010000228881836,10.069999694824219,1202800,9.750222206115723
2026-08-07,10.199999809265137,10.369999885559082,10.130000114440918,10.229999542236328,1960900,9.90514087677002
2026-08-10,10.3100004196167,10.9399995803833,10.229999542236328,10.739999771118164,2523100,10.398945808410645
2026-08-11,10.789999961853027,10.880000114440918,10.390000343322754,10.399999618530273,1854300,10.069743156433105
2026-08-12,10.470000267028809,10.640000343322754,10.229999542236328,10.619999885559082,1542000,10.282756805419922
2026-08-13,10.600000381469727,10.65999984741211,10.430000305175781,10.649999618530273,1924800,10.311803817749023
2026-08-14,10.449999809265137,10.6899995803833,10.399999618530273,10.510000228881836,2641700,10.176250457763672
2026-08-17,10.510000228881836,10.789999961853027,10.420000076293945,10.729999542236328,2502500,10.389263153076172
2026-08-18,10.430000305175781,10.470000267028809,10.149999618530273,10.170000076293945,1615500,10.170000076293945
2026-08-19,10.100000381469727,10.670000076293945,10.100000381469727,10.420000076293945,2112500,10.420000076293945
2026-08-20,10.510000228881836,10.75,10.5,10.569999694824219,2405000,10.569999694824219
2026-08-21,10.59000015258789,10.600000381469727,10.40999984741211,10.510000228881836,1680000,10.510000228881836
2026-08-24,10.40999984741211,10.520000457763672,10.239999771118164,10.510000228881836,1471700,10.510000228881836
2026-08-25,10.470000267028809,10.619999885559082,10.34000015258789,10.59000015258789,1297800,10.59000015258789
2026-08-26,10.59000015258789,10.600000381469727,10.130000114440918,10.369999885559082,1845900,10.369999885559082
2026-08-27,10.380000114440918,10.710000038146973,10.260000228881836,10.65999984741211,1568100,10.65999984741211
2026-08-28,10.65999984741211,10.720000267028809,10.470000267028809,10.630000114440918,1010800,10.630000114440918
2026-08-31,10.75,10.930000305175781,10.699999809265137,10.890000343322754,2959900,10.890000343322754
2026-09-01,10.970000267028809,11.359999656677246,10.970000267028809,11.319999694824219,1936600,11.319999694824219
2026-09-02,11.390000343322754,11.5600004196167,11.170000076293945,11.539999961853027,2645600,11.539999961853027
2026-09-03,11.579999923706055,11.720000267028809,11.350000381469727,11.4399995803833,2355000,11.4399995803833
2026-09-04,11.350000381469727,11.359999656677246,10.899999618530273,11.15999984741211,8775500,11.15999984741211
2026-09-08,11.319999694824219,11.489999771118164,11.199999809265137,11.25,2262800,11.25
2026-09-09,11.430000305175781,11.600000381469727,11.319999694824219,11.420000076293945,1982400,11.420000076293945
2026-09-10,11.550000190734863,11.800000190734863,11.529999732971191,11.710000038146973,2190500,11.710000038146973
2026-09-11,11.600000381469727,11.640000343322754,11.319999694824219,11.359999656677246,1687700,11.359999656677246
2026-09-14,11.479999542236328,11.569999694824219,11.279999732971191,11.369999885559082,1623500,11.369999885559082
2026-09-15,11.350000381469727,11.529999732971191,11.270000457763672,11.369999885559082,1862400,11.369999885559082
2026-09-16,11.380000114440918,11.420000076293945,10.949999809265137,11.039999961853027,1803400,11.039999961853027
2026-09-17,11.039999961853027,11.260000228881836,10.869999885559082,11.220000267028809,1216600,11.220000267028809
2026-09-18,11.199999809265137,11.199999809265137,11.020000457763672,11.020000457763672,1210100,11.020000457763672
2026-09-21,11.020000457763672,11.029999732971191,10.850000381469727,10.850000381469727,2105900,10.850000381469727
2026-09-22,10.84000015258789,10.960000038146973,10.729999542236328,10.9399995803833,1740300,10.9399995803833
2026-09-23,10.970000267028809,11.109999656677246,10.859999656677246,10.899999618530273,1569500,10.899999618530273
2026-09-24,10.979999542236328,10.979999542236328,10.699999809265137,10.760000228881836,2074600,10.760000228881836
2026-09-25,10.710000038146973,10.760000228881836,10.470000267028809,10.470000267028809,1862100,10.470000267028809
2026-09-28,10.539999961853027,11.0,10.520000457763672,10.890000343322754,2529800,10.890000343322754
2026-09-29,10.880000114440918,10.880000114440918,10.630000114440918,10.829999923706055,1593500,10.829999923706055
2026-09-30,10.899999618530273,11.029999732971191,10.670000076293945,10.670000076293945,3814100,10.670000076293945
