Date,Open,High,Low,Close,Volume,Adj_Close
2020-02-21,4830.0,4943.0,4713.0,4725.0,19664277,4711.36865234375
2020-02-24,4755.0,4829.0,4145.0,4198.0,35352426,4185.8896484375
2020-02-25,4120.0,4337.0,3751.0,3960.0,42238663,3948.576171875
2020-02-26,3849.0,4036.0,3700.0,3841.0,32194113,3829.919677734375
2020-02-27,3882.0,3923.0,3650.0,3650.0,22348518,3639.47021484375
2020-02-28,3340.0,3500.0,3147.0,3147.0,130550184,3137.921630859375
2020-03-02,3398.0,3496.0,3255.0,3255.0,38976899,3245.609619140625
2020-03-03,3410.0,3557.0,3323.0,3346.0,23873952,3336.347412109375
2020-03-04,3455.0,3539.0,3391.0,3471.0,21765773,3460.98681640625
2020-03-05,3520.0,3628.0,3459.0,3472.0,19457876,3461.98388671875
2020-03-06,3575.0,3899.0,3234.0,3736.0,36834700,3725.222412109375
2020-03-09,3595.0,3547.0,3198.0,3316.0,38098994,3306.433837890625
2020-03-10,3450.0,3590.0,3180.0,3200.0,28021205,3190.7685546875
2020-03-11,3189.0,3309.0,3033.0,3062.0,23955338,3053.1669921875
2020-03-12,2631.0,2744.0,2317.0,2370.0,49039229,2363.1630859375
2020-03-13,2290.0,2633.0,2285.0,2370.0,35410430,2363.1630859375
2020-03-16,2195.0,2207.0,1637.0,2115.0,32865605,2108.898681640625
2020-03-17,2200.0,2233.0,1912.0,2229.0,34616736,2222.56982421875
2020-03-18,2230.0,2338.0,1736.0,1901.0,46000402,1895.5159912109375
2020-03-19,1840.0,1969.0,1537.0,1653.0,37412364,1648.2313232421875
2020-03-20,1949.0,2076.0,1800.0,1890.0,43299423,1884.5474853515625
2020-03-23,1662.0,1878.0,1601.0,1857.0,32201764,1851.642822265625
2020-03-24,1995.0,2300.0,1862.0,2254.0,36946086,2247.497802734375
2020-03-25,2356.0,2609.0,2300.0,2522.0,23826624,2514.724853515625
2020-03-26,2667.0,2872.0,2619.0,2677.0,21690765,2669.27734375
2020-03-27,2590.0,2614.0,2320.0,2380.0,18569865,2373.134033203125
2020-03-30,2270.0,2495.0,2200.0,2403.0,17098373,2396.067626953125
2020-03-31,2299.0,2465.0,2200.0,2257.0,19401986,2250.48876953125
2020-04-01,2190.0,2214.0,1978.0,2063.0,16423163,2057.048583984375
2020-04-02,2131.0,2320.0,2120.0,2295.0,16362666,2288.37939453125
2020-04-03,2263.0,2420.0,2213.0,2314.0,15620737,2307.32470703125
2020-04-06,2399.0,2580.0,2360.0,2543.0,16512122,2535.663818359375
2020-04-07,2690.0,2980.0,2690.0,2976.0,26913423,2967.414794921875
2020-04-08,2888.0,2979.0,2799.0,2923.0,24789736,2914.5673828125
2020-04-09,2955.0,3046.0,2824.0,2910.0,25324389,2901.605224609375
2020-04-14,3300.0,3740.0,3243.0,3679.0,25109805,3668.386474609375
2020-04-15,3589.0,3595.0,3400.0,3458.0,25680442,3448.0244140625
2020-04-16,3574.0,3622.0,3186.0,3270.0,22300579,3260.56689453125
2020-04-17,3290.0,3424.0,3199.0,3321.0,15265113,3311.41943359375
2020-04-20,3220.0,3390.0,3130.0,3279.0,12793869,3269.54052734375
2020-04-21,3319.0,3475.0,2886.0,2950.0,22437164,2941.48974609375
2020-04-22,3010.0,3239.0,2891.0,3230.0,17480785,3220.68212890625
2020-04-23,3370.0,3833.0,3331.0,3766.0,29197512,3755.1357421875
2020-04-24,3661.0,4000.0,3629.0,3805.0,29236054,3794.023193359375
2020-04-28,3625.0,3777.0,3522.0,3619.0,17624703,3608.5595703125
2020-04-29,3647.0,3886.0,3678.0,3796.0,13458953,3785.048583984375
2020-04-30,3877.0,3936.0,3753.0,3776.0,11828624,3765.10693359375
2020-05-04,3830.0,3868.0,3590.0,3740.0,14118815,3729.21044921875
2020-05-05,3700.0,3858.0,3547.0,3564.0,18127629,3553.71826171875
2020-05-06,3601.0,3676.0,3502.0,3545.0,17195608,3534.773193359375
2020-05-07,3524.0,3595.0,3451.0,3475.0,7992650,3464.97509765625
2020-05-08,3619.0,3700.0,3405.0,3570.0,13076778,3559.701171875
2020-05-11,3590.0,3625.0,3341.0,3405.0,6184570,3395.177001953125
2020-05-12,3598.0,3667.0,3502.0,3640.0,24308289,3629.49951171875
2020-05-13,3540.0,3602.0,3403.0,3474.0,12320261,3463.97802734375
2020-05-14,3450.0,3460.0,3251.0,3348.0,17791628,3338.341796875
2020-05-15,3375.0,3620.0,3390.0,3575.0,11368633,3564.6865234375
2020-05-18,3800.0,4085.0,3761.0,3890.0,38569869,3878.77783203125
2020-05-19,3875.0,4020.0,3780.0,3968.0,19769381,3956.552978515625
2020-05-20,4038.0,4170.0,3980.0,4010.0,18497547,3998.43212890625
2020-05-21,3899.0,3946.0,3670.0,3670.0,17086161,3659.412841796875
2020-05-22,3685.0,3748.0,3431.0,3496.0,25126000,3485.91455078125
2020-05-25,3460.0,3480.0,3380.0,3425.0,6583940,3415.11962890625
2020-05-26,3485.0,3540.0,3290.0,3308.0,13827510,3298.456787109375
2020-05-27,3299.0,3351.0,3154.0,3187.0,11149658,3177.80615234375
2020-05-28,3355.0,3400.0,3243.0,3315.0,14346905,3305.436767578125
2020-05-29,3230.0,3380.0,3223.0,3237.0,17319667,3227.661376953125
2020-06-01,3345.0,3444.0,3260.0,3348.0,8721927,3338.341796875
2020-06-02,3400.0,3738.0,3366.0,3599.0,26513322,3588.61767578125
2020-06-03,3500.0,3536.0,3355.0,3380.0,16062453,3370.24951171875
2020-06-04,3360.0,3636.0,3335.0,3520.0,18351982,3509.84521484375
2020-06-05,3488.0,3669.0,3425.0,3439.0,19776342,3429.079345703125
2020-06-08,3598.0,3710.0,3550.0,3680.0,18511600,3669.384033203125
2020-06-09,3680.0,3818.0,3625.0,3740.0,14929157,3729.21044921875
2020-06-10,3675.0,3780.0,3467.0,3500.0,14571977,3489.903076171875
2020-06-11,3661.0,3670.0,3515.0,3564.0,23142209,3553.71826171875
2020-06-12,3410.0,3571.0,3381.0,3495.0,17662667,3484.917724609375
2020-06-15,3449.0,3442.0,3188.0,3268.0,38438115,3258.57275390625
2020-06-17,3325.0,3375.0,3185.0,3272.0,15202952,3262.560302734375
2020-06-18,3240.0,3390.0,3207.0,3360.0,24091228,3350.306884765625
2020-06-19,3397.0,3514.0,3380.0,3489.0,23928160,3478.934814453125
2020-06-22,3496.0,3622.0,3444.0,3620.0,12156238,3609.556884765625
2020-06-23,3599.0,3885.0,3604.0,3850.0,19667309,3838.89306640625
2020-06-24,3887.0,3939.0,3581.0,3600.0,16179969,3589.61474609375
2020-06-25,3620.0,3620.0,3441.0,3569.0,10096981,3558.703857421875
2020-06-26,3550.0,3620.0,3473.0,3518.0,7475450,3507.85107421875
2020-06-29,3550.0,3736.0,3541.0,3700.0,10928418,3689.326416015625
2020-06-30,3755.0,3770.0,3619.0,3770.0,9991893,3759.124267578125
2020-07-01,3799.0,3900.0,3660.0,3675.0,12048668,3664.398681640625
2020-07-02,3680.0,3806.0,3574.0,3750.0,17340104,3739.18212890625
2020-07-03,3625.0,3760.0,3647.0,3750.0,3858276,3739.18212890625
2020-07-06,3830.0,3985.0,3750.0,3943.0,11719179,3931.625244140625
2020-07-07,4010.0,4044.0,3800.0,3922.0,41846989,3910.685791015625
2020-07-08,3940.0,4128.0,3916.0,4128.0,36092507,4116.09130859375
2020-07-09,4150.0,4417.0,4090.0,4126.0,37242545,4114.09716796875
2020-07-10,4070.0,4232.0,3950.0,4005.0,19810170,3993.446533203125
2020-07-13,4066.0,4201.0,4025.0,4158.0,13363115,4146.0048828125
2020-07-14,3990.0,4140.0,3980.0,4108.0,16438439,4096.14892578125
2020-07-15,4140.0,4295.0,4101.0,4150.0,19970029,4138.02783203125
2020-07-16,4148.0,4231.0,4067.0,4171.0,8575162,4158.96728515625
2020-07-17,4152.0,4207.0,4094.0,4157.0,10068399,4145.0078125
2020-07-20,4235.0,4360.0,4175.0,4325.0,20110454,4312.5224609375
2020-07-21,4380.0,4460.0,4330.0,4375.0,21412750,4362.37841796875
2020-07-22,4395.0,4536.0,4320.0,4395.0,15972113,4382.32177734375
2020-07-23,4460.0,4669.0,4433.0,4630.0,27865667,4616.64404296875
2020-07-24,4500.0,4700.0,4438.0,4691.0,20460565,4677.46826171875
2020-07-27,4900.0,5175.0,4826.0,5140.0,30890508,5125.171875
2020-07-28,5125.0,5249.0,4953.0,5187.0,21621439,5172.0361328125
2020-07-29,5080.0,5180.0,4886.0,4950.0,24885180,4935.720703125
2020-07-30,4949.0,5050.0,4777.0,4833.0,18758053,4819.0576171875
2020-07-31,4915.0,4993.0,4799.0,4820.0,23825051,4806.09521484375
2020-08-03,4835.0,4940.0,4771.0,4870.0,11274350,4855.951171875
2020-08-04,4860.0,4975.0,4811.0,4975.0,13660673,4960.64794921875
2020-08-05,5170.0,5412.0,5132.0,5385.0,16391958,5369.46484375
2020-08-06,5335.0,5462.0,5222.0,5262.0,15671545,5246.82080078125
2020-08-07,5155.0,5285.0,5020.0,5087.0,13037324,5072.32470703125
2020-08-11,4960.0,5147.0,4911.0,4914.0,18509168,4899.8232421875
2020-08-12,4755.0,4989.0,4701.0,4838.0,38607236,4824.04345703125
2020-08-13,4830.0,4995.0,4800.0,4975.0,10881974,4960.64794921875
2020-08-14,5266.0,5695.0,5230.0,5462.0,25017816,5446.2431640625
2020-08-17,5525.0,5682.0,5525.0,5559.0,13827757,5542.962890625
2020-08-18,5804.0,5842.0,5431.0,5435.0,17165247,5419.3212890625
2020-08-19,5400.0,5441.0,5125.0,5168.0,20433905,5153.0908203125
2020-08-20,5160.0,5160.0,4911.0,5029.0,23671763,5014.4931640625
2020-08-21,5088.0,5110.0,4654.0,4995.0,20047757,4980.59033203125
2020-08-24,5114.0,5117.0,4900.0,4900.0,14555947,4885.86474609375
2020-08-25,4925.0,4980.0,4801.0,4801.0,12212410,4787.14990234375
2020-08-26,4840.0,4922.0,4688.0,4888.0,11641823,4873.8994140625
2020-08-27,4950.0,5260.0,4888.0,5048.0,21629805,5033.4365234375
2020-08-28,5115.0,5236.0,5054.0,5114.0,7809181,5099.2470703125
2020-08-31,5206.0,5295.0,5100.0,5129.0,18125506,5114.20458984375
2020-09-01,5374.0,5375.0,5150.0,5195.0,18256310,5180.013671875
2020-09-02,5190.0,5450.0,5150.0,5352.0,16346537,5336.56103515625
2020-09-03,5255.0,5430.0,5191.0,5370.0,11434642,5354.50732421875
2020-09-04,5302.0,5514.0,5225.0,5320.0,15333751,5304.65283203125
2020-09-07,5385.0,5634.0,5360.0,5573.0,6971192,5556.9228515625
2020-09-08,5525.0,5649.0,5181.0,5311.0,14219720,5295.6787109375
2020-09-09,5331.0,5513.0,5206.0,5493.0,13029482,5477.15380859375
2020-09-10,5523.0,5805.0,5411.0,5693.0,14084034,5676.5771484375
2020-09-11,5625.0,5807.0,5592.0,5759.0,9635471,5742.3857421875
2020-09-14,5476.0,5549.0,5312.0,5422.0,30127758,5406.35888671875
2020-09-15,5360.0,5728.0,5301.0,5361.0,30261984,5345.53466796875
2020-09-16,5365.0,5429.0,5214.0,5292.0,17516887,5277.2255859375
2020-09-17,5075.0,5210.0,4980.0,5050.0,35712389,5035.90087890625
2020-09-18,5125.0,5121.0,4986.0,5065.0,43764177,5050.859375
2020-09-21,5055.0,5130.0,4777.0,4865.0,16245599,4851.41796875
2020-09-22,4820.0,4871.0,4676.0,4765.0,19736816,4751.697265625
2020-09-23,4720.0,4855.0,4650.0,4727.0,13686571,4713.8037109375
2020-09-25,4652.0,4743.0,4455.0,4489.0,17993362,4476.4677734375
2020-09-28,4511.0,4721.0,4435.0,4667.0,16190529,4653.97119140625
2020-09-29,4670.0,4811.0,4615.0,4780.0,33968401,4766.65478515625
2020-09-30,4721.0,4770.0,4614.0,4632.0,13375352,4619.06787109375
2020-10-01,4680.0,4730.0,4520.0,4626.0,6691440,4613.0849609375
2020-10-02,4710.0,4709.0,4492.0,4657.0,10927220,4643.9990234375
2020-10-05,4561.0,4728.0,4489.0,4639.0,11268119,4626.04931640625
2020-10-06,4643.0,4740.0,4595.0,4646.0,9736375,4633.02880859375
2020-10-07,4477.0,4659.0,4451.0,4633.0,17707296,4620.0654296875
2020-10-08,4601.0,4775.0,4535.0,4715.0,13525460,4701.83740234375
2020-10-09,4800.0,5046.0,4771.0,5046.0,11058124,5031.9130859375
2020-10-12,5225.0,5241.0,5062.0,5117.0,17192477,5102.7138671875
2020-10-13,5125.0,5185.0,4962.0,4975.0,12734543,4961.11083984375
2020-10-14,5050.0,5248.0,5017.0,5237.0,11851054,5222.37890625
2020-10-15,5200.0,5237.0,5086.0,5162.0,24274501,5147.5888671875
2020-10-16,5190.0,5258.0,5135.0,5156.0,10047471,5141.60546875
2020-10-19,5229.0,5224.0,5012.0,5044.0,7181354,5029.91796875
2020-10-20,4950.0,4987.0,4832.0,4966.0,26494917,4952.1357421875
2020-10-21,5002.0,5512.0,5000.0,5473.0,23487540,5457.72021484375
2020-10-22,5375.0,5434.0,5180.0,5220.0,27600990,5205.42724609375
2020-10-23,5263.0,5306.0,5115.0,5150.0,8214825,5135.6220703125
2020-10-26,5105.0,5219.0,5047.0,5050.0,10502008,5035.90087890625
2020-10-27,5058.0,5082.0,4850.0,4876.0,9166881,4862.3876953125
2020-10-28,4930.0,4915.0,4517.0,4553.0,16900259,4540.28857421875
2020-10-29,4710.0,4840.0,4610.0,4809.0,25641494,4795.57421875
2020-10-30,4790.0,4792.75,4610.0,4693.0,12799241,4679.89794921875
2020-11-02,4805.0,5000.0,4777.0,4905.0,23238728,4891.3056640625
2020-11-03,5050.0,5178.0,4974.0,5083.0,13422488,5068.80908203125
2020-11-04,5105.0,5183.0,4961.0,5120.0,10490313,5105.70654296875
2020-11-05,5170.0,5455.0,5092.0,5360.0,14654079,5345.03662109375
2020-11-06,5480.0,5776.0,5430.0,5683.0,19385462,5667.1337890625
2020-11-09,5750.0,5795.0,5187.0,5252.0,27408126,5237.33740234375
2020-11-10,5300.0,5420.0,5196.0,5340.0,17356981,5325.09228515625
2020-11-11,5299.0,5376.0,5093.0,5101.0,17168404,5086.7587890625
2020-11-12,5148.0,5120.0,4920.0,5078.0,17818401,5063.8232421875
2020-11-13,5081.0,5230.0,4987.0,5183.0,9552368,5168.52978515625
2020-11-16,5260.0,5405.0,5194.0,5301.0,13264545,5286.20068359375
2020-11-17,5321.0,5322.0,5031.0,5044.0,13297713,5029.91796875
2020-11-18,4919.0,5116.0,4866.0,5055.0,13825820,5040.88671875
2020-11-19,5105.0,5315.0,5010.0,5136.0,12698731,5121.66162109375
2020-11-20,5200.0,5304.0,5102.0,5275.0,10509032,5260.27294921875
2020-11-23,5337.0,5388.0,5150.0,5181.0,10919531,5166.5361328125
2020-11-24,5100.0,5216.05517578125,4822.0,4869.0,15736297,4855.40673828125
2020-11-25,4905.0,5048.0,4839.0,5012.0,9084907,4998.00732421875
2020-11-26,5024.0,5284.0,5016.0,5223.0,7172245,5208.4189453125
2020-11-27,5220.0,5366.0,5124.0,5172.0,12968847,5157.56103515625
2020-11-30,5180.0,5278.0,5071.0,5150.0,21134945,5135.6220703125
2020-12-01,5171.0,5411.0,5124.0,5395.0,10668490,5379.9384765625
2020-12-02,5500.0,5688.0,5367.0,5678.0,17338545,5662.14794921875
2020-12-03,5709.0,5784.0,5589.0,5598.0,13718122,5582.37109375
2020-12-04,5510.0,5663.0,5401.0,5505.0,13335590,5489.63037109375
2020-12-07,5501.0,5628.0,5497.0,5618.0,11226652,5602.31591796875
2020-12-08,5679.0,5714.0,5553.0,5596.0,7958577,5580.37646484375
2020-12-09,5590.0,5667.0,5413.0,5459.0,6743775,5443.7587890625
2020-12-10,5400.0,5556.0,5400.0,5522.0,11044259,5506.58349609375
2020-12-11,5490.0,5529.0,5350.0,5416.0,11103400,5400.87890625
2020-12-14,5400.0,5550.0,5326.0,5497.0,9846278,5481.65380859375
2020-12-15,5449.0,5556.0,5400.0,5485.0,12557450,5469.68701171875
2020-12-17,5500.0,5780.0,5455.0,5780.0,29264150,5763.86279296875
2020-12-18,5780.0,6064.0,5780.0,6040.0,43499067,6023.1376953125
2020-12-21,6145.0,6180.0,5613.0,5814.0,11160618,5797.7685546875
2020-12-22,5820.0,5850.0,5680.0,5746.0,6372463,5729.9580078125
2020-12-23,5697.0,5800.0,5630.0,5763.0,3628148,5746.9111328125
2020-12-24,5770.0,5866.0,5717.0,5835.0,1789720,5818.7099609375
2020-12-28,5800.0,6000.0,5771.0,5916.0,7190121,5899.4833984375
2020-12-29,5895.0,5973.0,5794.0,5889.0,6457797,5872.56005859375
2020-12-30,5880.0,6000.0,5850.0,5945.0,5674050,5928.4033203125
2020-12-31,5945.0,6099.0,5920.0,6000.0,2994795,5983.2490234375
2021-01-04,6040.0,6307.0,6000.0,6307.0,9774636,6289.3916015625
2021-01-05,6250.0,6375.0,6200.0,6270.0,23026941,6252.49560546875
2021-01-06,6350.0,6496.0,6307.0,6325.0,7058734,6307.341796875
2021-01-07,6250.0,6488.0,6240.0,6394.0,12323393,6376.1494140625
2021-01-08,6415.0,6440.0,6087.0,6186.0,14488025,6168.72998046875
2021-01-11,6195.0,6325.0,6080.0,6207.0,15508138,6189.67138671875
2021-01-12,6350.0,6384.0,6201.0,6249.0,12427261,6231.55322265625
2021-01-13,6305.0,6410.0,6270.0,6316.0,10705047,6298.36669921875
2021-01-14,6343.0,6344.0,6190.0,6215.0,9259633,6197.64892578125
2021-01-15,6220.0,6355.0,6152.0,6271.0,9167180,6253.4921875
2021-01-18,6215.0,6265.0,6167.0,6211.0,11222032,6193.65966796875
2021-01-19,6180.0,6320.0,6192.0,6192.0,9132898,6174.71240234375
2021-01-20,6255.0,6416.0,6165.0,6363.0,9715875,6345.23583984375
2021-01-21,6430.0,6579.0,6327.0,6386.0,14302066,6368.17138671875
2021-01-22,6421.0,6450.0,6151.0,6256.0,8029616,6238.53466796875
2021-01-25,6300.0,6322.0,6065.0,6101.0,13492123,6083.966796875
2021-01-26,5910.0,5970.0,5839.0,5886.0,17085227,5869.56787109375
2021-01-27,5855.0,5898.0,5486.0,5521.0,24812712,5505.58642578125
2021-01-28,5499.0,5857.0,5415.0,5854.0,16726129,5837.6572265625
2021-01-29,5884.0,5998.0,5750.0,5895.0,25225650,5878.54248046875
2021-02-01,5755.0,6058.0,5700.0,5963.0,15753161,5946.35205078125
2021-02-02,5950.0,6000.0,5817.0,5824.0,12644840,5807.73974609375
2021-02-03,5815.0,5994.0,5815.0,5960.0,13146468,5943.36083984375
2021-02-04,5900.0,6070.0,5859.0,5963.0,18812285,5946.35205078125
2021-02-05,6017.0,6355.0,6017.0,6199.0,19492424,6181.693359375
2021-02-08,6309.0,6450.0,6176.0,6385.0,15358622,6367.1748046875
2021-02-09,6420.0,6498.0,6237.759765625,6332.0,13654623,6314.322265625
2021-02-10,6484.0,6820.0,6479.0,6736.0,35492529,6717.19482421875
2021-02-11,6850.0,6917.0,6522.0,6657.0,20341675,6638.41455078125
2021-02-12,6539.0,6649.0,6466.0,6484.0,13635104,6465.89794921875
2021-02-15,6600.0,7058.0,6538.0,6999.0,16839917,6979.4599609375
2021-02-16,7075.0,7175.0,6745.0,6899.0,19097857,6879.73974609375
2021-02-17,6900.0,6993.0,6818.0,6940.0,15602966,6920.62548828125
2021-02-18,7065.0,7119.0,6806.0,6880.0,20702797,6860.79248046875
2021-02-19,6766.0,6955.0,6687.0,6843.0,22441641,6823.89501953125
2021-02-22,6851.0,7085.0,6858.0,7026.0,16587476,7006.384765625
2021-02-23,7102.0,7200.0,6703.0,6729.0,18439489,6710.2138671875
2021-02-24,6825.0,7000.0,6693.0,6753.0,15185977,6734.14697265625
2021-02-25,7220.0,7530.0,7170.0,7467.0,22683030,7446.15380859375
2021-02-26,7290.0,7350.0,7002.0,7002.0,68150146,6982.451171875
2021-03-01,7220.0,7277.0,7025.0,7199.0,10595200,7178.9013671875
2021-03-02,7121.0,7356.0,7040.0,7355.0,14068994,7334.46630859375
2021-03-03,7500.0,7665.0,7325.0,7427.0,14719220,7406.2646484375
2021-03-04,7436.0,7500.0,7260.0,7365.0,18837944,7344.4384765625
2021-03-05,7400.0,7590.0,7246.0,7303.0,10886820,7282.611328125
2021-03-08,7395.0,7456.0,7255.0,7309.0,22115121,7288.5947265625
2021-03-09,7187.0,7373.0,7015.0,7134.0,19684781,7114.0830078125
2021-03-10,7100.0,7250.0,7066.0,7207.0,16708369,7186.87939453125
2021-03-11,7269.0,7275.0,7055.0,7100.0,11540181,7080.17822265625
2021-03-12,7169.0,7128.0,6777.0,6777.0,20350287,6758.080078125
2021-03-15,6868.0,6956.0,6717.0,6727.0,13988523,6708.2197265625
2021-03-16,6815.0,7335.0,6702.0,7034.0,24661751,7014.36279296875
2021-03-17,6789.0,6897.0,6588.0,6682.0,13090992,6666.38671875
2021-03-18,6980.0,7155.0,6850.0,7100.0,39961690,7083.41064453125
2021-03-19,7045.0,7056.0,6699.0,6756.0,26670174,6740.21435546875
2021-03-23,6800.0,6796.0,6475.0,6475.0,19052902,6459.87060546875
2021-03-24,6475.0,6697.0,6318.0,6576.0,17231876,6560.634765625
2021-03-25,6505.0,6776.0,6500.0,6538.0,17185029,6522.7236328125
2021-03-26,6740.0,6839.0,6645.0,6740.0,14857341,6724.251953125
2021-03-29,6800.0,6912.0,6450.0,6576.0,15066522,6560.634765625
2021-03-30,6601.0,6660.0,6344.0,6499.0,10091607,6483.8154296875
2021-03-31,6530.0,6575.0,6474.0,6500.0,11910431,6484.8125
2021-04-01,6614.0,6650.0,6452.0,6588.0,15198388,6572.6064453125
2021-04-06,6851.0,6960.0,6700.0,6915.0,13644289,6898.84326171875
2021-04-07,6867.0,7003.0,6655.0,6722.0,16385988,6706.29345703125
2021-04-08,6840.0,6900.0,6679.0,6708.0,14317178,6692.32666015625
2021-04-09,6710.0,6744.0,6500.0,6628.0,7993384,6612.513671875
2021-04-12,6570.0,6653.0,6464.0,6480.0,19259124,6464.859375
2021-04-13,6485.0,6725.0,6451.0,6689.0,10752606,6673.37109375
2021-04-14,6851.0,7050.0,6823.0,7045.0,24847219,7028.53857421875
2021-04-15,7090.0,7300.0,7050.0,7159.0,12923911,7142.27294921875
2021-04-16,7150.0,7400.0,7160.0,7292.0,13201246,7274.9619140625
2021-04-19,7357.0,7423.0,7035.0,7044.0,10377964,7027.54150390625
2021-04-20,7083.0,7128.0,6836.0,6962.0,11009336,6945.73291015625
2021-04-21,7050.0,7224.0,6895.0,7167.0,13519537,7150.25390625
2021-04-22,7200.0,7252.0,6936.0,6976.0,8777573,6959.70068359375
2021-04-23,6950.0,7010.0,6704.0,6928.0,17018236,6911.81298828125
2021-04-26,6884.0,7030.0,6816.0,6875.0,9624724,6858.9365234375
2021-04-28,6944.0,6985.0,6797.0,6895.0,6425676,6878.8896484375
2021-04-29,6940.0,6992.0,6800.0,6809.0,6653164,6793.0908203125
2021-04-30,6890.0,6890.0,6726.0,6772.0,8969055,6756.1767578125
2021-05-03,6800.0,6920.0,6675.0,6880.0,9843522,6863.9248046875
2021-05-04,6900.0,6941.0,6666.0,6666.0,13235850,6650.42529296875
2021-05-05,6671.0,6697.0,6515.0,6600.0,14317064,6584.57861328125
2021-05-06,6875.0,6900.0,6409.0,6680.0,21763541,6664.3916015625
2021-05-07,6779.0,6869.0,6606.0,6710.0,16279044,6694.322265625
2021-05-10,6799.0,6900.0,6706.0,6737.0,10251023,6721.2587890625
2021-05-11,6670.0,6678.0,6379.0,6472.0,9656685,6456.87744140625
2021-05-12,6585.0,6603.0,6360.0,6465.0,11321655,6449.89404296875
2021-05-13,6330.0,6376.0,6164.0,6280.0,21698036,6265.326171875
2021-05-14,6340.0,6436.0,6286.0,6395.0,9742968,6380.05810546875
2021-05-17,6500.0,6630.0,6423.0,6617.0,9855110,6601.53955078125
2021-05-18,6710.0,6784.0,6612.0,6700.0,12631356,6684.3447265625
2021-05-19,6669.0,6700.0,6383.0,6437.0,13534102,6421.958984375
2021-05-20,6450.0,6530.0,6401.0,6485.0,8748054,6469.84765625
2021-05-21,6465.0,6551.0,6359.0,6359.0,5653373,6344.14208984375
2021-05-24,6370.0,6402.0,6287.0,6287.0,6500369,6272.31005859375
2021-05-25,6280.0,6413.0,6089.0,6136.0,10723689,6121.66259765625
2021-05-26,6200.0,6245.0,5990.0,6024.0,8065469,6009.9248046875
2021-05-27,6058.0,6267.0,6055.0,6247.0,14910823,6232.4033203125
2021-05-28,6285.0,6375.0,6205.0,6269.0,7015201,6254.35205078125
2021-05-31,6300.0,6554.0,6291.0,6511.0,4791437,6495.78662109375
2021-06-01,6578.0,6900.0,6482.0,6800.0,20146337,6784.111328125
2021-06-02,6830.0,6988.0,6775.0,6828.0,10201891,6812.04638671875
2021-06-03,6833.0,6895.0,6495.0,6570.0,9121163,6554.64892578125
2021-06-04,6545.0,6670.0,6452.0,6571.0,10895551,6555.646484375
2021-06-07,6560.0,6601.0,6424.0,6570.0,5910007,6554.64892578125
2021-06-08,6582.0,6685.0,6535.0,6535.0,10580369,6519.7314453125
2021-06-09,6530.0,6560.0,6387.0,6490.0,7433106,6474.83642578125
2021-06-10,6485.0,6520.0,6370.0,6430.0,8650013,6414.97509765625
2021-06-11,6472.0,6600.0,6338.0,6362.0,6532896,6347.13525390625
2021-06-14,6350.0,6602.66015625,6232.0,6298.0,11499425,6283.2841796875
2021-06-15,6192.0,6313.0,6113.0,6149.0,17565867,6134.63232421875
2021-06-17,6051.0,6119.0,5763.0,5771.0,38524500,5757.51611328125
2021-06-18,5797.0,5987.0,5771.0,5913.0,27417528,5899.18359375
2021-06-21,5766.0,5947.0,5766.0,5835.0,9798715,5821.3662109375
2021-06-22,5880.0,5935.0,5809.0,5852.0,7820147,5838.32666015625
2021-06-23,5900.0,6107.0,5916.0,6070.0,8490905,6055.8173828125
2021-06-24,6024.0,6132.0,5916.0,6047.0,7107281,6032.87109375
2021-06-25,6106.0,6124.0,5946.0,5950.0,9435996,5936.09814453125
2021-06-28,5950.0,6040.0,5891.0,5954.0,8038493,5940.08837890625
2021-06-29,5950.0,6025.0,5860.0,5952.0,8321828,5938.09228515625
2021-06-30,5935.0,5988.0,5872.0,5966.0,10513233,5952.06005859375
2021-07-01,6039.0,6135.0,5955.0,6133.0,10123780,6118.669921875
2021-07-02,6123.0,6180.0,5960.0,5988.0,5941606,5974.00927734375
2021-07-05,6017.0,6115.0,5979.0,6088.0,4527643,6073.775390625
2021-07-06,6120.0,6196.0,6010.0,6033.0,8244072,6018.90380859375
2021-07-07,6037.0,6258.0,6022.0,6213.0,14136785,6198.48291015625
2021-07-08,6100.0,6135.0,5852.0,5865.0,12903342,5851.29638671875
2021-07-09,5860.0,5991.0,5836.0,5964.0,9215947,5950.064453125
2021-07-12,5952.0,6130.0,5906.0,6130.0,7502302,6115.67724609375
2021-07-13,6104.0,6250.0,6045.0,6088.0,13914947,6073.775390625
2021-07-14,6100.0,6475.0,6119.0,6280.0,12949075,6265.326171875
2021-07-15,6260.0,6390.0,6138.0,6182.0,8987038,6167.5556640625
2021-07-16,6140.0,6200.0,5967.0,5967.0,9980972,5953.0576171875
2021-07-19,5859.0,5906.0,5530.0,5579.0,17104574,5565.96435546875
2021-07-20,5646.0,5760.0,5570.0,5694.0,13934371,5680.69580078125
2021-07-21,5741.0,5908.0,5730.0,5864.0,12432688,5850.29833984375
2021-07-22,5870.0,6020.0,5874.0,5995.0,8666529,5980.9921875
2021-07-23,6000.0,6144.0,5995.0,6024.0,9729808,6009.9248046875
2021-07-26,6060.0,6290.0,6040.0,6215.0,9719056,6200.478515625
2021-07-27,6170.0,6250.0,6124.0,6152.0,8138864,6137.6259765625
2021-07-28,6175.0,6338.0,6161.0,6338.0,8981326,6323.19140625
2021-07-29,6379.0,6480.0,6287.0,6452.0,10290636,6436.92529296875
2021-07-30,6300.0,6407.0,6290.0,6379.0,13617998,6364.09521484375
2021-08-02,6376.0,6430.0,6301.0,6301.0,7499471,6286.27783203125
2021-08-03,6241.0,6406.0,6222.0,6344.0,11793198,6329.177734375
2021-08-04,6331.0,6424.0,6303.0,6385.0,9888962,6370.08203125
2021-08-05,6312.0,6375.0,6130.0,6130.0,11858064,6115.67724609375
2021-08-06,6140.0,6216.0,5957.0,6050.0,11552296,6035.8642578125
2021-08-10,6000.0,6113.0,5896.0,5901.0,15668690,5887.2119140625
2021-08-11,5956.0,6187.0,5975.0,6134.0,9038176,6119.66748046875
2021-08-12,6145.0,6205.0,6082.0,6083.0,7109583,6068.787109375
2021-08-13,6115.0,6206.0,6086.0,6175.0,9471526,6160.57177734375
2021-08-16,6096.0,6253.0,6020.0,6225.0,9985294,6210.45458984375
2021-08-17,6230.0,6415.0,6245.0,6403.0,16207003,6388.03955078125
2021-08-18,6300.0,6375.0,6179.0,6179.0,10019791,6164.56201171875
2021-08-19,6124.0,6151.0,5727.0,5825.0,22689791,5811.39013671875
2021-08-20,5740.0,5816.0,5471.0,5628.0,18228300,5614.85009765625
2021-08-23,5690.0,5930.0,5660.0,5930.0,10282637,5916.14453125
2021-08-24,5958.0,6080.0,5950.0,5966.0,8347570,5952.06005859375
2021-08-25,5938.0,5989.0,5835.0,5872.0,11241707,5858.27880859375
2021-08-26,5865.0,6000.0,5755.0,5792.0,15041732,5778.466796875
2021-08-27,5850.0,5999.0,5835.0,5988.0,9602698,5974.00927734375
2021-08-30,6070.0,6062.0,5869.0,5869.0,5658534,5855.28662109375
2021-08-31,5884.0,5950.0,5829.0,5890.0,10801377,5876.23779296875
2021-09-01,5946.0,5995.0,5829.0,5850.0,7780886,5836.3310546875
2021-09-02,5866.0,5862.0,5585.0,5624.0,19979333,5610.85986328125
2021-09-03,5645.0,5721.0,5581.0,5666.0,19304873,5652.7607421875
2021-09-06,5621.0,5740.0,5375.0,5471.0,15691796,5458.216796875
2021-09-07,5485.0,5625.0,5385.0,5444.0,21470647,5431.279296875
2021-09-08,5435.0,5457.0,5237.0,5265.0,15722763,5252.69775390625
2021-09-09,5255.0,5375.0,5078.0,5125.0,21955327,5113.025390625
2021-09-10,5136.0,5174.0,5006.0,5061.0,20569484,5049.17529296875
2021-09-13,5045.0,5213.0,4985.0,5170.0,24491828,5157.9208984375
2021-09-14,5100.0,5143.0,4944.0,5065.0,36498481,5053.1650390625
2021-09-15,4775.0,4933.0,4693.0,4864.0,20614688,4855.43505859375
2021-09-16,4880.0,4932.0,4692.0,4723.0,32078311,4714.68212890625
2021-09-17,4792.0,4868.0,4720.0,4720.0,33607770,4711.68798828125
2021-09-20,4750.0,4835.0,4561.0,4744.0,18721547,4735.6455078125
2021-09-21,4710.0,4952.0,4694.0,4847.0,14555818,4838.46435546875
2021-09-22,4951.0,5099.0,4940.0,4986.0,19163074,4977.21923828125
2021-09-23,5016.0,5120.0,4911.0,4950.0,18696020,4941.28271484375
2021-09-27,5030.0,5047.0,4700.0,4700.0,29935840,4691.72314453125
2021-09-28,4700.0,4760.0,4567.0,4567.0,25639934,4558.95703125
2021-09-29,4591.0,4616.0,4479.0,4558.0,16579505,4549.97265625
2021-09-30,4585.0,4665.0,4542.0,4652.0,18995124,4643.8076171875
2021-10-01,4584.0,4652.0,4535.0,4569.0,12061322,4560.95361328125
2021-10-04,4599.0,4740.0,4567.0,4735.0,14739829,4726.662109375
2021-10-05,4701.0,4713.0,4521.0,4610.0,8781793,4601.8818359375
2021-10-06,4635.0,4678.0,4501.0,4580.0,6943315,4571.93408203125
2021-10-07,4620.0,4863.0,4626.0,4863.0,14507412,4854.435546875
2021-10-08,4967.0,5370.0,4863.0,5330.0,26323538,5320.61376953125
2021-10-11,5403.0,5449.0,5248.0,5416.0,12792245,5406.46240234375
2021-10-12,5380.0,5569.0,5358.5,5487.0,12972725,5477.33740234375
2021-10-13,5527.0,5584.0,5470.0,5584.0,8867251,5574.166015625
2021-10-14,5572.0,5868.0,5572.0,5649.0,14333599,5639.0517578125
2021-10-15,5683.0,5730.0,5572.0,5640.0,9996310,5630.0673828125
2021-10-18,5590.0,5621.0,5472.0,5532.0,7629502,5522.25732421875
2021-10-19,5585.0,5700.0,5471.0,5505.0,8200019,5495.30517578125
2021-10-20,5537.0,5569.0,5434.0,5507.0,6317017,5497.3017578125
2021-10-21,5450.0,5467.0,5250.0,5322.0,12486401,5312.6279296875
2021-10-22,5322.0,5479.0,5288.0,5456.0,9235520,5446.39111328125
2021-10-25,5430.0,5447.0,5154.0,5179.0,11606617,5169.88037109375
2021-10-26,5180.0,5379.0,5180.0,5312.0,10510866,5302.64501953125
2021-10-27,5350.0,5375.0,5266.0,5287.0,9469575,5277.689453125
2021-10-28,5322.0,5432.0,5298.0,5319.0,10662313,5309.6328125
2021-10-29,5382.0,5514.0,5297.0,5334.0,14189661,5324.6064453125
2021-11-02,5570.0,5567.0,5422.0,5464.0,9941386,5454.37744140625
2021-11-03,5479.0,5619.0,5391.0,5438.0,6728723,5428.4228515625
2021-11-04,5500.0,5536.0,5372.0,5410.0,8089283,5400.47314453125
2021-11-05,5418.0,5456.0,5208.0,5232.0,9048322,5222.7861328125
2021-11-08,5390.0,5440.0,5133.0,5230.0,17091028,5220.78955078125
2021-11-09,5275.0,5275.0,5024.0,5175.0,14248395,5165.88623046875
2021-11-10,5144.0,5469.0,5097.0,5469.0,18096855,5459.36865234375
2021-11-11,5399.0,5699.0,5399.0,5692.0,13342351,5681.97607421875
2021-11-12,5692.0,5709.0,5415.0,5461.0,10178395,5451.3828125
2021-11-15,5450.0,5510.0,5366.0,5447.0,9593203,5437.4072265625
2021-11-16,5500.0,5615.0,5447.0,5572.0,18765946,5562.1875
2021-11-17,5520.0,5600.0,5481.0,5568.0,12717381,5558.1943359375
2021-11-18,5549.0,5568.0,5384.0,5405.0,12974167,5395.48193359375
2021-11-19,5402.0,5407.0,5149.0,5241.0,10760905,5231.77001953125
2021-11-22,5220.0,5286.0,5069.0,5150.0,9697608,5140.93017578125
2021-11-23,5112.0,5217.0,5035.0,5118.0,8629726,5108.986328125
2021-11-24,5107.0,5122.0,4935.0,5025.0,9578344,5016.150390625
2021-11-25,5064.0,5119.0,4956.5,4970.0,6817990,4961.24755859375
2021-11-26,4965.0,5044.0,4728.0,4790.0,13078379,4781.564453125
2021-11-29,4850.0,4931.0,4813.0,4838.0,11111755,4829.48046875
2021-11-30,4925.0,5080.0,4913.0,5044.0,33531683,5035.11669921875
2021-12-01,5105.0,5130.0,4980.0,5105.0,15071810,5096.009765625
2021-12-02,4990.0,5124.0,4934.0,5025.0,20050498,5016.150390625
2021-12-03,5075.0,5174.0,5058.0,5083.0,12379994,5074.048828125
2021-12-06,5149.0,5151.0,4982.0,5045.0,9943365,5036.11572265625
2021-12-07,5055.0,5150.0,5070.0,5112.0,13888246,5102.99755859375
2021-12-08,5115.0,5125.0,4965.0,4990.0,9752136,4981.21240234375
2021-12-09,5069.0,5076.0,4868.0,4913.0,12763625,4904.34765625
2021-12-10,4875.0,4995.0,4821.0,4832.0,10767489,4823.49072265625
2021-12-13,4820.0,4940.0,4806.0,4844.0,9424076,4835.4697265625
2021-12-14,4844.0,4991.0,4781.0,4866.0,20066447,4857.4306640625
2021-12-15,4850.0,4914.0,4700.0,4700.0,29226829,4691.72314453125
2021-12-17,4945.0,4973.0,4779.0,4807.0,36201362,4798.53466796875
2021-12-20,4800.0,4850.0,4622.0,4655.0,9547605,4646.802734375
2021-12-21,4705.0,4880.0,4685.0,4875.0,7967663,4866.4140625
2021-12-22,4894.0,4929.0,4846.0,4862.0,3060684,4853.43798828125
2021-12-23,4950.0,4992.0,4855.0,4896.0,4804396,4887.3779296875
2021-12-24,4955.0,4985.0,4865.0,4865.0,1040639,4856.4326171875
2021-12-28,4901.0,4976.0,4888.0,4953.0,7913360,4944.27783203125
2021-12-29,4935.0,4957.0,4873.0,4943.0,4585230,4934.294921875
2021-12-30,4915.0,5004.0,4882.0,4974.0,4390526,4965.23974609375
2021-12-31,4974.0,5000.0,4900.0,4910.0,1625868,4901.35302734375
2022-01-03,4927.0,4990.0,4890.0,4912.0,4611270,4903.349609375
2022-01-04,4933.0,5132.0,4928.0,5121.0,6374919,5111.9814453125
2022-01-05,5072.0,5178.0,5050.0,5178.0,8275116,5168.880859375
2022-01-06,5100.0,5133.0,4922.0,4960.0,8052997,4951.265625
2022-01-07,4980.0,5020.0,4926.0,4978.0,6017070,4969.23388671875
2022-01-10,5119.0,5272.0,4978.0,5186.0,12160355,5176.8671875
2022-01-11,5314.0,5555.0,5300.0,5555.0,21305818,5545.216796875
2022-01-12,5660.0,5772.0,5495.0,5750.0,16806723,5739.87353515625
2022-01-13,5745.0,5744.0,5665.0,5707.0,7895553,5696.94970703125
2022-01-14,5640.0,5666.0,5564.0,5623.0,5437998,5613.09716796875
2022-01-17,5577.0,5630.0,5510.0,5606.0,4852783,5596.126953125
2022-01-18,5606.0,5607.0,5480.0,5542.0,6317542,5532.24072265625
2022-01-19,5526.0,5865.0,5452.0,5865.0,8873617,5854.67138671875
2022-01-20,5921.0,6069.0,5869.0,5980.0,16020007,5969.46875
2022-01-21,5950.0,5937.0,5818.0,5883.0,9064861,5872.64013671875
2022-01-24,5845.0,5840.0,5379.0,5400.0,13624243,5390.490234375
2022-01-25,5545.0,5625.0,5491.0,5594.0,10903485,5584.1484375
2022-01-26,5680.0,5958.0,5662.0,5945.0,11766610,5934.53076171875
2022-01-27,5800.0,5973.0,5696.0,5731.0,9071591,5720.90673828125
2022-01-28,5686.0,5720.0,5476.0,5468.0,7290459,5458.37109375
2022-01-31,5621.0,5702.0,5508.0,5653.0,10652002,5643.044921875
2022-02-01,5700.0,5857.0,5687.0,5710.0,8007351,5699.9443359375
2022-02-02,5766.0,5764.0,5604.0,5605.0,5981547,5595.12890625
2022-02-03,5615.0,5693.0,5519.0,5621.0,10560044,5611.10107421875
2022-02-04,5621.0,5808.0,5618.0,5779.0,11478919,5768.822265625
2022-02-07,5801.0,5899.0,5703.0,5785.0,7044905,5774.8125
2022-02-08,5851.0,5957.0,5868.0,5878.0,8674274,5867.6484375
2022-02-09,5950.0,5984.0,5792.0,5818.0,10362278,5807.75439453125
2022-02-10,5790.0,5835.0,5646.0,5811.0,10469708,5800.76611328125
2022-02-11,5665.0,5995.0,5667.0,5880.0,10361253,5869.6455078125
2022-02-14,6051.0,6227.0,6012.0,6160.0,17155509,6149.15234375
2022-02-15,6199.0,6180.0,5704.0,5739.0,16496418,5728.89306640625
2022-02-16,5850.0,6076.0,5850.0,6050.0,10511143,6039.345703125
2022-02-17,6150.0,6375.0,6113.0,6305.0,19066782,6293.896484375
2022-02-18,6300.0,6385.0,6203.0,6274.0,9560464,6262.95068359375
2022-02-21,6255.0,6255.0,6070.0,6123.0,6142844,6112.2177734375
2022-02-22,6300.0,6499.0,6134.0,6439.0,14931390,6427.66015625
2022-02-23,6400.0,6415.0,6225.0,6398.0,11336270,6386.732421875
2022-02-24,6677.0,7227.0,6677.0,6925.0,36913999,6912.8046875
2022-02-25,6651.0,6883.0,6289.0,6402.0,17176903,6390.7255859375
2022-02-28,6743.0,7315.0,6588.0,7137.0,41598292,7124.43115234375
2022-03-01,7275.0,7556.0,7151.0,7500.0,26441513,7486.79248046875
2022-03-02,7615.0,7814.0,7498.0,7540.0,21895870,7526.72119140625
2022-03-03,7600.0,7739.0,7118.0,7203.0,17784728,7190.31494140625
2022-03-04,7210.0,7419.0,6802.0,7360.0,23462259,7347.03857421875
2022-03-07,7780.0,8022.0,7400.0,7403.0,31585024,7389.96240234375
2022-03-08,7625.0,7699.0,6955.0,7056.0,31505948,7043.57373046875
2022-03-09,6965.0,7110.0,6501.0,6720.0,31606525,6708.166015625
2022-03-10,6692.0,6942.0,6547.0,6887.0,22847477,6874.8720703125
2022-03-11,6765.0,6950.0,6509.0,6602.0,14196321,6590.3740234375
2022-03-14,6490.0,6602.0,6241.0,6275.0,20738199,6263.94970703125
2022-03-15,6199.0,6370.0,6027.0,6338.0,13310702,6326.8388671875
2022-03-16,6500.0,6580.0,6280.0,6354.0,12849060,6342.81005859375
2022-03-17,6475.0,6698.0,6339.0,6647.0,30926381,6635.29443359375
2022-03-18,6689.0,6729.0,6567.0,6567.0,31402716,6555.43505859375
2022-03-22,6725.0,6799.0,6438.0,6560.0,11059720,6548.4482421875
2022-03-23,6470.0,6795.0,6454.0,6510.0,12325396,6500.388671875
2022-03-24,6600.0,6664.0,6426.0,6622.0,9370769,6612.22412109375
2022-03-25,6481.0,6474.0,6258.0,6291.0,8134950,6281.7119140625
2022-03-28,6235.0,6214.0,5750.0,5828.0,15169903,5819.3955078125
2022-03-29,5800.0,5856.0,5451.0,5703.0,16477079,5694.580078125
2022-03-30,5792.0,6045.0,5721.0,6045.0,16353580,6036.07470703125
2022-03-31,6000.0,6001.0,5860.0,5980.0,13933698,5971.171875
2022-04-01,5950.0,6039.0,5831.0,5991.0,9140893,5982.15478515625
2022-04-04,6088.0,6150.0,5973.0,5979.0,7235017,5970.17236328125
2022-04-05,6000.0,6069.0,5800.0,5824.0,8643964,5815.40087890625
2022-04-06,5872.0,5838.0,5627.0,5743.0,13821827,5734.52099609375
2022-04-07,5788.0,5888.0,5707.0,5816.0,8899637,5807.4130859375
2022-04-08,5899.0,6407.0,5800.0,6300.0,15476761,6290.69873046875
2022-04-11,6335.0,6450.0,6200.0,6339.0,11273274,6329.64111328125
2022-04-12,6363.0,6427.0,6087.0,6188.0,12567529,6178.8642578125
2022-04-13,6170.0,6225.0,6075.0,6149.0,7828210,6139.92236328125
2022-04-14,6149.0,6189.0,6037.0,6069.0,6689352,6060.03955078125
2022-04-19,6107.0,6224.0,5958.0,5972.0,7712113,5963.18310546875
2022-04-20,5991.0,6040.0,5861.0,5994.0,9187993,5985.15087890625
2022-04-21,6000.0,6085.0,5790.0,5830.0,10720025,5821.392578125
2022-04-22,5830.0,5866.0,5655.0,5667.0,11779009,5658.63330078125
2022-04-25,5600.0,5598.0,5263.0,5300.0,16441850,5292.1748046875
2022-04-26,5412.0,5573.0,5351.0,5409.0,7006390,5401.013671875
2022-04-28,5440.0,5551.0,5402.0,5508.0,9782801,5499.86767578125
2022-04-29,5600.0,5678.0,5542.0,5579.0,12910418,5570.76318359375
2022-05-03,5511.0,5590.0,5369.0,5588.0,8870636,5579.74951171875
2022-05-04,5510.0,5623.0,5352.0,5382.0,9034392,5374.05419921875
2022-05-05,5400.0,5479.0,4881.0,4957.0,26695762,4949.681640625
2022-05-06,4900.0,4957.0,4700.0,4775.0,23341070,4767.94970703125
2022-05-09,4789.0,4849.0,4664.0,4745.0,14841167,4737.994140625
2022-05-10,4813.0,4868.0,4701.0,4701.0,13024957,4694.05908203125
2022-05-11,4730.0,4761.0,4593.0,4710.0,17838185,4703.0458984375
2022-05-12,4550.0,4550.0,4246.0,4395.0,23932252,4388.51123046875
2022-05-13,4380.0,4659.0,4360.0,4652.0,24281994,4645.1318359375
2022-05-16,4663.0,4790.0,4588.0,4772.0,11186668,4764.95458984375
2022-05-17,4845.0,4906.0,4765.0,4818.0,10752338,4810.88720703125
2022-05-18,4879.0,4920.0,4778.0,4791.0,13060534,4783.9267578125
2022-05-19,4750.0,4801.0,4576.0,4732.0,9910920,4725.013671875
2022-05-20,4844.0,4874.0,4607.0,4615.0,16566290,4608.18701171875
2022-05-23,4700.0,4869.0,4706.0,4814.0,8849279,4806.89306640625
2022-05-24,4850.0,4852.0,4694.0,4771.0,7024877,4763.95654296875
2022-05-25,4834.0,4833.0,4581.0,4722.0,10409718,4715.0283203125
2022-05-26,4760.0,5043.0,4722.0,4998.0,10722340,4990.62158203125
2022-05-27,5050.0,5130.0,4943.0,5041.0,9445740,5033.55712890625
2022-05-30,5099.0,5193.0,4993.0,5181.0,7801598,5173.3505859375
2022-05-31,5128.0,5193.0,5051.0,5109.0,17239605,5101.45751953125
2022-06-01,5110.0,5121.0,4758.0,4844.0,9156377,4836.8486328125
2022-06-02,4876.0,5073.0,4888.0,5025.0,13483930,5017.5810546875
2022-06-03,4973.0,5027.0,4870.0,4884.0,6830506,4876.7890625
2022-06-06,5010.0,5014.0,4798.0,4839.0,7979558,4831.85546875
2022-06-07,4874.0,4865.0,4748.0,4772.0,7460457,4764.95458984375
2022-06-08,4811.0,4814.0,4562.0,4627.0,11170730,4620.1689453125
2022-06-09,4591.0,4627.0,4478.0,4491.0,11464689,4484.36962890625
2022-06-10,4502.0,4543.0,4412.0,4515.0,10397700,4508.333984375
2022-06-13,4700.0,4700.0,4351.0,4351.0,12280789,4344.57666015625
2022-06-14,4430.0,4443.0,4070.0,4127.0,23661627,4120.9072265625
2022-06-15,4161.0,4427.0,4107.0,4351.0,29803184,4344.57666015625
2022-06-17,4394.0,4450.0,4256.0,4303.0,18524876,4296.6474609375
2022-06-20,4328.0,4458.0,4281.0,4284.0,6857139,4277.67529296875
2022-06-21,4316.0,4430.0,4286.0,4358.0,6579513,4351.56640625
2022-06-22,4311.0,4333.0,4190.0,4268.0,6303560,4261.69921875
2022-06-23,4268.0,4277.0,4175.0,4221.0,5830604,4214.76806640625
2022-06-24,4175.0,4309.0,4142.0,4202.0,12505274,4195.7958984375
2022-06-27,4265.0,4404.0,4183.0,4205.0,14088765,4198.79150390625
2022-06-28,4250.0,4350.0,4195.0,4201.0,11501393,4194.7978515625
2022-06-29,4105.0,4357.0,4059.0,4155.0,14679691,4148.865234375
2022-06-30,4200.0,4164.0,4049.0,4067.0,11440293,4060.995849609375
2022-07-01,4001.0,4050.0,3922.0,4006.0,7599772,4000.085205078125
2022-07-04,4100.0,4282.0,4089.0,4237.0,5292403,4230.744140625
2022-07-05,4260.0,4251.0,3967.0,3991.0,8837188,3985.10791015625
2022-07-06,4046.0,4209.0,4039.0,4171.0,6922089,4164.841796875
2022-07-07,4185.0,4290.0,4078.0,4223.0,10558064,4216.7646484375
2022-07-08,4246.0,4369.0,4110.0,4367.0,8464480,4360.552734375
2022-07-11,4299.0,4314.0,4176.0,4276.0,5108701,4269.68701171875
2022-07-12,4230.0,4269.0,4155.0,4206.0,6435224,4199.79052734375
2022-07-13,4220.0,4263.0,4062.0,4162.0,14948306,4155.85546875
2022-07-14,4169.0,4190.0,3794.0,3794.0,12597260,3788.398681640625
2022-07-15,3815.0,3820.0,3608.0,3725.0,16240928,3719.500732421875
2022-07-18,3823.0,4002.0,3772.0,3967.0,10095160,3961.143310546875
2022-07-19,3904.0,3951.0,3863.0,3914.0,9448531,3908.221435546875
2022-07-20,3951.0,3976.0,3837.0,3923.0,6697391,3917.208251953125
2022-07-21,3880.0,3897.0,3737.0,3875.0,10308654,3869.279296875
2022-07-22,3900.0,4019.0,3843.0,3984.0,25761940,3978.117919921875
2022-07-25,3935.0,3992.0,3871.0,3880.0,10697719,3874.271728515625
2022-07-26,3949.0,3975.0,3858.5,3917.0,11719940,3911.217041015625
2022-07-27,3960.0,3967.0,3865.0,3888.0,5892125,3882.260009765625
2022-07-28,4005.0,4110.0,3924.0,3967.0,13437407,3961.143310546875
2022-07-29,4030.0,4096.0,3986.0,4052.0,16544184,4046.017822265625
2022-08-01,4060.0,4154.0,3150.0,4036.0,6072782,4030.041259765625
2022-08-02,4040.0,4071.0,3900.0,3987.0,12284781,3981.113525390625
2022-08-03,3985.0,4077.0,3905.0,3951.0,9525223,3945.1669921875
2022-08-04,4019.0,4098.0,3945.0,4074.0,8813450,4067.9853515625
2022-08-05,4100.0,4173.0,4014.0,4170.0,6108906,4163.84326171875
2022-08-08,4211.0,4407.0,4184.0,4365.0,8278629,4358.5556640625
2022-08-10,4360.0,4422.0,4289.0,4342.0,7860533,4335.58984375
2022-08-11,4280.0,4424.0,4279.0,4334.0,17681480,4327.6005859375
2022-08-12,4300.0,4315.0,4052.0,4068.0,12445845,4061.994140625
2022-08-15,4146.0,4156.0,3976.0,4045.0,10464233,4039.028076171875
2022-08-16,4076.0,4195.0,4068.0,4188.0,7699212,4181.81689453125
2022-08-17,4150.0,4150.0,3856.0,3942.0,15229068,3936.179931640625
2022-08-18,3991.0,3999.0,3899.0,3942.0,6851870,3936.179931640625
2022-08-19,3963.0,3997.0,3821.0,3829.0,10776754,3823.346923828125
2022-08-22,3860.0,3894.0,3750.0,3854.0,8436406,3848.309814453125
2022-08-23,3898.0,3995.0,3872.0,3967.0,5725738,3961.143310546875
2022-08-24,3999.0,4059.0,3916.0,3964.0,8297625,3958.147705078125
2022-08-25,4076.0,4149.0,3997.0,4114.0,10857223,4107.92626953125
2022-08-26,4150.0,4291.0,4100.0,4215.0,9189202,4208.77685546875
2022-08-29,4140.0,4140.0,3960.0,3980.0,11843220,3974.123779296875
2022-08-30,4020.0,4028.0,3766.0,3784.0,16659830,3778.41357421875
2022-08-31,3850.0,3929.0,3802.0,3849.0,13851011,3843.3173828125
2022-09-01,3849.0,3854.0,3650.0,3671.0,16812013,3665.580322265625
2022-09-02,3739.0,3838.0,3645.0,3821.0,14378629,3815.35888671875
2022-09-05,3800.0,3944.0,3788.0,3846.0,4975371,3840.32177734375
2022-09-06,3875.0,3931.0,3810.0,3858.0,5125852,3852.30419921875
2022-09-07,3858.0,3908.0,3765.0,3871.0,7673608,3865.28466796875
2022-09-08,3910.0,4072.0,3895.0,4028.0,12273421,4022.052978515625
2022-09-09,4102.0,4264.0,4102.0,4146.0,15519649,4139.87890625
2022-09-12,4186.0,4275.0,4149.0,4244.0,10004669,4237.734375
2022-09-13,4240.0,4283.0,4053.0,4110.0,12787009,4103.93212890625
2022-09-14,3980.0,4077.0,3945.0,4047.0,9404435,4042.382080078125
2022-09-15,4035.0,4067.0,3968.0,3971.0,19275420,3966.46875
2022-09-16,3940.0,3943.0,3773.0,3880.0,24017120,3875.572998046875
2022-09-19,3870.0,3875.0,3734.0,3861.0,8066037,3856.5947265625
2022-09-20,3912.0,3971.0,3807.0,3837.0,6536378,3832.621826171875
2022-09-21,3946.0,3969.0,3858.0,3861.0,6911061,3856.5947265625
2022-09-22,3860.0,3932.0,3766.0,3868.0,10778596,3863.58642578125
2022-09-23,3844.0,3846.0,3574.0,3574.0,13793786,3569.922119140625
2022-09-26,3616.0,3755.0,3568.0,3727.0,13251227,3722.7470703125
2022-09-27,3790.0,3840.0,3684.0,3777.0,11065243,3772.6904296875
2022-09-28,3710.0,3907.0,3655.0,3878.0,8842886,3873.5751953125
2022-09-29,3900.0,4135.0,3785.0,4069.0,13898926,4064.35693359375
2022-09-30,4100.0,4229.0,4100.0,4201.0,12826024,4196.20654296875
2022-10-03,4111.0,4263.0,4097.0,4233.0,6850088,4228.17041015625
2022-10-04,4358.0,4550.0,4298.0,4489.0,14827772,4483.8779296875
2022-10-05,4480.0,4490.0,4379.0,4415.0,8279131,4409.96240234375
2022-10-06,4497.0,4536.0,4401.0,4488.0,9353694,4482.87890625
2022-10-07,4456.0,4521.0,4334.0,4431.0,7657102,4425.94384765625
2022-10-10,4305.0,4379.0,4236.0,4236.0,7180463,4231.1669921875
2022-10-11,4240.0,4343.0,4175.0,4245.0,8488898,4240.15625
2022-10-12,4210.0,4300.0,4194.0,4228.0,5697493,4223.17578125
2022-10-13,4202.0,4250.0,4080.0,4171.0,9597933,4166.24072265625
2022-10-14,4259.0,4359.0,4071.0,4091.0,6635033,4086.33203125
2022-10-17,4146.0,4292.0,4082.0,4269.0,6649793,4264.12890625
2022-10-18,4305.0,4341.0,4218.0,4255.0,8799938,4250.14501953125
2022-10-19,4245.0,4224.0,4090.0,4185.0,7356653,4180.224609375
2022-10-20,4249.0,4241.0,4072.0,4212.0,16713214,4207.1943359375
2022-10-21,4170.0,4321.0,4066.0,4269.0,5791573,4264.12890625
2022-10-24,4329.0,4329.0,4190.0,4273.0,4780529,4268.12451171875
2022-10-25,4291.0,4320.0,4023.0,4124.0,16094724,4119.294921875
2022-10-26,4209.0,4373.0,4142.0,4360.0,11687973,4355.025390625
2022-10-27,4337.0,4466.0,4300.0,4410.0,8999567,4404.96826171875
2022-10-28,4385.0,4413.0,4255.0,4300.0,11218321,4295.09375
2022-10-31,4300.0,4367.0,4234.0,4313.0,6683902,4308.07861328125
2022-11-01,4375.0,4487.0,4300.0,4319.0,6544355,4314.07177734375
2022-11-02,4270.0,4499.0,4253.0,4359.0,7635002,4354.0263671875
2022-11-03,4115.0,4158.0,3828.0,3907.0,18279526,3902.542236328125
2022-11-04,3979.0,4274.0,3815.0,4250.0,27428825,4245.15087890625
2022-11-07,4215.0,4353.0,3842.0,4330.0,10037907,4325.0595703125
2022-11-08,4365.0,4334.0,4221.0,4270.0,5870790,4265.12841796875
2022-11-09,4400.0,4468.0,4310.0,4468.0,9785712,4462.90185546875
2022-11-10,4450.0,4567.0,4282.0,4546.0,17384734,4540.81298828125
2022-11-11,4663.0,4760.0,4594.0,4627.0,16082164,4621.720703125
2022-11-14,4601.0,4666.0,4553.0,4644.0,8769744,4638.701171875
2022-11-15,4614.0,4734.0,4542.0,4575.0,13421177,4569.77978515625
2022-11-16,4570.0,4628.0,4462.0,4485.0,11116276,4479.8828125
2022-11-17,4500.0,4538.0,4385.0,4400.0,10911558,4394.9794921875
2022-11-18,4440.0,4513.0,4364.0,4443.0,5716378,4437.9306640625
2022-11-21,4400.0,4405.0,4282.0,4342.0,6850553,4337.04541015625
2022-11-22,4345.0,4442.0,4313.0,4396.0,6522012,4390.984375
2022-11-23,4300.0,4491.0,4363.0,4384.0,6262092,4378.998046875
2022-11-24,4415.0,4595.0,4406.0,4550.0,7474462,4544.80810546875
2022-11-25,4540.0,4542.0,4405.0,4460.0,5314712,4454.9111328125
2022-11-28,4450.0,4548.0,4386.0,4511.0,7308264,4505.8525390625
2022-11-29,4403.0,4673.0,4401.0,4516.0,10784080,4510.84716796875
2022-11-30,4524.0,4774.0,4545.0,4667.0,25059906,4661.67431640625
2022-12-01,4800.0,4897.0,4733.0,4889.0,17069419,4883.4208984375
2022-12-02,4824.0,4882.0,4700.0,4800.0,14921785,4794.52294921875
2022-12-05,4900.0,4946.0,4813.0,4813.0,9339348,4807.5078125
2022-12-06,4705.0,4818.0,4705.0,4757.0,4907351,4751.57177734375
2022-12-07,4690.0,4766.0,4608.0,4747.0,5527395,4741.583984375
2022-12-08,4720.0,4807.0,4727.0,4790.0,5568820,4784.5341796875
2022-12-09,4760.0,4997.0,4728.0,4926.0,9726908,4920.37939453125
2022-12-12,4816.0,4951.0,4721.0,4845.0,8727549,4839.47119140625
2022-12-13,4765.0,4993.0,4730.0,4949.0,9435613,4943.35302734375
2022-12-14,4800.0,4824.0,4615.0,4616.0,11538148,4610.73291015625
2022-12-15,4600.0,4607.0,4462.0,4517.0,38462719,4511.84619140625
2022-12-19,4452.0,4539.0,4452.0,4499.0,5533283,4493.86669921875
2022-12-20,4425.0,4503.0,4339.0,4499.0,6395818,4493.86669921875
2022-12-21,4500.0,4658.0,4499.0,4649.0,6124480,4643.6953125
2022-12-22,4637.0,4676.0,4534.0,4559.0,3854285,4553.79833984375
2022-12-23,4540.0,4637.0,4520.0,4637.0,1112460,4631.708984375
2022-12-28,4680.0,4714.0,4609.0,4670.0,4401128,4664.67138671875
2022-12-29,4620.0,4635.0,4511.0,4630.0,4227329,4624.71728515625
2022-12-30,4630.0,4585.0,4472.0,4472.0,2128920,4466.8974609375
2023-01-03,4508.0,4710.0,4497.0,4686.0,4212637,4680.65283203125
2023-01-04,4685.0,4739.0,4602.0,4653.0,10734994,4647.69091796875
2023-01-05,4760.0,4889.0,4665.0,4758.0,8113052,4752.5712890625
2023-01-06,4830.0,5001.0,4807.0,4975.0,5183110,4969.32373046875
2023-01-09,5020.0,5185.0,5011.0,5060.0,9697771,5054.22607421875
2023-01-10,5005.0,5176.0,4989.0,5142.0,8692743,5136.13330078125
2023-01-11,5190.0,5245.0,5128.0,5128.0,12495142,5122.14892578125
2023-01-12,5112.0,5180.0,5051.0,5054.0,12166086,5048.2333984375
2023-01-13,5098.0,5235.0,5018.0,5168.0,8610723,5162.10302734375
2023-01-16,5220.0,5190.0,5033.0,5060.0,6251598,5054.22607421875
2023-01-17,5060.0,5030.0,4905.0,4969.0,7752610,4963.330078125
2023-01-18,4901.0,5060.0,4932.0,5009.0,5856271,5003.28466796875
2023-01-19,4962.0,4999.0,4805.0,4855.0,9460931,4849.46044921875
2023-01-20,4905.0,5007.0,4822.0,4853.0,5537560,4847.46240234375
2023-01-23,4855.0,4953.0,4844.0,4872.0,4870590,4866.44091796875
2023-01-24,4917.0,4959.0,4722.0,4722.0,6151651,4716.61181640625
2023-01-25,4800.0,4800.0,4630.0,4703.0,8141326,4697.6337890625
2023-01-26,4711.0,4792.0,4640.0,4641.0,7414831,4635.70458984375
2023-01-27,4675.0,4719.0,4581.0,4605.0,7402765,4599.74560546875
2023-01-30,4547.0,4644.0,4541.0,4619.0,6306183,4613.7294921875
2023-01-31,4557.0,4601.0,4521.0,4535.0,11310733,4529.8251953125
2023-02-01,4625.0,4650.0,4458.0,4523.0,14822621,4517.83935546875
2023-02-02,4585.0,4663.0,4521.0,4585.0,9581274,4579.76806640625
2023-02-03,4620.0,4635.0,4513.5,4595.0,8348629,4589.75732421875
2023-02-06,4585.0,4643.0,4448.0,4495.0,8806199,4489.87158203125
2023-02-07,4456.0,4580.0,4422.0,4550.0,10510872,4544.80810546875
2023-02-08,4550.0,4600.0,4531.0,4576.0,6368130,4570.77880859375
2023-02-09,4600.0,4623.0,4490.0,4491.0,6965538,4485.87548828125
2023-02-10,4425.0,4425.0,4271.0,4324.0,5831945,4319.06640625
2023-02-13,4320.0,4417.0,4315.0,4399.0,5538591,4393.98046875
2023-02-14,4400.0,4423.0,4299.0,4355.0,6332940,4350.03076171875
2023-02-15,4300.0,4350.0,4158.0,4177.0,13234548,4172.234375
2023-02-16,4240.0,4262.0,4178.0,4182.0,6856083,4177.22802734375
2023-02-17,4235.0,4237.0,4107.0,4143.0,11161670,4138.2724609375
2023-02-20,4160.0,4175.0,4106.0,4150.0,5934698,4145.26416015625
2023-02-21,4160.0,4180.0,3825.0,3924.0,22933756,3919.522705078125
2023-02-22,3993.0,3955.0,3744.0,3830.0,17914444,3825.6298828125
2023-02-23,3840.0,3925.0,3834.0,3903.0,13073464,3898.546875
2023-02-24,3950.0,3959.0,3803.0,3818.0,8974485,3813.6435546875
2023-02-27,3850.0,3886.0,3755.0,3824.0,7870547,3819.636962890625
2023-02-28,3830.0,3839.0,3651.0,3711.0,21372115,3706.765625
2023-03-01,3720.0,3786.0,3640.0,3686.0,18819760,3681.7939453125
2023-03-02,3689.0,3714.0,3542.0,3653.0,15963976,3648.83203125
2023-03-03,3788.0,3842.0,3720.0,3725.0,11978453,3720.749755859375
2023-03-06,3815.0,3813.0,3629.0,3699.0,15215751,3694.779541015625
2023-03-07,3740.0,3736.0,3642.0,3657.0,9736684,3652.8271484375
2023-03-08,3649.0,3727.0,3615.0,3724.0,11336945,3719.75048828125
2023-03-09,3685.0,3737.0,3640.0,3719.0,10852538,3714.756591796875
2023-03-10,3652.0,3817.0,3632.0,3782.0,15107411,3777.6845703125
2023-03-13,3820.0,4010.0,3751.0,3986.0,25378229,3981.451904296875
2023-03-14,3980.0,3986.0,3717.0,3735.0,32323713,3730.73828125
2023-03-15,3800.0,3824.0,3673.0,3737.0,18145185,3732.736083984375
2023-03-16,3744.0,3815.0,3650.0,3710.0,26112194,3705.76708984375
2023-03-17,3720.0,3770.0,3655.0,3741.0,43882801,3736.7314453125
2023-03-20,3775.0,3892.0,3761.0,3798.0,10595673,3793.666259765625
2023-03-22,3800.0,3829.0,3636.0,3796.0,10544830,3792.886962890625
2023-03-23,3800.0,3842.0,3728.0,3779.0,10462530,3775.90087890625
2023-03-24,3750.0,3756.0,3627.0,3693.0,8362171,3689.9716796875
2023-03-27,3669.0,3692.0,3642.0,3653.0,9722496,3650.004150390625
2023-03-28,3700.0,3750.0,3681.0,3748.0,9898989,3744.92626953125
2023-03-29,3765.0,3793.0,3734.0,3784.0,7481735,3780.89697265625
2023-03-30,3800.0,3875.0,3743.0,3790.0,8808155,3786.89208984375
2023-03-31,3801.0,3821.0,3640.0,3663.0,11189941,3659.99609375
2023-04-03,3730.0,3703.0,3614.0,3656.0,12180338,3653.001953125
2023-04-04,3689.0,3786.0,3621.0,3786.0,13380602,3782.89501953125
2023-04-05,3809.0,3809.0,3706.0,3706.0,11190653,3702.9609375
2023-04-06,3726.0,3784.0,3700.0,3712.0,10345628,3708.9560546875
2023-04-11,3784.0,3912.0,3726.0,3876.0,16602889,3872.8212890625
2023-04-12,3920.0,3931.0,3835.0,3866.0,10185224,3862.829833984375
2023-04-13,3890.0,4043.0,3840.0,4027.0,12082485,4023.697509765625
2023-04-14,4099.0,4099.0,3810.0,3848.0,11123245,3844.844482421875
2023-04-17,3894.0,3907.0,3836.0,3877.0,10735951,3873.820556640625
2023-04-18,3886.0,4319.0,3888.0,4303.0,26309534,4299.47119140625
2023-04-19,4265.0,4262.0,4132.0,4197.0,13884115,4193.55810546875
2023-04-20,4185.0,4199.0,4035.0,4165.0,12386430,4161.58447265625
2023-04-21,4128.0,4166.0,4060.0,4089.0,9205911,4085.646728515625
2023-04-24,4055.0,4184.0,4005.0,4057.0,12050885,4053.673095703125
2023-04-25,4010.0,4050.0,3934.0,3993.0,7441290,3989.725341796875
2023-04-26,4030.0,4033.0,3939.0,3980.0,9035202,3976.736328125
2023-04-28,3960.0,4050.0,3913.0,4037.0,7718467,4033.689453125
2023-05-02,4037.0,4032.0,3917.0,3965.0,11818133,3961.748291015625
2023-05-03,3975.0,4098.0,3968.0,4095.0,14657028,4091.64208984375
2023-05-04,4149.0,4330.0,4123.0,4283.0,15506868,4279.48779296875
2023-05-05,4299.0,4490.0,4287.0,4458.0,28539048,4454.34423828125
2023-05-08,4463.0,4578.0,4456.0,4471.0,11092519,4467.333984375
2023-05-09,4441.0,4441.0,3939.0,3966.0,19833428,3962.747802734375
2023-05-10,3893.0,3880.0,3642.0,3810.0,30393389,3806.875732421875
2023-05-11,3880.0,3888.0,3701.0,3732.0,14371855,3728.939697265625
2023-05-12,3750.0,3844.0,3671.0,3774.0,8724303,3770.905029296875
2023-05-15,3774.0,3805.0,3696.0,3727.0,7890969,3723.943359375
2023-05-16,3715.0,3773.0,3696.0,3703.0,4706789,3699.96337890625
2023-05-17,3687.0,3731.0,3656.0,3671.0,9892791,3667.989501953125
2023-05-18,3657.0,3699.0,3584.0,3646.0,10674542,3643.010009765625
2023-05-19,3620.0,3715.0,3625.0,3690.0,12648518,3686.973876953125
2023-05-22,3705.0,3736.0,3609.0,3661.0,7132641,3657.99755859375
2023-05-23,3690.0,3667.0,3556.0,3610.0,10797373,3607.03955078125
2023-05-24,3620.0,3650.0,3526.0,3540.0,9049505,3537.09716796875
2023-05-25,3540.0,3609.0,3463.0,3507.0,16900221,3504.1240234375
2023-05-26,3475.0,3599.0,3433.0,3453.0,6744718,3450.168212890625
2023-05-29,3466.0,3506.0,3402.0,3432.0,3912803,3429.185546875
2023-05-30,3439.0,3537.0,3385.0,3423.0,8970804,3420.19287109375
2023-05-31,3480.0,3548.0,3426.0,3501.0,32605833,3498.128662109375
2023-06-01,3523.0,3538.0,3424.0,3535.0,6721030,3532.100830078125
2023-06-02,3569.0,3618.0,3460.0,3497.0,8844549,3494.132080078125
2023-06-05,3500.0,3530.0,3420.0,3470.0,8791993,3467.154541015625
2023-06-06,3450.0,3482.0,3405.0,3446.0,9109709,3443.174072265625
2023-06-07,3455.0,3564.0,3432.0,3509.0,10118918,3506.122314453125
2023-06-08,3490.0,3499.0,3404.0,3436.0,10406999,3433.182373046875
2023-06-09,3470.0,3471.0,3324.0,3362.0,7148409,3359.242919921875
2023-06-12,3363.0,3535.0,3214.0,3256.0,11646828,3253.329833984375
2023-06-13,3280.0,3348.0,3256.0,3347.0,13015987,3344.255126953125
2023-06-14,3380.0,3439.0,3347.0,3395.0,8019174,3392.216064453125
2023-06-15,3378.0,3395.0,3204.0,3312.0,43389129,3309.283935546875
2023-06-19,3310.0,3435.0,3253.0,3253.0,8253936,3250.33203125
2023-06-20,3290.0,3278.0,3188.0,3199.0,14068491,3196.376708984375
2023-06-21,3181.0,3189.0,3036.0,3054.0,8597457,3051.49560546875
2023-06-22,3055.0,3062.0,2930.0,2979.0,14924187,2976.556884765625
2023-06-23,3005.0,3010.0,2901.0,2968.0,16553214,2965.566162109375
2023-06-26,3000.0,3018.0,2881.0,2935.0,10924303,2932.593017578125
2023-06-27,2950.0,2981.0,2822.0,2855.0,14560475,2852.658935546875
2023-06-28,2855.0,2855.0,2782.0,2800.0,11484098,2797.703857421875
2023-06-29,2821.0,2896.0,2752.0,2885.0,20310807,2882.634033203125
2023-06-30,2920.0,2949.0,2826.0,2900.0,16211194,2897.621826171875
2023-07-03,2920.0,2989.0,2863.0,2961.0,9412849,2958.571533203125
2023-07-04,2962.0,2984.0,2930.0,2959.0,9452148,2956.573486328125
2023-07-05,2960.0,2972.0,2918.0,2961.0,5705248,2958.571533203125
2023-07-06,2940.0,2961.0,2837.0,2845.0,16886110,2842.666748046875
2023-07-07,2853.0,2924.0,2826.0,2905.0,16003394,2902.61767578125
2023-07-10,2900.0,2907.0,2793.0,2880.0,8262806,2877.638427734375
2023-07-11,2900.0,3023.0,2889.0,2972.0,16423297,2969.562744140625
2023-07-12,3000.0,3135.0,2970.0,3106.0,10822216,3103.453125
2023-07-13,3200.0,3220.0,3105.0,3193.0,10829522,3190.38134765625
2023-07-14,3215.0,3274.0,3177.0,3244.0,6931607,3241.33984375
2023-07-17,3200.0,3277.0,3146.0,3237.0,11561484,3234.345458984375
2023-07-18,3279.0,3299.0,3221.0,3276.0,9993417,3273.3134765625
2023-07-19,3300.0,3313.0,3251.0,3301.0,5661801,3298.29296875
2023-07-20,3278.0,3325.0,3210.0,3226.0,9219438,3223.3544921875
2023-07-21,3226.0,3249.0,3189.0,3240.0,8510801,3237.343017578125
2023-07-24,3241.0,3290.0,3169.0,3185.0,7052443,3182.38818359375
2023-07-25,3185.0,3219.0,3156.0,3202.0,8977648,3199.3740234375
2023-07-26,3200.0,3284.0,3191.0,3247.0,11212057,3244.33740234375
2023-07-27,3284.0,3369.0,3208.0,3231.0,16525180,3228.35009765625
2023-07-28,3240.0,3304.0,3199.0,3281.0,9753876,3278.309326171875
2023-07-31,3295.0,3417.0,3252.0,3382.0,24175645,3379.2265625
2023-08-01,3402.0,3444.0,3150.0,3175.0,18280051,3172.396240234375
2023-08-02,3205.0,3202.5,3025.0,3025.0,22386679,3022.51953125
2023-08-03,3079.0,3155.0,3013.0,3126.0,18321403,3123.4365234375
2023-08-04,3136.0,3183.0,3051.0,3151.0,14892469,3148.416015625
2023-08-07,3179.0,3222.0,3110.0,3132.0,7120831,3129.431640625
2023-08-08,3149.0,3148.0,3035.0,3060.0,19727196,3057.490478515625
2023-08-10,3046.0,3228.0,3056.0,3188.0,13776990,3185.3857421875
2023-08-11,3150.0,3227.0,3164.0,3198.0,11617729,3195.37744140625
2023-08-14,3198.0,3204.0,2980.0,2988.0,14142190,2985.5498046875
2023-08-15,3001.0,3005.0,2905.0,2985.0,12896659,2982.552001953125
2023-08-16,3050.0,3031.0,2933.0,2976.0,6580026,2973.559326171875
2023-08-17,2931.0,2976.0,2877.0,2940.0,16059120,2937.589111328125
2023-08-18,2974.0,2940.0,2860.0,2882.0,24109499,2879.636474609375
2023-08-21,2860.0,2960.0,2860.0,2934.0,8670898,2931.593994140625
2023-08-22,2992.0,2994.0,2921.0,2939.0,9037387,2936.589599609375
2023-08-23,2985.0,3111.0,2935.0,3094.0,10194841,3091.462646484375
2023-08-24,3108.0,3221.0,3109.0,3208.0,7089569,3205.369140625
2023-08-25,3220.0,3259.0,3155.0,3155.0,6832542,3152.41259765625
2023-08-28,3218.0,3240.0,3178.0,3220.0,5913591,3217.359375
2023-08-29,3250.0,3275.0,2844.0,3004.0,18154705,3001.536376953125
2023-08-30,3022.0,3047.0,2770.0,2930.0,21583775,2927.597412109375
2023-08-31,2954.0,2988.0,2850.0,2874.0,25304772,2871.643310546875
2023-09-01,2875.0,2875.0,2703.0,2770.0,18347062,2767.728515625
2023-09-04,2780.0,2790.0,2719.0,2719.0,8631639,2716.77001953125
2023-09-05,2730.0,2732.0,2600.0,2711.0,28292125,2708.77685546875
2023-09-06,2651.0,2739.0,2600.0,2704.0,17282166,2701.78271484375
2023-09-07,2720.0,2719.0,2624.0,2655.0,12494307,2652.82275390625
2023-09-08,2660.0,2691.0,2564.0,2587.0,20030389,2584.87841796875
2023-09-11,2625.0,2700.0,2620.0,2651.0,9507480,2648.826171875
2023-09-12,2677.0,2693.0,2615.0,2680.0,17020925,2677.80224609375
2023-09-13,2701.0,2774.0,2675.0,2753.0,10684889,2750.7421875
2023-09-14,2775.0,2971.0,2771.0,2971.0,17967264,2968.563720703125
2023-09-15,2990.0,3198.0,2963.0,3192.0,53462928,3189.38232421875
2023-09-18,3189.0,3233.0,3108.0,3156.0,13058613,3153.411865234375
2023-09-19,3179.0,3207.0,3130.0,3186.0,14500058,3183.38720703125
2023-09-20,3150.0,3216.0,3101.0,3215.0,9942280,3212.89794921875
2023-09-21,3160.0,3154.0,2969.0,3082.0,23460061,3079.98486328125
2023-09-22,3091.0,3154.0,3052.0,3055.0,8585887,3053.002685546875
2023-09-26,2975.0,3082.0,2842.0,2991.0,12368336,2989.04443359375
2023-09-27,3000.0,3020.0,2918.0,2925.0,5872035,2923.087646484375
2023-09-28,2949.0,2983.0,2894.0,2966.0,8040236,2964.060791015625
2023-09-29,2980.0,3003.0,2910.0,2923.0,9121973,2921.0888671875
2023-10-02,2950.0,2938.0,2815.0,2822.0,8820076,2820.15478515625
2023-10-03,2758.0,2799.0,2562.0,2628.0,22915768,2626.28173828125
2023-10-04,2600.0,2673.0,2579.0,2591.0,9331292,2589.305908203125
2023-10-05,2605.0,2628.0,2511.0,2554.0,10419594,2552.330078125
2023-10-06,2554.0,2587.0,2460.0,2545.0,15845544,2543.3359375
2023-10-09,2586.0,2749.0,2586.0,2740.0,15342355,2738.20849609375
2023-10-10,2775.0,2799.0,2736.0,2776.0,17531360,2774.18505859375
2023-10-11,2774.0,2765.0,2704.0,2763.0,10653431,2761.193359375
2023-10-12,2790.0,2900.0,2680.0,2684.0,10108893,2682.2451171875
2023-10-13,2680.0,2808.0,2648.0,2798.0,7282870,2796.170654296875
2023-10-16,2800.0,2913.0,2762.0,2822.0,12742025,2820.15478515625
2023-10-17,2806.0,2876.0,2793.0,2855.0,7269367,2853.13330078125
2023-10-18,2882.0,2882.0,2693.0,2693.0,8419187,2691.2392578125
2023-10-19,2650.0,2650.0,2557.0,2565.0,8634906,2563.322998046875
2023-10-20,2572.0,2642.0,2515.0,2625.0,10986522,2623.28369140625
2023-10-23,2642.0,2630.0,2502.0,2510.0,7504432,2508.35888671875
2023-10-24,2541.0,2556.0,2384.0,2417.0,12612740,2415.419677734375
2023-10-25,2400.0,2412.0,2306.0,2306.0,16844819,2304.4921875
2023-10-26,2305.0,2373.0,2235.0,2373.0,16532600,2371.448486328125
2023-10-27,2380.0,2449.0,2332.0,2345.0,11856684,2343.466796875
2023-10-30,2400.0,2444.0,2365.0,2430.0,9524564,2428.4111328125
2023-10-31,2400.0,2469.0,2379.0,2390.0,8052544,2388.4375
2023-11-01,2380.0,2387.0,2283.0,2317.0,9553810,2315.485107421875
2023-11-02,2375.0,2374.0,2203.0,2287.0,11501239,2285.504638671875
2023-11-03,2293.0,2456.0,2263.0,2444.0,12296709,2442.402099609375
2023-11-06,2489.0,2544.0,2465.0,2520.0,8229282,2518.3525390625
2023-11-07,2444.0,2458.0,2359.0,2363.0,10639495,2361.454833984375
2023-11-08,2351.0,2407.0,2319.0,2407.0,7000466,2405.42626953125
2023-11-09,2344.0,2356.0,2293.0,2323.0,9685342,2321.48095703125
2023-11-10,2284.0,2297.0,2156.0,2170.0,16204389,2168.5810546875
2023-11-13,2177.0,2214.0,2165.0,2214.0,8006082,2212.552490234375
2023-11-14,2249.0,2383.0,2189.0,2383.0,9963559,2381.442138671875
2023-11-15,2380.0,2480.0,2361.0,2395.0,10767573,2393.43408203125
2023-11-16,2395.0,2410.0,2351.0,2390.0,7564563,2388.4375
2023-11-17,2385.0,2399.0,2312.0,2369.0,5946319,2367.451171875
2023-11-20,2392.0,2394.0,2338.0,2349.0,4554959,2347.464111328125
2023-11-21,2150.0,2178.0,1756.0,1870.0,200188217,1868.77734375
2023-11-22,1940.0,2107.0,1910.0,2015.0,76576195,2013.6826171875
2023-11-23,2076.0,2080.0,1988.0,1991.0,23795530,1989.6982421875
2023-11-24,2001.0,2050.0,1946.0,2034.0,35696096,2032.670166015625
2023-11-27,2040.0,2054.0,2009.0,2046.0,23739340,2044.662353515625
2023-11-28,2060.0,2095.0,2042.0,2095.0,22360347,2093.630126953125
2023-11-29,2125.0,2184.0,2046.0,2078.0,22122288,2076.641357421875
2023-11-30,2100.0,2125.0,2066.0,2080.0,32724859,2078.64013671875
2023-12-01,2104.0,2132.0,2042.0,2107.0,14930530,2105.622314453125
2023-12-04,2135.0,2159.0,2080.0,2103.0,21832667,2101.625
2023-12-05,2105.0,2110.0,2017.0,2085.0,19698198,2083.63671875
2023-12-06,2097.0,2166.0,2056.0,2128.0,11842883,2126.608642578125
2023-12-07,2075.0,2172.0,2098.0,2172.0,13341171,2170.579833984375
2023-12-08,2175.0,2231.39990234375,2145.0,2218.0,13737405,2216.5498046875
2023-12-11,2250.0,2276.0,2218.0,2247.0,27032667,2245.53076171875
2023-12-12,2250.0,2275.0,2139.0,2139.0,13850399,2137.6015625
2023-12-13,2120.0,2123.0,2040.0,2089.0,17116659,2087.634033203125
2023-12-14,2181.0,2395.0,2097.0,2358.0,36236708,2356.458251953125
2023-12-18,2378.0,2482.0,2352.0,2405.0,18577208,2403.427734375
2023-12-19,2450.0,2533.0,2385.0,2533.0,11845288,2531.34375
2023-12-20,2504.0,2590.0,2476.0,2497.0,7870804,2495.3671875
2023-12-21,2476.0,2541.0,2413.0,2532.0,18113269,2530.344482421875
2023-12-22,2560.0,2629.0,2520.0,2566.0,4523442,2564.322265625
2023-12-27,2571.0,2665.0,2571.0,2616.0,9412035,2614.289794921875
2023-12-28,2600.0,2640.0,2552.0,2572.0,6489303,2570.318359375
2023-12-29,2538.0,2572.0,2454.0,2490.0,5907027,2488.3720703125
2024-01-02,2500.0,2547.0,2432.0,2480.0,6062576,2478.378662109375
2024-01-03,2462.0,2480.0,2335.0,2365.0,5995047,2363.453857421875
2024-01-04,2367.0,2414.0,2326.0,2340.0,7775215,2338.469970703125
2024-01-05,2341.0,2390.0,2342.0,2390.0,8288094,2388.4375
2024-01-08,2386.0,2390.0,2287.0,2326.0,6586862,2324.479248046875
2024-01-09,2368.0,2384.0,2326.0,2357.0,7314364,2355.458984375
2024-01-10,2359.0,2372.0,2295.0,2295.0,5248514,2293.49951171875
2024-01-11,2350.0,2392.0,2291.0,2291.0,8843825,2289.502197265625
2024-01-12,2320.0,2482.0,2256.0,2396.0,15353900,2394.433349609375
2024-01-15,2329.0,2329.0,2281.0,2297.0,4728742,2295.498046875
2024-01-16,2290.0,2319.0,2250.0,2267.0,8860729,2265.517578125
2024-01-17,2220.0,2267.0,2118.0,2128.0,13371395,2126.608642578125
2024-01-18,2150.0,2209.0,2094.0,2128.0,15562298,2126.608642578125
2024-01-19,2142.0,2182.0,2094.0,2103.0,12723821,2101.625
2024-01-22,2105.0,2148.0,2051.0,2130.0,13463840,2128.607177734375
2024-01-23,2142.0,2336.0,2132.0,2189.0,9338536,2187.568603515625
2024-01-24,2207.0,2299.0,2189.0,2255.0,10268924,2253.525634765625
2024-01-25,2239.0,2275.0,2222.0,2257.0,7476976,2255.5244140625
2024-01-26,2260.0,2280.0,2190.0,2270.0,6327068,2268.515869140625
2024-01-29,2224.0,2281.0,2204.0,2250.0,10373500,2248.529052734375
2024-01-30,2280.0,2345.0,2261.0,2275.0,11150753,2273.5126953125
2024-01-31,2251.0,2312.0,2223.0,2288.0,46356108,2286.504150390625
2024-02-01,2255.0,2299.0,2211.0,2284.0,6948205,2282.506591796875
2024-02-02,2329.0,2350.0,2237.0,2258.0,7195097,2256.523681640625
2024-02-05,2250.0,2289.0,2183.0,2183.0,9249523,2181.57275390625
2024-02-06,2240.0,2249.0,2177.0,2220.0,7293166,2218.548583984375
2024-02-07,2223.0,2247.0,2088.0,2127.0,14652271,2125.609375
2024-02-08,2105.0,2119.0,1995.0,2046.0,9318704,2044.662353515625
2024-02-09,2063.0,2046.0,1956.0,1973.0,12052327,1971.7099609375
2024-02-12,2000.0,2045.0,1961.0,2022.0,24082704,2020.677978515625
2024-02-13,2050.0,2074.0,1962.0,1964.0,17060575,1962.7158203125
2024-02-14,1980.0,2048.0,1953.0,2048.0,12978175,2046.6610107421875
2024-02-15,2092.0,2182.0,2048.0,2168.0,11466367,2166.58251953125
2024-02-16,2170.0,2180.0,2105.0,2141.0,7687477,2139.60009765625
2024-02-19,2126.0,2162.0,2071.0,2085.0,6759450,2083.63671875
2024-02-20,2065.0,2147.0,2042.0,2108.0,19274836,2106.621826171875
2024-02-21,1999.0,2108.0,1955.0,1994.0,33343154,1992.6962890625
2024-02-22,1966.0,2062.0,1968.0,2037.0,20782576,2035.668212890625
2024-02-23,2030.0,2067.0,1984.0,2005.0,10796281,2003.6890869140625
2024-02-26,2010.0,2045.0,1950.0,2035.0,9676935,2033.6695556640625
2024-02-27,2033.0,2025.0,1986.0,2007.0,6218683,2005.6878662109375
2024-02-28,2015.0,2000.0,1943.0,1950.0,6699091,1948.72509765625
2024-02-29,1951.0,2016.0,1950.0,1987.0,20474098,1985.700927734375
2024-03-01,1980.0,1999.0,1901.0,1966.0,14441172,1964.7144775390625
2024-03-04,1999.0,2050.0,1924.0,1932.0,12476918,1930.73681640625
2024-03-05,1942.0,2010.0,1790.0,1822.0,21777592,1820.8087158203125
2024-03-06,1820.0,1985.0,1775.0,1953.0,16402028,1951.7230224609375
2024-03-07,1996.0,2057.0,1993.0,2048.0,11398416,2046.6610107421875
2024-03-08,2095.0,2157.0,2031.0,2129.0,13879898,2127.60791015625
2024-03-11,2130.0,2152.0,2047.0,2120.0,12719474,2118.614013671875
2024-03-12,2120.0,2144.0,2020.0,2060.0,12332400,2058.6533203125
2024-03-13,2016.0,2213.0,2029.0,2166.0,14559919,2164.583740234375
2024-03-14,2146.0,2180.0,2076.0,2090.0,17193870,2088.633544921875
2024-03-15,2083.0,2148.0,2070.0,2099.0,38256982,2097.627685546875
2024-03-18,2050.0,2100.0,1974.0,1982.0,20752439,1980.7041015625
2024-03-19,1982.0,1986.0,1885.0,1900.0,18410660,1898.7578125
2024-03-20,1910.0,2007.0,1894.0,1939.0,36173424,1937.7322998046875
2024-03-22,2100.0,2213.0,2071.0,2169.0,38984815,2167.581787109375
2024-03-25,2124.0,2200.0,2099.0,2193.0,18095471,2191.566162109375
2024-03-26,2170.0,2200.0,2107.0,2123.0,12241825,2121.612060546875
2024-03-27,2109.0,2200.0,2022.0,2055.0,12196779,2053.65625
2024-03-28,2060.0,2200.0,2055.0,2169.0,13415780,2167.581787109375
2024-04-02,2175.0,2268.0,2180.0,2230.0,20830679,2228.5419921875
2024-04-03,2253.0,2253.0,2187.0,2220.0,11088796,2218.548583984375
2024-04-04,2301.0,2425.0,2220.0,2425.0,24977723,2423.41455078125
2024-04-05,2359.0,2386.0,2289.0,2342.0,12930083,2340.46875
2024-04-08,2400.0,2548.0,2357.0,2543.0,25771369,2541.33740234375
2024-04-09,2550.0,3647.889892578125,2566.0,2600.0,31748567,2598.300048828125
2024-04-10,2650.0,3647.889892578125,2428.0,2574.0,34381208,2572.31689453125
2024-04-11,2565.0,2607.0,2480.0,2495.0,17088981,2493.36865234375
2024-04-12,2598.0,2738.0,2582.0,2717.0,32606533,2715.2236328125
2024-04-15,2627.0,2632.0,2495.0,2580.0,23147175,2578.313232421875
2024-04-16,2531.0,2508.0,2420.0,2448.0,18290444,2446.3994140625
2024-04-17,2466.0,2624.0,2411.0,2574.0,14813445,2572.31689453125
2024-04-18,2565.0,2575.0,2495.0,2541.0,10046812,2539.338623046875
2024-04-19,2545.0,2545.0,2428.0,2470.0,7231581,2468.385009765625
2024-04-22,2410.0,2465.0,2311.0,2371.0,9273367,2369.44970703125
2024-04-23,2360.0,2358.0,2244.0,2264.0,23052181,2262.519775390625
2024-04-24,2282.0,2325.0,2216.0,2277.0,8247311,2275.51123046875
2024-04-25,2270.0,2289.0,2175.0,2240.0,17057940,2238.535400390625
2024-04-26,2280.0,2335.0,2219.0,2219.0,18515657,2217.549072265625
2024-04-29,2256.0,2329.0,2206.0,2320.0,29482592,2318.483154296875
2024-04-30,2320.0,2344.0,2177.0,2177.0,18219220,2175.57666015625
2024-05-02,2160.0,2226.0,2076.0,2109.0,17579373,2107.62109375
2024-05-03,2091.0,2135.0,2070.0,2099.0,13908160,2097.627685546875
2024-05-06,2115.0,2226.0,2139.0,2199.0,11717495,2197.562255859375
2024-05-07,2199.0,2275.0,2181.0,2256.0,11253665,2254.52490234375
2024-05-08,2262.0,2262.0,2140.0,2164.0,13209168,2162.585205078125
2024-05-09,2170.0,2265.0,2117.0,2221.0,15306047,2219.5478515625
2024-05-10,2330.0,2362.0,2236.0,2290.0,19198055,2288.5029296875
2024-05-13,2290.0,2305.0,2241.0,2305.0,20208480,2303.492919921875
2024-05-14,2298.0,2304.0,2167.0,2243.0,31445328,2241.533447265625
2024-05-15,2276.0,2370.0,2275.0,2367.0,19607426,2365.452392578125
2024-05-16,2424.0,2518.0,2403.0,2433.0,18197070,2431.4091796875
2024-05-17,2433.0,2586.0,2395.0,2574.0,14183198,2572.31689453125
2024-05-20,2600.0,2672.0,2539.0,2581.0,16937913,2579.3125
2024-05-21,2531.0,2556.0,2456.0,2527.0,8943353,2525.347900390625
2024-05-22,2510.0,2530.0,2403.0,2414.0,14827314,2412.421630859375
2024-05-23,2370.0,2419.0,2316.0,2318.0,10815491,2316.484375
2024-05-24,2345.0,2420.0,2309.0,2380.0,7032323,2378.44384765625
2024-05-27,2420.0,2455.0,2405.0,2411.0,4539699,2409.423583984375
2024-05-28,2387.0,2434.0,2362.0,2387.0,9648737,2385.439453125
2024-05-30,2266.0,2411.0,2235.0,2381.0,15147824,2379.443115234375
2024-05-31,2365.0,2407.0,2337.0,2361.0,22324519,2359.456298828125
2024-06-03,2350.0,2361.0,2285.0,2321.0,11026567,2319.482421875
2024-06-04,2340.0,2321.0,2147.0,2151.0,20055445,2149.593505859375
2024-06-05,2140.0,2168.0,2088.0,2154.0,13974221,2152.591796875
2024-06-06,2131.0,2195.0,2141.0,2156.0,8033633,2154.59033203125
2024-06-07,2199.0,2244.0,2105.0,2127.0,19711802,2125.609375
2024-06-10,2100.0,2122.0,2076.0,2088.0,7471306,2086.634765625
2024-06-11,2100.0,2119.0,2032.0,2050.0,6514197,2048.65966796875
2024-06-12,2061.0,2147.0,2035.0,2078.0,10939458,2076.641357421875
2024-06-13,2040.0,2048.0,1974.0,1993.0,7511130,1991.6968994140625
2024-06-14,2001.0,2030.0,1955.0,2004.0,8011268,2002.689697265625
2024-06-18,2010.0,2053.0,1997.0,2029.0,11240699,2027.67333984375
2024-06-19,2048.0,2121.0,2018.0,2023.0,11771975,2021.67724609375
2024-06-20,2050.0,2095.0,2003.0,2047.0,39019835,2045.66162109375
2024-06-21,2070.0,2118.0,1998.0,2079.0,38150463,2077.640869140625
2024-06-24,2090.0,2168.0,2074.0,2115.0,15007092,2113.6171875
2024-06-25,2101.0,2135.0,2000.0,2000.0,10610890,1998.6923828125
2024-06-26,2000.0,2014.0,1926.0,1957.0,13157952,1955.720458984375
2024-06-27,1952.0,2010.0,1941.0,1984.0,9718245,1982.7027587890625
2024-06-28,1955.0,2011.0,1960.0,1972.0,8801603,1970.710693359375
2024-07-01,1999.0,1987.0,1909.0,1916.0,6885225,1914.7471923828125
2024-07-02,1939.0,1938.0,1862.0,1890.0,17632007,1888.76416015625
2024-07-03,1948.0,2100.0,1890.0,2088.0,13019180,2086.634765625
2024-07-04,2066.0,2143.0,2021.0,2128.0,4641177,2126.608642578125
2024-07-05,2140.0,2185.0,2090.0,2152.0,6703861,2150.5927734375
2024-07-08,2160.0,2188.0,2121.0,2160.0,8481398,2158.587890625
2024-07-09,2155.0,2183.0,2121.0,2138.0,8780835,2136.602294921875
2024-07-10,2102.0,2185.0,2106.0,2169.0,6721792,2167.581787109375
2024-07-11,2195.0,2219.0,2116.0,2155.0,11239125,2153.591064453125
2024-07-12,2121.0,2150.0,2070.0,2124.0,5848795,2122.611328125
2024-07-15,2100.0,2127.0,2058.0,2127.0,12694630,2125.609375
2024-07-16,2071.0,2167.0,2077.0,2149.0,8250986,2147.594970703125
2024-07-17,2150.0,2217.0,2116.0,2116.0,16051787,2114.61669921875
2024-07-18,2150.0,2151.0,2075.0,2094.0,9595723,2092.630859375
2024-07-19,2020.0,2048.0,1960.0,2029.0,10195893,2027.67333984375
2024-07-22,2034.0,2045.0,1968.0,1968.0,5613979,1966.7132568359375
2024-07-23,1971.0,2029.0,1958.0,2008.0,11478796,2006.6871337890625
2024-07-24,2040.0,2091.0,2021.0,2068.0,8972231,2066.64794921875
2024-07-25,2035.0,2033.0,1950.0,1981.0,9062460,1979.704833984375
2024-07-26,2009.0,2007.0,1945.0,1947.0,5916015,1945.7269287109375
2024-07-29,1947.0,1979.0,1918.0,1918.0,7501503,1916.7459716796875
2024-07-30,1920.0,1965.0,1921.0,1940.0,8486606,1938.7315673828125
2024-07-31,1970.0,2086.0,1961.0,2086.0,21403349,2084.63623046875
2024-08-01,2086.0,2086.0,1984.0,1985.0,7895243,1983.7021484375
2024-08-02,2075.0,2019.0,1946.0,1946.0,13379693,1944.7276611328125
2024-08-05,1896.0,1907.0,1837.0,1863.0,25744625,1861.781982421875
2024-08-06,1870.0,1874.0,1804.0,1830.0,13983331,1828.803466796875
2024-08-07,1850.0,1883.0,1810.0,1832.0,16679527,1830.8021240234375
2024-08-08,1802.0,1828.0,1768.0,1790.0,16575910,1788.82958984375
2024-08-12,1790.0,1809.0,1750.0,1770.0,10979645,1768.8427734375
2024-08-13,1785.0,1820.0,1750.0,1807.0,13878875,1805.818603515625
2024-08-14,1813.0,1841.0,1789.0,1794.0,7415386,1792.8270263671875
2024-08-15,1805.0,1856.0,1792.0,1836.0,7378267,1834.799560546875
2024-08-16,1837.0,1873.0,1816.0,1837.0,11234053,1835.7989501953125
2024-08-19,1800.0,1924.0,1822.0,1911.0,15327187,1909.7506103515625
2024-08-20,1915.0,2002.0,1900.0,1973.0,12137321,1971.7099609375
2024-08-21,1921.0,2007.0,1938.0,1974.0,8845560,1972.7093505859375
2024-08-22,1985.0,2013.0,1897.0,1904.0,5143411,1902.755126953125
2024-08-23,1911.0,1959.0,1905.0,1940.0,4735324,1938.7315673828125
2024-08-26,1950.0,1974.0,1916.0,1926.0,3899723,1924.74072265625
2024-08-27,1901.0,1954.0,1911.0,1939.0,4621783,1937.7322998046875
2024-08-28,1909.0,1929.0,1818.0,1818.0,7400041,1816.8114013671875
2024-08-29,1831.0,1864.0,1818.0,1828.0,5644395,1826.8048095703125
2024-08-30,1845.0,1835.0,1722.0,1723.0,21776151,1721.8734130859375
2024-09-02,1655.0,1723.0,1571.0,1722.0,15262023,1720.8741455078125
2024-09-03,1720.0,1717.0,1598.0,1598.0,12706499,1596.9552001953125
2024-09-04,1600.0,1629.0,1579.0,1620.0,17977579,1618.9407958984375
2024-09-05,1639.0,1637.0,1599.0,1610.0,14015019,1608.947265625
2024-09-06,1643.0,1643.0,1563.0,1586.0,12160641,1584.9630126953125
2024-09-09,1559.0,1584.0,1522.0,1522.0,12371167,1521.0048828125
2024-09-10,1509.0,1522.0,1428.0,1489.0,22789974,1488.0264892578125
2024-09-11,1430.0,1520.0,1400.0,1410.0,30087690,1409.078125
2024-09-12,1479.0,1600.0,1481.0,1549.0,27553466,1547.9871826171875
2024-09-13,1611.0,1772.0,1611.0,1728.0,35190854,1726.8702392578125
2024-09-16,1781.0,1829.0,1736.0,1821.0,18472217,1819.809326171875
2024-09-17,1837.0,1879.0,1816.0,1870.0,17648525,1868.77734375
2024-09-18,1864.0,1872.0,1800.0,1823.0,10562056,1821.8079833984375
2024-09-19,1869.0,1904.0,1830.0,1862.0,27893769,1860.7825927734375
2024-09-20,1853.0,1879.0,1796.0,1810.0,20606259,1808.8165283203125
2024-09-23,1791.0,1850.0,1774.0,1842.0,10115675,1840.795654296875
2024-09-25,1909.0,1942.0,1871.0,1898.0,17340638,1896.759033203125
2024-09-26,1920.0,1938.0,1878.0,1881.0,14933867,1879.770263671875
2024-09-27,1874.0,1907.0,1820.0,1882.0,15860922,1880.76953125
2024-09-30,1884.0,1886.0,1772.0,1785.0,15960940,1783.8330078125
2024-10-01,1765.0,1923.0,1748.0,1852.0,18449031,1850.7891845703125
2024-10-02,1924.0,2029.0,1823.0,2012.0,19597241,2010.6844482421875
2024-10-03,1988.0,2003.0,1907.0,1986.0,18254183,1984.7015380859375
2024-10-04,2000.0,2034.0,1988.0,2034.0,20448168,2032.670166015625
2024-10-07,2021.0,2043.0,1984.0,1996.0,12926563,1994.695068359375
2024-10-08,1923.0,1944.0,1886.0,1932.0,12006960,1930.73681640625
2024-10-09,1920.0,1925.0,1879.0,1920.0,11674039,1918.7447509765625
2024-10-10,1935.0,1924.0,1697.0,1761.0,36371590,1759.8486328125
2024-10-11,1780.0,1841.0,1763.0,1802.0,11295976,1800.82177734375
2024-10-14,1795.0,1818.0,1761.0,1780.0,7226717,1778.836181640625
2024-10-15,1784.0,1785.0,1690.0,1700.0,9365174,1698.8885498046875
2024-10-16,1670.0,1758.0,1670.0,1749.0,11056845,1747.8564453125
2024-10-17,1752.0,1808.0,1738.0,1800.0,5214330,1798.8231201171875
2024-10-18,1815.0,1864.0,1799.0,1862.0,13905985,1860.7825927734375
2024-10-21,1925.0,1986.0,1895.0,1924.0,12477820,1922.7420654296875
2024-10-22,1950.0,1989.0,1897.0,1955.0,13297223,1953.7216796875
2024-10-23,2028.0,2046.0,1905.0,1928.0,21496819,1926.7393798828125
2024-10-24,2020.0,2166.0,2006.0,2068.0,29779450,2066.64794921875
2024-10-25,2150.0,2220.0,2035.0,2211.0,17526118,2209.554443359375
2024-10-28,2180.0,2258.0,2161.0,2238.0,18202415,2236.536865234375
2024-10-29,2240.0,2318.0,2185.0,2309.0,19115633,2307.490478515625
2024-10-30,2299.0,2266.0,2160.0,2175.0,14697953,2173.578125
2024-10-31,2145.0,2169.0,2020.0,2027.0,14631080,2025.6746826171875
2024-11-01,2036.0,2130.0,2026.0,2085.0,9429714,2083.63671875
2024-11-04,2062.0,2095.0,2000.0,2030.0,6700763,2028.6727294921875
2024-11-05,1989.0,2250.0,1979.0,2236.0,29705930,2234.5380859375
2024-11-06,2140.0,2203.0,1983.0,2038.0,22991939,2036.66748046875
2024-11-07,2024.0,2121.0,2017.0,2109.0,10757031,2107.62109375
2024-11-08,2048.0,2071.0,1973.0,2028.0,10115286,2026.674072265625
2024-11-11,2012.0,2045.0,1946.0,1946.0,6665841,1944.7276611328125
2024-11-12,1888.0,1928.0,1842.5,1883.0,12131602,1881.7689208984375
2024-11-13,1863.0,1918.0,1850.0,1871.0,12137863,1869.7767333984375
2024-11-14,1820.0,1849.0,1752.0,1810.0,11102751,1808.8165283203125
2024-11-15,1843.0,1885.0,1823.0,1846.0,8598671,1844.7930908203125
2024-11-18,1840.0,1897.0,1821.0,1885.0,8287856,1883.767578125
2024-11-19,1910.0,1953.0,1888.0,1890.0,8574387,1888.76416015625
2024-11-20,1908.0,1930.0,1860.0,1916.0,8247445,1914.7471923828125
2024-11-21,1924.0,1946.0,1861.0,1863.0,6424110,1861.781982421875
2024-11-22,1891.0,1959.0,1879.0,1894.0,6869101,1892.76171875
2024-11-25,1890.0,1890.0,1798.0,1802.0,21588246,1800.82177734375
2024-11-26,1800.0,1848.0,1786.0,1833.0,8200363,1831.8016357421875
2024-11-27,1850.0,1860.0,1811.0,1831.0,10161835,1829.8028564453125
2024-11-28,1835.0,1821.0,1766.0,1783.0,8569526,1781.834228515625
2024-11-29,1793.0,1831.0,1785.0,1788.0,8335141,1786.8309326171875
2024-12-02,1786.0,1839.0,1774.0,1831.0,10875787,1829.8028564453125
2024-12-03,1800.0,1906.0,1824.0,1874.0,10123046,1872.7747802734375
2024-12-04,1900.0,1922.0,1844.0,1867.0,4875486,1865.779296875
2024-12-05,1835.0,1861.0,1792.0,1822.0,13465210,1820.8087158203125
2024-12-06,1788.0,1821.0,1753.0,1763.0,7054060,1761.8472900390625
2024-12-09,1805.0,1868.0,1740.0,1868.0,12532717,1866.7786865234375
2024-12-10,1840.0,1891.0,1813.0,1884.0,14387642,1882.7681884765625
2024-12-11,1885.0,1945.0,1848.0,1945.0,11455288,1943.728271484375
2024-12-12,1920.0,1955.0,1861.0,1891.0,12278706,1889.763671875
2024-12-13,1860.0,1885.0,1796.0,1807.0,16653257,1805.818603515625
2024-12-17,1780.0,1793.0,1725.0,1728.0,17242698,1726.8702392578125
2024-12-18,1750.0,1773.0,1701.0,1703.0,15853614,1701.8865966796875
2024-12-19,1687.0,1702.0,1640.0,1640.0,35272585,1638.927734375
2024-12-20,1652.0,1695.0,1616.0,1685.0,26578320,1683.8983154296875
2024-12-23,1686.0,1710.0,1625.0,1632.0,10290343,1630.9329833984375
2024-12-24,1645.0,1687.0,1635.0,1635.0,2449418,1633.9310302734375
2024-12-27,1633.0,1656.0,1572.0,1603.0,7318876,1601.9520263671875
2024-12-30,1610.0,1616.0,1533.0,1549.0,9810370,1547.9871826171875
2024-12-31,1526.0,1555.0,1495.0,1498.0,3933144,1497.0206298828125
2025-01-02,1528.0,1618.0,1526.0,1594.0,15297462,1592.9578857421875
2025-01-03,1638.0,1641.0,1566.0,1575.0,12447210,1573.9703369140625
2025-01-06,1575.0,1639.0,1560.0,1568.0,10494482,1566.974853515625
2025-01-07,1590.0,1644.0,1560.0,1641.0,9779824,1639.927001953125
2025-01-08,1631.0,1682.0,1627.0,1630.0,11804957,1628.9342041015625
2025-01-09,1636.0,1731.0,1641.0,1685.0,10117241,1683.8983154296875
2025-01-10,1709.0,1750.0,1644.0,1717.0,19422469,1715.8773193359375
2025-01-13,1724.0,1733.0,1626.0,1687.0,12649306,1685.89697265625
2025-01-14,1652.0,1713.0,1646.0,1657.0,7130910,1655.9166259765625
2025-01-15,1655.0,1733.0,1657.0,1687.0,11773539,1685.89697265625
2025-01-16,1690.0,1720.0,1667.0,1688.0,8727522,1686.896240234375
2025-01-17,1649.0,1673.0,1602.0,1659.0,19443404,1657.915283203125
2025-01-20,1684.0,1695.0,1650.0,1691.0,6468716,1689.8944091796875
2025-01-21,1660.0,1702.0,1661.0,1690.0,8227218,1688.8951416015625
2025-01-22,1693.0,1710.0,1653.0,1656.0,13490538,1654.917236328125
2025-01-23,1669.0,1694.0,1613.0,1675.0,17645042,1673.90478515625
2025-01-24,1720.0,1775.0,1697.0,1753.0,12581590,1751.8538818359375
2025-01-27,1747.0,1749.0,1650.0,1684.0,11434493,1682.89892578125
2025-01-28,1683.0,1683.0,1617.0,1625.0,10601718,1623.9375
2025-01-29,1612.0,1681.0,1612.0,1646.0,10053503,1644.923828125
2025-01-30,1676.0,1720.0,1651.0,1720.0,14614726,1718.87548828125
2025-01-31,1755.0,1835.0,1752.0,1800.0,30196100,1798.8231201171875
2025-02-03,1780.0,1832.0,1763.0,1823.0,13858049,1821.8079833984375
2025-02-04,1828.0,1888.0,1816.0,1888.0,24665697,1886.7655029296875
2025-02-05,1901.0,1922.0,1870.0,1913.0,16285982,1911.749267578125
2025-02-06,1900.0,1912.0,1855.0,1861.0,14183342,1859.783203125
2025-02-07,1862.0,1903.0,1809.0,1830.0,13163474,1828.803466796875
2025-02-10,1815.0,1881.0,1789.0,1855.0,8943580,1853.7872314453125
2025-02-11,1846.0,1860.0,1772.0,1806.0,18949550,1804.8192138671875
2025-02-12,1799.0,1850.0,1751.0,1828.0,17357334,1826.8048095703125
2025-02-13,1833.0,1859.0,1727.0,1756.0,18802799,1754.851806640625
2025-02-14,1815.0,1860.0,1762.0,1782.0,15075295,1780.8348388671875
2025-02-17,1784.0,1784.0,1699.0,1703.0,15854021,1701.8865966796875
2025-02-18,1720.0,1735.0,1670.0,1674.0,12943550,1672.905517578125
2025-02-19,1738.0,1747.0,1669.0,1682.0,17904004,1680.9002685546875
2025-02-20,1675.0,1724.0,1661.0,1709.0,18042035,1707.8826904296875
2025-02-21,1690.0,1685.0,1550.0,1590.0,34654857,1588.96044921875
2025-02-24,1601.0,1666.0,1542.0,1549.0,27750692,1547.9871826171875
2025-02-25,1576.0,1585.0,1538.0,1550.0,30381239,1548.986572265625
2025-02-26,1551.0,1564.0,1501.0,1519.0,29675847,1518.0068359375
2025-02-27,1515.0,1515.0,1441.0,1459.0,31261615,1458.0460205078125
2025-02-28,1431.0,1475.0,1388.0,1408.0,297074363,1407.079345703125
2025-03-03,1438.0,1550.0,1437.0,1541.0,39280519,1539.992431640625
2025-03-04,1530.0,1560.0,1484.0,1509.0,14183228,1508.013427734375
2025-03-05,1520.0,1588.0,1533.0,1576.0,19454553,1574.9696044921875
2025-03-06,1585.0,1690.0,1584.0,1690.0,28005562,1688.8951416015625
2025-03-07,1689.0,1783.0,1667.0,1723.0,27650790,1721.8734130859375
2025-03-10,1682.0,1730.0,1673.0,1711.0,15129892,1709.88134765625
2025-03-11,1680.0,1844.0,1685.0,1807.0,39372098,1805.818603515625
2025-03-12,1820.0,1819.0,1705.0,1738.0,31845943,1736.8636474609375
2025-03-13,1743.0,1778.0,1677.0,1778.0,27023470,1776.8375244140625
2025-03-14,1779.0,1795.0,1740.0,1766.0,13001755,1764.845458984375
2025-03-17,1750.0,1836.0,1728.0,1825.0,10403237,1823.8067626953125
2025-03-18,1836.0,1929.0,1825.0,1890.0,40730403,1888.76416015625
2025-03-19,1933.0,2009.0,1846.0,1991.0,25586371,1989.6982421875
2025-03-20,1990.0,2024.0,1911.0,1930.0,61514970,1928.7381591796875
2025-03-24,1945.0,1990.0,1939.0,1952.0,17873527,1950.7237548828125
2025-03-25,1982.0,1988.0,1900.0,1979.0,17222900,1977.7060546875
2025-03-26,1980.0,1996.0,1938.0,1985.0,14715004,1983.7021484375
2025-03-27,1975.0,1972.0,1917.0,1948.0,25146226,1946.7264404296875
2025-03-28,1955.0,2056.0,1930.0,2028.0,22028628,2026.674072265625
2025-03-31,2032.0,2108.0,1993.0,2083.0,25940285,2081.63818359375
2025-04-01,2090.0,2197.0,2047.0,2093.0,28156393,2091.63134765625
2025-04-02,2078.0,2069.0,1980.0,2069.0,9253818,2067.647216796875
2025-04-03,2005.0,2045.0,1875.0,1959.0,23668639,1957.71923828125
2025-04-04,1906.0,1935.0,1630.0,1654.0,25567260,1652.9185791015625
2025-04-07,1598.0,1778.0,1552.0,1735.0,33013915,1733.8656005859375
2025-04-08,1776.0,1790.0,1670.0,1670.0,26701047,1668.908203125
2025-04-09,1630.0,1745.0,1595.0,1705.0,25704639,1703.88525390625
2025-04-10,1875.0,1910.0,1787.0,1891.0,22564615,1889.763671875
2025-04-11,1910.0,2074.0,1901.0,2062.0,24255884,2060.65185546875
2025-04-14,2086.0,2085.0,1988.0,2064.0,10312516,2062.650634765625
2025-04-15,2064.0,2153.0,2050.0,2129.0,13421154,2127.60791015625
2025-04-16,2160.0,2307.0,2128.0,2274.0,21670813,2272.51318359375
2025-04-17,2259.0,2300.0,2157.0,2275.0,25193726,2273.5126953125
2025-04-22,2369.0,2397.0,2249.0,2320.0,38758063,2318.483154296875
2025-04-23,2242.0,2331.43994140625,2199.0,2250.0,29270231,2248.529052734375
2025-04-24,2240.0,2287.0,2170.0,2189.0,14644796,2187.568603515625
2025-04-25,2140.0,2166.0,2091.0,2104.0,16116148,2102.624267578125
2025-04-29,2075.0,2147.0,2075.0,2102.0,11876457,2100.625732421875
2025-04-30,2088.0,2154.0,2046.0,2150.0,12039523,2148.59423828125
2025-05-02,2134.0,2213.0,2097.0,2110.0,15295617,2108.620361328125
2025-05-05,2100.0,2199.0,2067.0,2130.0,14211997,2128.607177734375
2025-05-06,2157.0,2243.0,2154.0,2210.0,14434982,2208.554931640625
2025-05-07,2240.0,2348.0,2221.0,2331.0,30727290,2329.47607421875
2025-05-08,2271.0,2307.0,2243.0,2274.0,23656002,2272.51318359375
2025-05-09,2298.0,2350.0,2131.0,2285.0,24193585,2283.505859375
2025-05-12,2320.0,2325.0,2114.0,2135.0,14713096,2133.604248046875
2025-05-13,2150.0,2215.0,2093.0,2126.0,12166938,2124.60986328125
2025-05-14,2095.0,2165.0,2060.0,2106.0,19178727,2104.623046875
2025-05-15,2040.0,2154.0,2043.0,2124.0,17211427,2122.611328125
2025-05-16,2117.0,2166.0,2103.0,2136.0,19239023,2134.603515625
2025-05-19,2133.0,2235.0,2137.0,2192.0,21847816,2190.56689453125
2025-05-20,2195.0,2410.0,2162.0,2404.0,21970082,2402.42822265625
2025-05-21,2450.0,2674.0,2450.0,2589.0,35699545,2587.30712890625
2025-05-22,2595.0,2729.0,2524.0,2694.0,22396456,2692.23876953125
2025-05-23,2740.0,2868.0,2662.0,2735.0,28192588,2733.2119140625
2025-05-26,2735.0,2767.0,2695.0,2720.0,5740330,2718.2216796875
2025-05-27,2665.0,2750.0,2600.0,2720.0,16977832,2718.2216796875
2025-05-28,2700.0,2781.0,2702.0,2746.0,11044791,2744.20458984375
2025-05-29,2748.0,2828.0,2705.0,2749.0,10818513,2747.20263671875
2025-05-30,2784.0,2762.0,2687.0,2742.0,17812214,2740.20703125
2025-06-02,2753.0,2846.0,2697.0,2823.0,14326916,2821.154052734375
2025-06-03,2780.0,2790.0,2730.0,2779.0,9981303,2777.182861328125
2025-06-04,2798.0,2830.0,2656.0,2665.0,14797701,2663.257568359375
2025-06-05,2713.0,2960.0,2665.0,2959.0,40220840,2957.0654296875
2025-06-06,3000.0,3089.0,2930.0,2988.0,22646169,2986.04638671875
2025-06-09,3100.0,3180.0,3035.0,3073.0,23701339,3070.990966796875
2025-06-10,3085.0,3062.0,2959.0,2991.0,21812449,2989.04443359375
2025-06-11,3065.0,3099.0,2990.0,3088.0,31364283,3085.98095703125
2025-06-12,3088.0,3164.0,3026.0,3164.0,21887219,3161.93115234375
2025-06-13,3205.0,3267.5,3032.0,3060.0,29580021,3057.999267578125
2025-06-17,3075.0,3129.69091796875,2954.0,3030.0,23031553,3028.018798828125
2025-06-18,3040.0,3134.0,3011.0,3106.0,11216560,3103.96923828125
2025-06-19,3083.0,3143.0,3036.0,3128.0,27711800,3125.954833984375
2025-06-20,3127.0,3155.0,3063.0,3130.0,25551237,3127.95361328125
2025-06-23,3100.0,3240.0,3082.0,3224.0,9625905,3221.891845703125
2025-06-24,3170.0,3234.0,3018.0,3093.0,17773132,3090.977783203125
2025-06-25,3105.0,3164.0,3007.0,3088.0,10882692,3085.98095703125
2025-06-26,3181.0,3400.0,3182.0,3314.0,22328414,3311.833251953125
2025-06-27,3315.0,3305.0,3111.0,3139.0,26451692,3136.94775390625
2025-06-30,3250.0,3250.0,3176.0,3226.0,19243553,3223.890869140625
2025-07-01,3226.0,3336.0,3194.0,3266.0,22259156,3263.86474609375
2025-07-02,3230.0,3366.0,3217.0,3347.0,23124266,3344.811767578125
2025-07-03,3358.0,3396.0,3271.0,3322.0,16727760,3319.828125
2025-07-04,3343.0,3494.0,3342.0,3494.0,8489606,3491.715576171875
2025-07-07,3410.0,3548.0,3352.0,3548.0,15224202,3545.68017578125
2025-07-08,3530.0,3648.0,3343.0,3374.0,20059315,3371.7939453125
2025-07-09,3343.0,3384.0,3277.0,3364.0,14715295,3361.800537109375
2025-07-10,3425.0,3521.0,3357.0,3489.0,16908667,3486.71875
2025-07-11,3512.0,3711.0,3516.0,3700.0,25782071,3697.580810546875
2025-07-14,3707.0,3918.0,3726.0,3850.0,28389993,3847.482666015625
2025-07-15,3818.0,3895.0,3755.0,3872.0,24860705,3869.46826171875
2025-07-16,3820.0,3912.0,3810.0,3856.0,28039232,3853.478759765625
2025-07-17,3893.0,3920.0,3812.0,3911.0,32527275,3908.44287109375
2025-07-18,3935.0,4271.0,3937.0,4100.0,37099600,4097.3193359375
2025-07-21,4114.0,4268.0,4058.0,4245.0,39523435,4242.22412109375
2025-07-22,4175.0,4224.0,4034.0,4220.0,42892254,4217.24072265625
2025-07-23,4235.0,4373.0,4184.0,4344.0,25027690,4341.15966796875
2025-07-24,4278.0,4366.0,4176.0,4310.0,37570566,4307.18212890625
2025-07-25,4220.0,4285.0,4130.0,4172.0,23577620,4169.2724609375
2025-07-28,4173.0,4273.0,4072.0,4167.0,20797910,4164.275390625
2025-07-29,4120.0,4182.0,4026.0,4125.0,26233325,4122.302734375
2025-07-30,4085.0,4166.0,4047.0,4089.0,20607938,4086.32666015625
2025-07-31,3901.0,3995.0,3784.0,3837.0,56060379,3834.4912109375
2025-08-01,3836.0,3860.0,3681.0,3760.0,29284817,3757.54150390625
2025-08-04,3780.0,3953.0,3686.0,3953.0,26292303,3950.41552734375
2025-08-05,4025.0,4073.0,3816.0,3922.0,27936021,3919.435791015625
2025-08-06,4013.0,4045.0,3888.0,3912.0,19946338,3909.442138671875
2025-08-07,3959.0,4036.0,3842.0,3858.0,15124114,3855.4775390625
2025-08-08,3951.0,4121.0,3958.0,4003.0,24933235,4000.3828125
2025-08-11,3950.0,3983.0,3764.0,3841.0,18438748,3838.48876953125
2025-08-12,3881.0,3931.0,3843.0,3872.0,13738437,3869.46826171875
2025-08-13,3915.0,3943.0,3808.0,3832.0,17082745,3829.494384765625
2025-08-14,3820.0,3832.0,3739.0,3764.0,14647263,3761.5390625
2025-08-15,3791.0,3820.0,3565.0,3632.0,20429654,3629.62548828125
2025-08-18,3655.0,5610.0,3558.0,3590.0,22615107,3587.65283203125
2025-08-19,3590.0,3652.0,3524.0,3535.0,16264726,3532.688720703125
2025-08-20,3511.0,3550.0,3455.5,3507.0,25356294,3504.70703125
2025-08-21,3550.0,3696.0,3506.0,3678.0,17858168,3675.59521484375
2025-08-22,3670.0,3681.0,3558.0,3674.0,15159295,3671.597900390625
2025-08-25,3640.0,3742.0,3672.0,3740.0,13587855,3737.5546875
2025-08-26,3739.0,3817.0,3682.0,3682.0,268241227,3679.592529296875
2025-08-27,3681.0,3734.0,3451.0,3478.0,21369921,3475.72607421875
2025-08-28,3565.0,3567.0,3187.5,3264.0,24454278,3261.865966796875
2025-08-29,3225.0,3342.0,3225.0,3334.0,24175152,3331.820068359375
2025-09-01,3411.0,3783.0,3402.0,3744.0,22913467,3741.55224609375
2025-09-02,3780.0,3816.0,3585.0,3697.0,33403020,3694.582763671875
2025-09-03,3694.0,3955.0,3541.0,3890.0,26824582,3887.45654296875
2025-09-04,3771.0,3790.0,3602.0,3614.0,30058181,3611.63720703125
2025-09-05,3690.0,3864.0,3656.0,3781.0,21115217,3778.528076171875
2025-09-08,3854.0,4020.0,3830.0,3990.0,25133973,3987.39111328125
2025-09-09,3990.0,3992.0,3759.0,3788.0,25833152,3785.5234375
2025-09-10,3811.0,3900.0,3769.0,3795.0,33453772,3792.5185546875
2025-09-11,3776.0,3807.0,3648.0,3770.0,32764178,3767.53515625
2025-09-12,3817.0,3910.0,3787.0,3823.0,27301319,3820.50048828125
2025-09-15,3820.0,3816.0,3728.0,3799.0,14882920,3796.51611328125
2025-09-16,3850.0,3951.0,3754.0,3776.0,20091211,3773.531005859375
2025-09-17,3750.0,3845.0,3661.0,3809.0,13665339,3806.509521484375
2025-09-18,3676.0,3920.0,3682.0,3808.0,32152546,3805.51025390625
2025-09-19,3850.0,4072.0,3830.0,4067.0,29717717,4064.3408203125
2025-09-22,4200.0,4298.0,4122.0,4262.0,20953933,4259.21337890625
2025-09-23,4335.0,4579.0,4261.0,4568.0,24528176,4565.01318359375
2025-09-25,4490.0,4795.0,4465.0,4683.0,20352303,4679.93798828125
2025-09-26,4755.0,4843.0,4588.0,4774.0,14632374,4770.87890625
2025-09-29,5000.0,5049.0,4836.0,4957.0,19456077,4953.7587890625
2025-09-30,4899.0,4960.0,4654.0,4929.0,21876539,4925.77734375
2025-10-01,4846.0,5207.0,4821.0,5129.0,25624067,5125.646484375
2025-10-02,5024.0,5106.0,4834.0,4844.0,16371288,4840.8330078125
2025-10-03,4844.0,4943.0,4821.0,4895.0,14676022,4891.79931640625
2025-10-06,4910.0,5095.0,4875.0,4962.0,16946495,4958.755859375
2025-10-07,4887.0,5117.0,4841.0,5047.0,20234548,5043.7001953125
2025-10-08,5098.0,5307.0,4951.0,5307.0,23667393,5303.5302734375
2025-10-09,5199.0,5285.0,4877.0,4912.0,22081999,4908.7880859375
2025-10-10,4701.0,5000.0,4602.0,4895.0,19109196,4891.79931640625
2025-10-13,4919.0,5170.0,4929.0,5077.0,15936690,5073.6806640625
2025-10-14,5044.0,5167.0,4990.0,5125.0,14537779,5121.64892578125
2025-10-15,5170.0,5310.0,5152.0,5206.0,12578278,5202.59619140625
2025-10-16,5260.0,5683.0,5214.0,5624.0,15137472,5620.32275390625
2025-10-17,5572.0,5597.0,5033.0,5073.0,18086487,5069.68310546875
2025-10-20,5020.0,5079.0,4820.0,5027.0,18052687,5023.71337890625
2025-10-21,4934.0,4970.0,4434.0,4510.0,23798081,4507.05126953125
2025-10-22,4533.0,4720.0,4275.0,4615.0,22718994,4611.982421875
2025-10-23,4740.0,4905.0,4740.0,4853.0,14060124,4849.82666015625
2025-10-24,4820.0,4859.0,4652.0,4816.0,7206241,4812.85107421875
2025-10-27,4816.0,4816.0,4465.0,4470.0,9704441,4467.07763671875
2025-10-28,4381.0,4634.0,4281.0,4610.0,19443829,4606.98583984375
2025-10-29,4704.0,4906.0,4670.0,4741.0,9891682,4737.89990234375
2025-10-30,4690.0,4771.0,4554.0,4682.0,14434427,4678.9384765625
2025-10-31,4750.0,4797.0,4633.0,4633.0,9317940,4629.97119140625
2025-11-03,4684.0,4714.0,4564.0,4641.0,7616905,4637.9658203125
2025-11-04,4501.0,4536.0,4378.0,4400.0,10427677,4397.123046875
2025-11-05,4389.0,4526.0,4351.0,4406.0,9403102,4403.119140625
2025-11-06,4755.0,4800.0,4354.0,4748.0,12252945,4744.8955078125
2025-11-07,4650.0,4707.0,4520.0,4570.0,11271404,4567.01171875
2025-11-10,4740.0,4925.0,4737.0,4896.0,14037161,4892.798828125
2025-11-11,4899.0,4988.0,4858.0,4866.0,13943321,4862.818359375
2025-11-12,4921.0,5046.0,4858.0,5031.0,9744295,5027.71044921875
2025-11-13,5056.0,5141.0,4918.0,4958.0,11893484,4954.7587890625
2025-11-14,4887.0,4910.0,4701.0,4820.0,11866950,4816.8486328125
2025-11-17,4795.0,4930.0,4764.0,4897.0,8888843,4893.7978515625
2025-11-18,4750.0,4807.0,4535.0,4750.0,15991662,4746.89453125
2025-11-19,4790.0,5156.0,4756.0,5138.0,15146254,5134.640625
2025-11-20,5079.0,5232.0,4933.0,5232.0,13914738,5228.57958984375
2025-11-21,4941.0,4966.0,4701.0,4860.0,16792624,4856.822265625
2025-11-24,4975.0,5109.0,4866.0,5068.0,19706860,5064.68603515625
2025-11-25,5245.0,5295.0,5027.0,5050.0,11567859,5046.6982421875
2025-11-26,5150.0,5274.0,5137.0,5260.0,10644349,5256.560546875
2025-11-27,5360.0,5459.0,5228.0,5269.0,16132503,5265.5546875
2025-11-28,5315.0,5618.0,5338.0,5588.0,23382855,5584.3466796875
2025-12-01,5658.0,5777.0,5561.0,5697.0,19719624,5693.27490234375
2025-12-02,5568.0,5683.0,5409.0,5458.0,12434072,5454.431640625
2025-12-03,5410.0,5478.0,5340.0,5408.0,10017465,5404.4638671875
2025-12-04,5340.0,5363.0,5125.0,5180.0,8612938,5176.61279296875
2025-12-05,5260.0,5464.0,5260.0,5404.0,10626272,5400.466796875
2025-12-08,5380.0,5417.0,5272.0,5370.0,10674602,5366.48876953125
2025-12-09,5360.0,5400.0,5203.0,5316.0,6906624,5312.5244140625
2025-12-10,5380.0,5460.0,5305.0,5338.0,6748234,5334.509765625
2025-12-11,5338.0,5470.0,5319.0,5421.0,8653198,5417.45556640625
2025-12-12,5520.0,5865.0,5475.0,5865.0,21536972,5861.16552734375
2025-12-15,5865.0,5929.0,5633.0,5636.0,11304715,5632.31494140625
2025-12-17,5964.0,6026.0,5750.0,5786.0,15959632,5782.216796875
2025-12-18,5881.0,5931.0,5746.0,5859.0,28983752,5855.16943359375
2025-12-19,5765.0,5975.0,5762.0,5918.0,22638759,5914.130859375
2025-12-22,6090.0,6379.0,6097.0,6345.0,12897593,6340.8515625
2025-12-23,6405.0,6479.0,6341.0,6341.0,9704998,6336.85400390625
2025-12-24,6480.0,6540.0,6389.0,6470.0,2499067,6465.76953125
2025-12-29,6394.0,6448.0,6016.0,6040.0,9634660,6036.05078125
2025-12-30,6040.0,6364.0,6040.0,6195.0,12209133,6190.94921875
2025-12-31,5950.0,6050.0,5850.0,6050.0,4048661,6046.04443359375
2026-01-02,6164.0,6276.0,5994.0,6082.0,8844968,6078.0234375
2026-01-05,6143.0,6388.0,6082.0,6388.0,11520257,6383.8232421875
2026-01-06,6378.0,6546.0,6254.0,6471.0,14909341,6466.76953125
2026-01-07,6390.0,6579.0,6254.0,6411.0,18447686,6406.80810546875
2026-01-08,6431.0,6468.0,6044.0,6175.0,13861445,6170.962890625
2026-01-09,6320.0,6565.0,6287.0,6535.0,10743962,6530.72705078125
2026-01-12,6650.0,7002.0,6627.0,6930.0,11812110,6925.46875
2026-01-13,6820.0,7238.0,6803.0,7196.0,14226515,7191.294921875
2026-01-14,7150.0,7525.0,7125.0,7231.0,14018076,7226.27197265625
2026-01-15,7165.0,7227.0,6928.0,7097.0,15976618,7092.35986328125
2026-01-16,6955.0,7099.0,6820.0,6933.0,13845909,6928.46728515625
2026-01-19,7104.0,7147.0,6960.0,7128.0,6765016,7123.33935546875
2026-01-20,7201.0,7241.0,7035.0,7080.0,13846968,7075.37109375
2026-01-21,7250.0,7319.0,7051.0,7097.0,13935474,7092.35986328125
2026-01-22,7045.0,7349.0,7023.0,7319.0,17191562,7314.21484375
2026-01-23,7440.0,7796.0,7350.0,7779.0,21235260,7773.9140625
2026-01-26,8000.0,8140.5,7921.0,8081.0,15982369,8075.716796875
2026-01-27,7880.0,8178.0,7690.0,7777.0,17211450,7771.91552734375
2026-01-28,8050.0,8378.0,7983.0,8223.0,19575584,8217.6240234375
2026-01-29,8400.0,8543.0,8088.0,8170.0,16707008,8164.658203125
2026-01-30,7475.0,7699.0,7083.0,7378.0,49773657,7373.17626953125
2026-02-02,5866.0,6923.0,5705.0,6736.0,29503172,6731.595703125
2026-02-03,7000.0,7059.0,6827.0,6935.0,17341842,6930.4658203125
2026-02-04,7191.0,7237.0,7045.0,7085.0,21581566,7080.36767578125
2026-02-05,6840.0,6866.0,6290.0,6490.0,14384624,6485.7568359375
2026-02-06,6285.0,6637.0,6251.0,6574.0,12458549,6569.70166015625
2026-02-09,6750.0,6755.0,6418.0,6686.0,7581837,6681.62890625
2026-02-10,6689.0,6794.0,6604.0,6719.0,10187236,6714.60693359375
2026-02-11,6787.0,7075.0,6800.0,6899.0,8475010,6894.4892578125
2026-02-12,6949.0,6989.0,6819.0,6881.0,11258526,6876.5009765625
2026-02-13,6600.0,6849.0,6410.0,6784.0,13158452,6779.564453125
2026-02-16,6758.0,6800.0,6535.0,6604.0,5044111,6599.6826171875
2026-02-17,6471.0,6628.0,6376.0,6376.0,10481068,6371.83154296875
2026-02-18,6510.0,6677.0,5950.0,6397.0,19494664,6392.81787109375
2026-02-19,6401.0,6442.0,6020.0,6194.0,17464084,6189.9501953125
2026-02-20,6298.0,6423.0,6100.0,6308.0,13955531,6303.8759765625
2026-02-23,6308.0,6554.0,6100.0,6515.0,13063371,6510.74072265625
2026-02-24,6490.0,6551.0,6276.0,6345.0,10880027,6340.8515625
2026-02-25,6510.0,6701.0,6498.0,6615.0,13692040,6610.6748046875
2026-02-26,6640.0,6759.0,6506.0,6534.0,11087850,6529.72802734375
2026-02-27,6840.0,7045.0,6771.0,7000.0,24762770,6995.42333984375
2026-03-02,7225.0,7449.0,6708.0,6753.0,15089176,6748.5849609375
2026-03-03,6696.0,6696.0,5795.0,5885.0,19940143,5881.15234375
2026-03-04,6129.0,6344.0,6046.0,6068.0,12654241,6064.03271484375
2026-03-05,6154.0,6217.0,5870.0,5953.0,11441094,5949.10791015625
2026-03-06,6142.0,6062.0,5651.0,5765.0,10331464,5761.23046875
2026-03-09,5610.0,5760.0,5501.0,5685.0,12948225,5681.283203125
2026-03-10,5954.0,6005.0,5780.0,5930.0,10963549,5926.123046875
2026-03-11,5930.0,5901.0,5446.0,5636.0,9683225,5632.31494140625
2026-03-12,5650.0,5920.0,5543.0,5827.0,14288702,5823.1904296875
2026-03-13,5621.0,5789.0,5337.0,5361.0,17875032,5357.4951171875
2026-03-16,5382.0,5669.0,5349.0,5600.0,22542954,5596.33837890625
2026-03-17,5600.0,5701.0,5505.0,5661.0,11729288,5657.29833984375
2026-03-18,5500.0,5547.0,4983.0,5176.0,14205808,5173.81298828125
2026-03-19,4981.0,5072.0,4386.0,4624.0,46553619,4622.04638671875
2026-03-20,4750.0,4943.0,4623.0,4729.0,35760738,4727.001953125
2026-03-23,4480.0,4777.0,4282.0,4757.0,31907756,4754.98974609375
2026-03-24,4779.0,4874.0,4604.0,4800.0,18153171,4797.9716796875
2026-03-25,4970.0,5183.0,4928.0,5017.0,14411753,5014.88037109375
2026-03-26,4900.0,4924.0,4694.0,4907.0,11445197,4904.9267578125
2026-03-27,4910.0,4960.0,4662.0,4865.0,14319291,4862.9443359375
2026-03-30,4923.0,5011.0,4830.0,4879.0,12963167,4876.9384765625
2026-03-31,4879.0,5135.0,4857.0,5104.0,13150672,5101.84326171875
2026-04-01,5307.0,5375.0,5171.0,5273.0,11647706,5270.77197265625
2026-04-02,4945.0,5240.0,4871.0,5221.0,11487676,5218.7939453125
2026-04-07,5265.0,5224.0,5017.0,5114.0,6801940,5111.83935546875
2026-04-08,5679.0,5741.0,5331.0,5362.0,20856324,5359.734375
2026-04-09,5310.0,5412.0,5226.0,5359.0,10066757,5356.73583984375
2026-04-10,5295.0,5459.0,5272.0,5317.0,6249348,5314.75341796875
2026-04-13,5220.0,5358.0,5180.0,5349.0,7319633,5346.73974609375
2026-04-14,5411.0,5590.0,5380.0,5483.0,6128173,5480.68310546875
2026-04-15,5560.0,5551.0,5388.0,5489.0,6398515,5486.6806640625
2026-04-16,5500.0,5582.0,5381.0,5407.0,10899305,5404.71533203125
2026-04-17,5390.0,5745.0,5295.0,5731.0,9237312,5728.57861328125
2026-04-20,5590.0,5599.0,5469.0,5525.0,5946825,5522.66552734375
2026-04-21,5466.0,5520.0,5360.0,5360.0,7138195,5357.7353515625
2026-04-22,5430.0,5500.0,5316.0,5391.0,4874802,5388.72216796875
2026-04-23,5303.0,5377.0,5127.0,5316.0,7323776,5313.75390625
2026-04-24,5200.0,5345.0,5127.0,5317.0,5406792,5314.75341796875
2026-04-28,5140.0,5139.0,4893.0,4893.0,9698223,4890.9326171875
2026-04-29,4940.0,5019.0,4783.0,4812.0,9402001,4809.966796875
2026-04-30,4871.0,5068.0,4860.0,4967.0,11512505,4964.9013671875
2026-05-04,5020.0,5066.0,4939.0,4939.0,6019479,4936.9130859375
2026-05-05,4985.0,5094.0,4935.0,4996.0,8277527,4993.88916015625
2026-05-06,5114.0,5561.0,5106.0,5561.0,22446017,5558.650390625
2026-05-07,5591.0,5757.0,5545.0,5631.0,9041621,5628.62060546875
2026-05-08,5600.0,5589.0,5429.0,5480.0,6895147,5477.6845703125
2026-05-11,5400.0,5688.0,5334.0,5626.0,9688520,5623.623046875
2026-05-12,5560.0,5604.0,5427.0,5482.0,6242098,5479.68359375
2026-05-13,5515.0,5663.0,5440.0,5587.0,4843448,5584.63916015625
2026-05-14,5560.0,5720.0,5367.0,5412.0,8779142,5409.71337890625
2026-05-15,5300.0,5338.0,5075.0,5089.0,7322757,5086.849609375
2026-05-18,5100.0,5171.0,4987.0,5055.0,6445810,5052.8642578125
2026-05-19,5079.0,5087.0,4750.0,4756.0,10732679,4753.990234375
2026-05-20,4848.0,4893.0,4728.0,4841.0,12269380,4838.95458984375
2026-05-21,4850.0,4888.0,4706.0,4765.0,8484180,4762.98681640625
2026-05-22,4824.0,4864.0,4629.0,4675.0,14878830,4673.0244140625
2026-05-25,4815.0,5027.0,4815.0,4974.0,5086554,4971.8984375
2026-05-26,4877.0,4930.0,4810.0,4925.0,10955672,4922.9189453125
2026-05-27,4914.0,5012.0,4853.5,4893.0,12081315,4890.9326171875
2026-05-28,4732.0,4941.0,4727.0,4941.0,17433833,4938.912109375
2026-05-29,5100.0,5120.0,4848.0,4880.0,22839314,4877.93798828125
2026-06-01,4880.0,4901.0,4638.0,4670.0,10025813,4668.02685546875
2026-06-02,4850.0,4961.0,4771.0,4849.0,13288359,4846.951171875
2026-06-03,4782.0,4821.0,4609.0,4658.0,11178581,4656.03173828125
2026-06-04,4604.0,4680.5,4555.0,4557.0,11827997,4555.07470703125
2026-06-05,4559.0,4570.0,4210.0,4252.0,8430033,4250.20361328125
2026-06-08,4176.0,4216.0,4012.0,4080.0,12367020,4078.276123046875
2026-06-09,4042.0,4098.0,3942.0,3966.0,15128151,3964.32421875
2026-06-10,3860.0,3894.0,3764.0,3856.0,12096098,3854.37060546875
2026-06-11,3850.0,3858.0,3694.0,3831.0,39718675,3829.38134765625
2026-06-12,3966.0,4064.0,3836.0,3986.0,20764220,3984.315673828125
2026-06-15,4163.0,4467.0,4130.0,4342.0,17822119,4340.16552734375
2026-06-17,4390.0,4402.0,4248.0,4314.0,11187143,4312.17724609375
2026-06-18,4254.0,4279.0,3989.0,4010.0,35542688,4008.3056640625
2026-06-19,3945.0,3927.0,3688.0,3688.0,28652848,3686.441650390625
2026-06-22,3800.0,3874.0,3760.0,3838.0,9456633,3836.37841796875
2026-06-23,3688.0,3751.0,3604.0,3696.0,13244600,3694.438232421875
2026-06-24,3762.0,3748.0,3470.0,3589.0,16266084,3587.4833984375
2026-06-25,3555.0,3675.0,3510.0,3605.0,13652088,3603.476806640625
2026-06-26,3666.0,3703.0,3585.0,3688.0,8915531,3686.441650390625
2026-06-29,3690.0,3688.0,3497.0,3497.0,9337086,3495.5224609375
2026-06-30,3525.0,3572.0,3434.0,3482.0,11827853,3480.52880859375
2026-07-01,3400.0,3599.0,3354.0,3509.0,16335143,3507.517333984375
2026-07-02,3505.0,3687.0,3451.0,3593.0,19638043,3591.48193359375
2026-07-03,3659.0,3723.0,3596.0,3600.0,17397671,3598.478759765625
2026-07-06,3600.0,3689.0,3569.0,3614.0,11815727,3612.472900390625
2026-07-07,3585.0,3630.0,3456.0,3478.0,34956248,3476.530517578125
2026-07-08,3471.0,3477.0,3250.0,3330.0,15343093,3328.593017578125
2026-07-09,3415.0,3482.0,3407.0,3425.0,11670543,3423.552734375
2026-07-10,3492.0,3504.0,3421.0,3458.0,9527881,3456.538818359375
2026-07-13,3385.0,3519.0,3360.0,3445.0,5977329,3443.54443359375
2026-07-14,3490.0,3562.0,3408.0,3509.0,15895965,3507.517333984375
2026-07-15,3500.0,3525.0,3402.0,3451.0,8112963,3449.541748046875
2026-07-16,3474.0,3486.0,3317.0,3330.0,15727845,3328.593017578125
2026-07-17,3300.0,3310.0,3231.0,3269.0,11439670,3267.61865234375
2026-07-20,3284.0,3373.0,3251.0,3290.0,9315298,3288.60986328125
2026-07-21,3386.0,3460.0,3334.0,3422.0,7921429,3420.55419921875
2026-07-22,3508.0,3640.0,3464.0,3582.0,14915107,3580.486572265625
2026-07-23,3586.0,3559.0,3398.0,3477.0,16073028,3475.53076171875
2026-07-24,3470.0,3583.0,3446.0,3518.0,12712939,3516.513427734375
2026-07-27,3605.0,3668.0,3470.0,3509.0,10386700,3507.517333984375
2026-07-28,3510.0,3558.0,3450.0,3471.0,8305623,3469.533447265625
2026-07-29,3560.0,3629.0,3500.0,3500.0,12677783,3498.521240234375
2026-07-30,3549.0,3697.0,3489.0,3662.0,14882445,3660.45263671875
2026-07-31,3675.0,3730.0,3588.0,3588.0,46687195,3586.48388671875
2026-08-03,3645.0,3663.0,3502.0,3640.0,8614639,3638.4619140625
2026-08-04,3696.0,3939.0,3693.0,3910.0,24618166,3908.347900390625
2026-08-05,4050.0,4169.0,3970.0,4057.0,27548957,4055.28564453125
2026-08-06,4124.0,4108.0,3992.0,4063.0,16004035,4061.283203125
2026-08-07,4119.0,4404.0,4114.0,4343.0,24047433,4341.1650390625
2026-08-11,4343.0,4383.0,4248.0,4312.0,18925013,4310.17822265625
2026-08-12,4280.0,4466.0,4282.0,4328.0,13823912,4326.17138671875
2026-08-13,4340.0,4343.0,4174.0,4282.0,13760473,4280.19091796875
2026-08-14,4285.0,4353.0,4192.0,4349.0,6099241,4347.16259765625
2026-08-17,4405.0,4484.0,4340.0,4464.0,7307014,4462.11376953125
2026-08-18,4385.0,4435.0,4285.0,4285.0,10696417,4283.189453125
2026-08-19,4271.0,4692.0,4237.0,4679.0,13191888,4677.02294921875
2026-08-20,4674.0,4752.0,4515.0,4752.0,17012638,4749.9921875
2026-08-21,4848.0,5176.0,4840.0,5016.0,33093352,5013.88037109375
2026-08-24,5080.0,5101.0,4926.0,5015.0,19493521,5012.880859375
2026-08-25,4956.0,5087.0,4908.0,4974.0,20223264,4971.8984375
2026-08-26,5025.0,5020.0,4870.0,4890.0,11524299,4887.93359375
2026-08-27,4929.0,4929.0,4737.0,4907.0,15517287,4904.9267578125
2026-08-28,4985.0,5161.0,4933.0,5028.0,17272424,5025.87548828125
2026-08-31,4899.0,4948.0,4763.0,4769.0,16330865,4766.98486328125
2026-09-01,4800.0,4890.0,4587.0,4729.0,17220427,4727.001953125
2026-09-02,4650.0,5173.0,4643.0,5108.0,24100434,5105.841796875
2026-09-03,5079.0,5235.0,4964.0,5235.0,20054640,5232.7880859375
2026-09-04,5230.0,5277.0,5056.0,5184.0,11126142,5181.8095703125
2026-09-07,5211.0,5413.0,5145.0,5351.0,13265060,5348.73876953125
2026-09-08,5332.0,5332.0,5176.0,5284.0,11924369,5281.76708984375
2026-09-09,5302.0,5394.0,5170.0,5264.0,12256770,5261.77587890625
2026-09-10,5275.0,5310.0,5007.0,5100.0,13776059,5097.84521484375
2026-09-11,5172.0,5240.0,5032.0,5112.0,9122557,5109.83984375
2026-09-14,5050.0,5052.0,4742.0,4784.0,8944215,4781.978515625
2026-09-15,4825.0,4892.0,4714.0,4757.0,12247252,4754.98974609375
2026-09-16,4700.0,4737.0,4540.0,4629.0,22498478,4629.0
2026-09-17,4664.0,4772.0,4557.0,4737.0,21470780,4737.0
2026-09-18,4815.0,4840.0,4645.0,4645.0,22684396,4645.0
2026-09-21,4700.0,4751.0,4504.0,4508.0,7837778,4508.0
2026-09-22,4489.0,4598.0,4390.0,4511.0,11849215,4511.0
2026-09-23,4590.0,4585.0,4270.0,4326.0,12426531,4326.0
2026-09-25,4251.0,4390.0,4228.0,4316.0,16769505,4316.0
2026-09-28,4187.0,4244.0,4029.0,4139.0,14519909,4139.0
2026-09-29,4160.0,4223.0,4107.0,4144.0,13639454,4144.0
2026-09-30,4181.0,4365.0,4176.0,4241.0,16079660,4241.0
