Date,Open,High,Low,Close,Volume,Adj_Close
2016-07-29,28.964399337768555,29.08072280883789,28.731752395629883,28.731752395629883,1400842,9.709898948669434
2016-08-01,28.84807586669922,29.08072280883789,28.499107360839844,28.84807586669922,1752019,9.749211311340332
2016-08-02,28.84807586669922,28.84807586669922,28.15013885498047,28.15013885498047,2524008,9.513343811035156
2016-08-03,28.033815383911133,28.15013885498047,27.91749382019043,28.033815383911133,2018089,9.474031448364258
2016-08-04,28.15013885498047,28.266460418701172,27.801170349121094,28.15013885498047,1143798,9.513343811035156
2016-08-05,28.382783889770508,28.382783889770508,28.033815383911133,28.266460418701172,1583523,9.552654266357422
2016-08-08,28.499107360839844,28.499107360839844,27.801170349121094,28.033815383911133,1677227,9.474031448364258
2016-08-09,28.15013885498047,28.266460418701172,27.91749382019043,27.91749382019043,1307567,9.434720039367676
2016-08-10,27.91749382019043,28.266460418701172,27.91749382019043,28.15013885498047,1520337,9.513343811035156
2016-08-11,27.91749382019043,28.15013885498047,27.568523406982422,27.91749382019043,2020668,9.434720039367676
2016-08-12,28.033815383911133,28.15013885498047,27.91749382019043,27.91749382019043,1563320,9.434720039367676
2016-08-15,27.91749382019043,28.15013885498047,27.801170349121094,27.91749382019043,1255986,9.434720039367676
2016-08-16,27.91749382019043,27.91749382019043,27.684846878051758,27.91749382019043,1672069,9.434720039367676
2016-08-17,28.033815383911133,28.266460418701172,27.801170349121094,27.91749382019043,1886559,9.434720039367676
2016-08-18,28.033815383911133,28.15013885498047,27.801170349121094,28.033815383911133,1482941,9.474031448364258
2016-08-19,28.15013885498047,28.15013885498047,27.91749382019043,27.91749382019043,1289514,9.434720039367676
2016-08-22,27.91749382019043,27.91749382019043,27.684846878051758,27.801170349121094,750927,9.39540958404541
2016-08-23,27.801170349121094,27.91749382019043,27.684846878051758,27.801170349121094,842482,9.39540958404541
2016-08-24,27.91749382019043,27.91749382019043,27.684846878051758,27.801170349121094,915125,9.39540958404541
2016-08-25,27.801170349121094,28.033815383911133,27.801170349121094,28.033815383911133,888045,9.474031448364258
2016-08-26,28.15013885498047,28.15013885498047,27.684846878051758,27.684846878051758,711381,9.356097221374512
2016-08-29,27.801170349121094,27.91749382019043,27.568523406982422,27.684846878051758,1133053,9.356097221374512
2016-08-30,27.684846878051758,27.91749382019043,27.10323143005371,27.45220184326172,1781248,9.277475357055664
2016-08-31,27.801170349121094,28.84807586669922,27.568523406982422,28.15013885498047,8194432,9.513343811035156
2016-09-01,28.731752395629883,30.70924186706543,28.382783889770508,30.70924186706543,23364705,10.378192901611328
2016-09-02,31.40717887878418,33.50099182128906,31.40717887878418,32.45408630371094,35937897,10.967862129211426
2016-09-05,32.686729431152344,33.035701751708984,31.87247085571289,32.45408630371094,16188129,10.967862129211426
2016-09-06,32.45408630371094,32.45408630371094,31.523502349853516,31.756147384643555,9851457,10.73199462890625
2016-09-07,32.686729431152344,32.919376373291016,31.756147384643555,31.87247085571289,11315056,10.771306037902832
2016-09-08,31.87247085571289,32.33776092529297,31.63982582092285,32.33776092529297,10497074,10.92855167388916
2016-09-09,32.33776092529297,32.80305480957031,31.988794326782227,32.57040786743164,8194861,11.007174491882324
2016-09-12,31.756147384643555,31.756147384643555,30.360273361206055,30.592918395996094,8501336,10.33888053894043
2016-09-13,30.825565338134766,31.058210372924805,30.24394989013672,30.47659683227539,4281616,10.299570083618164
2016-09-14,30.360273361206055,30.825565338134766,29.77865982055664,30.01130485534668,6807774,10.142324447631836
2016-09-19,30.24394989013672,30.360273361206055,29.894981384277344,30.01130485534668,2904845,10.142324447631836
2016-09-20,30.24394989013672,30.9418888092041,30.24394989013672,30.825565338134766,4031450,10.41750431060791
2016-09-21,30.70924186706543,30.70924186706543,30.127628326416016,30.127628326416016,3138247,10.181635856628418
2016-09-22,30.360273361206055,30.47659683227539,29.894981384277344,30.24394989013672,2183577,10.220947265625
2016-09-23,30.360273361206055,30.592918395996094,30.01130485534668,30.127628326416016,2414830,10.181635856628418
2016-09-26,30.24394989013672,30.360273361206055,29.77865982055664,29.894981384277344,1538820,10.103012084960938
2016-09-27,29.894981384277344,29.894981384277344,29.894981384277344,29.894981384277344,0,10.103012084960938
2016-09-28,29.894981384277344,29.894981384277344,29.894981384277344,29.894981384277344,0,10.103012084960938
2016-09-29,30.360273361206055,30.360273361206055,29.08072280883789,29.429689407348633,6052549,9.945767402648926
2016-09-30,28.964399337768555,29.08072280883789,28.15013885498047,28.266460418701172,8766116,9.552654266357422
2016-10-03,28.61543083190918,28.61543083190918,27.91749382019043,28.033815383911133,3623104,9.474031448364258
2016-10-04,28.266460418701172,28.499107360839844,28.033815383911133,28.266460418701172,3348868,9.552654266357422
2016-10-05,28.266460418701172,28.266460418701172,27.91749382019043,28.266460418701172,2561834,9.552654266357422
2016-10-06,28.266460418701172,28.382783889770508,27.91749382019043,28.033815383911133,2192173,9.474031448364258
2016-10-07,28.033815383911133,28.266460418701172,27.91749382019043,28.15013885498047,2910003,9.513343811035156
2016-10-11,28.266460418701172,28.266460418701172,27.684846878051758,27.91749382019043,3117185,9.434720039367676
2016-10-12,28.033815383911133,28.382783889770508,27.801170349121094,28.266460418701172,3051849,9.552654266357422
2016-10-13,28.266460418701172,28.266460418701172,27.801170349121094,27.91749382019043,2747954,9.434720039367676
2016-10-14,27.91749382019043,28.033815383911133,27.684846878051758,27.801170349121094,2448357,9.39540958404541
2016-10-17,27.91749382019043,28.15013885498047,27.684846878051758,27.801170349121094,2089872,9.39540958404541
2016-10-18,27.91749382019043,27.91749382019043,27.801170349121094,27.801170349121094,1208274,9.39540958404541
2016-10-19,27.91749382019043,27.91749382019043,27.684846878051758,27.801170349121094,2036572,9.39540958404541
2016-10-20,27.801170349121094,28.499107360839844,27.684846878051758,28.382783889770508,3702624,9.591965675354004
2016-10-21,28.499107360839844,28.499107360839844,27.91749382019043,28.033815383911133,2338748,9.474031448364258
2016-10-24,28.15013885498047,28.266460418701172,27.91749382019043,27.91749382019043,1501424,9.434720039367676
2016-10-25,27.91749382019043,28.15013885498047,27.91749382019043,27.91749382019043,1056112,9.434720039367676
2016-10-26,27.91749382019043,28.033815383911133,27.684846878051758,27.684846878051758,1794143,9.356097221374512
2016-10-27,27.684846878051758,27.91749382019043,27.45220184326172,27.45220184326172,2472428,9.277475357055664
2016-10-28,27.568523406982422,27.684846878051758,27.219554901123047,27.335878372192383,1795003,9.238163948059082
2016-10-31,27.335878372192383,27.568523406982422,26.75426483154297,27.45220184326172,2406233,9.277475357055664
2016-11-01,27.684846878051758,27.684846878051758,27.219554901123047,27.219554901123047,1689263,9.1988525390625
2016-11-02,27.335878372192383,27.45220184326172,26.986909866333008,26.986909866333008,1755888,9.120230674743652
2016-11-03,26.986909866333008,27.219554901123047,26.75426483154297,26.75426483154297,2174120,9.041606903076172
2016-11-04,26.637941360473633,26.986909866333008,26.521617889404297,26.75426483154297,2363249,9.041606903076172
2016-11-07,27.10323143005371,27.335878372192383,26.870586395263672,27.219554901123047,2109645,9.1988525390625
2016-11-08,27.10323143005371,27.10323143005371,26.637941360473633,26.75426483154297,2973619,9.041606903076172
2016-11-09,26.986909866333008,27.10323143005371,26.288972854614258,26.40529441833496,4667611,8.923672676086426
2016-11-10,26.986909866333008,26.986909866333008,26.75426483154297,26.870586395263672,1722360,9.08091926574707
2016-11-11,26.637941360473633,27.568523406982422,26.521617889404297,26.870586395263672,4502553,9.08091926574707
2016-11-14,26.986909866333008,28.382783889770508,26.870586395263672,27.91749382019043,10613560,9.434720039367676
2016-11-15,27.801170349121094,27.91749382019043,27.45220184326172,27.684846878051758,3881437,9.356097221374512
2016-11-16,28.266460418701172,28.382783889770508,27.684846878051758,27.801170349121094,5111203,9.39540958404541
2016-11-17,27.91749382019043,28.382783889770508,27.91749382019043,27.91749382019043,3719818,9.434720039367676
2016-11-18,28.266460418701172,28.61543083190918,28.033815383911133,28.033815383911133,6039654,9.474031448364258
2016-11-21,28.033815383911133,28.15013885498047,27.45220184326172,27.684846878051758,3494583,9.356097221374512
2016-11-22,27.568523406982422,28.15013885498047,27.335878372192383,27.91749382019043,4827510,9.434720039367676
2016-11-23,28.033815383911133,28.033815383911133,27.568523406982422,27.684846878051758,2165953,9.356097221374512
2016-11-24,27.568523406982422,28.033815383911133,27.568523406982422,27.801170349121094,3838883,9.39540958404541
2016-11-25,28.033815383911133,28.382783889770508,27.801170349121094,28.15013885498047,3700475,9.513343811035156
2016-11-28,28.266460418701172,28.266460418701172,27.91749382019043,27.91749382019043,4237343,9.434720039367676
2016-11-29,27.91749382019043,28.15013885498047,27.91749382019043,27.91749382019043,3791171,9.434720039367676
2016-11-30,28.15013885498047,28.15013885498047,27.568523406982422,28.033815383911133,4968067,9.474031448364258
2016-12-01,27.91749382019043,27.91749382019043,27.568523406982422,27.568523406982422,3827707,9.316786766052246
2016-12-02,27.568523406982422,27.684846878051758,27.10323143005371,27.10323143005371,3869401,9.159540176391602
2016-12-05,27.219554901123047,27.335878372192383,26.870586395263672,26.870586395263672,3167046,9.08091926574707
2016-12-06,26.986909866333008,27.10323143005371,26.75426483154297,26.75426483154297,3332534,9.041606903076172
2016-12-07,26.870586395263672,26.870586395263672,26.75426483154297,26.870586395263672,2193033,9.08091926574707
2016-12-08,27.10323143005371,27.335878372192383,26.870586395263672,27.219554901123047,2924188,9.1988525390625
2016-12-09,27.219554901123047,27.335878372192383,26.870586395263672,27.219554901123047,2940951,9.1988525390625
2016-12-12,27.335878372192383,27.45220184326172,26.75426483154297,26.870586395263672,3532838,9.08091926574707
2016-12-13,26.870586395263672,26.870586395263672,26.521617889404297,26.75426483154297,2687777,9.041606903076172
2016-12-14,26.75426483154297,26.870586395263672,26.40529441833496,26.40529441833496,2923758,8.923672676086426
2016-12-15,26.40529441833496,26.637941360473633,26.288972854614258,26.521617889404297,3968264,8.962985038757324
2016-12-16,26.637941360473633,26.637941360473633,26.172649383544922,26.40529441833496,4632364,8.923672676086426
2016-12-19,26.637941360473633,26.870586395263672,26.172649383544922,26.288972854614258,4328898,8.88436222076416
2016-12-20,26.40529441833496,26.40529441833496,25.940004348754883,25.940004348754883,3997063,8.766427993774414
2016-12-21,25.940004348754883,26.056325912475586,25.823680877685547,25.823680877685547,3116325,8.727115631103516
2016-12-22,25.940004348754883,25.940004348754883,25.591035842895508,25.591035842895508,3565506,8.648494720458984
2016-12-23,25.70735740661621,25.940004348754883,25.591035842895508,25.591035842895508,3226364,8.648494720458984
2016-12-26,25.823680877685547,26.172649383544922,25.823680877685547,25.823680877685547,2699382,8.727115631103516
2016-12-27,26.056325912475586,26.056325912475586,25.591035842895508,25.591035842895508,2282869,8.648494720458984
2016-12-28,25.591035842895508,25.823680877685547,25.591035842895508,25.70735740661621,1626077,8.68780517578125
2016-12-29,25.70735740661621,25.823680877685547,25.591035842895508,25.591035842895508,1335076,8.648494720458984
2016-12-30,25.70735740661621,26.056325912475586,25.70735740661621,25.823680877685547,1491537,8.727115631103516
2017-01-03,26.056325912475586,27.10323143005371,26.056325912475586,26.986909866333008,11934022,9.120230674743652
2017-01-04,26.986909866333008,27.335878372192383,26.75426483154297,27.10323143005371,4825361,9.159540176391602
2017-01-05,27.10323143005371,27.219554901123047,26.75426483154297,26.870586395263672,3010155,9.08091926574707
2017-01-06,26.986909866333008,27.801170349121094,26.986909866333008,27.684846878051758,6861934,9.356097221374512
2017-01-09,27.684846878051758,28.033815383911133,27.45220184326172,27.91749382019043,7464567,9.434720039367676
2017-01-10,28.033815383911133,28.266460418701172,27.684846878051758,27.91749382019043,4582932,9.434720039367676
2017-01-11,27.91749382019043,29.54601287841797,27.91749382019043,29.08072280883789,15124710,9.827835083007812
2017-01-12,29.197044372558594,29.662336349487305,28.964399337768555,29.429689407348633,11138392,9.945767402648926
2017-01-13,29.429689407348633,29.54601287841797,29.08072280883789,29.197044372558594,4097645,9.867145538330078
2017-01-16,29.31336784362793,29.31336784362793,28.61543083190918,28.61543083190918,3335543,9.670589447021484
2017-01-17,28.731752395629883,29.197044372558594,28.731752395629883,29.197044372558594,3489425,9.867145538330078
2017-01-18,29.197044372558594,29.662336349487305,28.84807586669922,29.662336349487305,4461288,10.024391174316406
2017-01-19,29.54601287841797,30.360273361206055,29.429689407348633,30.01130485534668,8298022,10.142324447631836
2017-01-20,29.77865982055664,30.24394989013672,29.77865982055664,29.77865982055664,3395720,10.063701629638672
2017-01-23,30.01130485534668,30.24394989013672,29.77865982055664,30.01130485534668,4929382,10.142324447631836
2017-01-24,30.01130485534668,30.24394989013672,29.894981384277344,30.01130485534668,3117185,10.142324447631836
2017-02-02,30.127628326416016,31.290855407714844,29.77865982055664,30.9418888092041,7097055,10.456815719604492
2017-02-03,31.40717887878418,31.523502349853516,30.825565338134766,31.40717887878418,6579100,10.614059448242188
2017-02-06,31.63982582092285,31.756147384643555,31.290855407714844,31.40717887878418,5443898,10.614059448242188
2017-02-07,31.290855407714844,31.290855407714844,30.70924186706543,30.70924186706543,3942044,10.378192901611328
2017-02-08,30.9418888092041,30.9418888092041,29.54601287841797,30.24394989013672,6724386,10.220947265625
2017-02-09,30.47659683227539,31.290855407714844,30.127628326416016,30.9418888092041,5098308,10.456815719604492
2017-02-10,31.17453384399414,32.686729431152344,31.058210372924805,31.988794326782227,11179227,10.810617446899414
2017-02-13,32.57040786743164,32.57040786743164,31.988794326782227,32.10511779785156,6210299,10.849928855895996
2017-02-14,32.10511779785156,32.221439361572266,31.523502349853516,31.988794326782227,4451832,10.810617446899414
2017-02-15,32.10511779785156,33.384666442871094,31.87247085571289,33.035701751708984,12685379,11.164419174194336
2017-02-16,33.26834487915039,33.384666442871094,32.45408630371094,32.919376373291016,5939931,11.12510871887207
2017-02-17,33.15202331542969,33.26834487915039,32.686729431152344,32.686729431152344,3183380,11.046483993530273
2017-02-20,33.15202331542969,33.84996032714844,33.035701751708984,33.035701751708984,9754744,11.164419174194336
2017-02-21,33.26834487915039,33.733638763427734,33.035701751708984,33.035701751708984,6375357,11.164419174194336
2017-02-22,33.50099182128906,33.617313385009766,33.15202331542969,33.384666442871094,4925943,11.282352447509766
2017-02-23,33.384666442871094,33.50099182128906,32.686729431152344,33.384666442871094,4257975,11.282352447509766
2017-02-24,33.384666442871094,33.96628189086914,33.384666442871094,33.84996032714844,9141365,11.43959903717041
2017-03-01,33.96628189086914,35.36215591430664,33.96628189086914,34.89686584472656,14464909,11.793400764465332
2017-03-02,35.59480285644531,36.64170837402344,35.36215591430664,35.59480285644531,16836755,12.029269218444824
2017-03-03,35.59480285644531,35.711124420166016,34.89686584472656,35.24583435058594,5781751,11.911334037780762
2017-03-06,35.129512786865234,35.36215591430664,34.89686584472656,35.013187408447266,4293222,11.832712173461914
2017-03-07,35.013187408447266,35.711124420166016,34.78054428100586,34.89686584472656,5037701,11.793400764465332
2017-03-08,35.129512786865234,35.47848129272461,34.431575775146484,34.66421890258789,5777882,11.714776992797852
2017-03-09,34.66421890258789,34.89686584472656,34.315250396728516,34.78054428100586,5706959,11.75408935546875
2017-03-10,34.54789733886719,34.78054428100586,33.50099182128906,33.617313385009766,7432759,11.36097526550293
2017-03-13,33.733638763427734,34.54789733886719,33.733638763427734,34.08260726928711,5280989,11.518220901489258
2017-03-14,34.08260726928711,34.431575775146484,33.733638763427734,33.96628189086914,3543154,11.478909492492676
2017-03-15,33.84996032714844,34.315250396728516,33.617313385009766,33.733638763427734,4613881,11.400287628173828
2017-03-16,34.19892883300781,34.315250396728516,33.617313385009766,34.08260726928711,4354259,11.518220901489258
2017-03-17,34.08260726928711,34.66421890258789,33.96628189086914,34.19892883300781,5113782,11.557531356811523
2017-03-20,34.19892883300781,34.19892883300781,33.26834487915039,33.384666442871094,4821063,11.282352447509766
2017-03-21,33.50099182128906,33.617313385009766,32.57040786743164,32.686729431152344,7605983,11.046483993530273
2017-03-22,32.57040786743164,32.80305480957031,32.10511779785156,32.57040786743164,5858262,11.007174491882324
2017-03-23,32.919376373291016,33.384666442871094,32.45408630371094,33.26834487915039,4346951,11.243041038513184
2017-03-24,33.15202331542969,33.26834487915039,32.80305480957031,33.035701751708984,2704540,11.164419174194336
2017-03-27,32.919376373291016,32.919376373291016,32.221439361572266,32.33776092529297,3800197,10.92855167388916
2017-03-28,32.33776092529297,32.57040786743164,31.63982582092285,32.10511779785156,4429910,10.849928855895996
2017-03-29,32.45408630371094,32.919376373291016,32.33776092529297,32.919376373291016,2799105,11.12510871887207
2017-03-30,32.919376373291016,32.919376373291016,32.57040786743164,32.80305480957031,2130277,11.085796356201172
2017-03-31,32.919376373291016,33.035701751708984,32.686729431152344,33.035701751708984,1913638,11.164419174194336
2017-04-05,33.035701751708984,33.035701751708984,32.33776092529297,32.45408630371094,4532641,10.967862129211426
2017-04-06,32.686729431152344,32.686729431152344,31.63982582092285,31.756147384643555,4087759,10.73199462890625
2017-04-07,31.756147384643555,31.988794326782227,31.63982582092285,31.87247085571289,2101478,10.771306037902832
2017-04-10,31.87247085571289,32.10511779785156,31.523502349853516,31.523502349853516,2925907,10.653371810913086
2017-04-11,31.756147384643555,32.221439361572266,31.63982582092285,31.988794326782227,3783434,10.810617446899414
2017-04-12,32.10511779785156,32.221439361572266,31.756147384643555,31.988794326782227,2031414,10.810617446899414
2017-04-13,31.988794326782227,32.33776092529297,31.988794326782227,32.10511779785156,2399785,10.849928855895996
2017-04-14,32.10511779785156,32.10511779785156,31.17453384399414,31.290855407714844,3714230,10.574749946594238
2017-04-17,31.17453384399414,31.290855407714844,30.360273361206055,30.47659683227539,5063921,10.299570083618164
2017-04-18,30.70924186706543,31.87247085571289,30.592918395996094,31.756147384643555,2769016,10.73199462890625
2017-04-19,31.17453384399414,31.40717887878418,30.70924186706543,30.825565338134766,2311668,10.41750431060791
2017-04-20,30.592918395996094,30.825565338134766,30.47659683227539,30.592918395996094,1813486,10.33888053894043
2017-04-21,30.9418888092041,31.17453384399414,30.70924186706543,30.825565338134766,1234924,10.41750431060791
2017-04-24,30.9418888092041,30.9418888092041,30.24394989013672,30.24394989013672,1826811,10.220947265625
2017-04-25,31.058210372924805,31.63982582092285,30.47659683227539,31.40717887878418,2946109,10.614059448242188
2017-04-26,31.40717887878418,31.87247085571289,31.058210372924805,31.87247085571289,2330151,10.771306037902832
2017-04-27,31.63982582092285,31.87247085571289,31.17453384399414,31.63982582092285,1708606,10.692684173583984
2017-04-28,31.63982582092285,31.756147384643555,30.825565338134766,30.9418888092041,1691412,10.456815719604492
2017-05-02,31.523502349853516,32.45408630371094,31.523502349853516,32.221439361572266,5244453,10.889240264892578
2017-05-03,32.45408630371094,32.57040786743164,31.87247085571289,31.988794326782227,3050560,10.810617446899414
2017-05-04,32.221439361572266,32.33776092529297,31.87247085571289,31.988794326782227,1955333,10.810617446899414
2017-05-05,31.988794326782227,31.988794326782227,31.63982582092285,31.63982582092285,1101245,10.692684173583984
2017-05-08,31.87247085571289,31.87247085571289,31.40717887878418,31.40717887878418,1008829,10.614059448242188
2017-05-09,31.290855407714844,31.40717887878418,30.127628326416016,30.360273361206055,4485789,10.260258674621582
2017-05-10,30.70924186706543,30.9418888092041,30.24394989013672,30.70924186706543,3306314,10.378192901611328
2017-05-11,30.825565338134766,31.058210372924805,30.24394989013672,30.592918395996094,3219056,10.33888053894043
2017-05-12,30.70924186706543,31.058210372924805,30.47659683227539,30.70924186706543,2020668,10.378192901611328
2017-05-15,31.17453384399414,32.10511779785156,30.9418888092041,31.058210372924805,4439367,10.496126174926758
2017-05-16,31.40717887878418,31.40717887878418,31.058210372924805,31.40717887878418,2193033,10.614059448242188
2017-05-17,31.40717887878418,31.523502349853516,30.360273361206055,30.47659683227539,3523812,10.299570083618164
2017-05-18,30.24394989013672,31.63982582092285,30.24394989013672,31.63982582092285,5175679,10.692684173583984
2017-05-19,31.87247085571289,32.221439361572266,31.40717887878418,31.523502349853516,4914338,10.653371810913086
2017-05-22,31.87247085571289,31.988794326782227,31.40717887878418,31.523502349853516,4667181,10.653371810913086
2017-05-23,31.63982582092285,32.10511779785156,31.523502349853516,32.10511779785156,5366527,10.849928855895996
2017-05-24,32.221439361572266,32.45408630371094,31.988794326782227,32.33776092529297,2563553,10.92855167388916
2017-05-25,32.33776092529297,33.733638763427734,32.221439361572266,33.733638763427734,8637165,11.400287628173828
2017-05-26,34.08260726928711,34.78054428100586,33.96628189086914,34.54789733886719,9943442,11.675467491149902
2017-05-31,34.78054428100586,35.59480285644531,34.54789733886719,35.129512786865234,10050042,11.872024536132812
2017-06-01,34.89686584472656,35.129512786865234,34.54789733886719,34.89686584472656,4217570,11.793400764465332
2017-06-02,34.89686584472656,35.013187408447266,34.54789733886719,34.66421890258789,4504702,11.714776992797852
2017-06-05,34.66421890258789,35.36215591430664,34.54789733886719,35.129512786865234,5657957,11.872024536132812
2017-06-06,35.36215591430664,35.36215591430664,34.66421890258789,35.013187408447266,3594735,11.832712173461914
2017-06-07,35.013187408447266,35.129512786865234,34.66421890258789,35.129512786865234,3294278,11.872024536132812
2017-06-08,35.36215591430664,35.711124420166016,35.013187408447266,35.36215591430664,7253516,11.950643539428711
2017-06-09,35.36215591430664,35.47848129272461,34.54789733886719,34.54789733886719,4381768,11.675467491149902
2017-06-12,35.129512786865234,35.24583435058594,34.66421890258789,34.78054428100586,3671246,11.75408935546875
2017-06-13,35.013187408447266,35.94377136230469,35.013187408447266,35.129512786865234,6581679,11.872024536132812
2017-06-14,34.89686584472656,34.89686584472656,31.63982582092285,33.617313385009766,26357237,11.36097526550293
2017-06-15,33.50099182128906,34.431575775146484,33.384666442871094,34.431575775146484,6830985,11.63615608215332
2017-06-16,34.19892883300781,34.315250396728516,33.733638763427734,34.19892883300781,5743065,11.557531356811523
2017-06-19,34.08260726928711,34.66421890258789,34.08260726928711,34.66421890258789,4228746,11.714776992797852
2017-06-20,34.66421890258789,35.36215591430664,34.315250396728516,34.78054428100586,3985028,11.75408935546875
2017-06-21,34.78054428100586,35.129512786865234,34.54789733886719,34.89686584472656,3829426,11.793400764465332
2017-06-22,35.129512786865234,35.59480285644531,35.013187408447266,35.47848129272461,6935006,11.989957809448242
2017-06-23,35.59480285644531,35.827449798583984,35.24583435058594,35.24583435058594,2970180,11.911334037780762
2017-06-26,35.47848129272461,35.59480285644531,35.013187408447266,35.129512786865234,3583129,11.872024536132812
2017-06-27,35.24583435058594,35.24583435058594,34.54789733886719,34.78054428100586,3805356,11.75408935546875
2017-06-28,34.54789733886719,34.78054428100586,34.08260726928711,34.315250396728516,4429910,11.596843719482422
2017-06-29,34.54789733886719,36.29273986816406,34.431575775146484,35.94377136230469,12794558,12.147201538085938
2017-06-30,36.17641830444336,36.17641830444336,35.47848129272461,35.94377136230469,8259767,12.147201538085938
2017-07-03,36.17641830444336,37.80493927001953,36.17641830444336,37.68861389160156,18594362,12.736873626708984
2017-07-04,38.50287628173828,40.247718811035156,38.50287628173828,39.317134857177734,42243191,13.28722858428955
2017-07-05,39.549781799316406,39.549781799316406,38.50287628173828,38.851844787597656,9990725,13.129988670349121
2017-07-06,39.20081329345703,39.20081329345703,38.50287628173828,38.73551940917969,5732749,13.090672492980957
2017-07-07,38.619197845458984,38.851844787597656,37.921260833740234,37.921260833740234,6501729,12.815495491027832
2017-07-10,38.38655471801758,39.08449172973633,38.153907775878906,38.38655471801758,10155353,12.972740173339844
2017-07-11,38.38655471801758,38.619197845458984,37.921260833740234,38.27022933959961,4943996,12.933429718017578
2017-07-12,38.153907775878906,38.38655471801758,37.921260833740234,38.153907775878906,5483013,12.89411735534668
2017-07-13,38.03758239746094,38.38655471801758,37.921260833740234,38.27022933959961,4534791,12.933429718017578
2017-07-14,38.153907775878906,38.153907775878906,37.223323822021484,37.33964538574219,6751895,12.618938446044922
2017-07-17,37.57229232788086,38.27022933959961,37.455970764160156,38.03758239746094,4744122,12.854806900024414
2017-07-18,38.153907775878906,38.27022933959961,37.68861389160156,37.921260833740234,2860142,12.815495491027832
2017-07-19,38.153907775878906,39.317134857177734,38.03758239746094,38.153907775878906,12984117,12.89411735534668
2017-07-20,38.38655471801758,38.619197845458984,38.153907775878906,38.50287628173828,5305490,13.012051582336426
2017-07-21,38.50287628173828,38.50287628173828,37.57229232788086,37.921260833740234,5037701,12.815495491027832
2017-07-24,38.153907775878906,38.27022933959961,37.455970764160156,37.921260833740234,3786872,12.815495491027832
2017-07-25,37.921260833740234,37.921260833740234,37.68861389160156,37.68861389160156,1490248,12.736873626708984
2017-07-26,37.921260833740234,37.921260833740234,37.223323822021484,37.455970764160156,3147703,12.65825080871582
2017-07-27,37.455970764160156,38.38655471801758,37.33964538574219,37.80493927001953,4553274,12.776185989379883
2017-07-28,37.921260833740234,38.03758239746094,37.33964538574219,38.03758239746094,3730564,12.854806900024414
2017-07-31,37.921260833740234,38.50287628173828,37.33964538574219,38.50287628173828,9168444,13.012051582336426
2017-08-01,38.50287628173828,38.50287628173828,37.921260833740234,37.921260833740234,6088655,12.815495491027832
2017-08-02,38.153907775878906,38.50287628173828,37.80493927001953,38.153907775878906,5984204,12.89411735534668
2017-08-03,38.153907775878906,38.73551940917969,37.80493927001953,38.38655471801758,4685664,12.972740173339844
2017-08-04,38.27022933959961,38.27022933959961,37.921260833740234,37.921260833740234,3207881,12.815495491027832
2017-08-07,37.921260833740234,38.50287628173828,37.80493927001953,38.153907775878906,3789022,12.89411735534668
2017-08-08,38.153907775878906,38.96816635131836,38.03758239746094,38.619197845458984,7981232,13.051362991333008
2017-08-09,38.619197845458984,38.851844787597656,38.03758239746094,38.03758239746094,4945286,12.854806900024414
2017-08-10,38.03758239746094,38.153907775878906,36.99067687988281,37.10700225830078,6310881,12.54031753540039
2017-08-11,37.223323822021484,37.80493927001953,37.10700225830078,37.57229232788086,4935829,12.697561264038086
2017-08-14,41.29462432861328,41.29462432861328,40.48036575317383,41.29462432861328,32647917,13.955523490905762
2017-08-15,41.41094970703125,42.57417678833008,41.17830276489258,42.341529846191406,39231316,14.309326171875
2017-08-16,42.92314529418945,46.2965087890625,42.92314529418945,44.78430938720703,43985324,15.134862899780273
2017-08-17,46.06386184692383,46.645477294921875,45.71489334106445,46.52915573120117,31728923,15.72453498840332
2017-08-18,46.2965087890625,49.66987228393555,45.947540283203125,49.32090377807617,40362649,16.668004989624023
2017-08-21,48.9719352722168,50.135162353515625,48.27399826049805,48.855613708496094,24957254,16.510759353637695
2017-08-22,49.20458221435547,49.553550720214844,48.39031982421875,48.9719352722168,15653476,16.550071716308594
2017-08-23,49.32090377807617,50.3678092956543,48.9719352722168,49.66987228393555,23956816,16.785940170288086
2017-08-24,49.90251922607422,50.484134674072266,49.32090377807617,50.135162353515625,13772453,16.94318389892578
2017-08-25,50.251487731933594,51.647361755371094,50.251487731933594,51.182071685791016,24442261,17.29698944091797
2017-08-28,51.41471481323242,51.7636833190918,50.3678092956543,50.71677780151367,16143964,17.139741897583008
2017-08-29,50.484134674072266,51.182071685791016,49.32090377807617,51.182071685791016,16954489,17.29698944091797
2017-08-30,51.182071685791016,53.275882720947266,51.06574630737305,52.577945709228516,19792379,17.76872444152832
2017-08-31,52.81059265136719,53.741172790527344,52.577945709228516,53.50852966308594,16988508,18.083213806152344
2017-09-01,53.741172790527344,54.32278823852539,52.11265182495117,52.11265182495117,16476364,17.611474990844727
2017-09-04,51.29839324951172,51.41471481323242,49.90251922607422,50.01884078979492,17249392,16.903871536254883
2017-09-05,50.71677780151367,51.7636833190918,50.71677780151367,51.182071685791016,11409914,17.29698944091797
2017-09-06,50.83310317993164,51.647361755371094,50.135162353515625,50.71677780151367,10735803,17.139741897583008
2017-09-07,51.182071685791016,51.99633026123047,50.83310317993164,51.880008697509766,15166634,17.532855987548828
2017-09-08,52.577945709228516,52.81059265136719,51.41471481323242,51.647361755371094,11652273,17.45423126220703
2017-09-11,51.29839324951172,51.41471481323242,49.553550720214844,50.251487731933594,17292123,16.982498168945312
2017-09-12,50.251487731933594,50.3678092956543,48.62296676635742,49.32090377807617,16990301,16.668004989624023
2017-09-13,48.855613708496094,48.9719352722168,46.76179885864258,46.87812423706055,21192346,15.842469215393066
2017-09-14,47.22709274291992,47.92502975463867,47.11076736450195,47.6923828125,8736279,16.117647171020508
2017-09-15,47.6923828125,47.6923828125,45.59857177734375,46.06386184692383,18739306,15.567288398742676
2017-09-18,45.36592483520508,45.71489334106445,43.737403869628906,44.20269775390625,30543011,14.938307762145996
2017-09-19,44.43534469604492,45.71489334106445,44.43534469604492,44.551666259765625,15989082,15.056241035461426
2017-09-20,44.66798782348633,45.13328170776367,43.155792236328125,43.5047607421875,14813921,14.702437400817871
2017-09-21,43.6210823059082,44.66798782348633,43.039466857910156,44.551666259765625,13314841,15.056241035461426
2017-09-22,44.31901931762695,44.31901931762695,43.38843536376953,43.5047607421875,7627188,14.702437400817871
2017-09-25,43.5047607421875,43.737403869628906,41.41094970703125,41.643592834472656,14647953,14.073456764221191
2017-09-26,41.643592834472656,42.92314529418945,41.643592834472656,41.75991439819336,11036530,14.11276912689209
2017-09-27,42.10888671875,42.457855224609375,41.87623977661133,41.99256134033203,4221782,14.191391944885254
2017-09-28,41.99256134033203,42.2252082824707,41.29462432861328,41.29462432861328,5459620,13.955523490905762
2017-09-29,41.17830276489258,41.52727127075195,40.13139724731445,40.713008880615234,7649366,13.758966445922852
2017-10-02,42.341529846191406,42.57417678833008,41.52727127075195,42.10888671875,7188785,14.230705261230469
2017-10-03,42.457855224609375,42.80682373046875,41.643592834472656,41.643592834472656,7271043,14.073456764221191
2017-10-05,41.75991439819336,42.2252082824707,41.75991439819336,41.75991439819336,4824798,14.11276912689209
2017-10-06,41.87623977661133,42.80682373046875,41.75991439819336,42.69049835205078,7734047,14.42725944519043
2017-10-11,42.457855224609375,42.57417678833008,40.713008880615234,40.945655822753906,12276730,13.837590217590332
2017-10-12,40.713008880615234,40.8293342590332,40.13139724731445,40.48036575317383,7628554,13.680343627929688
2017-10-13,40.48036575317383,42.10888671875,40.36404037475586,41.643592834472656,14556966,14.073456764221191
2017-10-16,41.41094970703125,41.41094970703125,40.48036575317383,40.8293342590332,6971695,13.798279762268066
2017-10-17,40.945655822753906,41.06197738647461,39.89875030517578,39.89875030517578,8244066,13.48378849029541
2017-10-18,40.015071868896484,40.247718811035156,38.851844787597656,39.20081329345703,14609302,13.247919082641602
2017-10-19,39.549781799316406,39.66610336303711,39.20081329345703,39.4334602355957,4553894,13.326542854309082
2017-10-20,39.317134857177734,40.247718811035156,38.851844787597656,39.89875030517578,13504889,13.48378849029541
2017-10-23,39.89875030517578,42.457855224609375,39.317134857177734,41.87623977661133,23177284,14.152080535888672
2017-10-24,41.41094970703125,44.20269775390625,41.41094970703125,43.737403869628906,31712433,14.781061172485352
2017-10-25,43.737403869628906,44.551666259765625,42.57417678833008,42.69049835205078,19463747,14.42725944519043
2017-10-26,42.457855224609375,42.69049835205078,41.87623977661133,41.87623977661133,13676234,14.152080535888672
2017-10-27,42.10888671875,42.69049835205078,41.06197738647461,41.29462432861328,11163263,13.955523490905762
2017-10-30,41.99256134033203,43.38843536376953,41.87623977661133,42.10888671875,22759982,14.230705261230469
2017-10-31,42.10888671875,42.57417678833008,41.75991439819336,41.99256134033203,10052286,14.191391944885254
2017-11-01,40.36404037475586,40.8293342590332,39.549781799316406,40.36404037475586,24353354,13.641032218933105
2017-11-02,40.015071868896484,40.713008880615234,39.89875030517578,40.247718811035156,6635820,13.601719856262207
2017-11-03,40.247718811035156,40.945655822753906,40.015071868896484,40.945655822753906,7633438,13.837590217590332
2017-11-06,40.8293342590332,40.945655822753906,40.36404037475586,40.713008880615234,6624843,13.758966445922852
2017-11-07,39.47553253173828,39.829044342041016,39.00418472290039,39.12202072143555,29059930,13.221291542053223
2017-11-08,39.12202072143555,39.829044342041016,39.12202072143555,39.71120834350586,11202628,13.42040729522705
2017-11-09,39.94688034057617,41.00741958618164,39.71120834350586,40.536067962646484,14804824,13.699169158935547
2017-11-10,40.536067962646484,40.653907775878906,40.064720153808594,40.18255615234375,11000776,13.579700469970703
2017-11-13,40.064720153808594,40.18255615234375,39.12202072143555,39.59336853027344,12615487,13.380583763122559
2017-11-14,40.300392150878906,40.41823196411133,39.00418472290039,39.12202072143555,19750543,13.221291542053223
2017-11-15,39.357696533203125,39.829044342041016,39.2398567199707,39.47553253173828,11990853,13.340763092041016
2017-11-16,39.47553253173828,39.94688034057617,39.12202072143555,39.357696533203125,6977581,13.300939559936523
2017-11-17,39.59336853027344,39.59336853027344,39.2398567199707,39.2398567199707,6503241,13.261115074157715
2017-11-20,39.2398567199707,39.829044342041016,39.2398567199707,39.47553253173828,6422852,13.340763092041016
2017-11-21,39.59336853027344,39.71120834350586,39.357696533203125,39.47553253173828,5850405,13.340763092041016
2017-11-22,39.47553253173828,40.064720153808594,39.47553253173828,39.71120834350586,12616173,13.42040729522705
2017-11-23,39.71120834350586,39.829044342041016,39.357696533203125,39.47553253173828,6137660,13.340763092041016
2017-11-24,39.47553253173828,39.94688034057617,39.357696533203125,39.47553253173828,7638385,13.340763092041016
2017-11-27,39.47553253173828,39.94688034057617,39.47553253173828,39.47553253173828,8290656,13.340763092041016
2017-11-28,39.59336853027344,40.300392150878906,39.59336853027344,39.94688034057617,15199194,13.500053405761719
2017-11-29,40.18255615234375,40.300392150878906,39.59336853027344,39.59336853027344,8610211,13.380583763122559
2017-11-30,39.59336853027344,40.18255615234375,39.59336853027344,39.71120834350586,9000960,13.42040729522705
2017-12-01,39.94688034057617,40.536067962646484,39.71120834350586,39.829044342041016,11323994,13.46023178100586
2017-12-04,39.829044342041016,41.47876739501953,39.59336853027344,41.24309539794922,19354132,13.938109397888184
2017-12-05,41.360931396484375,41.832279205322266,40.536067962646484,40.653907775878906,13112324,13.738991737365723
2017-12-06,40.536067962646484,40.653907775878906,38.76850891113281,39.2398567199707,16685402,13.261115074157715
2017-12-07,38.88634490966797,39.00418472290039,38.061485290527344,38.1793212890625,38252166,12.90270709991455
2017-12-08,38.1793212890625,39.00418472290039,38.061485290527344,38.41499710083008,12782434,12.982353210449219
2017-12-11,38.65066909790039,39.12202072143555,38.41499710083008,38.88634490966797,9194722,13.141644477844238
2017-12-12,38.88634490966797,39.12202072143555,38.41499710083008,38.65066909790039,7203388,13.061999320983887
2017-12-13,38.76850891113281,39.357696533203125,38.65066909790039,39.2398567199707,9317947,13.261115074157715
2017-12-14,39.47553253173828,39.71120834350586,39.357696533203125,39.47553253173828,8718759,13.340763092041016
2017-12-15,39.47553253173828,39.47553253173828,38.88634490966797,39.00418472290039,5637917,13.181468963623047
2017-12-18,39.2398567199707,39.357696533203125,38.88634490966797,38.88634490966797,3887752,13.141644477844238
2017-12-19,38.88634490966797,39.00418472290039,38.061485290527344,38.41499710083008,8567125,12.982353210449219
2017-12-20,38.41499710083008,38.76850891113281,38.1793212890625,38.1793212890625,14729040,12.90270709991455
2017-12-21,38.41499710083008,39.00418472290039,38.297157287597656,38.41499710083008,10217177,12.982353210449219
2017-12-22,38.532833099365234,38.88634490966797,38.41499710083008,38.532833099365234,7918354,13.022176742553711
2017-12-25,38.532833099365234,39.12202072143555,38.532833099365234,38.76850891113281,6337572,13.101822853088379
2017-12-26,38.76850891113281,39.00418472290039,38.297157287597656,38.65066909790039,7034308,13.061999320983887
2017-12-27,38.532833099365234,39.357696533203125,38.532833099365234,39.2398567199707,8094158,13.261115074157715
2017-12-28,39.47553253173828,39.47553253173828,39.00418472290039,39.00418472290039,5667834,13.181468963623047
2017-12-29,39.12202072143555,39.357696533203125,38.532833099365234,38.532833099365234,8371325,13.022176742553711
2018-01-02,39.00418472290039,42.30363082885742,39.00418472290039,42.30363082885742,58358470,14.296517372131348
2018-01-03,43.12849044799805,43.5998420715332,41.360931396484375,41.71444320678711,61682039,14.097402572631836
2018-01-04,41.71444320678711,42.77497863769531,41.00741958618164,42.77497863769531,38892824,14.455809593200684
2018-01-05,43.48200607299805,44.189029693603516,43.12849044799805,44.07119369506836,67537906,14.893865585327148
2018-01-08,43.5998420715332,43.83551788330078,42.657142639160156,43.364166259765625,21396677,14.654925346374512
2018-01-09,43.364166259765625,43.364166259765625,42.657142639160156,42.892818450927734,10019308,14.495634078979492
2018-01-10,42.892818450927734,43.01065444946289,41.71444320678711,41.832279205322266,15365183,14.137226104736328
2018-01-11,42.067955017089844,43.364166259765625,41.95011901855469,42.067955017089844,15373793,14.21687126159668
2018-01-12,42.185794830322266,42.657142639160156,41.832279205322266,42.42146682739258,9837230,14.336339950561523
2018-01-15,42.892818450927734,43.12849044799805,42.42146682739258,42.539306640625,9531781,14.376163482666016
2018-01-16,42.42146682739258,42.539306640625,41.832279205322266,41.95011901855469,10867108,14.177048683166504
2018-01-17,41.71444320678711,42.77497863769531,41.47876739501953,42.539306640625,13141685,14.376163482666016
2018-01-18,42.42146682739258,43.01065444946289,42.185794830322266,42.657142639160156,15027829,14.415987968444824
2018-01-19,42.657142639160156,42.892818450927734,42.30363082885742,42.539306640625,8793609,14.376163482666016
2018-01-22,42.539306640625,42.539306640625,41.1252555847168,41.24309539794922,19126794,13.938109397888184
2018-01-23,41.1252555847168,41.1252555847168,40.18255615234375,40.41823196411133,15616373,13.659346580505371
2018-01-24,40.41823196411133,41.59660720825195,40.300392150878906,41.47876739501953,14157508,14.017755508422852
2018-01-25,41.24309539794922,41.47876739501953,40.77174377441406,41.00741958618164,8341311,13.858463287353516
2018-01-26,41.00741958618164,41.00741958618164,40.536067962646484,40.653907775878906,4412431,13.738991737365723
2018-01-29,40.77174377441406,41.24309539794922,40.653907775878906,41.24309539794922,4980862,13.938109397888184
2018-01-30,41.24309539794922,41.24309539794922,40.300392150878906,40.536067962646484,7271371,13.699169158935547
2018-01-31,40.300392150878906,40.88957977294922,40.064720153808594,40.653907775878906,4437412,13.738991737365723
2018-02-01,40.653907775878906,40.77174377441406,40.300392150878906,40.41823196411133,6216400,13.659346580505371
2018-02-02,40.41823196411133,40.41823196411133,39.59336853027344,39.59336853027344,10565354,13.380583763122559
2018-02-05,38.65066909790039,39.00418472290039,38.061485290527344,38.76850891113281,11374020,13.101822853088379
2018-02-06,37.707969665527344,37.94364547729492,35.35122299194336,36.05824661254883,24493297,12.18588924407959
2018-02-07,37.000946044921875,37.59013366699219,36.529598236083984,36.529598236083984,12586224,12.345181465148926
2018-02-08,36.64743423461914,37.000946044921875,35.822574615478516,35.94041061401367,9644952,12.146066665649414
2018-02-09,34.40852355957031,35.94041061401367,33.8193359375,35.58689880371094,8745871,12.026597023010254
2018-02-12,36.05824661254883,36.293922424316406,35.58689880371094,35.58689880371094,6758801,12.026597023010254
2018-02-21,36.17608642578125,37.000946044921875,35.94041061401367,36.529598236083984,6716185,12.345181465148926
2018-02-22,36.41175842285156,37.23662185668945,36.41175842285156,36.7652702331543,8160765,12.424829483032227
2018-02-23,37.000946044921875,37.1187858581543,36.529598236083984,36.529598236083984,5162356,12.345181465148926
2018-02-26,36.7652702331543,36.88311004638672,36.41175842285156,36.41175842285156,5820500,12.30535888671875
2018-02-27,36.88311004638672,37.1187858581543,36.41175842285156,36.41175842285156,6885956,12.30535888671875
2018-03-01,36.41175842285156,37.47229766845703,36.41175842285156,37.47229766845703,10609611,12.663768768310547
2018-03-02,36.7652702331543,37.000946044921875,36.529598236083984,36.64743423461914,7500100,12.385005950927734
2018-03-05,36.529598236083984,36.7652702331543,35.822574615478516,35.822574615478516,8728821,12.106244087219238
2018-03-06,36.17608642578125,36.293922424316406,35.46906280517578,35.46906280517578,9020988,11.986774444580078
2018-03-07,35.58689880371094,36.05824661254883,35.46906280517578,35.46906280517578,5354350,11.986774444580078
2018-03-08,35.704734802246094,35.94041061401367,35.58689880371094,35.58689880371094,3794174,12.026597023010254
2018-03-09,35.822574615478516,36.7652702331543,35.822574615478516,36.41175842285156,7918551,12.30535888671875
2018-03-12,37.000946044921875,37.59013366699219,37.000946044921875,37.35445785522461,9059283,12.623942375183105
2018-03-13,37.35445785522461,37.35445785522461,36.88311004638672,37.000946044921875,5880711,12.504472732543945
2018-03-14,36.88311004638672,37.000946044921875,36.7652702331543,37.000946044921875,3339963,12.504472732543945
2018-03-15,36.7652702331543,37.000946044921875,36.64743423461914,36.7652702331543,2950577,12.424829483032227
2018-03-16,36.88311004638672,37.000946044921875,36.529598236083984,36.7652702331543,4929932,12.424829483032227
2018-03-19,36.88311004638672,38.41499710083008,36.7652702331543,38.1793212890625,15640088,12.90270709991455
2018-03-20,37.94364547729492,38.1793212890625,37.707969665527344,38.061485290527344,8749731,12.862883567810059
2018-03-21,37.47229766845703,37.825809478759766,37.1187858581543,37.47229766845703,13662917,12.663768768310547
2018-03-22,37.59013366699219,37.825809478759766,37.000946044921875,37.1187858581543,5726736,12.544299125671387
2018-03-23,36.05824661254883,36.529598236083984,36.05824661254883,36.293922424316406,6666852,12.265536308288574
2018-03-26,35.822574615478516,36.05824661254883,35.58689880371094,35.822574615478516,8308599,12.106244087219238
2018-03-27,36.293922424316406,36.529598236083984,35.822574615478516,36.05824661254883,4671725,12.18588924407959
2018-03-28,35.822574615478516,35.94041061401367,35.46906280517578,35.58689880371094,7503016,12.026597023010254
2018-03-29,35.704734802246094,35.822574615478516,35.35122299194336,35.46906280517578,5771658,11.986774444580078
2018-03-30,35.58689880371094,35.822574615478516,35.46906280517578,35.58689880371094,4509356,12.026597023010254
2018-04-02,35.822574615478516,36.05824661254883,35.704734802246094,35.822574615478516,2819806,12.106244087219238
2018-04-03,35.704734802246094,35.822574615478516,35.35122299194336,35.704734802246094,3793825,12.06641960144043
2018-04-09,35.704734802246094,36.05824661254883,35.58689880371094,35.704734802246094,3655447,12.06641960144043
2018-04-10,35.704734802246094,35.822574615478516,35.46906280517578,35.58689880371094,4017807,12.026597023010254
2018-04-11,35.704734802246094,35.822574615478516,35.46906280517578,35.46906280517578,4210894,11.986774444580078
2018-04-12,35.58689880371094,35.704734802246094,35.35122299194336,35.35122299194336,4640057,11.94694995880127
2018-04-13,35.46906280517578,35.704734802246094,35.35122299194336,35.46906280517578,3483496,11.986774444580078
2018-04-16,35.58689880371094,35.704734802246094,35.11554718017578,35.11554718017578,3297128,11.867303848266602
2018-04-17,35.2333869934082,35.35122299194336,34.64419937133789,34.64419937133789,6263184,11.708011627197266
2018-04-18,34.76203536987305,35.2333869934082,34.64419937133789,34.76203536987305,3730154,11.747835159301758
2018-04-19,34.997711181640625,35.58689880371094,34.997711181640625,35.2333869934082,5697298,11.907127380371094
2018-04-20,35.2333869934082,35.58689880371094,34.997711181640625,35.2333869934082,3772974,11.907127380371094
2018-04-23,35.2333869934082,35.58689880371094,35.11554718017578,35.11554718017578,3373358,11.867303848266602
2018-04-24,35.35122299194336,35.35122299194336,34.172847747802734,34.290687561035156,8779662,11.588543891906738
2018-04-25,34.172847747802734,34.172847747802734,33.58366012573242,33.701499938964844,5014018,11.389426231384277
2018-04-26,34.05501174926758,34.64419937133789,33.465824127197266,33.465824127197266,7047535,11.30978012084961
2018-04-27,33.8193359375,33.93717575073242,33.34798812866211,33.701499938964844,6768457,11.389426231384277
2018-04-30,34.8798713684082,35.822574615478516,34.76203536987305,35.58689880371094,11063991,12.026597023010254
2018-05-02,35.704734802246094,35.94041061401367,35.35122299194336,35.46906280517578,5263753,11.986774444580078
2018-05-03,35.46906280517578,35.704734802246094,35.2333869934082,35.35122299194336,3765526,11.94694995880127
2018-05-04,35.46906280517578,35.58689880371094,35.11554718017578,35.35122299194336,4418491,11.94694995880127
2018-05-07,35.46906280517578,35.822574615478516,35.11554718017578,35.2333869934082,4829066,11.907127380371094
2018-05-08,35.2333869934082,35.58689880371094,35.11554718017578,35.46906280517578,2660351,11.986774444580078
2018-05-09,35.58689880371094,36.05824661254883,35.35122299194336,35.35122299194336,4546842,11.94694995880127
2018-05-10,35.58689880371094,35.58689880371094,35.2333869934082,35.2333869934082,4098490,11.907127380371094
2018-05-11,35.58689880371094,35.704734802246094,35.11554718017578,35.2333869934082,3409376,11.907127380371094
2018-05-14,35.2333869934082,35.2333869934082,34.172847747802734,34.52635955810547,5305113,11.668188095092773
2018-05-15,34.76203536987305,35.11554718017578,34.64419937133789,34.8798713684082,4241744,11.78765869140625
2018-05-16,34.8798713684082,34.997711181640625,34.52635955810547,34.8798713684082,2888483,11.78765869140625
2018-05-17,34.8798713684082,34.997711181640625,34.64419937133789,34.64419937133789,4192932,11.708011627197266
2018-05-18,34.64419937133789,35.11554718017578,34.64419937133789,35.11554718017578,3881118,11.867303848266602
2018-05-21,35.35122299194336,35.58689880371094,35.2333869934082,35.58689880371094,4928922,12.026597023010254
2018-05-22,36.7652702331543,37.23662185668945,36.293922424316406,36.293922424316406,16895634,12.265536308288574
2018-05-23,36.7652702331543,36.88311004638672,35.94041061401367,35.94041061401367,6438315,12.146066665649414
2018-05-24,36.05824661254883,36.41175842285156,35.822574615478516,35.94041061401367,6315370,12.146066665649414
2018-05-25,35.94041061401367,36.17608642578125,35.58689880371094,35.58689880371094,3289801,12.026597023010254
2018-05-28,35.704734802246094,36.529598236083984,35.58689880371094,36.17608642578125,4511706,12.225712776184082
2018-05-29,36.17608642578125,36.17608642578125,35.2333869934082,35.46906280517578,5523586,11.986774444580078
2018-05-30,35.46906280517578,35.46906280517578,34.64419937133789,34.76203536987305,6771422,11.747835159301758
2018-05-31,34.997711181640625,35.11554718017578,34.52635955810547,34.997711181640625,5696854,11.82748031616211
2018-06-01,34.8798713684082,35.2333869934082,34.64419937133789,35.11554718017578,2535686,11.867303848266602
2018-06-04,35.35122299194336,35.35122299194336,34.997711181640625,35.2333869934082,4772601,11.907127380371094
2018-06-05,35.35122299194336,35.35122299194336,35.11554718017578,35.35122299194336,3285154,11.94694995880127
2018-06-06,35.35122299194336,35.58689880371094,35.11554718017578,35.2333869934082,2939464,11.907127380371094
2018-06-07,35.35122299194336,35.46906280517578,34.997711181640625,35.2333869934082,3291097,11.907127380371094
2018-06-08,35.2333869934082,35.2333869934082,34.76203536987305,34.8798713684082,3982521,11.78765869140625
2018-06-11,34.8798713684082,34.997711181640625,34.40852355957031,34.52635955810547,4410728,11.668188095092773
2018-06-12,34.52635955810547,35.2333869934082,34.52635955810547,34.76203536987305,2517064,11.747835159301758
2018-06-13,34.8798713684082,35.11554718017578,34.64419937133789,34.76203536987305,2163441,11.747835159301758
2018-06-14,34.76203536987305,34.997711181640625,34.64419937133789,34.76203536987305,2685946,11.747835159301758
2018-06-15,34.997711181640625,34.997711181640625,34.64419937133789,34.8798713684082,2360083,11.78765869140625
2018-06-19,34.76203536987305,34.76203536987305,34.290687561035156,34.290687561035156,4383980,11.588543891906738
2018-06-20,34.290687561035156,34.40852355957031,33.701499938964844,33.8193359375,6578777,11.429247856140137
2018-06-21,33.93717575073242,34.05501174926758,33.58366012573242,33.58366012573242,3743073,11.349602699279785
2018-06-22,33.58366012573242,33.58366012573242,33.23014831542969,33.23014831542969,5270431,11.230133056640625
2018-06-25,33.23014831542969,33.34798812866211,32.52312469482422,32.52312469482422,5583706,10.991193771362305
2018-06-26,32.28744888305664,32.40528869628906,31.10907554626465,31.344751358032227,9249970,10.592962265014648
2018-06-27,31.580425262451172,31.69826316833496,30.755563735961914,30.755563735961914,7274950,10.393847465515137
2018-06-28,30.637727737426758,30.637727737426758,30.1663761138916,30.51988983154297,7384504,10.314201354980469
2018-06-29,30.637727737426758,30.873401641845703,30.40205192565918,30.637727737426758,7312080,10.354023933410645
2018-07-02,30.991239547729492,31.69826316833496,30.991239547729492,31.462589263916016,6464567,10.632786750793457
2018-07-03,31.580425262451172,31.69826316833496,30.991239547729492,31.10907554626465,4560451,10.51331615447998
2018-07-04,31.10907554626465,31.226913452148438,30.755563735961914,30.873401641845703,1532024,10.433669090270996
2018-07-05,31.10907554626465,31.10907554626465,30.40205192565918,30.40205192565918,2990686,10.274378776550293
2018-07-06,30.637727737426758,30.755563735961914,30.048540115356445,30.28421401977539,4181980,10.234554290771484
2018-07-09,30.40205192565918,30.51988983154297,30.1663761138916,30.28421401977539,3960220,10.234554290771484
2018-07-10,30.51988983154297,30.755563735961914,30.40205192565918,30.637727737426758,2274441,10.354023933410645
2018-07-11,30.637727737426758,31.226913452148438,30.40205192565918,30.873401641845703,3172882,10.433669090270996
2018-07-12,30.991239547729492,31.10907554626465,30.1663761138916,30.40205192565918,4894552,10.274378776550293
2018-07-13,30.637727737426758,30.873401641845703,30.51988983154297,30.873401641845703,2049293,10.433669090270996
2018-07-16,31.10907554626465,31.10907554626465,30.637727737426758,30.637727737426758,1778582,10.354023933410645
2018-07-17,30.755563735961914,31.10907554626465,30.637727737426758,31.10907554626465,3343730,10.51331615447998
2018-07-18,31.344751358032227,31.580425262451172,31.10907554626465,31.580425262451172,3545683,10.672609329223633
2018-07-19,31.580425262451172,31.69826316833496,31.344751358032227,31.69826316833496,2457542,10.712431907653809
2018-07-20,31.69826316833496,31.81610107421875,31.344751358032227,31.580425262451172,2328685,10.672609329223633
2018-07-23,31.462589263916016,31.580425262451172,31.226913452148438,31.344751358032227,2133278,10.592962265014648
2018-07-24,31.344751358032227,31.933937072753906,31.226913452148438,31.933937072753906,3972321,10.792078971862793
2018-07-25,31.933937072753906,32.05177688598633,31.69826316833496,31.69826316833496,2114695,10.712431907653809
2018-07-26,31.69826316833496,32.169612884521484,31.580425262451172,32.05177688598633,2678287,10.831901550292969
2018-07-27,32.05177688598633,32.52312469482422,31.81610107421875,32.52312469482422,3034842,10.991193771362305
2018-07-30,32.52312469482422,32.87663650512695,32.169612884521484,32.40528869628906,4244167,10.951372146606445
2018-07-31,32.40528869628906,32.7588005065918,32.169612884521484,32.64096450805664,2031854,11.031018257141113
2018-08-01,32.64096450805664,33.701499938964844,32.64096450805664,33.34798812866211,4951926,11.269956588745117
2018-08-02,33.23014831542969,33.34798812866211,32.64096450805664,32.64096450805664,4374535,11.031018257141113
2018-08-03,32.7588005065918,32.994476318359375,32.7588005065918,32.994476318359375,1763798,11.15048885345459
2018-08-06,33.23014831542969,34.172847747802734,32.87663650512695,33.93717575073242,6451942,11.469073295593262
2018-08-07,33.58366012573242,34.172847747802734,33.465824127197266,33.8193359375,4570127,11.429247856140137
2018-08-08,33.8193359375,33.93717575073242,32.994476318359375,33.34798812866211,4342239,11.269956588745117
2018-08-09,33.58366012573242,33.58366012573242,33.11231231689453,33.465824127197266,1838822,11.30978012084961
2018-08-10,33.34798812866211,33.34798812866211,32.52312469482422,32.7588005065918,3737037,11.070840835571289
2018-08-13,32.40528869628906,32.52312469482422,31.462589263916016,31.69826316833496,4122615,10.712431907653809
2018-08-14,31.81610107421875,32.05177688598633,31.580425262451172,31.81610107421875,2610511,10.7522554397583
2018-08-15,31.81610107421875,31.933937072753906,31.226913452148438,31.344751358032227,2952194,10.592962265014648
2018-08-16,30.873401641845703,31.344751358032227,30.51988983154297,31.344751358032227,4306581,10.592962265014648
2018-08-17,31.344751358032227,31.344751358032227,30.637727737426758,30.637727737426758,3919158,10.354023933410645
2018-08-20,30.755563735961914,31.462589263916016,30.637727737426758,30.873401641845703,3488586,10.433669090270996
2018-08-21,30.873401641845703,31.81610107421875,30.873401641845703,31.69826316833496,2880442,10.712431907653809
2018-08-22,31.69826316833496,32.169612884521484,31.69826316833496,32.169612884521484,2599865,10.871725082397461
2018-08-23,32.169612884521484,32.169612884521484,31.69826316833496,31.933937072753906,2031493,10.792078971862793
2018-08-24,31.81610107421875,31.933937072753906,31.462589263916016,31.462589263916016,2910547,10.632786750793457
2018-08-27,31.580425262451172,31.81610107421875,31.462589263916016,31.580425262451172,2360762,10.672609329223633
2018-08-28,31.81610107421875,31.933937072753906,31.462589263916016,31.933937072753906,7024320,10.792078971862793
2018-08-29,31.550966262817383,32.41707229614258,31.427236557006836,32.169612884521484,7186006,11.042868614196777
2018-08-30,32.169612884521484,32.29334259033203,31.67469596862793,31.798425674438477,3066194,10.915452003479004
2018-08-31,31.92215347290039,32.29334259033203,31.798425674438477,32.29334259033203,2955643,11.085341453552246
2018-09-03,32.169612884521484,32.29334259033203,31.92215347290039,31.92215347290039,1935716,10.957923889160156
2018-09-04,32.04588317871094,32.169612884521484,31.67469596862793,31.92215347290039,1848666,10.957923889160156
2018-09-05,31.798425674438477,31.798425674438477,31.427236557006836,31.427236557006836,2321685,10.788034439086914
2018-09-06,31.427236557006836,31.550966262817383,31.179779052734375,31.179779052734375,2294710,10.703088760375977
2018-09-07,31.179779052734375,31.303508758544922,30.437402725219727,30.561132431030273,4010049,10.49072551727295
2018-09-10,30.68486213684082,30.68486213684082,29.942485809326172,29.942485809326172,3976256,10.278363227844238
2018-09-11,30.06621551513672,30.437402725219727,30.06621551513672,30.437402725219727,2243662,10.448253631591797
2018-09-12,30.68486213684082,30.808591842651367,30.06621551513672,30.189943313598633,2788251,10.363308906555176
2018-09-13,30.189943313598633,30.808591842651367,30.189943313598633,30.561132431030273,2700535,10.49072551727295
2018-09-14,30.68486213684082,30.808591842651367,30.313674926757812,30.68486213684082,2087147,10.533197402954102
2018-09-17,30.68486213684082,30.68486213684082,30.189943313598633,30.313674926757812,1479661,10.405781745910645
2018-09-18,30.313674926757812,30.561132431030273,30.189943313598633,30.313674926757812,1749416,10.405781745910645
2018-09-19,30.561132431030273,31.550966262817383,30.437402725219727,31.427236557006836,4557365,10.788034439086914
2018-09-20,31.550966262817383,31.550966262817383,30.93231964111328,31.179779052734375,2022306,10.703088760375977
2018-09-21,31.179779052734375,31.550966262817383,31.179779052734375,31.550966262817383,2424438,10.830507278442383
2018-09-25,31.550966262817383,32.04588317871094,31.550966262817383,31.92215347290039,2161919,10.957923889160156
2018-09-26,31.92215347290039,32.04588317871094,31.550966262817383,31.92215347290039,1449463,10.957923889160156
2018-09-27,31.798425674438477,32.41707229614258,31.67469596862793,32.29334259033203,4547113,11.085341453552246
2018-09-28,32.169612884521484,32.29334259033203,31.67469596862793,31.67469596862793,3062422,10.872980117797852
2018-10-01,31.92215347290039,32.41707229614258,31.67469596862793,32.29334259033203,2106122,11.085341453552246
2018-10-02,32.29334259033203,32.29334259033203,31.798425674438477,32.04588317871094,2208490,11.000396728515625
2018-10-03,32.169612884521484,32.169612884521484,31.67469596862793,31.798425674438477,1443401,10.915452003479004
2018-10-04,31.67469596862793,32.04588317871094,31.427236557006836,31.67469596862793,2724753,10.872980117797852
2018-10-05,31.427236557006836,31.67469596862793,30.68486213684082,30.808591842651367,3183489,10.57567024230957
2018-10-08,30.68486213684082,31.427236557006836,30.68486213684082,30.808591842651367,2553342,10.57567024230957
2018-10-09,31.056049346923828,31.427236557006836,30.93231964111328,31.056049346923828,2220684,10.660615921020508
2018-10-11,29.942485809326172,30.189943313598633,28.457735061645508,28.581464767456055,10335189,9.811164855957031
2018-10-12,28.581464767456055,29.32383918762207,28.210275650024414,28.952651977539062,5538450,9.938583374023438
2018-10-15,28.952651977539062,29.200109481811523,28.70519256591797,29.07638168334961,2616442,9.98105525970459
2018-10-16,29.32383918762207,29.695026397705078,28.952651977539062,29.07638168334961,2247737,9.98105525970459
2018-10-17,29.447568893432617,29.571298599243164,28.952651977539062,28.952651977539062,1885626,9.938583374023438
2018-10-18,29.07638168334961,30.68486213684082,29.07638168334961,30.06621551513672,6080772,10.320836067199707
2018-10-19,29.942485809326172,30.561132431030273,29.447568893432617,30.561132431030273,4237016,10.49072551727295
2018-10-22,30.06621551513672,30.561132431030273,29.695026397705078,30.189943313598633,3339954,10.363308906555176
2018-10-23,30.06621551513672,30.189943313598633,29.32383918762207,29.32383918762207,3140149,10.065999031066895
2018-10-24,29.32383918762207,29.818756103515625,28.828922271728516,29.32383918762207,3881162,10.065999031066895
2018-10-25,28.457735061645508,28.70519256591797,28.0865478515625,28.210275650024414,5848458,9.683746337890625
2018-10-26,28.581464767456055,28.828922271728516,27.96281623840332,27.96281623840332,3361941,9.598800659179688
2018-10-29,27.96281623840332,28.0865478515625,27.467899322509766,27.591630935668945,3671042,9.471384048461914
2018-10-30,27.71535873413086,28.0865478515625,27.591630935668945,28.0865478515625,1911122,9.641274452209473
2018-10-31,28.173503875732422,28.669952392578125,28.04939079284668,28.29761505126953,5328697,9.713727951049805
2018-11-01,28.04939079284668,28.29761505126953,27.801166534423828,27.925277709960938,4089948,9.585914611816406
2018-11-02,28.04939079284668,28.29761505126953,27.925277709960938,28.173503875732422,2796362,9.671124458312988
2018-11-05,28.173503875732422,28.545839309692383,28.04939079284668,28.29761505126953,4348178,9.713727951049805
2018-11-06,28.29761505126953,28.29761505126953,27.925277709960938,28.04939079284668,2650373,9.628520965576172
2018-11-07,28.173503875732422,28.29761505126953,27.925277709960938,28.04939079284668,3187189,9.628520965576172
2018-11-08,28.29761505126953,28.42172622680664,28.04939079284668,28.29761505126953,3181469,9.713727951049805
2018-11-09,28.29761505126953,28.29761505126953,27.925277709960938,27.925277709960938,2819580,9.585914611816406
2018-11-12,28.173503875732422,28.545839309692383,28.04939079284668,28.173503875732422,2412197,9.671124458312988
2018-11-13,28.04939079284668,28.545839309692383,27.801166534423828,28.29761505126953,3618049,9.713727951049805
2018-11-14,28.545839309692383,29.04228973388672,28.173503875732422,29.04228973388672,6079908,9.969351768493652
2018-11-15,29.04228973388672,29.29051399230957,28.918176651000977,29.04228973388672,3806444,9.969351768493652
2018-11-16,29.166400909423828,29.166400909423828,28.669952392578125,29.04228973388672,3521433,9.969351768493652
2018-11-19,29.04228973388672,29.04228973388672,28.794063568115234,29.04228973388672,1811121,9.969351768493652
2018-11-20,28.918176651000977,29.04228973388672,28.669952392578125,28.918176651000977,2583732,9.926748275756836
2018-11-21,28.794063568115234,29.41462516784668,28.545839309692383,29.04228973388672,5348749,9.969351768493652
2018-11-22,29.166400909423828,29.29051399230957,28.669952392578125,28.794063568115234,4407963,9.884143829345703
2018-11-23,28.669952392578125,28.794063568115234,28.42172622680664,28.42172622680664,4209553,9.756330490112305
2018-11-26,28.545839309692383,29.29051399230957,28.545839309692383,28.918176651000977,5265419,9.926748275756836
2018-11-27,28.794063568115234,29.166400909423828,28.42172622680664,29.166400909423828,7243623,10.011956214904785
2018-11-28,28.918176651000977,30.40752410888672,28.918176651000977,30.159299850463867,12934950,10.352788925170898
2018-11-29,30.40752410888672,30.655750274658203,29.662851333618164,29.786962509155273,7299383,10.224976539611816
2018-11-30,29.538738250732422,29.538738250732422,28.918176651000977,28.918176651000977,26494832,9.926748275756836
2018-12-03,29.41462516784668,30.035188674926758,29.41462516784668,29.662851333618164,15494809,10.182372093200684
2018-12-04,29.786962509155273,30.53163719177246,29.662851333618164,30.40752410888672,12543285,10.437996864318848
2018-12-05,29.786962509155273,30.53163719177246,29.786962509155273,30.28341293334961,6690426,10.395392417907715
2018-12-06,30.28341293334961,30.28341293334961,29.29051399230957,29.538738250732422,6990528,10.139768600463867
2018-12-07,29.662851333618164,30.035188674926758,29.662851333618164,29.786962509155273,3043070,10.224976539611816
2018-12-10,29.786962509155273,29.911075592041016,29.166400909423828,29.29051399230957,5289748,10.054559707641602
2018-12-11,29.662851333618164,30.159299850463867,29.662851333618164,29.911075592041016,6184540,10.267580032348633
2018-12-12,30.035188674926758,30.159299850463867,29.786962509155273,30.159299850463867,3463611,10.352788925170898
2018-12-13,30.159299850463867,31.400423049926758,30.035188674926758,31.028087615966797,10597914,10.651018142700195
2018-12-14,30.903974533081055,31.028087615966797,30.28341293334961,31.028087615966797,4487728,10.651018142700195
2018-12-17,30.903974533081055,32.0209846496582,30.903974533081055,31.896873474121094,9039597,10.949246406555176
2018-12-18,31.5245361328125,31.77276039123535,31.028087615966797,31.028087615966797,5669556,10.651018142700195
2018-12-19,31.27631187438965,31.5245361328125,30.779861450195312,31.152198791503906,4312807,10.693619728088379
2018-12-20,31.028087615966797,31.27631187438965,30.28341293334961,30.53163719177246,3970687,10.48060131072998
2018-12-21,30.28341293334961,30.53163719177246,29.662851333618164,29.911075592041016,7446757,10.267580032348633
2018-12-24,29.911075592041016,30.28341293334961,29.911075592041016,30.159299850463867,1496681,10.352788925170898
2018-12-25,29.662851333618164,29.786962509155273,29.166400909423828,29.41462516784668,4535758,10.097164154052734
2018-12-26,29.538738250732422,29.786962509155273,29.29051399230957,29.29051399230957,1603512,10.054559707641602
2018-12-27,29.786962509155273,30.035188674926758,29.538738250732422,29.786962509155273,2983118,10.224976539611816
2018-12-28,29.911075592041016,30.035188674926758,29.41462516784668,29.538738250732422,3093696,10.139768600463867
2019-01-02,29.911075592041016,29.911075592041016,29.41462516784668,29.538738250732422,2059421,10.139768600463867
2019-01-03,29.538738250732422,29.786962509155273,29.29051399230957,29.41462516784668,2033823,10.097164154052734
2019-01-04,29.29051399230957,29.29051399230957,28.29761505126953,28.794063568115234,4974404,9.884143829345703
2019-01-07,29.29051399230957,29.662851333618164,29.04228973388672,29.662851333618164,3159260,10.182372093200684
2019-01-08,29.662851333618164,29.786962509155273,29.41462516784668,29.41462516784668,1759129,10.097164154052734
2019-01-09,29.662851333618164,30.035188674926758,29.662851333618164,29.911075592041016,3780532,10.267580032348633
2019-01-10,29.911075592041016,29.911075592041016,29.538738250732422,29.786962509155273,1211211,10.224976539611816
2019-01-11,30.159299850463867,30.28341293334961,29.538738250732422,29.662851333618164,2645179,10.182372093200684
2019-01-14,29.662851333618164,29.786962509155273,29.166400909423828,29.166400909423828,2328121,10.011956214904785
2019-01-15,29.41462516784668,30.035188674926758,29.29051399230957,30.035188674926758,3452478,10.310185432434082
2019-01-16,30.035188674926758,30.035188674926758,29.662851333618164,29.786962509155273,2477058,10.224976539611816
2019-01-17,29.786962509155273,29.911075592041016,29.538738250732422,29.786962509155273,1777001,10.224976539611816
2019-01-18,29.911075592041016,30.159299850463867,29.786962509155273,29.911075592041016,1424400,10.267580032348633
2019-01-21,30.159299850463867,30.159299850463867,29.911075592041016,29.911075592041016,1771256,10.267580032348633
2019-01-22,29.911075592041016,30.035188674926758,29.786962509155273,30.035188674926758,1346997,10.310185432434082
2019-01-23,29.911075592041016,29.911075592041016,29.538738250732422,29.538738250732422,1503640,10.139768600463867
2019-01-24,29.786962509155273,29.911075592041016,29.662851333618164,29.786962509155273,1037427,10.224976539611816
2019-01-25,29.786962509155273,30.035188674926758,29.786962509155273,29.911075592041016,1354280,10.267580032348633
2019-01-28,29.911075592041016,30.035188674926758,29.786962509155273,29.911075592041016,1521458,10.267580032348633
2019-01-29,29.786962509155273,30.035188674926758,29.786962509155273,29.911075592041016,1919560,10.267580032348633
2019-01-30,29.911075592041016,30.035188674926758,29.662851333618164,29.662851333618164,2697992,10.182372093200684
2019-02-11,29.662851333618164,29.911075592041016,29.538738250732422,29.662851333618164,3546178,10.182372093200684
2019-02-12,29.662851333618164,29.786962509155273,29.41462516784668,29.538738250732422,2970769,10.139768600463867
2019-02-13,29.662851333618164,29.786962509155273,29.29051399230957,29.41462516784668,2315527,10.097164154052734
2019-02-14,29.41462516784668,29.786962509155273,29.29051399230957,29.538738250732422,4359147,10.139768600463867
2019-02-15,29.662851333618164,29.786962509155273,29.41462516784668,29.41462516784668,4691969,10.097164154052734
2019-02-18,29.538738250732422,29.662851333618164,29.41462516784668,29.41462516784668,2248862,10.097164154052734
2019-02-19,29.538738250732422,29.786962509155273,29.538738250732422,29.538738250732422,2623197,10.139768600463867
2019-02-20,29.662851333618164,29.786962509155273,29.538738250732422,29.786962509155273,4170348,10.224976539611816
2019-02-21,29.786962509155273,30.53163719177246,29.786962509155273,30.40752410888672,7696859,10.437996864318848
2019-02-22,30.28341293334961,30.40752410888672,30.035188674926758,30.159299850463867,3517272,10.352788925170898
2019-02-25,30.159299850463867,30.655750274658203,30.159299850463867,30.40752410888672,6218828,10.437996864318848
2019-02-26,30.53163719177246,31.27631187438965,30.53163719177246,31.028087615966797,7697413,10.651018142700195
2019-02-27,31.152198791503906,31.400423049926758,30.779861450195312,30.903974533081055,8740849,10.608413696289062
2019-03-04,30.903974533081055,31.152198791503906,30.655750274658203,30.779861450195312,5902958,10.565808296203613
2019-03-05,30.655750274658203,30.779861450195312,30.159299850463867,30.28341293334961,3508877,10.395392417907715
2019-03-06,30.28341293334961,30.53163719177246,30.28341293334961,30.40752410888672,1890493,10.437996864318848
2019-03-07,30.28341293334961,30.53163719177246,30.035188674926758,30.159299850463867,1721940,10.352788925170898
2019-03-08,30.159299850463867,30.40752410888672,30.035188674926758,30.159299850463867,2568852,10.352788925170898
2019-03-11,30.40752410888672,30.53163719177246,30.159299850463867,30.28341293334961,2901444,10.395392417907715
2019-03-12,30.53163719177246,30.655750274658203,30.40752410888672,30.53163719177246,2237627,10.48060131072998
2019-03-13,30.53163719177246,30.53163719177246,30.159299850463867,30.28341293334961,1852276,10.395392417907715
2019-03-14,30.28341293334961,30.40752410888672,29.911075592041016,29.911075592041016,3398449,10.267580032348633
2019-03-15,30.035188674926758,30.28341293334961,29.911075592041016,30.28341293334961,4293652,10.395392417907715
2019-03-18,30.28341293334961,30.28341293334961,30.035188674926758,30.159299850463867,2541005,10.352788925170898
2019-03-19,30.159299850463867,30.28341293334961,30.035188674926758,30.159299850463867,1805142,10.352788925170898
2019-03-20,30.159299850463867,30.40752410888672,30.035188674926758,30.159299850463867,2794596,10.352788925170898
2019-03-21,30.159299850463867,30.28341293334961,30.159299850463867,30.159299850463867,2087359,10.352788925170898
2019-03-22,30.159299850463867,30.40752410888672,30.159299850463867,30.40752410888672,2843782,10.437996864318848
2019-03-25,30.035188674926758,30.035188674926758,29.538738250732422,29.538738250732422,6719308,10.139768600463867
2019-03-26,29.786962509155273,29.786962509155273,29.166400909423828,29.41462516784668,7123739,10.097164154052734
2019-03-27,29.41462516784668,29.41462516784668,28.918176651000977,29.04228973388672,4697400,9.969351768493652
2019-03-28,29.04228973388672,29.29051399230957,28.794063568115234,29.04228973388672,2929516,9.969351768493652
2019-03-29,29.166400909423828,29.662851333618164,29.04228973388672,29.662851333618164,3952109,10.182372093200684
2019-04-01,29.662851333618164,29.786962509155273,29.29051399230957,29.41462516784668,3599446,10.097164154052734
2019-04-02,29.538738250732422,29.662851333618164,29.41462516784668,29.538738250732422,2442946,10.139768600463867
2019-04-03,29.786962509155273,29.786962509155273,29.538738250732422,29.786962509155273,3421010,10.224976539611816
2019-04-08,29.786962509155273,30.035188674926758,29.786962509155273,29.911075592041016,3808739,10.267580032348633
2019-04-09,29.911075592041016,29.911075592041016,29.786962509155273,29.911075592041016,2033271,10.267580032348633
2019-04-10,29.786962509155273,29.911075592041016,29.786962509155273,29.911075592041016,1886187,10.267580032348633
2019-04-11,29.911075592041016,30.53163719177246,29.911075592041016,30.28341293334961,4216029,10.395392417907715
2019-04-12,30.28341293334961,30.40752410888672,30.159299850463867,30.28341293334961,2976369,10.395392417907715
2019-04-15,30.53163719177246,31.5245361328125,30.40752410888672,31.27631187438965,14420003,10.736225128173828
2019-04-16,31.5245361328125,31.77276039123535,31.27631187438965,31.400423049926758,7788252,10.778829574584961
2019-04-17,31.5245361328125,31.64864730834961,31.27631187438965,31.5245361328125,6742807,10.821434020996094
2019-04-18,31.5245361328125,31.77276039123535,30.903974533081055,31.27631187438965,6956471,10.736225128173828
2019-04-19,31.5245361328125,32.26921081542969,31.400423049926758,32.14509963989258,11436078,11.034454345703125
2019-04-22,32.517433166503906,33.7585563659668,32.3933219909668,33.013885498046875,12687912,11.332682609558105
2019-04-23,33.013885498046875,33.38622283935547,32.3933219909668,33.38622283935547,7417487,11.460495948791504
2019-04-24,33.51033401489258,33.7585563659668,32.64154815673828,32.76565933227539,5952418,11.247474670410156
2019-04-25,32.76565933227539,33.38622283935547,32.76565933227539,33.262107849121094,5006165,11.417890548706055
2019-04-26,33.137996673583984,33.137996673583984,32.64154815673828,33.013885498046875,3016186,11.332682609558105
2019-04-29,33.137996673583984,33.38622283935547,32.8897705078125,33.262107849121094,4045622,11.417890548706055
2019-04-30,33.51033401489258,33.7585563659668,33.262107849121094,33.63444519042969,5210279,11.54570198059082
2019-05-02,33.7585563659668,34.13089370727539,33.63444519042969,34.13089370727539,7505600,11.716119766235352
2019-05-03,34.13089370727539,34.255008697509766,33.63444519042969,34.00678253173828,5523483,11.673514366149902
2019-05-06,33.137996673583984,33.137996673583984,32.0209846496582,32.3933219909668,12673277,11.119662284851074
2019-05-07,32.64154815673828,32.76565933227539,32.26921081542969,32.26921081542969,6442389,11.077058792114258
2019-05-08,31.64864730834961,32.3933219909668,31.27631187438965,32.14509963989258,5962080,11.034454345703125
2019-05-09,31.896873474121094,32.0209846496582,31.152198791503906,31.27631187438965,6456540,10.736225128173828
2019-05-10,31.152198791503906,31.64864730834961,30.779861450195312,31.028087615966797,7208374,10.651018142700195
2019-05-13,31.028087615966797,31.5245361328125,31.028087615966797,31.27631187438965,2645318,10.736225128173828
2019-05-14,30.903974533081055,30.903974533081055,30.28341293334961,30.655750274658203,5769738,10.523205757141113
2019-05-15,30.779861450195312,31.028087615966797,30.655750274658203,30.779861450195312,2821195,10.565808296203613
2019-05-16,30.779861450195312,30.779861450195312,30.159299850463867,30.53163719177246,3602504,10.48060131072998
2019-05-17,30.779861450195312,30.779861450195312,29.911075592041016,29.911075592041016,3935475,10.267580032348633
2019-05-20,30.035188674926758,30.28341293334961,29.911075592041016,29.911075592041016,2345167,10.267580032348633
2019-05-21,29.911075592041016,30.655750274658203,29.786962509155273,30.40752410888672,3303984,10.437996864318848
2019-05-22,30.40752410888672,30.53163719177246,29.911075592041016,30.035188674926758,2454561,10.310185432434082
2019-05-23,30.035188674926758,30.035188674926758,29.41462516784668,29.662851333618164,3317826,10.182372093200684
2019-05-24,29.786962509155273,30.28341293334961,29.786962509155273,30.035188674926758,2804371,10.310185432434082
2019-05-27,30.159299850463867,30.159299850463867,29.786962509155273,29.911075592041016,1797797,10.267580032348633
2019-05-28,29.911075592041016,29.911075592041016,29.538738250732422,29.538738250732422,6430824,10.139768600463867
2019-05-29,29.538738250732422,29.786962509155273,29.41462516784668,29.538738250732422,2066139,10.139768600463867
2019-05-30,29.538738250732422,29.911075592041016,29.29051399230957,29.538738250732422,4266323,10.139768600463867
2019-05-31,29.662851333618164,30.035188674926758,29.538738250732422,30.035188674926758,2728617,10.310185432434082
2019-06-03,29.911075592041016,29.911075592041016,29.538738250732422,29.662851333618164,1990353,10.182372093200684
2019-06-04,29.662851333618164,29.786962509155273,29.41462516784668,29.786962509155273,2664707,10.224976539611816
2019-06-05,29.911075592041016,30.035188674926758,29.538738250732422,29.786962509155273,2969322,10.224976539611816
2019-06-06,29.662851333618164,29.786962509155273,29.538738250732422,29.662851333618164,1691493,10.182372093200684
2019-06-10,29.911075592041016,30.035188674926758,29.538738250732422,29.911075592041016,3704104,10.267580032348633
2019-06-11,30.035188674926758,30.035188674926758,29.662851333618164,29.911075592041016,2122611,10.267580032348633
2019-06-12,29.911075592041016,30.035188674926758,29.786962509155273,29.911075592041016,1787291,10.267580032348633
2019-06-13,30.035188674926758,30.159299850463867,29.786962509155273,30.035188674926758,2135594,10.310185432434082
2019-06-14,29.911075592041016,30.035188674926758,29.786962509155273,29.911075592041016,1480143,10.267580032348633
2019-06-17,29.911075592041016,30.035188674926758,29.662851333618164,29.662851333618164,1849532,10.182372093200684
2019-06-18,29.786962509155273,29.911075592041016,29.662851333618164,29.786962509155273,1363608,10.224976539611816
2019-06-19,29.911075592041016,30.159299850463867,29.911075592041016,30.159299850463867,2985928,10.352788925170898
2019-06-20,30.28341293334961,31.028087615966797,30.28341293334961,31.028087615966797,7535287,10.651018142700195
2019-06-21,31.152198791503906,31.27631187438965,30.779861450195312,30.903974533081055,4794821,10.608413696289062
2019-06-24,30.903974533081055,31.27631187438965,30.655750274658203,31.028087615966797,4868712,10.651018142700195
2019-06-25,31.152198791503906,31.152198791503906,30.903974533081055,31.028087615966797,2259130,10.651018142700195
2019-06-26,31.028087615966797,31.5245361328125,31.028087615966797,31.27631187438965,3723143,10.736225128173828
2019-06-27,31.400423049926758,31.77276039123535,31.27631187438965,31.400423049926758,4579188,10.778829574584961
2019-06-28,31.400423049926758,31.400423049926758,30.903974533081055,30.903974533081055,3306836,10.608413696289062
2019-07-01,31.5245361328125,32.517433166503906,31.5245361328125,32.517433166503906,10373144,11.162264823913574
2019-07-02,32.8897705078125,33.262107849121094,32.64154815673828,33.013885498046875,8947269,11.332682609558105
2019-07-03,33.013885498046875,33.38622283935547,33.013885498046875,33.262107849121094,5833994,11.417890548706055
2019-07-04,33.51033401489258,33.7585563659668,33.262107849121094,33.51033401489258,5373068,11.50309944152832
2019-07-05,33.63444519042969,33.7585563659668,33.013885498046875,33.63444519042969,5323542,11.54570198059082
2019-07-08,33.51033401489258,33.63444519042969,32.64154815673828,33.013885498046875,8751600,11.332682609558105
2019-07-09,33.013885498046875,33.262107849121094,32.76565933227539,33.262107849121094,3175635,11.417890548706055
2019-07-10,33.38622283935547,33.7585563659668,33.262107849121094,33.38622283935547,2832075,11.460495948791504
2019-07-11,33.63444519042969,33.63444519042969,33.137996673583984,33.262107849121094,3120496,11.417890548706055
2019-07-12,33.262107849121094,33.262107849121094,32.76565933227539,32.8897705078125,2544766,11.290078163146973
2019-07-15,32.8897705078125,33.262107849121094,32.3933219909668,33.137996673583984,3964175,11.375286102294922
2019-07-16,33.137996673583984,33.51033401489258,33.137996673583984,33.38622283935547,3068559,11.460495948791504
2019-07-17,33.38622283935547,33.38622283935547,32.8897705078125,33.137996673583984,3152512,11.375286102294922
2019-07-18,33.262107849121094,33.7585563659668,33.262107849121094,33.51033401489258,5867288,11.50309944152832
2019-07-19,33.63444519042969,34.00678253173828,33.51033401489258,33.88267135620117,6339596,11.630910873413086
2019-07-22,34.00678253173828,35.37202072143555,33.88267135620117,35.12379455566406,18964636,12.056952476501465
2019-07-23,35.24790573120117,35.24790573120117,34.503231048583984,34.75145721435547,6617308,11.929139137268066
2019-07-24,34.503231048583984,34.503231048583984,34.00678253173828,34.13089370727539,7055528,11.716119766235352
2019-07-25,34.13089370727539,35.37202072143555,33.88267135620117,34.99968338012695,8737825,12.014348030090332
2019-07-26,34.75145721435547,34.99968338012695,34.503231048583984,34.75145721435547,4979585,11.929139137268066
2019-07-29,34.62734603881836,35.37202072143555,34.62734603881836,35.24790573120117,8608537,12.099555015563965
2019-07-30,35.496131896972656,36.48902893066406,35.24790573120117,35.37202072143555,12712351,12.142158508300781
2019-07-31,35.496131896972656,35.86846923828125,35.24790573120117,35.744354248046875,7552537,12.269970893859863
2019-08-01,35.12379455566406,35.496131896972656,34.87556838989258,34.99968338012695,6907689,12.014348030090332
2019-08-02,34.13089370727539,34.13089370727539,33.137996673583984,33.262107849121094,14617821,11.417890548706055
2019-08-05,33.013885498046875,33.51033401489258,32.8897705078125,33.262107849121094,6578884,11.417890548706055
2019-08-06,32.0209846496582,33.013885498046875,32.0209846496582,32.8897705078125,7675585,11.290078163146973
2019-08-07,32.76565933227539,33.38622283935547,32.517433166503906,33.137996673583984,4545755,11.375286102294922
2019-08-08,33.013885498046875,33.262107849121094,32.8897705078125,33.137996673583984,3264408,11.375286102294922
2019-08-12,33.013885498046875,33.38622283935547,32.76565933227539,33.137996673583984,2915603,11.375286102294922
2019-08-13,33.013885498046875,33.137996673583984,32.517433166503906,32.517433166503906,4072370,11.162264823913574
2019-08-14,32.64154815673828,33.013885498046875,31.5245361328125,32.0209846496582,9770810,10.991849899291992
2019-08-15,31.27631187438965,31.896873474121094,31.152198791503906,31.400423049926758,5783250,10.778829574584961
2019-08-16,31.400423049926758,31.400423049926758,30.779861450195312,31.400423049926758,8020322,10.778829574584961
2019-08-19,31.27631187438965,31.27631187438965,30.903974533081055,30.903974533081055,4992388,10.608413696289062
2019-08-20,30.903974533081055,31.27631187438965,30.903974533081055,31.028087615966797,3685337,10.651018142700195
2019-08-21,30.903974533081055,31.27631187438965,30.903974533081055,31.028087615966797,2419654,10.651018142700195
2019-08-22,31.028087615966797,31.77276039123535,31.028087615966797,31.5245361328125,4954390,10.821434020996094
2019-08-23,31.64864730834961,32.0209846496582,31.64864730834961,32.0209846496582,2655415,10.991849899291992
2019-08-26,31.27631187438965,31.400423049926758,31.028087615966797,31.152198791503906,4368558,10.693619728088379
2019-08-27,31.400423049926758,31.5245361328125,31.152198791503906,31.400423049926758,3187439,10.778829574584961
2019-08-28,31.27631187438965,31.77276039123535,31.27631187438965,31.64864730834961,1647429,10.864036560058594
2019-08-29,31.64864730834961,31.77276039123535,31.27631187438965,31.400423049926758,2424212,10.778829574584961
2019-08-30,31.64864730834961,31.896873474121094,31.400423049926758,31.896873474121094,3598560,10.949246406555176
2019-09-02,32.0209846496582,32.14509963989258,31.77276039123535,31.896873474121094,2345089,10.949246406555176
2019-09-03,31.896873474121094,32.26921081542969,31.77276039123535,31.896873474121094,2324796,10.949246406555176
2019-09-04,31.896873474121094,32.26921081542969,31.64864730834961,32.0209846496582,3418269,10.991849899291992
2019-09-05,32.14509963989258,32.3933219909668,32.0209846496582,32.3933219909668,4421277,11.119662284851074
2019-09-06,32.3933219909668,32.76565933227539,32.0209846496582,32.64154815673828,4413243,11.204870223999023
2019-09-10,32.8897705078125,33.013885498046875,32.3933219909668,32.64154815673828,3324543,11.204870223999023
2019-09-11,32.76565933227539,32.76565933227539,32.26921081542969,32.517433166503906,4330186,11.162264823913574
2019-09-12,32.76565933227539,33.137996673583984,32.64154815673828,33.013885498046875,4033389,11.332682609558105
2019-09-16,32.8897705078125,32.8897705078125,32.26921081542969,32.26921081542969,5693897,11.077058792114258
2019-09-17,32.0209846496582,32.517433166503906,32.0209846496582,32.3933219909668,2317491,11.119662284851074
2019-09-18,32.3933219909668,32.8897705078125,32.3933219909668,32.517433166503906,3333783,11.162264823913574
2019-09-19,32.64154815673828,32.76565933227539,32.3933219909668,32.517433166503906,1721854,11.162264823913574
2019-09-20,32.517433166503906,32.76565933227539,32.3933219909668,32.517433166503906,3503613,11.162264823913574
2019-09-23,32.517433166503906,32.76565933227539,32.517433166503906,32.64154815673828,1457877,11.204870223999023
2019-09-24,32.64154815673828,32.76565933227539,32.26921081542969,32.3933219909668,6685700,11.119662284851074
2019-09-25,32.517433166503906,32.76565933227539,32.3933219909668,32.64154815673828,2025769,11.204870223999023
2019-09-26,32.76565933227539,32.76565933227539,32.3933219909668,32.517433166503906,3342151,11.162264823913574
2019-09-27,32.517433166503906,32.64154815673828,32.26921081542969,32.26921081542969,3890138,11.077058792114258
2019-10-01,32.517433166503906,33.013885498046875,32.3933219909668,32.8897705078125,3523000,11.290078163146973
2019-10-02,32.3933219909668,32.517433166503906,32.14509963989258,32.3933219909668,5666589,11.119662284851074
2019-10-03,31.896873474121094,32.0209846496582,31.400423049926758,31.5245361328125,5943050,10.821434020996094
2019-10-04,31.64864730834961,31.896873474121094,31.5245361328125,31.64864730834961,2588806,10.864036560058594
2019-10-07,31.64864730834961,31.896873474121094,31.64864730834961,31.64864730834961,1523615,10.864036560058594
2019-10-08,31.64864730834961,32.0209846496582,31.5245361328125,31.5245361328125,2553803,10.821434020996094
2019-10-09,31.400423049926758,31.64864730834961,31.27631187438965,31.5245361328125,3131731,10.821434020996094
2019-10-14,31.896873474121094,32.14509963989258,31.77276039123535,32.0209846496582,4219135,10.991849899291992
2019-10-15,32.0209846496582,32.14509963989258,31.77276039123535,31.896873474121094,2260746,10.949246406555176
2019-10-16,32.0209846496582,32.517433166503906,31.896873474121094,32.26921081542969,5398769,11.077058792114258
2019-10-17,32.26921081542969,32.517433166503906,32.14509963989258,32.517433166503906,1734142,11.162264823913574
2019-10-18,32.517433166503906,32.8897705078125,32.26921081542969,32.64154815673828,3615834,11.204870223999023
2019-10-21,32.76565933227539,32.8897705078125,32.517433166503906,32.8897705078125,2554744,11.290078163146973
2019-10-22,32.8897705078125,33.262107849121094,32.64154815673828,33.262107849121094,6235077,11.417890548706055
2019-10-23,33.262107849121094,33.262107849121094,32.64154815673828,32.76565933227539,4686122,11.247474670410156
2019-10-24,32.76565933227539,32.76565933227539,32.3933219909668,32.517433166503906,3498611,11.162264823913574
2019-10-25,32.517433166503906,33.51033401489258,32.517433166503906,32.76565933227539,7525320,11.247474670410156
2019-10-28,32.76565933227539,32.8897705078125,32.26921081542969,32.3933219909668,8307255,11.119662284851074
2019-10-29,32.64154815673828,32.64154815673828,31.400423049926758,31.5245361328125,8960180,10.821434020996094
2019-10-30,31.5245361328125,31.64864730834961,30.779861450195312,31.27631187438965,12499752,10.736225128173828
2019-10-31,31.400423049926758,31.400423049926758,30.903974533081055,31.028087615966797,5870431,10.651018142700195
2019-11-01,31.028087615966797,31.27631187438965,30.903974533081055,31.028087615966797,3368251,10.651018142700195
2019-11-04,31.27631187438965,31.896873474121094,31.27631187438965,31.77276039123535,8692464,10.906641006469727
2019-11-05,31.125,31.75,30.875,31.625,17596383,10.855920791625977
2019-11-06,31.375,32.125,31.375,32.0,7673638,10.98464584350586
2019-11-07,31.75,32.125,31.625,31.625,5126329,10.855920791625977
2019-11-08,31.75,32.0,31.625,31.875,1624464,10.94173812866211
2019-11-11,31.875,32.125,31.375,31.75,4422819,10.898828506469727
2019-11-12,32.0,32.0,31.375,31.625,3695345,10.855920791625977
2019-11-13,31.5,31.625,31.25,31.5,1952065,10.813011169433594
2019-11-14,31.5,31.5,30.75,30.875,5105444,10.598466873168945
2019-11-15,31.0,31.25,31.0,31.125,1568559,10.684284210205078
2019-11-18,31.125,31.25,30.875,31.25,2003941,10.727192878723145
2019-11-19,31.25,31.375,30.875,31.25,2828336,10.727192878723145
2019-11-20,31.0,32.25,30.75,32.125,11595454,11.027554512023926
2019-11-21,31.75,31.75,31.25,31.375,3064582,10.770101547241211
2019-11-22,31.375,31.5,31.0,31.0,3252194,10.641375541687012
2019-11-25,31.125,31.25,30.75,30.875,3236534,10.598466873168945
2019-11-26,31.0,31.25,31.0,31.25,4928934,10.727192878723145
2019-11-27,31.125,31.625,31.0,31.375,5764174,10.770101547241211
2019-11-28,31.375,31.625,31.25,31.375,3848614,10.770101547241211
2019-11-29,31.5,31.625,31.0,31.0,5784938,10.641375541687012
2019-12-02,31.125,31.125,30.75,30.75,4443799,10.555558204650879
2019-12-03,30.75,31.125,30.75,31.125,2321111,10.684284210205078
2019-12-04,31.125,31.25,30.75,30.875,3825490,10.598466873168945
2019-12-05,30.875,31.0,30.625,30.875,11285042,10.598466873168945
2019-12-06,30.875,30.875,30.625,30.625,5130388,10.512650489807129
2019-12-09,30.75,30.875,30.5,30.5,4494999,10.469741821289062
2019-12-10,30.5,30.875,30.5,30.625,2854198,10.512650489807129
2019-12-11,30.625,30.75,30.5,30.5,2608798,10.469741821289062
2019-12-12,30.625,30.75,30.5,30.625,3501888,10.512650489807129
2019-12-13,30.75,31.125,30.625,31.0,6207796,10.641375541687012
2019-12-16,31.0,31.25,30.75,31.125,11787,10.684284210205078
2019-12-17,31.125,31.25,31.0,31.25,2533598,10.727192878723145
2019-12-18,31.25,31.75,30.875,31.625,9446810,10.855920791625977
2019-12-19,31.625,31.625,31.25,31.25,3552626,10.727192878723145
2019-12-20,31.25,31.375,31.0,31.0,4186173,10.641375541687012
2019-12-23,31.125,31.5,31.125,31.375,2415548,10.770101547241211
2019-12-24,31.375,31.5,31.125,31.25,1390410,10.727192878723145
2019-12-25,31.25,31.375,31.125,31.375,1256622,10.770101547241211
2019-12-26,31.375,31.375,31.125,31.25,1030717,10.727192878723145
2019-12-27,31.375,31.5,31.125,31.25,2307487,10.727192878723145
2019-12-30,31.5,31.625,31.125,31.25,3285647,10.727192878723145
2019-12-31,31.25,31.25,31.0,31.0,2959776,10.641375541687012
2020-01-02,31.5,32.0,31.5,31.75,5983333,10.898828506469727
2020-01-03,32.0,32.625,31.875,32.5,13275073,11.156280517578125
2020-01-06,32.5,33.0,32.25,32.5,10429668,11.156280517578125
2020-01-07,32.5,32.625,32.125,32.25,5552326,11.070464134216309
2020-01-08,31.875,31.875,31.5,31.5,5703694,10.813011169433594
2020-01-09,31.875,32.375,31.75,32.125,5810333,11.027554512023926
2020-01-10,32.25,33.0,32.25,32.875,12919549,11.285008430480957
2020-01-13,32.875,33.0,32.625,32.875,3638792,11.285008430480957
2020-01-14,32.875,33.375,32.875,33.0,6208732,11.327917098999023
2020-01-15,33.0,33.25,32.5,32.875,5320889,11.285008430480957
2020-01-16,32.875,32.875,32.5,32.5,3698913,11.156280517578125
2020-01-17,32.75,32.75,32.25,32.5,2956929,11.156280517578125
2020-01-20,32.5,32.875,32.25,32.375,5235482,11.113371849060059
2020-01-30,31.0,31.0,29.25,29.5,15375236,10.126470565795898
2020-01-31,29.5,29.875,29.0,29.375,8451064,10.083562850952148
2020-02-03,28.25,28.875,27.75,28.625,6527485,9.826108932495117
2020-02-04,31.0,31.0,29.0,29.0,5861996,9.954835891723633
2020-02-05,29.125,29.625,29.0,29.25,5535194,10.040653228759766
2020-02-06,29.375,29.875,29.375,29.875,3763199,10.255196571350098
2020-02-07,29.5,29.625,29.125,29.125,4329979,9.997745513916016
2020-02-10,28.75,29.0,28.375,28.75,3871674,9.869017601013184
2020-02-11,29.0,29.25,29.0,29.125,2026148,9.997745513916016
2020-02-12,29.375,29.75,29.25,29.5,4123714,10.126470565795898
2020-02-13,29.75,29.875,29.5,29.75,4295265,10.212287902832031
2020-02-14,29.625,29.625,29.125,29.375,2389720,10.083562850952148
2020-02-17,29.0,29.125,28.75,28.875,5843498,9.911927223205566
2020-02-18,28.75,29.625,28.75,29.5,4595376,10.126470565795898
2020-02-19,29.625,30.125,29.5,29.875,7008796,10.255196571350098
2020-02-20,30.125,30.25,29.375,29.625,3956686,10.169379234313965
2020-02-21,29.5,29.75,29.25,29.375,2543486,10.083562850952148
2020-02-24,29.25,29.375,28.875,28.875,4091161,9.911927223205566
2020-02-25,28.75,29.5,28.625,29.25,3187970,10.040653228759766
2020-02-26,28.875,29.25,28.875,29.0,2672080,9.954835891723633
2020-02-27,29.0,29.25,28.75,28.875,5922738,9.911927223205566
2020-03-02,28.5,28.875,28.375,28.5,4548406,9.783199310302734
2020-03-03,28.875,29.125,28.5,28.5,4230046,9.783199310302734
2020-03-04,28.625,29.0,28.5,28.875,6986023,9.911927223205566
2020-03-05,29.0,29.875,28.875,29.625,10450761,10.169379234313965
2020-03-06,29.25,29.625,29.0,29.25,4395782,10.040653228759766
2020-03-09,29.0,29.0,28.25,28.5,9981983,9.783199310302734
2020-03-10,28.375,29.625,28.25,29.25,12006893,10.040653228759766
2020-03-11,29.25,29.5,28.75,28.875,5341540,9.911927223205566
2020-03-12,28.75,28.875,27.75,27.75,11486325,9.525748252868652
2020-03-13,25.375,26.5,25.25,26.125,12534098,8.967933654785156
2020-03-16,26.25,26.25,24.649999618530273,24.649999618530273,11652579,8.461609840393066
2020-03-17,23.524999618530273,24.25,23.299999237060547,23.549999237060547,11669825,8.084012985229492
2020-03-18,23.649999618530273,24.950000762939453,23.450000762939453,23.75,9004023,8.152667045593262
2020-03-19,23.625,23.625,22.25,23.0,11171203,7.895215034484863
2020-03-20,23.5,24.299999237060547,23.5,24.0,7303002,8.238484382629395
2020-03-23,23.0,23.375,22.424999237060547,23.100000381469727,5572034,7.92954158782959
2020-03-24,23.774999618530273,24.299999237060547,23.25,23.600000381469727,6091361,8.101176261901855
2020-03-25,23.950000762939453,24.774999618530273,23.950000762939453,24.200000762939453,7366432,8.307138442993164
2020-03-26,24.549999237060547,24.625,23.875,24.174999237060547,4133048,8.298556327819824
2020-03-27,24.424999237060547,24.475000381469727,23.5,23.5,8050948,8.066849708557129
2020-03-30,23.0,23.100000381469727,22.524999618530273,23.075000762939453,5466567,7.920959949493408
2020-03-31,23.350000381469727,23.600000381469727,22.799999237060547,23.125,5439068,7.93812370300293
2020-04-01,22.975000381469727,22.975000381469727,22.75,22.75,4206610,7.809396743774414
2020-04-06,22.875,22.899999618530273,22.424999237060547,22.774999618530273,5150101,7.81797981262207
2020-04-07,23.100000381469727,23.375,22.924999237060547,23.149999618530273,5781772,7.946705341339111
2020-04-08,23.149999618530273,24.225000381469727,23.075000762939453,24.149999618530273,6769866,8.2899751663208
2020-04-09,24.299999237060547,25.75,24.299999237060547,25.625,13569754,8.796298027038574
2020-04-10,25.875,25.875,25.125,25.5,5660360,8.753389358520508
2020-04-13,25.625,25.625,25.0,25.125,4667067,8.624663352966309
2020-04-14,25.375,25.75,25.25,25.375,5602558,8.710480690002441
2020-04-15,25.875,27.0,25.75,25.875,13026007,8.88211727142334
2020-04-16,25.75,25.875,25.375,25.75,6482986,8.83920669555664
2020-04-17,26.25,26.5,25.5,25.625,7126677,8.796298027038574
2020-04-20,25.625,25.625,25.125,25.25,6294172,8.667572021484375
2020-04-21,25.25,25.625,24.575000762939453,24.700000762939453,10277463,8.478774070739746
2020-04-22,24.5,24.799999237060547,24.024999618530273,24.700000762939453,3476841,8.478774070739746
2020-04-23,24.825000762939453,25.375,24.825000762939453,25.125,3744392,8.624663352966309
2020-04-24,25.125,25.25,24.774999618530273,24.850000381469727,2894294,8.530263900756836
2020-04-27,25.25,25.625,25.125,25.5,4288279,8.753389358520508
2020-04-28,25.875,26.5,25.625,26.375,8499456,9.053750991821289
2020-04-29,26.625,27.125,26.5,26.75,13373801,9.182476997375488
2020-04-30,27.5,27.875,26.875,27.75,17230202,9.525748252868652
2020-05-04,26.875,27.125,26.5,26.875,6395466,9.225386619567871
2020-05-05,26.875,27.0,26.25,26.625,5516855,9.139569282531738
2020-05-06,26.625,26.625,26.125,26.375,3728728,9.053750991821289
2020-05-07,26.5,26.75,26.375,26.5,2351768,9.096660614013672
2020-05-08,26.75,26.875,26.25,26.375,3639283,9.053750991821289
2020-05-11,26.75,27.25,26.625,26.875,4378602,9.225386619567871
2020-05-12,26.625,26.75,26.25,26.25,4442970,9.010842323303223
2020-05-13,26.25,26.5,26.125,26.5,2809198,9.096660614013672
2020-05-14,26.375,26.375,25.875,25.875,4871221,8.88211727142334
2020-05-15,26.125,26.25,25.875,26.125,3088876,8.967933654785156
2020-05-18,26.125,26.75,26.125,26.75,5175316,9.182476997375488
2020-05-19,27.375,27.5,26.75,26.75,6688672,9.182476997375488
2020-05-20,27.0,27.125,26.75,26.875,6732377,9.225386619567871
2020-05-21,27.5,27.875,27.25,27.5,20216288,9.439929962158203
2020-05-22,27.375,27.625,26.875,26.875,5445360,9.225386619567871
2020-05-25,27.0,27.125,26.625,26.875,2707216,9.225386619567871
2020-05-26,27.25,27.375,27.125,27.375,3451444,9.397021293640137
2020-05-27,27.5,27.625,27.0,27.125,4829028,9.311203002929688
2020-05-28,27.25,28.0,27.125,27.25,11332293,9.354113578796387
2020-05-29,27.25,27.625,26.875,27.25,9178862,9.354113578796387
2020-06-01,27.625,28.375,27.5,28.0,9682919,9.611565589904785
2020-06-02,28.125,28.375,27.75,28.125,5339114,9.654474258422852
2020-06-03,28.25,28.375,28.0,28.25,5501810,9.697381973266602
2020-06-04,28.375,28.5,28.0,28.125,6368736,9.654474258422852
2020-06-05,28.125,29.125,28.0,28.5,12224386,9.783199310302734
2020-06-08,28.875,29.0,28.375,28.375,8075954,9.740291595458984
2020-06-09,28.5,28.625,28.125,28.25,6584541,9.697381973266602
2020-06-10,28.25,28.375,28.125,28.125,6532914,9.654474258422852
2020-06-11,28.125,28.25,27.25,27.375,8995543,9.397021293640137
2020-06-12,26.5,27.25,26.25,27.125,6345961,9.311203002929688
2020-06-15,27.125,27.25,26.875,26.875,5047765,9.225386619567871
2020-06-16,27.375,28.125,27.125,28.125,6433555,9.654474258422852
2020-06-17,28.375,28.375,27.75,28.125,4671798,9.654474258422852
2020-06-18,28.125,28.125,27.25,27.5,6621633,9.439929962158203
2020-06-19,27.5,27.625,26.875,27.0,10440178,9.268294334411621
2020-06-22,27.0,27.375,26.75,26.875,5521058,9.225386619567871
2020-06-23,27.125,27.25,26.625,26.875,6075761,9.225386619567871
2020-06-24,27.125,27.25,26.75,26.875,4329432,9.225386619567871
2020-06-29,26.75,27.25,26.75,26.875,3598670,9.225386619567871
2020-06-30,27.25,27.25,26.875,26.875,3416946,9.225386619567871
2020-07-01,26.875,27.25,26.875,27.125,1708568,9.311203002929688
2020-07-02,27.125,27.5,27.0,27.0,3523821,9.268294334411621
2020-07-03,27.5,28.0,27.375,27.875,12094872,9.568656921386719
2020-07-06,28.0,28.125,27.5,27.875,11129184,9.568656921386719
2020-07-07,28.0,28.125,27.5,28.125,10157099,9.654474258422852
2020-07-08,28.125,28.375,27.625,27.875,8220340,9.568656921386719
2020-07-09,27.875,28.0,27.5,27.625,4922892,9.482839584350586
2020-07-10,27.625,27.625,26.875,26.875,7064978,9.225386619567871
2020-07-13,27.125,27.25,26.875,27.0,5460293,9.268294334411621
2020-07-14,27.125,27.125,26.625,26.75,4636209,9.182476997375488
2020-07-15,27.125,27.25,26.875,27.125,6062770,9.311203002929688
2020-07-16,27.375,27.75,27.125,27.625,5966366,9.482839584350586
2020-07-17,27.75,27.875,27.125,27.125,3570249,9.311203002929688
2020-07-20,27.25,27.375,27.0,27.0,3243601,9.268294334411621
2020-07-21,27.0,27.5,27.0,27.375,3421343,9.397021293640137
2020-07-22,27.375,27.625,27.125,27.375,4150202,9.397021293640137
2020-07-23,27.375,27.5,27.0,27.125,3565712,9.311203002929688
2020-07-24,27.125,27.25,26.625,26.75,5445876,9.182476997375488
2020-07-27,27.5,27.5,27.0,27.0,5472656,9.268294334411621
2020-07-28,27.125,27.25,26.75,26.75,4292718,9.182476997375488
2020-07-29,26.75,27.5,26.75,27.375,5655158,9.397021293640137
2020-07-30,27.5,27.75,27.375,27.625,5000908,9.482839584350586
2020-07-31,27.75,28.125,27.5,27.5,7791904,9.439929962158203
2020-08-03,27.75,28.0,27.375,27.625,4676337,9.482839584350586
2020-08-04,27.75,27.875,27.625,27.75,3521974,9.525748252868652
2020-08-05,27.875,27.875,27.625,27.625,2091727,9.482839584350586
2020-08-06,27.875,28.25,27.625,27.875,6411852,9.568656921386719
2020-08-07,28.0,28.75,28.0,28.5,13676775,9.783199310302734
2020-08-10,28.75,31.25,28.75,31.25,31357511,10.727192878723145
2020-08-11,31.25,32.125,30.875,31.125,38349623,10.684284210205078
2020-08-12,31.25,31.25,29.625,30.5,16412731,10.469741821289062
2020-08-13,31.0,31.75,30.5,30.875,15238378,10.598466873168945
2020-08-14,33.0,33.875,32.125,33.875,68506375,11.628277778625488
2020-08-17,35.0,37.25,34.625,37.25,71942106,12.786813735961914
2020-08-18,38.125,38.5,36.625,38.0,73504854,13.044267654418945
2020-08-19,38.75,39.625,37.875,38.5,59544499,13.215901374816895
2020-08-20,38.875,39.75,36.0,37.5,85380498,12.872632026672363
2020-08-21,38.5,39.0,37.625,38.0,45516874,13.044267654418945
2020-08-24,38.375,38.5,37.375,38.0,29581664,13.044267654418945
2020-08-25,38.875,41.25,38.75,40.75,107729748,13.988260269165039
2020-08-26,41.125,41.875,40.125,41.125,61971476,14.116985321044922
2020-08-27,41.5,41.625,40.375,40.625,33829946,13.945352554321289
2020-08-28,40.625,41.75,40.375,40.875,33529532,14.031168937683105
2020-08-31,42.375,44.25,42.25,43.5,84719690,14.932252883911133
2020-09-01,43.375,43.875,42.0,43.0,49487618,14.760618209838867
2020-09-02,43.25,44.0,42.75,44.0,33555829,15.103887557983398
2020-09-03,44.125,45.5,43.625,45.5,51561234,15.618793487548828
2020-09-04,44.25,47.125,44.25,47.0,43726950,16.133699417114258
2020-09-07,48.0,49.75,46.875,47.0,83848862,16.133699417114258
2020-09-08,46.875,47.625,45.625,46.75,51022661,16.047882080078125
2020-09-09,46.375,47.875,46.25,47.5,38376803,16.305334091186523
2020-09-10,47.5,48.5,47.25,47.625,33909615,16.348243713378906
2020-09-11,49.125,49.375,44.25,44.25,96387373,15.189705848693848
2020-09-14,45.0,45.625,40.875,41.25,129491812,14.159894943237305
2020-09-15,41.5,42.5,41.0,42.25,53416513,14.503165245056152
2020-09-16,41.625,41.625,39.0,40.25,89051373,13.816624641418457
2020-09-17,40.875,41.625,39.875,40.25,46064662,13.816624641418457
2020-09-18,40.625,40.75,39.625,40.125,30285695,13.773717880249023
2020-09-21,40.25,40.375,39.0,39.5,33889942,13.559174537658691
2020-09-22,39.5,40.125,39.125,39.5,28790760,13.559174537658691
2020-09-23,38.75,38.875,37.5,38.0,95909836,13.044267654418945
2020-09-24,37.125,38.25,37.0,37.0,56666721,12.700996398925781
2020-09-25,37.875,39.125,37.375,38.5,65992075,13.215901374816895
2020-09-28,38.25,39.0,37.875,38.875,27549472,13.34462833404541
2020-09-29,39.5,40.0,38.0,38.625,35585672,13.258810043334961
2020-09-30,38.375,40.0,38.25,39.625,32029841,13.602081298828125
2020-10-05,40.0,41.25,40.0,41.125,47627585,14.116985321044922
2020-10-06,40.75,41.125,40.375,41.125,30652971,14.116985321044922
2020-10-07,41.0,42.0,40.875,41.625,24766662,14.288619995117188
2020-10-08,41.875,42.0,41.0,41.625,22886025,14.288619995117188
2020-10-12,41.875,42.0,40.125,40.75,32454945,13.988260269165039
2020-10-13,41.25,42.875,41.25,42.5,67900745,14.588984489440918
2020-10-14,42.125,42.875,41.75,42.875,30551386,14.717710494995117
2020-10-15,42.875,43.75,42.75,43.75,33527716,15.018072128295898
2020-10-16,44.75,45.25,43.625,44.125,55022737,15.146797180175781
2020-10-19,45.0,45.25,44.25,44.625,36016693,15.318431854248047
2020-10-20,44.75,45.125,43.75,44.875,29704164,15.404251098632812
2020-10-21,45.125,45.25,44.5,44.625,19930707,15.318431854248047
2020-10-22,44.375,44.875,44.125,44.75,20220258,15.361340522766113
2020-10-23,45.0,47.25,44.75,46.5,63476314,15.96206283569336
2020-10-26,46.75,50.375,46.75,49.5,114134015,16.99187660217285
2020-10-27,49.0,50.0,48.25,49.125,40263182,16.863149642944336
2020-10-28,49.25,50.0,46.625,47.0,67952808,16.133699417114258
2020-10-29,46.125,47.5,45.375,47.375,52104374,16.262426376342773
2020-10-30,47.625,48.5,46.25,47.25,47899448,16.21951675415039
2020-11-02,47.625,49.25,47.25,48.0,61021683,16.47696876525879
2020-11-03,48.625,48.875,47.25,48.125,38653332,16.51987648010254
2020-11-04,48.25,49.875,47.875,49.5,43193577,16.99187660217285
2020-11-05,49.625,50.75,48.875,49.5,57051259,16.99187660217285
2020-11-06,49.75,51.0,49.5,50.875,51103471,17.463869094848633
2020-11-09,51.75,55.125,51.625,54.25,100130717,18.622406005859375
2020-11-10,54.75,55.5,48.875,49.875,141230801,17.120601654052734
2020-11-11,50.125,51.125,47.625,50.5,108738399,17.33514404296875
2020-11-12,50.75,50.75,48.0,48.75,62149601,16.734424591064453
2020-11-13,50.625,52.25,49.5,50.25,99011738,17.249326705932617
2020-11-16,51.0,51.625,50.25,51.25,39887276,17.59259605407715
2020-11-17,51.5,53.25,51.0,52.75,66156936,18.107501983642578
2020-11-18,53.625,56.25,53.375,56.25,113603494,19.308948516845703
2020-11-19,55.875,56.375,54.25,54.875,79883250,18.836952209472656
2020-11-20,54.5,56.75,54.25,56.375,66251007,19.351858139038086
2020-11-23,57.5,58.625,57.125,58.625,70629564,20.124216079711914
2020-11-24,59.625,60.375,57.75,57.875,63654852,19.866762161254883
2020-11-25,59.375,61.0,58.625,59.625,99183552,20.467483520507812
2020-11-26,60.75,62.25,60.0,61.625,109739913,21.15402603149414
2020-11-27,61.375,62.875,60.5,62.75,72794688,21.540203094482422
2020-11-30,63.25,63.625,61.75,61.75,71224811,21.19693374633789
2020-12-01,62.0,62.25,59.0,60.75,73961906,20.85366439819336
2020-12-02,61.625,62.875,60.5,61.625,55168062,21.15402603149414
2020-12-03,62.25,62.875,61.25,61.875,44611902,21.239845275878906
2020-12-04,62.125,62.25,60.375,60.5,49806235,20.767847061157227
2020-12-07,60.75,62.375,59.25,60.625,60885108,20.810754776000977
2020-12-08,63.75,66.625,62.5,66.625,156398397,22.87037467956543
2020-12-09,68.75,72.25,67.75,71.25,154056889,24.45800018310547
2020-12-10,71.75,73.375,70.75,72.25,110995193,24.801271438598633
2020-12-11,70.625,71.125,67.375,67.875,134319059,23.29946517944336
2020-12-14,70.0,74.0,69.375,73.625,133604118,25.273265838623047
2020-12-15,74.25,76.25,71.5,71.625,146219193,24.586727142333984
2020-12-16,73.5,75.25,71.875,74.125,92196525,25.444902420043945
2020-12-17,74.5,74.875,73.0,73.75,54724346,25.316177368164062
2020-12-18,75.0,78.375,74.625,76.5,159527796,26.26017189025879
2020-12-21,77.75,83.75,77.125,81.375,178364989,27.933612823486328
2020-12-22,80.375,83.125,73.5,75.5,173302689,25.916900634765625
2020-12-23,76.75,77.5,73.0,76.75,106519766,26.345985412597656
2020-12-24,79.25,79.625,77.0,77.5,74072237,26.603437423706055
2020-12-25,82.5,85.0,81.125,83.625,153760510,28.705970764160156
2020-12-28,86.875,91.875,86.5,91.875,84189847,31.537946701049805
2020-12-29,97.5,101.0,90.375,95.875,352268706,32.91102981567383
2020-12-30,95.0,97.25,91.75,95.5,149558657,32.78230285644531
2020-12-31,96.75,101.75,95.25,101.75,178587509,34.927738189697266
2021-01-04,105.875,111.875,105.375,111.875,205450606,38.403350830078125
2021-01-05,112.5,113.75,107.875,113.75,213546933,39.0469856262207
2021-01-06,111.875,115.5,105.625,106.375,225659620,36.5153694152832
2021-01-07,108.25,109.5,95.75,96.125,310278912,32.99684524536133
2021-01-08,96.25,101.875,93.0,100.75,219431754,34.58446502685547
2021-01-11,103.75,107.0,101.5,106.625,163255217,36.6011848449707
2021-01-12,106.875,106.875,96.25,96.375,225105275,33.082664489746094
2021-01-13,94.75,97.875,92.75,93.625,189401133,32.138671875
2021-01-14,94.375,98.75,94.25,95.125,140034693,32.65357971191406
2021-01-15,95.0,95.0,85.625,85.625,228364756,29.39251136779785
2021-01-18,82.5,86.75,78.125,85.0,232386766,29.177968978881836
2021-01-19,89.875,90.75,79.5,80.0,195222837,27.46161460876465
2021-01-20,80.75,81.0,75.0,76.125,175077333,26.131444931030273
2021-01-21,78.875,83.5,77.875,80.25,172135019,27.547435760498047
2021-01-22,81.125,88.125,78.75,87.5,174527413,30.036144256591797
2021-01-25,89.5,92.0,87.75,88.375,160975372,30.336503982543945
2021-01-26,87.75,89.0,82.75,84.125,122423324,28.877605438232422
2021-01-27,84.75,85.375,80.125,81.125,97388844,27.847795486450195
2021-01-28,79.0,84.0,78.0,83.0,102001307,28.491424560546875
2021-01-29,83.625,83.875,77.125,78.0,107430668,26.775074005126953
2021-02-01,77.5,80.0,75.5,78.0,87835626,26.775074005126953
2021-02-02,79.0,85.75,78.5,85.25,143737878,29.26378631591797
2021-02-03,85.375,88.0,82.875,83.875,158696089,28.79178810119629
2021-02-04,83.875,85.625,83.125,84.875,75403943,29.135059356689453
2021-02-05,85.625,86.125,83.75,84.25,57394090,28.920513153076172
2021-02-17,87.75,92.25,85.5,91.75,124383181,31.495038986206055
2021-02-18,92.5,97.25,92.25,93.625,177374201,32.138671875
2021-02-19,94.375,95.125,90.625,92.125,87257705,31.62376594543457
2021-02-22,98.0,99.125,96.25,98.5,164523401,33.81211471557617
2021-02-23,98.5,100.25,95.875,95.875,120747496,32.91102981567383
2021-02-24,96.5,97.375,91.875,91.875,99226885,31.537946701049805
2021-02-25,94.5,95.25,92.75,94.125,56493012,32.31031036376953
2021-02-26,92.5,95.875,90.875,94.875,83160223,32.56776428222656
2021-03-02,96.375,98.625,89.25,91.25,112136611,31.323406219482422
2021-03-03,93.25,95.25,90.75,95.125,62134988,32.65357971191406
2021-03-04,93.75,95.0,92.25,93.25,44813182,32.009944915771484
2021-03-05,92.25,94.875,91.75,93.25,46832688,32.009944915771484
2021-03-08,94.875,96.25,92.875,93.375,58899058,32.052852630615234
2021-03-09,93.75,96.0,91.875,96.0,59162929,32.95393753051758
2021-03-10,96.125,97.125,94.5,95.125,63502016,32.65357971191406
2021-03-11,98.625,98.75,95.375,95.375,89811370,32.73939514160156
2021-03-12,96.75,98.625,96.0,97.0,80569435,33.29720687866211
2021-03-15,98.375,100.0,97.625,100.0,98061782,34.32701873779297
2021-03-16,100.25,100.5,98.25,99.0,68986089,33.9837532043457
2021-03-17,99.625,101.25,99.0,100.25,62658800,34.41283416748047
2021-03-18,101.75,104.125,100.75,104.125,84984280,35.743011474609375
2021-03-19,102.875,106.875,102.75,104.25,110260236,35.785919189453125
2021-03-22,110.0,114.625,109.25,114.625,160281308,39.34734344482422
2021-03-23,117.25,119.0,105.5,106.875,235774704,36.6870002746582
2021-03-24,105.0,110.125,103.75,109.25,115462364,37.50226593017578
2021-03-25,108.375,108.5,104.0,104.25,117466153,35.785919189453125
2021-03-26,105.0,109.25,104.75,107.625,76395680,36.9444580078125
2021-03-29,107.5,112.125,106.5,109.5,89084954,37.58808517456055
2021-03-30,111.25,112.375,108.125,109.5,57801092,37.58808517456055
2021-03-31,110.5,117.0,110.0,113.75,135415811,39.0469856262207
2021-04-01,117.5,120.25,116.375,119.75,135765797,41.106605529785156
2021-04-07,122.875,129.25,120.75,126.25,143089652,43.337860107421875
2021-04-08,126.75,131.75,125.25,130.75,110184521,44.88257598876953
2021-04-09,131.25,131.75,122.5,125.0,155124527,42.90877151489258
2021-04-12,132.25,137.5,130.25,137.5,139929720,47.19965362548828
2021-04-13,138.25,147.5,135.0,142.25,171111576,48.8301887512207
2021-04-14,146.5,151.0,135.5,149.75,251670150,51.40470886230469
2021-04-15,147.5,151.0,145.5,147.5,113757087,50.632354736328125
2021-04-16,149.75,160.75,147.0,158.25,132667868,54.322505950927734
2021-04-19,162.5,173.75,161.75,170.0,173465103,58.35593795776367
2021-04-20,172.5,173.25,165.0,172.5,134061144,59.214107513427734
2021-04-21,173.75,189.75,170.5,189.75,174126550,65.13552856445312
2021-04-22,197.25,207.5,179.75,182.25,306298843,62.56099319458008
2021-04-23,186.25,190.5,168.75,174.75,231994276,59.98646926879883
2021-04-26,179.5,192.0,178.0,192.0,157010182,65.90787506103516
2021-04-27,196.25,202.25,191.25,193.75,234162020,66.50859069824219
2021-04-28,197.75,201.0,189.75,192.0,146715626,65.90787506103516
2021-04-29,194.5,197.5,186.5,197.5,130028659,67.79586791992188
2021-05-03,210.0,217.25,204.0,216.5,220551741,74.31800079345703
2021-05-04,216.5,222.75,195.0,195.0,271183337,66.93769836425781
2021-05-05,192.5,206.0,186.0,199.75,193079702,68.56822204589844
2021-05-06,210.0,213.75,197.0,202.75,174877359,69.59803771972656
2021-05-07,210.0,212.5,201.25,212.5,140746054,72.94491577148438
2021-05-10,221.25,233.75,218.25,233.75,175644784,80.2394027709961
2021-05-11,229.0,250.0,222.75,239.0,331014988,82.04157257080078
2021-05-12,233.75,238.75,215.25,215.25,176281330,73.888916015625
2021-05-13,193.75,212.5,193.75,193.75,200015594,66.50859069824219
2021-05-14,196.25,199.75,174.5,175.25,250614620,60.158103942871094
2021-05-17,162.5,175.0,157.75,157.75,205105031,54.150875091552734
2021-05-18,169.5,173.5,163.0,173.5,105562939,59.557376861572266
2021-05-19,181.0,190.75,180.25,190.75,169941668,65.47879028320312
2021-05-20,190.75,205.5,187.5,192.5,313730345,66.07950592041016
2021-05-21,202.5,211.75,200.25,211.75,236669467,72.68746185302734
2021-05-24,213.25,228.5,208.25,216.0,283680797,74.14635467529297
2021-05-25,223.75,226.25,195.0,206.0,259902610,70.71365356445312
2021-05-26,208.5,217.5,198.75,214.0,233845306,73.4598159790039
2021-05-27,217.0,224.5,214.0,219.25,230091596,75.2619857788086
2021-05-28,223.75,241.0,219.25,241.0,277293327,82.72811889648438
2021-05-31,248.75,263.75,241.5,246.5,267915110,84.61610412597656
2021-06-01,253.75,270.0,245.5,270.0,216669151,92.68295288085938
2021-06-02,275.0,288.75,271.25,276.25,277290146,94.82838439941406
2021-06-03,285.0,302.5,281.25,297.5,224272185,102.12288665771484
2021-06-04,297.5,303.75,290.0,291.25,176064390,99.97743225097656
2021-06-07,297.5,301.25,262.5,276.25,267290158,94.82838439941406
2021-06-08,276.25,290.0,276.25,288.75,132049341,99.11927032470703
2021-06-09,300.0,301.25,285.0,290.0,190606127,99.54837036132812
2021-06-10,293.75,296.25,270.0,283.75,183662804,97.40291595458984
2021-06-11,288.75,310.0,285.0,310.0,222727181,106.41374969482422
2021-06-15,317.5,340.0,313.75,340.0,227010725,116.71187591552734
2021-06-16,345.0,368.75,330.0,333.75,405588453,114.56644439697266
2021-06-17,333.75,341.25,317.5,341.25,197761976,117.14093780517578
2021-06-18,333.75,356.25,332.5,350.0,59223407,120.14457702636719
2021-06-21,347.5,383.75,347.5,380.0,60108668,130.4426727294922
2021-06-22,396.25,400.0,372.5,383.75,58126097,131.72994995117188
2021-06-23,370.0,376.25,346.25,346.25,68813498,118.85731506347656
2021-06-24,341.25,380.0,340.0,380.0,53485425,130.4426727294922
2021-06-25,392.5,400.0,377.5,400.0,53838562,137.30807495117188
2021-06-28,420.0,440.0,420.0,440.0,36923025,151.03887939453125
2021-06-29,450.0,462.5,425.0,448.75,58946898,154.04249572753906
2021-06-30,453.75,492.5,453.75,492.5,49854322,169.06056213378906
2021-07-01,510.0,540.0,487.5,532.5,65657654,182.79136657714844
2021-07-02,532.5,547.5,500.0,516.25,217246595,177.21324157714844
2021-07-05,542.5,545.0,493.75,542.5,191153488,186.2240753173828
2021-07-06,546.25,582.5,530.0,560.0,210542660,192.23130798339844
2021-07-07,538.75,551.25,505.0,505.0,31351452,173.3514404296875
2021-07-08,505.0,532.5,455.0,518.75,37133774,178.07142639160156
2021-07-09,467.5,503.75,467.5,467.5,40588118,160.4788055419922
2021-07-12,487.5,493.75,436.25,457.5,24387278,157.04611206054688
2021-07-13,467.5,467.5,412.5,412.5,31747503,141.5989532470703
2021-07-14,390.0,392.5,371.25,371.25,53835501,127.43907165527344
2021-07-15,385.0,407.5,385.0,407.5,20223119,139.88259887695312
2021-07-16,420.0,447.5,420.0,446.25,31780493,153.184326171875
2021-07-19,465.0,472.5,458.75,465.0,18714040,159.62063598632812
2021-07-20,457.5,457.5,420.0,423.75,24074853,145.46075439453125
2021-07-21,450.0,458.75,382.5,387.5,254244228,133.01718139648438
2021-07-22,393.75,393.75,348.75,358.75,246401008,123.14818572998047
2021-07-23,368.75,392.5,350.0,385.0,212535496,132.1590118408203
2021-07-26,381.25,383.75,350.0,351.25,150019795,120.57365417480469
2021-07-27,333.75,343.75,316.25,316.25,207084269,108.55918884277344
2021-07-28,316.25,332.5,291.25,328.75,268536363,112.85006713867188
2021-07-29,340.0,361.25,328.75,361.25,231659698,124.00635528564453
2021-07-30,362.5,376.25,327.5,330.0,309622664,113.27915954589844
2021-08-02,332.5,361.25,308.75,353.75,261267825,121.43182373046875
2021-08-03,351.25,366.25,343.75,352.5,228675718,121.00274658203125
2021-08-04,352.5,362.5,351.25,358.75,120366830,123.14818572998047
2021-08-05,358.75,361.25,342.5,346.25,109835216,118.85731506347656
2021-08-06,345.0,372.5,342.5,355.0,193181727,121.86091613769531
2021-08-09,357.5,368.75,355.0,356.25,134569070,122.28999328613281
2021-08-10,367.5,371.25,345.0,348.75,164440498,119.71548461914062
2021-08-11,350.0,353.75,316.25,330.0,202518524,113.27915954589844
2021-08-12,336.25,342.5,326.25,342.5,123148003,117.5700454711914
2021-08-13,343.75,348.75,326.25,326.25,85264154,111.99190521240234
2021-08-16,331.25,337.5,322.5,326.25,66177422,111.99190521240234
2021-08-17,326.25,326.25,326.25,326.25,0,111.99190521240234
2021-08-18,310.0,340.0,303.75,340.0,109188963,118.97894287109375
2021-08-19,340.0,346.25,318.75,320.0,124973126,111.98017883300781
2021-08-20,328.75,335.0,321.25,331.25,89987477,115.91698455810547
2021-08-23,345.0,363.75,342.5,360.0,131738220,125.97771453857422
2021-08-24,367.5,370.0,347.5,350.0,143512999,122.47831726074219
2021-08-25,352.5,363.75,346.25,360.0,80488590,125.97771453857422
2021-08-26,358.75,362.5,347.5,356.25,75062261,124.6654281616211
2021-08-27,351.25,361.25,347.5,352.5,52102883,123.3531723022461
2021-08-30,356.25,358.75,350.0,350.0,37890758,122.47831726074219
2021-08-31,352.5,355.0,338.75,340.0,53776077,118.97894287109375
2021-09-01,341.25,343.75,316.25,321.25,111739578,112.41761016845703
2021-09-02,315.0,328.75,310.0,323.75,78234568,113.29243469238281
2021-09-03,326.25,327.5,306.25,313.75,91375667,109.79305267333984
2021-09-06,312.5,313.75,295.0,295.0,80227386,103.2317123413086
2021-09-07,305.0,322.5,303.75,320.0,121169737,111.98017883300781
2021-09-08,317.5,321.25,311.25,315.0,73858902,110.23049926757812
2021-09-09,318.75,322.5,313.75,316.25,55171837,110.66790771484375
2021-09-10,315.0,336.25,313.75,333.75,81520037,116.79181671142578
2021-09-13,336.25,342.5,330.0,330.0,79679711,115.47956085205078
2021-09-14,333.75,336.25,307.5,308.75,82022919,108.04337310791016
2021-09-15,311.25,315.0,298.75,311.25,76078276,108.918212890625
2021-09-16,313.75,313.75,308.75,310.0,28631146,108.48078918457031
2021-09-17,312.5,322.5,310.0,320.0,46218257,111.98017883300781
2021-09-22,310.0,318.75,310.0,312.5,34751086,109.35564422607422
2021-09-23,320.0,323.75,317.5,318.75,31557678,111.54275512695312
2021-09-24,323.75,338.75,323.75,335.0,74969747,117.22924041748047
2021-09-27,341.25,346.25,327.5,328.75,80947557,115.04212188720703
2021-09-28,317.5,320.0,312.5,313.75,66913829,109.79305267333984
2021-09-29,303.75,315.0,303.75,307.5,49770821,107.60594940185547
2021-09-30,312.5,317.5,307.5,315.0,31842729,110.23049926757812
2021-10-01,306.25,307.5,283.75,283.75,124308272,99.29491424560547
2021-10-04,285.0,286.25,256.25,256.25,128959231,89.67162322998047
2021-10-05,242.75,262.5,239.5,257.5,132177284,90.10904693603516
2021-10-06,261.25,261.25,243.75,244.5,90137213,85.55985260009766
2021-10-07,253.75,266.25,250.0,256.25,102303380,89.67162322998047
2021-10-08,257.5,260.0,248.0,250.0,58250534,87.48451232910156
2021-10-12,241.75,246.75,225.0,226.25,101594630,79.1734848022461
2021-10-13,235.0,241.0,231.0,232.25,79016699,81.27310943603516
2021-10-14,237.75,246.25,229.25,238.25,97262139,83.37274169921875
2021-10-15,239.5,241.0,233.75,234.75,56239062,82.14795684814453
2021-10-18,229.0,231.0,213.75,231.0,109832310,80.83568572998047
2021-10-19,232.0,237.0,229.25,229.25,55016931,80.2232894897461
2021-10-20,232.0,236.25,228.25,228.5,43127483,79.96084594726562
2021-10-21,231.25,235.5,229.75,230.5,36248201,80.66072845458984
2021-10-22,232.25,233.25,222.5,223.0,54780895,78.03618621826172
2021-10-25,220.75,242.0,220.5,238.25,83641868,83.37274169921875
2021-10-26,240.25,243.0,234.25,237.75,57657568,83.19776916503906
2021-10-27,235.0,237.25,231.75,232.0,42900819,81.18563079833984
2021-10-28,232.75,241.25,232.75,233.0,48649103,81.53556823730469
2021-10-29,237.0,253.75,236.5,248.75,90324307,87.0470962524414
2021-11-01,255.0,260.0,250.0,251.25,58101563,87.92193603515625
2021-11-02,256.25,268.75,252.5,262.5,72723779,91.8587417602539
2021-11-03,266.25,286.25,266.25,280.0,122443842,97.98265075683594
2021-11-04,290.0,292.5,272.5,273.75,98522240,95.79553985595703
2021-11-05,275.0,285.0,270.0,285.0,76241166,99.73234558105469
2021-11-08,296.25,310.0,286.25,310.0,141156146,108.48078918457031
2021-11-09,305.0,316.25,300.0,305.0,97050818,106.7311019897461
2021-11-10,302.5,311.25,298.75,300.0,72504570,104.9814224243164
2021-11-11,301.25,306.25,270.0,273.75,111465569,95.79553985595703
2021-11-12,281.25,287.5,271.25,278.75,65173723,97.54524230957031
2021-11-15,286.25,288.75,276.25,280.0,41926462,97.98265075683594
2021-11-16,280.0,298.75,277.5,298.75,65710336,104.54399108886719
2021-11-17,300.0,301.25,290.0,292.5,61524311,102.35688018798828
2021-11-18,293.75,303.75,291.25,297.5,49820627,104.10657501220703
2021-11-19,300.0,305.0,290.0,292.5,51874054,102.35688018798828
2021-11-22,296.25,305.0,293.75,298.75,50450312,104.54399108886719
2021-11-23,300.0,305.0,297.5,298.75,42053372,104.54399108886719
2021-11-24,300.0,302.5,295.0,300.0,27817273,104.9814224243164
2021-11-25,302.5,315.0,301.25,311.25,72699243,108.918212890625
2021-11-26,311.25,315.0,295.0,296.25,83268288,103.66915130615234
2021-11-29,300.0,307.5,297.5,300.0,65951269,104.9814224243164
2021-11-30,308.75,312.5,306.25,311.25,48135949,108.918212890625
2021-12-01,312.5,315.0,307.5,311.25,38952317,108.918212890625
2021-12-02,312.5,338.75,311.25,332.5,133912314,116.35440063476562
2021-12-03,338.75,342.5,330.0,333.75,90621489,116.79181671142578
2021-12-06,341.25,355.0,340.0,352.5,96628852,123.3531723022461
2021-12-07,355.0,366.25,350.0,360.0,108949683,125.97771453857422
2021-12-08,367.5,372.5,356.25,358.75,94156469,125.540283203125
2021-12-09,363.75,366.25,355.0,365.0,52007908,127.72740936279297
2021-12-10,358.75,360.0,347.5,350.0,78605247,122.47831726074219
2021-12-13,353.75,357.5,350.0,350.0,37634783,122.47831726074219
2021-12-14,351.25,355.0,332.5,332.5,77807352,116.35440063476562
2021-12-15,335.0,346.25,333.75,345.0,47474398,120.72862243652344
2021-12-16,352.5,355.0,346.25,352.5,45699337,123.3531723022461
2021-12-17,351.25,360.0,350.0,351.25,43494088,122.9157485961914
2021-12-20,352.5,356.25,341.25,347.5,35922766,121.60346221923828
2021-12-21,350.0,353.75,341.25,353.75,38216909,123.79058837890625
2021-12-22,355.0,355.0,350.0,350.0,21880601,122.47831726074219
2021-12-23,353.75,355.0,347.5,347.5,20897356,121.60346221923828
2021-12-24,351.25,355.0,345.0,347.5,21848171,121.60346221923828
2021-12-27,351.25,351.25,346.25,348.75,14468049,122.0408935546875
2021-12-28,352.5,362.5,351.25,358.75,49639788,125.540283203125
2021-12-29,362.5,366.25,358.75,360.0,31887622,125.97771453857422
2021-12-30,362.5,362.5,352.5,356.25,33780643,124.6654281616211
2022-01-03,356.25,357.5,332.5,348.75,74894548,122.0408935546875
2022-01-04,348.75,352.5,345.0,351.25,27130912,122.9157485961914
2022-01-05,351.25,360.0,347.5,352.5,30923580,123.3531723022461
2022-01-06,348.75,361.25,347.5,357.5,37300349,125.10285949707031
2022-01-07,360.0,362.5,347.5,351.25,42279051,122.9157485961914
2022-01-10,348.75,355.0,337.5,341.25,54600708,119.41635131835938
2022-01-11,340.0,343.75,333.75,335.0,39013042,117.22924041748047
2022-01-12,338.75,340.0,320.0,321.25,62042207,112.41761016845703
2022-01-13,321.25,326.25,315.0,315.0,37788272,110.23049926757812
2022-01-14,316.25,330.0,310.0,330.0,55660478,115.47956085205078
2022-01-17,326.25,327.5,317.5,317.5,42559532,111.1053237915039
2022-01-18,313.75,322.5,311.25,317.5,34666815,111.1053237915039
2022-01-19,313.75,320.0,302.5,306.25,53173228,107.16853332519531
2022-01-20,306.25,312.5,302.5,310.0,28452358,108.48078918457031
2022-01-21,305.0,306.25,288.75,288.75,71028154,101.04462432861328
2022-01-24,280.0,291.25,276.25,287.5,61013830,100.6072006225586
2022-01-25,285.0,285.0,275.0,275.0,41419217,96.23296356201172
2022-01-26,277.5,286.25,277.5,282.5,30841950,98.85749816894531
2022-02-07,288.75,310.0,287.5,310.0,56831972,108.48078918457031
2022-02-08,311.25,333.75,308.75,322.5,101460510,112.85501098632812
2022-02-09,328.75,332.5,320.0,322.5,46548462,112.85501098632812
2022-02-10,328.75,332.5,321.25,330.0,44579196,115.47956085205078
2022-02-11,333.75,337.5,327.5,328.75,61346198,115.04212188720703
2022-02-14,328.75,338.75,325.0,325.0,56169684,113.72987365722656
2022-02-15,328.75,332.5,325.0,330.0,26797529,115.47956085205078
2022-02-16,337.5,338.75,332.5,333.75,34191098,116.79181671142578
2022-02-17,335.0,341.25,332.5,333.75,42334650,116.79181671142578
2022-02-18,332.5,355.0,330.0,353.75,79461471,123.79058837890625
2022-02-21,357.5,368.75,357.5,367.5,99109717,128.60223388671875
2022-02-22,363.75,367.5,338.75,356.25,118977206,124.6654281616211
2022-02-23,362.5,370.0,361.25,362.5,61905765,126.8525390625
2022-02-24,353.75,367.5,346.25,353.75,101190263,123.79058837890625
2022-02-25,366.25,367.5,357.5,358.75,58426818,125.540283203125
2022-03-01,365.0,377.5,361.25,376.25,89985622,131.66419982910156
2022-03-02,375.0,385.0,372.5,378.75,75775397,132.53903198242188
2022-03-03,386.25,406.25,383.75,401.25,91383741,140.4126434326172
2022-03-04,403.75,427.5,397.5,397.5,171683996,139.10037231445312
2022-03-07,401.25,405.0,377.5,377.5,134593268,132.10162353515625
2022-03-08,370.0,383.75,346.25,367.5,155439766,128.60223388671875
2022-03-09,381.25,390.0,372.5,390.0,104500609,136.47584533691406
2022-03-10,402.5,406.25,390.0,390.0,97075180,136.47584533691406
2022-03-11,387.5,400.0,387.5,400.0,77417141,139.9752197265625
2022-03-14,406.25,415.0,405.0,411.25,84776113,143.9120330810547
2022-03-15,412.5,417.5,393.75,395.0,119569207,138.2255401611328
2022-03-16,401.25,408.75,356.25,357.5,211888739,125.10285949707031
2022-03-17,365.0,370.0,346.25,366.25,124383133,128.16481018066406
2022-03-18,362.5,363.75,350.0,352.5,65771991,123.3531723022461
2022-03-21,352.5,362.5,346.25,361.25,51182108,126.41512298583984
2022-03-22,360.0,363.75,356.25,356.25,29639216,124.6654281616211
2022-03-23,358.75,362.5,353.75,358.75,27507834,125.540283203125
2022-03-24,356.25,360.0,351.25,351.25,33766215,122.9157485961914
2022-03-25,350.0,350.0,331.25,331.25,65503518,115.91698455810547
2022-03-28,320.0,336.25,317.5,332.5,37343796,116.35440063476562
2022-03-29,335.0,343.75,335.0,337.5,24376151,118.10409545898438
2022-03-30,340.0,341.25,333.75,337.5,22628748,118.10409545898438
2022-03-31,338.75,342.5,333.75,337.5,15435413,118.10409545898438
2022-04-01,335.0,346.25,333.75,346.25,27459704,121.16605377197266
2022-04-06,337.5,338.75,332.5,333.75,30262213,116.79181671142578
2022-04-07,327.5,333.75,321.25,321.25,29730202,112.41761016845703
2022-04-08,327.5,341.25,326.25,338.75,38354743,118.54151153564453
2022-04-11,341.25,346.25,338.75,340.0,35852412,118.97894287109375
2022-04-12,341.25,342.5,330.0,336.25,30719400,117.66667175292969
2022-04-13,341.25,351.25,340.0,350.0,40758497,122.47831726074219
2022-04-14,351.25,355.0,345.0,345.0,29431867,120.72862243652344
2022-04-15,342.5,355.0,342.5,353.75,30935385,123.79058837890625
2022-04-18,352.5,353.75,345.0,345.0,22670434,120.72862243652344
2022-04-19,350.0,356.25,348.75,353.75,24934894,123.79058837890625
2022-04-20,357.5,361.25,355.0,358.75,38708922,125.540283203125
2022-04-21,362.5,368.75,362.5,363.75,30204327,127.28997039794922
2022-04-22,361.25,372.5,358.75,368.75,32538712,129.03965759277344
2022-04-25,360.0,362.5,347.5,348.75,55642333,122.0408935546875
2022-04-26,352.5,356.25,347.5,347.5,19784091,121.60346221923828
2022-04-27,335.0,351.25,332.5,350.0,36207641,122.47831726074219
2022-04-28,355.0,355.0,345.0,345.0,24533039,120.72862243652344
2022-04-29,351.25,363.75,350.0,362.5,45315784,126.8525390625
2022-05-03,365.0,366.25,360.0,366.25,28336690,128.16481018066406
2022-05-04,371.25,382.5,371.25,378.75,46099772,132.53903198242188
2022-05-05,385.0,388.75,376.25,381.25,48537524,133.41387939453125
2022-05-06,373.75,386.25,371.25,385.0,49897132,134.7261505126953
2022-05-09,381.25,385.0,367.5,367.5,57719124,128.60223388671875
2022-05-10,357.5,376.25,356.25,372.5,46069572,130.35191345214844
2022-05-11,371.25,375.0,361.25,361.25,32680232,126.41512298583984
2022-05-12,363.75,368.75,347.5,347.5,48166747,121.60346221923828
2022-05-13,356.25,360.0,355.0,358.75,25901423,125.540283203125
2022-05-16,357.5,357.5,341.25,343.75,50804357,120.29120635986328
2022-05-17,345.0,348.75,337.5,338.75,32662455,118.54151153564453
2022-05-18,343.75,346.25,342.5,343.75,20390631,120.29120635986328
2022-05-19,335.0,341.25,325.0,340.0,52910297,118.97894287109375
2022-05-20,342.5,346.25,336.25,337.5,28549050,118.10409545898438
2022-05-23,345.0,367.5,343.75,360.0,74971930,125.97771453857422
2022-05-24,363.75,366.25,355.0,355.0,37327597,124.22801208496094
2022-05-25,361.25,365.0,353.75,357.5,27564892,125.10285949707031
2022-05-26,361.25,362.5,352.5,355.0,18652718,124.22801208496094
2022-05-27,361.25,363.75,356.25,361.25,23139628,126.41512298583984
2022-05-30,363.75,365.0,360.0,360.0,23696416,125.97771453857422
2022-05-31,362.5,365.0,351.25,351.25,34560801,122.9157485961914
2022-06-01,353.75,362.5,352.5,361.25,25381428,126.41512298583984
2022-06-02,358.75,362.5,356.25,361.25,14272495,126.41512298583984
2022-06-06,365.0,370.0,358.75,358.75,28757886,125.540283203125
2022-06-07,360.0,363.75,357.5,361.25,13035128,126.41512298583984
2022-06-08,363.75,366.25,360.0,363.75,18960191,127.28997039794922
2022-06-09,350.0,355.0,348.75,350.0,45914854,122.47831726074219
2022-06-10,346.25,350.0,342.5,347.5,22272366,121.60346221923828
2022-06-13,335.0,336.25,325.0,326.25,44029320,114.16728973388672
2022-06-14,322.5,330.0,321.25,328.75,42198541,115.04212188720703
2022-06-15,328.75,331.25,320.0,320.0,34874832,111.98017883300781
2022-06-16,325.0,326.25,297.5,298.75,77603788,104.54399108886719
2022-06-17,296.25,302.5,291.25,298.75,57691048,104.54399108886719
2022-06-20,300.0,300.0,271.25,273.75,84319936,95.79553985595703
2022-06-21,280.0,282.5,271.25,275.0,53628255,96.23296356201172
2022-06-22,275.0,275.0,252.5,255.0,104812690,89.23420715332031
2022-06-23,256.25,258.75,240.25,240.25,85582410,84.07261657714844
2022-06-24,247.25,256.25,244.0,246.75,56173730,86.34721374511719
2022-06-27,255.0,271.25,255.0,271.25,70700304,94.92069244384766
2022-06-28,268.75,275.0,261.25,271.25,105185243,94.92069244384766
2022-06-29,233.75,239.25,222.5,222.5,139126565,93.34741973876953
2022-06-30,221.5,221.75,211.25,211.5,66132303,88.73249816894531
2022-07-01,213.5,216.75,199.25,199.5,74497432,83.69802856445312
2022-07-04,201.25,207.25,198.0,206.25,51253530,86.5299072265625
2022-07-05,213.0,226.25,205.0,219.25,77993691,91.98391723632812
2022-07-06,216.0,224.25,214.0,214.5,57248814,89.9911117553711
2022-07-07,217.0,223.25,213.0,221.0,50181764,92.7181167602539
2022-07-08,230.75,236.75,230.25,231.75,69465264,97.2281494140625
2022-07-11,233.5,234.75,229.0,230.75,34001041,96.8086166381836
2022-07-12,222.75,224.0,210.0,215.25,57505202,90.3057632446289
2022-07-13,224.5,226.0,217.75,217.75,40093907,91.3546142578125
2022-07-14,219.0,227.25,218.75,226.5,40234027,95.02558135986328
2022-07-15,226.5,227.0,222.75,223.25,29728232,93.66207122802734
2022-07-18,224.75,228.0,222.75,223.25,19967510,93.66207122802734
2022-07-19,225.25,233.0,225.25,229.0,44361794,96.07443237304688
2022-07-20,232.5,233.0,223.25,224.25,36883745,94.08161163330078
2022-07-21,226.25,232.5,226.25,232.5,37321696,97.54281616210938
2022-07-22,234.75,239.25,231.75,235.5,36847176,98.80142974853516
2022-07-25,234.5,234.5,227.0,230.25,30048212,96.59884643554688
2022-07-26,228.75,233.0,226.25,229.25,20682157,96.1792984008789
2022-07-27,230.5,235.5,230.25,235.0,24470310,98.59166717529297
2022-07-28,236.5,237.0,229.25,230.0,27870665,96.49396514892578
2022-07-29,234.75,242.0,234.5,238.75,49026750,100.16492462158203
2022-08-01,239.75,242.0,236.25,241.5,23704860,101.31865692138672
2022-08-02,237.5,237.5,232.5,233.25,36479588,97.85746765136719
2022-08-03,236.0,236.75,231.75,233.0,22490750,97.75257873535156
2022-08-04,233.0,235.25,230.0,235.0,23928064,98.59166717529297
2022-08-05,240.5,248.25,239.75,248.0,49396269,104.04566955566406
2022-08-08,245.5,255.0,242.5,252.5,44500183,105.93358612060547
2022-08-09,252.5,265.0,250.0,262.5,51986710,110.12898254394531
2022-08-10,260.0,265.0,256.25,257.5,38486643,108.03128051757812
2022-08-11,262.5,266.25,256.25,257.5,37829041,108.03128051757812
2022-08-12,258.75,261.25,256.25,260.0,19838119,109.08013153076172
2022-08-15,256.25,257.5,248.75,248.75,47379060,104.36032104492188
2022-08-16,247.5,250.0,242.75,242.75,31626611,101.84308624267578
2022-08-17,245.0,250.0,245.0,245.75,30623702,103.10169982910156
2022-08-18,244.75,248.5,243.75,244.5,17526966,102.57727813720703
2022-08-19,246.75,247.25,244.0,245.0,14449179,102.78704833984375
2022-08-22,240.75,242.0,236.0,240.0,20899200,100.6893539428711
2022-08-23,236.5,240.25,236.25,237.75,15534730,99.7453842163086
2022-08-24,237.75,239.25,230.25,230.25,26104063,96.59884643554688
2022-08-25,232.75,236.0,231.5,233.0,15988163,97.75257873535156
2022-08-26,235.75,236.75,233.75,233.75,13116780,98.06723022460938
2022-08-29,220.0,222.75,216.25,219.75,34360094,92.19368743896484
2022-08-30,220.25,222.0,219.0,220.0,13429377,92.29856872558594
2022-08-31,218.0,222.5,213.75,220.75,30983478,92.61322784423828
2022-09-01,218.0,219.5,215.5,215.5,20719422,90.41064453125
2022-09-02,215.0,215.0,199.25,199.25,47026495,83.5931396484375
2022-09-05,197.0,204.0,196.25,200.0,27616966,83.90779113769531
2022-09-06,203.75,205.75,200.5,202.0,10179463,84.74687194824219
2022-09-07,202.0,202.0,202.0,202.0,0,84.74687194824219
2022-09-08,202.0,202.0,202.0,202.0,0,84.74687194824219
2022-09-12,202.0,202.0,202.0,202.0,0,84.74687194824219
2022-09-13,202.0,202.0,202.0,202.0,0,84.74687194824219
2022-09-14,202.0,202.0,202.0,202.0,0,84.74687194824219
2022-09-15,202.0,202.0,202.0,202.0,0,84.74687194824219
2022-09-16,202.0,202.0,202.0,202.0,0,84.74687194824219
2022-09-19,185.5,186.0,169.0,169.0,67824165,70.90208435058594
2022-09-20,171.5,173.0,167.5,172.5,44902449,72.37046813964844
2022-09-21,172.0,173.5,166.5,166.5,60601012,69.85324096679688
2022-09-22,163.5,164.5,154.0,156.0,75967693,65.44808959960938
2022-09-23,155.5,162.0,155.5,158.0,53980374,66.28716278076172
2022-09-26,154.0,155.0,145.5,145.5,80056051,61.04291915893555
2022-09-27,149.5,155.0,147.5,153.5,58332736,64.39923095703125
2022-09-28,152.0,152.5,143.5,144.0,61723199,60.41361618041992
2022-09-29,148.0,151.5,144.0,144.0,48119170,60.41361618041992
2022-09-30,139.0,147.0,137.5,146.0,55165166,61.252689361572266
2022-10-03,146.0,154.0,145.5,149.5,68369520,62.7210693359375
2022-10-04,155.0,156.0,149.0,150.5,50247996,63.14060974121094
2022-10-05,152.0,158.5,151.5,155.5,55155503,65.2383041381836
2022-10-06,154.5,156.0,150.0,155.5,47663784,65.2383041381836
2022-10-07,153.5,157.5,152.5,155.5,28527465,65.2383041381836
2022-10-11,153.5,158.0,153.0,156.0,43962542,65.44808959960938
2022-10-12,155.5,156.0,147.0,147.0,58550119,61.67222595214844
2022-10-13,149.0,150.0,143.5,144.5,34130624,60.623382568359375
2022-10-14,149.5,154.0,146.5,152.5,51922445,63.97969055175781
2022-10-17,149.0,149.0,137.5,140.0,79179260,58.735450744628906
2022-10-18,142.0,145.0,140.5,141.0,49153430,59.15499496459961
2022-10-19,142.5,146.5,141.5,144.0,46834621,60.41361618041992
2022-10-20,139.0,140.0,132.5,137.0,62619855,57.47683334350586
2022-10-21,136.0,138.5,135.5,135.5,33493109,56.84752655029297
2022-10-24,140.5,143.5,137.0,137.5,43133460,57.686607360839844
2022-10-25,138.5,140.5,136.0,139.0,30408935,58.315914154052734
2022-10-26,138.0,139.5,133.5,139.0,47428958,58.315914154052734
2022-10-27,140.5,142.5,137.0,142.5,31515005,59.7843017578125
2022-10-28,140.0,141.5,136.0,137.5,30413622,57.686607360839844
2022-10-31,135.5,137.5,132.0,137.5,42037271,57.686607360839844
2022-11-01,138.0,138.5,134.0,135.0,28390416,56.637760162353516
2022-11-02,138.0,141.5,136.0,137.0,47039080,57.47683334350586
2022-11-03,132.0,136.0,131.5,135.0,34074404,56.637760162353516
2022-11-04,133.5,139.0,133.0,139.0,34982129,58.315914154052734
2022-11-07,144.0,145.0,141.0,143.5,52448330,60.20383834838867
2022-11-08,146.5,152.0,144.0,147.5,54107970,61.881988525390625
2022-11-09,149.0,150.0,147.0,148.5,34426079,62.30154037475586
2022-11-10,147.0,152.5,146.5,151.0,38621243,63.35037612915039
2022-11-11,158.0,159.0,149.5,150.0,60946623,62.93084716796875
2022-11-14,150.5,156.0,149.5,155.5,47117704,65.2383041381836
2022-11-15,157.5,157.5,152.0,155.0,31346168,65.02853393554688
2022-11-16,155.0,157.0,153.5,154.5,29778699,64.81877136230469
2022-11-17,155.0,157.0,153.5,154.0,20296993,64.60900115966797
2022-11-18,154.5,155.0,150.0,150.5,21126662,63.14060974121094
2022-11-21,150.0,150.0,147.0,147.5,21562418,61.881988525390625
2022-11-22,147.0,151.0,146.5,150.5,16170485,63.14060974121094
2022-11-23,152.0,154.5,151.5,153.5,21824918,64.39923095703125
2022-11-24,155.0,162.0,152.5,161.0,40224075,67.54578399658203
2022-11-25,161.0,165.0,159.5,160.5,39798100,67.33600616455078
2022-11-28,159.5,162.5,157.0,157.5,30359503,66.077392578125
2022-11-29,157.5,162.0,155.5,161.0,20697426,67.54578399658203
2022-11-30,160.0,163.5,159.0,163.0,21110692,68.38484954833984
2022-12-01,165.5,167.0,161.5,162.0,25706280,67.96531677246094
2022-12-02,160.5,162.5,158.5,158.5,19367632,66.49693298339844
2022-12-05,158.0,161.5,158.0,159.0,20934223,66.70670318603516
2022-12-06,158.0,160.0,152.5,152.5,30171797,63.97969055175781
2022-12-07,151.0,154.5,149.5,151.5,22814493,63.56016159057617
2022-12-08,150.5,152.0,148.5,151.0,14132124,63.35037612915039
2022-12-09,151.5,155.0,151.0,154.5,16608098,64.81877136230469
2022-12-12,153.0,156.0,152.0,154.5,11976863,64.81877136230469
2022-12-13,156.5,158.0,153.5,155.0,22067912,65.02853393554688
2022-12-14,155.0,155.5,151.0,152.0,22547689,63.76991653442383
2022-12-15,152.5,157.0,152.5,157.0,21657961,65.86760711669922
2022-12-16,154.5,170.0,154.0,164.0,81350779,68.80439758300781
2022-12-19,164.5,167.5,160.0,162.0,43931274,67.96531677246094
2022-12-20,162.0,166.0,158.0,158.5,38151949,66.49693298339844
2022-12-21,161.0,165.5,160.0,164.0,38085074,68.80439758300781
2022-12-22,167.0,172.0,165.5,171.5,60855886,71.95093536376953
2022-12-23,169.0,170.5,165.5,167.5,36715409,70.27277374267578
2022-12-26,168.5,168.5,162.5,162.5,23661784,68.17508697509766
2022-12-27,164.0,167.0,162.0,162.5,19106328,68.17508697509766
2022-12-28,162.0,164.0,159.0,159.0,20189077,66.70670318603516
2022-12-29,159.0,161.0,157.5,160.0,17346004,67.12623596191406
2022-12-30,161.5,164.5,161.5,163.0,21686678,68.38484954833984
2023-01-03,163.0,164.0,160.0,160.0,23603780,67.12623596191406
2023-01-04,161.0,161.5,156.0,156.0,25203463,65.44808959960938
2023-01-05,158.0,160.5,156.5,156.5,20371487,65.65785217285156
2023-01-06,158.0,159.5,156.0,159.0,12082461,66.70670318603516
2023-01-09,158.0,158.5,154.5,155.0,33000304,65.02853393554688
2023-01-10,155.5,157.5,155.0,155.5,12539289,65.2383041381836
2023-01-11,157.0,160.0,156.5,156.5,19372242,65.65785217285156
2023-01-12,157.5,158.0,152.5,152.5,21891580,63.97969055175781
2023-01-13,154.0,154.5,152.5,152.5,13580480,63.97969055175781
2023-01-16,153.0,153.5,149.5,151.5,17000205,63.56016159057617
2023-01-17,153.5,155.5,152.0,152.5,17135992,63.97969055175781
2023-01-30,153.0,153.5,150.0,150.5,20560721,63.14060974121094
2023-01-31,152.0,153.5,151.0,152.0,13682310,63.76991653442383
2023-02-01,152.5,153.5,151.0,152.0,14204870,63.76991653442383
2023-02-02,154.0,156.0,154.0,156.0,26405172,65.44808959960938
2023-02-03,158.5,160.0,156.0,157.0,33929688,65.86760711669922
2023-02-06,156.0,156.5,150.5,151.0,27857547,63.35037612915039
2023-02-07,152.0,152.0,150.5,151.0,10225713,63.35037612915039
2023-02-08,152.0,152.0,151.0,151.5,8760868,63.56016159057617
2023-02-09,151.5,152.0,150.0,150.0,11986342,62.93084716796875
2023-02-10,151.0,151.5,146.5,147.0,25130873,61.67222595214844
2023-02-13,146.0,146.5,142.5,143.5,20851631,60.20383834838867
2023-02-14,145.5,149.0,145.0,149.0,24410678,62.51130294799805
2023-02-15,149.0,149.0,146.0,146.5,16260716,61.462459564208984
2023-02-16,147.0,148.0,145.5,148.0,9969020,62.091766357421875
2023-02-17,146.5,147.0,145.5,146.0,10223590,61.252689361572266
2023-02-20,146.0,147.5,145.0,147.0,8806970,61.67222595214844
2023-02-21,148.5,155.0,147.0,155.0,42223916,65.02853393554688
2023-02-22,154.0,156.0,152.0,152.5,35219109,63.97969055175781
2023-02-23,153.5,158.5,153.5,158.0,34299954,66.28716278076172
2023-02-24,158.5,159.5,155.5,157.0,32154792,65.86760711669922
2023-03-01,157.5,158.0,154.0,156.0,21240175,65.44808959960938
2023-03-02,158.0,161.0,157.5,160.5,33776976,67.33600616455078
2023-03-03,161.0,163.0,158.5,163.0,36959064,68.38484954833984
2023-03-06,164.5,165.0,161.5,164.5,29508197,69.01416015625
2023-03-07,163.5,166.0,162.0,166.0,24520372,69.64347076416016
2023-03-08,164.0,164.5,161.0,161.0,24727610,67.54578399658203
2023-03-09,161.5,165.0,161.0,164.5,26309649,69.01416015625
2023-03-10,160.0,171.5,158.5,165.0,88291710,69.22393035888672
2023-03-13,165.0,170.5,164.5,170.5,48003545,71.5313949584961
2023-03-14,167.0,171.0,164.5,171.0,62807494,71.74116516113281
2023-03-15,176.5,179.5,166.5,167.0,147746174,70.0630111694336
2023-03-16,167.0,167.5,158.5,159.5,79852301,66.91646575927734
2023-03-17,161.0,162.0,160.0,162.0,30665332,67.96531677246094
2023-03-20,163.5,166.0,161.5,162.0,31761114,67.96531677246094
2023-03-21,163.0,163.5,160.5,160.5,18432225,67.33600616455078
2023-03-22,161.5,162.5,160.0,161.5,21000308,67.75554656982422
2023-03-23,159.5,160.5,157.5,159.5,26422287,66.91646575927734
2023-03-24,160.0,161.0,159.0,160.5,15077398,67.33600616455078
2023-03-27,158.0,161.5,157.5,161.0,24955849,67.54578399658203
2023-03-28,161.0,162.5,160.0,160.5,13559739,67.33600616455078
2023-03-29,161.0,161.5,158.5,158.5,10533533,66.49693298339844
2023-03-30,160.0,160.5,158.0,158.0,11379164,66.28716278076172
2023-03-31,160.0,160.5,158.5,158.5,9825495,66.49693298339844
2023-04-06,160.0,161.0,158.0,158.0,14378321,66.28716278076172
2023-04-07,159.0,163.5,158.5,163.5,25627495,68.5946273803711
2023-04-10,165.5,166.5,162.0,163.5,23952687,68.5946273803711
2023-04-11,164.5,166.0,164.0,164.5,10896642,69.01416015625
2023-04-12,166.0,167.5,164.5,166.5,29171340,69.85324096679688
2023-04-13,166.5,167.5,164.5,166.5,15049245,69.85324096679688
2023-04-14,167.0,170.5,166.0,170.0,41999928,71.32162475585938
2023-04-17,173.0,174.5,171.0,174.5,39503361,73.20955657958984
2023-04-18,175.5,175.5,169.0,170.0,34783467,71.32162475585938
2023-04-19,170.5,171.0,167.5,168.0,19470553,70.48255157470703
2023-04-20,168.5,171.0,168.0,170.5,19524767,71.5313949584961
2023-04-21,170.0,170.5,165.0,166.0,20317849,69.64347076416016
2023-04-24,165.0,166.0,164.0,165.0,11609147,69.22393035888672
2023-04-25,165.0,166.5,161.5,162.0,17674970,67.96531677246094
2023-04-26,161.0,162.0,159.5,160.0,17907390,67.12623596191406
2023-04-27,159.0,160.5,158.5,159.0,15757608,66.70670318603516
2023-04-28,161.5,164.0,161.0,161.5,16279021,67.75554656982422
2023-05-02,160.0,160.5,154.0,155.5,45541310,65.2383041381836
2023-05-03,154.0,154.5,149.5,150.0,49056854,62.93084716796875
2023-05-04,150.0,152.5,149.5,150.5,20051763,63.14060974121094
2023-05-05,151.0,152.0,150.5,151.5,10333122,63.56016159057617
2023-05-08,151.5,152.0,149.5,151.0,11849003,63.35037612915039
2023-05-09,151.0,152.0,150.5,151.0,8605467,63.35037612915039
2023-05-10,151.5,155.5,151.5,155.0,22341115,65.02853393554688
2023-05-11,153.5,154.5,151.0,151.0,15771459,63.35037612915039
2023-05-12,151.0,153.0,150.5,152.5,7563891,63.97969055175781
2023-05-15,150.0,153.5,148.0,152.5,21625990,63.97969055175781
2023-05-16,152.5,153.0,150.5,151.0,17342203,63.35037612915039
2023-05-17,152.0,152.5,150.5,151.0,17121102,63.35037612915039
2023-05-18,151.5,152.5,151.0,151.0,11669514,63.35037612915039
2023-05-19,151.0,152.0,150.0,150.5,15244624,63.14060974121094
2023-05-22,151.5,154.5,150.5,153.5,21596375,64.39923095703125
2023-05-23,153.5,153.5,151.0,151.5,15769005,63.56016159057617
2023-05-24,151.5,152.5,151.5,151.5,8661782,63.56016159057617
2023-05-25,151.5,151.5,150.0,150.0,18905719,62.93084716796875
2023-05-26,150.5,154.0,149.5,152.5,23590333,63.97969055175781
2023-05-29,153.5,157.5,153.0,157.0,28507123,65.86760711669922
2023-05-30,157.0,157.0,153.5,153.5,20245189,64.39923095703125
2023-05-31,155.0,157.0,153.0,153.0,24900767,64.18946838378906
2023-06-01,154.5,154.5,152.0,153.5,17398650,64.39923095703125
2023-06-02,154.5,154.5,152.0,152.5,19947376,63.97969055175781
2023-06-05,152.5,153.0,150.0,151.0,26154661,63.35037612915039
2023-06-06,151.0,152.5,150.5,151.5,23209860,63.56016159057617
2023-06-07,151.5,152.5,151.0,151.0,16597224,63.35037612915039
2023-06-08,151.5,155.5,151.5,154.0,36400825,64.60900115966797
2023-06-09,154.5,155.5,153.0,155.0,16501183,65.02853393554688
2023-06-12,154.0,156.0,153.0,155.5,20778520,65.2383041381836
2023-06-13,156.0,158.0,154.5,157.0,26214563,65.86760711669922
2023-06-14,157.5,162.5,157.0,161.5,42797566,67.75554656982422
2023-06-15,163.0,164.0,160.5,162.0,28255927,67.96531677246094
2023-06-16,163.0,166.5,162.0,166.0,54913005,69.64347076416016
2023-06-19,166.0,166.0,162.0,162.0,37572793,67.96531677246094
2023-06-20,163.0,164.5,162.0,162.5,34859911,68.17508697509766
2023-06-21,162.5,162.5,158.0,158.0,49054154,66.28716278076172
2023-06-26,159.0,160.5,158.0,160.0,48173905,67.12623596191406
2023-06-27,160.5,162.5,160.5,161.0,40054088,67.54578399658203
2023-06-28,161.5,162.0,156.0,157.5,48746421,66.077392578125
2023-06-29,158.0,158.5,153.0,155.0,115108898,65.02853393554688
2023-06-30,91.9000015258789,93.5,89.5,93.5,145846948,71.5313949584961
2023-07-03,98.80000305175781,102.5,98.5,102.5,74346097,78.4167709350586
2023-07-04,108.0,112.0,104.0,105.5,197611521,80.7118911743164
2023-07-05,106.0,107.5,102.5,107.0,76578066,81.85945129394531
2023-07-06,106.5,108.0,105.0,106.5,40849647,81.47693634033203
2023-07-07,107.0,108.5,106.0,108.0,41868879,82.62449645996094
2023-07-10,107.5,107.5,104.0,104.5,31151174,79.94685363769531
2023-07-11,105.0,106.0,102.5,104.0,29063648,79.56432342529297
2023-07-12,103.0,103.0,100.0,100.5,40813560,76.88668823242188
2023-07-13,100.0,100.5,95.5,95.9000015258789,62030178,73.36750030517578
2023-07-14,97.5,99.4000015258789,96.19999694824219,96.5,37176765,73.82652282714844
2023-07-17,98.4000015258789,99.5,97.30000305175781,98.4000015258789,26574752,75.28009033203125
2023-07-18,99.19999694824219,101.5,97.9000015258789,98.5999984741211,36531448,75.43309783935547
2023-07-19,99.9000015258789,101.0,97.30000305175781,98.0999984741211,40264586,75.05058288574219
2023-07-20,98.0999984741211,101.0,98.0999984741211,101.0,29802583,77.26920318603516
2023-07-21,100.5,103.0,99.9000015258789,101.0,30926427,77.26920318603516
2023-07-24,100.5,100.5,98.80000305175781,99.30000305175781,25547918,75.96863555908203
2023-07-25,100.0,100.5,99.19999694824219,99.69999694824219,14952392,76.27465057373047
2023-07-26,100.5,103.5,100.0,102.0,34940747,78.03424835205078
2023-07-27,103.0,104.0,102.0,103.0,20526961,78.79928588867188
2023-07-28,104.0,108.0,104.0,107.5,48346927,82.24198150634766
2023-07-31,110.0,110.0,103.0,104.0,42770928,79.56432342529297
2023-08-01,104.5,106.0,103.5,105.5,16990092,80.7118911743164
2023-08-02,105.5,105.5,103.5,105.0,18194205,80.32937622070312
2023-08-04,106.0,109.0,105.5,109.0,33783096,83.38954162597656
2023-08-07,107.0,107.0,104.0,106.5,32974594,81.47693634033203
2023-08-08,106.5,108.0,106.0,107.5,19805973,82.24198150634766
2023-08-09,107.5,109.0,106.0,106.5,15935907,81.47693634033203
2023-08-10,106.5,108.0,105.0,107.0,14133207,81.85945129394531
2023-08-11,107.0,108.0,105.0,108.0,15754199,82.62449645996094
2023-08-14,108.0,108.5,105.5,106.5,21683213,81.47693634033203
2023-08-15,106.5,107.5,105.5,106.0,10783812,81.09441375732422
2023-08-16,105.0,106.0,103.0,104.0,24197253,79.56432342529297
2023-08-17,103.5,106.5,102.5,106.0,23057628,81.09441375732422
2023-08-18,106.0,110.5,105.5,107.0,53741253,81.85945129394531
2023-08-21,107.5,107.5,105.0,105.0,18006817,80.32937622070312
2023-08-22,106.5,107.0,105.5,106.5,9908730,81.47693634033203
2023-08-23,107.0,108.0,106.0,106.5,8650435,81.47693634033203
2023-08-24,106.0,107.0,105.5,106.0,9296111,81.09441375732422
2023-08-25,105.5,107.0,105.5,105.5,9313653,80.7118911743164
2023-08-28,106.0,106.0,104.0,105.0,10139854,80.32937622070312
2023-08-29,105.5,106.0,104.5,105.5,6191772,80.7118911743164
2023-08-30,106.0,106.5,105.5,105.5,6091256,80.7118911743164
2023-08-31,106.0,106.5,105.5,106.5,7826914,81.47693634033203
2023-09-01,106.0,106.5,105.0,105.5,8951882,80.7118911743164
2023-09-04,106.0,107.5,105.5,107.5,13673752,82.24198150634766
2023-09-05,107.5,108.5,107.0,108.5,11694669,83.00701904296875
2023-09-06,109.0,109.0,107.0,107.0,8892966,81.85945129394531
2023-09-07,107.5,107.5,106.0,107.0,6230568,81.85945129394531
2023-09-08,107.0,108.0,106.0,107.0,8060191,81.85945129394531
2023-09-11,106.5,107.0,105.0,106.5,11844819,81.47693634033203
2023-09-12,106.5,106.5,105.5,106.5,6443912,81.47693634033203
2023-09-13,106.5,107.0,106.0,106.5,7208394,81.47693634033203
2023-09-14,107.0,109.5,106.5,109.5,25924684,83.77205657958984
2023-09-15,109.5,120.0,109.5,118.5,86935826,90.65742492675781
2023-09-18,117.0,120.5,115.5,117.0,42843945,89.50987243652344
2023-09-19,117.5,117.5,114.0,116.0,25884571,88.74483489990234
2023-09-20,116.0,120.0,116.0,117.5,30032826,89.89239501953125
2023-09-21,117.0,118.0,114.5,115.5,17969472,88.3623046875
2023-09-22,114.5,116.0,114.0,114.5,14852407,87.5972671508789
2023-09-25,114.5,116.5,114.0,116.0,9249993,88.74483489990234
2023-09-26,115.5,117.0,114.5,115.5,10900595,88.3623046875
2023-09-27,115.0,117.0,114.5,116.0,12854748,88.74483489990234
2023-09-28,116.0,116.5,115.5,116.0,8337086,88.74483489990234
2023-10-02,116.0,116.5,112.0,113.5,22189530,86.83222961425781
2023-10-03,113.0,114.0,110.0,110.5,16134710,84.53710174560547
2023-10-04,110.0,111.0,108.5,110.0,12526979,84.15457153320312
2023-10-05,111.5,113.5,111.5,112.0,12130304,85.68466186523438
2023-10-06,113.5,113.5,110.5,111.0,12748517,84.91962432861328
2023-10-11,109.0,109.5,103.0,103.5,36400463,79.18180847167969
2023-10-12,102.5,106.0,102.5,106.0,12547915,81.09441375732422
2023-10-13,105.0,105.5,104.0,105.0,7924523,80.32937622070312
2023-10-16,104.0,104.0,102.5,104.0,8934816,79.56432342529297
2023-10-17,104.0,104.5,103.0,103.0,5708023,78.79928588867188
2023-10-18,103.5,105.0,102.5,102.5,16989483,78.4167709350586
2023-10-19,102.5,105.0,102.5,103.5,7505091,79.18180847167969
2023-10-20,103.0,103.5,102.0,103.5,13268541,79.18180847167969
2023-10-23,103.5,104.5,103.0,103.5,6958906,79.18180847167969
2023-10-24,103.5,105.5,103.0,105.0,7273349,80.32937622070312
2023-10-25,105.5,106.0,105.0,105.5,5279534,80.7118911743164
2023-10-26,105.0,106.5,104.0,106.5,11548977,81.47693634033203
2023-10-27,106.5,108.0,106.0,108.0,10940885,82.62449645996094
2023-10-30,109.0,110.0,107.5,110.0,13508344,84.15457153320312
2023-10-31,110.0,110.0,107.0,107.5,15219329,82.24198150634766
2023-11-01,108.0,109.5,108.0,109.0,8172693,83.38954162597656
2023-11-02,109.5,110.5,109.0,110.5,8140568,84.53710174560547
2023-11-03,111.0,113.0,111.0,113.0,11578121,86.44970703125
2023-11-06,109.5,110.5,107.5,109.0,18205636,83.38954162597656
2023-11-07,108.5,110.0,108.5,108.5,6218068,83.00701904296875
2023-11-08,109.0,109.5,107.0,107.5,10256655,82.24198150634766
2023-11-09,108.0,110.0,107.5,109.0,8125043,83.38954162597656
2023-11-10,109.5,110.0,108.0,109.0,10114766,83.38954162597656
2023-11-13,109.0,110.5,108.0,108.5,11999551,83.00701904296875
2023-11-14,112.5,117.5,112.5,114.0,52257713,87.2147445678711
2023-11-15,115.0,115.5,113.0,115.5,25225109,88.3623046875
2023-11-16,116.0,117.5,115.0,117.0,25057764,89.50987243652344
2023-11-17,117.0,117.0,115.0,115.0,12074843,87.97978973388672
2023-11-20,115.0,115.0,112.5,114.0,12967599,87.2147445678711
2023-11-21,113.5,114.0,113.0,113.5,10249494,86.83222961425781
2023-11-22,113.0,114.0,111.5,112.0,11198615,85.68466186523438
2023-11-23,112.5,113.5,111.5,112.0,8390398,85.68466186523438
2023-11-24,113.0,113.0,111.5,113.0,6080018,86.44970703125
2023-11-27,113.5,114.0,113.0,113.5,8371666,86.83222961425781
2023-11-28,113.5,115.0,113.0,114.0,11771528,87.2147445678711
2023-11-29,114.0,114.0,112.0,112.0,12549384,85.68466186523438
2023-11-30,113.0,113.5,111.5,112.0,11281643,85.68466186523438
2023-12-01,112.5,115.0,112.5,114.5,14983874,87.5972671508789
2023-12-04,115.5,119.0,114.5,118.5,42094729,90.65742492675781
2023-12-05,119.0,120.0,116.0,117.5,25706241,89.89239501953125
2023-12-06,118.0,118.0,115.5,117.0,12622561,89.50987243652344
2023-12-07,116.5,116.5,115.0,115.5,10421878,88.3623046875
2023-12-08,116.5,118.5,116.0,118.5,13615084,90.65742492675781
2023-12-11,120.0,122.0,119.0,122.0,31568822,93.3350830078125
2023-12-12,122.0,130.5,121.5,129.0,64169145,98.69036865234375
2023-12-13,129.5,129.5,126.5,129.5,34241988,99.07289123535156
2023-12-14,130.0,131.0,127.5,129.0,24392354,98.69036865234375
2023-12-15,130.5,134.5,130.0,134.0,46618054,102.51557922363281
2023-12-18,138.5,144.5,136.0,141.5,99453667,108.25338745117188
2023-12-19,143.5,147.0,142.0,147.0,82304365,112.46111297607422
2023-12-20,147.5,148.0,144.5,148.0,58886721,113.22616577148438
2023-12-21,148.5,153.0,146.5,152.0,82930423,116.28632354736328
2023-12-22,152.5,153.5,149.5,153.0,60587580,117.0513687133789
2023-12-25,146.0,147.5,140.5,142.0,88809584,108.63591766357422
2023-12-26,142.5,147.5,142.0,146.5,39276996,112.07859802246094
2023-12-27,149.0,151.5,147.0,147.0,32800217,112.46111297607422
2023-12-28,148.0,148.0,142.0,143.0,28617739,109.40095520019531
2023-12-29,143.0,144.5,141.5,143.5,16608138,109.7834701538086
2024-01-02,151.0,155.0,148.0,151.0,60522711,115.52128601074219
2024-01-03,154.5,156.0,151.5,155.0,55024834,118.5814437866211
2024-01-04,158.0,165.0,156.5,161.0,93312709,123.17170715332031
2024-01-05,163.0,164.0,160.0,162.5,50614189,124.31927490234375
2024-01-08,163.0,163.0,157.5,160.5,40391557,122.78919219970703
2024-01-09,154.0,155.0,149.5,151.5,66416055,115.90380859375
2024-01-10,150.5,151.0,146.0,148.0,46141553,113.22616577148438
2024-01-11,148.5,151.5,148.0,149.0,23006038,113.99119567871094
2024-01-12,153.5,157.0,152.5,156.5,44724789,119.7290267944336
2024-01-15,157.5,161.0,156.0,158.5,33366844,121.25909423828125
2024-01-16,159.0,160.0,153.0,153.5,34833498,117.43388366699219
2024-01-17,154.0,156.5,149.5,152.5,37969530,116.6688461303711
2024-01-18,154.0,158.0,152.0,158.0,32617905,120.8765869140625
2024-01-19,158.0,158.5,153.5,155.0,24022486,118.5814437866211
2024-01-22,151.0,152.5,148.5,152.5,29774833,116.6688461303711
2024-01-23,153.0,155.5,152.0,152.5,13968769,116.6688461303711
2024-01-24,153.5,157.0,152.5,153.5,16791435,117.43388366699219
2024-01-25,153.0,153.5,151.0,151.5,16425065,115.90380859375
2024-01-26,152.0,154.0,150.0,151.0,16893748,115.52128601074219
2024-01-29,150.5,152.0,150.0,151.5,12156792,115.90380859375
2024-01-30,152.0,153.0,150.5,151.5,10254985,115.90380859375
2024-01-31,152.0,153.5,150.0,150.5,11166019,115.13876342773438
2024-02-01,151.5,157.0,151.5,157.0,35775462,120.11152648925781
2024-02-02,154.0,154.0,150.0,150.0,35496727,114.7562484741211
2024-02-05,151.0,152.5,150.0,152.0,12454852,116.28632354736328
2024-02-15,147.0,149.0,146.0,149.0,31499830,113.99119567871094
2024-02-16,151.0,153.0,148.0,148.0,17670751,113.22616577148438
2024-02-19,149.0,149.5,147.0,149.0,11251402,113.99119567871094
2024-02-20,151.0,155.0,150.0,153.5,26851793,117.43388366699219
2024-02-21,154.5,158.0,154.0,155.0,30007253,118.5814437866211
2024-02-22,156.0,163.0,154.0,162.5,52667772,124.31927490234375
2024-02-23,163.5,164.5,158.5,159.5,27461056,122.02413940429688
2024-02-26,160.0,160.5,158.0,160.0,11275763,122.40665435791016
2024-02-27,160.0,162.5,159.0,159.5,14880458,122.02413940429688
2024-02-29,162.0,166.5,161.5,165.5,35950540,126.61438751220703
2024-03-01,165.5,168.5,162.5,165.0,25583198,126.23187255859375
2024-03-04,164.5,173.0,161.5,172.0,44032960,131.587158203125
2024-03-05,171.5,177.5,171.0,173.5,38934012,132.73471069335938
2024-03-06,173.0,175.0,170.5,171.5,21299837,131.2046356201172
2024-03-07,172.0,178.0,172.0,177.5,38632150,135.79489135742188
2024-03-08,180.0,187.5,175.5,179.5,73214089,137.32498168945312
2024-03-11,182.0,184.0,178.0,180.0,32969126,137.70748901367188
2024-03-12,181.0,188.0,178.0,187.5,38029982,143.44529724121094
2024-03-13,189.5,194.5,189.0,191.0,52579380,146.12294006347656
2024-03-14,192.0,193.0,179.5,183.5,60195396,140.38514709472656
2024-03-15,170.0,172.5,165.5,166.5,106245661,127.37943267822266
2024-03-18,167.0,167.0,161.0,164.5,48640232,125.8493423461914
2024-03-19,166.5,177.0,165.5,177.0,72299218,135.41236877441406
2024-03-20,179.0,186.0,174.5,176.0,91460898,134.6473388671875
2024-03-21,181.0,181.5,174.0,175.0,51343376,133.88229370117188
2024-03-22,176.5,177.0,168.0,170.0,53633386,130.0570831298828
2024-03-25,172.0,176.0,169.5,173.5,32471565,132.73471069335938
2024-03-26,173.0,175.5,168.0,171.5,37617400,131.2046356201172
2024-03-27,174.5,177.0,172.0,175.5,36105007,134.26480102539062
2024-03-28,178.0,179.5,170.5,176.0,68902378,134.6473388671875
2024-03-29,176.5,177.0,172.0,175.0,44141000,133.88229370117188
2024-04-01,172.0,172.0,167.5,167.5,41253228,128.14447021484375
2024-04-02,167.5,168.5,162.0,165.5,43423697,126.61438751220703
2024-04-03,164.0,167.5,164.0,165.0,21448547,126.23187255859375
2024-04-08,166.0,169.0,165.0,168.0,20962580,128.52699279785156
2024-04-09,169.0,172.5,168.0,171.0,24502710,130.82211303710938
2024-04-10,172.0,173.0,169.0,169.0,17274940,129.2920379638672
2024-04-11,169.0,176.0,168.5,175.0,39094475,133.88229370117188
2024-04-12,175.0,177.5,174.0,176.5,23135953,135.02984619140625
2024-04-15,176.5,180.0,171.0,178.0,35584176,136.1774139404297
2024-04-16,176.5,177.5,170.0,170.5,36308808,130.43959045410156
2024-04-17,172.0,174.0,169.0,170.5,21402834,130.43959045410156
2024-04-18,170.5,172.0,168.0,168.0,19371861,128.52699279785156
2024-04-19,170.0,179.0,169.5,172.5,52314399,131.9696807861328
2024-04-22,175.0,183.0,174.0,174.0,64650361,133.1172332763672
2024-04-23,175.0,177.0,172.0,173.5,26174315,132.73471069335938
2024-04-24,176.0,180.5,173.5,180.0,37106976,137.70748901367188
2024-04-25,179.5,182.0,177.5,181.0,17044317,138.47254943847656
2024-04-26,182.0,190.0,180.5,187.0,61636786,143.0627899169922
2024-04-29,193.0,193.5,188.0,191.5,53626335,146.50547790527344
2024-04-30,191.0,191.5,185.5,189.5,33213749,144.9753875732422
2024-05-02,190.0,191.5,181.0,181.5,37830322,138.85504150390625
2024-05-03,182.0,183.0,178.5,180.0,24056212,137.70748901367188
2024-05-06,181.0,184.5,178.5,180.5,22194671,138.0900115966797
2024-05-07,181.0,185.0,178.0,178.0,27619527,136.1774139404297
2024-05-08,179.0,181.5,172.0,172.5,56829509,131.9696807861328
2024-05-09,176.0,181.0,175.0,177.5,55836352,135.79489135742188
2024-05-10,180.5,195.0,180.0,193.5,120239424,148.03555297851562
2024-05-13,201.0,210.0,201.0,205.5,154541830,157.21604919433594
2024-05-14,206.0,225.0,204.0,215.0,164624198,164.4839630126953
2024-05-15,206.0,208.0,202.0,203.5,81981976,155.68597412109375
2024-05-16,205.5,217.0,204.0,217.0,75968840,166.0140380859375
2024-05-17,219.5,220.5,210.5,210.5,60884038,161.041259765625
2024-05-20,216.0,222.0,210.5,212.5,65226335,162.57135009765625
2024-05-21,213.5,213.5,205.5,208.0,45937171,159.12864685058594
2024-05-22,207.5,211.0,205.0,209.0,37372161,159.89370727539062
2024-05-23,209.5,212.0,208.5,209.0,26408823,159.89370727539062
2024-05-24,212.0,221.0,212.0,219.5,68321952,167.92665100097656
2024-05-27,224.0,229.5,216.5,223.0,90606453,170.60427856445312
2024-05-28,225.5,228.0,218.5,218.5,55107928,167.16159057617188
2024-05-29,222.5,227.5,217.0,218.0,52224819,166.77908325195312
2024-05-30,219.0,221.0,215.0,218.5,29220425,167.16159057617188
2024-05-31,221.0,226.0,210.0,210.5,70682054,161.041259765625
2024-06-03,216.5,218.0,211.0,215.5,36320333,164.86647033691406
2024-06-04,214.0,214.5,210.0,211.0,32213603,161.4237823486328
2024-06-05,213.0,221.0,213.0,217.0,55219025,166.0140380859375
2024-06-06,221.0,222.5,216.5,222.0,47751676,169.83924865722656
2024-06-07,221.0,222.5,216.5,218.0,39912201,166.77908325195312
2024-06-11,220.0,222.0,196.5,197.5,110187144,151.09571838378906
2024-06-12,196.0,198.0,186.0,191.5,83398786,146.50547790527344
2024-06-13,197.5,199.5,191.0,192.5,42907664,147.2705078125
2024-06-14,194.0,200.0,193.0,199.0,33826907,152.2432861328125
2024-06-17,200.0,203.5,197.0,200.0,29388359,153.00831604003906
2024-06-18,202.0,202.5,198.0,199.0,17526607,152.2432861328125
2024-06-19,200.0,204.5,199.5,200.5,29948436,153.39085388183594
2024-06-20,203.0,205.5,202.0,204.5,19122339,156.4510040283203
2024-06-21,208.0,210.0,203.5,204.0,33288217,156.06849670410156
2024-06-24,204.0,205.5,200.0,201.0,22311708,153.77337646484375
2024-06-25,204.5,205.0,200.0,202.0,22577545,154.5384063720703
2024-06-26,203.0,203.0,200.0,200.0,35695555,153.00831604003906
2024-06-27,190.5,196.5,190.0,194.5,36962504,156.60340881347656
2024-06-28,195.5,196.5,193.0,193.0,15796584,155.39566040039062
2024-07-01,195.0,197.0,191.0,192.0,21690965,154.59051513671875
2024-07-02,194.0,195.0,190.5,190.5,22704897,153.38275146484375
2024-07-03,192.5,197.0,191.0,191.0,26122938,153.78533935546875
2024-07-04,193.5,193.5,188.0,188.5,21827918,151.77244567871094
2024-07-05,189.0,189.5,184.0,184.0,28690559,148.14923095703125
2024-07-08,177.0,178.0,170.5,175.5,57300450,141.3053741455078
2024-07-09,181.0,182.5,177.0,178.0,30964598,143.3182830810547
2024-07-10,179.5,181.0,176.0,177.0,18895866,142.51312255859375
2024-07-11,178.5,179.0,176.0,176.0,15115022,141.7079620361328
2024-07-12,174.0,175.0,171.0,173.5,22700951,139.69505310058594
2024-07-15,173.0,175.0,170.5,173.5,19551807,139.69505310058594
2024-07-16,174.5,175.5,171.0,171.5,16215664,138.08474731445312
2024-07-17,171.5,172.0,167.0,172.0,57028863,138.48731994628906
2024-07-18,174.0,174.5,171.0,173.0,21288603,139.29248046875
2024-07-19,172.5,172.5,167.0,167.0,26407411,134.46153259277344
2024-07-22,163.0,164.0,158.5,162.0,36351146,130.4357452392578
2024-07-23,164.0,169.0,162.5,167.0,21839150,134.46153259277344
2024-07-26,163.0,165.5,161.0,165.5,16241774,133.25379943847656
2024-07-29,166.5,166.5,161.0,162.0,18797057,130.4357452392578
2024-07-30,165.0,167.0,163.0,167.0,18540081,134.46153259277344
2024-07-31,166.0,170.5,165.5,170.5,15200943,137.2795867919922
2024-08-01,172.0,175.5,170.0,175.0,22702179,140.90281677246094
2024-08-02,172.0,177.0,171.0,171.0,28422195,137.68215942382812
2024-08-05,166.0,166.0,158.0,160.5,40108370,129.22799682617188
2024-08-06,165.0,173.0,163.0,165.5,37024288,133.25379943847656
2024-08-07,167.5,177.0,165.0,177.0,28919632,142.51312255859375
2024-08-08,175.0,175.5,170.5,172.5,21564468,138.88990783691406
2024-08-09,178.5,180.0,170.0,173.0,40542640,139.29248046875
2024-08-12,174.5,181.0,173.5,180.0,30304615,144.9285888671875
2024-08-13,182.0,182.0,176.0,178.5,22081780,143.72085571289062
2024-08-14,180.5,184.5,180.0,181.5,37832841,146.13633728027344
2024-08-15,181.5,186.5,181.0,185.5,27098411,149.3569793701172
2024-08-16,187.0,187.0,183.5,186.0,18965742,149.75955200195312
2024-08-19,186.5,187.0,184.5,187.0,11919756,150.56471252441406
2024-08-20,189.5,192.0,187.5,188.5,17799435,151.77244567871094
2024-08-21,188.5,190.0,186.0,187.5,15595183,150.96728515625
2024-08-22,187.5,189.0,187.0,189.0,8968417,152.17501831054688
2024-08-23,189.5,191.0,188.0,189.5,12024289,152.57760620117188
2024-08-26,189.5,193.0,188.0,189.0,18286312,152.17501831054688
2024-08-27,189.5,190.0,182.5,183.5,24346651,147.7466583251953
2024-08-28,183.5,184.0,181.0,183.0,10907020,147.3440704345703
2024-08-29,182.5,184.5,181.5,184.5,9093719,148.5518035888672
2024-08-30,185.5,188.0,184.5,188.0,17907428,151.369873046875
2024-09-02,188.0,188.0,181.0,182.0,22078578,146.53890991210938
2024-09-03,182.0,184.0,182.0,182.0,9536698,146.53890991210938
2024-09-04,176.5,180.5,173.0,178.5,23439495,143.72085571289062
2024-09-05,180.0,182.0,178.5,181.0,11721422,145.7337646484375
2024-09-06,180.0,181.5,178.0,180.0,9933312,144.9285888671875
2024-09-09,176.5,179.0,175.5,179.0,14391850,144.12344360351562
2024-09-10,180.5,181.5,176.0,177.5,11665139,142.9156951904297
2024-09-11,178.0,183.5,177.0,182.5,15208679,146.94149780273438
2024-09-12,185.0,186.0,183.0,184.5,12578209,148.5518035888672
2024-09-13,185.5,186.5,183.5,186.5,10742051,150.16212463378906
2024-09-16,185.0,186.0,183.0,184.5,9531503,148.5518035888672
2024-09-18,184.5,189.0,184.5,187.0,19453960,150.56471252441406
2024-09-19,187.5,190.0,186.5,190.0,18711110,152.98019409179688
2024-09-20,192.0,192.0,188.0,189.0,14272362,152.17501831054688
2024-09-23,190.0,195.0,189.0,195.0,26407675,157.0059814453125
2024-09-24,197.0,205.0,196.5,204.0,60124687,164.25241088867188
2024-09-25,205.5,209.5,204.0,209.5,44706198,168.6807861328125
2024-09-26,210.5,214.5,205.0,206.0,48604254,165.8627166748047
2024-09-27,209.0,212.0,206.5,212.0,30943425,170.69369506835938
2024-09-30,210.0,210.0,198.5,201.0,36744836,161.83694458007812
2024-10-01,204.0,207.0,203.0,204.5,15883443,164.6549835205078
2024-10-04,185.5,189.5,185.0,186.0,61019558,149.75955200195312
2024-10-07,186.0,188.0,183.0,188.0,18637645,151.369873046875
2024-10-08,187.5,189.0,187.0,189.0,10300909,152.17501831054688
2024-10-09,188.5,188.5,183.5,183.5,21783128,147.7466583251953
2024-10-11,185.5,187.0,185.0,186.0,9047500,149.75955200195312
2024-10-14,186.5,188.0,186.0,187.0,8220387,150.56471252441406
2024-10-15,188.5,189.5,187.0,187.5,8783738,150.96728515625
2024-10-16,187.5,191.5,186.0,189.5,14807721,152.57760620117188
2024-10-17,190.0,198.0,190.0,196.5,21393203,158.21372985839844
2024-10-18,196.5,198.0,195.0,196.5,9722529,158.21372985839844
2024-10-21,198.0,205.0,197.0,204.0,22598620,164.25241088867188
2024-10-22,205.5,209.0,202.0,206.0,23757899,165.8627166748047
2024-10-23,206.5,208.0,204.5,205.5,14477521,165.4601593017578
2024-10-24,205.0,208.0,201.0,205.0,22520426,165.0575714111328
2024-10-25,205.5,209.0,205.5,207.5,13596879,167.07046508789062
2024-10-28,211.0,211.5,205.5,206.0,16451806,165.8627166748047
2024-10-29,205.0,205.0,202.0,204.5,15611497,164.6549835205078
2024-10-30,205.0,208.5,204.5,205.5,10979113,165.4601593017578
2024-11-01,207.0,213.5,206.5,213.0,46282556,171.49884033203125
2024-11-04,214.0,214.5,208.5,210.5,24624937,169.48594665527344
2024-11-05,211.5,219.0,210.5,217.5,30724683,175.12205505371094
2024-11-06,217.5,218.0,214.0,217.0,19053388,174.71946716308594
2024-11-07,212.5,216.0,210.0,214.5,29494236,172.70657348632812
2024-11-08,217.0,221.0,216.5,218.0,25776703,175.52464294433594
2024-11-11,220.5,221.0,217.5,220.5,17958649,177.53753662109375
2024-11-12,219.5,223.0,218.5,220.5,22061499,177.53753662109375
2024-11-13,222.0,222.5,217.0,219.5,22789865,176.7323760986328
2024-11-14,221.0,223.0,218.0,220.0,36465907,177.13494873046875
2024-11-15,221.5,229.5,221.0,227.5,44839433,183.1736297607422
2024-11-18,226.5,227.5,224.0,224.5,21643123,180.75816345214844
2024-11-19,225.5,236.0,224.0,236.0,44673122,190.0175018310547
2024-11-20,233.5,233.5,233.5,233.5,43249484,188.00460815429688
2024-11-21,235.5,241.0,234.5,239.0,25076148,192.43296813964844
2024-11-22,235.5,239.5,233.0,236.0,23741344,190.0175018310547
2024-11-25,237.0,237.5,226.0,228.0,51793764,183.5762176513672
2024-11-26,225.0,230.5,224.0,229.5,25046984,184.78396606445312
2024-11-27,226.0,227.5,213.0,214.0,66096589,172.3040008544922
2024-11-28,214.0,219.0,212.5,217.0,23084649,174.71946716308594
2024-11-29,220.0,222.0,216.0,217.0,23305707,174.71946716308594
2024-12-02,220.0,222.5,219.0,221.0,14961881,177.9401092529297
2024-12-03,222.5,229.5,221.5,229.0,24977023,184.3813934326172
2024-12-04,229.0,230.0,225.0,230.0,15475539,185.18653869628906
2024-12-05,228.5,229.0,226.0,226.0,10651033,181.9658966064453
2024-12-06,228.5,232.0,228.0,228.0,12237334,183.5762176513672
2024-12-09,231.5,238.0,231.0,235.5,35156899,189.6149139404297
2024-12-10,232.5,234.5,230.0,231.0,19098464,185.99169921875
2024-12-11,230.5,233.0,227.0,227.0,14194191,182.7710723876953
2024-12-12,228.0,230.5,225.0,227.0,11852330,182.7710723876953
2024-12-13,228.0,232.0,227.0,230.0,13154927,185.18653869628906
2024-12-16,232.5,233.0,223.0,226.0,16810222,181.9658966064453
2024-12-17,228.0,233.0,227.5,231.0,16230072,185.99169921875
2024-12-18,229.5,232.0,226.0,229.0,21913031,184.3813934326172
2024-12-19,227.5,233.0,227.0,229.5,20219841,184.78396606445312
2024-12-20,231.5,233.5,228.5,230.5,28907242,185.58912658691406
2024-12-23,230.0,230.5,225.0,228.0,30712574,183.5762176513672
2024-12-24,230.0,236.0,228.0,232.0,34372679,186.79685974121094
2024-12-25,233.0,233.5,229.0,231.5,24648592,186.394287109375
2024-12-26,231.5,232.5,228.0,231.0,24456835,185.99169921875
2024-12-27,232.5,233.0,226.0,226.0,18202060,181.9658966064453
2024-12-30,226.5,229.5,223.5,225.5,11908220,181.56332397460938
2024-12-31,225.5,227.5,224.5,225.0,8129220,181.16075134277344
2025-01-02,226.5,230.0,226.0,227.0,12653339,182.7710723876953
2025-01-03,230.0,232.5,228.0,231.5,14179000,186.394287109375
2025-01-06,231.0,232.5,228.5,229.5,12933313,184.78396606445312
2025-01-07,230.0,230.0,227.0,228.5,12668676,183.9788055419922
2025-01-08,227.5,231.0,226.5,229.0,11193957,184.3813934326172
2025-01-09,228.0,228.0,212.0,212.0,59963608,170.69369506835938
2025-01-10,210.0,215.0,205.5,214.0,33022589,172.3040008544922
2025-01-13,211.0,213.0,205.0,205.0,26869524,165.0575714111328
2025-01-14,205.5,211.0,205.5,208.5,12739226,167.87562561035156
2025-01-15,208.5,209.0,203.0,203.0,14477996,163.44725036621094
2025-01-16,203.0,204.5,197.5,202.0,31589678,162.64208984375
2025-01-17,200.0,203.0,198.5,202.5,11553064,163.044677734375
2025-01-20,200.0,200.5,198.0,199.5,9374423,160.6291961669922
2025-01-21,200.0,204.0,199.5,201.0,10063298,161.83694458007812
2025-01-22,202.0,204.5,200.5,204.5,9518615,164.6549835205078
2025-02-03,200.0,206.5,199.5,202.5,14811031,163.044677734375
2025-02-04,203.5,203.5,194.0,195.5,20603466,157.40855407714844
2025-02-05,201.0,206.0,200.0,205.0,18492244,165.0575714111328
2025-02-06,203.5,205.0,203.5,205.0,5513507,165.0575714111328
2025-02-07,206.5,207.5,203.5,206.0,11617259,165.8627166748047
2025-02-10,207.0,209.0,205.5,207.0,13557519,166.6678924560547
2025-02-11,209.5,212.5,208.0,212.5,14379760,171.09625244140625
2025-02-12,216.0,217.5,212.0,212.5,16624000,171.09625244140625
2025-02-13,211.5,216.0,210.5,215.5,8421887,173.51173400878906
2025-02-14,214.0,216.0,211.0,211.5,14012251,170.29110717773438
2025-02-17,213.0,216.0,211.0,216.0,8923409,173.91432189941406
2025-02-18,215.5,218.0,213.5,218.0,9919047,175.52464294433594
2025-02-19,218.5,218.5,215.5,217.5,6971447,175.12205505371094
2025-02-20,217.5,219.0,213.5,213.5,11130493,171.90142822265625
2025-02-21,214.0,215.5,213.0,213.0,9074511,171.49884033203125
2025-02-24,212.5,221.5,212.0,221.5,24621701,178.34268188476562
2025-02-25,221.5,222.0,218.5,220.5,11102679,177.53753662109375
2025-02-26,223.0,224.5,219.5,219.5,9361798,176.7323760986328
2025-02-27,220.0,222.5,216.0,216.0,18391366,173.91432189941406
2025-03-03,213.5,218.0,213.0,218.0,9978988,175.52464294433594
2025-03-04,216.0,219.0,214.0,219.0,7977460,176.3297882080078
2025-03-05,219.0,220.0,216.5,219.5,7981129,176.7323760986328
2025-03-06,219.5,221.5,219.0,221.0,8387602,177.9401092529297
2025-03-07,222.0,228.5,221.0,227.0,26870163,182.7710723876953
2025-03-10,225.0,227.0,223.0,224.5,14404457,180.75816345214844
2025-03-11,224.5,229.0,222.5,226.5,25973699,182.3684844970703
2025-03-12,227.0,233.0,225.0,228.5,26833046,183.9788055419922
2025-03-13,230.5,233.0,228.0,230.5,30770883,185.58912658691406
2025-03-14,226.0,229.0,219.5,220.0,65694548,177.13494873046875
2025-03-17,221.5,231.0,217.5,230.5,45367607,185.58912658691406
2025-03-18,229.5,233.0,227.5,232.0,20757661,186.79685974121094
2025-03-19,231.5,232.0,226.5,228.5,16699320,183.9788055419922
2025-03-20,229.0,229.5,227.5,229.5,11646102,184.78396606445312
2025-03-21,229.0,229.5,227.0,227.5,15787262,183.1736297607422
2025-03-24,228.5,229.5,227.0,228.0,6904690,183.5762176513672
2025-03-25,229.0,230.0,228.0,229.5,8357493,184.78396606445312
2025-03-26,230.0,230.5,229.0,230.0,7996617,185.18653869628906
2025-03-27,229.0,230.5,225.0,226.5,15658259,182.3684844970703
2025-03-28,223.0,226.5,222.0,223.5,15278464,179.9530029296875
2025-03-31,219.5,223.0,218.5,220.5,15047838,177.53753662109375
2025-04-01,221.5,227.0,220.5,226.5,12876332,182.3684844970703
2025-04-02,227.0,227.0,225.5,227.0,7432483,182.7710723876953
2025-04-07,204.5,204.5,204.5,204.5,3422460,164.6549835205078
2025-04-08,187.0,193.5,184.5,190.0,51645139,152.98019409179688
2025-04-09,183.5,187.0,171.0,171.0,45128638,137.68215942382812
2025-04-10,188.0,188.0,188.0,188.0,6022417,151.369873046875
2025-04-11,184.0,206.5,179.5,206.5,67747105,166.2653045654297
2025-04-14,215.0,224.5,208.0,210.0,73831255,169.08335876464844
2025-04-15,213.5,216.5,211.0,214.0,23771997,172.3040008544922
2025-04-16,211.5,213.5,208.5,213.0,13383572,171.49884033203125
2025-04-17,211.5,212.0,206.5,207.0,14339343,166.6678924560547
2025-04-18,208.5,214.0,207.0,207.5,17653308,167.07046508789062
2025-04-21,200.0,204.0,198.0,201.5,20840101,162.239501953125
2025-04-22,198.5,201.5,197.5,200.0,13310381,161.03176879882812
2025-04-23,204.0,209.0,203.0,205.5,12547226,165.4601593017578
2025-04-24,207.5,208.5,205.0,205.0,7669121,165.0575714111328
2025-04-25,208.5,209.0,203.0,204.5,9643965,164.6549835205078
2025-04-28,206.5,207.0,204.5,205.0,6707326,165.0575714111328
2025-04-29,206.0,208.5,204.0,207.5,8012758,167.07046508789062
2025-04-30,206.5,207.0,204.5,206.5,7704860,166.2653045654297
2025-05-02,208.0,213.5,206.5,210.0,13203333,169.08335876464844
2025-05-05,210.0,210.0,206.0,206.5,11379352,166.2653045654297
2025-05-06,206.5,209.5,205.5,209.0,8313031,168.2781982421875
2025-05-07,207.5,208.0,205.5,206.0,8563736,165.8627166748047
2025-05-08,205.5,208.0,205.5,207.0,5333605,166.6678924560547
2025-05-09,209.0,211.0,209.0,211.0,10084583,169.88851928710938
2025-05-12,214.5,217.5,214.0,217.5,14610892,175.12205505371094
2025-05-13,237.0,238.0,228.0,232.5,54273885,187.19943237304688
2025-05-14,234.5,245.0,232.5,242.5,57958140,195.25103759765625
2025-05-15,246.0,252.0,242.5,245.5,47066549,197.66650390625
2025-05-16,247.0,265.0,245.5,260.5,77514069,209.74388122558594
2025-05-19,260.0,263.0,254.0,254.5,37371800,204.91293334960938
2025-05-20,255.0,258.0,252.0,257.5,24499610,207.3284149169922
2025-05-21,256.5,258.5,254.0,256.5,20288746,206.52325439453125
2025-05-22,254.5,262.5,252.0,260.0,29410204,209.34130859375
2025-05-23,261.0,265.0,254.0,256.0,27532184,206.12066650390625
2025-05-26,255.5,258.0,253.0,253.0,11055715,203.7052001953125
2025-05-27,254.0,255.5,248.5,253.0,15525296,203.7052001953125
2025-05-28,255.0,255.0,247.0,249.0,17903409,200.4845733642578
2025-05-29,247.5,249.0,243.0,244.5,22351254,196.86134338378906
2025-06-02,246.5,247.0,243.0,247.0,14435949,198.87423706054688
2025-06-03,247.0,252.5,246.0,252.5,14287391,203.3026123046875
2025-06-04,254.0,256.0,249.0,251.5,25479081,202.49745178222656
2025-06-05,250.0,250.5,238.0,238.0,49005463,191.62782287597656
2025-06-06,239.5,242.0,235.0,236.0,30026060,190.0175018310547
2025-06-09,235.0,238.5,231.0,234.0,30678752,188.40716552734375
2025-06-10,234.5,236.5,234.0,236.5,23548326,190.42007446289062
2025-06-11,237.0,241.5,236.5,241.5,28069794,194.44586181640625
2025-06-12,242.5,242.5,237.5,238.0,21979889,191.62782287597656
2025-06-13,239.0,242.5,238.5,239.0,31165048,192.43296813964844
2025-06-16,241.0,242.5,238.5,242.0,34849953,194.84844970703125
2025-06-17,242.0,245.0,239.0,245.0,47321469,197.263916015625
2025-06-18,246.0,248.0,244.0,246.5,59339975,198.47166442871094
2025-06-19,214.5,217.5,212.5,212.5,58389253,197.08050537109375
2025-06-20,213.5,213.5,207.5,207.5,23727781,192.4433135986328
2025-06-23,206.0,207.0,204.0,205.0,19339290,190.12472534179688
2025-06-24,208.0,210.5,207.0,209.0,15417253,193.83447265625
2025-06-25,208.5,209.5,205.5,205.5,16743578,190.58843994140625
2025-06-26,207.0,209.0,205.0,205.0,14075722,190.12472534179688
2025-06-27,206.5,207.5,205.0,205.5,9502601,190.58843994140625
2025-06-30,206.5,206.5,199.0,199.0,25031802,184.56008911132812
2025-07-01,200.5,204.5,199.0,199.0,16640671,184.56008911132812
2025-07-02,200.0,202.0,199.5,201.0,6282051,186.4149627685547
2025-07-03,203.5,204.5,202.0,203.0,9692606,188.2698516845703
2025-07-04,204.0,205.5,200.5,200.5,8221437,185.9512481689453
2025-07-07,200.5,200.5,193.5,195.5,16818586,181.31405639648438
2025-07-08,196.0,197.0,195.0,195.0,8537615,180.850341796875
2025-07-09,196.5,199.0,195.5,198.0,9591043,183.63265991210938
2025-07-10,198.0,198.0,194.5,195.0,11030439,180.850341796875
2025-07-11,195.5,198.0,195.5,196.5,8429243,182.2415008544922
2025-07-14,197.5,201.5,195.0,201.5,14676130,186.87869262695312
2025-07-15,202.5,203.0,198.5,199.5,10035932,185.02381896972656
2025-07-16,201.0,205.0,198.5,201.0,40411265,186.4149627685547
2025-07-17,203.0,203.5,200.5,202.0,10840545,187.3424072265625
2025-07-18,202.0,203.0,200.0,200.0,11962319,185.48753356933594
2025-07-21,199.0,200.0,197.0,197.5,9640536,183.1689453125
2025-07-22,199.0,200.5,196.0,196.0,9599328,181.7777862548828
2025-07-23,197.0,199.5,197.0,197.5,6998442,183.1689453125
2025-07-24,200.0,203.0,199.5,201.5,10947495,186.87869262695312
2025-07-25,202.5,204.0,202.0,202.0,7329657,187.3424072265625
2025-07-28,202.0,202.5,199.5,200.0,5388541,185.48753356933594
2025-07-29,199.5,201.0,198.5,198.5,5674783,184.09637451171875
2025-07-30,199.0,200.5,198.5,199.5,3790260,185.02381896972656
2025-07-31,200.0,200.5,197.5,198.0,7027452,183.63265991210938
2025-08-04,197.5,197.5,195.5,196.5,9058203,182.2415008544922
2025-08-05,197.5,198.0,196.0,196.0,8378340,181.7777862548828
2025-08-06,197.0,197.5,196.0,196.0,5840062,181.7777862548828
2025-08-07,196.0,197.0,194.5,194.5,12161612,180.38662719726562
2025-08-08,195.5,198.0,195.0,197.5,6799377,183.1689453125
2025-08-11,197.5,197.5,194.0,195.0,8963700,180.850341796875
2025-08-12,195.5,198.5,195.5,198.0,8412025,183.63265991210938
2025-08-13,199.5,199.5,196.5,197.0,8156159,182.70521545410156
2025-08-14,198.0,199.5,197.5,199.0,7211943,184.56008911132812
2025-08-15,199.0,199.5,197.0,198.0,8100064,183.63265991210938
2025-08-18,198.5,199.5,196.5,197.5,7585252,183.1689453125
2025-08-19,197.0,197.0,194.5,194.5,12788606,180.38662719726562
2025-08-20,194.5,195.0,190.5,192.5,15237661,178.53175354003906
2025-08-21,193.5,195.5,193.0,194.0,5251730,179.92291259765625
2025-08-22,194.0,194.0,190.5,190.5,10397768,176.6768798828125
2025-08-25,191.0,191.0,187.5,189.0,13243688,175.2857208251953
2025-08-26,188.5,190.0,187.0,188.5,11422704,174.82200622558594
2025-08-27,188.5,189.5,187.0,188.0,9582191,174.3582763671875
2025-08-28,189.0,192.5,188.0,188.0,11860550,174.3582763671875
2025-08-29,188.5,188.5,185.5,185.5,12080116,172.03968811035156
2025-09-01,187.0,188.0,184.0,184.0,9963421,170.64852905273438
2025-09-02,184.5,185.5,182.5,183.0,9498868,169.72109985351562
2025-09-03,183.0,184.5,182.0,183.0,6319214,169.72109985351562
2025-09-04,183.5,186.5,183.0,185.0,8274327,171.5759735107422
2025-09-05,186.5,187.0,185.0,186.5,5046596,172.9671173095703
2025-09-08,186.5,188.0,185.5,186.5,6587431,172.9671173095703
2025-09-09,187.0,187.5,184.5,184.5,7269891,171.11224365234375
2025-09-10,185.0,186.5,184.0,185.5,6549096,172.03968811035156
2025-09-11,186.5,186.5,183.0,183.0,7763718,169.72109985351562
2025-09-12,183.0,186.0,183.0,185.5,5405608,172.03968811035156
2025-09-15,186.0,186.0,183.5,183.5,5123603,170.184814453125
2025-09-16,184.5,185.5,183.5,183.5,5974757,170.184814453125
2025-09-17,183.5,186.5,183.0,183.5,7876311,170.184814453125
2025-09-18,185.0,185.0,183.5,184.5,4209910,171.11224365234375
2025-09-19,186.0,189.0,185.0,188.5,11980307,174.82200622558594
2025-09-22,186.0,186.0,183.0,183.5,15791837,170.184814453125
2025-09-23,183.5,183.5,182.0,182.0,11297895,168.7936553955078
2025-09-24,184.0,184.0,180.5,180.5,8506587,167.40249633789062
2025-09-25,181.5,182.5,180.0,180.0,8553427,166.93878173828125
2025-09-26,180.0,181.0,177.5,178.0,10618705,165.0839080810547
2025-09-30,178.0,180.0,175.0,179.0,11400962,166.01133728027344
2025-10-01,180.5,180.5,177.5,177.5,5939148,164.62017822265625
2025-10-02,177.5,179.5,177.5,177.5,5516032,164.62017822265625
2025-10-03,178.0,181.5,178.0,180.5,6854435,167.40249633789062
2025-10-07,181.5,181.5,179.5,180.0,7090617,166.93878173828125
2025-10-08,180.5,181.5,179.0,179.5,5280284,166.47506713867188
2025-10-09,180.0,180.0,178.5,178.5,5060819,165.54762268066406
2025-10-13,175.5,180.0,175.0,179.0,10273543,166.01133728027344
2025-10-14,180.0,194.0,180.0,189.0,54420794,175.2857208251953
2025-10-15,186.0,187.0,182.5,184.0,23994676,170.64852905273438
2025-10-16,185.0,186.0,183.0,185.5,9359544,172.03968811035156
2025-10-17,186.0,192.0,186.0,186.5,19682188,172.9671173095703
2025-10-20,189.0,189.5,184.5,184.5,11902438,171.11224365234375
2025-10-21,185.5,186.0,182.0,182.0,11908374,168.7936553955078
2025-10-22,182.5,184.5,182.5,182.5,6237183,169.2573699951172
2025-10-23,183.5,186.0,183.5,185.0,6699789,171.5759735107422
2025-10-27,187.0,187.5,185.0,185.5,8862461,172.03968811035156
2025-10-28,187.0,188.5,187.0,187.5,8091748,173.89456176757812
2025-10-29,188.0,191.0,187.5,190.0,12617020,176.21315002441406
2025-10-30,192.0,201.0,192.0,196.0,48996375,181.7777862548828
2025-10-31,194.5,197.5,193.5,193.5,20776263,179.4591827392578
2025-11-03,195.5,197.0,192.5,193.0,9706123,178.99546813964844
2025-11-04,193.0,194.5,187.5,188.0,14781098,174.3582763671875
2025-11-05,187.5,188.0,185.0,185.5,9475304,172.03968811035156
2025-11-06,187.5,190.5,186.5,188.5,5652727,174.82200622558594
2025-11-07,187.5,190.0,187.0,187.0,5477848,173.43084716796875
2025-11-10,185.0,185.0,182.0,182.5,10882769,169.2573699951172
2025-11-11,183.5,183.5,180.0,180.0,10331560,166.93878173828125
2025-11-12,183.0,188.0,183.0,186.0,13734468,172.50340270996094
2025-11-13,188.5,189.5,186.0,187.5,12763354,173.89456176757812
2025-11-14,187.5,191.0,185.5,185.5,15083486,172.03968811035156
2025-11-17,184.5,185.0,181.5,181.5,9369425,168.32994079589844
2025-11-18,181.5,183.5,179.5,179.5,12129438,166.47506713867188
2025-11-19,180.5,183.5,179.5,179.5,7810425,166.47506713867188
2025-11-20,182.0,185.0,181.5,182.5,7273273,169.2573699951172
2025-11-21,181.0,183.0,179.5,180.0,7643348,166.93878173828125
2025-11-24,180.5,181.0,178.5,179.0,9094984,166.01133728027344
2025-11-25,179.5,182.0,179.5,180.5,5844286,167.40249633789062
2025-11-26,182.5,184.5,181.0,182.0,8941508,168.7936553955078
2025-11-27,183.0,183.5,180.5,180.5,6875588,167.40249633789062
2025-11-28,181.0,181.5,179.5,179.5,6237699,166.47506713867188
2025-12-01,180.5,182.5,180.0,181.5,4626841,168.32994079589844
2025-12-02,181.0,183.0,180.5,181.5,6269126,168.32994079589844
2025-12-03,182.0,183.5,181.5,182.5,3893869,169.2573699951172
2025-12-04,183.0,185.0,183.0,184.5,8010316,171.11224365234375
2025-12-05,185.0,185.0,182.5,183.0,5631784,169.72109985351562
2025-12-08,182.5,182.5,179.5,180.0,9055731,166.93878173828125
2025-12-09,179.5,179.5,178.0,178.5,8799782,165.54762268066406
2025-12-10,179.0,180.0,178.0,179.0,6023426,166.01133728027344
2025-12-11,179.0,181.0,179.0,180.5,5562767,167.40249633789062
2025-12-12,182.0,183.5,181.5,183.0,9282473,169.72109985351562
2025-12-15,183.5,184.5,182.5,183.5,7859404,170.184814453125
2025-12-16,183.0,185.0,182.5,183.5,7337726,170.184814453125
2025-12-17,184.0,185.0,183.5,184.0,5816062,170.64852905273438
2025-12-18,184.0,184.5,181.0,183.0,5104592,169.72109985351562
2025-12-19,182.5,185.5,182.0,185.5,9415152,172.03968811035156
2025-12-22,186.0,186.5,184.5,186.0,7829299,172.50340270996094
2025-12-23,186.5,186.5,185.0,186.0,6638680,172.50340270996094
2025-12-24,186.0,189.5,185.5,188.5,10832617,174.82200622558594
2025-12-26,189.0,192.0,188.0,191.0,14064762,177.14059448242188
2025-12-29,192.0,192.5,190.0,190.5,8823659,176.6768798828125
2025-12-30,191.0,191.5,189.0,191.0,6551432,177.14059448242188
2025-12-31,191.5,191.5,189.5,190.0,7714341,176.21315002441406
2026-01-02,192.5,194.5,192.0,193.0,14963800,178.99546813964844
2026-01-05,194.0,194.0,190.0,190.0,9927799,176.21315002441406
2026-01-06,190.0,192.0,189.5,189.5,5823947,175.7494354248047
2026-01-07,190.0,197.0,189.5,195.5,19973330,181.31405639648438
2026-01-08,195.0,197.0,193.5,193.5,9530919,179.4591827392578
2026-01-09,195.0,195.5,193.5,193.5,10515876,179.4591827392578
2026-01-12,195.5,196.0,193.5,195.5,7249460,181.31405639648438
2026-01-13,196.5,198.0,194.5,195.0,11029293,180.850341796875
2026-01-14,195.0,195.5,194.0,194.0,7307201,179.92291259765625
2026-01-15,194.5,196.0,194.0,195.0,5222686,180.850341796875
2026-01-16,193.0,193.5,189.5,190.0,22744081,176.21315002441406
2026-01-19,187.5,190.0,185.5,187.5,14070947,173.89456176757812
2026-01-20,189.0,193.5,188.5,191.0,10575802,177.14059448242188
2026-01-21,192.0,194.5,190.5,191.0,13253934,177.14059448242188
2026-01-22,192.0,194.0,191.5,192.5,8505943,178.53175354003906
2026-01-23,192.5,192.5,189.0,189.5,8795797,175.7494354248047
2026-01-26,188.0,189.5,186.5,188.5,9024543,174.82200622558594
2026-01-27,188.0,190.0,187.0,187.0,10534899,173.43084716796875
2026-01-28,188.0,192.0,188.0,192.0,12161906,178.06802368164062
2026-01-29,192.0,193.0,189.5,190.0,7117382,176.21315002441406
2026-01-30,189.5,191.0,186.0,186.0,11365489,172.50340270996094
2026-02-02,186.0,186.0,183.0,184.0,8287772,170.64852905273438
2026-02-03,186.0,187.5,185.0,185.0,7696508,171.5759735107422
2026-02-04,185.5,189.0,184.5,188.5,5563612,174.82200622558594
2026-02-05,188.0,189.0,187.0,187.0,4552178,173.43084716796875
2026-02-06,186.5,187.5,184.0,187.5,4298159,173.89456176757812
2026-02-09,187.5,188.5,186.0,186.5,4596965,172.9671173095703
2026-02-10,187.5,188.0,186.0,186.0,5724138,172.50340270996094
2026-02-11,187.5,187.5,186.0,186.0,5662303,172.50340270996094
2026-02-23,188.0,191.5,187.5,188.5,17572504,174.82200622558594
2026-02-24,190.0,192.0,190.0,190.5,9501821,176.6768798828125
2026-02-25,191.5,193.0,190.5,192.0,14050621,178.06802368164062
2026-02-26,194.0,197.5,194.0,197.0,24799216,182.70521545410156
2026-03-02,211.0,213.5,200.0,210.0,48962119,194.76190185546875
2026-03-03,213.5,219.5,212.5,216.5,56140536,200.79025268554688
2026-03-04,221.0,222.5,207.0,209.5,64307896,194.29818725585938
2026-03-05,212.0,220.0,203.0,208.0,39692106,192.9070281982422
2026-03-06,211.0,212.0,205.0,210.5,16015168,195.2256317138672
2026-03-09,210.0,216.0,205.0,210.5,47932850,195.2256317138672
2026-03-10,207.0,210.0,203.5,205.5,23133726,190.58843994140625
2026-03-11,205.5,212.0,204.0,210.0,17996793,194.76190185546875
2026-03-12,211.5,213.0,209.0,211.5,11396114,196.15306091308594
2026-03-13,210.5,211.5,207.0,207.5,13730530,192.4433135986328
2026-03-16,212.0,219.5,212.0,218.5,40126150,202.64512634277344
2026-03-17,218.5,218.5,214.0,218.0,14936314,202.18141174316406
2026-03-18,219.0,220.0,216.5,218.0,11180717,202.18141174316406
2026-03-19,219.0,222.0,217.5,217.5,13656009,201.7176971435547
2026-03-20,218.0,218.0,212.5,214.0,23399294,198.47166442871094
2026-03-23,208.0,208.5,202.5,204.0,18574377,189.19728088378906
2026-03-24,206.0,206.0,202.0,203.0,7949614,188.2698516845703
2026-03-25,205.0,206.0,203.0,206.0,8662494,191.05215454101562
2026-03-26,206.0,206.5,202.5,203.0,5867911,188.2698516845703
2026-03-27,202.5,204.5,199.5,201.0,9354696,186.4149627685547
2026-03-30,199.5,206.0,199.5,203.5,9332378,188.7335662841797
2026-03-31,204.0,205.0,198.5,199.5,10276066,185.02381896972656
2026-04-01,202.0,205.0,201.0,204.5,7443255,189.66099548339844
2026-04-02,204.0,204.5,201.0,202.5,5892112,187.80612182617188
2026-04-07,203.0,204.5,202.5,203.0,4382949,188.2698516845703
2026-04-08,203.5,203.5,200.0,202.0,13258985,187.3424072265625
2026-04-09,201.0,203.0,200.0,203.0,6976467,188.2698516845703
2026-04-10,203.5,204.0,201.5,202.5,8191542,187.80612182617188
2026-04-13,202.5,203.0,200.0,200.0,8169360,185.48753356933594
2026-04-14,202.0,202.0,200.5,201.0,7535399,186.4149627685547
2026-04-15,202.0,204.0,200.5,203.0,9997076,188.2698516845703
2026-04-16,203.0,204.5,200.0,201.5,13305462,186.87869262695312
2026-04-17,201.5,201.5,198.0,198.0,14624061,183.63265991210938
2026-04-20,198.5,199.0,196.0,197.0,13703719,182.70521545410156
2026-04-21,199.0,202.0,198.5,201.5,11365939,186.87869262695312
2026-04-22,202.0,203.0,201.0,202.0,8079462,187.3424072265625
2026-04-23,203.5,204.5,199.5,201.0,13645930,186.4149627685547
2026-04-24,202.0,202.5,199.5,201.5,9948073,186.87869262695312
2026-04-27,201.5,202.0,199.0,199.5,8479089,185.02381896972656
2026-04-28,200.5,201.5,199.0,200.0,8313201,185.48753356933594
2026-04-29,201.5,203.0,200.5,201.5,5508420,186.87869262695312
2026-04-30,200.5,203.0,200.0,202.0,6320460,187.3424072265625
2026-05-04,202.0,208.5,202.0,206.0,13261307,191.05215454101562
2026-05-05,206.0,211.0,204.5,208.0,11334722,192.9070281982422
2026-05-06,211.0,213.5,209.0,212.0,13648103,196.61679077148438
2026-05-07,212.5,214.5,211.5,213.5,10182021,198.0079345703125
2026-05-08,212.5,214.0,211.0,211.5,12228813,196.15306091308594
2026-05-11,213.5,215.0,212.5,214.0,8980993,198.47166442871094
2026-05-12,216.0,216.5,213.5,214.0,8594303,198.47166442871094
2026-05-13,215.0,215.0,209.5,210.0,9157782,194.76190185546875
2026-05-14,209.5,213.0,207.0,211.5,8805475,196.15306091308594
2026-05-15,208.0,208.5,200.5,200.5,24196789,185.9512481689453
2026-05-18,200.0,200.5,197.0,197.5,17769548,183.1689453125
2026-05-19,197.5,200.0,195.5,197.0,16487677,182.70521545410156
2026-05-20,210.0,216.5,207.0,212.5,47404718,197.08050537109375
2026-05-21,212.0,214.5,210.5,212.0,20383068,196.61679077148438
2026-05-22,214.5,219.0,214.0,219.0,29484482,203.1088409423828
2026-05-25,220.0,222.0,214.0,214.0,30711918,198.47166442871094
2026-05-26,215.5,218.5,211.5,211.5,27696875,196.15306091308594
2026-05-27,213.0,216.5,209.0,211.5,33663232,196.15306091308594
2026-05-28,212.0,215.0,211.0,211.0,27546158,195.68934631347656
2026-05-29,212.5,216.5,211.0,213.0,30012708,197.54421997070312
2026-06-01,217.0,225.0,216.5,224.0,34297830,207.74603271484375
2026-06-02,225.0,231.0,220.5,231.0,35281045,214.23809814453125
2026-06-03,233.0,242.5,228.5,237.0,38150233,219.80271911621094
2026-06-04,237.0,240.5,231.0,236.0,26985536,218.8752899169922
2026-06-05,239.0,241.0,232.0,232.0,23370149,215.16554260253906
2026-06-08,222.0,228.5,222.0,224.0,22124068,207.74603271484375
2026-06-09,226.5,228.0,221.0,222.0,22218916,205.8911590576172
2026-06-10,223.5,225.5,221.0,223.0,21407666,206.818603515625
2026-06-11,223.5,227.5,222.0,226.0,22281402,209.6009063720703
2026-06-12,227.0,232.0,226.5,228.0,18614108,211.45578002929688
2026-06-15,230.0,230.5,223.5,224.5,20122186,208.2097625732422
2026-06-16,223.0,223.0,219.0,220.5,31799241,204.5
2026-06-17,198.0,198.0,192.0,194.0,58981636,194.0
2026-06-18,194.5,196.0,193.0,193.0,15484054,193.0
2026-06-22,194.5,194.5,192.5,193.0,15150215,193.0
2026-06-23,194.0,194.0,188.0,189.0,20873136,189.0
2026-06-24,189.0,189.0,185.5,186.5,24069092,186.5
2026-06-25,187.0,188.0,185.0,185.0,13903055,185.0
2026-06-26,184.5,185.0,180.5,181.0,26000523,181.0
2026-06-29,184.5,186.0,181.0,184.0,17508619,184.0
2026-06-30,186.0,186.0,183.0,184.5,14616692,184.5
2026-07-01,186.5,187.5,185.0,185.5,10583275,185.5
2026-07-02,185.5,187.0,183.5,185.5,6731545,185.5
2026-07-03,185.5,197.5,185.5,195.0,24531600,195.0
2026-07-06,197.0,198.5,194.5,195.5,8324095,195.5
2026-07-07,191.0,191.5,186.5,188.0,22689953,188.0
2026-07-08,190.0,196.0,189.5,196.0,15809201,196.0
2026-07-09,196.5,196.5,193.5,194.5,5229104,194.5
2026-07-10,194.5,194.5,194.5,194.5,0,194.5
2026-07-13,194.0,196.5,191.5,195.0,8826755,195.0
2026-07-14,196.5,197.5,192.0,194.5,9152336,194.5
2026-07-15,194.5,200.0,194.0,199.5,15223805,199.5
2026-07-16,199.5,201.0,198.0,200.0,6345812,200.0
2026-07-17,200.0,202.5,198.0,198.0,16738089,198.0
2026-07-20,201.0,202.5,196.0,196.0,9918266,196.0
2026-07-21,198.0,206.0,198.0,203.0,17290685,203.0
2026-07-22,204.0,208.5,204.0,206.0,11485732,206.0
2026-07-23,206.0,207.0,203.0,203.5,6038614,203.5
2026-07-24,205.0,206.0,203.5,206.0,6566868,206.0
2026-07-27,203.5,206.0,202.5,203.5,6616989,203.5
2026-07-28,203.0,203.0,199.0,200.0,6934962,200.0
2026-07-29,205.0,205.5,198.0,201.5,12980221,201.5
2026-07-30,202.5,202.5,199.5,201.0,6822218,201.0
2026-07-31,201.0,205.0,201.0,204.0,6725022,204.0
