Date,Open,High,Low,Close,Volume,Adj_Close
2016-08-29,17.850000381469727,18.299999237060547,17.75,18.100000381469727,4522200,8.704621315002441
2016-08-30,18.110000610351562,18.190000534057617,17.610000610351562,17.649999618530273,3496100,8.488208770751953
2016-08-31,17.649999618530273,17.700000762939453,16.84000015258789,16.940000534057617,9412000,8.14675521850586
2016-09-01,17.049999237060547,17.530000686645508,17.020000457763672,17.440000534057617,5304600,8.387213706970215
2016-09-02,17.700000762939453,18.3700008392334,17.649999618530273,18.239999771118164,6874100,8.771946907043457
2016-09-05,18.389999389648438,18.389999389648438,17.850000381469727,17.899999618530273,2510200,8.60843276977539
2016-09-06,17.989999771118164,18.31999969482422,17.690000534057617,18.270000457763672,5138000,8.786375999450684
2016-09-08,18.010000228881836,18.170000076293945,17.65999984741211,17.790000915527344,8065300,8.555535316467285
2016-09-09,17.65999984741211,17.709999084472656,16.860000610351562,16.860000610351562,5791800,8.108280181884766
2016-09-12,16.84000015258789,17.549999237060547,16.579999923706055,17.489999771118164,7225300,8.411261558532715
2016-09-13,17.079999923706055,17.139999389648438,16.15999984741211,16.270000457763672,8066000,7.824540615081787
2016-09-14,16.5,16.860000610351562,16.360000610351562,16.639999389648438,3641700,8.002480506896973
2016-09-15,16.780000686645508,17.0,16.450000762939453,16.639999389648438,2252200,8.002480506896973
2016-09-16,16.579999923706055,16.600000381469727,16.219999313354492,16.40999984741211,5283500,7.8918681144714355
2016-09-19,16.75,16.920000076293945,16.489999771118164,16.65999984741211,3279600,8.012097358703613
2016-09-20,16.719999313354492,16.799999237060547,16.3799991607666,16.700000762939453,3364300,8.03133487701416
2016-09-21,17.209999084472656,17.649999618530273,17.100000381469727,17.649999618530273,7617300,8.488208770751953
2016-09-22,17.860000610351562,17.959999084472656,17.31999969482422,17.549999237060547,5386000,8.44011402130127
2016-09-23,17.469999313354492,17.84000015258789,17.309999465942383,17.649999618530273,4769800,8.488208770751953
2016-09-26,17.389999389648438,17.68000030517578,17.3799991607666,17.440000534057617,2331200,8.387213706970215
2016-09-27,17.350000381469727,17.6299991607666,17.100000381469727,17.600000381469727,3173900,8.46416187286377
2016-09-28,17.68000030517578,18.219999313354492,17.649999618530273,18.190000534057617,4951800,8.747901916503906
2016-09-29,18.209999084472656,18.420000076293945,17.8700008392334,17.989999771118164,4395100,8.651718139648438
2016-09-30,18.020000457763672,18.079999923706055,17.65999984741211,17.809999465942383,4534600,8.565154075622559
2016-10-03,17.850000381469727,18.270000457763672,17.75,18.100000381469727,3689100,8.704621315002441
2016-10-04,18.200000762939453,18.299999237060547,17.559999465942383,17.649999618530273,5321900,8.488208770751953
2016-10-05,17.8799991607666,18.010000228881836,17.709999084472656,17.860000610351562,3221600,8.589200973510742
2016-10-06,17.84000015258789,17.950000762939453,17.700000762939453,17.799999237060547,4178300,8.560345649719238
2016-10-07,17.969999313354492,18.280000686645508,17.719999313354492,18.0,10040900,8.65652847290039
2016-10-10,18.239999771118164,19.09000015258789,18.15999984741211,19.049999237060547,8879800,9.161492347717285
2016-10-11,18.8799991607666,19.100000381469727,18.399999618530273,18.600000381469727,9733500,8.945079803466797
2016-10-13,18.25,18.25,17.700000762939453,17.75,18453000,8.536298751831055
2016-10-14,18.100000381469727,18.329999923706055,17.969999313354492,18.020000457763672,6890600,8.666147232055664
2016-10-17,18.09000015258789,18.450000762939453,17.979999542236328,18.239999771118164,5163600,8.771946907043457
2016-10-18,18.5,18.8799991607666,18.34000015258789,18.770000457763672,9581100,9.026834487915039
2016-10-19,18.760000228881836,18.920000076293945,18.510000228881836,18.6200008392334,4573100,8.954697608947754
2016-10-20,18.670000076293945,19.170000076293945,18.649999618530273,19.100000381469727,9474800,9.185538291931152
2016-10-21,19.149999618530273,20.200000762939453,18.8799991607666,19.90999984741211,16069400,9.575081825256348
2016-10-24,20.299999237060547,20.610000610351562,20.020000457763672,20.299999237060547,7251300,9.762639999389648
2016-10-25,20.829999923706055,21.350000381469727,20.6200008392334,21.350000381469727,11607500,10.267603874206543
2016-10-26,21.100000381469727,21.860000610351562,20.81999969482422,21.770000457763672,10290600,10.469590187072754
2016-10-27,22.100000381469727,22.309999465942383,21.65999984741211,22.0,10148800,10.580201148986816
2016-10-28,21.850000381469727,22.469999313354492,21.829999923706055,22.139999389648438,9967500,10.647528648376465
2016-10-31,22.149999618530273,22.34000015258789,21.65999984741211,22.079999923706055,6545600,10.618677139282227
2016-11-01,22.3700008392334,22.649999618530273,21.56999969482422,22.299999237060547,7503800,10.724477767944336
2016-11-03,22.049999237060547,22.65999984741211,21.8799991607666,21.959999084472656,8953400,10.560962677001953
2016-11-04,21.809999465942383,22.1200008392334,21.440000534057617,21.610000610351562,7433500,10.392643928527832
2016-11-07,22.389999389648438,23.209999084472656,22.200000762939453,23.1299991607666,5148700,11.123638153076172
2016-11-08,23.010000228881836,24.299999237060547,22.979999542236328,23.969999313354492,4850600,11.527608871459961
2016-11-09,23.600000381469727,25.889999389648438,23.31999969482422,25.0,13530400,12.022956848144531
2016-11-10,25.959999084472656,27.40999984741211,25.799999237060547,26.8700008392334,10367700,12.922274589538574
2016-11-11,27.690000534057617,28.010000228881836,25.799999237060547,25.979999542236328,15173900,12.494255065917969
2016-11-14,25.81999969482422,26.739999771118164,25.559999465942383,26.459999084472656,7093100,12.72510051727295
2016-11-16,25.09000015258789,25.31999969482422,24.170000076293945,25.149999618530273,7501900,12.095091819763184
2016-11-17,25.489999771118164,25.600000381469727,24.739999771118164,24.739999771118164,8337800,11.897915840148926
2016-11-18,24.600000381469727,24.8700008392334,23.719999313354492,24.56999969482422,6893800,11.816163063049316
2016-11-21,24.75,25.899999618530273,24.649999618530273,25.829999923706055,6291900,12.422121047973633
2016-11-22,27.06999969482422,27.8799991607666,26.899999618530273,27.770000457763672,7431700,13.355100631713867
2016-11-23,27.75,28.3700008392334,27.34000015258789,28.170000076293945,6486000,13.547467231750488
2016-11-24,28.290000915527344,28.530000686645508,27.59000015258789,27.59000015258789,2690500,13.268535614013672
2016-11-25,27.530000686645508,28.899999618530273,27.510000228881836,28.899999618530273,6218900,13.898538589477539
2016-11-28,29.0,31.010000228881836,28.59000015258789,31.010000228881836,8817900,14.913273811340332
2016-11-29,30.43000030517578,30.450000762939453,28.860000610351562,29.18000030517578,9459400,14.033194541931152
2016-11-30,28.979999542236328,29.549999237060547,27.920000076293945,28.059999465942383,14907900,13.494566917419434
2016-12-01,29.06999969482422,30.25,27.90999984741211,28.469999313354492,11799200,13.691741943359375
2016-12-02,27.809999465942383,29.489999771118164,27.450000762939453,29.489999771118164,9537100,14.265604019165039
2016-12-05,29.770000457763672,30.149999618530273,29.209999084472656,29.600000381469727,4397400,14.318818092346191
2016-12-06,29.31999969482422,30.0,29.1299991607666,30.0,4878800,14.51231575012207
2016-12-07,30.8799991607666,31.479999542236328,30.43000030517578,31.030000686645508,6300800,15.010575294494629
2016-12-08,31.299999237060547,31.649999618530273,30.0,30.1299991607666,5145300,14.575197219848633
2016-12-09,30.280000686645508,30.399999618530273,29.459999084472656,29.610000610351562,5973500,14.323653221130371
2016-12-12,29.790000915527344,30.049999237060547,29.190000534057617,29.489999771118164,3642800,14.265604019165039
2016-12-13,28.950000762939453,29.510000228881836,28.059999465942383,28.329999923706055,6229000,13.704463005065918
2016-12-14,28.149999618530273,28.670000076293945,27.5,27.8799991607666,7732900,13.486777305603027
2016-12-15,27.799999237060547,28.6299991607666,27.34000015258789,28.229999542236328,5288200,13.656085968017578
2016-12-16,28.280000686645508,28.59000015258789,27.75,27.75,6343900,13.423892974853516
2016-12-19,27.700000762939453,27.940000534057617,25.989999771118164,26.049999237060547,6369800,12.60152530670166
2016-12-20,26.209999084472656,26.639999389648438,25.920000076293945,26.579999923706055,4565700,12.857911109924316
2016-12-21,26.709999084472656,26.940000534057617,26.219999313354492,26.479999542236328,3690600,12.809534072875977
2016-12-22,25.899999618530273,26.030000686645508,25.209999084472656,25.3799991607666,3926800,12.27741813659668
2016-12-23,25.459999084472656,25.719999313354492,25.18000030517578,25.190000534057617,4234100,12.185506820678711
2016-12-26,25.329999923706055,26.06999969482422,25.139999389648438,25.989999771118164,854600,12.572502136230469
2016-12-27,26.229999542236328,26.389999389648438,25.829999923706055,25.860000610351562,1967300,12.509613037109375
2016-12-28,26.209999084472656,26.920000076293945,26.209999084472656,26.68000030517578,6264000,12.906286239624023
2016-12-29,26.68000030517578,26.850000381469727,25.5,25.68000030517578,4778000,12.422540664672852
2017-01-02,25.280000686645508,25.489999771118164,25.049999237060547,25.059999465942383,1118500,12.122618675231934
2017-01-03,25.510000228881836,26.170000076293945,25.399999618530273,26.170000076293945,5658500,12.659577369689941
2017-01-04,26.059999465942383,26.229999542236328,25.360000610351562,25.700000762939453,2144400,12.43221664428711
2017-01-05,25.979999542236328,26.899999618530273,25.780000686645508,26.68000030517578,4031600,12.906286239624023
2017-01-06,26.290000915527344,26.59000015258789,25.860000610351562,25.969999313354492,4213500,12.562828063964844
2017-01-09,26.299999237060547,26.850000381469727,26.270000457763672,26.5,3407800,12.819209098815918
2017-01-10,27.420000076293945,28.540000915527344,27.420000076293945,28.540000915527344,3606500,13.806052207946777
2017-01-11,28.809999465942383,29.190000534057617,28.329999923706055,29.1299991607666,3499900,14.091456413269043
2017-01-12,30.079999923706055,30.420000076293945,29.709999084472656,30.06999969482422,5500500,14.546175956726074
2017-01-13,29.889999389648438,31.200000762939453,29.700000762939453,30.979999542236328,4424800,14.986382484436035
2017-01-16,31.200000762939453,32.11000061035156,31.200000762939453,31.81999969482422,2018500,15.392728805541992
2017-01-17,31.229999542236328,31.299999237060547,30.489999771118164,30.56999969482422,5968500,14.788046836853027
2017-01-18,30.350000381469727,32.689998626708984,30.350000381469727,32.11000061035156,14846300,15.533013343811035
2017-01-19,32.0,32.02000045776367,31.030000686645508,31.469999313354492,5303100,15.223417282104492
2017-01-20,30.989999771118164,32.43000030517578,30.950000762939453,32.099998474121094,6309700,15.528175354003906
2017-01-23,32.209999084472656,33.47999954223633,32.189998626708984,33.310001373291016,4369600,16.11350440979004
2017-01-24,34.06999969482422,34.720001220703125,33.27000045776367,34.130001068115234,5373900,16.510177612304688
2017-01-26,34.41999816894531,34.630001068115234,33.599998474121094,33.599998474121094,5274700,16.25379180908203
2017-01-27,33.47999954223633,34.20000076293945,33.40999984741211,33.70000076293945,3244000,16.302169799804688
2017-01-30,33.220001220703125,33.4900016784668,32.13999938964844,32.25,3136800,15.600735664367676
2017-01-31,32.70000076293945,32.95000076293945,32.11000061035156,32.18000030517578,4067300,15.566873550415039
2017-02-01,32.70000076293945,33.5099983215332,32.68000030517578,32.88999938964844,5928500,15.910333633422852
2017-02-02,32.40999984741211,33.439998626708984,32.40999984741211,32.65999984741211,4024400,15.799072265625
2017-02-03,32.0,32.0,30.389999389648438,30.610000610351562,6833500,14.807401657104492
2017-02-06,30.65999984741211,30.770000457763672,29.8700008392334,29.920000076293945,3554600,14.473613739013672
2017-02-07,30.639999389648438,31.329999923706055,30.079999923706055,30.239999771118164,4297100,14.628413200378418
2017-02-08,30.790000915527344,30.81999969482422,30.040000915527344,30.59000015258789,3867100,14.797724723815918
2017-02-09,30.520000457763672,31.350000381469727,30.260000228881836,31.079999923706055,4011900,15.034757614135742
2017-02-10,32.15999984741211,32.79999923706055,32.099998474121094,32.79999923706055,5036400,15.86679744720459
2017-02-13,34.209999084472656,35.849998474121094,34.02000045776367,35.810001373291016,11344600,17.322866439819336
2017-02-14,35.529998779296875,35.560001373291016,34.029998779296875,34.400001525878906,4651000,16.640789031982422
2017-02-15,34.70000076293945,34.75,33.689998626708984,33.81999969482422,6626600,16.36021614074707
2017-02-16,33.779998779296875,34.439998626708984,33.619998931884766,33.77000045776367,5231900,16.33602523803711
2017-02-17,33.61000061035156,34.29999923706055,33.38999938964844,34.06999969482422,5909200,16.481151580810547
2017-02-20,35.88999938964844,36.560001373291016,35.779998779296875,36.43000030517578,6047300,17.62278938293457
2017-02-21,36.84000015258789,37.279998779296875,35.279998779296875,35.540000915527344,6307900,17.192251205444336
2017-02-22,35.33000183105469,35.33000183105469,34.029998779296875,34.689998626708984,6845300,16.781076431274414
2017-02-23,35.189998626708984,35.25,32.79999923706055,33.16999816894531,12566100,16.0457820892334
2017-02-24,32.150001525878906,33.90999984741211,32.0,32.720001220703125,9984400,15.828100204467773
2017-03-01,33.04999923706055,33.380001068115234,32.849998474121094,33.16999816894531,3262200,16.0457820892334
2017-03-02,33.29999923706055,33.599998474121094,31.350000381469727,31.459999084472656,6860100,15.218579292297363
2017-03-03,31.889999389648438,32.290000915527344,31.360000610351562,31.81999969482422,6887300,15.392728805541992
2017-03-06,31.399999618530273,31.610000610351562,30.68000030517578,31.100000381469727,6393900,15.044434547424316
2017-03-07,31.190000534057617,31.8700008392334,30.799999237060547,30.920000076293945,6653500,14.957359313964844
2017-03-08,31.219999313354492,31.350000381469727,29.829999923706055,30.1200008392334,5789100,14.570364952087402
2017-03-09,29.450000762939453,30.579999923706055,29.06999969482422,30.18000030517578,8743900,14.59938907623291
2017-03-10,30.65999984741211,31.020000457763672,29.649999618530273,29.649999618530273,5574100,14.34300422668457
2017-03-13,30.739999771118164,31.3799991607666,30.700000762939453,31.010000228881836,5780300,15.000896453857422
2017-03-14,30.75,31.5,30.290000915527344,31.170000076293945,4101000,15.078296661376953
2017-03-15,31.90999984741211,33.31999969482422,31.56999969482422,33.31999969482422,7401600,16.118345260620117
2017-03-16,33.619998931884766,33.84000015258789,32.279998779296875,32.529998779296875,4529000,15.736185073852539
2017-03-17,32.689998626708984,32.77000045776367,31.299999237060547,31.299999237060547,14673300,15.141181945800781
2017-03-20,31.149999618530273,31.889999389648438,30.899999618530273,31.6299991607666,3340900,15.30081558227539
2017-03-21,30.889999389648438,30.969999313354492,28.950000762939453,29.040000915527344,6509400,14.047920227050781
2017-03-22,28.450000762939453,30.079999923706055,28.290000915527344,29.399999618530273,7020200,14.222066879272461
2017-03-23,29.040000915527344,29.6299991607666,28.43000030517578,29.239999771118164,7074400,14.144669532775879
2017-03-24,29.5,29.510000228881836,28.549999237060547,29.0,3917800,14.028573036193848
2017-03-27,27.989999771118164,29.6200008392334,27.25,29.389999389648438,6849000,14.217230796813965
2017-03-28,29.670000076293945,30.0,29.360000610351562,29.809999465942383,4456400,14.420400619506836
2017-03-29,30.079999923706055,30.520000457763672,29.549999237060547,30.110000610351562,3106200,14.565524101257324
2017-03-30,30.0,30.389999389648438,29.75,30.100000381469727,2264400,14.560690879821777
2017-03-31,29.530000686645508,30.350000381469727,29.290000915527344,29.790000915527344,4009400,14.410728454589844
2017-04-03,29.809999465942383,30.0,29.09000015258789,29.510000228881836,4092200,14.275282859802246
2017-04-04,29.559999465942383,30.709999084472656,29.299999237060547,30.649999618530273,2444400,14.826750755310059
2017-04-05,31.0,31.479999542236328,29.270000457763672,29.450000762939453,6253600,14.24625301361084
2017-04-06,29.729999542236328,29.889999389648438,28.649999618530273,28.90999984741211,5813500,13.985034942626953
2017-04-07,28.200000762939453,29.540000915527344,27.93000030517578,29.149999618530273,7506100,14.101131439208984
2017-04-10,29.139999389648438,29.270000457763672,28.3799991607666,29.030000686645508,3787400,14.043078422546387
2017-04-11,29.079999923706055,29.290000915527344,27.81999969482422,28.65999984741211,5097200,13.864096641540527
2017-04-12,27.600000381469727,28.0,27.280000686645508,27.420000076293945,6287000,13.264251708984375
2017-04-13,27.3799991607666,27.899999618530273,27.280000686645508,27.420000076293945,4377900,13.264251708984375
2017-04-17,27.25,27.469999313354492,26.68000030517578,27.43000030517578,5372400,13.269091606140137
2017-04-18,26.549999237060547,26.760000228881836,26.149999618530273,26.610000610351562,7202100,12.87242317199707
2017-04-19,26.899999618530273,27.440000534057617,26.540000915527344,26.670000076293945,6326900,12.901446342468262
2017-04-20,27.290000915527344,28.100000381469727,27.1200008392334,28.049999237060547,4599100,13.569011688232422
2017-04-24,27.950000762939453,27.959999084472656,27.09000015258789,27.450000762939453,3353600,13.721762657165527
2017-04-25,27.31999969482422,28.350000381469727,27.1200008392334,28.350000381469727,4663300,14.171655654907227
2017-04-26,28.290000915527344,28.59000015258789,27.729999542236328,27.729999542236328,5958400,13.861733436584473
2017-04-27,27.889999389648438,28.15999984741211,26.420000076293945,26.829999923706055,9359600,13.41183853149414
2017-04-28,27.139999389648438,27.709999084472656,27.06999969482422,27.469999313354492,4813800,13.731760025024414
2017-05-02,27.700000762939453,28.18000030517578,27.600000381469727,28.059999465942383,7808800,14.026690483093262
2017-05-03,27.600000381469727,27.709999084472656,26.309999465942383,26.31999969482422,7963600,13.156899452209473
2017-05-04,25.950000762939453,25.950000762939453,25.059999465942383,25.350000381469727,7726700,12.672009468078613
2017-05-05,25.200000762939453,26.399999618530273,25.200000762939453,26.049999237060547,4286600,13.021929740905762
2017-05-08,26.0,26.149999618530273,25.43000030517578,26.030000686645508,4552200,13.011932373046875
2017-05-09,26.399999618530273,26.81999969482422,26.18000030517578,26.5,3980000,13.246875762939453
2017-05-10,26.8799991607666,27.049999237060547,26.18000030517578,26.559999465942383,4532500,13.276869773864746
2017-05-11,26.6200008392334,26.709999084472656,26.18000030517578,26.31999969482422,3413600,13.156899452209473
2017-05-12,26.68000030517578,26.700000762939453,25.739999771118164,25.90999984741211,3855800,12.951944351196289
2017-05-15,26.06999969482422,26.649999618530273,25.920000076293945,26.649999618530273,7381800,13.321857452392578
2017-05-16,26.81999969482422,27.420000076293945,26.68000030517578,27.260000228881836,7050000,13.626784324645996
2017-05-17,27.329999923706055,27.479999542236328,26.6299991607666,26.84000015258789,5442000,13.41683578491211
2017-05-18,25.0,27.399999618530273,25.0,26.860000610351562,20151200,13.426833152770996
2017-05-19,27.149999618530273,27.969999313354492,27.0,27.25,6492700,13.621789932250977
2017-05-22,27.25,28.170000076293945,26.920000076293945,27.920000076293945,7988700,13.956710815429688
2017-05-23,27.75,28.360000610351562,27.15999984741211,28.260000228881836,5465400,14.126668930053711
2017-05-24,28.1299991607666,28.1299991607666,27.270000457763672,27.520000457763672,4327900,13.756756782531738
2017-05-25,27.510000228881836,27.940000534057617,27.149999618530273,27.700000762939453,3999300,13.846734046936035
2017-05-26,27.489999771118164,27.920000076293945,27.329999923706055,27.860000610351562,2957000,13.926712989807129
2017-05-29,27.860000610351562,27.860000610351562,27.860000610351562,27.860000610351562,0,13.926712989807129
2017-05-30,28.149999618530273,28.899999618530273,27.920000076293945,28.600000381469727,3075700,14.29662799835205
2017-05-31,28.200000762939453,28.270000457763672,26.8700008392334,27.170000076293945,9452200,13.581794738769531
2017-06-01,27.149999618530273,27.3700008392334,26.489999771118164,26.670000076293945,6907500,13.331854820251465
2017-06-02,26.899999618530273,26.989999771118164,26.389999389648438,26.780000686645508,2607700,13.386842727661133
2017-06-05,26.350000381469727,26.649999618530273,26.219999313354492,26.489999771118164,3460900,13.241875648498535
2017-06-06,26.309999465942383,27.15999984741211,26.309999465942383,26.579999923706055,5873900,13.286866188049316
2017-06-07,26.899999618530273,27.040000915527344,26.329999923706055,26.450000762939453,5915000,13.221884727478027
2017-06-08,26.350000381469727,27.280000686645508,26.31999969482422,27.020000457763672,5173400,13.506815910339355
2017-06-09,27.15999984741211,27.540000915527344,26.93000030517578,27.299999237060547,5224300,13.646781921386719
2017-06-12,27.389999389648438,27.510000228881836,26.530000686645508,26.84000015258789,5193200,13.41683578491211
2017-06-13,26.649999618530273,26.889999389648438,26.149999618530273,26.3700008392334,4573400,13.181890487670898
2017-06-14,26.639999389648438,26.729999542236328,25.809999465942383,26.100000381469727,7635700,13.046923637390137
2017-06-15,26.100000381469727,26.100000381469727,26.100000381469727,26.100000381469727,0,13.046923637390137
2017-06-16,25.809999465942383,26.010000228881836,25.399999618530273,25.559999465942383,13039700,12.776986122131348
2017-06-19,25.989999771118164,26.889999389648438,25.899999618530273,26.389999389648438,5766200,13.191887855529785
2017-06-20,26.1200008392334,26.139999389648438,25.520000457763672,25.709999084472656,4380800,12.851967811584473
2017-06-21,25.899999618530273,26.780000686645508,25.799999237060547,26.469999313354492,2751800,13.231876373291016
2017-06-22,26.450000762939453,27.510000228881836,26.31999969482422,27.020000457763672,4726200,13.506815910339355
2017-06-23,27.020000457763672,27.489999771118164,26.770000457763672,27.239999771118164,4854600,13.616789817810059
2017-06-26,27.34000015258789,27.670000076293945,27.299999237060547,27.469999313354492,4047300,13.731760025024414
2017-06-27,28.350000381469727,28.950000762939453,27.889999389648438,27.920000076293945,7473000,13.956710815429688
2017-06-28,28.510000228881836,28.8799991607666,28.34000015258789,28.790000915527344,8527200,14.391607284545898
2017-06-29,29.1200008392334,29.3700008392334,28.510000228881836,28.899999618530273,4333400,14.44659423828125
2017-06-30,28.950000762939453,29.190000534057617,28.65999984741211,29.0,4749000,14.496578216552734
2017-07-03,29.260000228881836,29.709999084472656,29.100000381469727,29.649999618530273,2172000,14.821504592895508
2017-07-04,29.459999084472656,29.6200008392334,29.360000610351562,29.6200008392334,1058400,14.806510925292969
2017-07-05,29.6299991607666,29.850000381469727,28.719999313354492,28.93000030517578,6447900,14.461590766906738
2017-07-06,28.84000015258789,28.979999542236328,28.440000534057617,28.920000076293945,4847500,14.456589698791504
2017-07-07,29.1200008392334,29.3799991607666,28.43000030517578,28.889999389648438,4652000,14.441593170166016
2017-07-10,28.899999618530273,29.75,28.6200008392334,29.709999084472656,5053400,14.851497650146484
2017-07-11,29.829999923706055,30.09000015258789,29.639999389648438,30.040000915527344,4949900,15.016459465026855
2017-07-12,30.200000762939453,30.290000915527344,29.469999313354492,29.899999618530273,8527700,14.946475982666016
2017-07-13,30.110000610351562,30.239999771118164,29.020000457763672,29.18000030517578,7776800,14.586560249328613
2017-07-14,29.450000762939453,29.709999084472656,29.299999237060547,29.520000457763672,3751600,14.756521224975586
2017-07-17,29.850000381469727,30.270000457763672,29.639999389648438,29.719999313354492,4661400,14.856493949890137
2017-07-18,29.899999618530273,30.040000915527344,29.520000457763672,29.899999618530273,4000600,14.946475982666016
2017-07-19,30.010000228881836,30.170000076293945,29.729999542236328,29.899999618530273,4403100,14.946475982666016
2017-07-20,29.829999923706055,29.829999923706055,28.649999618530273,28.719999313354492,5930800,14.35661506652832
2017-07-21,28.700000762939453,29.040000915527344,28.31999969482422,28.5,5482100,14.2466402053833
2017-07-24,28.6200008392334,29.15999984741211,28.5,29.1299991607666,4207500,14.561566352844238
2017-07-25,29.559999465942383,30.649999618530273,29.559999465942383,30.610000610351562,11658200,15.301389694213867
2017-07-26,30.899999618530273,30.899999618530273,29.649999618530273,29.65999984741211,10680100,14.826506614685059
2017-07-27,29.65999984741211,30.209999084472656,29.270000457763672,29.700000762939453,5584000,14.8464994430542
2017-07-28,29.530000686645508,30.350000381469727,29.329999923706055,30.34000015258789,5155700,15.166419982910156
2017-07-31,31.5,31.520000457763672,31.040000915527344,31.299999237060547,6300800,15.646309852600098
2017-08-01,31.25,31.25,30.700000762939453,31.059999465942383,4329100,15.526335716247559
2017-08-02,30.700000762939453,31.270000457763672,30.540000915527344,31.110000610351562,6171300,15.551331520080566
2017-08-03,31.139999389648438,31.229999542236328,30.639999389648438,30.68000030517578,5056500,15.336381912231445
2017-08-04,30.959999084472656,31.489999771118164,30.739999771118164,31.229999542236328,4577600,15.611318588256836
2017-08-07,31.600000381469727,32.43000030517578,31.59000015258789,32.41999816894531,7800300,16.206178665161133
2017-08-08,32.09000015258789,32.619998931884766,31.559999465942383,32.04999923706055,9706400,16.021224975585938
2017-08-09,32.0,32.25,31.700000762939453,31.920000076293945,7870700,15.956236839294434
2017-08-10,31.790000915527344,32.029998779296875,31.389999389648438,31.5,7393600,15.746288299560547
2017-08-11,31.270000457763672,31.270000457763672,30.559999465942383,30.799999237060547,13613400,15.39636516571045
2017-08-14,30.780000686645508,31.469999313354492,30.540000915527344,31.299999237060547,16902200,15.646309852600098
2017-08-15,31.299999237060547,31.450000762939453,30.690000534057617,31.1200008392334,17847800,15.556331634521484
2017-08-16,31.399999618530273,32.06999969482422,31.31999969482422,31.729999542236328,26011500,15.861257553100586
2017-08-17,31.889999389648438,32.040000915527344,31.110000610351562,31.200000762939453,14095900,15.596319198608398
2017-08-18,31.799999237060547,32.04999923706055,31.40999984741211,31.549999237060547,24390300,15.771278381347656
2017-08-21,31.989999771118164,32.2400016784668,31.709999084472656,31.75,19990400,15.871258735656738
2017-08-22,32.349998474121094,32.38999938964844,31.709999084472656,31.860000610351562,19230300,15.926244735717773
2017-08-23,31.739999771118164,32.54999923706055,31.600000381469727,32.540000915527344,15451900,16.266164779663086
2017-08-24,32.560001373291016,34.0,32.33000183105469,33.880001068115234,20534600,16.936006546020508
2017-08-25,34.119998931884766,34.33000183105469,33.41999816894531,33.83000183105469,16366000,16.9110107421875
2017-08-28,33.70000076293945,34.4900016784668,33.650001525878906,34.36000061035156,15021800,17.175952911376953
2017-08-29,34.0,34.65999984741211,33.90999984741211,34.439998626708984,15689600,17.21593475341797
2017-08-30,34.5,34.709999084472656,34.2400016784668,34.34000015258789,14021600,17.165952682495117
2017-08-31,34.91999816894531,35.18000030517578,34.45000076293945,35.08000183105469,56429700,17.53586769104004
2017-09-01,35.5,35.97999954223633,35.2599983215332,35.66999816894531,22554600,17.830793380737305
2017-09-04,35.380001068115234,36.189998626708984,35.310001373291016,36.099998474121094,15002800,18.045743942260742
2017-09-05,36.5,36.689998626708984,35.18000030517578,35.599998474121094,24227100,17.79579734802246
2017-09-06,35.81999969482422,36.09000015258789,35.470001220703125,35.79999923706055,18117700,17.89577865600586
2017-09-07,35.79999923706055,35.79999923706055,35.79999923706055,35.79999923706055,0,17.89577865600586
2017-09-08,35.689998626708984,36.11000061035156,34.470001220703125,34.47999954223633,23042000,17.235937118530273
2017-09-11,34.79999923706055,35.209999084472656,34.72999954223633,35.09000015258789,19131800,17.540863037109375
2017-09-12,35.369998931884766,35.72999954223633,35.22999954223633,35.2599983215332,16114100,17.625839233398438
2017-09-13,35.04999923706055,35.130001068115234,34.38999938964844,34.77000045776367,21951600,17.38089942932129
2017-09-14,34.0,34.099998474121094,33.349998474121094,33.619998931884766,24324600,16.806034088134766
2017-09-15,33.36000061035156,34.13999938964844,33.29999923706055,33.79999923706055,34216900,16.896015167236328
2017-09-18,33.810001373291016,34.310001373291016,33.779998779296875,34.25,18617700,17.12096405029297
2017-09-19,33.79999923706055,33.9900016784668,33.33000183105469,33.91999816894531,17106900,16.955997467041016
2017-09-20,33.880001068115234,34.150001525878906,32.77000045776367,33.16999816894531,24175400,16.581087112426758
2017-09-21,32.650001525878906,32.77000045776367,32.15999984741211,32.5099983215332,26157600,16.251169204711914
2017-09-22,32.150001525878906,32.380001068115234,31.850000381469727,31.90999984741211,16957700,15.951239585876465
2017-09-25,31.799999237060547,32.290000915527344,31.0,31.09000015258789,21014300,15.541337966918945
2017-09-26,31.469999313354492,31.93000030517578,31.40999984741211,31.5,17114500,15.746288299560547
2017-09-27,31.979999542236328,32.25,31.030000686645508,31.93000030517578,26241300,15.961238861083984
2017-09-28,31.510000228881836,31.850000381469727,31.280000686645508,31.75,17561400,15.871258735656738
2017-09-29,32.13999938964844,32.400001525878906,31.610000610351562,31.8700008392334,16047100,15.931242942810059
2017-10-02,32.25,32.43000030517578,31.8700008392334,31.899999618530273,13596900,15.946239471435547
2017-10-03,32.09000015258789,32.68000030517578,31.760000228881836,32.68000030517578,23474600,16.336145401000977
2017-10-04,32.880001068115234,33.06999969482422,32.61000061035156,32.61000061035156,17562500,16.301158905029297
2017-10-05,33.0,33.189998626708984,32.2400016784668,32.27000045776367,17253100,16.131195068359375
2017-10-06,32.06999969482422,32.150001525878906,31.829999923706055,32.13999938964844,12450500,16.066211700439453
2017-10-09,32.04999923706055,32.099998474121094,31.260000228881836,31.5,13520900,15.746288299560547
2017-10-10,31.649999618530273,31.700000762939453,30.940000534057617,31.31999969482422,20181500,15.656307220458984
2017-10-11,30.940000534057617,31.489999771118164,30.729999542236328,31.100000381469727,23041300,15.546332359313965
2017-10-12,31.100000381469727,31.100000381469727,31.100000381469727,31.100000381469727,0,15.546332359313965
2017-10-13,32.099998474121094,33.099998474121094,32.0,32.90999984741211,31395900,16.451120376586914
2017-10-16,33.380001068115234,33.63999938964844,32.83000183105469,33.349998474121094,35861900,16.671062469482422
2017-10-17,33.11000061035156,33.31999969482422,32.58000183105469,32.58000183105469,19842700,16.28615951538086
2017-10-18,32.7599983215332,32.95000076293945,31.790000915527344,32.27000045776367,21210600,16.131195068359375
2017-10-19,31.75,33.06999969482422,31.709999084472656,33.0,18549800,16.496112823486328
2017-10-20,33.75,33.779998779296875,32.95000076293945,32.95000076293945,24301000,16.47111701965332
2017-10-23,33.0,33.20000076293945,32.63999938964844,32.709999084472656,11948700,16.35114288330078
2017-10-24,32.880001068115234,33.83000183105469,32.54999923706055,33.83000183105469,19996200,16.9110107421875
2017-10-25,33.630001068115234,33.86000061035156,33.06999969482422,33.54999923706055,16724100,16.77104377746582
2017-10-26,33.869998931884766,33.900001525878906,32.66999816894531,32.66999816894531,25302400,16.331146240234375
2017-10-27,32.290000915527344,32.869998931884766,32.029998779296875,32.54999923706055,17377200,16.271163940429688
2017-10-30,32.189998626708984,32.93000030517578,31.84000015258789,32.349998474121094,19401600,16.171184539794922
2017-10-31,32.41999816894531,32.689998626708984,32.0099983215332,32.099998474121094,14629600,16.046215057373047
2017-11-01,32.79999923706055,33.279998779296875,32.689998626708984,32.81999969482422,29709500,16.406131744384766
2017-11-02,32.81999969482422,32.81999969482422,32.81999969482422,32.81999969482422,0,16.406131744384766
2017-11-03,33.20000076293945,33.540000915527344,33.0,33.540000915527344,29217800,16.766050338745117
2017-11-06,33.88999938964844,34.34000015258789,33.83000183105469,34.34000015258789,26333200,17.165952682495117
2017-11-07,34.2400016784668,34.2400016784668,33.52000045776367,33.52000045776367,20239700,16.75604820251465
2017-11-08,33.810001373291016,33.95000076293945,33.45000076293945,33.939998626708984,11580800,16.96599769592285
2017-11-09,33.70000076293945,33.709999084472656,32.79999923706055,32.79999923706055,19246700,16.39613151550293
2017-11-10,32.779998779296875,33.029998779296875,32.5,32.77000045776367,12199100,16.381139755249023
2017-11-13,32.84000015258789,33.439998626708984,32.59000015258789,33.13999938964844,12424700,16.56609344482422
2017-11-14,33.02000045776367,33.099998474121094,31.940000534057617,32.15999984741211,23389800,16.07620620727539
2017-11-15,32.15999984741211,32.15999984741211,32.15999984741211,32.15999984741211,0,16.07620620727539
2017-11-16,32.459999084472656,32.790000915527344,32.029998779296875,32.599998474121094,16280300,16.29615592956543
2017-11-17,32.59000015258789,33.16999816894531,32.31999969482422,32.91999816894531,13771300,16.45611572265625
2017-11-20,32.91999816894531,32.91999816894531,32.91999816894531,32.91999816894531,0,16.45611572265625
2017-11-21,33.290000915527344,34.04999923706055,33.150001525878906,34.04999923706055,23741300,17.02098274230957
2017-11-22,34.400001525878906,34.970001220703125,34.279998779296875,34.7400016784668,22150200,17.365907669067383
2017-11-23,34.83000183105469,35.349998474121094,34.56999969482422,35.20000076293945,11962000,17.59585189819336
2017-11-24,35.18000030517578,35.849998474121094,35.11000061035156,35.790000915527344,30784900,17.89078140258789
2017-11-27,35.459999084472656,35.779998779296875,35.08000183105469,35.40999984741211,15112700,17.700824737548828
2017-11-28,35.45000076293945,36.650001525878906,35.25,36.25,28591400,18.1207275390625
2017-11-29,36.279998779296875,36.58000183105469,35.630001068115234,35.70000076293945,18176000,17.84579086303711
2017-11-30,35.70000076293945,36.08000183105469,34.93000030517578,35.13999938964844,25417200,17.56585693359375
2017-12-01,35.20000076293945,35.970001220703125,34.88999938964844,35.47999954223633,17204100,17.735816955566406
2017-12-04,35.959999084472656,36.97999954223633,35.849998474121094,36.83000183105469,22600100,18.410661697387695
2017-12-05,36.810001373291016,37.400001525878906,36.02000045776367,36.02000045776367,25898800,18.00575828552246
2017-12-06,35.58000183105469,35.9900016784668,35.36000061035156,35.7599983215332,20400800,17.875782012939453
2017-12-07,35.04999923706055,35.5,34.900001525878906,35.34000015258789,19876200,17.665834426879883
2017-12-08,35.810001373291016,35.95000076293945,35.459999084472656,35.47999954223633,21502200,17.735816955566406
2017-12-11,35.83000183105469,36.0,35.47999954223633,35.7599983215332,14785300,17.875782012939453
2017-12-12,35.630001068115234,36.18000030517578,35.220001220703125,36.18000030517578,17624400,18.085735321044922
2017-12-13,36.43000030517578,36.47999954223633,36.04999923706055,36.11000061035156,21135300,18.05074119567871
2017-12-14,35.90999984741211,36.58000183105469,35.790000915527344,36.2400016784668,17718000,18.115726470947266
2017-12-15,36.5099983215332,37.279998779296875,36.36000061035156,36.88999938964844,32954100,18.440649032592773
2017-12-18,37.4900016784668,38.02000045776367,37.34000015258789,37.84000015258789,24339300,18.915536880493164
2017-12-19,37.709999084472656,38.099998474121094,37.63999938964844,37.849998474121094,14041000,18.920541763305664
2017-12-20,37.970001220703125,39.209999084472656,37.970001220703125,39.150001525878906,19218100,19.57038116455078
2017-12-21,39.099998474121094,39.72999954223633,39.08000183105469,39.72999954223633,11772500,19.860313415527344
2017-12-22,39.34000015258789,39.83000183105469,39.220001220703125,39.790000915527344,10140000,20.1027774810791
2017-12-25,39.790000915527344,39.790000915527344,39.790000915527344,39.790000915527344,0,20.1027774810791
2017-12-26,39.61000061035156,40.0,39.02000045776367,39.849998474121094,9986600,20.133092880249023
2017-12-27,39.79999923706055,40.209999084472656,39.630001068115234,39.86000061035156,9943000,20.13814353942871
2017-12-28,40.0099983215332,40.2599983215332,39.93000030517578,40.2599983215332,9963300,20.34023094177246
2017-12-29,40.2599983215332,40.2599983215332,40.2599983215332,40.2599983215332,0,20.34023094177246
2018-01-02,40.439998626708984,41.7400016784668,40.439998626708984,41.720001220703125,14156500,21.077856063842773
2018-01-03,41.83000183105469,41.880001068115234,41.29999923706055,41.470001220703125,12744200,20.95155143737793
2018-01-04,41.810001373291016,42.369998931884766,41.52000045776367,41.63999938964844,18433000,21.03744125366211
2018-01-05,41.56999969482422,42.290000915527344,41.310001373291016,42.290000915527344,15251300,21.36583137512207
2018-01-08,42.400001525878906,43.22999954223633,42.400001525878906,43.22999954223633,14542800,21.840742111206055
2018-01-09,43.58000183105469,43.75,42.93000030517578,43.06999969482422,15986200,21.75990104675293
2018-01-10,42.7400016784668,42.95000076293945,42.41999816894531,42.470001220703125,12149500,21.45677375793457
2018-01-11,42.599998474121094,43.29999923706055,42.599998474121094,43.29999923706055,10236300,21.8761043548584
2018-01-12,42.95000076293945,43.65999984741211,42.75,43.54999923706055,15014300,22.002416610717773
2018-01-15,43.5,43.720001220703125,43.27000045776367,43.470001220703125,7253400,21.96199607849121
2018-01-16,42.97999954223633,43.13999938964844,42.29999923706055,42.29999923706055,20121900,21.370885848999023
2018-01-17,42.400001525878906,43.220001220703125,42.36000061035156,43.150001525878906,16490700,21.80032730102539
2018-01-18,43.5,43.61000061035156,42.68000030517578,42.86000061035156,10772100,21.65380859375
2018-01-19,43.20000076293945,43.400001525878906,42.599998474121094,42.880001068115234,11173100,21.663911819458008
2018-01-22,43.099998474121094,43.15999984741211,42.220001220703125,42.650001525878906,11580900,21.547714233398438
2018-01-23,41.9900016784668,42.11000061035156,40.810001373291016,40.93000030517578,22075600,20.678733825683594
2018-01-24,41.209999084472656,42.130001068115234,41.13999938964844,41.779998779296875,22096600,21.108173370361328
2018-01-25,41.779998779296875,41.779998779296875,41.779998779296875,41.779998779296875,0,21.108173370361328
2018-01-26,41.849998474121094,41.880001068115234,40.709999084472656,41.43000030517578,19259500,20.931339263916016
2018-01-29,41.099998474121094,42.2400016784668,41.040000915527344,41.88999938964844,16752900,21.163742065429688
2018-01-30,41.70000076293945,41.959999084472656,41.22999954223633,41.470001220703125,13180300,20.95155143737793
2018-01-31,41.75,42.68000030517578,41.45000076293945,41.45000076293945,22859700,20.941448211669922
2018-02-01,41.599998474121094,42.470001220703125,41.56999969482422,41.790000915527344,21949700,21.113218307495117
2018-02-02,41.650001525878906,41.650001525878906,40.75,40.79999923706055,17892300,20.61305046081543
2018-02-05,40.599998474121094,42.040000915527344,40.33000183105469,40.349998474121094,22452800,20.385698318481445
2018-02-06,40.0099983215332,42.470001220703125,39.93000030517578,42.470001220703125,26037000,21.45677375793457
2018-02-07,42.43000030517578,42.720001220703125,41.70000076293945,41.709999084472656,20560700,21.072805404663086
2018-02-08,41.689998626708984,42.130001068115234,41.06999969482422,41.59000015258789,18928800,21.012176513671875
2018-02-09,41.400001525878906,42.400001525878906,41.029998779296875,42.0,22760500,21.219322204589844
2018-02-14,43.400001525878906,44.54999923706055,43.2599983215332,44.5099983215332,25905800,22.487424850463867
2018-02-15,45.0099983215332,45.959999084472656,44.95000076293945,45.95000076293945,31043100,23.214948654174805
2018-02-16,45.81999969482422,46.189998626708984,45.470001220703125,46.029998779296875,21107300,23.25536346435547
2018-02-19,46.099998474121094,46.79999923706055,45.959999084472656,46.45000076293945,12756100,23.467559814453125
2018-02-20,46.04999923706055,46.45000076293945,45.2400016784668,45.5099983215332,18417600,22.992645263671875
2018-02-21,45.5099983215332,45.959999084472656,44.709999084472656,44.79999923706055,24312600,22.63393783569336
2018-02-22,45.22999954223633,45.68000030517578,45.119998931884766,45.66999816894531,14081800,23.0734806060791
2018-02-23,46.0,46.40999984741211,45.650001525878906,46.08000183105469,17489800,23.280622482299805
2018-02-26,46.7400016784668,47.400001525878906,46.689998626708984,47.400001525878906,20374600,23.94751739501953
2018-02-27,47.470001220703125,47.599998474121094,46.709999084472656,47.33000183105469,15063400,23.912153244018555
2018-02-28,46.9900016784668,47.09000015258789,44.650001525878906,45.04999923706055,39459100,22.7602481842041
2018-03-01,45.209999084472656,45.630001068115234,43.970001220703125,44.45000076293945,25776000,22.45711326599121
2018-03-02,43.79999923706055,43.880001068115234,42.7400016784668,43.75,25236200,22.103456497192383
2018-03-05,43.47999954223633,43.939998626708984,42.880001068115234,43.70000076293945,16100600,22.078197479248047
2018-03-06,44.5,44.91999816894531,43.41999816894531,43.4900016784668,22342000,21.972103118896484
2018-03-07,42.5099983215332,43.02000045776367,42.20000076293945,42.849998474121094,19334700,21.894697189331055
2018-03-08,42.68000030517578,42.790000915527344,41.25,41.459999084472656,19983100,21.184459686279297
2018-03-09,40.970001220703125,42.27000045776367,40.5099983215332,42.099998474121094,21077800,21.511472702026367
2018-03-12,42.290000915527344,42.630001068115234,41.939998626708984,42.459999084472656,11838200,21.695419311523438
2018-03-13,42.7400016784668,42.79999923706055,42.04999923706055,42.130001068115234,13838900,21.526803970336914
2018-03-14,42.849998474121094,43.34000015258789,42.56999969482422,42.599998474121094,17936000,21.766948699951172
2018-03-15,42.70000076293945,42.81999969482422,42.130001068115234,42.400001525878906,16039100,21.664762496948242
2018-03-16,42.400001525878906,42.599998474121094,42.04999923706055,42.29999923706055,26802000,21.613664627075195
2018-03-19,41.52000045776367,41.52000045776367,40.66999816894531,41.099998474121094,21861500,21.000513076782227
2018-03-20,41.099998474121094,41.91999816894531,40.93000030517578,41.599998474121094,9322500,21.255990982055664
2018-03-21,41.75,42.689998626708984,41.43000030517578,42.5,19798000,21.715858459472656
2018-03-22,41.939998626708984,42.25,41.619998931884766,41.93000030517578,15229500,21.424604415893555
2018-03-23,41.2400016784668,42.20000076293945,41.0099983215332,41.599998474121094,14983200,21.255990982055664
2018-03-26,42.0,42.380001068115234,41.61000061035156,42.0,9850900,21.460378646850586
2018-03-27,42.38999938964844,42.38999938964844,40.720001220703125,40.86000061035156,11659800,20.877883911132812
2018-03-28,40.61000061035156,41.70000076293945,40.060001373291016,41.540000915527344,19038400,21.225337982177734
2018-03-29,41.869998931884766,42.75,41.7400016784668,42.209999084472656,20347700,21.56768035888672
2018-04-02,42.31999969482422,43.470001220703125,42.31999969482422,43.0,18944000,21.97134017944336
2018-04-03,43.400001525878906,43.54999923706055,42.439998626708984,42.869998931884766,13693900,21.9049129486084
2018-04-04,41.79999923706055,42.599998474121094,41.59000015258789,42.54999923706055,12440000,21.741405487060547
2018-04-05,43.310001373291016,43.689998626708984,43.029998779296875,43.25,14686600,22.099077224731445
2018-04-06,42.90999984741211,43.099998474121094,42.25,42.7400016784668,11282700,21.838485717773438
2018-04-09,43.06999969482422,43.22999954223633,42.209999084472656,42.95000076293945,11918100,21.9457950592041
2018-04-10,43.79999923706055,44.84000015258789,43.66999816894531,44.84000015258789,22479700,22.91150665283203
2018-04-11,44.560001373291016,45.060001373291016,44.220001220703125,44.63999938964844,17709600,22.809316635131836
2018-04-12,44.41999816894531,44.86000061035156,44.31999969482422,44.810001373291016,9812400,22.896183013916016
2018-04-13,44.849998474121094,45.16999816894531,44.599998474121094,44.97999954223633,15483300,22.98304557800293
2018-04-16,44.61000061035156,44.849998474121094,44.310001373291016,44.540000915527344,11434200,22.758216857910156
2018-04-17,44.599998474121094,46.0,44.560001373291016,45.93000030517578,13348000,23.468454360961914
2018-04-18,47.0,48.08000183105469,46.849998474121094,47.47999954223633,27655600,24.26044273376465
2018-04-19,47.779998779296875,48.16999816894531,47.400001525878906,47.83000183105469,16092700,24.439285278320312
2018-04-20,47.7599983215332,47.900001525878906,47.33000183105469,47.630001068115234,10188600,24.33709716796875
2018-04-23,47.220001220703125,47.97999954223633,47.060001373291016,47.5,11785300,24.270668029785156
2018-04-24,47.70000076293945,48.59000015258789,47.70000076293945,48.310001373291016,15113400,24.684545516967773
2018-04-25,47.75,48.4900016784668,47.439998626708984,47.95000076293945,15525500,24.500593185424805
2018-04-26,47.70000076293945,49.0,47.619998931884766,48.70000076293945,13273500,24.883821487426758
2018-04-27,48.900001525878906,49.150001525878906,47.86000061035156,48.349998474121094,14624200,24.704978942871094
2018-04-30,48.2599983215332,48.83000183105469,48.150001525878906,48.66999816894531,8464400,24.868488311767578
2018-05-02,48.5,49.31999969482422,48.41999816894531,48.709999084472656,16526500,24.88892364501953
2018-05-03,48.810001373291016,49.33000183105469,48.58000183105469,49.09000015258789,14025900,25.083097457885742
2018-05-04,48.91999816894531,49.900001525878906,48.91999816894531,49.70000076293945,14861100,25.394779205322266
2018-05-07,49.720001220703125,50.040000915527344,49.11000061035156,49.2400016784668,15433900,25.15973663330078
2018-05-08,49.25,49.68000030517578,48.90999984741211,49.189998626708984,22420400,25.13418960571289
2018-05-09,49.41999816894531,50.41999816894531,49.33000183105469,50.25,16776100,25.675811767578125
2018-05-10,50.40999984741211,51.400001525878906,50.380001068115234,51.400001525878906,14314200,26.263416290283203
2018-05-11,51.77000045776367,53.58000183105469,51.75,52.630001068115234,21432500,26.89189910888672
2018-05-14,53.08000183105469,54.400001525878906,53.0,54.27000045776367,15847800,27.72987174987793
2018-05-15,53.810001373291016,54.650001525878906,53.18000030517578,54.650001525878906,15954500,27.924041748046875
2018-05-16,55.33000183105469,56.0,55.13999938964844,55.900001525878906,20944200,28.562742233276367
2018-05-17,55.29999923706055,55.79999923706055,54.75,55.380001068115234,20241200,28.29704475402832
2018-05-18,54.70000076293945,55.5,53.45000076293945,54.77000045776367,22361100,27.985349655151367
2018-05-21,55.0099983215332,55.099998474121094,53.0,53.0,22608800,27.080955505371094
2018-05-22,52.869998931884766,53.060001373291016,51.869998931884766,52.34000015258789,20491700,26.74371910095215
2018-05-23,51.79999923706055,52.2400016784668,51.25,51.939998626708984,15703000,26.539335250854492
2018-05-24,51.31999969482422,53.0,51.2599983215332,52.459999084472656,14500200,26.805036544799805
2018-05-25,52.58000183105469,52.790000915527344,51.04999923706055,51.47999954223633,13141500,26.304292678833008
2018-05-28,50.900001525878906,52.459999084472656,50.709999084472656,51.06999969482422,13832600,26.09479331970215
2018-05-29,51.970001220703125,52.060001373291016,49.9900016784668,50.15999984741211,18697800,25.62982177734375
2018-05-30,50.209999084472656,51.349998474121094,49.70000076293945,50.630001068115234,25861400,25.869977951049805
2018-06-01,50.900001525878906,53.08000183105469,50.650001525878906,52.7599983215332,20424100,26.958324432373047
2018-06-04,53.18000030517578,53.45000076293945,51.7599983215332,52.52000045776367,13964100,26.835693359375
2018-06-05,52.5,54.0,52.5,53.72999954223633,16988600,27.453956604003906
2018-06-06,54.5,56.22999954223633,54.4900016784668,56.06999969482422,26835500,28.649608612060547
2018-06-07,56.459999084472656,56.75,53.06999969482422,54.369998931884766,32389900,27.780967712402344
2018-06-08,53.9900016784668,53.9900016784668,50.65999984741211,50.88999938964844,30421100,26.002822875976562
2018-06-11,51.369998931884766,52.0,50.59000015258789,50.849998474121094,14362000,25.98238182067871
2018-06-12,50.5,52.36000061035156,50.15999984741211,51.70000076293945,18403200,26.416706085205078
2018-06-13,51.97999954223633,52.2400016784668,50.72999954223633,51.54999923706055,15599000,26.34005355834961
2018-06-14,51.869998931884766,51.88999938964844,50.75,51.709999084472656,18827200,26.42180824279785
2018-06-15,51.400001525878906,51.439998626708984,48.70000076293945,49.130001068115234,36611400,25.10353660583496
2018-06-18,48.619998931884766,49.290000915527344,47.86000061035156,49.209999084472656,20490400,25.144411087036133
2018-06-19,47.70000076293945,48.75,47.029998779296875,48.29999923706055,26764800,24.67943572998047
2018-06-20,49.04999923706055,49.08000183105469,48.06999969482422,48.810001373291016,14448400,24.940027236938477
2018-06-21,48.5099983215332,49.20000076293945,47.040000915527344,47.209999084472656,13952800,24.12248992919922
2018-06-22,48.150001525878906,48.470001220703125,47.47999954223633,48.0099983215332,9632500,24.531251907348633
2018-06-25,47.70000076293945,47.79999923706055,46.2599983215332,47.15999984741211,13800400,24.096939086914062
2018-06-26,47.5,48.34000015258789,46.630001068115234,48.34000015258789,15460100,24.69986915588379
2018-06-27,48.47999954223633,49.279998779296875,47.900001525878906,48.150001525878906,14471100,24.602794647216797
2018-06-28,47.849998474121094,49.439998626708984,47.5,49.06999969482422,16298400,25.0728759765625
2018-06-29,49.70000076293945,50.099998474121094,49.04999923706055,49.59000015258789,12248000,25.338577270507812
2018-07-02,48.88999938964844,49.189998626708984,48.52000045776367,48.7599983215332,8222800,24.914474487304688
2018-07-03,49.29999923706055,49.4900016784668,47.959999084472656,47.959999084472656,11486600,24.505706787109375
2018-07-04,48.16999816894531,48.369998931884766,47.599998474121094,48.029998779296875,6147000,24.541475296020508
2018-07-05,48.54999923706055,49.77000045776367,48.310001373291016,49.70000076293945,12179600,25.394779205322266
2018-07-06,49.790000915527344,50.439998626708984,49.38999938964844,50.34000015258789,8582200,25.721790313720703
2018-07-10,50.70000076293945,51.099998474121094,49.349998474121094,49.529998779296875,10935700,25.307907104492188
2018-07-11,48.5,49.099998474121094,48.45000076293945,48.86000061035156,12912600,24.965572357177734
2018-07-12,49.349998474121094,50.66999816894531,48.959999084472656,50.45000076293945,20765500,25.778003692626953
2018-07-13,50.599998474121094,50.88999938964844,49.93000030517578,50.310001373291016,15555400,25.706466674804688
2018-07-16,50.310001373291016,50.599998474121094,49.599998474121094,50.0,12550000,25.548063278198242
2018-07-17,50.130001068115234,51.02000045776367,49.70000076293945,50.70000076293945,11553600,25.905746459960938
2018-07-18,51.150001525878906,51.66999816894531,50.81999969482422,51.45000076293945,9762900,26.288969039916992
2018-07-19,50.709999084472656,50.75,49.060001373291016,49.43000030517578,20977000,25.25682258605957
2018-07-20,49.59000015258789,49.86000061035156,48.630001068115234,48.720001220703125,16788900,24.894041061401367
2018-07-23,49.08000183105469,50.130001068115234,48.529998779296875,49.599998474121094,8554600,25.343685150146484
2018-07-24,51.91999816894531,52.38999938964844,51.310001373291016,51.310001373291016,20910300,26.217430114746094
2018-07-25,51.459999084472656,51.75,50.7400016784668,51.75,15263700,26.442249298095703
2018-07-26,52.470001220703125,53.18000030517578,52.400001525878906,52.779998779296875,54299500,26.968538284301758
2018-07-27,53.47999954223633,53.66999816894531,53.25,53.45000076293945,21543400,27.310882568359375
2018-07-30,53.70000076293945,54.349998474121094,53.560001373291016,54.33000183105469,15527200,27.760540008544922
2018-07-31,54.20000076293945,54.97999954223633,54.04999923706055,54.84000015258789,15921000,28.0211238861084
2018-08-01,53.400001525878906,53.77000045776367,53.02000045776367,53.060001373291016,36906000,27.111608505249023
2018-08-02,52.09000015258789,53.09000015258789,51.5,52.84000015258789,19796400,26.999202728271484
2018-08-03,52.310001373291016,52.939998626708984,51.33000183105469,52.54999923706055,15607700,27.62495994567871
2018-08-06,52.099998474121094,52.90999984741211,52.0,52.400001525878906,11904900,27.546110153198242
2018-08-07,53.38999938964844,53.650001525878906,52.630001068115234,52.75,19065600,27.730100631713867
2018-08-08,53.29999923706055,53.33000183105469,52.2599983215332,52.400001525878906,13076000,27.546110153198242
2018-08-09,52.5,53.040000915527344,51.72999954223633,51.84000015258789,12752800,27.251720428466797
2018-08-10,51.40999984741211,51.90999984741211,50.720001220703125,51.709999084472656,14630800,27.183378219604492
2018-08-13,52.06999969482422,52.689998626708984,51.7400016784668,52.279998779296875,14720600,27.483020782470703
2018-08-14,52.099998474121094,52.90999984741211,51.77000045776367,52.7599983215332,17475600,27.7353515625
2018-08-15,51.599998474121094,51.97999954223633,50.349998474121094,50.40999984741211,26625700,26.499988555908203
2018-08-16,50.900001525878906,51.029998779296875,49.630001068115234,49.720001220703125,20125600,26.137264251708984
2018-08-17,49.529998779296875,51.189998626708984,49.22999954223633,50.79999923706055,17343200,26.704999923706055
2018-08-20,51.099998474121094,51.77000045776367,51.040000915527344,51.439998626708984,14783600,27.041440963745117
2018-08-21,51.15999984741211,52.099998474121094,51.02000045776367,51.72999954223633,13378300,27.193891525268555
2018-08-22,51.650001525878906,53.29999923706055,51.630001068115234,53.29999923706055,13073500,28.01922607421875
2018-08-23,53.099998474121094,53.52000045776367,52.650001525878906,53.349998474121094,12263000,28.04551124572754
2018-08-24,53.599998474121094,54.459999084472656,53.54999923706055,54.150001525878906,10971100,28.466062545776367
2018-08-27,54.16999816894531,55.66999816894531,54.16999816894531,55.66999816894531,11205300,29.265106201171875
2018-08-28,55.93000030517578,56.40999984741211,55.06999969482422,55.650001525878906,17875600,29.254592895507812
2018-08-29,55.25,56.15999984741211,55.13999938964844,55.220001220703125,10292800,29.028549194335938
2018-08-30,55.29999923706055,55.88999938964844,54.400001525878906,54.56999969482422,14432500,28.68685531616211
2018-08-31,54.52000045776367,54.79999923706055,53.310001373291016,53.619998931884766,15000000,28.18744659423828
2018-09-03,53.29999923706055,54.16999816894531,53.209999084472656,54.04999923706055,4356600,28.413490295410156
2018-09-04,53.599998474121094,53.790000915527344,52.0,52.0,10521800,27.335834503173828
2018-09-05,52.08000183105469,52.63999938964844,51.75,52.150001525878906,7100000,27.414688110351562
2018-09-06,52.790000915527344,53.869998931884766,52.400001525878906,53.47999954223633,12479400,28.11384391784668
2018-09-10,53.90999984741211,54.040000915527344,52.959999084472656,53.220001220703125,9341300,27.9771728515625
2018-09-11,52.61000061035156,52.9900016784668,52.130001068115234,52.59000015258789,10347800,27.645984649658203
2018-09-12,53.0,53.709999084472656,52.18000030517578,53.45000076293945,14230800,28.098081588745117
2018-09-13,53.70000076293945,54.43000030517578,53.52000045776367,53.779998779296875,14353500,28.27155303955078
2018-09-14,54.099998474121094,55.22999954223633,54.04999923706055,55.20000076293945,17021500,29.018035888671875
2018-09-17,55.29999923706055,55.56999969482422,54.790000915527344,55.040000915527344,12096900,28.933927536010742
2018-09-18,55.630001068115234,57.470001220703125,55.5099983215332,57.34000015258789,20647900,30.143007278442383
2018-09-19,57.61000061035156,58.939998626708984,57.529998779296875,58.58000183105469,12451900,30.79486656188965
2018-09-20,59.209999084472656,59.61000061035156,58.43000030517578,59.31999969482422,11264600,31.183876037597656
2018-09-21,59.88999938964844,61.0099983215332,59.599998474121094,61.0099983215332,23057600,32.07228469848633
2018-09-24,60.849998474121094,61.25,60.150001525878906,60.20000076293945,9008600,31.646472930908203
2018-09-25,60.0,62.220001220703125,59.86000061035156,62.20000076293945,16840000,32.69785690307617
2018-09-26,62.20000076293945,62.41999816894531,59.75,60.0099983215332,24600600,31.54659080505371
2018-09-27,60.220001220703125,60.75,58.61000061035156,59.47999954223633,20631400,31.267980575561523
2018-09-28,58.849998474121094,60.290000915527344,58.849998474121094,59.81999969482422,14753000,31.446720123291016
2018-10-01,59.68000030517578,60.56999969482422,59.08000183105469,60.400001525878906,8976500,31.751617431640625
2018-10-02,60.869998931884766,61.7400016784668,60.47999954223633,61.20000076293945,20530200,32.17216491699219
2018-10-03,62.0099983215332,62.189998626708984,59.31999969482422,59.95000076293945,26674700,31.515058517456055
2018-10-04,59.9900016784668,60.34000015258789,58.66999816894531,58.79999923706055,14396500,30.9105167388916
2018-10-05,57.849998474121094,58.310001373291016,57.22999954223633,57.4900016784668,20202600,30.221860885620117
2018-10-08,57.0,57.56999969482422,55.2599983215332,57.04999923706055,26384200,29.990558624267578
2018-10-09,57.400001525878906,58.31999969482422,56.720001220703125,57.70000076293945,17830500,30.33225440979004
2018-10-10,57.380001068115234,58.13999938964844,55.88999938964844,55.88999938964844,14135900,29.380760192871094
2018-10-11,56.439998626708984,57.15999984741211,55.619998931884766,56.47999954223633,15976400,29.690921783447266
2018-10-15,56.95000076293945,58.45000076293945,56.84000015258789,57.66999816894531,16290900,30.316490173339844
2018-10-16,57.939998626708984,58.849998474121094,57.25,57.70000076293945,15825800,30.33225440979004
2018-10-17,58.34000015258789,58.91999816894531,57.75,58.79999923706055,21832000,30.9105167388916
2018-10-18,58.849998474121094,58.849998474121094,56.31999969482422,56.5,17237800,29.70142364501953
2018-10-19,57.099998474121094,57.529998779296875,56.36000061035156,56.529998779296875,13429700,29.717201232910156
2018-10-22,57.70000076293945,58.41999816894531,57.029998779296875,58.369998931884766,14084400,30.684463500976562
2018-10-23,57.310001373291016,57.54999923706055,56.0,56.75,20763100,29.832853317260742
2018-10-24,57.400001525878906,57.59000015258789,54.43000030517578,54.43000030517578,17954800,28.613256454467773
2018-10-25,55.970001220703125,56.040000915527344,53.79999923706055,54.61000061035156,29494700,28.7078800201416
2018-10-26,54.900001525878906,55.88999938964844,53.5099983215332,55.599998474121094,26630300,29.22830581665039
2018-10-29,54.029998779296875,54.38999938964844,52.599998474121094,53.099998474121094,26198300,27.914091110229492
2018-10-30,53.599998474121094,54.849998474121094,52.959999084472656,53.869998931884766,23799200,28.318866729736328
2018-10-31,54.349998474121094,56.709999084472656,54.27000045776367,56.709999084472656,26626000,29.81183433532715
2018-11-01,56.75,58.2599983215332,55.52000045776367,57.5,20420000,30.227121353149414
2018-11-05,57.61000061035156,58.0,57.040000915527344,57.529998779296875,15491800,30.24289321899414
2018-11-06,57.0,57.849998474121094,56.560001373291016,57.22999954223633,11211000,30.08517837524414
2018-11-07,57.790000915527344,58.150001525878906,57.400001525878906,57.59000015258789,12982500,30.274429321289062
2018-11-08,57.779998779296875,58.77000045776367,57.02000045776367,57.02000045776367,16743700,29.97478485107422
2018-11-09,56.5,57.0,54.130001068115234,54.650001525878906,29209700,28.728906631469727
2018-11-12,55.099998474121094,55.45000076293945,54.400001525878906,54.849998474121094,15985200,28.83403968811035
2018-11-13,54.900001525878906,56.27000045776367,54.349998474121094,56.27000045776367,18790200,29.580522537231445
2018-11-14,55.209999084472656,55.66999816894531,54.25,55.15999984741211,28360900,28.997011184692383
2018-11-16,55.849998474121094,56.349998474121094,55.150001525878906,56.150001525878906,19633700,29.517438888549805
2018-11-19,56.150001525878906,56.279998779296875,54.810001373291016,55.369998931884766,12979700,29.107406616210938
2018-11-21,54.150001525878906,54.54999923706055,53.709999084472656,54.529998779296875,18590600,28.665821075439453
2018-11-22,54.689998626708984,54.720001220703125,53.75,54.040000915527344,9255400,28.408235549926758
2018-11-23,53.38999938964844,53.38999938964844,50.349998474121094,50.349998474121094,33531500,26.468442916870117
2018-11-26,49.95000076293945,51.09000015258789,49.0,50.119998931884766,30327300,26.347536087036133
2018-11-27,49.689998626708984,50.4900016784668,49.099998474121094,49.91999816894531,25582700,26.242395401000977
2018-11-28,50.5,52.31999969482422,50.220001220703125,52.29999923706055,29038300,27.49353790283203
2018-11-29,51.91999816894531,52.72999954223633,51.130001068115234,52.0,23362000,27.335834503173828
2018-11-30,51.560001373291016,53.689998626708984,51.560001373291016,52.79999923706055,29502000,27.756376266479492
2018-12-03,55.599998474121094,55.68000030517578,53.7400016784668,54.11000061035156,32418200,28.445035934448242
2018-12-04,54.349998474121094,54.52000045776367,52.5,52.880001068115234,26844200,27.798439025878906
2018-12-05,53.29999923706055,53.47999954223633,52.43000030517578,52.79999923706055,9656100,27.756376266479492
2018-12-06,51.70000076293945,52.599998474121094,51.06999969482422,52.29999923706055,21376400,27.49353790283203
2018-12-07,52.47999954223633,53.2599983215332,51.09000015258789,51.290000915527344,19472100,26.96259307861328
2018-12-10,51.119998931884766,51.63999938964844,50.189998626708984,50.20000076293945,14331300,26.389591217041016
2018-12-11,51.150001525878906,51.7400016784668,50.25,50.599998474121094,19443900,26.599863052368164
2018-12-12,51.150001525878906,51.400001525878906,50.349998474121094,50.369998931884766,15808900,26.478958129882812
2018-12-13,50.849998474121094,51.279998779296875,50.25,50.599998474121094,15149000,26.599863052368164
2018-12-14,50.380001068115234,51.189998626708984,49.849998474121094,50.880001068115234,16910700,26.747060775756836
2018-12-17,51.900001525878906,52.27000045776367,51.029998779296875,51.25,21401300,26.941558837890625
2018-12-18,51.349998474121094,52.189998626708984,51.349998474121094,51.439998626708984,18988400,27.041440963745117
2018-12-19,51.79999923706055,52.400001525878906,50.0099983215332,50.0099983215332,24414200,26.289709091186523
2018-12-20,50.7400016784668,51.16999816894531,49.45000076293945,49.810001373291016,25323700,26.1845703125
2018-12-21,50.279998779296875,51.25,50.220001220703125,50.86000061035156,28272600,26.736543655395508
2018-12-26,50.11000061035156,50.70000076293945,49.400001525878906,50.439998626708984,13356400,26.515756607055664
2018-12-27,50.099998474121094,50.38999938964844,49.279998779296875,49.5,14332000,26.021602630615234
2018-12-28,50.310001373291016,51.20000076293945,50.25,51.0,11914300,26.810138702392578
2019-01-02,50.0099983215332,51.369998931884766,49.790000915527344,51.09000015258789,17319600,26.857452392578125
2019-01-03,50.79999923706055,50.939998626708984,48.400001525878906,49.0,30120000,25.75876235961914
2019-01-04,49.81999969482422,52.45000076293945,49.81999969482422,52.189998626708984,43360100,27.43570899963379
2019-01-07,52.869998931884766,53.650001525878906,51.720001220703125,51.90999984741211,20998900,27.28851890563965
2019-01-08,52.20000076293945,52.79999923706055,51.619998931884766,52.40999984741211,19925600,27.551361083984375
2019-01-09,53.15999984741211,54.060001373291016,52.83000183105469,53.689998626708984,27695500,28.2242431640625
2019-01-10,53.22999954223633,53.290000915527344,52.27000045776367,53.099998474121094,18113600,27.914091110229492
2019-01-11,53.2599983215332,53.459999084472656,52.380001068115234,52.380001068115234,12360400,27.535594940185547
2019-01-14,51.97999954223633,52.70000076293945,51.43000030517578,52.599998474121094,14626300,27.6512393951416
2019-01-15,52.849998474121094,53.20000076293945,51.869998931884766,52.349998474121094,14480300,27.519819259643555
2019-01-16,52.400001525878906,52.81999969482422,52.20000076293945,52.650001525878906,15375100,27.677532196044922
2019-01-17,52.439998626708984,54.709999084472656,52.27000045776367,54.22999954223633,25525500,28.508113861083984
2019-01-18,54.95000076293945,55.599998474121094,54.25,54.7599983215332,25815900,28.78672981262207
2019-01-21,54.849998474121094,55.349998474121094,54.38999938964844,55.279998779296875,10676600,29.06009292602539
2019-01-22,54.47999954223633,55.08000183105469,54.349998474121094,55.08000183105469,17154300,28.954954147338867
2019-01-23,55.459999084472656,55.900001525878906,55.33000183105469,55.650001525878906,13470400,29.254592895507812
2019-01-24,55.79999923706055,56.20000076293945,55.5,56.150001525878906,14118200,29.517438888549805
2019-01-28,45.0,45.0,42.36000061035156,42.36000061035156,183534500,22.268186569213867
2019-01-29,43.27000045776367,44.689998626708984,42.599998474121094,42.7400016784668,68335900,22.467947006225586
2019-01-30,46.25,46.79999923706055,44.97999954223633,46.599998474121094,67892500,24.497108459472656
2019-01-31,46.9900016784668,47.439998626708984,45.5,45.5,39814600,23.918853759765625
2019-02-01,45.720001220703125,46.33000183105469,45.58000183105469,46.25,21286700,24.31311798095703
2019-02-04,46.0,46.099998474121094,44.04999923706055,44.68000030517578,35888900,23.487783432006836
2019-02-05,44.45000076293945,45.209999084472656,43.810001373291016,44.52000045776367,21992300,23.40367889404297
2019-02-06,44.0,44.400001525878906,42.459999084472656,42.459999084472656,29257400,22.32075309753418
2019-02-07,42.150001525878906,42.790000915527344,41.209999084472656,41.59000015258789,31403200,21.863407135009766
2019-02-08,40.63999938964844,43.59000015258789,40.5099983215332,43.15999984741211,48169600,22.688735961914062
2019-02-11,43.86000061035156,44.04999923706055,41.88999938964844,42.02000045776367,30697300,22.089452743530273
2019-02-12,42.5,44.33000183105469,42.04999923706055,44.29999923706055,36421200,23.28802490234375
2019-02-13,44.310001373291016,45.9900016784668,44.29999923706055,45.4900016784668,38153200,23.913589477539062
2019-02-14,45.38999938964844,45.939998626708984,45.04999923706055,45.65999984741211,24055400,24.002958297729492
2019-02-15,45.400001525878906,46.02000045776367,45.189998626708984,45.880001068115234,27877700,24.118610382080078
2019-02-18,45.790000915527344,46.150001525878906,44.900001525878906,45.25,18777400,23.78742790222168
2019-02-19,45.5,45.939998626708984,45.22999954223633,45.4900016784668,20523500,23.913589477539062
2019-02-20,45.900001525878906,46.08000183105469,44.939998626708984,45.79999923706055,25493000,24.076557159423828
2019-02-21,45.84000015258789,46.09000015258789,45.130001068115234,45.380001068115234,21401300,23.85576820373535
2019-02-22,45.70000076293945,47.060001373291016,45.56999969482422,46.9900016784668,17580700,24.702129364013672
2019-02-25,47.349998474121094,47.75,46.400001525878906,47.119998931884766,16801500,24.77046775817871
2019-02-26,46.790000915527344,47.290000915527344,46.599998474121094,47.20000076293945,10362900,24.812524795532227
2019-02-27,47.25,47.25,46.34000015258789,46.83000183105469,15004800,24.618019104003906
2019-02-28,46.58000183105469,47.099998474121094,46.099998474121094,47.099998474121094,17877800,24.75995635986328
2019-03-01,47.290000915527344,47.5,44.54999923706055,46.7400016784668,29872100,24.57070541381836
2019-03-06,47.43000030517578,48.04999923706055,47.189998626708984,48.04999923706055,15244200,25.25935935974121
2019-03-07,47.83000183105469,48.959999084472656,47.720001220703125,48.86000061035156,21112500,25.685165405273438
2019-03-08,48.2599983215332,48.88999938964844,47.650001525878906,48.849998474121094,25446000,25.679906845092773
2019-03-11,48.900001525878906,49.95000076293945,48.61000061035156,49.880001068115234,20201600,26.22136878967285
2019-03-12,49.79999923706055,50.33000183105469,49.54999923706055,49.970001220703125,15591300,26.268680572509766
2019-03-13,49.939998626708984,51.0,49.70000076293945,50.70000076293945,21999200,26.652437210083008
2019-03-14,50.79999923706055,50.93000030517578,50.20000076293945,50.709999084472656,17257400,26.657682418823242
2019-03-15,50.79999923706055,51.2400016784668,50.400001525878906,50.54999923706055,26054400,26.573579788208008
2019-03-18,50.25,50.66999816894531,49.83000183105469,50.459999084472656,23021400,26.52626609802246
2019-03-19,50.70000076293945,52.38999938964844,50.59000015258789,51.900001525878906,32034400,27.283266067504883
2019-03-20,51.45000076293945,51.68000030517578,50.400001525878906,50.560001373291016,25667000,26.578840255737305
2019-03-21,50.529998779296875,51.470001220703125,50.5099983215332,50.88999938964844,19660000,26.7523136138916
2019-03-22,50.470001220703125,51.33000183105469,49.70000076293945,50.04999923706055,25714700,26.31073570251465
2019-03-25,49.599998474121094,50.310001373291016,49.15999984741211,49.54999923706055,15897500,26.047889709472656
2019-03-26,49.810001373291016,50.70000076293945,49.79999923706055,50.279998779296875,13413800,26.431642532348633
2019-03-27,50.04999923706055,50.7400016784668,49.310001373291016,49.599998474121094,20805100,26.074174880981445
2019-03-28,50.5099983215332,50.599998474121094,48.619998931884766,49.29999923706055,28490000,25.916471481323242
2019-03-29,49.95000076293945,51.599998474121094,49.95000076293945,50.93000030517578,25118100,26.773344039916992
2019-04-01,52.349998474121094,53.04999923706055,52.099998474121094,52.599998474121094,25392200,27.6512393951416
2019-04-02,53.04999923706055,53.29999923706055,51.630001068115234,51.630001068115234,21442400,27.141324996948242
2019-04-03,52.779998779296875,52.83000183105469,51.61000061035156,51.779998779296875,21477200,27.22017478942871
2019-04-04,52.0,52.459999084472656,51.619998931884766,52.15999984741211,14145700,27.419939041137695
2019-04-05,52.20000076293945,52.36000061035156,51.70000076293945,51.97999954223633,8359200,27.325319290161133
2019-04-08,52.5,53.38999938964844,52.36000061035156,53.38999938964844,14400900,28.0665340423584
2019-04-09,53.18000030517578,53.29999923706055,52.29999923706055,52.349998474121094,14745400,27.519819259643555
2019-04-10,52.7400016784668,52.7400016784668,51.52000045776367,51.7599983215332,15608000,27.209657669067383
2019-04-11,51.5,51.86000061035156,50.93000030517578,51.790000915527344,10274300,27.225439071655273
2019-04-12,52.09000015258789,52.720001220703125,51.310001373291016,51.47999954223633,16905900,27.06247329711914
2019-04-15,51.59000015258789,51.720001220703125,50.779998779296875,51.33000183105469,15787300,26.983625411987305
2019-04-16,51.27000045776367,53.15999984741211,50.84000015258789,53.099998474121094,18935600,27.914091110229492
2019-04-17,53.15999984741211,53.79999923706055,51.70000076293945,52.25,26483700,27.467254638671875
2019-04-18,52.20000076293945,52.970001220703125,52.0099983215332,52.58000183105469,10706000,27.64073371887207
2019-04-22,51.95000076293945,52.0,50.79999923706055,51.29999923706055,16324700,26.967845916748047
2019-04-23,51.59000015258789,51.91999816894531,51.279998779296875,51.91999816894531,9890800,27.293773651123047
2019-04-24,51.54999923706055,51.7400016784668,50.15999984741211,50.36000061035156,19992800,26.473697662353516
2019-04-25,50.22999954223633,50.43000030517578,49.380001068115234,50.33000183105469,15916200,26.457931518554688
2019-04-26,50.47999954223633,50.650001525878906,49.52000045776367,50.41999816894531,10632700,26.505237579345703
2019-04-29,50.939998626708984,51.060001373291016,50.119998931884766,50.25,8729200,26.41587257385254
2019-04-30,50.220001220703125,50.689998626708984,49.7599983215332,50.099998474121094,11371400,26.33701515197754
2019-05-02,49.279998779296875,49.279998779296875,48.720001220703125,48.939998626708984,15906200,25.727218627929688
2019-05-03,49.45000076293945,50.630001068115234,49.38999938964844,50.400001525878906,10614000,26.49472999572754
2019-05-06,49.599998474121094,49.75,49.09000015258789,49.65999984741211,10437300,26.105716705322266
2019-05-07,49.349998474121094,49.70000076293945,48.720001220703125,49.70000076293945,15190600,26.126745223999023
2019-05-08,49.81999969482422,50.13999938964844,48.939998626708984,49.0,18474900,25.75876235961914
2019-05-09,49.0,49.0099983215332,48.04999923706055,48.540000915527344,12456600,25.516944885253906
2019-05-10,48.29999923706055,49.79999923706055,48.060001373291016,49.459999084472656,25272300,26.000579833984375
2019-05-13,48.529998779296875,48.75,47.43000030517578,47.43000030517578,18657700,24.933429718017578
2019-05-14,48.18000030517578,48.349998474121094,47.349998474121094,47.59000015258789,14183900,25.017541885375977
2019-05-15,47.150001525878906,48.45000076293945,47.02000045776367,47.95000076293945,18447400,25.206789016723633
2019-05-16,48.54999923706055,48.93000030517578,45.81999969482422,46.400001525878906,49247900,24.391971588134766
2019-05-17,46.400001525878906,47.720001220703125,46.29999923706055,47.720001220703125,34079700,25.08588218688965
2019-05-20,47.619998931884766,47.7400016784668,46.630001068115234,46.75,23909600,24.575956344604492
2019-05-21,47.099998474121094,47.959999084472656,46.09000015258789,47.40999984741211,32381300,24.922916412353516
2019-05-22,47.779998779296875,48.689998626708984,47.369998931884766,47.459999084472656,21087400,24.949199676513672
2019-05-23,47.06999969482422,47.900001525878906,46.41999816894531,47.81999969482422,15786300,25.13844871520996
2019-05-24,48.63999938964844,49.43000030517578,48.310001373291016,48.310001373291016,24936500,25.396038055419922
2019-05-27,49.0,50.25,48.900001525878906,50.189998626708984,17281600,26.38433837890625
2019-05-28,49.95000076293945,50.95000076293945,49.849998474121094,50.25,37041000,26.41587257385254
2019-05-29,49.52000045776367,49.849998474121094,49.150001525878906,49.70000076293945,17842500,26.126745223999023
2019-05-30,49.709999084472656,50.130001068115234,49.439998626708984,50.0099983215332,12877800,26.289709091186523
2019-05-31,49.5099983215332,51.0,48.709999084472656,49.0,28857900,25.75876235961914
2019-06-03,49.349998474121094,49.599998474121094,48.439998626708984,48.83000183105469,22451600,25.669395446777344
2019-06-04,49.18000030517578,49.349998474121094,48.29999923706055,49.11000061035156,19537300,25.81658363342285
2019-06-05,49.279998779296875,49.43000030517578,47.86000061035156,48.38999938964844,14392200,25.438085556030273
2019-06-06,48.88999938964844,48.939998626708984,48.310001373291016,48.79999923706055,10869100,25.65362548828125
2019-06-07,49.04999923706055,49.099998474121094,48.36000061035156,48.65999984741211,11626500,25.58002471923828
2019-06-10,48.95000076293945,49.22999954223633,48.33000183105469,48.34000015258789,11670100,25.411806106567383
2019-06-11,49.7599983215332,51.47999954223633,49.65999984741211,51.43000030517578,44669000,27.03618812561035
2019-06-12,51.54999923706055,52.09000015258789,50.93000030517578,51.4900016784668,24531300,27.067731857299805
2019-06-13,51.900001525878906,52.25,51.59000015258789,51.849998474121094,18058600,27.256969451904297
2019-06-14,51.70000076293945,51.81999969482422,51.150001525878906,51.400001525878906,20375200,27.020414352416992
2019-06-17,51.0,51.33000183105469,50.20000076293945,50.20000076293945,20551200,26.389591217041016
2019-06-18,51.0,52.41999816894531,51.0,52.0,27229300,27.335834503173828
2019-06-19,53.0,53.099998474121094,51.83000183105469,52.29999923706055,23746400,27.49353790283203
2019-06-21,52.75,52.93000030517578,52.099998474121094,52.439998626708984,20492800,27.567129135131836
2019-06-24,52.47999954223633,52.47999954223633,52.099998474121094,52.400001525878906,9338300,27.546110153198242
2019-06-25,52.189998626708984,52.470001220703125,51.34000015258789,51.380001068115234,12449700,27.009904861450195
2019-06-26,51.5,52.040000915527344,51.369998931884766,51.58000183105469,13277900,27.11504364013672
2019-06-27,52.150001525878906,52.150001525878906,51.52000045776367,51.70000076293945,14941500,27.17812156677246
2019-06-28,52.06999969482422,52.20000076293945,51.689998626708984,51.81999969482422,11106100,27.241201400756836
2019-07-01,53.099998474121094,53.790000915527344,53.099998474121094,53.650001525878906,22807300,28.203216552734375
2019-07-02,54.099998474121094,54.15999984741211,50.02000045776367,51.38999938964844,48452700,27.015161514282227
2019-07-03,51.77000045776367,51.970001220703125,51.150001525878906,51.290000915527344,19929700,26.96259307861328
2019-07-04,51.68000030517578,52.099998474121094,51.150001525878906,51.66999816894531,16192600,27.1623477935791
2019-07-05,50.400001525878906,50.58000183105469,49.7599983215332,50.36000061035156,27847600,26.473697662353516
2019-07-08,50.650001525878906,51.599998474121094,50.459999084472656,50.95000076293945,12777600,26.783851623535156
2019-07-10,51.61000061035156,52.560001373291016,51.400001525878906,52.130001068115234,28106700,27.404165267944336
2019-07-11,51.869998931884766,52.5,51.720001220703125,52.04999923706055,18567500,27.36211395263672
2019-07-12,52.459999084472656,52.779998779296875,51.72999954223633,51.810001373291016,22248600,27.235946655273438
2019-07-15,52.459999084472656,52.93000030517578,52.25,52.689998626708984,20144200,27.69855499267578
2019-07-16,53.20000076293945,53.470001220703125,52.790000915527344,53.04999923706055,17393700,27.887807846069336
2019-07-17,52.9900016784668,53.119998931884766,52.459999084472656,52.689998626708984,13876700,27.69855499267578
2019-07-18,52.61000061035156,52.81999969482422,52.22999954223633,52.59000015258789,12217200,27.645984649658203
2019-07-19,52.810001373291016,53.22999954223633,52.54999923706055,52.720001220703125,11523100,27.714323043823242
2019-07-22,52.18000030517578,52.65999984741211,51.810001373291016,52.45000076293945,11348100,27.572389602661133
2019-07-23,52.400001525878906,52.599998474121094,51.7599983215332,51.7599983215332,11146800,27.209657669067383
2019-07-24,51.09000015258789,51.2599983215332,50.54999923706055,50.650001525878906,25121800,26.62615203857422
2019-07-25,51.0,51.119998931884766,50.099998474121094,50.4900016784668,12761900,26.542043685913086
2019-07-26,51.0,51.04999923706055,50.18000030517578,50.22999954223633,12604500,26.405359268188477
2019-07-29,50.29999923706055,50.599998474121094,49.79999923706055,50.2599983215332,8462200,26.421127319335938
2019-07-30,50.16999816894531,50.58000183105469,50.0099983215332,50.0099983215332,10182500,26.289709091186523
2019-07-31,50.380001068115234,50.54999923706055,49.220001220703125,49.810001373291016,23244900,26.1845703125
2019-08-01,49.2400016784668,49.34000015258789,48.25,48.400001525878906,45701400,25.443347930908203
2019-08-02,48.20000076293945,48.290000915527344,47.40999984741211,47.84000015258789,19834300,25.14896011352539
2019-08-05,46.599998474121094,46.599998474121094,45.7599983215332,46.0,36490300,24.181692123413086
2019-08-06,46.459999084472656,46.970001220703125,46.290000915527344,46.619998931884766,21913400,24.50762176513672
2019-08-07,45.849998474121094,46.47999954223633,45.45000076293945,46.47999954223633,20828200,24.434030532836914
2019-08-08,47.29999923706055,47.4900016784668,46.91999816894531,47.18000030517578,24237600,24.802005767822266
2019-08-09,46.70000076293945,46.810001373291016,45.4900016784668,45.4900016784668,24707500,23.913589477539062
2019-08-12,45.150001525878906,45.9900016784668,45.029998779296875,45.15999984741211,16409000,23.740116119384766
2019-08-13,45.54999923706055,46.79999923706055,45.349998474121094,46.5,19989100,24.444538116455078
2019-08-14,45.97999954223633,45.97999954223633,44.72999954223633,44.880001068115234,24950100,23.592924118041992
2019-08-15,45.0099983215332,45.5,43.16999816894531,43.88999938964844,24570500,23.072490692138672
2019-08-16,44.45000076293945,44.70000076293945,43.47999954223633,43.689998626708984,19541100,22.967355728149414
2019-08-19,44.290000915527344,44.43000030517578,43.209999084472656,43.650001525878906,27533700,22.946321487426758
2019-08-20,43.5099983215332,44.4900016784668,42.900001525878906,43.84000015258789,16865100,23.04620933532715
2019-08-21,43.599998474121094,44.33000183105469,43.06999969482422,44.150001525878906,16171800,23.209163665771484
2019-08-22,44.380001068115234,44.380001068115234,43.54999923706055,43.88999938964844,12254400,23.072490692138672
2019-08-23,43.83000183105469,44.59000015258789,42.900001525878906,43.279998779296875,26087800,22.751819610595703
2019-08-26,43.4900016784668,43.650001525878906,42.540000915527344,42.79999923706055,13270500,22.499486923217773
2019-08-27,43.150001525878906,43.90999984741211,42.439998626708984,43.31999969482422,27809400,22.772851943969727
2019-08-28,43.310001373291016,44.16999816894531,43.040000915527344,43.47999954223633,13467000,22.85696029663086
2019-08-29,44.11000061035156,45.25,43.959999084472656,45.099998474121094,23487000,23.708572387695312
2019-08-30,45.9900016784668,46.33000183105469,45.27000045776367,45.56999969482422,27305700,23.955644607543945
2019-09-02,46.54999923706055,46.66999816894531,45.849998474121094,46.0099983215332,12757600,24.186952590942383
2019-09-03,46.0,46.04999923706055,45.34000015258789,45.52000045776367,13227000,23.929363250732422
2019-09-04,46.04999923706055,46.52000045776367,45.970001220703125,46.52000045776367,12439100,24.45505714416504
2019-09-05,46.95000076293945,47.189998626708984,46.52000045776367,46.52000045776367,20284900,24.45505714416504
2019-09-06,46.45000076293945,46.689998626708984,46.09000015258789,46.45000076293945,10419000,24.418258666992188
2019-09-09,46.70000076293945,47.88999938964844,46.290000915527344,47.88999938964844,24430000,25.175247192382812
2019-09-10,47.880001068115234,48.5,47.20000076293945,48.2400016784668,21440800,25.35924530029297
2019-09-11,48.599998474121094,48.599998474121094,47.58000183105469,47.95000076293945,16872500,25.206789016723633
2019-09-12,48.619998931884766,49.77000045776367,48.599998474121094,49.689998626708984,39340500,26.12148666381836
2019-09-13,49.959999084472656,50.29999923706055,49.65999984741211,49.790000915527344,22067600,26.174057006835938
2019-09-16,49.400001525878906,49.439998626708984,48.349998474121094,48.59000015258789,26369500,25.543231964111328
2019-09-17,48.25,49.150001525878906,48.22999954223633,48.900001525878906,14473900,25.706195831298828
2019-09-18,49.0,49.0,47.97999954223633,48.400001525878906,15335300,25.443347930908203
2019-09-19,48.400001525878906,48.58000183105469,47.7599983215332,48.31999969482422,15680000,25.40129280090332
2019-09-20,48.65999984741211,48.7400016784668,48.0,48.41999816894531,23870900,25.453866958618164
2019-09-23,48.189998626708984,48.58000183105469,47.959999084472656,48.099998474121094,11946300,25.285642623901367
2019-09-24,47.709999084472656,47.880001068115234,46.779998779296875,46.93000030517578,15322500,24.67058563232422
2019-09-25,47.029998779296875,48.02000045776367,46.83000183105469,47.86000061035156,14554600,25.15947723388672
2019-09-26,48.099998474121094,48.279998779296875,47.529998779296875,47.86000061035156,12257300,25.15947723388672
2019-09-27,48.150001525878906,48.349998474121094,47.27000045776367,47.65999984741211,13450600,25.054338455200195
2019-09-30,47.650001525878906,48.040000915527344,47.209999084472656,47.75,12116600,25.101654052734375
2019-10-01,47.849998474121094,48.880001068115234,47.65999984741211,47.709999084472656,16083800,25.08061981201172
2019-10-02,46.900001525878906,46.900001525878906,45.099998474121094,45.099998474121094,24637800,23.708572387695312
2019-10-03,45.31999969482422,45.810001373291016,44.220001220703125,45.439998626708984,24569900,23.88730812072754
2019-10-04,45.70000076293945,46.790000915527344,45.68000030517578,46.59000015258789,21339100,24.491849899291992
2019-10-07,46.29999923706055,46.97999954223633,46.040000915527344,46.040000915527344,12531500,24.202720642089844
2019-10-08,46.29999923706055,46.369998931884766,45.31999969482422,45.31999969482422,14671300,23.8242244720459
2019-10-09,45.66999816894531,46.040000915527344,45.33000183105469,45.66999816894531,9509400,24.008216857910156
2019-10-10,46.060001373291016,47.45000076293945,46.060001373291016,47.2400016784668,15441700,24.83354949951172
2019-10-11,48.029998779296875,48.91999816894531,48.0,48.63999938964844,24527700,25.569515228271484
2019-10-14,48.20000076293945,48.25,47.560001373291016,47.9900016784668,11520400,25.227821350097656
2019-10-15,47.880001068115234,48.290000915527344,47.529998779296875,47.90999984741211,14669700,25.185762405395508
2019-10-16,47.38999938964844,47.52000045776367,46.63999938964844,46.79999923706055,24417100,24.60223960876465
2019-10-17,46.9900016784668,47.04999923706055,46.61000061035156,46.709999084472656,14158400,24.554933547973633
2019-10-18,46.88999938964844,47.18000030517578,46.02000045776367,46.029998779296875,16452100,24.19746971130371
2019-10-21,46.41999816894531,47.209999084472656,46.2599983215332,47.209999084472656,13486800,24.817781448364258
2019-10-22,47.279998779296875,47.540000915527344,47.099998474121094,47.29999923706055,15194800,24.865093231201172
2019-10-23,47.599998474121094,47.83000183105469,47.029998779296875,47.11000061035156,12362800,24.765207290649414
2019-10-24,47.459999084472656,47.56999969482422,46.52000045776367,46.75,14646600,24.575956344604492
2019-10-25,47.75,48.560001373291016,47.54999923706055,48.560001373291016,21754000,25.527463912963867
2019-10-28,48.650001525878906,48.79999923706055,48.34000015258789,48.70000076293945,10932200,25.601058959960938
2019-10-29,48.40999984741211,48.79999923706055,48.08000183105469,48.650001525878906,10091200,25.57477569580078
2019-10-30,48.400001525878906,48.619998931884766,47.689998626708984,48.59000015258789,15325200,25.543231964111328
2019-10-31,48.099998474121094,48.47999954223633,46.86000061035156,47.20000076293945,21765000,24.812524795532227
2019-11-01,47.79999923706055,48.70000076293945,47.7599983215332,48.439998626708984,20151300,25.464380264282227
2019-11-04,49.08000183105469,49.81999969482422,49.08000183105469,49.81999969482422,20980000,26.189828872680664
2019-11-05,50.06999969482422,50.279998779296875,49.43000030517578,49.869998931884766,15951200,26.21611213684082
2019-11-06,49.900001525878906,49.970001220703125,48.900001525878906,49.689998626708984,14879300,26.12148666381836
2019-11-07,49.84000015258789,50.529998779296875,49.540000915527344,50.11000061035156,26788900,26.34227752685547
2019-11-08,49.33000183105469,49.54999923706055,48.810001373291016,49.18000030517578,19854000,25.853389739990234
2019-11-11,48.439998626708984,48.439998626708984,47.959999084472656,48.130001068115234,20385800,25.301410675048828
2019-11-12,48.29999923706055,48.4900016784668,47.900001525878906,47.900001525878906,13130500,25.180500030517578
2019-11-13,47.650001525878906,48.060001373291016,46.970001220703125,47.119998931884766,16882100,24.77046775817871
2019-11-14,47.349998474121094,47.58000183105469,46.959999084472656,47.0,14155900,24.70738410949707
2019-11-18,47.720001220703125,48.04999923706055,47.47999954223633,47.61000061035156,16777800,25.02805519104004
2019-11-19,48.11000061035156,48.4900016784668,47.720001220703125,48.16999816894531,13108100,25.322437286376953
2019-11-21,47.7599983215332,48.41999816894531,47.70000076293945,48.41999816894531,15624200,25.453866958618164
2019-11-22,48.54999923706055,50.029998779296875,48.54999923706055,50.029998779296875,27680500,26.30022430419922
2019-11-25,50.540000915527344,51.18000030517578,50.43000030517578,50.86000061035156,24507100,26.736543655395508
2019-11-26,50.599998474121094,51.5,50.459999084472656,51.220001220703125,32446500,26.925796508789062
2019-11-27,50.93000030517578,51.20000076293945,50.130001068115234,50.58000183105469,13507600,26.589351654052734
2019-11-28,50.560001373291016,50.880001068115234,49.689998626708984,50.369998931884766,10145300,26.478958129882812
2019-11-29,50.369998931884766,50.470001220703125,49.81999969482422,49.97999954223633,10290800,26.273941040039062
2019-12-02,50.150001525878906,51.689998626708984,50.11000061035156,51.34000015258789,23952200,26.98887062072754
2019-12-03,51.25,51.2599983215332,50.25,50.41999816894531,13479700,26.505237579345703
2019-12-04,50.83000183105469,51.029998779296875,50.529998779296875,50.91999816894531,9105800,26.768083572387695
2019-12-05,50.70000076293945,51.08000183105469,50.54999923706055,50.95000076293945,9503500,26.783851623535156
2019-12-06,51.25,51.689998626708984,51.029998779296875,51.349998474121094,13892600,26.994129180908203
2019-12-09,52.25,52.4900016784668,51.33000183105469,51.439998626708984,19388300,27.041440963745117
2019-12-10,51.220001220703125,51.43000030517578,50.900001525878906,51.20000076293945,13878600,26.91527557373047
2019-12-11,51.380001068115234,52.04999923706055,51.220001220703125,51.83000183105469,15572100,27.24646759033203
2019-12-12,52.099998474121094,53.060001373291016,51.72999954223633,52.95000076293945,25140900,27.835233688354492
2019-12-13,53.29999923706055,54.0,52.84000015258789,53.7599983215332,28172500,28.261035919189453
2019-12-16,54.5,54.66999816894531,53.34000015258789,53.34000015258789,21806800,28.040250778198242
2019-12-17,53.25,53.709999084472656,53.04999923706055,53.41999816894531,13570300,28.082305908203125
2019-12-18,53.279998779296875,53.540000915527344,52.599998474121094,53.470001220703125,22924500,28.108596801757812
2019-12-19,53.5,54.2400016784668,53.220001220703125,54.0,17683200,28.387208938598633
2019-12-20,54.77000045776367,54.9900016784668,54.150001525878906,54.790000915527344,42124200,28.802501678466797
2019-12-23,54.900001525878906,54.97999954223633,54.400001525878906,54.58000183105469,10225700,28.692102432250977
2019-12-26,54.810001373291016,55.0,54.5099983215332,54.790000915527344,20410000,28.802501678466797
2019-12-27,53.9900016784668,54.0,53.41999816894531,53.599998474121094,13920400,28.923568725585938
2019-12-30,53.650001525878906,53.86000061035156,53.20000076293945,53.29999923706055,11928100,28.761690139770508
2020-01-02,53.97999954223633,54.439998626708984,53.75,54.33000183105469,17509700,29.317501068115234
2020-01-03,53.68000030517578,54.5,53.58000183105469,53.93000030517578,17284800,29.10165023803711
2020-01-06,53.79999923706055,53.79999923706055,53.150001525878906,53.61000061035156,32787800,28.928972244262695
2020-01-07,53.5,54.189998626708984,53.400001525878906,54.0,16326400,29.13942527770996
2020-01-08,54.20000076293945,54.369998931884766,53.619998931884766,54.0099983215332,15298500,29.14480972290039
2020-01-09,53.75,53.869998931884766,53.04999923706055,53.29999923706055,14638000,28.761690139770508
2020-01-10,53.75,53.869998931884766,53.11000061035156,53.36000061035156,9129200,28.79405975341797
2020-01-13,53.63999938964844,55.63999938964844,53.5099983215332,55.29999923706055,27497400,29.840925216674805
2020-01-14,55.29999923706055,56.349998474121094,55.0,55.63999938964844,27817000,30.02440071105957
2020-01-15,55.29999923706055,56.08000183105469,55.11000061035156,55.459999084472656,21425300,29.927268981933594
2020-01-16,55.599998474121094,55.95000076293945,55.099998474121094,55.16999816894531,13149100,29.77077293395996
2020-01-17,56.25,57.09000015258789,56.099998474121094,57.0,36524100,30.758275985717773
2020-01-20,57.0,57.36000061035156,56.529998779296875,57.36000061035156,16746300,30.952543258666992
2020-01-21,56.79999923706055,57.0099983215332,55.7400016784668,56.029998779296875,25436800,30.234846115112305
2020-01-22,56.599998474121094,56.849998474121094,56.060001373291016,56.29999923706055,17269400,30.38054847717285
2020-01-23,55.43000030517578,55.72999954223633,54.709999084472656,55.5,23028900,29.9488525390625
2020-01-24,55.619998931884766,55.72999954223633,53.689998626708984,53.79999923706055,19744800,29.031497955322266
2020-01-27,51.65999984741211,51.81999969482422,50.47999954223633,50.5099983215332,38779700,27.256153106689453
2020-01-28,51.20000076293945,52.09000015258789,51.08000183105469,51.20000076293945,23046400,27.62848472595215
2020-01-29,51.70000076293945,51.88999938964844,50.459999084472656,50.75,23323000,27.385656356811523
2020-01-30,49.970001220703125,51.5,49.79999923706055,51.5,23083200,27.790372848510742
2020-01-31,50.959999084472656,51.060001373291016,49.79999923706055,50.27000045776367,29988200,27.126646041870117
2020-02-03,50.5,51.09000015258789,49.79999923706055,50.90999984741211,18858200,27.471996307373047
2020-02-04,52.20000076293945,52.58000183105469,51.970001220703125,52.27000045776367,21559200,28.205875396728516
2020-02-05,53.31999969482422,53.619998931884766,52.9900016784668,52.9900016784668,26797700,28.594404220581055
2020-02-06,53.65999984741211,53.91999816894531,52.81999969482422,53.279998779296875,22155800,28.75089454650879
2020-02-07,52.880001068115234,52.959999084472656,51.91999816894531,52.099998474121094,14450900,28.114145278930664
2020-02-10,51.900001525878906,51.900001525878906,49.91999816894531,50.189998626708984,28244800,27.083478927612305
2020-02-11,51.150001525878906,52.20000076293945,51.02000045776367,52.04999923706055,27560600,28.08716583251953
2020-02-12,53.099998474121094,53.380001068115234,52.83000183105469,53.06999969482422,28539800,28.6375732421875
2020-02-13,52.220001220703125,52.400001525878906,51.560001373291016,52.13999938964844,20105600,28.135725021362305
2020-02-14,52.209999084472656,52.279998779296875,50.95000076293945,51.0,19896200,27.52056121826172
2020-02-17,51.709999084472656,53.40999984741211,51.619998931884766,53.40999984741211,28134200,28.821044921875
2020-02-18,52.54999923706055,53.04999923706055,52.119998931884766,52.79999923706055,18054400,28.491878509521484
2020-02-19,52.93000030517578,53.119998931884766,52.400001525878906,52.810001373291016,14439700,28.497270584106445
2020-02-20,53.27000045776367,53.4900016784668,52.060001373291016,52.20000076293945,18818800,28.168113708496094
2020-02-21,51.0,51.13999938964844,49.79999923706055,50.130001068115234,32249900,27.05109405517578
2020-02-26,46.65999984741211,46.84000015258789,45.060001373291016,45.349998474121094,46923300,24.47171401977539
2020-02-27,44.650001525878906,45.540000915527344,43.560001373291016,44.470001220703125,42419000,23.99685287475586
2020-02-28,43.9900016784668,44.310001373291016,43.20000076293945,44.310001373291016,33228600,23.91051483154297
2020-03-02,44.880001068115234,47.09000015258789,44.810001373291016,46.36000061035156,48372500,25.016735076904297
2020-03-03,46.7400016784668,49.09000015258789,46.06999969482422,46.349998474121094,52401800,25.011337280273438
2020-03-04,48.0,49.09000015258789,47.0,48.56999969482422,31476600,26.20928955078125
2020-03-05,47.65999984741211,47.95000076293945,45.95000076293945,46.849998474121094,29092300,25.281143188476562
2020-03-06,44.20000076293945,45.81999969482422,43.650001525878906,44.61000061035156,39718600,24.07240104675293
2020-03-09,40.45000076293945,41.540000915527344,37.810001373291016,37.83000183105469,59037000,20.413782119750977
2020-03-10,41.900001525878906,45.34000015258789,40.79999923706055,44.810001373291016,63269800,24.180328369140625
2020-03-11,43.0099983215332,44.290000915527344,39.0,40.7400016784668,50025000,21.98407554626465
2020-03-12,36.0,36.0,32.45000076293945,35.349998474121094,62222000,19.075529098510742
2020-03-13,42.0,44.029998779296875,37.0,42.900001525878906,67635900,23.149656295776367
2020-03-16,36.0099983215332,41.400001525878906,36.0099983215332,39.040000915527344,59078300,21.066720962524414
2020-03-17,40.5,43.56999969482422,39.11000061035156,41.5099983215332,52743800,22.39957618713379
2020-03-18,38.79999923706055,40.869998931884766,35.70000076293945,38.650001525878906,59689100,20.85626983642578
2020-03-19,37.5,39.0,35.2599983215332,36.400001525878906,52645400,19.642126083374023
2020-03-20,37.900001525878906,39.40999984741211,34.709999084472656,35.189998626708984,50479900,18.98918914794922
2020-03-23,35.54999923706055,35.86000061035156,33.369998931884766,34.099998474121094,41958300,18.4010066986084
2020-03-24,36.86000061035156,38.650001525878906,36.86000061035156,37.63999938964844,37044800,20.311254501342773
2020-03-25,38.189998626708984,41.349998474121094,38.09000015258789,40.849998474121094,38064400,22.04343032836914
2020-03-26,41.0099983215332,42.40999984741211,39.9900016784668,42.0,36253000,22.663997650146484
2020-03-27,39.29999923706055,41.439998626708984,39.20000076293945,40.099998474121094,32331200,21.638715744018555
2020-03-30,40.91999816894531,42.31999969482422,40.7400016784668,41.77000045776367,31298300,22.539888381958008
2020-03-31,42.29999923706055,44.4900016784668,42.220001220703125,43.220001220703125,39238000,23.32233238220215
2020-04-01,41.810001373291016,44.119998931884766,41.20000076293945,43.369998931884766,37092100,23.403274536132812
2020-04-02,43.95000076293945,44.56999969482422,41.91999816894531,42.779998779296875,34372600,23.08489418029785
2020-04-03,42.79999923706055,42.869998931884766,39.7599983215332,40.5,31650000,21.85456657409668
2020-04-06,42.599998474121094,43.38999938964844,41.970001220703125,43.130001068115234,32019300,23.273765563964844
2020-04-07,45.189998626708984,45.5,43.560001373291016,43.779998779296875,34191900,23.62451171875
2020-04-08,43.5,44.25,43.04999923706055,43.5099983215332,29464500,23.478818893432617
2020-04-09,43.95000076293945,44.470001220703125,42.84000015258789,43.279998779296875,29827800,23.354703903198242
2020-04-13,43.20000076293945,44.56999969482422,42.97999954223633,44.56999969482422,22066800,24.050813674926758
2020-04-14,45.619998931884766,46.0,44.5,44.529998779296875,24713600,24.02923011779785
2020-04-15,43.5,43.900001525878906,42.61000061035156,43.189998626708984,28808700,23.306140899658203
2020-04-16,43.79999923706055,43.9900016784668,42.040000915527344,42.7599983215332,24442900,23.074106216430664
2020-04-17,43.900001525878906,44.22999954223633,43.220001220703125,44.0,23604600,23.74323272705078
2020-04-20,43.2599983215332,43.2599983215332,42.22999954223633,42.459999084472656,29050700,22.912216186523438
2020-04-22,42.599998474121094,43.2400016784668,42.04999923706055,42.900001525878906,22693600,23.149656295776367
2020-04-23,43.290000915527344,44.689998626708984,42.810001373291016,43.5099983215332,27171100,23.478818893432617
2020-04-24,43.369998931884766,44.20000076293945,41.83000183105469,43.7599983215332,55165900,23.613719940185547
2020-04-27,44.459999084472656,45.04999923706055,43.86000061035156,44.54999923706055,25580600,24.04002571105957
2020-04-28,45.20000076293945,45.290000915527344,43.47999954223633,44.61000061035156,25680000,24.07240104675293
2020-04-29,45.349998474121094,47.380001068115234,44.84000015258789,46.72999954223633,33207500,25.216394424438477
2020-04-30,45.709999084472656,46.16999816894531,44.7599983215332,44.86000061035156,25720300,24.207300186157227
2020-05-04,43.70000076293945,44.33000183105469,43.400001525878906,43.93000030517578,16994300,23.705461502075195
2020-05-05,44.45000076293945,45.029998779296875,43.70000076293945,43.70000076293945,19070600,23.581348419189453
2020-05-06,44.189998626708984,44.7599983215332,43.61000061035156,44.33000183105469,26602700,23.921306610107422
2020-05-07,45.630001068115234,46.97999954223633,45.45000076293945,46.04999923706055,42194300,24.849454879760742
2020-05-08,47.5,48.959999084472656,46.970001220703125,48.849998474121094,33922800,26.360380172729492
2020-05-11,48.209999084472656,49.25,47.72999954223633,47.72999954223633,24783100,25.756011962890625
2020-05-12,48.43000030517578,48.599998474121094,47.459999084472656,47.459999084472656,21806900,25.610313415527344
2020-05-13,48.16999816894531,49.18000030517578,47.65999984741211,48.540000915527344,34159500,26.193099975585938
2020-05-14,47.95000076293945,48.459999084472656,46.939998626708984,48.09000015258789,35513400,25.950273513793945
2020-05-15,48.689998626708984,49.29999923706055,48.04999923706055,48.04999923706055,35196100,25.92868995666504
2020-05-18,50.34000015258789,51.599998474121094,49.95000076293945,51.2599983215332,41936200,27.660865783691406
2020-05-19,51.29999923706055,52.709999084472656,51.09000015258789,52.29999923706055,27704400,28.222068786621094
2020-05-20,53.369998931884766,53.66999816894531,52.5,52.5,27014500,28.329992294311523
2020-05-21,52.290000915527344,52.65999984741211,50.369998931884766,51.130001068115234,41802300,27.590715408325195
2020-05-22,50.77000045776367,51.099998474121094,49.900001525878906,50.27000045776367,23933600,27.126646041870117
2020-05-25,51.40999984741211,51.68000030517578,49.91999816894531,50.099998474121094,21162000,27.03490447998047
2020-05-26,50.380001068115234,50.52000045776367,48.84000015258789,49.20000076293945,28917800,26.54924964904785
2020-05-27,49.84000015258789,50.83000183105469,48.779998779296875,50.63999938964844,31932100,27.32630157470703
2020-05-28,51.0,51.650001525878906,50.04999923706055,50.09000015258789,23530900,27.029512405395508
2020-05-29,51.400001525878906,53.0,51.060001373291016,53.0,92646300,28.599807739257812
2020-06-01,52.81999969482422,53.849998474121094,52.5,53.41999816894531,27152300,28.826438903808594
2020-06-02,53.79999923706055,53.79999923706055,53.0,53.41999816894531,25602700,28.826438903808594
2020-06-03,53.900001525878906,54.34000015258789,53.380001068115234,53.65999984741211,31584300,28.95595359802246
2020-06-04,53.720001220703125,55.70000076293945,53.52000045776367,55.65999984741211,37638600,30.035192489624023
2020-06-05,56.38999938964844,56.70000076293945,54.34000015258789,54.61000061035156,39799100,29.468591690063477
2020-06-08,54.97999954223633,55.650001525878906,53.97999954223633,54.779998779296875,27456500,29.560321807861328
2020-06-09,54.15999984741211,54.9900016784668,54.119998931884766,54.9900016784668,19860000,29.673643112182617
2020-06-10,54.90999984741211,55.20000076293945,53.7599983215332,54.20000076293945,24321300,29.247344970703125
2020-06-12,53.709999084472656,54.04999923706055,51.97999954223633,53.400001525878906,31223700,28.815650939941406
2020-06-15,52.5,54.43000030517578,52.130001068115234,53.880001068115234,27425600,29.074665069580078
2020-06-16,55.4900016784668,55.5,54.220001220703125,55.38999938964844,29329400,29.88949203491211
2020-06-17,55.4900016784668,56.439998626708984,55.150001525878906,56.20000076293945,27840000,30.326580047607422
2020-06-18,56.29999923706055,56.540000915527344,55.61000061035156,56.16999816894531,25770000,30.31039047241211
2020-06-19,56.33000183105469,56.599998474121094,54.709999084472656,55.16999816894531,38079900,29.77077293395996
2020-06-22,55.0,55.349998474121094,54.43000030517578,55.0,14891400,29.679040908813477
2020-06-23,55.529998779296875,56.560001373291016,55.369998931884766,55.59000015258789,18272700,29.99741554260254
2020-06-24,56.25,56.2599983215332,54.81999969482422,55.38999938964844,18156600,29.88949203491211
2020-06-25,55.5,56.150001525878906,54.869998931884766,56.0,17051900,30.218660354614258
2020-06-26,55.900001525878906,56.95000076293945,55.209999084472656,55.619998931884766,21655500,30.013608932495117
2020-06-29,55.439998626708984,55.90999984741211,54.84000015258789,55.630001068115234,15453400,30.018999099731445
2020-06-30,55.439998626708984,56.540000915527344,55.0099983215332,55.91999816894531,27462900,30.175485610961914
2020-07-01,56.08000183105469,56.08000183105469,54.04999923706055,54.540000915527344,28999400,29.43081283569336
2020-07-02,54.849998474121094,55.7400016784668,54.75,55.4900016784668,24148500,29.94345474243164
2020-07-03,55.20000076293945,55.70000076293945,54.93000030517578,55.2599983215332,7831800,29.819339752197266
2020-07-06,56.09000015258789,56.7400016784668,55.59000015258789,56.56999969482422,23609900,30.526243209838867
2020-07-07,56.7400016784668,56.97999954223633,56.099998474121094,56.369998931884766,13598400,30.418310165405273
2020-07-08,56.900001525878906,57.720001220703125,55.790000915527344,57.31999969482422,32634600,30.930953979492188
2020-07-09,57.52000045776367,57.68000030517578,56.060001373291016,56.41999816894531,19741600,30.445293426513672
2020-07-10,56.52000045776367,57.29999923706055,56.15999984741211,56.970001220703125,14728100,30.742094039916992
2020-07-13,57.72999954223633,59.220001220703125,57.650001525878906,57.650001525878906,28780200,31.109033584594727
2020-07-14,57.91999816894531,61.970001220703125,57.900001525878906,61.70000076293945,52234500,33.29448699951172
2020-07-15,62.29999923706055,62.93000030517578,60.38999938964844,61.790000915527344,29833100,33.343055725097656
2020-07-16,61.29999923706055,61.689998626708984,59.849998474121094,60.119998931884766,22788400,32.441890716552734
2020-07-17,60.5,61.25,60.31999969482422,61.040000915527344,18896400,32.93833923339844
2020-07-20,61.119998931884766,61.4900016784668,60.349998474121094,60.79999923706055,16491500,32.80883026123047
2020-07-21,60.439998626708984,60.47999954223633,59.27000045776367,59.70000076293945,29043600,32.215248107910156
2020-07-22,59.93000030517578,60.25,58.79999923706055,59.2400016784668,19644700,31.96702766418457
2020-07-23,59.900001525878906,60.15999984741211,58.63999938964844,58.849998474121094,17291900,31.75657844543457
2020-07-24,58.56999969482422,58.849998474121094,57.81999969482422,58.599998474121094,22544100,31.62166404724121
2020-07-27,59.099998474121094,61.630001068115234,58.97999954223633,61.369998931884766,35124800,33.11640930175781
2020-07-28,60.70000076293945,61.15999984741211,60.20000076293945,60.34000015258789,21707500,32.56060028076172
2020-07-29,61.209999084472656,62.95000076293945,60.849998474121094,62.95000076293945,29486600,33.96901321411133
2020-07-30,62.29999923706055,62.369998931884766,60.650001525878906,61.27000045776367,32210700,33.06244659423828
2020-07-31,61.099998474121094,62.209999084472656,60.5,60.709999084472656,26318800,32.7602653503418
2020-08-03,61.86000061035156,62.66999816894531,60.2599983215332,60.2599983215332,35910500,32.517433166503906
2020-08-04,60.2599983215332,60.84000015258789,59.36000061035156,60.70000076293945,182535800,32.75486755371094
2020-08-05,61.900001525878906,62.900001525878906,61.849998474121094,62.189998626708984,36999600,33.558895111083984
2020-08-06,62.619998931884766,62.880001068115234,61.279998779296875,61.83000183105469,22468400,33.3646354675293
2020-08-07,61.38999938964844,61.38999938964844,59.779998779296875,60.45000076293945,28427400,32.61996841430664
2020-08-10,60.70000076293945,62.20000076293945,60.40999984741211,62.20000076293945,29341400,33.56429672241211
2020-08-11,62.790000915527344,62.81999969482422,60.15999984741211,60.279998779296875,23822800,32.52822494506836
2020-08-12,60.880001068115234,62.290000915527344,60.58000183105469,61.5,29627900,33.186561584472656
2020-08-13,61.400001525878906,62.15999984741211,60.11000061035156,60.349998474121094,24906200,32.566001892089844
2020-08-14,60.349998474121094,61.43000030517578,60.29999923706055,61.349998474121094,17848800,33.10561752319336
2020-08-17,61.779998779296875,62.599998474121094,61.150001525878906,62.22999954223633,42786400,33.580482482910156
2020-08-18,63.29999923706055,63.70000076293945,62.849998474121094,63.060001373291016,32205700,34.02836990356445
2020-08-19,63.40999984741211,63.880001068115234,62.33000183105469,62.38999938964844,23537900,33.66682052612305
2020-08-20,61.81999969482422,63.5,61.66999816894531,62.95000076293945,25866600,33.96901321411133
2020-08-21,62.40999984741211,62.790000915527344,61.5099983215332,62.20000076293945,27242700,33.56429672241211
2020-08-24,62.939998626708984,63.130001068115234,62.2400016784668,62.959999084472656,17944700,33.97440719604492
2020-08-25,62.79999923706055,62.84000015258789,61.04999923706055,61.619998931884766,23543000,33.25131607055664
2020-08-26,61.65999984741211,62.349998474121094,61.2400016784668,61.75,23924400,33.321468353271484
2020-08-27,61.689998626708984,62.18000030517578,60.33000183105469,60.790000915527344,18201900,32.803436279296875
2020-08-28,61.18000030517578,61.70000076293945,60.630001068115234,61.099998474121094,15040300,32.9707145690918
2020-08-31,61.099998474121094,61.150001525878906,59.68000030517578,59.68000030517578,31080000,32.20446014404297
2020-09-01,60.290000915527344,61.790000915527344,60.20000076293945,61.7599983215332,24197700,33.32686996459961
2020-09-02,61.900001525878906,62.34000015258789,60.31999969482422,61.31999969482422,21797200,33.08943176269531
2020-09-03,60.0,60.54999923706055,58.849998474121094,59.31999969482422,36117400,32.010196685791016
2020-09-04,59.709999084472656,60.5,58.70000076293945,60.4900016784668,26636700,32.64154815673828
2020-09-08,59.59000015258789,59.7599983215332,58.90999984741211,59.27000045776367,14663800,31.98320960998535
2020-09-09,59.900001525878906,60.33000183105469,59.369998931884766,60.0,16481700,32.377132415771484
2020-09-10,60.0,60.20000076293945,58.31999969482422,58.529998779296875,19431400,31.58389663696289
2020-09-11,60.04999923706055,62.29999923706055,59.84000015258789,61.95000076293945,46057000,33.429386138916016
2020-09-14,62.79999923706055,63.349998474121094,61.380001068115234,61.90999984741211,35710200,33.40780258178711
2020-09-15,62.709999084472656,63.650001525878906,62.150001525878906,62.599998474121094,32570600,33.78014373779297
2020-09-16,62.31999969482422,62.5,60.650001525878906,60.970001220703125,28843500,32.90056610107422
2020-09-17,60.400001525878906,62.41999816894531,60.11000061035156,62.08000183105469,31397500,33.499542236328125
2020-09-18,62.47999954223633,63.099998474121094,61.65999984741211,61.65999984741211,33143800,33.27290344238281
2020-09-21,61.04999923706055,61.38999938964844,59.439998626708984,60.0,53120800,32.377132415771484
2020-09-22,58.13999938964844,58.279998779296875,57.150001525878906,57.810001373291016,23996200,32.49941635131836
2020-09-23,57.66999816894531,59.61000061035156,57.060001373291016,59.099998474121094,37365600,33.2246208190918
2020-09-24,59.689998626708984,59.779998779296875,58.439998626708984,58.65999984741211,31607500,32.977264404296875
2020-09-25,58.349998474121094,59.45000076293945,58.20000076293945,59.25,27582200,33.3089485168457
2020-09-28,59.939998626708984,60.2400016784668,58.70000076293945,58.779998779296875,30265400,33.04472351074219
2020-09-29,58.72999954223633,59.959999084472656,58.349998474121094,58.349998474121094,26201600,32.80299377441406
2020-09-30,59.209999084472656,60.27000045776367,58.75,59.11000061035156,25947500,33.23023986816406
2020-10-01,59.529998779296875,59.849998474121094,58.02000045776367,58.86000061035156,22852700,33.089698791503906
2020-10-02,58.61000061035156,59.439998626708984,58.11000061035156,58.31999969482422,23668800,32.78612518310547
2020-10-05,58.900001525878906,59.84000015258789,58.75,59.59000015258789,17887200,33.50008773803711
2020-10-06,60.0099983215332,60.279998779296875,58.209999084472656,58.619998931884766,21951600,32.954776763916016
2020-10-07,59.13999938964844,60.7599983215332,58.959999084472656,60.16999816894531,27276500,33.82615280151367
2020-10-08,60.349998474121094,61.4900016784668,60.060001373291016,61.290000915527344,22207400,34.455787658691406
2020-10-09,61.689998626708984,61.939998626708984,60.849998474121094,61.599998474121094,21120900,34.630062103271484
2020-10-13,61.27000045776367,62.63999938964844,61.029998779296875,62.13999938964844,18602200,34.93363952636719
2020-10-14,62.08000183105469,63.290000915527344,62.040000915527344,63.0,22210600,35.4171142578125
2020-10-15,62.40999984741211,62.86000061035156,61.97999954223633,62.470001220703125,16309700,35.11915588378906
2020-10-16,62.70000076293945,63.099998474121094,62.2400016784668,62.2400016784668,15871000,34.9898567199707
2020-10-19,62.72999954223633,63.18000030517578,61.95000076293945,61.95000076293945,29156200,34.826820373535156
2020-10-20,61.779998779296875,62.290000915527344,61.33000183105469,61.84000015258789,25276800,34.76498794555664
2020-10-21,61.650001525878906,63.209999084472656,61.599998474121094,62.849998474121094,21480900,35.33278274536133
2020-10-22,63.11000061035156,63.4900016784668,62.439998626708984,63.099998474121094,32097700,35.47332763671875
2020-10-23,62.619998931884766,63.88999938964844,62.220001220703125,63.45000076293945,24263400,35.67008972167969
2020-10-26,62.900001525878906,63.45000076293945,62.0099983215332,62.5,18250900,35.136024475097656
2020-10-27,62.5,62.900001525878906,62.060001373291016,62.529998779296875,18155500,35.152889251708984
2020-10-28,61.95000076293945,62.06999969482422,60.25,60.2599983215332,23686100,33.87674331665039
2020-10-29,60.970001220703125,62.2400016784668,59.790000915527344,62.02000045776367,37998800,34.866180419921875
2020-10-30,61.79999923706055,62.40999984741211,60.0099983215332,60.54999923706055,27476200,34.03977966308594
2020-11-03,61.900001525878906,63.34000015258789,61.220001220703125,63.34000015258789,32900800,35.60824966430664
2020-11-04,63.279998779296875,63.279998779296875,61.45000076293945,61.58000183105469,27932100,34.61882019042969
2020-11-05,62.29999923706055,63.060001373291016,61.45000076293945,62.54999923706055,25563600,35.164127349853516
2020-11-06,62.380001068115234,63.959999084472656,62.34000015258789,63.189998626708984,26452500,35.523921966552734
2020-11-09,64.1500015258789,64.2699966430664,62.869998931884766,63.189998626708984,37728900,35.523921966552734
2020-11-10,63.2400016784668,63.59000015258789,62.689998626708984,63.15999984741211,53960600,35.50705337524414
2020-11-11,63.18000030517578,63.91999816894531,63.0,63.599998474121094,25908500,35.75441360473633
2020-11-12,63.56999969482422,63.77000045776367,62.459999084472656,62.66999816894531,23726500,35.23159408569336
2020-11-13,62.72999954223633,63.54999923706055,62.61000061035156,63.25,25079300,35.55765151977539
2020-11-16,63.5,65.33999633789062,62.970001220703125,64.91999816894531,91477900,36.496490478515625
2020-11-17,64.80000305175781,68.0999984741211,64.80000305175781,66.97000122070312,62475900,37.648948669433594
2020-11-18,66.98999786376953,67.38999938964844,66.06999969482422,66.44999694824219,22854400,37.35662078857422
2020-11-19,66.70999908447266,67.72000122070312,66.47000122070312,67.72000122070312,25928500,38.070587158203125
2020-11-23,68.80999755859375,71.31999969482422,68.5,71.29000091552734,38662400,40.07754898071289
2020-11-24,71.05000305175781,74.88999938964844,70.18000030517578,74.80000305175781,49842200,42.0507926940918
2020-11-25,73.80000305175781,75.9000015258789,73.61000061035156,75.5,36269100,42.44432067871094
2020-11-26,75.41999816894531,76.5999984741211,75.4000015258789,76.56999969482422,20359000,43.04583740234375
2020-11-27,77.0,78.77999877929688,76.7699966430664,78.44000244140625,48966700,44.09712219238281
2020-11-30,78.8499984741211,79.36000061035156,77.12000274658203,78.0,48594200,43.84974670410156
2020-12-01,79.83000183105469,81.5,79.25,81.25,61441200,45.67683410644531
2020-12-02,80.9000015258789,81.25,77.30999755859375,79.83999633789062,53703300,44.884159088134766
2020-12-03,81.0,81.05000305175781,78.61000061035156,78.95999908447266,35158600,44.38944625854492
2020-12-04,80.0999984741211,82.68000030517578,80.0999984741211,81.9800033569336,48656900,46.087223052978516
2020-12-07,82.41999816894531,82.98999786376953,81.66999816894531,82.94999694824219,27398500,46.63252639770508
2020-12-08,82.97000122070312,83.30000305175781,81.66000366210938,82.9000015258789,28598800,46.60442352294922
2020-12-09,83.0999984741211,83.83000183105469,82.22000122070312,82.69999694824219,26938500,46.49198913574219
2020-12-10,83.6500015258789,85.22000122070312,83.19999694824219,85.0,41230700,47.78498840332031
2020-12-11,84.62000274658203,85.27999877929688,84.4000015258789,84.86000061035156,25136800,47.70628356933594
2020-12-14,85.19999694824219,85.22000122070312,82.94999694824219,83.55000305175781,20931700,46.96983337402344
2020-12-15,83.55000305175781,85.37999725341797,83.55000305175781,84.5,18762800,47.50390625
2020-12-16,84.9000015258789,86.2300033569336,84.36000061035156,86.22000122070312,23038300,48.470848083496094
2020-12-17,86.5,87.94999694824219,86.16999816894531,87.19999694824219,21367800,49.02178192138672
2020-12-18,87.62000274658203,88.37999725341797,87.43000030517578,87.80000305175781,23843100,49.35908508300781
2020-12-21,86.1500015258789,87.4000015258789,84.77999877929688,86.86000061035156,31877300,48.830631256103516
2020-12-22,86.86000061035156,86.98999786376953,85.43000030517578,86.94000244140625,23157000,48.875614166259766
2020-12-23,86.52999877929688,87.52999877929688,86.4000015258789,87.36000061035156,17710200,49.11172866821289
2020-12-28,87.79000091552734,88.58000183105469,87.08000183105469,87.30999755859375,26001300,49.0836181640625
2020-12-29,87.97000122070312,88.19999694824219,86.51000213623047,87.06999969482422,19727500,48.94870376586914
2020-12-30,87.19000244140625,87.58999633789062,86.6500015258789,87.44999694824219,30102700,49.162322998046875
2021-01-04,89.3499984741211,91.4800033569336,88.8499984741211,91.45999908447266,37865500,51.41666030883789
2021-01-05,91.45999908447266,93.0,90.5199966430664,93.0,34300300,52.28239059448242
2021-01-06,94.9800033569336,96.3499984741211,94.4000015258789,96.05000305175781,53722500,53.997047424316406
2021-01-07,96.61000061035156,102.52999877929688,96.61000061035156,102.31999969482422,74541400,57.521881103515625
2021-01-08,103.01000213623047,103.3499984741211,98.19999694824219,102.0,58562700,57.34197998046875
2021-01-11,100.25,101.9800033569336,99.69999694824219,101.9800033569336,29267000,57.33073806762695
2021-01-12,102.5,102.62000274658203,99.18000030517578,99.19000244140625,28598500,55.762271881103516
2021-01-13,98.87000274658203,98.91999816894531,95.73999786376953,96.22000122070312,31658800,54.09260559082031
2021-01-14,97.22000122070312,98.86000061035156,96.69999694824219,97.80000305175781,20809900,54.98085021972656
2021-01-15,96.58000183105469,97.19999694824219,93.19999694824219,93.55000305175781,31712400,52.591590881347656
2021-01-18,93.9000015258789,95.63999938964844,93.55000305175781,94.30999755859375,22667600,53.01884460449219
2021-01-19,94.5,94.56999969482422,91.9000015258789,94.05999755859375,27155400,52.87830352783203
2021-01-20,95.0,95.13999938964844,90.83000183105469,92.31999969482422,20480000,51.900123596191406
2021-01-21,92.30000305175781,96.0999984741211,92.13999938964844,93.36000061035156,25983400,52.484779357910156
2021-01-22,91.98999786376953,93.80999755859375,90.98999786376953,93.16999816894531,25814300,52.37797546386719
2021-01-26,92.98999786376953,94.16000366210938,91.36000061035156,91.75,24921600,51.57968521118164
2021-01-27,90.38999938964844,91.18000030517578,88.19999694824219,89.19999694824219,32419700,50.1461296081543
2021-01-28,88.19999694824219,91.3499984741211,88.0999984741211,91.0999984741211,35900800,51.214271545410156
2021-01-29,89.98999786376953,90.8499984741211,87.79000091552734,87.94999694824219,31481600,49.44340133666992
2021-02-01,90.01000213623047,91.2699966430664,88.58000183105469,91.2699966430664,27135500,51.30982208251953
2021-02-02,90.18000030517578,90.58000183105469,87.51000213623047,87.66000366210938,34426700,49.28038024902344
2021-02-03,88.8499984741211,91.41999816894531,88.5999984741211,90.43000030517578,34346400,50.83760452270508
2021-02-04,91.94999694824219,92.87000274658203,89.08999633789062,89.29000091552734,29939700,50.19672393798828
2021-02-05,90.19999694824219,92.7699966430664,89.55000305175781,92.69000244140625,27114800,52.10812759399414
2021-02-08,92.97000122070312,94.91000366210938,92.44999694824219,94.01000213623047,28164400,52.85020446777344
2021-02-09,94.5999984741211,95.22000122070312,92.31999969482422,94.25,32303400,52.98511505126953
2021-02-10,94.66000366210938,95.66999816894531,94.37999725341797,94.69999694824219,40318300,53.23809814453125
2021-02-11,95.47000122070312,95.47000122070312,93.0999984741211,93.0999984741211,19775900,52.3386116027832
2021-02-12,93.12000274658203,94.13999938964844,92.19999694824219,93.88999938964844,14760700,52.78273391723633
2021-02-17,96.01000213623047,96.72000122070312,95.19000244140625,96.3499984741211,29262900,54.165687561035156
2021-02-18,97.36000061035156,98.4000015258789,96.0199966430664,97.4000015258789,33088500,54.755985260009766
2021-02-19,97.20999908447266,98.8499984741211,96.33000183105469,97.7699966430664,24966600,54.96397018432617
2021-02-22,96.5,98.5199966430664,94.04000091552734,95.3499984741211,50160600,53.603511810302734
2021-02-23,96.58999633789062,97.3499984741211,93.31999969482422,96.94999694824219,35756200,54.502994537353516
2021-02-24,97.12999725341797,98.20999908447266,95.86000061035156,97.93000030517578,21856100,55.053924560546875
2021-02-25,98.69999694824219,98.94999694824219,95.0199966430664,95.70999908447266,24471000,53.80590057373047
2021-02-26,96.55000305175781,97.69999694824219,94.0199966430664,94.5199966430664,42856000,53.13691711425781
2021-03-01,96.0,99.33000183105469,95.36000061035156,98.56999969482422,32798000,55.413726806640625
2021-03-02,97.5,102.18000030517578,94.94000244140625,101.5999984741211,47565800,57.11711502075195
2021-03-03,102.0,104.0,99.6500015258789,100.3499984741211,41473300,56.41439437866211
2021-03-04,99.4000015258789,101.48999786376953,97.5199966430664,98.86000061035156,48492500,55.576759338378906
2021-03-05,94.72000122070312,100.5999984741211,93.93000030517578,100.20999908447266,46503300,58.873619079589844
2021-03-08,99.19999694824219,101.93000030517578,98.9000015258789,99.66999816894531,39677300,58.55634689331055
2021-03-09,97.5,99.30999755859375,95.87999725341797,98.66999816894531,40537000,57.968849182128906
2021-03-10,97.5,97.83999633789062,95.72000122070312,97.1500015258789,31311800,57.07583999633789
2021-03-11,98.98999786376953,100.0999984741211,98.20999908447266,99.69999694824219,26203200,58.573978424072266
2021-03-12,99.0,99.44000244140625,96.70999908447266,97.4000015258789,21115500,57.222740173339844
2021-03-15,96.5,97.3499984741211,95.76000213623047,96.81999969482422,20059000,56.88196563720703
2021-03-16,97.04000091552734,97.83999633789062,96.0199966430664,96.51000213623047,19174300,56.699859619140625
2021-03-17,96.4000015258789,98.12000274658203,96.05999755859375,97.9000015258789,21424300,57.51647186279297
2021-03-18,97.69999694824219,98.2699966430664,95.52999877929688,96.16000366210938,19156100,56.494232177734375
2021-03-19,96.0999984741211,96.16000366210938,93.44000244140625,94.77999877929688,38643000,55.683467864990234
2021-03-22,93.5199966430664,93.83999633789062,91.8499984741211,93.20999908447266,21120800,54.76109313964844
2021-03-23,93.33999633789062,93.77999877929688,91.05999755859375,91.05999755859375,20518500,53.49795913696289
2021-03-24,92.0,94.63999938964844,91.80999755859375,93.1500015258789,24726000,54.72584915161133
2021-03-25,93.04000091552734,93.29000091552734,90.61000061035156,92.44000244140625,23644400,54.308719635009766
2021-03-26,93.73999786376953,95.7300033569336,93.38999938964844,95.52999877929688,26712800,56.124088287353516
2021-03-29,96.0,98.44999694824219,95.87000274658203,97.9800033569336,25960500,57.563472747802734
2021-03-30,97.91000366210938,98.5,96.58000183105469,97.06999969482422,18118600,57.02885818481445
2021-03-31,97.16999816894531,98.55999755859375,96.69999694824219,97.97000122070312,18792000,57.55760192871094
2021-04-01,98.5,98.86000061035156,96.12999725341797,97.38999938964844,17193400,57.21684646606445
2021-04-05,99.83000183105469,103.81999969482422,99.80000305175781,103.38999938964844,35908700,60.741859436035156
2021-04-06,103.80000305175781,104.55999755859375,102.05000305175781,102.05000305175781,22227800,59.95462417602539
2021-04-07,102.37000274658203,105.31999969482422,102.1500015258789,104.55999755859375,32822700,61.42924118041992
2021-04-08,104.94000244140625,105.30000305175781,104.12000274658203,104.5,25936300,61.39399719238281
2021-04-09,104.0,104.66000366210938,102.94000244140625,103.0,18854800,60.51273727416992
2021-04-12,102.9000015258789,103.62999725341797,102.20999908447266,103.4000015258789,14787500,60.74774932861328
2021-04-13,103.9000015258789,104.29000091552734,102.8499984741211,103.58000183105469,17605600,60.85349655151367
2021-04-14,103.97000122070312,107.77999877929688,103.7699966430664,107.0,38030200,62.86274719238281
2021-04-15,108.66000366210938,109.87999725341797,107.55000305175781,108.20999908447266,19378200,63.57362365722656
2021-04-16,108.63999938964844,109.11000061035156,107.5,108.66999816894531,17401500,63.84387969970703
2021-04-19,109.0,109.87999725341797,107.63999938964844,107.7300033569336,23297500,63.2916374206543
2021-04-20,107.94999694824219,108.3499984741211,105.0199966430664,106.16000366210938,20895800,62.36924743652344
2021-04-22,107.23999786376953,107.23999786376953,104.33999633789062,106.2300033569336,19799100,62.410377502441406
2021-04-23,107.1500015258789,108.0999984741211,106.45999908447266,107.98999786376953,12795400,63.444374084472656
2021-04-26,109.94999694824219,110.69000244140625,108.1500015258789,108.56999969482422,16807500,63.78512191772461
2021-04-27,108.87999725341797,110.5999984741211,108.5199966430664,110.12000274658203,24113300,64.69575500488281
2021-04-28,110.55999755859375,112.43000030517578,109.33000183105469,111.91999816894531,20570600,65.7532730102539
2021-04-29,112.19000244140625,112.94999694824219,110.88999938964844,111.94999694824219,19724300,65.77088165283203
2021-04-30,110.98999786376953,111.55999755859375,109.0199966430664,109.0199966430664,36888200,64.04949951171875
2021-05-03,109.69999694824219,110.3499984741211,108.26000213623047,108.45999908447266,19641000,63.72050476074219
2021-05-04,108.94999694824219,111.06999969482422,108.66000366210938,110.0999984741211,20775600,64.68400573730469
2021-05-05,111.98999786376953,112.81999969482422,110.38999938964844,110.70999908447266,25990600,65.04237365722656
2021-05-06,111.94000244140625,115.19999694824219,111.4800033569336,115.05000305175781,38194400,67.59215545654297
2021-05-07,116.54000091552734,116.55000305175781,114.19000244140625,115.44999694824219,21678700,67.8271484375
2021-05-10,119.80000305175781,120.44999694824219,114.69000244140625,114.69000244140625,38889400,67.38064575195312
2021-05-11,113.9800033569336,118.72000122070312,113.31999969482422,118.72000122070312,28693600,69.7482681274414
2021-05-12,118.0,118.45999908447266,113.95999908447266,114.33000183105469,31737900,67.16913604736328
2021-05-13,112.0,114.22000122070312,110.72000122070312,112.48999786376953,34338500,66.088134765625
2021-05-14,111.19999694824219,111.79000091552734,109.62000274658203,110.55999755859375,25644200,64.95423889160156
2021-05-17,111.5,113.81999969482422,111.16999816894531,113.45999908447266,26097500,66.65801239013672
2021-05-18,114.55999755859375,115.4000015258789,113.19000244140625,114.5999984741211,27081500,67.32776641845703
2021-05-19,112.0999984741211,112.77999877929688,109.83999633789062,112.25,32914300,65.9471435546875
2021-05-20,111.69999694824219,112.0999984741211,110.19999694824219,111.11000061035156,20951000,65.27738952636719
2021-05-21,111.11000061035156,111.25,108.5,109.4000015258789,27775000,64.27275848388672
2021-05-24,108.0,110.13999938964844,107.51000213623047,109.77999877929688,19332500,64.49601745605469
2021-05-25,110.27999877929688,110.88999938964844,106.77999877929688,107.05000305175781,23310100,62.892120361328125
2021-05-26,106.37000274658203,110.31999969482422,106.02999877929688,110.19999694824219,28241800,64.74274444580078
2021-05-27,110.80000305175781,112.08999633789062,109.7699966430664,110.98999786376953,55448700,65.20687866210938
2021-05-28,111.11000061035156,112.75,109.41999816894531,111.58999633789062,25153500,65.55938720703125
2021-05-31,112.5,114.88999938964844,112.5,114.77999877929688,17812600,67.43351745605469
2021-06-01,117.0,118.0,113.19999694824219,113.19999694824219,31468400,66.5052490234375
2021-06-02,114.22000122070312,115.69999694824219,113.5,114.80000305175781,20338300,67.44526672363281
2021-06-04,114.5,114.77999877929688,112.38999938964844,112.9000015258789,18455100,66.32901763916016
2021-06-07,112.19999694824219,112.6500015258789,110.69999694824219,111.80000305175781,22746100,65.6827621459961
2021-06-08,112.4800033569336,112.7699966430664,109.69999694824219,109.91999816894531,22676500,64.57823944091797
2021-06-09,110.0,113.33999633789062,109.19999694824219,112.19999694824219,22517600,65.91775512695312
2021-06-10,112.22000122070312,113.37000274658203,111.04000091552734,111.83000183105469,30750900,65.70039367675781
2021-06-11,113.3499984741211,114.76000213623047,113.0199966430664,114.33999633789062,18359200,67.17500305175781
2021-06-14,114.91000366210938,115.27999877929688,113.12000274658203,113.72000122070312,19212700,66.81075286865234
2021-06-15,113.7699966430664,113.86000061035156,111.25,111.5,20587900,65.50651550292969
2021-06-16,111.5,111.62999725341797,108.02999877929688,108.1500015258789,38217700,63.53838348388672
2021-06-17,107.68000030517578,109.16000366210938,104.9000015258789,105.9000015258789,33680600,62.21649169921875
2021-06-18,107.01000213623047,109.08999633789062,106.5199966430664,109.08999633789062,59819400,64.09061431884766
2021-06-21,107.75,110.69000244140625,107.13999938964844,110.11000061035156,22673600,64.68988800048828
2021-06-22,110.69000244140625,112.08000183105469,110.18000030517578,111.4000015258789,18576100,65.44775390625
2021-06-23,112.41000366210938,114.25,112.16000366210938,113.06999969482422,29491400,66.42889404296875
2021-06-24,111.72000122070312,111.91999816894531,110.2699966430664,111.02999877929688,23136700,66.5185546875
2021-06-25,111.5999984741211,113.97000122070312,111.4000015258789,112.4000015258789,26139200,67.3393325805664
2021-06-28,113.23999786376953,113.69999694824219,110.01000213623047,110.5999984741211,18866400,66.26094818115234
2021-06-29,110.5999984741211,113.05000305175781,110.5999984741211,112.51000213623047,19589500,67.40522766113281
2021-06-30,111.83000183105469,114.27999877929688,111.68000030517578,113.25,18903100,67.84856414794922
2021-07-01,113.41000366210938,114.36000061035156,110.76000213623047,111.27999877929688,22129200,66.66832733154297
2021-07-02,112.0,113.62000274658203,111.58000183105469,113.58000183105469,19688800,68.04627227783203
2021-07-05,113.9000015258789,113.95999908447266,112.27999877929688,113.16999816894531,13732900,67.8006362915039
2021-07-06,113.5,114.3499984741211,112.66999816894531,113.7699966430664,19028000,68.16009521484375
2021-07-07,114.80999755859375,115.58000183105469,114.0,114.0999984741211,21460000,68.3578109741211
2021-07-08,112.0199966430664,114.51000213623047,111.5,113.66000366210938,21824500,68.09420013427734
2021-07-12,115.30999755859375,116.30000305175781,115.0,115.06999969482422,22333300,68.93892669677734
2021-07-13,115.0999984741211,115.91000366210938,114.8499984741211,115.75,12698500,69.34632110595703
2021-07-14,116.26000213623047,116.43000030517578,114.44000244140625,115.12000274658203,19483600,68.96890258789062
2021-07-15,114.98999786376953,116.16000366210938,114.5,115.4800033569336,18236100,69.18456268310547
2021-07-16,115.33999633789062,115.87000274658203,113.0,113.4000015258789,19576800,67.93843078613281
2021-07-19,112.0,112.16000366210938,110.20999908447266,112.16000366210938,18644300,67.19554138183594
2021-07-20,112.16000366210938,113.12000274658203,110.20999908447266,113.0999984741211,13066600,67.75869750976562
2021-07-21,112.76000213623047,114.87000274658203,112.5,114.4000015258789,19607100,68.53753662109375
2021-07-22,113.68000030517578,114.69999694824219,112.69000244140625,114.69999694824219,12083800,68.7172622680664
2021-07-23,113.62000274658203,114.48999786376953,112.80000305175781,114.12000274658203,13163300,68.36978149414062
2021-07-26,114.44000244140625,116.8499984741211,114.44000244140625,116.5999984741211,16419900,69.85555267333984
2021-07-27,115.69999694824219,116.05000305175781,113.88999938964844,114.18000030517578,22106500,68.40573120117188
2021-07-28,115.5,117.5999984741211,115.25,117.30000305175781,25209200,70.27493286132812
2021-07-29,116.37000274658203,117.55999755859375,114.75,115.56999969482422,30576800,69.23848724365234
2021-07-30,113.51000213623047,113.51000213623047,108.76000213623047,108.76000213623047,41956700,65.1585922241211
2021-08-02,110.9000015258789,111.37000274658203,108.93000030517578,108.93000030517578,23109400,65.26042938232422
2021-08-03,109.77999877929688,113.02999877929688,109.44000244140625,112.63999938964844,36641400,67.48310852050781
2021-08-04,112.0,113.25,111.62000274658203,112.5199966430664,18828200,67.41121673583984
2021-08-05,109.63999938964844,109.98999786376953,107.9000015258789,109.08000183105469,32215200,65.35030364990234
2021-08-06,109.8499984741211,110.88999938964844,109.5,109.69999694824219,19273100,65.72174835205078
2021-08-09,108.19999694824219,109.44999694824219,107.68000030517578,109.01000213623047,21502300,65.3083724975586
2021-08-10,108.94999694824219,110.73999786376953,108.83999633789062,110.05999755859375,17440500,65.93742370605469
2021-08-11,110.19000244140625,110.5,109.26000213623047,109.2699966430664,14680600,65.46412658691406
2021-08-12,109.19999694824219,109.9800033569336,108.83000183105469,109.19999694824219,14849500,65.42218780517578
2021-08-13,109.69999694824219,109.9000015258789,107.95999908447266,108.30000305175781,11855200,64.88300323486328
2021-08-16,107.23999786376953,108.9000015258789,105.91999816894531,108.80000305175781,21856700,65.18255615234375
2021-08-17,108.11000061035156,109.31999969482422,105.66000366210938,107.0,23402600,64.10417175292969
2021-08-18,105.73999786376953,105.73999786376953,103.41000366210938,103.41000366210938,35379200,61.95337677001953
2021-08-19,98.66000366210938,100.27999877929688,97.30000305175781,97.51000213623047,60456900,58.418670654296875
2021-08-20,97.58999633789062,99.0999984741211,97.44000244140625,97.55000305175781,31351100,58.442630767822266
2021-08-23,97.55999755859375,97.93000030517578,96.16000366210938,96.19999694824219,19773500,57.63384246826172
2021-08-24,99.37999725341797,101.2699966430664,99.0999984741211,99.70999908447266,29779200,59.73668670654297
2021-08-25,100.08999633789062,100.45999908447266,98.55000305175781,99.5,15088600,59.61088180541992
2021-08-26,99.48999786376953,99.80000305175781,98.2300033569336,98.2300033569336,18032300,58.85002136230469
2021-08-27,99.01000213623047,101.0,98.9000015258789,100.69000244140625,19572800,60.32382583618164
2021-08-30,100.81999969482422,101.63999938964844,99.94999694824219,100.05000305175781,13031600,59.94037628173828
2021-08-31,99.0,99.26000213623047,97.69999694824219,98.68000030517578,20433600,59.1196174621582
2021-09-01,97.36000061035156,99.58999633789062,95.72000122070312,98.8499984741211,20847500,59.22147750854492
2021-09-02,98.7699966430664,100.0,97.91000366210938,98.54000091552734,24448600,59.03573989868164
2021-09-03,100.16000366210938,100.87999725341797,98.51000213623047,98.61000061035156,38716500,59.07767868041992
2021-09-06,96.88999938964844,97.55000305175781,96.16000366210938,97.05999755859375,11916100,58.1490592956543
2021-09-08,96.47000122070312,96.7300033569336,94.69999694824219,95.04000091552734,22635100,56.93888473510742
2021-09-09,95.16000366210938,95.72000122070312,93.16999816894531,94.69999694824219,28997700,56.73517608642578
2021-09-10,95.51000213623047,96.19000244140625,94.80999755859375,94.80999755859375,18022000,56.80107879638672
2021-09-13,94.69999694824219,95.0,93.94000244140625,94.76000213623047,18832800,56.7711296081543
2021-09-14,95.1500015258789,95.58000183105469,93.06999969482422,94.08999633789062,25571600,56.36973190307617
2021-09-15,93.87999725341797,94.44000244140625,91.73999786376953,91.73999786376953,35084400,54.96183776855469
2021-09-16,90.43000030517578,90.43000030517578,87.91999816894531,87.93000030517578,39726500,52.67924880981445
2021-09-17,88.29000091552734,88.79000091552734,85.08000183105469,86.1500015258789,74648800,51.61283493041992
2021-09-20,82.80000305175781,83.94000244140625,81.13999938964844,82.75,49636100,49.57588195800781
2021-09-21,84.69999694824219,84.69999694824219,82.51000213623047,84.12000274658203,32380300,50.39665603637695
2021-09-22,88.0999984741211,89.4800033569336,86.51000213623047,87.11000061035156,62161000,52.187984466552734
2021-09-23,79.19999694824219,80.33999633789062,77.62000274658203,78.91000366210938,47485400,52.18614959716797
2021-09-24,78.29000091552734,78.79000091552734,77.0,77.69000244140625,26631600,51.37931823730469
2021-09-27,78.5999984741211,79.33000183105469,76.5,78.80000305175781,38386300,52.1134147644043
2021-09-28,77.4800033569336,77.80000305175781,74.55999755859375,74.8499984741211,35896000,49.50112533569336
2021-09-29,75.7699966430664,76.80000305175781,74.8499984741211,75.80000305175781,39704900,50.12938690185547
2021-09-30,77.4000015258789,78.33999633789062,75.7300033569336,76.23999786376953,39151000,50.420379638671875
2021-10-01,76.75,77.30999755859375,75.68000030517578,76.19999694824219,23191700,50.39392852783203
2021-10-04,76.58999633789062,77.0,75.44000244140625,75.48999786376953,25090000,49.924373626708984
2021-10-05,75.98999786376953,76.0999984741211,74.94999694824219,74.94999694824219,21889400,49.56725311279297
2021-10-06,74.05999755859375,77.2699966430664,73.91999816894531,77.05999755859375,27318400,50.96266555786133
2021-10-07,78.33999633789062,80.37000274658203,77.70999908447266,79.36000061035156,33115300,52.48375701904297
2021-10-08,81.45999908447266,81.83999633789062,79.58999633789062,79.8499984741211,37172600,52.80781555175781
2021-10-11,81.9000015258789,83.0999984741211,80.73999786376953,81.62000274658203,28327900,53.9783821105957
2021-10-13,80.80000305175781,80.80000305175781,79.16999816894531,79.19999694824219,32052800,52.37793731689453
2021-10-14,79.98999786376953,80.23999786376953,79.12999725341797,79.19999694824219,24030000,52.37793731689453
2021-10-15,79.48999786376953,80.94999694824219,79.30000305175781,80.68000030517578,26927200,53.35671615600586
2021-10-18,79.91000366210938,80.4000015258789,78.4800033569336,79.91999816894531,20912800,52.85409927368164
2021-10-19,79.72000122070312,80.23999786376953,78.80999755859375,79.0,20804500,52.24567413330078
2021-10-20,78.37000274658203,78.37000274658203,76.27999877929688,76.66999816894531,27576600,50.70475769042969
2021-10-21,74.5,75.16000366210938,72.94999694824219,75.16000366210938,37556500,49.706138610839844
2021-10-22,74.66999816894531,77.0999984741211,74.63999938964844,76.08000183105469,35142600,50.314571380615234
2021-10-25,77.19999694824219,77.56999969482422,76.37000274658203,77.0,17950000,50.92300033569336
2021-10-26,77.01000213623047,77.06999969482422,76.06999969482422,76.18000030517578,16674100,50.380699157714844
2021-10-27,75.9800033569336,76.7300033569336,74.44999694824219,74.44999694824219,20087300,49.23658752441406
2021-10-28,74.44999694824219,74.68000030517578,73.55000305175781,73.69999694824219,22719000,48.74059295654297
2021-10-29,73.0199966430664,73.16000366210938,71.0199966430664,71.61000061035156,30268500,47.358394622802734
2021-11-01,72.0,72.86000061035156,71.1500015258789,72.31999969482422,19649600,47.82794189453125
2021-11-03,70.5999984741211,70.9000015258789,66.61000061035156,66.83000183105469,77316900,44.19719696044922
2021-11-04,66.88999938964844,67.62000274658203,65.62000274658203,66.06999969482422,30122100,43.694576263427734
2021-11-05,66.43000030517578,66.66000366210938,64.0,64.11000061035156,35954600,42.398353576660156
2021-11-08,64.4000015258789,68.1500015258789,64.33000183105469,67.5999984741211,27722000,44.7064208984375
2021-11-09,67.25,67.30000305175781,65.2300033569336,65.94000244140625,20961500,43.608604431152344
2021-11-10,64.61000061035156,66.27999877929688,64.4000015258789,65.69000244140625,22492600,43.44327163696289
2021-11-11,68.45999908447266,69.26000213623047,67.5999984741211,68.01000213623047,28795100,44.97757339477539
2021-11-12,67.18000030517578,69.58999633789062,67.01000213623047,68.30000305175781,24542500,45.16936111450195
2021-11-16,68.0,68.06999969482422,66.19000244140625,66.33000183105469,17207900,43.86652755737305
2021-11-17,66.98999786376953,67.70999908447266,65.0,65.0,25487600,42.98694610595703
2021-11-18,64.20999908447266,64.6500015258789,61.849998474121094,62.33000183105469,51343900,41.22117614746094
2021-11-19,63.27000045776367,64.80000305175781,62.810001373291016,64.02999877929688,26849500,42.34545135498047
2021-11-22,65.55000305175781,69.0199966430664,65.1500015258789,67.58999633789062,44693500,44.699806213378906
2021-11-23,70.61000061035156,71.97000122070312,69.20999908447266,69.37000274658203,30391600,45.876983642578125
2021-11-24,70.11000061035156,70.9800033569336,69.51000213623047,70.9800033569336,20764100,46.941749572753906
2021-11-25,71.29000091552734,71.29000091552734,69.80000305175781,70.5,17199200,46.624305725097656
2021-11-26,67.5,69.36000061035156,67.5,68.63999938964844,22664200,45.39421844482422
2021-11-29,70.27999877929688,70.5999984741211,69.16000366210938,69.5,18164000,45.96295928955078
2021-11-30,69.0,71.44999694824219,68.69000244140625,69.94999694824219,42668700,46.260562896728516
2021-12-01,71.30000305175781,71.94999694824219,69.97000122070312,70.2300033569336,28194700,46.44574737548828
2021-12-02,70.97000122070312,73.55999755859375,70.11000061035156,73.48999786376953,24888400,48.60170364379883
2021-12-03,73.08999633789062,74.33999633789062,71.0,71.87000274658203,34451500,47.53033447265625
2021-12-06,72.87000274658203,75.98999786376953,71.95999908447266,75.7699966430664,28848800,50.10955810546875
2021-12-07,78.27999877929688,79.80999755859375,76.0999984741211,76.33000183105469,37125100,50.47990036010742
2021-12-08,76.98999786376953,76.98999786376953,74.9800033569336,75.76000213623047,24281000,50.10293960571289
2021-12-09,74.88999938964844,75.94999694824219,74.44999694824219,75.18000030517578,16925200,49.7193603515625
2021-12-10,75.5,76.19999694824219,74.83999633789062,75.6500015258789,16827100,50.030189514160156
2021-12-13,77.5,78.7300033569336,77.38999938964844,77.86000061035156,31699100,51.49175262451172
2021-12-14,78.5199966430664,78.88999938964844,77.2300033569336,77.8499984741211,21063500,51.48512649536133
2021-12-15,78.08000183105469,78.18000030517578,76.19999694824219,77.41000366210938,22112200,51.194149017333984
2021-12-16,79.0,80.45999908447266,78.45999908447266,80.44000244140625,30125700,53.19800567626953
2021-12-17,79.9000015258789,80.66999816894531,79.06999969482422,79.16999816894531,38744500,52.35809326171875
2021-12-20,78.0,78.9000015258789,77.27999877929688,78.27999877929688,19195400,51.76951217651367
2021-12-21,79.80000305175781,80.38999938964844,79.1500015258789,80.33999633789062,19590300,53.131866455078125
2021-12-22,79.88999938964844,80.1500015258789,78.58000183105469,79.91999816894531,18655600,52.85409927368164
2021-12-23,79.94999694824219,80.05999755859375,78.80000305175781,79.1500015258789,13121200,52.344879150390625
2021-12-27,78.87000274658203,79.44999694824219,78.26000213623047,78.94999694824219,11371400,52.21260452270508
2021-12-28,78.51000213623047,78.52999877929688,76.56999969482422,77.05000305175781,18923700,50.95606994628906
2021-12-29,76.37999725341797,77.9800033569336,76.3499984741211,77.25,12113500,51.08833694458008
2021-12-30,77.98999786376953,78.9800033569336,77.61000061035156,77.95999908447266,26568500,51.55787658691406
2022-01-03,79.0,79.97000122070312,78.0,78.0,18557200,51.58434295654297
2022-01-04,78.51000213623047,79.06999969482422,76.9000015258789,77.08000183105469,18178700,50.97590637207031
2022-01-05,77.37000274658203,78.68000030517578,77.12999725341797,77.80999755859375,22039000,51.45867919921875
2022-01-06,78.63999938964844,80.3499984741211,78.30999755859375,79.37999725341797,22044100,52.496978759765625
2022-01-07,80.4000015258789,84.0,79.79000091552734,84.0,35213100,55.55236053466797
2022-01-10,82.48999786376953,84.2699966430664,82.30000305175781,83.0,25056700,54.89102554321289
2022-01-11,83.4800033569336,85.1500015258789,83.30999755859375,84.58000183105469,28418800,55.935943603515625
2022-01-12,86.48999786376953,86.58000183105469,84.93000030517578,85.5,27335400,56.54436111450195
2022-01-13,84.83999633789062,85.2300033569336,83.69999694824219,84.19999694824219,23154200,55.68463134765625
2022-01-14,83.72000122070312,84.93000030517578,82.91000366210938,84.69000244140625,21183400,56.0086784362793
2022-01-17,84.0,84.5999984741211,84.0,84.25,9688500,55.717689514160156
2022-01-18,84.58000183105469,86.87999725341797,84.4800033569336,86.30999755859375,24080200,57.08005142211914
2022-01-19,88.4800033569336,89.0,87.87999725341797,88.20999908447266,29332500,58.33659362792969
2022-01-20,88.80000305175781,88.97000122070312,86.63999938964844,86.70999908447266,22748800,57.344573974609375
2022-01-21,86.47000122070312,86.7300033569336,84.33999633789062,84.91000366210938,32752300,56.154170989990234
2022-01-24,83.69999694824219,83.95999908447266,82.08000183105469,83.87000274658203,29040100,55.46638107299805
2022-01-25,84.05999755859375,85.05000305175781,83.05000305175781,84.05999755859375,22490500,55.592041015625
2022-01-26,85.9000015258789,86.55999755859375,83.81999969482422,84.30000305175781,25806800,55.75074768066406
2022-01-27,85.0,85.45999908447266,83.2699966430664,84.48999786376953,20994900,55.87641525268555
2022-01-28,85.58000183105469,86.3499984741211,82.83000183105469,83.66000366210938,28453000,55.32749938964844
2022-01-31,82.94000244140625,82.94000244140625,80.87000274658203,80.87000274658203,31397700,53.48237991333008
2022-02-01,81.5,85.33000183105469,81.37000274658203,85.30999755859375,24131300,56.41870880126953
2022-02-02,85.5,86.29000091552734,84.72000122070312,85.79000091552734,17489000,56.73616027832031
2022-02-03,86.30000305175781,86.77999877929688,85.31999969482422,85.75,19179400,56.7097053527832
2022-02-04,85.75,88.16999816894531,85.55000305175781,88.0,24535400,58.19770812988281
2022-02-07,88.1500015258789,90.23999786376953,88.1500015258789,90.12999725341797,24915800,59.606346130371094
2022-02-08,90.44999694824219,91.4800033569336,89.5,91.38999938964844,26598600,60.43965148925781
2022-02-09,90.0,91.80000305175781,89.33000183105469,91.41000366210938,24815300,60.4528694152832
2022-02-10,92.44999694824219,94.4800033569336,92.02999877929688,93.87000274658203,47888900,62.07977294921875
2022-02-11,93.36000061035156,93.4000015258789,91.5999984741211,91.97000122070312,34555300,60.82322311401367
2022-02-14,91.11000061035156,92.16999816894531,90.81999969482422,91.56999969482422,22804400,60.55868911743164
2022-02-15,89.0199966430664,89.94000244140625,87.69999694824219,88.8499984741211,29624900,58.75984573364258
2022-02-16,89.44000244140625,90.62000274658203,89.0999984741211,89.5,20774700,59.18972396850586
2022-02-17,88.8499984741211,89.0,85.37000274658203,85.6500015258789,36259300,56.6435661315918
2022-02-18,86.44000244140625,87.02999877929688,85.43000030517578,85.83000183105469,22690600,56.76259994506836
2022-02-21,86.5999984741211,87.98999786376953,85.5,85.9000015258789,14561000,56.808902740478516
2022-02-22,86.69000244140625,87.4000015258789,85.80000305175781,87.38999938964844,23591200,57.7943000793457
2022-02-23,88.08999633789062,88.33999633789062,85.55000305175781,86.47000122070312,24413800,57.18587875366211
2022-02-24,84.62000274658203,88.04000091552734,83.7300033569336,87.54000091552734,37212500,57.893489837646484
2022-02-25,86.5199966430664,92.41000366210938,85.0999984741211,92.27999877929688,51028300,61.028228759765625
2022-03-02,98.97000122070312,99.69999694824219,97.05999755859375,99.6500015258789,42191500,65.90229797363281
2022-03-03,100.19999694824219,101.26000213623047,99.5,99.69999694824219,38621400,65.93534851074219
2022-03-04,98.68000030517578,102.08999633789062,98.12000274658203,101.97000122070312,30533200,67.43659210205078
2022-03-07,104.44000244140625,105.9000015258789,103.87000274658203,105.06999969482422,55305300,69.48674011230469
2022-03-08,106.98999786376953,107.11000061035156,99.72000122070312,100.45999908447266,53060200,66.43798065185547
2022-03-09,95.79000091552734,95.80000305175781,92.55999755859375,94.19000244140625,41051200,64.68623352050781
2022-03-10,94.5,97.30000305175781,94.08000183105469,97.30000305175781,33107000,66.82205200195312
2022-03-11,97.43000030517578,98.41000366210938,96.76000213623047,96.79000091552734,24321500,66.4718017578125
2022-03-14,94.9800033569336,95.19999694824219,91.25,91.5999984741211,37172800,62.90749740600586
2022-03-15,88.98999786376953,89.58000183105469,87.27999877929688,88.97000122070312,47128500,61.101318359375
2022-03-16,91.88999938964844,93.87999725341797,89.30999755859375,91.12999725341797,37906100,62.58473205566406
2022-03-17,92.9000015258789,94.9800033569336,92.56999969482422,94.30000305175781,40663500,64.76176452636719
2022-03-18,95.41000366210938,96.08999633789062,93.80000305175781,96.08999633789062,46080900,65.9910659790039
2022-03-21,97.33000183105469,99.43000030517578,97.1500015258789,98.80999755859375,25374600,67.85906219482422
2022-03-22,98.51000213623047,98.95999908447266,96.19000244140625,96.5999984741211,29489800,66.34131622314453
2022-03-23,97.5,98.94000244140625,96.29000091552734,96.44999694824219,26309600,66.2383041381836
2022-03-24,96.19999694824219,97.5999984741211,95.30999755859375,96.91000366210938,23122800,66.5542221069336
2022-03-25,97.69999694824219,98.30000305175781,94.30000305175781,95.2300033569336,22505500,65.40046691894531
2022-03-28,95.69999694824219,96.33999633789062,93.61000061035156,95.33999633789062,16274200,65.47600555419922
2022-03-29,95.33999633789062,95.66000366210938,93.4000015258789,94.5199966430664,38228800,64.91285705566406
2022-03-30,96.31999969482422,97.11000061035156,95.2699966430664,95.87000274658203,22007500,65.83998107910156
2022-03-31,96.41999816894531,96.88999938964844,95.36000061035156,95.5999984741211,17981400,65.6545639038086
2022-04-01,96.77999877929688,97.5,96.06999969482422,96.95999908447266,22457700,66.58855438232422
2022-04-04,96.7699966430664,98.25,96.55000305175781,97.94000244140625,16914000,67.26158142089844
2022-04-05,97.36000061035156,97.77999877929688,94.81999969482422,95.11000061035156,25764400,65.31804656982422
2022-04-06,95.33000183105469,96.72000122070312,95.33000183105469,96.55000305175781,22615800,66.30697631835938
2022-04-07,95.5,97.69000244140625,95.13999938964844,97.12999725341797,19946600,66.70529174804688
2022-04-08,96.63999938964844,97.4000015258789,94.62000274658203,95.1500015258789,26887400,65.34552001953125
2022-04-11,93.80999755859375,94.70999908447266,92.91999816894531,94.0,16515800,64.55574035644531
2022-04-12,95.0999984741211,95.61000061035156,93.23999786376953,93.37000274658203,16822600,64.1230697631836
2022-04-13,93.48999786376953,94.37999725341797,92.80999755859375,93.4000015258789,23674700,64.1436767578125
2022-04-14,93.30999755859375,94.0,91.36000061035156,92.08999633789062,24980700,63.244022369384766
2022-04-18,91.61000061035156,92.0,90.01000213623047,90.56999969482422,14812600,62.200138092041016
2022-04-19,89.69000244140625,89.69000244140625,86.83999633789062,87.68000030517578,34550900,60.215389251708984
2022-04-20,86.61000061035156,86.66999816894531,84.4000015258789,85.4000015258789,29635700,58.649566650390625
2022-04-22,83.25,83.4000015258789,80.08000183105469,80.44999694824219,39058200,55.250091552734375
2022-04-25,77.94000244140625,79.61000061035156,77.54000091552734,79.08000183105469,38943700,54.309234619140625
2022-04-26,79.08000183105469,79.31999969482422,77.8499984741211,78.0,37069400,53.56752395629883
2022-04-27,80.45999908447266,82.69999694824219,80.1500015258789,82.16999816894531,49408800,56.43132400512695
2022-04-28,85.0199966430664,85.55000305175781,80.83000183105469,84.19999694824219,56032800,57.82545471191406
2022-04-29,86.18000030517578,87.19999694824219,83.29000091552734,83.29000091552734,47492200,57.200496673583984
2022-05-02,83.16000366210938,83.19999694824219,80.63999938964844,82.91999816894531,31473600,56.94639587402344
2022-05-03,82.94999694824219,84.20999908447266,82.19000244140625,82.5,27364600,56.657962799072266
2022-05-04,81.93000030517578,82.18000030517578,79.8499984741211,81.80999755859375,34032200,56.184085845947266
2022-05-05,81.55000305175781,83.19999694824219,79.08000183105469,80.33000183105469,30906600,55.16768264770508
2022-05-06,79.19999694824219,80.9000015258789,78.25,79.76000213623047,25204100,54.77623748779297
2022-05-09,77.52999877929688,77.9800033569336,76.08000183105469,76.48999786376953,37050200,52.53050994873047
2022-05-10,76.2699966430664,76.94000244140625,74.87000274658203,75.54000091552734,31905000,51.87808609008789
2022-05-11,77.37000274658203,79.88999938964844,77.12000274658203,78.69000244140625,33933400,54.04139709472656
2022-05-12,77.05000305175781,77.9000015258789,75.87000274658203,77.9000015258789,27737200,53.49884796142578
2022-05-13,78.41999816894531,79.3499984741211,77.80000305175781,77.80999755859375,26086800,53.437042236328125
2022-05-16,78.68000030517578,80.63999938964844,78.5199966430664,80.13999938964844,23828800,55.03719711303711
2022-05-17,81.8499984741211,81.91999816894531,78.86000061035156,79.80000305175781,29305300,54.80369186401367
2022-05-18,78.70999908447266,79.25,77.41999816894531,77.77999877929688,30631700,53.41642761230469
2022-05-19,77.77999877929688,80.37999725341797,77.47000122070312,79.8499984741211,29984300,54.83803939819336
2022-05-20,82.01000213623047,82.45999908447266,80.58000183105469,81.26000213623047,38372000,55.806373596191406
2022-05-23,82.30000305175781,83.6500015258789,82.2699966430664,82.91999816894531,27632800,56.94639587402344
2022-05-24,81.81999969482422,84.08999633789062,81.0,84.04000091552734,35176800,57.71556854248047
2022-05-25,84.0,84.80000305175781,83.41000366210938,84.30000305175781,24607700,57.894142150878906
2022-05-26,84.16000366210938,84.6500015258789,83.0999984741211,84.25,27450600,57.85979461669922
2022-05-27,84.9000015258789,85.87999725341797,84.69999694824219,85.72000122070312,19834500,58.869346618652344
2022-05-30,86.27999877929688,87.41000366210938,86.01000213623047,86.6500015258789,16147900,59.508033752441406
2022-05-31,87.22000122070312,87.43000030517578,85.01000213623047,86.20999908447266,41369800,59.205841064453125
2022-06-01,86.19000244140625,88.77999877929688,86.0,88.23999786376953,26258900,60.5999641418457
2022-06-02,90.0,90.27999877929688,89.0,89.9000015258789,25142400,61.740013122558594
2022-06-03,89.5,89.80999755859375,88.36000061035156,88.45999908447266,18431900,60.75107192993164
2022-06-06,89.63999938964844,89.79000091552734,88.55000305175781,88.55000305175781,14932800,60.812870025634766
2022-06-07,88.23999786376953,90.88999938964844,88.11000061035156,90.62000274658203,27004800,62.23448181152344
2022-06-08,89.77999877929688,90.33000183105469,86.8499984741211,87.5,26959100,60.091773986816406
2022-06-09,87.0,87.0,84.44999694824219,84.54000091552734,36291100,58.058956146240234
2022-06-10,83.37000274658203,84.98999786376953,82.37999725341797,84.55999755859375,28689500,58.07269287109375
2022-06-13,82.0999984741211,82.87000274658203,80.0999984741211,81.87999725341797,31050500,56.23215866088867
2022-06-14,82.33000183105469,82.80000305175781,80.88999938964844,81.72000122070312,22634500,56.12228012084961
2022-06-15,82.0999984741211,83.7699966430664,81.54000091552734,81.66999816894531,33610300,56.08794403076172
2022-06-17,79.3499984741211,79.3499984741211,76.11000061035156,77.41000366210938,56914600,53.16233825683594
2022-06-20,75.5999984741211,76.18000030517578,74.25,75.5,26725700,51.85062026977539
2022-06-21,76.80000305175781,77.63999938964844,75.76000213623047,76.0,20981000,52.194000244140625
2022-06-22,74.0,76.05000305175781,73.37999725341797,75.3499984741211,32228300,51.74760055541992
2022-06-23,76.44000244140625,77.30999755859375,72.43000030517578,72.5999984741211,31943300,49.8589973449707
2022-06-24,72.77999877929688,74.87999725341797,72.5999984741211,74.62000274658203,22394300,51.246273040771484
2022-06-27,76.5,78.97000122070312,76.05999755859375,78.05000305175781,28825700,53.60186767578125
2022-06-28,80.0,80.2300033569336,78.77999877929688,79.44999694824219,26052000,54.563323974609375
2022-06-29,79.61000061035156,80.08999633789062,78.04000091552734,78.79000091552734,18636600,54.11007308959961
2022-06-30,76.98999786376953,78.05000305175781,76.16999816894531,76.55999755859375,27471300,52.578590393066406
2022-07-01,75.5199966430664,76.52999877929688,73.80000305175781,75.0999984741211,26721000,51.57591247558594
2022-07-04,74.0,75.01000213623047,73.58000183105469,74.66999816894531,12474200,51.28059768676758
2022-07-05,74.33999633789062,74.41999816894531,72.56999969482422,74.30000305175781,26472200,51.02649688720703
2022-07-06,74.6500015258789,75.44999694824219,73.54000091552734,75.0,23138800,51.50723648071289
2022-07-07,77.26000213623047,78.22000122070312,76.87999725341797,77.18000030517578,34251200,53.00437927246094
2022-07-08,76.83000183105469,77.86000061035156,75.30000305175781,75.4000015258789,24149200,51.78194046020508
2022-07-11,74.1500015258789,74.16000366210938,72.55999755859375,72.83000183105469,22076800,50.01696014404297
2022-07-12,72.0,73.16999816894531,71.05999755859375,73.05000305175781,22460000,50.168052673339844
2022-07-13,72.94999694824219,73.63999938964844,72.30999755859375,72.80000305175781,22980800,49.996360778808594
2022-07-14,70.5,70.83000183105469,67.55999755859375,67.94999694824219,57715800,46.665550231933594
2022-07-15,67.5,68.48999786376953,66.6500015258789,68.37000274658203,36589000,46.95399856567383
2022-07-18,70.38999938964844,70.38999938964844,68.69999694824219,68.7300033569336,22131300,47.20124053955078
2022-07-19,68.20999908447266,69.2699966430664,67.98999786376953,68.87999725341797,21785500,47.30424880981445
2022-07-20,68.45999908447266,68.4800033569336,66.18000030517578,67.38999938964844,40427400,46.28096389770508
2022-07-21,67.30999755859375,68.62000274658203,66.63999938964844,68.56999969482422,26987300,47.09135055541992
2022-07-22,69.80000305175781,70.75,68.97000122070312,69.20999908447266,27884000,47.5308723449707
2022-07-25,70.66000366210938,71.2300033569336,70.04000091552734,70.48999786376953,19833200,48.40992736816406
2022-07-26,71.31999969482422,71.41999816894531,69.58000183105469,70.36000061035156,19791500,48.32065200805664
2022-07-27,69.97000122070312,70.62000274658203,69.30999755859375,70.5199966430664,21666900,48.43053436279297
2022-07-28,71.45999908447266,71.97000122070312,70.30999755859375,70.69000244140625,21778700,48.54728317260742
2022-07-29,69.66999816894531,70.31999969482422,68.02999877929688,69.75,77006600,47.90172576904297
2022-08-01,68.94000244140625,69.8499984741211,67.93000030517578,68.08000183105469,38874000,46.75482940673828
2022-08-02,68.33000183105469,70.47000122070312,66.9800033569336,70.25,32636900,48.24510192871094
2022-08-03,70.05999755859375,70.1500015258789,67.5199966430664,67.5199966430664,31934600,46.3702507019043
2022-08-04,67.66999816894531,68.05000305175781,66.81999969482422,67.12999725341797,40540800,46.10240936279297
2022-08-05,67.88999938964844,68.75,67.5,68.0,36129300,46.699893951416016
2022-08-08,68.83000183105469,69.13999938964844,67.76000213623047,68.58000183105469,35705300,47.09821701049805
2022-08-09,68.58999633789062,70.16000366210938,68.1500015258789,70.0,35174600,48.07342529296875
2022-08-10,70.7300033569336,70.80999755859375,69.12000274658203,70.05000305175781,30202200,48.107765197753906
2022-08-11,70.80000305175781,73.6500015258789,70.55000305175781,72.48999786376953,51158600,49.7834587097168
2022-08-12,68.77999877929688,69.80000305175781,68.30000305175781,69.80000305175781,35608400,50.420623779296875
2022-08-15,68.0,68.55000305175781,67.04000091552734,68.30000305175781,26735800,49.33708953857422
2022-08-16,69.5,70.3499984741211,69.11000061035156,69.81999969482422,22070200,50.43505859375
2022-08-17,68.31999969482422,68.80000305175781,67.88999938964844,68.2300033569336,29131700,49.28651809692383
2022-08-18,68.30000305175781,68.61000061035156,67.70999908447266,67.72000122070312,27692000,48.918121337890625
2022-08-19,67.0,67.44000244140625,66.4800033569336,66.95999908447266,45903800,48.36912155151367
2022-08-22,66.80000305175781,66.91000366210938,65.83000183105469,65.9800033569336,19335700,47.66120529174805
2022-08-23,66.77999877929688,70.30000305175781,66.6500015258789,70.20999908447266,37223500,50.7167854309082
2022-08-24,69.77999877929688,70.25,67.80999755859375,67.94999694824219,28773800,49.084251403808594
2022-08-25,68.9000015258789,69.43000030517578,68.25,69.2699966430664,24956700,50.037776947021484
2022-08-26,69.6500015258789,71.19999694824219,68.2300033569336,68.2300033569336,28510100,49.28651809692383
2022-08-29,67.5,67.9000015258789,66.8499984741211,66.91000366210938,22128100,48.3330078125
2022-08-30,65.94000244140625,66.58000183105469,64.4000015258789,64.97000122070312,34469300,46.9316291809082
2022-08-31,65.41999816894531,65.68000030517578,64.5,64.5,33242900,46.592124938964844
2022-09-01,63.97999954223633,63.97999954223633,61.900001525878906,63.88999938964844,40922200,46.151485443115234
2022-09-02,64.48999786376953,64.81999969482422,62.91999816894531,62.91999816894531,49910300,45.4507942199707
2022-09-05,64.44999694824219,66.4800033569336,64.2300033569336,65.22000122070312,24319700,47.112213134765625
2022-09-06,64.66999816894531,65.55000305175781,63.59000015258789,63.66999816894531,24525000,45.99256134033203
2022-09-08,64.16999816894531,64.69999694824219,63.560001373291016,64.51000213623047,24144700,46.59934997558594
2022-09-09,66.55000305175781,69.63999938964844,66.23999786376953,69.55000305175781,49273400,50.24003982543945
2022-09-12,70.08999633789062,70.5999984741211,69.26000213623047,70.16000366210938,24797600,50.6806755065918
2022-09-13,69.31999969482422,71.0,68.08999633789062,68.25,29457800,49.300960540771484
2022-09-14,67.75,68.9800033569336,66.47000122070312,67.0,31018300,48.39801025390625
2022-09-15,67.80000305175781,68.62999725341797,67.18000030517578,68.3499984741211,36958800,49.373199462890625
2022-09-16,67.27999877929688,68.8499984741211,66.58999633789062,68.25,65178000,49.300960540771484
2022-09-19,67.43000030517578,70.55999755859375,67.33000183105469,70.45999908447266,34136800,50.89737319946289
2022-09-20,69.80000305175781,70.0999984741211,68.4000015258789,69.44999694824219,35289700,50.16779327392578
2022-09-21,69.44999694824219,69.98999786376953,68.41000366210938,68.44999694824219,44482000,49.4454345703125
2022-09-22,70.16999816894531,70.69999694824219,69.27999877929688,70.0199966430664,34529500,50.57953643798828
2022-09-23,68.70999908447266,69.05000305175781,67.83000183105469,68.56999969482422,44160700,49.53212356567383
2022-09-26,67.69999694824219,69.41999816894531,67.63999938964844,68.72000122070312,18503200,49.64047622680664
2022-09-27,67.63999938964844,68.2300033569336,67.19000244140625,67.69999694824219,31646600,48.90366744995117
2022-09-28,67.70999908447266,68.83999633789062,67.44000244140625,68.33999633789062,24371000,49.36597442626953
2022-09-29,67.93000030517578,68.77999877929688,67.3499984741211,68.43000030517578,34889700,49.43098831176758
2022-09-30,68.48999786376953,72.9000015258789,68.26000213623047,72.04000091552734,55575000,52.038700103759766
2022-10-03,73.23999786376953,74.16999816894531,71.12999725341797,74.0,42688100,53.45453643798828
2022-10-04,74.19999694824219,76.25,74.05999755859375,75.79000091552734,41717500,54.74755096435547
2022-10-05,76.29000091552734,77.86000061035156,76.12000274658203,76.95999908447266,42621400,55.59270477294922
2022-10-06,77.19999694824219,77.56999969482422,74.91999816894531,75.2300033569336,76852200,54.3430290222168
2022-10-07,75.36000061035156,79.44000244140625,75.16000366210938,75.51000213623047,83593200,54.54528045654297
2022-10-10,76.41000366210938,77.0199966430664,73.4800033569336,73.98999786376953,45515900,53.44731140136719
2022-10-11,73.19999694824219,74.18000030517578,72.02999877929688,73.48999786376953,33885800,53.08612060546875
2022-10-13,72.25,72.80000305175781,71.05000305175781,72.18000030517578,32960000,52.13983154296875
2022-10-14,72.61000061035156,73.36000061035156,69.5999984741211,69.83000183105469,34091700,50.442291259765625
2022-10-17,70.20999908447266,71.23999786376953,69.26000213623047,70.93000030517578,25840500,51.23688507080078
2022-10-18,72.30000305175781,72.83000183105469,70.73999786376953,71.95999908447266,27494000,51.98091125488281
2022-10-19,71.62999725341797,72.12999725341797,70.58000183105469,71.11000061035156,22651000,51.36690139770508
2022-10-20,70.9800033569336,73.19000244140625,70.31999969482422,72.0199966430664,37240700,52.02425003051758
2022-10-21,71.80000305175781,74.68000030517578,71.44000244140625,74.12999725341797,36846800,53.54843521118164
2022-10-24,73.2699966430664,73.94999694824219,71.18000030517578,71.93000030517578,32035800,51.95924377441406
2022-10-25,71.61000061035156,73.2699966430664,70.91999816894531,71.93000030517578,28158100,51.95924377441406
2022-10-26,71.27999877929688,74.8499984741211,71.12000274658203,73.52999877929688,40845700,53.115013122558594
2022-10-27,72.0,72.12000274658203,69.43000030517578,70.91000366210938,52613000,51.222442626953125
2022-10-28,68.58999633789062,69.05000305175781,66.6500015258789,67.44999694824219,52793500,48.723079681396484
2022-10-31,66.0,69.4000015258789,65.5199966430664,67.12999725341797,39184100,48.491920471191406
2022-11-01,69.44999694824219,70.80000305175781,68.94999694824219,69.16999816894531,42670000,49.96553039550781
2022-11-03,67.63999938964844,67.94000244140625,66.58000183105469,67.1500015258789,34390300,48.506370544433594
2022-11-04,71.1500015258789,73.38999938964844,70.80000305175781,72.25,61191100,52.19039535522461
2022-11-07,72.0,73.02999877929688,71.44000244140625,71.87000274658203,29445500,51.91591262817383
2022-11-08,71.6500015258789,74.93000030517578,71.6500015258789,74.05000305175781,39756500,53.49064636230469
2022-11-09,74.0999984741211,74.77999877929688,72.5199966430664,73.1500015258789,42208500,52.84052276611328
2022-11-10,71.5,75.47000122070312,71.37999725341797,74.55000305175781,47658100,53.85182189941406
2022-11-11,77.98999786376953,82.98999786376953,77.20999908447266,82.30000305175781,80174100,59.45009994506836
2022-11-14,82.38999938964844,84.44000244140625,81.37999725341797,83.30999755859375,43822500,60.179683685302734
2022-11-16,83.31999969482422,84.7699966430664,81.54000091552734,82.44000244140625,32935300,59.551231384277344
2022-11-17,80.87000274658203,83.29000091552734,80.73999786376953,83.0999984741211,31790500,60.027976989746094
2022-11-18,84.3499984741211,84.48999786376953,80.69999694824219,80.83000183105469,44324400,58.388240814208984
2022-11-21,79.0999984741211,80.19000244140625,78.27999877929688,79.91999816894531,27745900,57.730892181396484
2022-11-22,79.94999694824219,81.45999908447266,79.38999938964844,80.13999938964844,27105100,57.889801025390625
2022-11-23,80.93000030517578,81.36000061035156,79.94000244140625,80.93000030517578,22415800,58.460472106933594
2022-11-24,81.51000213623047,82.38999938964844,80.61000061035156,81.44999694824219,12420900,58.83609390258789
2022-11-25,82.0,82.87999725341797,80.68000030517578,80.9000015258789,20477000,58.43880844116211
2022-11-28,80.5999984741211,82.33999633789062,79.5199966430664,81.30000305175781,16166300,58.727745056152344
2022-11-29,82.8499984741211,85.68000030517578,82.62000274658203,84.44000244140625,42574300,60.995948791503906
2022-11-30,85.0,86.62000274658203,84.76000213623047,85.70999908447266,59932800,61.9133415222168
2022-12-01,86.41999816894531,86.75,84.7300033569336,86.18000030517578,34319300,62.25285339355469
2022-12-02,86.76000213623047,87.73999786376953,84.97000122070312,86.80000305175781,30213600,62.70072555541992
2022-12-05,87.9000015258789,88.98999786376953,86.68000030517578,86.70999908447266,21896500,62.635704040527344
2022-12-06,86.98999786376953,88.93000030517578,86.87999725341797,87.97000122070312,21335700,63.545875549316406
2022-12-07,85.91000366210938,86.41999816894531,83.86000061035156,84.83999633789062,45441000,61.28487777709961
2022-12-08,85.5,87.25,85.3499984741211,85.87999725341797,29827900,62.03614044189453
2022-12-09,88.05999755859375,89.54000091552734,87.52999877929688,88.73999786376953,37713000,64.10208892822266
2022-12-12,88.1500015258789,88.30000305175781,85.37999725341797,86.08999633789062,34995000,62.18783187866211
2022-12-13,86.25,87.4000015258789,85.62999725341797,86.16000366210938,31559400,62.450225830078125
2022-12-14,85.75,87.33000183105469,85.5,86.88999938964844,34564000,62.97935104370117
2022-12-15,87.38999938964844,88.16999816894531,86.88999938964844,87.16999816894531,24782100,63.18229675292969
2022-12-16,87.0,87.31999969482422,84.51000213623047,85.68000030517578,37762100,62.10231018066406
2022-12-19,85.0,85.58000183105469,84.23999786376953,85.37000274658203,27508500,61.87763595581055
2022-12-20,85.37000274658203,87.25,85.30999755859375,85.75,22657300,62.153053283691406
2022-12-21,86.9000015258789,87.4000015258789,85.81999969482422,86.23999786376953,39183700,62.50821304321289
2022-12-22,86.27999877929688,86.6500015258789,84.69000244140625,85.75,19429200,62.153053283691406
2022-12-23,85.27999877929688,86.5199966430664,85.08000183105469,86.31999969482422,18656500,62.566200256347656
2022-12-26,86.41999816894531,87.54000091552734,86.33000183105469,87.11000061035156,18407500,63.13880920410156
2022-12-27,88.0,89.6500015258789,87.47000122070312,89.19000244140625,26720300,64.64643096923828
2022-12-28,89.19000244140625,90.20999908447266,88.69999694824219,88.98999786376953,23314500,64.50144958496094
2022-12-29,89.0,89.94999694824219,88.83000183105469,88.87999725341797,40110800,64.42173767089844
2023-01-02,88.68000030517578,89.9000015258789,88.52999877929688,89.4000015258789,12783800,64.79863739013672
2023-01-03,89.4000015258789,90.08999633789062,88.88999938964844,89.23999786376953,25332600,64.68266296386719
2023-01-04,89.30000305175781,89.6500015258789,87.94999694824219,89.4000015258789,26395300,64.79863739013672
2023-01-05,89.45999908447266,91.68000030517578,89.0,90.9000015258789,29085600,65.8858642578125
2023-01-06,91.0,92.73999786376953,91.0,92.33999633789062,31420600,66.92960357666016
2023-01-09,91.52999877929688,92.98999786376953,91.25,92.44000244140625,19285800,67.00206756591797
2023-01-10,92.48999786376953,93.9000015258789,92.33999633789062,93.58000183105469,19821100,67.828369140625
2023-01-11,93.98999786376953,94.4800033569336,92.26000213623047,93.25,23834100,67.58917999267578
2023-01-12,93.4800033569336,94.30000305175781,92.94000244140625,93.73999786376953,18058600,67.9443359375
2023-01-13,93.69000244140625,94.27999877929688,93.36000061035156,93.81999969482422,16905800,68.00232696533203
2023-01-16,92.0,92.38999938964844,90.83000183105469,92.25,19563900,66.86436462402344
2023-01-17,92.51000213623047,93.2300033569336,91.83000183105469,92.12999725341797,18719500,66.77738189697266
2023-01-18,93.05999755859375,94.2300033569336,92.91000366210938,93.33999633789062,16737300,67.65442657470703
2023-01-19,93.80000305175781,94.37000274658203,93.31999969482422,93.73999786376953,21712500,67.9443359375
2023-01-20,93.9000015258789,94.56999969482422,93.5,93.98999786376953,27103900,68.12554931640625
2023-01-23,94.3499984741211,94.69999694824219,93.69999694824219,94.30000305175781,13534300,68.3502426147461
2023-01-24,94.30999755859375,95.30000305175781,93.19999694824219,95.30000305175781,17439800,69.0750503540039
2023-01-25,95.19999694824219,96.4000015258789,94.7699966430664,96.19999694824219,18282900,69.7273941040039
2023-01-26,96.5,98.0,96.38999938964844,98.0,26876000,71.03206634521484
2023-01-27,97.8499984741211,98.29000091552734,94.83000183105469,95.31999969482422,34682400,69.08954620361328
2023-01-30,95.9000015258789,96.30000305175781,94.19000244140625,94.9800033569336,23820000,68.84310913085938
2023-01-31,94.30999755859375,94.87999725341797,93.8499984741211,94.51000213623047,20658600,68.50244903564453
2023-02-01,95.19999694824219,95.19999694824219,91.58999633789062,93.45999908447266,28818100,67.74138641357422
2023-02-02,91.69000244140625,91.95999908447266,88.86000061035156,89.13999938964844,37844400,64.61019134521484
2023-02-03,89.76000213623047,90.7699966430664,88.69000244140625,88.94999694824219,22545600,64.47246551513672
2023-02-06,88.19999694824219,88.25,86.66000366210938,87.83999633789062,17888700,63.667911529541016
2023-02-07,87.58999633789062,88.68000030517578,86.98999786376953,88.41999816894531,16259700,64.08831787109375
2023-02-08,89.0999984741211,89.37000274658203,87.5999984741211,88.72000122070312,14411000,64.3057632446289
2023-02-09,88.72000122070312,89.55000305175781,87.47000122070312,88.38999938964844,19782200,64.06656646728516
2023-02-10,88.18000030517578,88.94999694824219,86.36000061035156,86.80000305175781,18099100,62.91411590576172
2023-02-13,85.91999816894531,87.11000061035156,85.30000305175781,86.70999908447266,13798500,62.848873138427734
2023-02-14,87.0,87.72000122070312,86.52999877929688,87.0999984741211,20072400,63.131553649902344
2023-02-15,87.0999984741211,89.23999786376953,86.55999755859375,89.0,28465800,64.50870513916016
2023-02-16,89.29000091552734,90.26000213623047,88.9000015258789,89.19000244140625,28740800,64.64643096923828
2023-02-17,89.5999984741211,89.75,87.54000091552734,88.02999877929688,26381400,63.805625915527344
2023-02-22,87.05000305175781,88.44999694824219,86.56999969482422,87.36000061035156,16864400,63.32001876831055
2023-02-23,87.0,88.06999969482422,85.55000305175781,86.94999694824219,21485100,63.0228385925293
2023-02-24,86.05000305175781,86.4800033569336,84.6500015258789,85.04000091552734,17183900,61.63843536376953
2023-02-27,84.55999755859375,85.37999725341797,83.6500015258789,85.04000091552734,14422200,61.63843536376953
2023-02-28,85.05999755859375,86.5,84.33999633789062,85.31999969482422,21127300,61.84138107299805
2023-03-01,87.7699966430664,89.8499984741211,87.5,89.19999694824219,30916600,64.6536636352539
2023-03-02,89.19999694824219,90.13999938964844,88.41999816894531,89.0,21740900,64.50870513916016
2023-03-03,90.0999984741211,90.30000305175781,88.80999755859375,89.30000305175781,19783400,64.72615814208984
2023-03-06,87.43000030517578,87.9000015258789,86.12000274658203,86.1500015258789,27298600,62.4429817199707
2023-03-07,86.8499984741211,87.4000015258789,84.80000305175781,85.33000183105469,20898200,61.8486442565918
2023-03-08,85.5999984741211,86.41000366210938,85.4000015258789,86.11000061035156,22274800,62.41399002075195
2023-03-09,85.12999725341797,86.48999786376953,84.81999969482422,84.9800033569336,24439300,61.594947814941406
2023-03-10,84.5999984741211,86.18000030517578,84.2699966430664,84.69999694824219,21820200,61.39198303222656
2023-03-13,84.37000274658203,86.0,84.05000305175781,85.05000305175781,23460200,61.64569854736328
2023-03-14,83.12000274658203,84.3499984741211,82.9000015258789,83.9800033569336,18077900,62.2069091796875
2023-03-15,82.0,83.08999633789062,80.0999984741211,81.44999694824219,34103400,60.33285140991211
2023-03-16,81.22000122070312,82.1500015258789,80.70999908447266,81.75,20573400,60.55506134033203
2023-03-17,82.91000366210938,83.5,82.62999725341797,82.7300033569336,39906400,61.280975341796875
2023-03-20,82.72000122070312,83.98999786376953,81.80999755859375,83.41000366210938,19650900,61.78468322753906
2023-03-21,83.22000122070312,83.44000244140625,81.54000091552734,82.70999908447266,15692200,61.26616668701172
2023-03-22,82.0,82.75,81.61000061035156,81.68000030517578,18085500,60.50320816040039
2023-03-23,81.5199966430664,82.18000030517578,78.80999755859375,79.58000183105469,26000100,58.947669982910156
2023-03-24,79.69000244140625,79.86000061035156,78.08999633789062,78.66999816894531,27801900,58.27360153198242
2023-03-27,79.51000213623047,80.08000183105469,78.02999877929688,78.54000091552734,14202900,58.17729568481445
2023-03-28,78.72000122070312,79.9000015258789,78.58999633789062,79.37000274658203,13866800,58.792110443115234
2023-03-29,79.98999786376953,80.83999633789062,79.83999633789062,80.51000213623047,17345200,59.63654708862305
2023-03-30,81.69999694824219,81.94999694824219,81.1500015258789,81.81999969482422,14249000,60.60690689086914
2023-03-31,81.5999984741211,82.16999816894531,79.91000366210938,80.29000091552734,22468400,59.47357940673828
2023-04-03,79.80000305175781,80.38999938964844,79.41000366210938,80.30999755859375,13510200,59.488399505615234
2023-04-04,79.95999908447266,80.18000030517578,77.75,78.04000091552734,20485600,57.80693054199219
2023-04-05,77.75,77.76000213623047,75.9000015258789,76.88999938964844,25382600,56.9550895690918
2023-04-06,76.66999816894531,77.5,76.27999877929688,76.75,13976800,56.85138702392578
2023-04-10,76.75,78.26000213623047,76.69999694824219,78.2300033569336,13849000,57.94767379760742
2023-04-11,80.5,82.94999694824219,80.05999755859375,82.36000061035156,34226000,61.006900787353516
2023-04-12,82.75,82.80000305175781,80.29000091552734,80.5999984741211,32702000,59.70320129394531
2023-04-13,80.0,80.7300033569336,78.97000122070312,79.51000213623047,21361900,58.895816802978516
2023-04-14,79.0999984741211,79.80000305175781,78.0,78.80999755859375,22693200,58.377296447753906
2023-04-17,79.4800033569336,80.44000244140625,77.44999694824219,77.87000274658203,21479200,57.68101501464844
2023-04-18,78.79000091552734,78.93000030517578,77.66000366210938,78.54000091552734,15193400,58.17729568481445
2023-04-19,77.30000305175781,77.62000274658203,75.0199966430664,76.25,31128000,56.481014251708984
2023-04-20,75.9000015258789,76.45999908447266,74.52999877929688,74.66000366210938,31112800,55.303253173828125
2023-04-24,72.19999694824219,72.54000091552734,71.58999633789062,71.95999908447266,29754000,53.30327224731445
2023-04-25,71.19999694824219,71.19999694824219,69.70999908447266,70.0,31799200,51.85143280029297
2023-04-26,71.0,71.43000030517578,70.2699966430664,70.2699966430664,25907200,52.05142593383789
2023-04-27,69.69999694824219,71.77999877929688,69.18000030517578,71.76000213623047,31717800,53.15512466430664
2023-04-28,71.62999725341797,72.41999816894531,71.05999755859375,72.4000015258789,33277500,53.62918472290039
2023-05-02,71.30000305175781,71.5999984741211,69.31999969482422,69.54000091552734,37367900,51.51068878173828
2023-05-03,69.94000244140625,70.08000183105469,68.86000061035156,69.0,19958300,51.110694885253906
2023-05-04,69.05000305175781,69.33000183105469,66.70999908447266,66.86000061035156,35996200,49.5255241394043
2023-05-05,67.69000244140625,69.25,67.2300033569336,69.04000091552734,27107300,51.140323638916016
2023-05-08,70.69999694824219,71.16000366210938,69.8499984741211,69.97000122070312,24917600,51.8292121887207
2023-05-09,69.5,70.70999908447266,68.68000030517578,70.69000244140625,18717400,52.3625373840332
2023-05-10,70.88999938964844,71.05999755859375,68.69000244140625,69.36000061035156,24792600,51.37735366821289
2023-05-11,68.0,68.29000091552734,67.36000061035156,68.01000213623047,27709000,50.37736511230469
2023-05-12,67.9000015258789,68.56999969482422,67.41000366210938,68.08000183105469,17578100,50.42921829223633
2023-05-15,69.30000305175781,70.12999725341797,68.91999816894531,69.05999755859375,21020000,51.15513610839844
2023-05-16,69.0,69.19999694824219,67.5999984741211,67.63999938964844,23990300,50.10329818725586
2023-05-17,69.12000274658203,70.23999786376953,68.80999755859375,69.87999725341797,30913100,51.76253890991211
2023-05-18,69.87999725341797,70.31999969482422,69.12000274658203,69.9800033569336,23710600,51.83660888671875
2023-05-19,70.5,70.61000061035156,69.12999725341797,69.20999908447266,33892200,51.2662467956543
2023-05-22,68.4000015258789,68.9000015258789,67.7699966430664,68.0999984741211,18936200,50.444026947021484
2023-05-23,67.5,67.69000244140625,66.51000213623047,66.55999755859375,39413300,49.30329895019531
2023-05-24,65.77999877929688,65.77999877929688,64.81999969482422,65.05000305175781,33304700,48.18479537963867
2023-05-25,65.80000305175781,65.80000305175781,64.77999877929688,64.8499984741211,36934900,48.036643981933594
2023-05-26,66.75,67.04000091552734,65.91000366210938,66.33000183105469,38181700,49.132930755615234
2023-05-29,67.33999633789062,67.69999694824219,65.73999786376953,65.83000183105469,17320700,48.7625617980957
2023-05-30,66.31999969482422,66.31999969482422,63.869998931884766,64.27999877929688,39920700,47.61442184448242
2023-05-31,64.27999877929688,64.87000274658203,63.5099983215332,63.810001373291016,103408900,47.26628112792969
2023-06-01,64.94000244140625,65.7699966430664,64.1500015258789,65.16000366210938,51982400,48.26627731323242
2023-06-02,68.0,68.19999694824219,67.37000274658203,67.94000244140625,39185700,50.32551193237305
2023-06-05,68.47000122070312,68.4800033569336,66.62999725341797,67.37999725341797,21478500,49.910701751708984
2023-06-06,67.80000305175781,68.38999938964844,67.4000015258789,67.5999984741211,31884200,50.07366180419922
2023-06-07,67.5999984741211,68.68000030517578,67.4000015258789,68.66999816894531,27377500,50.866249084472656
2023-06-09,69.66999816894531,69.80000305175781,68.25,68.36000061035156,30056800,50.636627197265625
2023-06-12,67.80000305175781,67.80000305175781,66.69999694824219,67.12000274658203,26651200,49.71811294555664
2023-06-13,68.30000305175781,68.56999969482422,67.61000061035156,67.83000183105469,34288100,50.2440299987793
2023-06-14,68.98999786376953,69.61000061035156,68.48999786376953,69.0199966430664,53775600,51.12550354003906
2023-06-15,69.0999984741211,69.6500015258789,68.36000061035156,69.55999755859375,31874100,51.5255012512207
2023-06-16,69.4000015258789,70.19999694824219,69.20999908447266,69.66999816894531,39953600,51.60698699951172
2023-06-19,69.6500015258789,69.6500015258789,68.68000030517578,69.4000015258789,14894300,51.406982421875
2023-06-20,69.0,69.0199966430664,67.30999755859375,67.61000061035156,35748700,50.08106994628906
2023-06-21,67.06999969482422,67.33999633789062,66.72000122070312,66.93000030517578,27336800,49.57736587524414
2023-06-22,66.66999816894531,67.86000061035156,66.30000305175781,66.56999969482422,21394900,49.310707092285156
2023-06-23,66.0,66.0999984741211,65.30000305175781,65.9000015258789,23510900,48.81441879272461
2023-06-26,65.55999755859375,66.30000305175781,65.31999969482422,66.04000091552734,15030400,48.91812515258789
2023-06-27,66.9000015258789,67.27999877929688,66.44999694824219,66.83000183105469,22737400,49.503299713134766
2023-06-28,66.77999877929688,66.81999969482422,64.72000122070312,64.72000122070312,37628600,47.940345764160156
2023-06-29,64.72000122070312,65.93000030517578,64.3499984741211,65.51000213623047,24841800,48.52552795410156
2023-06-30,65.70999908447266,66.05999755859375,64.22000122070312,64.22000122070312,42992000,47.569984436035156
2023-07-03,64.70999908447266,66.5,64.63999938964844,66.2300033569336,22738400,49.05886459350586
2023-07-04,65.83999633789062,66.45999908447266,65.80000305175781,65.9000015258789,12573200,48.81441879272461
2023-07-05,65.61000061035156,65.86000061035156,65.01000213623047,65.31999969482422,27363600,48.384788513183594
2023-07-06,64.72000122070312,65.58999633789062,64.44000244140625,64.8499984741211,18579200,48.036643981933594
2023-07-07,64.4800033569336,65.5999984741211,64.30999755859375,65.45999908447266,57287600,48.488494873046875
2023-07-10,64.5,65.19000244140625,64.33000183105469,64.45999908447266,36698500,47.74776077270508
2023-07-11,65.08000183105469,67.01000213623047,64.87999725341797,66.58000183105469,35550200,49.318119049072266
2023-07-12,68.0,68.08000183105469,67.0,67.05000305175781,22864300,49.666259765625
2023-07-13,68.22000122070312,68.80000305175781,67.91999816894531,68.61000061035156,24187200,50.821807861328125
2023-07-14,69.19000244140625,69.29000091552734,68.26000213623047,68.61000061035156,20342500,50.821807861328125
2023-07-17,68.33000183105469,68.33000183105469,67.02999877929688,67.8499984741211,15322300,50.258846282958984
2023-07-18,67.7300033569336,68.2699966430664,67.27999877929688,67.41999816894531,16950600,49.940330505371094
2023-07-19,67.48999786376953,67.97000122070312,66.95999908447266,67.23999786376953,14512600,49.80699157714844
2023-07-20,68.1500015258789,68.48999786376953,67.3499984741211,67.38999938964844,20992700,49.91810989379883
2023-07-21,67.44000244140625,68.16999816894531,66.9800033569336,67.80000305175781,24852700,50.22181701660156
2023-07-24,67.69999694824219,70.31999969482422,67.51000213623047,69.8499984741211,30616400,51.74031448364258
2023-07-25,71.69999694824219,72.66000366210938,71.62000274658203,72.01000213623047,31556700,53.34030532836914
2023-07-26,71.75,72.25,70.75,71.76000213623047,19066400,53.15512466430664
2023-07-27,71.19999694824219,71.23999786376953,70.08999633789062,70.41999816894531,28254500,52.16252899169922
2023-07-28,70.0199966430664,70.0199966430664,67.62999725341797,67.62999725341797,45938800,50.095882415771484
2023-07-31,68.0,69.68000030517578,67.83999633789062,69.16000366210938,26065700,51.229209899902344
2023-08-01,68.7699966430664,68.80999755859375,67.9000015258789,68.19999694824219,30015700,50.518104553222656
2023-08-02,67.73999786376953,67.76000213623047,66.9000015258789,67.08999633789062,29547300,49.695884704589844
2023-08-03,66.8499984741211,67.88999938964844,66.48999786376953,67.51000213623047,35512300,50.006996154785156
2023-08-04,67.19999694824219,68.33000183105469,67.16000366210938,67.55999755859375,22954300,50.044036865234375
2023-08-07,67.6500015258789,68.16999816894531,66.87999725341797,67.9000015258789,23057700,50.29588317871094
2023-08-08,66.98999786376953,68.1500015258789,66.08999633789062,67.45999908447266,43405600,49.96996307373047
2023-08-09,67.45999908447266,67.91000366210938,66.62999725341797,66.8499984741211,21859000,49.51811599731445
2023-08-10,66.80999755859375,67.18000030517578,65.94000244140625,66.05999755859375,28372300,48.93293380737305
2023-08-11,66.19000244140625,66.37999725341797,65.2300033569336,65.51000213623047,42335100,48.52552795410156
2023-08-14,62.97999954223633,63.040000915527344,61.900001525878906,61.900001525878906,41056900,47.23475646972656
2023-08-15,61.95000076293945,61.959999084472656,61.13999938964844,61.290000915527344,28611000,46.769283294677734
2023-08-16,61.38999938964844,61.93000030517578,61.0,61.04999923706055,30508600,46.58613586425781
2023-08-17,62.59000015258789,62.810001373291016,61.720001220703125,61.90999984741211,39481200,47.24238967895508
2023-08-18,61.20000076293945,62.08000183105469,61.02000045776367,61.220001220703125,34201900,46.715858459472656
2023-08-21,61.4900016784668,61.7400016784668,61.02000045776367,61.29999923706055,17695300,46.77690505981445
2023-08-22,62.040000915527344,62.86000061035156,62.029998779296875,62.58000183105469,30995800,47.7536506652832
2023-08-23,63.25,63.66999816894531,63.040000915527344,63.040000915527344,19128500,48.10466384887695
2023-08-24,62.689998626708984,62.689998626708984,61.83000183105469,62.20000076293945,17821500,47.463680267333984
2023-08-25,62.66999816894531,62.779998779296875,61.900001525878906,62.06999969482422,11395300,47.364479064941406
2023-08-28,62.43000030517578,63.27000045776367,62.27000045776367,62.959999084472656,14173600,48.04362106323242
2023-08-29,63.380001068115234,65.02999877929688,63.22999954223633,64.97000122070312,28625700,49.577423095703125
2023-08-30,65.20999908447266,65.87000274658203,64.7300033569336,64.9800033569336,21812600,49.58504867553711
2023-08-31,65.56999969482422,66.16999816894531,65.08000183105469,65.08000183105469,31011100,49.66135787963867
2023-09-01,66.69000244140625,69.0,66.62999725341797,68.88999938964844,57288600,52.56869888305664
2023-09-04,69.27999877929688,70.05000305175781,68.87999725341797,69.4000015258789,22397800,52.95786666870117
2023-09-05,68.98999786376953,69.51000213623047,68.58000183105469,69.0999984741211,19253500,52.728939056396484
2023-09-06,69.1500015258789,69.58999633789062,67.87999725341797,67.98999786376953,28466500,51.88191604614258
2023-09-08,66.69999694824219,66.83999633789062,66.23999786376953,66.70999908447266,19989200,50.905181884765625
2023-09-11,68.0999984741211,68.18000030517578,67.54000091552734,67.66999816894531,19493800,51.637733459472656
2023-09-12,68.0,68.26000213623047,67.44000244140625,67.62000274658203,14201300,51.599586486816406
2023-09-13,67.66999816894531,67.77999877929688,67.1500015258789,67.36000061035156,15448400,51.401180267333984
2023-09-14,69.30000305175781,70.68000030517578,69.05000305175781,70.12000274658203,62390300,53.50728988647461
2023-09-15,71.0,71.2300033569336,69.54000091552734,69.54000091552734,37901700,53.064701080322266
2023-09-18,69.54000091552734,70.05000305175781,68.55000305175781,68.72000122070312,21849000,52.43898010253906
2023-09-19,68.66999816894531,69.25,68.20999908447266,68.8499984741211,43870300,52.53817367553711
2023-09-20,69.27999877929688,69.7699966430664,69.04000091552734,69.30999755859375,14372200,52.88919448852539
2023-09-21,68.30000305175781,68.45999908447266,67.5,67.5,21686000,51.50801086425781
2023-09-22,68.38999938964844,68.87000274658203,67.93000030517578,68.0,17063700,51.88955307006836
2023-09-25,67.01000213623047,67.02999877929688,65.7699966430664,66.5999984741211,34715000,50.82123565673828
2023-09-26,65.69999694824219,66.26000213623047,65.37000274658203,65.55999755859375,24178800,50.02763366699219
2023-09-27,66.0999984741211,66.19000244140625,65.30999755859375,65.69999694824219,17109300,50.13446044921875
2023-09-28,66.11000061035156,67.04000091552734,65.95999908447266,66.69999694824219,26072300,50.89754867553711
2023-09-29,67.30999755859375,67.6500015258789,67.04000091552734,67.58000183105469,19018000,51.56905746459961
2023-10-02,67.58000183105469,67.72000122070312,66.62000274658203,66.98999786376953,11175900,51.11884307861328
2023-10-03,66.08000183105469,66.95999908447266,66.06999969482422,66.58000183105469,15268800,50.80598068237305
2023-10-04,66.4000015258789,66.77999877929688,65.52999877929688,65.87000274658203,14377000,50.26419448852539
2023-10-05,65.87000274658203,66.44999694824219,65.66000366210938,65.9000015258789,11556300,50.28708267211914
2023-10-06,65.88999938964844,67.44999694824219,65.81999969482422,66.86000061035156,22711400,51.01964569091797
2023-10-09,65.7300033569336,66.37999725341797,65.38999938964844,66.37999725341797,14392200,50.653358459472656
2023-10-10,67.05999755859375,67.47000122070312,66.69999694824219,66.77999877929688,18261700,50.95859146118164
2023-10-11,66.80999755859375,67.43000030517578,66.69000244140625,67.36000061035156,13659400,51.401180267333984
2023-10-13,67.19999694824219,67.30000305175781,66.45999908447266,66.58999633789062,16302700,50.81361389160156
2023-10-16,67.4000015258789,67.75,67.18000030517578,67.30000305175781,13103300,51.355403900146484
2023-10-17,67.0,68.05000305175781,66.58999633789062,67.8499984741211,24031000,51.775089263916016
2023-10-18,67.23999786376953,67.30000305175781,65.33000183105469,65.36000061035156,34907300,49.87501907348633
2023-10-19,65.30000305175781,65.6500015258789,64.41999816894531,64.41999816894531,22855500,49.15772247314453
2023-10-20,63.31999969482422,63.470001220703125,62.0,62.68000030517578,58015100,47.829959869384766
2023-10-23,62.38999938964844,62.93000030517578,62.11000061035156,62.560001373291016,17595000,47.73838806152344
2023-10-24,64.0,64.2699966430664,63.56999969482422,63.9900016784668,21768800,48.82959747314453
2023-10-25,64.69999694824219,65.18000030517578,63.75,63.93000030517578,26091800,48.7838134765625
2023-10-26,63.79999923706055,65.37000274658203,63.61000061035156,65.30000305175781,30936700,49.8292350769043
2023-10-27,65.47000122070312,67.76000213623047,64.70999908447266,67.56999969482422,47989100,51.56142807006836
2023-10-30,68.4000015258789,68.88999938964844,68.04000091552734,68.18000030517578,26604100,52.02690887451172
2023-10-31,67.7699966430664,69.23999786376953,67.56999969482422,69.0,20961400,52.65263748168945
2023-11-01,69.26000213623047,70.69999694824219,69.25,70.31999969482422,31543500,53.6599006652832
2023-11-03,71.25,71.61000061035156,70.93000030517578,71.19999694824219,28599600,54.3314094543457
2023-11-06,71.19999694824219,71.80000305175781,71.19999694824219,71.5,19096300,54.56034469604492
2023-11-07,70.83000183105469,71.0999984741211,69.23999786376953,70.08000183105469,37073000,53.476768493652344
2023-11-08,70.12000274658203,70.86000061035156,69.81999969482422,70.12999725341797,21047900,53.51491928100586
2023-11-09,70.5,71.13999938964844,70.22000122070312,70.47000122070312,16542700,53.77436828613281
2023-11-10,71.4000015258789,71.7300033569336,70.9000015258789,71.55000305175781,22200500,54.59849548339844
2023-11-13,72.0,72.48999786376953,70.93000030517578,71.4000015258789,14410500,54.48402786254883
2023-11-14,72.0199966430664,74.30000305175781,71.9000015258789,73.61000061035156,52233600,56.170448303222656
2023-11-16,73.0999984741211,74.33999633789062,73.01000213623047,74.0999984741211,31235400,56.54435348510742
2023-11-17,74.2300033569336,74.6500015258789,74.0999984741211,74.23999786376953,24538600,56.651180267333984
2023-11-20,75.80000305175781,76.6500015258789,75.43000030517578,76.05999755859375,28810100,58.03998947143555
2023-11-21,77.29000091552734,78.55000305175781,76.8499984741211,77.9000015258789,45317800,59.444068908691406
2023-11-22,75.8499984741211,76.06999969482422,74.20999908447266,74.8499984741211,33715300,58.87900161743164
2023-11-23,74.37000274658203,74.62000274658203,74.08000183105469,74.37999725341797,10279200,58.509281158447266
2023-11-24,74.5,74.5,73.4000015258789,73.75,16667000,58.013710021972656
2023-11-27,73.44000244140625,73.86000061035156,72.9000015258789,73.30999755859375,17312300,57.6675910949707
2023-11-28,72.27999877929688,73.7699966430664,72.16000366210938,73.47000122070312,22019000,57.79345703125
2023-11-29,73.80000305175781,74.0,72.70999908447266,73.44999694824219,15853100,57.7777214050293
2023-11-30,74.01000213623047,74.44000244140625,73.72000122070312,73.8499984741211,29712900,58.092376708984375
2023-12-01,74.7300033569336,75.4800033569336,74.41999816894531,75.22000122070312,25025200,59.17005157470703
2023-12-04,74.23999786376953,74.5,73.04000091552734,73.52999877929688,22402300,57.84065246582031
2023-12-05,73.2300033569336,73.37000274658203,72.52999877929688,72.8499984741211,25179500,57.30574417114258
2023-12-06,73.5,73.91999816894531,72.12000274658203,72.37000274658203,20503900,56.92817306518555
2023-12-07,72.69000244140625,73.08000183105469,72.41999816894531,72.5999984741211,17535800,57.10908508300781
2023-12-08,73.0999984741211,73.26000213623047,72.33000183105469,72.80000305175781,16083200,57.26641082763672
2023-12-11,72.08000183105469,73.23999786376953,71.76000213623047,72.86000061035156,15443400,57.3136100769043
2023-12-12,73.5999984741211,73.8499984741211,72.5999984741211,72.98999786376953,11036300,57.415870666503906
2023-12-13,72.5,73.31999969482422,72.30999755859375,73.0,25288200,57.42374038696289
2023-12-14,74.0,74.26000213623047,73.36000061035156,73.4000015258789,29454300,57.7383918762207
2023-12-15,74.05999755859375,74.30000305175781,73.51000213623047,73.86000061035156,23279500,58.10024642944336
2023-12-18,74.05999755859375,74.93000030517578,73.70999908447266,74.20999908447266,16333400,58.37554931640625
2023-12-19,74.69999694824219,75.08999633789062,74.37000274658203,74.7300033569336,21763700,58.78460693359375
2023-12-20,74.7300033569336,75.41000366210938,74.48999786376953,74.48999786376953,14147900,58.59580993652344
2023-12-21,75.44999694824219,77.05000305175781,75.31999969482422,76.97000122070312,24202600,60.5466423034668
2023-12-22,77.12999725341797,78.19999694824219,76.29000091552734,76.38999938964844,26277000,60.09040069580078
2023-12-26,77.16000366210938,77.44999694824219,76.66000366210938,76.66000366210938,12149500,60.30280303955078
2023-12-27,76.8499984741211,77.55000305175781,76.8499984741211,77.4000015258789,13821200,60.8848991394043
2023-12-28,77.0,77.45999908447266,76.75,77.19999694824219,16545800,60.727569580078125
2024-01-02,77.5999984741211,78.18000030517578,76.58999633789062,77.05000305175781,18021800,60.60957336425781
2024-01-03,76.70999908447266,76.9000015258789,75.8499984741211,76.6500015258789,25315100,60.2949333190918
2024-01-04,76.43000030517578,76.63999938964844,75.36000061035156,75.62000274658203,18707000,59.48469924926758
2024-01-05,75.02999877929688,75.05000305175781,74.12000274658203,74.6500015258789,21082500,58.72167205810547
2024-01-08,73.94000244140625,74.55999755859375,73.51000213623047,74.2699966430664,23013300,58.422752380371094
2024-01-09,74.0999984741211,74.16000366210938,73.1500015258789,73.33000183105469,15257400,57.68332290649414
2024-01-10,72.79000091552734,72.79000091552734,71.94999694824219,72.2300033569336,21354600,56.81803894042969
2024-01-11,72.44999694824219,72.91000366210938,71.8499984741211,72.61000061035156,20289100,57.1169548034668
2024-01-12,72.19999694824219,72.69999694824219,71.63999938964844,71.69000244140625,16343400,56.39325714111328
2024-01-15,71.22000122070312,71.69999694824219,70.69999694824219,71.55000305175781,12745700,56.28313064575195
2024-01-16,71.5999984741211,71.79000091552734,70.26000213623047,70.62000274658203,22620300,55.551578521728516
2024-01-17,70.2699966430664,70.45999908447266,69.0,69.3499984741211,43086400,54.552555084228516
2024-01-18,70.19999694824219,70.4000015258789,69.0,69.0,30490600,54.2772331237793
2024-01-19,69.5,69.51000213623047,68.05000305175781,68.0999984741211,60583000,53.56926727294922
2024-01-22,67.5,67.9800033569336,67.11000061035156,67.80000305175781,23318900,53.33328628540039
2024-01-23,68.94999694824219,69.7699966430664,68.44999694824219,69.19999694824219,33886800,54.43456268310547
2024-01-24,70.30000305175781,70.83000183105469,69.75,69.9000015258789,36922100,54.98519515991211
2024-01-25,70.0,70.41000366210938,67.36000061035156,68.18000030517578,47637000,53.632198333740234
2024-01-26,67.9000015258789,69.80999755859375,67.5,69.5,27397200,54.67054748535156
2024-01-29,69.48999786376953,69.48999786376953,68.2300033569336,69.16999816894531,15866100,54.41096115112305
2024-01-30,69.4000015258789,69.5999984741211,67.88999938964844,68.77999877929688,34371300,54.10417175292969
2024-01-31,68.0999984741211,68.58000183105469,67.76000213623047,67.76000213623047,34753400,53.30181884765625
2024-02-01,67.87000274658203,68.2699966430664,67.1500015258789,67.44999694824219,21060300,53.05796432495117
2024-02-02,67.26000213623047,67.2699966430664,65.91000366210938,66.08000183105469,32589900,51.980281829833984
2024-02-05,65.9000015258789,66.19999694824219,65.3499984741211,65.51000213623047,24103300,51.53190612792969
2024-02-06,66.06999969482422,66.91000366210938,65.77999877929688,66.66999816894531,27505600,52.44439697265625
2024-02-07,66.81999969482422,67.05999755859375,66.5,66.80000305175781,19863400,52.54665756225586
2024-02-08,67.48999786376953,67.48999786376953,65.97000122070312,66.20999908447266,25812100,52.082542419433594
2024-02-09,66.0999984741211,66.58999633789062,65.37999725341797,65.91999816894531,18534800,51.85442352294922
2024-02-14,65.98999786376953,66.13999938964844,65.51000213623047,65.72000122070312,12497900,51.69710159301758
2024-02-15,65.5,65.87000274658203,65.04000091552734,65.51000213623047,17360200,51.53190612792969
2024-02-16,66.48999786376953,68.31999969482422,66.33999633789062,68.0,40947100,53.49060821533203
2024-02-19,67.04000091552734,67.58999633789062,66.63999938964844,67.48999786376953,12571600,53.089420318603516
2024-02-20,66.1500015258789,66.36000061035156,65.19000244140625,66.01000213623047,44417200,51.925228118896484
2024-02-21,65.62000274658203,66.62999725341797,65.5999984741211,66.51000213623047,20362800,52.31853485107422
2024-02-22,66.83999633789062,67.80000305175781,66.80000305175781,67.22000122070312,35910500,52.87704086303711
2024-02-23,68.25,69.06999969482422,67.23999786376953,67.37999725341797,42133700,53.002899169921875
2024-02-26,66.54000091552734,66.55000305175781,65.44999694824219,65.75,33864400,51.72069549560547
2024-02-27,66.5,67.66999816894531,66.36000061035156,67.4800033569336,28141800,53.081565856933594
2024-02-28,66.80000305175781,67.22000122070312,66.33000183105469,66.73999786376953,20331500,52.49945831298828
2024-02-29,66.55000305175781,67.4800033569336,66.48999786376953,66.98999786376953,20717000,52.696109771728516
2024-03-01,66.88999938964844,67.05999755859375,66.37000274658203,66.87999725341797,22423300,52.60958480834961
2024-03-04,66.94999694824219,67.19999694824219,66.38999938964844,66.7300033569336,13148000,52.49159240722656
2024-03-05,66.0,66.29000091552734,65.5999984741211,65.8499984741211,24436500,51.799354553222656
2024-03-06,66.22000122070312,67.08000183105469,66.16999816894531,66.75,33510700,52.507328033447266
2024-03-07,67.45999908447266,67.66000366210938,66.45999908447266,66.5199966430664,19036200,52.326393127441406
2024-03-08,66.19999694824219,66.9800033569336,65.9000015258789,66.01000213623047,23188200,51.925228118896484
2024-03-11,64.77999877929688,64.77999877929688,63.720001220703125,63.959999084472656,58622400,50.3126335144043
2024-03-12,62.36000061035156,62.56999969482422,60.65999984741211,60.84000015258789,44680100,49.999149322509766
2024-03-13,60.599998474121094,61.38999938964844,60.290000915527344,61.22999954223633,32769200,50.31966018676758
2024-03-14,61.099998474121094,61.13999938964844,60.16999816894531,60.45000076293945,30085800,49.67864990234375
2024-03-15,60.099998474121094,60.2400016784668,59.36000061035156,59.7599983215332,57064200,49.11159133911133
2024-03-18,60.4900016784668,61.0,60.0099983215332,60.900001525878906,21371000,50.0484619140625
2024-03-19,61.72999954223633,62.04999923706055,61.29999923706055,61.400001525878906,16888900,50.459373474121094
2024-03-20,61.40999984741211,61.81999969482422,60.91999816894531,61.810001373291016,18210000,50.79631423950195
2024-03-21,62.43000030517578,62.630001068115234,61.59000015258789,61.65999984741211,18445500,50.673038482666016
2024-03-22,61.5,61.560001373291016,60.93000030517578,60.95000076293945,11058400,50.08955764770508
2024-03-25,61.02000045776367,61.31999969482422,60.650001525878906,60.81999969482422,10478200,49.98271942138672
2024-03-26,60.310001373291016,60.52000045776367,59.59000015258789,60.04999923706055,27142700,49.349918365478516
2024-03-27,59.79999923706055,60.66999816894531,59.689998626708984,60.599998474121094,23927000,49.80192184448242
2024-03-28,60.619998931884766,61.09000015258789,60.06999969482422,60.83000183105469,18467000,49.990936279296875
2024-04-01,61.599998474121094,61.900001525878906,61.0,61.220001220703125,16740100,50.31144332885742
2024-04-02,61.369998931884766,62.470001220703125,61.29999923706055,61.939998626708984,22583000,50.90314865112305
2024-04-03,61.369998931884766,61.63999938964844,60.54999923706055,61.04999923706055,22319900,50.17173385620117
2024-04-04,60.900001525878906,61.290000915527344,60.16999816894531,60.369998931884766,22990500,49.61289596557617
2024-04-05,60.279998779296875,60.47999954223633,59.61000061035156,59.709999084472656,15379000,49.070499420166016
2024-04-08,61.099998474121094,63.130001068115234,60.79999923706055,62.970001220703125,40281300,51.74961471557617
2024-04-09,63.630001068115234,63.869998931884766,62.0099983215332,62.54999923706055,37026100,51.404457092285156
2024-04-10,62.33000183105469,62.45000076293945,61.43000030517578,61.599998474121094,21206800,50.62372970581055
2024-04-11,61.790000915527344,62.11000061035156,61.33000183105469,61.86000061035156,16338700,50.83740234375
2024-04-12,62.79999923706055,63.380001068115234,61.40999984741211,61.630001068115234,25740900,50.64838790893555
2024-04-15,62.29999923706055,62.849998474121094,61.959999084472656,61.9900016784668,28567300,50.94424057006836
2024-04-16,61.130001068115234,61.599998474121094,60.70000076293945,61.439998626708984,29973800,50.49223709106445
2024-04-17,63.040000915527344,63.470001220703125,61.959999084472656,62.11000061035156,34220700,51.0428581237793
2024-04-18,62.689998626708984,62.720001220703125,61.90999984741211,62.34000015258789,19932500,51.231876373291016
2024-04-19,62.2400016784668,63.54999923706055,62.09000015258789,63.36000061035156,32882400,52.070125579833984
2024-04-22,63.029998779296875,63.58000183105469,62.29999923706055,63.33000183105469,27171200,52.045467376708984
2024-04-23,62.65999984741211,63.09000015258789,62.0099983215332,62.779998779296875,23160500,51.59347152709961
2024-04-24,63.560001373291016,64.08999633789062,63.150001525878906,63.560001373291016,25212800,52.23448944091797
2024-04-25,62.68000030517578,63.040000915527344,61.90999984741211,62.220001220703125,27231000,51.133262634277344
2024-04-26,62.220001220703125,62.220001220703125,62.220001220703125,62.220001220703125,0,51.133262634277344
2024-04-29,62.880001068115234,63.95000076293945,62.79999923706055,63.900001525878906,18487200,52.5139045715332
2024-04-30,63.5,63.7400016784668,62.93000030517578,63.290000915527344,15597400,52.01259994506836
2024-05-02,63.70000076293945,64.25,63.220001220703125,63.91999816894531,17852900,52.530338287353516
2024-05-03,64.16999816894531,64.41999816894531,63.349998474121094,63.9900016784668,23681200,52.58786392211914
2024-05-06,64.22000122070312,64.69999694824219,63.95000076293945,64.18000030517578,13423600,52.7440185546875
2024-05-07,64.75,65.18000030517578,64.30000305175781,64.58000183105469,21315200,53.0727424621582
2024-05-08,63.650001525878906,64.2300033569336,63.59000015258789,63.9900016784668,18245800,52.58786392211914
2024-05-09,63.900001525878906,64.93000030517578,63.779998779296875,64.51000213623047,19672800,53.01521301269531
2024-05-10,64.75,64.94999694824219,64.16000366210938,64.29000091552734,13705000,52.83441162109375
2024-05-13,64.69999694824219,65.05000305175781,64.38999938964844,64.66999816894531,14504100,53.146697998046875
2024-05-14,64.47000122070312,64.75,64.0199966430664,64.62999725341797,13313500,53.11382293701172
2024-05-15,64.44999694824219,64.63999938964844,63.459999084472656,64.44000244140625,21292100,52.95768737792969
2024-05-16,64.9800033569336,65.16999816894531,64.41000366210938,64.91000366210938,16647700,53.34394073486328
2024-05-17,65.25,66.3499984741211,65.16999816894531,66.18000030517578,32338800,54.38764190673828
2024-05-20,66.13999938964844,66.5999984741211,65.72000122070312,66.1500015258789,22222300,54.36298751831055
2024-05-21,66.75,67.0999984741211,65.9000015258789,65.95999908447266,23042800,54.20683670043945
2024-05-22,66.0,66.3499984741211,65.08000183105469,65.44000244140625,17404000,53.77949905395508
2024-05-23,65.22000122070312,65.4000015258789,64.58000183105469,65.05000305175781,16445800,53.45899200439453
2024-05-24,65.0,65.66000366210938,64.9000015258789,65.08000183105469,11731900,53.483646392822266
2024-05-27,64.91000366210938,65.30000305175781,64.70999908447266,65.30000305175781,5119400,53.66444778442383
2024-05-28,65.27999877929688,65.29000091552734,63.349998474121094,63.88999938964844,22173900,52.50568389892578
2024-05-29,63.439998626708984,63.72999954223633,62.970001220703125,63.2400016784668,16496900,51.97150802612305
2024-05-31,62.88999938964844,63.45000076293945,62.790000915527344,63.20000076293945,23383600,51.93863296508789
2024-06-03,62.84000015258789,62.849998474121094,61.689998626708984,61.869998931884766,18846500,50.845619201660156
2024-06-04,61.38999938964844,61.400001525878906,60.70000076293945,61.2400016784668,19865100,50.327880859375
2024-06-05,61.099998474121094,61.18000030517578,60.310001373291016,60.369998931884766,18000800,49.61289596557617
2024-06-06,60.77000045776367,61.33000183105469,60.36000061035156,61.209999084472656,17888300,50.30322265625
2024-06-07,60.689998626708984,60.869998931884766,60.27000045776367,60.40999984741211,14822100,49.645774841308594
2024-06-10,60.599998474121094,61.310001373291016,60.400001525878906,61.06999969482422,14762900,50.18817138671875
2024-06-11,60.400001525878906,61.040000915527344,59.709999084472656,60.97999954223633,24588400,50.11420822143555
2024-06-12,61.15999984741211,61.45000076293945,59.90999984741211,60.13999938964844,21969600,49.42388153076172
2024-06-13,60.31999969482422,61.04999923706055,60.220001220703125,60.83000183105469,13692600,49.990936279296875
2024-06-14,60.849998474121094,60.880001068115234,60.2599983215332,60.619998931884766,12282100,49.818355560302734
2024-06-17,60.040000915527344,60.45000076293945,59.84000015258789,60.380001068115234,13976100,49.62112045288086
2024-06-18,60.349998474121094,60.880001068115234,60.220001220703125,60.65999984741211,12239900,49.85123062133789
2024-06-19,60.5099983215332,61.08000183105469,60.369998931884766,60.849998474121094,8744100,50.00736999511719
2024-06-20,61.04999923706055,61.619998931884766,60.81999969482422,61.400001525878906,19497200,50.459373474121094
2024-06-21,61.029998779296875,61.36000061035156,60.7400016784668,60.83000183105469,39134100,49.990936279296875
2024-06-24,60.470001220703125,61.08000183105469,60.400001525878906,60.900001525878906,13669000,50.0484619140625
2024-06-25,60.9900016784668,61.040000915527344,60.279998779296875,60.650001525878906,13962500,49.84300994873047
2024-06-26,61.06999969482422,61.58000183105469,60.90999984741211,61.400001525878906,17096700,50.459373474121094
2024-06-27,61.45000076293945,61.560001373291016,60.86000061035156,61.560001373291016,13755300,50.59086227416992
2024-06-28,61.68000030517578,62.54999923706055,61.63999938964844,62.220001220703125,22429400,51.133262634277344
2024-07-01,62.709999084472656,63.33000183105469,62.599998474121094,63.13999938964844,20236800,51.889320373535156
2024-07-02,63.08000183105469,63.34000015258789,62.459999084472656,62.93000030517578,24335300,51.71674728393555
2024-07-03,63.459999084472656,64.83999633789062,63.45000076293945,64.18000030517578,29884200,52.7440185546875
2024-07-04,64.63999938964844,64.69999694824219,63.83000183105469,63.86000061035156,7984300,52.48103332519531
2024-07-05,63.29999923706055,63.849998474121094,63.189998626708984,63.599998474121094,13138400,52.267356872558594
2024-07-08,63.08000183105469,63.2400016784668,62.66999816894531,63.099998474121094,18662500,51.856449127197266
2024-07-09,62.970001220703125,63.22999954223633,62.709999084472656,63.02000045776367,9794400,51.790706634521484
2024-07-10,62.66999816894531,62.75,61.84000015258789,62.16999816894531,17384000,51.0921630859375
2024-07-11,62.41999816894531,62.689998626708984,61.84000015258789,62.0099983215332,13413600,50.96067428588867
2024-07-12,62.06999969482422,62.91999816894531,61.959999084472656,62.91999816894531,13141700,51.70852279663086
2024-07-15,62.79999923706055,63.18000030517578,62.41999816894531,62.9900016784668,10198000,51.76605224609375
2024-07-16,62.290000915527344,62.34000015258789,61.369998931884766,62.33000183105469,22363900,51.223655700683594
2024-07-17,61.880001068115234,62.02000045776367,61.58000183105469,61.75,23145000,50.747005462646484
2024-07-18,61.70000076293945,61.90999984741211,61.060001373291016,61.16999816894531,20625500,50.27035140991211
2024-07-19,61.20000076293945,61.380001068115234,60.439998626708984,61.119998931884766,20553900,50.22926330566406
2024-07-22,61.119998931884766,61.27000045776367,60.72999954223633,61.04999923706055,13095200,50.17173385620117
2024-07-23,60.599998474121094,60.599998474121094,60.0,60.22999954223633,22512000,49.49784851074219
2024-07-24,60.2599983215332,60.75,60.209999084472656,60.599998474121094,17817300,49.80192184448242
2024-07-25,60.5,61.189998626708984,60.2599983215332,60.56999969482422,17959500,49.777259826660156
2024-07-26,61.45000076293945,61.7400016784668,61.0099983215332,61.470001220703125,72721200,50.51689910888672
2024-07-29,61.689998626708984,61.79999923706055,61.150001525878906,61.58000183105469,28005900,50.6072998046875
2024-07-30,61.029998779296875,61.11000061035156,60.20000076293945,60.220001220703125,28562300,49.48963165283203
2024-07-31,60.90999984741211,61.68000030517578,60.7599983215332,61.630001068115234,34433100,50.64838790893555
2024-08-01,61.849998474121094,61.869998931884766,60.220001220703125,60.25,40469400,49.514286041259766
2024-08-02,60.63999938964844,60.849998474121094,59.36000061035156,59.40999984741211,35296000,48.82395935058594
2024-08-05,56.310001373291016,57.38999938964844,55.900001525878906,57.02000045776367,24635900,48.57164764404297
2024-08-06,56.7400016784668,57.52000045776367,56.29999923706055,57.310001373291016,23930200,48.81867599487305
2024-08-07,57.310001373291016,57.59000015258789,57.02000045776367,57.20000076293945,19243400,48.7249755859375
2024-08-08,57.029998779296875,57.5,56.81999969482422,56.849998474121094,14584800,48.42683410644531
2024-08-09,57.119998931884766,57.15999984741211,56.5,57.060001373291016,21989300,48.60572052001953
2024-08-12,57.099998474121094,57.11000061035156,56.52000045776367,56.77000045776367,18421500,48.35868835449219
2024-08-13,56.9900016784668,56.9900016784668,56.52000045776367,56.52000045776367,26100900,48.145729064941406
2024-08-14,55.959999084472656,56.09000015258789,55.47999954223633,56.0,51693500,47.70277786254883
2024-08-15,55.900001525878906,56.36000061035156,55.689998626708984,56.22999954223633,28153700,47.8986930847168
2024-08-16,55.95000076293945,56.09000015258789,55.529998779296875,56.08000183105469,44280200,47.77091979980469
2024-08-19,56.52000045776367,57.52000045776367,56.36000061035156,56.97999954223633,28349600,48.53757095336914
2024-08-20,57.380001068115234,57.59000015258789,56.810001373291016,57.20000076293945,19475800,48.7249755859375
2024-08-21,58.25,58.560001373291016,58.099998474121094,58.29999923706055,23200300,49.66199493408203
2024-08-22,58.2400016784668,58.380001068115234,57.849998474121094,58.380001068115234,17719100,49.730140686035156
2024-08-23,58.2599983215332,58.380001068115234,57.25,57.400001525878906,24018700,48.89534378051758
2024-08-26,58.5,58.54999923706055,58.04999923706055,58.04999923706055,17168700,49.44903564453125
2024-08-27,59.70000076293945,60.13999938964844,59.09000015258789,59.79999923706055,35232600,50.93975067138672
2024-08-28,59.369998931884766,59.5,58.68000030517578,59.369998931884766,21280300,50.573455810546875
2024-08-29,59.40999984741211,59.970001220703125,59.099998474121094,59.29999923706055,19175500,50.51382827758789
2024-08-30,59.119998931884766,59.72999954223633,59.08000183105469,59.58000183105469,36685200,50.75234603881836
2024-09-02,58.81999969482422,58.880001068115234,58.41999816894531,58.7400016784668,13155000,50.036800384521484
2024-09-03,57.95000076293945,57.95000076293945,56.470001220703125,56.54999923706055,29504400,48.17128372192383
2024-09-04,56.70000076293945,57.439998626708984,56.470001220703125,56.9900016784668,19501800,48.54609298706055
2024-09-05,56.88999938964844,57.63999938964844,56.72999954223633,57.400001525878906,16585500,48.89534378051758
2024-09-06,57.5,57.52000045776367,56.58000183105469,56.68000030517578,17917900,48.28202438354492
2024-09-09,57.11000061035156,57.34000015258789,56.66999816894531,56.68000030517578,10204400,48.28202438354492
2024-09-10,56.84000015258789,56.900001525878906,55.93000030517578,56.0,17580600,47.70277786254883
2024-09-11,56.7400016784668,57.650001525878906,56.709999084472656,57.59000015258789,25592400,49.057193756103516
2024-09-12,58.099998474121094,58.540000915527344,57.959999084472656,58.11000061035156,17929800,49.500144958496094
2024-09-13,58.099998474121094,59.0,58.029998779296875,58.5,15045100,49.832359313964844
2024-09-16,58.43000030517578,58.54999923706055,58.08000183105469,58.5,10548000,49.832359313964844
2024-09-17,58.369998931884766,58.54999923706055,57.900001525878906,58.220001220703125,12056600,49.593849182128906
2024-09-18,57.59000015258789,58.16999816894531,57.45000076293945,57.540000915527344,14429800,49.01460266113281
2024-09-19,58.56999969482422,58.849998474121094,58.16999816894531,58.22999954223633,19328400,49.60236358642578
2024-09-20,57.709999084472656,58.15999984741211,56.95000076293945,57.349998474121094,30842600,48.85274887084961
2024-09-23,57.09000015258789,57.86000061035156,56.599998474121094,57.529998779296875,18164700,49.00608444213867
2024-09-24,60.209999084472656,60.7400016784668,59.63999938964844,60.34000015258789,44910100,51.39973831176758
2024-09-25,60.720001220703125,61.25,60.41999816894531,60.61000061035156,21557700,51.629737854003906
2024-09-26,62.599998474121094,64.37999725341797,62.45000076293945,64.25,61449300,54.73041534423828
2024-09-27,64.69999694824219,65.04000091552734,63.16999816894531,63.959999084472656,37237900,54.48338317871094
2024-09-30,65.31999969482422,65.31999969482422,63.5099983215332,63.5099983215332,28980300,54.10005569458008
2024-10-01,63.5,64.25,63.150001525878906,63.81999969482422,18091500,54.3641242980957
2024-10-02,64.41999816894531,65.3499984741211,63.970001220703125,64.16999816894531,20310600,54.662269592285156
2024-10-03,63.630001068115234,63.79999923706055,62.43000030517578,62.939998626708984,26675400,53.6145133972168
2024-10-04,62.91999816894531,63.0099983215332,62.29999923706055,62.47999954223633,16268300,53.222660064697266
2024-10-07,62.900001525878906,63.7400016784668,62.439998626708984,63.029998779296875,22467400,53.69117736816406
2024-10-08,60.810001373291016,61.119998931884766,60.650001525878906,61.119998931884766,38028100,52.064170837402344
2024-10-09,60.66999816894531,61.060001373291016,60.25,60.959999084472656,22758400,51.927879333496094
2024-10-10,61.45000076293945,61.45000076293945,60.75,61.25,17192100,52.17490768432617
2024-10-11,60.9900016784668,62.27000045776367,60.97999954223633,62.130001068115234,20939400,52.924530029296875
2024-10-14,62.31999969482422,62.52000045776367,61.33000183105469,61.93000030517578,44954000,52.75415802001953
2024-10-15,61.099998474121094,61.20000076293945,60.56999969482422,61.16999816894531,25559300,52.10676193237305
2024-10-16,61.93000030517578,62.380001068115234,61.58000183105469,62.34000015258789,29731800,53.10341262817383
2024-10-17,61.02000045776367,61.31999969482422,60.63999938964844,60.7599983215332,20345200,51.75750732421875
2024-10-18,61.189998626708984,61.470001220703125,60.459999084472656,60.54999923706055,21823500,51.5786247253418
2024-10-21,61.349998474121094,61.380001068115234,60.27000045776367,60.33000183105469,19044900,51.39122009277344
2024-10-22,60.150001525878906,60.65999984741211,59.900001525878906,60.40999984741211,14814000,51.45936965942383
2024-10-23,59.88999938964844,59.900001525878906,59.150001525878906,59.349998474121094,18289900,50.55641555786133
2024-10-24,59.34000015258789,59.70000076293945,59.209999084472656,59.70000076293945,11331700,50.85456466674805
2024-10-25,60.56999969482422,62.470001220703125,60.52000045776367,61.72999954223633,38466000,52.58379364013672
2024-10-28,62.5,62.880001068115234,62.189998626708984,62.880001068115234,16572400,53.56340026855469
2024-10-29,63.25,63.439998626708984,62.650001525878906,62.65999984741211,14941700,53.375999450683594
2024-10-30,62.5,62.689998626708984,62.119998931884766,62.470001220703125,12263300,53.21414566040039
2024-10-31,62.34000015258789,62.59000015258789,61.79999923706055,62.060001373291016,16553300,52.86489486694336
2024-11-01,62.13999938964844,62.439998626708984,61.790000915527344,62.029998779296875,15236400,52.83933639526367
2024-11-04,62.400001525878906,62.869998931884766,62.119998931884766,62.66999816894531,12360000,53.3845100402832
2024-11-05,62.95000076293945,63.11000061035156,61.959999084472656,62.119998931884766,16368800,52.91600799560547
2024-11-06,61.29999923706055,61.630001068115234,60.7400016784668,61.41999816894531,19726800,52.31972122192383
2024-11-07,62.02000045776367,63.9900016784668,62.0,63.560001373291016,38173300,54.14265060424805
2024-11-08,61.9900016784668,62.04999923706055,59.70000076293945,60.630001068115234,48764700,51.64677047729492
2024-11-11,59.75,59.869998931884766,58.650001525878906,58.650001525878906,24483700,49.960140228271484
2024-11-12,58.58000183105469,58.59000015258789,57.20000076293945,57.31999969482422,26967600,48.82719802856445
2024-11-13,57.31999969482422,57.720001220703125,57.11000061035156,57.15999984741211,20354900,48.69090270996094
2024-11-14,57.15999984741211,57.34000015258789,56.84000015258789,56.84000015258789,17967600,48.41831970214844
2024-11-18,57.09000015258789,57.779998779296875,56.970001220703125,57.54999923706055,14300000,49.02312088012695
2024-11-19,57.79999923706055,57.97999954223633,57.459999084472656,57.68000030517578,12902100,49.13385772705078
2024-11-21,57.5,57.79999923706055,57.209999084472656,57.619998931884766,15428500,49.08274459838867
2024-11-22,57.439998626708984,58.27000045776367,57.25,58.18000030517578,12590500,49.55977249145508
2024-11-25,58.18000030517578,58.560001373291016,58.119998931884766,58.16999816894531,17444500,49.55125427246094
2024-11-26,58.290000915527344,58.4900016784668,57.150001525878906,57.43000030517578,21406600,48.9208984375
2024-11-27,57.869998931884766,58.41999816894531,57.599998474121094,58.130001068115234,22121200,49.517181396484375
2024-11-28,57.900001525878906,58.79999923706055,57.27000045776367,57.529998779296875,20467000,49.00608444213867
2024-11-29,58.25,59.209999084472656,58.150001525878906,58.779998779296875,31023600,50.07087707519531
2024-12-02,58.849998474121094,59.380001068115234,58.689998626708984,58.91999816894531,18972100,50.190128326416016
2024-12-03,59.29999923706055,59.36000061035156,58.470001220703125,58.470001220703125,15957500,49.80681228637695
2024-12-04,58.400001525878906,58.47999954223633,56.959999084472656,57.33000183105469,25109200,48.835716247558594
2024-12-05,57.459999084472656,57.79999923706055,56.869998931884766,57.79999923706055,14160000,49.23607635498047
2024-12-06,57.470001220703125,57.65999984741211,56.75,56.810001373291016,17897900,48.39276123046875
2024-12-09,58.5,60.189998626708984,58.369998931884766,59.83000183105469,40440600,50.96530532836914
2024-12-10,59.7400016784668,59.939998626708984,59.290000915527344,59.77000045776367,13089300,50.9141960144043
2024-12-11,59.5,59.59000015258789,58.45000076293945,58.84000015258789,30138500,50.12198257446289
2024-12-12,57.400001525878906,57.68000030517578,56.66999816894531,56.709999084472656,28841800,48.73874282836914
2024-12-13,56.47999954223633,56.709999084472656,55.70000076293945,55.86000061035156,18532800,48.00822448730469
2024-12-16,55.849998474121094,56.540000915527344,55.34000015258789,55.83000183105469,18958500,47.98244094848633
2024-12-17,55.880001068115234,56.400001525878906,55.650001525878906,56.11000061035156,22987600,48.22308349609375
2024-12-18,55.77000045776367,55.869998931884766,54.7599983215332,54.810001373291016,34658200,47.105812072753906
2024-12-19,55.02000045776367,55.16999816894531,53.599998474121094,53.77000045776367,29529900,46.211997985839844
2024-12-20,53.41999816894531,54.619998931884766,53.33000183105469,54.619998931884766,64919500,46.9425163269043
2024-12-23,54.66999816894531,55.22999954223633,54.400001525878906,54.849998474121094,18587900,47.14018630981445
2024-12-26,54.849998474121094,55.400001525878906,54.400001525878906,55.0099983215332,13155800,47.2776985168457
2024-12-27,54.72999954223633,55.08000183105469,54.459999084472656,54.7400016784668,16635300,47.045658111572266
2024-12-30,54.900001525878906,55.189998626708984,54.54999923706055,54.54999923706055,11250900,46.88235855102539
2025-01-02,54.709999084472656,55.099998474121094,54.22999954223633,54.25,17623900,46.62452697753906
2025-01-03,53.900001525878906,54.0,52.880001068115234,53.2400016784668,23608700,45.756492614746094
2025-01-06,53.47999954223633,53.790000915527344,52.47999954223633,52.560001373291016,21689500,45.17207717895508
2025-01-07,52.630001068115234,52.88999938964844,51.939998626708984,52.04999923706055,22070200,44.733760833740234
2025-01-08,52.029998779296875,52.290000915527344,51.43000030517578,51.54999923706055,24423800,44.304039001464844
2025-01-09,52.04999923706055,52.25,51.13999938964844,51.22999954223633,15865200,44.02901840209961
2025-01-10,51.540000915527344,52.310001373291016,51.22999954223633,51.52000045776367,25833900,44.278263092041016
2025-01-13,52.0,52.310001373291016,50.869998931884766,51.5099983215332,30845300,44.2696647644043
2025-01-14,51.95000076293945,52.43000030517578,51.630001068115234,51.849998474121094,21379000,44.56187057495117
2025-01-15,52.13999938964844,52.68000030517578,51.630001068115234,52.599998474121094,35137700,45.20645523071289
2025-01-16,52.290000915527344,53.27000045776367,52.0,52.66999816894531,220262800,45.2666130065918
2025-01-17,53.150001525878906,54.4900016784668,52.97999954223633,54.4900016784668,54658700,46.83079147338867
2025-01-20,54.220001220703125,54.4900016784668,53.7599983215332,54.290000915527344,12317600,46.658905029296875
2025-01-21,54.290000915527344,54.31999969482422,53.25,54.02000045776367,28798700,46.426856994628906
2025-01-22,54.279998779296875,54.290000915527344,52.41999816894531,52.65999984741211,34645400,45.25801467895508
2025-01-23,52.95000076293945,52.9900016784668,51.84000015258789,52.31999969482422,25097300,44.9658088684082
2025-01-24,52.599998474121094,53.189998626708984,52.599998474121094,53.029998779296875,20520600,45.576011657714844
2025-01-27,52.88999938964844,53.97999954223633,52.56999969482422,53.959999084472656,24531300,46.37528610229492
2025-01-28,53.59000015258789,53.779998779296875,52.540000915527344,52.650001525878906,22932900,45.249427795410156
2025-01-29,52.79999923706055,53.5099983215332,52.630001068115234,52.79999923706055,19220300,45.37834167480469
2025-01-30,53.29999923706055,55.599998474121094,53.279998779296875,55.029998779296875,40562400,47.29488754272461
2025-01-31,54.9900016784668,55.209999084472656,54.0,54.16999816894531,25477600,46.55577087402344
2025-02-03,53.72999954223633,54.279998779296875,53.33000183105469,54.209999084472656,27216400,46.590152740478516
2025-02-04,54.130001068115234,54.709999084472656,53.810001373291016,54.02000045776367,32648700,46.426856994628906
2025-02-05,53.90999984741211,54.459999084472656,53.86000061035156,54.310001373291016,21674800,46.67609405517578
2025-02-06,55.400001525878906,55.63999938964844,54.970001220703125,55.130001068115234,32789000,47.38083267211914
2025-02-07,55.29999923706055,55.779998779296875,54.560001373291016,54.83000183105469,24395500,47.12300109863281
2025-02-10,54.869998931884766,55.400001525878906,54.84000015258789,55.400001525878906,15566300,47.612884521484375
2025-02-11,54.90999984741211,55.189998626708984,54.38999938964844,55.15999984741211,18198300,47.4066162109375
2025-02-12,55.0099983215332,55.290000915527344,54.70000076293945,54.790000915527344,35432600,47.088626861572266
2025-02-13,54.849998474121094,55.0,54.130001068115234,54.86000061035156,21749900,47.148780822753906
2025-02-14,55.220001220703125,55.810001373291016,55.0,55.66999816894531,49803200,47.84492874145508
2025-02-17,55.63999938964844,55.91999816894531,55.279998779296875,55.369998931884766,12391400,47.587093353271484
2025-02-18,55.599998474121094,55.970001220703125,55.5099983215332,55.7400016784668,27608200,47.90509033203125
2025-02-19,55.29999923706055,55.72999954223633,54.720001220703125,55.689998626708984,26472500,47.862117767333984
2025-02-20,56.79999923706055,58.15999984741211,56.47999954223633,57.7400016784668,76934000,49.62397003173828
2025-02-21,57.900001525878906,58.15999984741211,57.560001373291016,58.15999984741211,37134700,49.98493194580078
2025-02-24,58.099998474121094,58.56999969482422,57.47999954223633,57.630001068115234,19081700,49.52942657470703
2025-02-25,57.29999923706055,57.439998626708984,56.88999938964844,57.06999969482422,19554800,49.04814147949219
2025-02-26,57.369998931884766,57.689998626708984,56.720001220703125,56.720001220703125,25399100,48.74734115600586
2025-02-27,56.45000076293945,56.9900016784668,56.0099983215332,56.29999923706055,18658000,48.38637161254883
2025-02-28,55.939998626708984,56.13999938964844,55.150001525878906,55.150001525878906,46789400,47.39802169799805
2025-03-05,56.150001525878906,56.220001220703125,55.38999938964844,55.59000015258789,13843400,47.77617263793945
2025-03-06,55.63999938964844,56.52000045776367,55.54999923706055,56.20000076293945,17678400,48.30043411254883
2025-03-07,55.97999954223633,57.349998474121094,55.54999923706055,57.02000045776367,25480600,49.00517272949219
2025-03-10,54.22999954223633,54.54999923706055,53.25,53.9900016784668,23626600,48.212066650390625
2025-03-11,54.08000183105469,54.720001220703125,53.40999984741211,54.439998626708984,23060100,48.61391067504883
2025-03-12,54.5,54.5,53.150001525878906,53.7599983215332,18825700,48.00667953491211
2025-03-13,53.880001068115234,55.15999984741211,53.70000076293945,54.5,20584600,48.66748809814453
2025-03-14,55.20000076293945,56.40999984741211,55.15999984741211,56.290000915527344,31789300,50.265926361083984
2025-03-17,56.290000915527344,57.2400016784668,56.13999938964844,57.099998474121094,23191800,50.98923873901367
2025-03-18,57.20000076293945,57.560001373291016,56.619998931884766,57.52000045776367,18165300,51.36429214477539
2025-03-19,57.349998474121094,57.54999923706055,56.849998474121094,57.41999816894531,23211900,51.274993896484375
2025-03-20,57.040000915527344,57.4900016784668,56.779998779296875,57.2400016784668,17283200,51.1142578125
2025-03-21,56.95000076293945,57.45000076293945,56.83000183105469,57.45000076293945,30524100,51.301780700683594
2025-03-24,57.95000076293945,58.2400016784668,56.959999084472656,57.150001525878906,18646500,51.03388977050781
2025-03-25,57.31999969482422,57.75,57.11000061035156,57.34000015258789,15615800,51.20355224609375
2025-03-26,57.400001525878906,58.040000915527344,57.38999938964844,57.689998626708984,29401600,51.51609802246094
2025-03-27,58.0,58.45000076293945,57.61000061035156,58.150001525878906,15345300,51.9268684387207
2025-03-28,58.099998474121094,58.380001068115234,57.560001373291016,57.560001373291016,31146000,51.40000915527344
2025-03-31,56.720001220703125,57.02000045776367,56.029998779296875,56.70000076293945,20469300,50.63204574584961
2025-04-01,57.099998474121094,57.93000030517578,56.95000076293945,57.189998626708984,12354800,51.06960678100586
2025-04-02,57.209999084472656,57.29999923706055,56.599998474121094,56.93000030517578,13197700,50.837432861328125
2025-04-03,56.0,56.439998626708984,54.7599983215332,54.869998931884766,32351100,48.99789047241211
2025-04-04,53.220001220703125,53.52000045776367,51.599998474121094,52.68000030517578,45819600,47.042259216308594
2025-04-07,51.709999084472656,53.47999954223633,51.16999816894531,52.04999923706055,35942800,46.47968292236328
2025-04-08,52.349998474121094,52.810001373291016,49.02000045776367,49.20000076293945,46815300,43.934688568115234
2025-04-09,49.150001525878906,52.060001373291016,48.77000045776367,51.849998474121094,56491900,46.30108642578125
2025-04-10,52.099998474121094,53.2400016784668,51.459999084472656,52.779998779296875,38010400,47.131561279296875
2025-04-11,52.560001373291016,54.150001525878906,52.560001373291016,53.65999984741211,22129900,47.917381286621094
2025-04-14,54.400001525878906,54.880001068115234,54.189998626708984,54.36000061035156,19994800,48.5424690246582
2025-04-15,54.380001068115234,54.650001525878906,53.529998779296875,53.810001373291016,17471900,48.05133056640625
2025-04-16,53.52000045776367,53.63999938964844,52.41999816894531,52.560001373291016,23105900,46.93510818481445
2025-04-17,52.779998779296875,53.31999969482422,52.560001373291016,52.880001068115234,23172400,47.22085952758789
2025-04-22,53.15999984741211,54.290000915527344,52.7599983215332,53.81999969482422,16780900,48.06026077270508
2025-04-23,54.900001525878906,55.349998474121094,54.400001525878906,54.459999084472656,18377400,48.63176727294922
2025-04-24,54.45000076293945,55.66999816894531,54.310001373291016,55.310001373291016,19621700,49.390804290771484
2025-04-25,54.5,54.619998931884766,53.63999938964844,53.849998474121094,26162200,48.08705139160156
2025-04-28,53.900001525878906,54.18000030517578,53.630001068115234,54.040000915527344,12001900,48.256717681884766
2025-04-29,54.209999084472656,54.34000015258789,53.84000015258789,53.84000015258789,11816200,48.07811737060547
2025-04-30,52.599998474121094,53.25,52.209999084472656,52.86000061035156,18774400,47.202999114990234
2025-05-02,53.2599983215332,53.560001373291016,52.54999923706055,52.79999923706055,17135800,47.149417877197266
2025-05-05,52.900001525878906,53.08000183105469,52.72999954223633,52.959999084472656,12201600,47.29229736328125
2025-05-06,52.9900016784668,53.58000183105469,52.91999816894531,53.0,12065000,47.3280143737793
2025-05-07,53.54999923706055,53.54999923706055,52.65999984741211,52.900001525878906,11240100,47.23871994018555
2025-05-08,52.900001525878906,53.29999923706055,52.66999816894531,52.7400016784668,15414600,47.09584426879883
2025-05-09,53.0,53.08000183105469,52.5099983215332,52.95000076293945,15558800,47.28336715698242
2025-05-12,54.560001373291016,55.20000076293945,54.279998779296875,54.279998779296875,26482400,48.471031188964844
2025-05-13,54.4900016784668,55.43000030517578,54.130001068115234,55.16999816894531,21187200,49.265785217285156
2025-05-14,55.5,55.689998626708984,54.84000015258789,54.900001525878906,16297800,49.024681091308594
2025-05-15,55.0,55.650001525878906,54.84000015258789,55.45000076293945,13955400,49.51581954956055
2025-05-16,55.20000076293945,55.66999816894531,54.810001373291016,55.4900016784668,18163800,49.55154037475586
2025-05-19,55.0,55.470001220703125,54.869998931884766,55.34000015258789,14475200,49.4175910949707
2025-05-20,55.33000183105469,55.529998779296875,55.09000015258789,55.349998474121094,10499200,49.42652130126953
2025-05-21,55.150001525878906,55.29999923706055,54.439998626708984,54.63999938964844,14486300,48.79250717163086
2025-05-22,54.619998931884766,54.63999938964844,53.970001220703125,54.22999954223633,18476000,48.42638397216797
2025-05-23,54.0,54.439998626708984,53.59000015258789,54.31999969482422,14747300,48.506752014160156
2025-05-26,53.939998626708984,54.09000015258789,53.79999923706055,54.0099983215332,7194500,48.22992706298828
2025-05-27,54.0,54.209999084472656,53.619998931884766,53.84000015258789,17943000,48.07811737060547
2025-05-28,53.7400016784668,53.790000915527344,53.189998626708984,53.40999984741211,17700600,47.69413757324219
2025-05-29,53.72999954223633,53.880001068115234,53.33000183105469,53.45000076293945,10246100,47.7298583984375
2025-05-30,53.349998474121094,53.38999938964844,52.04999923706055,52.099998474121094,28286100,46.524330139160156
2025-06-02,52.58000183105469,52.75,52.2599983215332,52.560001373291016,19267700,46.93510818481445
2025-06-03,51.93000030517578,52.63999938964844,51.869998931884766,52.529998779296875,12824900,46.90830993652344
2025-06-04,52.619998931884766,53.33000183105469,52.619998931884766,52.77000045776367,11714700,47.12263107299805
2025-06-05,53.0,53.65999984741211,52.869998931884766,52.90999984741211,12594000,47.24764633178711
2025-06-06,53.150001525878906,53.470001220703125,52.709999084472656,52.97999954223633,16638900,47.31015396118164
2025-06-09,52.88999938964844,53.290000915527344,52.619998931884766,53.290000915527344,13029200,47.586978912353516
2025-06-10,53.29999923706055,53.869998931884766,53.11000061035156,53.650001525878906,18890600,47.9084587097168
2025-06-11,53.810001373291016,53.810001373291016,52.9900016784668,53.18000030517578,13639700,47.48875045776367
2025-06-12,52.900001525878906,53.040000915527344,52.470001220703125,52.83000183105469,11136800,47.176212310791016
2025-06-13,52.06999969482422,52.5099983215332,51.959999084472656,52.130001068115234,13264900,46.55112075805664
2025-06-16,52.310001373291016,54.04999923706055,52.310001373291016,53.83000183105469,41210000,48.06919479370117
2025-06-17,53.630001068115234,53.88999938964844,51.380001068115234,51.40999984741211,43657300,45.90817642211914
2025-06-18,53.630001068115234,53.88999938964844,51.08000183105469,51.2400016784668,20499000,45.75636672973633
2025-06-20,51.2400016784668,51.279998779296875,49.91999816894531,49.91999816894531,39947200,44.577632904052734
2025-06-23,50.02000045776367,50.54999923706055,49.83000183105469,50.54999923706055,17288800,45.14020919799805
2025-06-24,50.7400016784668,50.75,50.13999938964844,50.540000915527344,18576300,45.131282806396484
2025-06-25,50.25,50.599998474121094,49.720001220703125,50.47999954223633,23319900,45.077701568603516
2025-06-26,50.84000015258789,52.29999923706055,50.84000015258789,52.0,40488400,46.435035705566406
2025-06-27,52.189998626708984,53.09000015258789,51.90999984741211,52.869998931884766,26016900,47.21192932128906
2025-06-30,52.790000915527344,53.029998779296875,52.439998626708984,52.650001525878906,19961900,47.01547622680664
2025-07-01,52.599998474121094,53.709999084472656,52.5,53.36000061035156,21844300,47.64949035644531
2025-07-02,53.810001373291016,55.70000076293945,53.79999923706055,55.29999923706055,63100200,49.38187026977539
2025-07-03,55.5,55.880001068115234,54.81999969482422,55.040000915527344,18256300,49.14970016479492
2025-07-04,55.029998779296875,55.20000076293945,54.75,55.20000076293945,5449600,49.29257583618164
2025-07-07,55.04999923706055,55.18000030517578,54.20000076293945,54.38999938964844,13174500,48.56925964355469
2025-07-08,54.52000045776367,55.59000015258789,54.36000061035156,54.58000183105469,26632000,48.73892593383789
2025-07-09,54.70000076293945,54.70000076293945,53.75,54.040000915527344,12209400,48.256717681884766
2025-07-10,55.34000015258789,57.119998931884766,55.20000076293945,55.279998779296875,46597200,49.364013671875
2025-07-11,55.20000076293945,56.220001220703125,55.0099983215332,56.0,18313200,50.0069580078125
2025-07-14,55.86000061035156,55.90999984741211,54.869998931884766,55.36000061035156,15141300,49.43545150756836
2025-07-15,54.93000030517578,55.36000061035156,53.52000045776367,53.90999984741211,25029100,48.140628814697266
2025-07-16,54.099998474121094,54.52000045776367,53.90999984741211,54.400001525878906,26394100,48.578189849853516
2025-07-17,54.400001525878906,54.790000915527344,54.119998931884766,54.29999923706055,20252800,48.4888916015625
2025-07-18,54.04999923706055,54.779998779296875,53.970001220703125,54.560001373291016,23714000,48.721065521240234
2025-07-21,55.45000076293945,56.81999969482422,55.34000015258789,56.04999923706055,40484000,50.051605224609375
2025-07-22,56.95000076293945,57.970001220703125,56.90999984741211,57.5,40945900,51.346431732177734
2025-07-23,57.45000076293945,57.900001525878906,57.0,57.41999816894531,17914800,51.274993896484375
2025-07-24,56.939998626708984,57.290000915527344,56.290000915527344,56.529998779296875,21651200,50.48023986816406
2025-07-25,56.18000030517578,56.279998779296875,55.27000045776367,55.70000076293945,21918900,49.73906707763672
2025-07-28,54.939998626708984,55.31999969482422,54.63999938964844,55.15999984741211,19175100,49.25685501098633
2025-07-29,55.54999923706055,55.70000076293945,54.77000045776367,54.81999969482422,14648700,48.953243255615234
2025-07-30,54.31999969482422,54.689998626708984,53.33000183105469,53.84000015258789,35607800,48.07811737060547
2025-07-31,53.0099983215332,53.619998931884766,52.369998931884766,53.459999084472656,20790000,47.73878479003906
2025-08-01,54.2400016784668,54.900001525878906,53.56999969482422,53.75,40510900,47.99774932861328
2025-08-04,54.38999938964844,54.400001525878906,53.810001373291016,54.18000030517578,16198100,48.38173294067383
2025-08-05,54.16999816894531,54.970001220703125,54.11000061035156,54.11000061035156,21037600,48.3192253112793
2025-08-06,54.5099983215332,54.61000061035156,53.72999954223633,53.77000045776367,17954300,48.01560974121094
2025-08-07,54.099998474121094,54.4900016784668,53.900001525878906,54.15999984741211,20298800,48.36387252807617
2025-08-08,54.20000076293945,55.70000076293945,54.189998626708984,55.38999938964844,24205600,49.46223831176758
2025-08-11,55.47999954223633,55.9900016784668,55.29999923706055,55.33000183105469,22304000,49.40866470336914
2025-08-12,55.95000076293945,56.16999816894531,55.70000076293945,55.90999984741211,25851300,49.92658996582031
2025-08-13,54.29999923706055,54.5,53.939998626708984,54.09000015258789,19720000,49.996273040771484
2025-08-14,53.54999923706055,53.61000061035156,53.08000183105469,53.41999816894531,42823200,49.37697982788086
2025-08-15,53.459999084472656,53.58000183105469,53.0,53.31999969482422,34201900,49.284549713134766
2025-08-18,53.099998474121094,53.709999084472656,53.029998779296875,53.20000076293945,12733400,49.17362976074219
2025-08-19,53.5099983215332,53.68000030517578,53.0,53.2400016784668,17724400,49.21060562133789
2025-08-20,52.900001525878906,53.27000045776367,52.86000061035156,53.0,9687300,48.988765716552734
2025-08-21,53.02000045776367,53.529998779296875,52.95000076293945,53.45000076293945,10813800,49.40471267700195
2025-08-22,53.43000030517578,54.88999938964844,53.310001373291016,54.790000915527344,20706700,50.64329528808594
2025-08-25,55.16999816894531,55.400001525878906,54.7400016784668,54.91999816894531,10397400,50.76345443725586
2025-08-26,54.81999969482422,55.40999984741211,54.68000030517578,55.40999984741211,18891500,51.216373443603516
2025-08-27,55.220001220703125,55.529998779296875,55.119998931884766,55.380001068115234,8789100,51.18864059448242
2025-08-28,56.0,56.189998626708984,55.33000183105469,55.400001525878906,22059500,51.20712661743164
2025-08-29,55.4900016784668,55.83000183105469,55.45000076293945,55.560001373291016,13885400,51.355018615722656
2025-09-01,55.13999938964844,55.599998474121094,54.810001373291016,55.599998474121094,7765400,51.391990661621094
2025-09-02,55.11000061035156,55.560001373291016,55.040000915527344,55.38999938964844,9578500,51.19788360595703
2025-09-03,55.38999938964844,55.81999969482422,55.2400016784668,55.599998474121094,11832100,51.391990661621094
2025-09-04,55.849998474121094,56.15999984741211,55.54999923706055,55.709999084472656,8442100,51.4936637878418
2025-09-05,56.20000076293945,56.66999816894531,56.02000045776367,56.220001220703125,14014700,51.96506881713867
2025-09-08,56.22999954223633,56.619998931884766,56.22999954223633,56.36000061035156,9701900,52.0944709777832
2025-09-09,56.7400016784668,57.52000045776367,56.04999923706055,56.189998626708984,24300300,51.93733596801758
2025-09-10,56.470001220703125,57.04999923706055,56.279998779296875,56.58000183105469,13463700,52.297821044921875
2025-09-11,56.45000076293945,57.27000045776367,56.310001373291016,57.02000045776367,14107200,52.70452117919922
2025-09-12,56.70000076293945,57.43000030517578,56.70000076293945,57.0,12303800,52.68603515625
2025-09-15,57.47999954223633,57.54999923706055,56.97999954223633,57.5,12457500,53.148189544677734
2025-09-16,57.77000045776367,58.060001373291016,57.189998626708984,57.70000076293945,15618500,53.33305358886719
2025-09-17,57.540000915527344,58.02000045776367,57.36000061035156,57.79999923706055,23116700,53.42548751831055
2025-09-18,57.84000015258789,58.08000183105469,57.400001525878906,57.689998626708984,17700400,53.32381057739258
2025-09-19,57.970001220703125,58.189998626708984,57.54999923706055,57.91999816894531,25374600,53.53640365600586
2025-09-22,57.81999969482422,58.439998626708984,57.810001373291016,58.0,21947300,53.6103515625
2025-09-23,58.0,58.38999938964844,57.65999984741211,57.66999816894531,17652400,53.30532455444336
2025-09-24,57.95000076293945,58.13999938964844,57.66999816894531,57.88999938964844,13005700,53.50867462158203
2025-09-25,58.189998626708984,58.54999923706055,58.040000915527344,58.209999084472656,13631100,53.8044548034668
2025-09-26,57.7400016784668,57.939998626708984,56.540000915527344,57.09000015258789,29037000,52.769222259521484
2025-09-29,57.5,57.75,57.130001068115234,57.279998779296875,15580200,52.94483947753906
2025-09-30,57.66999816894531,57.779998779296875,57.09000015258789,57.58000183105469,18280700,53.222137451171875
2025-10-01,57.7599983215332,58.66999816894531,57.7599983215332,58.310001373291016,18278300,53.896888732910156
2025-10-02,58.36000061035156,58.86000061035156,58.08000183105469,58.70000076293945,14824500,54.25736999511719
2025-10-03,58.70000076293945,59.119998931884766,58.5,58.59000015258789,19240200,54.155696868896484
2025-10-06,58.810001373291016,59.970001220703125,58.79999923706055,59.59000015258789,26102900,55.080013275146484
2025-10-07,59.5,59.619998931884766,58.75,58.75,26072300,54.303585052490234
2025-10-08,59.119998931884766,59.38999938964844,58.88999938964844,59.20000076293945,24609500,54.71953201293945
2025-10-09,59.86000061035156,60.380001068115234,59.11000061035156,59.11000061035156,18184600,54.63634490966797
2025-10-10,59.56999969482422,59.79999923706055,58.869998931884766,58.869998931884766,22970400,54.41450500488281
2025-10-13,59.66999816894531,60.060001373291016,59.54999923706055,59.75,23294500,55.227901458740234
2025-10-14,59.29999923706055,60.130001068115234,59.220001220703125,59.75,19329000,55.227901458740234
2025-10-15,59.4900016784668,60.97999954223633,59.459999084472656,60.86000061035156,45104600,56.2538948059082
2025-10-16,60.61000061035156,60.93000030517578,60.06999969482422,60.29999923706055,21358500,55.73627853393555
2025-10-17,59.900001525878906,60.29999923706055,59.79999923706055,60.130001068115234,17325300,55.57914352416992
2025-10-20,60.13999938964844,61.349998474121094,60.13999938964844,60.900001525878906,17798400,56.290870666503906
2025-10-21,60.650001525878906,61.04999923706055,60.56999969482422,60.79999923706055,13432700,56.19843292236328
2025-10-22,61.209999084472656,62.2400016784668,61.18000030517578,61.880001068115234,25267300,57.19669723510742
2025-10-23,62.220001220703125,62.540000915527344,61.66999816894531,61.7599983215332,11217700,57.085777282714844
2025-10-24,61.9900016784668,62.130001068115234,61.33000183105469,61.72999954223633,11127600,57.058048248291016
2025-10-27,62.060001373291016,62.15999984741211,61.400001525878906,61.65999984741211,12018100,56.99334716796875
2025-10-28,61.65999984741211,62.540000915527344,61.58000183105469,62.20000076293945,15797400,57.49247741699219
2025-10-29,62.81999969482422,63.689998626708984,62.709999084472656,63.33000183105469,30844900,58.536956787109375
2025-10-30,63.11000061035156,64.0,62.93000030517578,63.810001373291016,25586000,58.980628967285156
2025-10-31,64.27999877929688,65.55000305175781,63.869998931884766,65.26000213623047,38988400,60.32088851928711
2025-11-03,65.0999984741211,65.38999938964844,64.6500015258789,65.3499984741211,16985400,60.404075622558594
2025-11-04,64.8499984741211,65.01000213623047,64.02999877929688,64.62000274658203,22055700,59.72932815551758
2025-11-05,64.62000274658203,66.16999816894531,64.5,65.7300033569336,22505400,60.75532150268555
2025-11-06,65.76000213623047,66.05000305175781,65.26000213623047,65.5,15939100,60.542720794677734
2025-11-07,64.8499984741211,64.86000061035156,64.0199966430664,64.77999877929688,20800300,59.87721252441406
2025-11-10,65.05999755859375,65.54000091552734,64.91000366210938,65.20999908447266,12689400,60.2746696472168
2025-11-11,65.20999908447266,65.66000366210938,64.76000213623047,65.04000091552734,25496500,60.11753845214844
2025-11-12,65.26000213623047,65.94999694824219,65.26000213623047,65.76000213623047,26550300,60.78304672241211
2025-11-13,65.76000213623047,66.44999694824219,65.30999755859375,65.66999816894531,19058500,60.69985580444336
2025-11-14,64.8499984741211,65.54000091552734,64.61000061035156,65.2699966430664,16374400,60.33012771606445
2025-11-17,65.5999984741211,65.7699966430664,64.91000366210938,65.22000122070312,20150800,60.28391647338867
2025-11-18,64.44999694824219,65.29000091552734,64.30000305175781,65.0199966430664,22468700,60.09904861450195
2025-11-19,65.0199966430664,65.26000213623047,64.69999694824219,64.94999694824219,16523800,60.03434753417969
2025-11-21,64.55000305175781,65.2699966430664,64.12999725341797,65.16000366210938,20272600,60.228458404541016
2025-11-24,65.01000213623047,65.5199966430664,64.77999877929688,65.08999633789062,20462800,60.16374969482422
2025-11-25,65.16000366210938,65.91000366210938,65.16000366210938,65.5999984741211,18275300,60.635154724121094
2025-11-26,65.98999786376953,66.88999938964844,65.91999816894531,66.58000183105469,33408500,61.540985107421875
2025-11-27,66.5,66.6500015258789,66.13999938964844,66.33000183105469,9739100,61.309906005859375
2025-11-28,67.69999694824219,67.80999755859375,67.04000091552734,67.4000015258789,46007200,62.29892349243164
2025-12-01,67.80000305175781,68.12999725341797,67.5,67.91999816894531,15657000,62.77956771850586
2025-12-02,68.0999984741211,68.72000122070312,67.76000213623047,68.4800033569336,22567200,63.29719161987305
2025-12-03,68.86000061035156,71.0999984741211,68.81999969482422,70.69000244140625,42361200,65.33992767333984
2025-12-04,70.69999694824219,72.38999938964844,70.69000244140625,71.91999816894531,38019900,66.47683715820312
2025-12-05,71.95999908447266,72.33000183105469,69.91999816894531,70.22000122070312,40196800,64.90550231933594
2025-12-08,70.41999816894531,70.86000061035156,69.48999786376953,69.73999786376953,20860900,64.46182250976562
2025-12-09,69.0999984741211,70.43000030517578,68.9000015258789,69.77999877929688,23081300,64.49879455566406
2025-12-10,70.25,71.3499984741211,70.25,71.05999755859375,24454800,65.68191528320312
2025-12-11,70.73999786376953,72.37000274658203,70.47000122070312,72.0,25687700,66.55078125
2025-12-12,67.75,68.9800033569336,67.72000122070312,68.61000061035156,36483700,66.73731231689453
2025-12-15,68.6500015258789,69.38999938964844,68.5,69.02999877929688,16841700,67.1458511352539
2025-12-16,69.33000183105469,70.02999877929688,69.26000213623047,69.29000091552734,21953000,67.39875793457031
2025-12-17,69.63999938964844,70.7699966430664,69.44000244140625,70.16999816894531,29375000,68.25473022460938
2025-12-18,70.5999984741211,71.12000274658203,70.30999755859375,70.3499984741211,18430200,68.42981719970703
2025-12-19,70.5,70.93000030517578,70.37999725341797,70.8499984741211,37147100,68.91617584228516
2025-12-22,71.02999877929688,73.37000274658203,70.80999755859375,72.91999816894531,27853000,70.92967224121094
2025-12-23,73.2300033569336,73.52999877929688,72.58000183105469,72.9000015258789,17140900,70.91022491455078
2025-12-26,72.86000061035156,73.3499984741211,72.62000274658203,73.12000274658203,16368800,71.12422180175781
2025-12-29,73.19000244140625,73.73999786376953,71.69999694824219,72.12000274658203,19963700,70.1515121459961
2025-12-30,72.5,72.83999633789062,71.91000366210938,71.95999908447266,17085400,69.99588012695312
2026-01-02,72.33000183105469,72.55000305175781,71.6500015258789,72.37999725341797,28418900,70.40441131591797
2026-01-05,72.4000015258789,73.5,72.30000305175781,73.12000274658203,24958100,71.12422180175781
2026-01-06,73.44999694824219,75.98999786376953,72.87999725341797,75.87000274658203,39536600,73.79915618896484
2026-01-07,76.0999984741211,77.33999633789062,75.62000274658203,76.31999969482422,41501600,74.23686981201172
2026-01-08,75.80000305175781,75.80000305175781,74.19000244140625,75.58000183105469,31894900,73.51707458496094
2026-01-09,74.9000015258789,75.70999908447266,74.19999694824219,74.72000122070312,24801200,72.68054962158203
2026-01-12,75.0,75.47000122070312,74.51000213623047,74.73999786376953,13129800,72.69999694824219
2026-01-13,74.47000122070312,76.05000305175781,74.27999877929688,75.3499984741211,24539200,73.29335021972656
2026-01-14,75.83999633789062,79.08999633789062,75.63999938964844,78.91999816894531,44225300,76.76590728759766
2026-01-15,78.9000015258789,79.63999938964844,78.51000213623047,78.8499984741211,35503900,76.69781494140625
2026-01-16,78.38999938964844,78.87999725341797,77.56999969482422,78.87999725341797,45910100,76.72699737548828
2026-01-19,78.5199966430664,78.6500015258789,77.87000274658203,78.56999969482422,10678500,76.42546081542969
2026-01-20,77.83000183105469,80.20999908447266,77.41000366210938,80.08000183105469,31198500,77.89424896240234
2026-01-21,80.98999786376953,82.80000305175781,80.5,82.5,83134600,80.2481918334961
2026-01-22,82.5,84.4000015258789,82.08000183105469,82.9800033569336,62515300,80.71509552001953
2026-01-23,83.75,85.73999786376953,83.69000244140625,85.0199966430664,25432600,82.69940948486328
2026-01-26,85.55999755859375,86.13999938964844,82.18000030517578,83.06999969482422,35741300,80.8026351928711
2026-01-27,83.58999633789062,86.12999725341797,83.3499984741211,84.9000015258789,30922500,82.58268737792969
2026-01-28,85.29000091552734,87.48999786376953,85.0,86.97000122070312,28473800,84.59618377685547
2026-01-29,88.0,89.5,86.80999755859375,87.41000366210938,42013200,85.02417755126953
2026-01-30,85.66999816894531,87.9000015258789,84.0,84.31999969482422,41681400,82.01851654052734
2026-02-02,84.41999816894531,85.8499984741211,84.04000091552734,84.81999969482422,22289400,82.50486755371094
2026-02-03,86.41999816894531,89.0,86.41999816894531,88.98999786376953,37709700,86.56105041503906
2026-02-04,88.51000213623047,89.58999633789062,87.55000305175781,89.43000030517578,51744400,86.98904418945312
2026-02-05,87.98999786376953,88.93000030517578,86.23999786376953,86.44999694824219,57049000,84.09037780761719
2026-02-06,86.41000366210938,87.55999755859375,85.19999694824219,85.62999725341797,28889600,83.29275512695312
2026-02-09,86.6500015258789,87.68000030517578,84.62999725341797,87.30999755859375,26531100,84.9269027709961
2026-02-10,86.72000122070312,87.73999786376953,86.25,87.05000305175781,14177200,84.67400360107422
2026-02-11,88.6500015258789,90.31999969482422,88.4800033569336,90.08999633789062,28395300,87.63101959228516
2026-02-12,89.8499984741211,91.62000274658203,89.08000183105469,89.2300033569336,51472200,86.79450225830078
2026-02-13,87.56999969482422,88.13999938964844,86.0199966430664,87.02999877929688,28644800,84.65454864501953
2026-02-18,85.0999984741211,85.1500015258789,83.55999755859375,83.91999816894531,20898700,81.62943267822266
2026-02-19,83.02999877929688,84.3499984741211,82.33000183105469,83.45999908447266,28410900,81.18199157714844
2026-02-20,83.80000305175781,86.80999755859375,83.41999816894531,86.80999755859375,40577200,84.4405517578125
2026-02-23,86.80999755859375,88.31999969482422,86.41999816894531,87.38999938964844,21193900,85.00472259521484
2026-02-24,87.4000015258789,88.70999908447266,87.4000015258789,87.7300033569336,19760700,85.33544158935547
2026-02-25,89.02999877929688,90.33000183105469,88.51000213623047,89.97000122070312,28707500,87.5143051147461
2026-02-26,88.94000244140625,89.37999725341797,87.04000091552734,89.20999908447266,24503100,86.7750473022461
2026-02-27,89.13999938964844,89.5,88.26000213623047,88.47000122070312,17328300,86.05524444580078
2026-03-02,87.91999816894531,89.16000366210938,87.29000091552734,88.16000366210938,13952600,85.75370788574219
2026-03-03,85.25,85.30999755859375,82.55000305175781,84.4800033569336,36088800,82.17415618896484
2026-03-04,85.38999938964844,85.62999725341797,83.58000183105469,84.08999633789062,17605800,81.79479217529297
2026-03-05,84.12999725341797,84.30000305175781,80.55000305175781,81.29000091552734,37872100,79.07122039794922
2026-03-06,80.9000015258789,81.19999694824219,78.4000015258789,78.86000061035156,29504600,76.7075424194336
2026-03-09,77.72000122070312,80.0999984741211,76.55000305175781,79.26000213623047,30576600,77.09662628173828
2026-03-10,80.16000366210938,80.98999786376953,79.66999816894531,80.55999755859375,17172800,78.36114501953125
2026-03-11,79.79000091552734,80.94000244140625,78.80000305175781,79.8499984741211,20865000,77.67052459716797
2026-03-12,79.7699966430664,79.7699966430664,77.66000366210938,79.23999786376953,29136500,77.0771713256836
2026-03-13,79.30000305175781,80.48999786376953,78.0199966430664,78.30000305175781,14416400,76.16283416748047
2026-03-16,79.38999938964844,80.19999694824219,78.80999755859375,78.83999633789062,13591400,76.6880874633789
2026-03-17,79.0999984741211,79.70999908447266,78.62999725341797,78.95999908447266,14222300,76.80481719970703
2026-03-18,78.6500015258789,78.66999816894531,77.05000305175781,77.12999725341797,19412200,75.02476501464844
2026-03-19,74.16999816894531,76.70999908447266,74.05999755859375,76.62999725341797,27262900,74.53840637207031
2026-03-20,76.20999908447266,76.69999694824219,74.70999908447266,75.55000305175781,44208900,73.4878921508789
2026-03-23,76.55999755859375,78.41999816894531,75.97000122070312,77.48999786376953,23384500,75.37493896484375
2026-03-24,76.9800033569336,78.41000366210938,76.55999755859375,78.0999984741211,15700300,75.9682846069336
2026-03-25,79.19999694824219,80.25,79.0,79.55000305175781,18658300,77.37871551513672
2026-03-26,78.12999725341797,79.58999633789062,78.01000213623047,78.91000366210938,13518900,76.75618743896484
2026-03-27,78.47000122070312,79.91999816894531,78.16999816894531,79.0,11101700,76.8437271118164
2026-03-30,80.25,81.05999755859375,79.29000091552734,79.5,18776700,77.330078125
2026-03-31,80.73999786376953,82.73999786376953,80.58999633789062,82.4800033569336,24956400,80.22874450683594
2026-04-01,83.30999755859375,84.04000091552734,82.58000183105469,83.0,28514000,80.73454284667969
2026-04-02,81.51000213623047,83.7699966430664,81.36000061035156,83.55000305175781,14019800,81.26953887939453
2026-04-06,84.04000091552734,84.22000122070312,82.80000305175781,83.08999633789062,8680700,80.82208251953125
2026-04-07,83.05000305175781,83.69999694824219,82.5999984741211,83.69000244140625,15312500,81.40571594238281
2026-04-08,86.5,86.72000122070312,84.7300033569336,85.58999633789062,24942400,83.25384521484375
2026-04-09,85.36000061035156,85.54000091552734,84.26000213623047,84.69000244140625,17973100,82.37841796875
2026-04-10,85.0,86.38999938964844,84.58000183105469,85.58999633789062,24002400,83.25384521484375
2026-04-13,85.11000061035156,87.36000061035156,84.91999816894531,87.36000061035156,24661900,84.97554016113281
2026-04-14,87.5,88.54000091552734,87.18000030517578,88.30000305175781,18528400,85.88988494873047
2026-04-15,88.1500015258789,89.08000183105469,87.88999938964844,88.44000244140625,24527300,86.02606201171875
2026-04-16,88.88999938964844,89.38999938964844,87.0999984741211,87.44000244140625,13618900,85.05335998535156
2026-04-17,88.19999694824219,89.75,87.80000305175781,89.75,30119000,87.30030822753906
2026-04-20,88.80000305175781,89.44000244140625,88.02999877929688,88.7300033569336,16067700,86.30815124511719
2026-04-22,87.94999694824219,88.7300033569336,87.22000122070312,87.22000122070312,13222100,84.83936309814453
2026-04-23,86.63999938964844,87.16999816894531,85.70999908447266,85.97000122070312,12637500,83.62348175048828
2026-04-24,85.97000122070312,86.98999786376953,85.75,85.87000274658203,11436400,83.52621459960938
2026-04-27,86.1500015258789,86.30000305175781,84.88999938964844,85.5,8656600,83.16630554199219
2026-04-28,84.69999694824219,85.30000305175781,84.05000305175781,84.38999938964844,13687500,82.08660888671875
2026-04-29,82.80000305175781,82.91000366210938,79.25,79.44000244140625,43296200,77.27171325683594
2026-04-30,81.02999877929688,81.69999694824219,80.20999908447266,81.18000030517578,17593900,78.96421813964844
2026-05-04,81.18000030517578,81.36000061035156,78.6500015258789,78.66000366210938,18555600,76.51300811767578
2026-05-05,79.41999816894531,79.41999816894531,77.97000122070312,78.38999938964844,16295600,76.25037384033203
2026-05-06,80.3499984741211,81.63999938964844,80.0999984741211,81.2300033569336,17424200,79.01286315917969
2026-05-07,81.29000091552734,81.66999816894531,79.5999984741211,80.06999969482422,18912100,77.884521484375
2026-05-08,80.56999969482422,81.79000091552734,80.36000061035156,80.80000305175781,16782600,78.59459686279297
2026-05-11,81.38999938964844,83.93000030517578,81.19000244140625,83.44999694824219,24868900,81.17225646972656
2026-05-12,83.1500015258789,83.98999786376953,81.73999786376953,83.25,16503000,80.97772216796875
2026-05-13,83.48999786376953,85.05000305175781,83.01000213623047,84.30000305175781,31641800,81.99906158447266
2026-05-14,85.0,85.41000366210938,82.62999725341797,82.87000274658203,31954300,80.60809326171875
2026-05-15,80.6500015258789,83.5,80.23999786376953,83.5,36318900,81.22090148925781
2026-05-18,83.0,83.5999984741211,81.05999755859375,81.83000183105469,22668800,79.59648132324219
2026-05-19,80.80000305175781,81.27999877929688,80.16999816894531,81.0199966430664,20334400,78.80858612060547
2026-05-20,81.44999694824219,82.20999908447266,80.8499984741211,82.0,15669300,79.7618408203125
2026-05-21,81.36000061035156,82.87999725341797,81.22000122070312,82.62999725341797,15156600,80.37464141845703
2026-05-22,82.33000183105469,83.13999938964844,81.8499984741211,83.0999984741211,11443900,80.83181762695312
2026-05-25,82.83999633789062,83.58999633789062,82.44999694824219,83.58999633789062,7059500,81.30844116210938
2026-05-26,83.2300033569336,84.12000274658203,82.30000305175781,83.06999969482422,10409000,80.8026351928711
2026-05-27,83.68000030517578,83.94000244140625,82.51000213623047,83.44999694824219,10613200,81.17225646972656
2026-05-28,83.1500015258789,84.05000305175781,82.23999786376953,83.95999908447266,12798900,81.66834259033203
2026-05-29,84.01000213623047,84.27999877929688,82.37999725341797,82.81999969482422,20839400,80.55945587158203
2026-06-01,82.12999725341797,82.25,80.58000183105469,81.69999694824219,16605900,79.47002410888672
2026-06-02,82.22000122070312,85.08000183105469,82.04000091552734,85.0,18457400,82.6799545288086
2026-06-03,83.61000061035156,83.79000091552734,81.79000091552734,81.79000091552734,19308800,79.55757141113281
2026-06-05,80.79000091552734,80.79000091552734,78.33000183105469,78.69999694824219,23008500,76.55191040039062
2026-06-08,78.91999816894531,79.27999877929688,77.31999969482422,78.06999969482422,15671500,75.9391098022461
2026-06-09,78.79000091552734,78.79000091552734,76.83000183105469,78.5,17523500,76.35736846923828
2026-06-10,77.91999816894531,78.1500015258789,77.19999694824219,77.69999694824219,12469100,75.5792007446289
2026-06-11,78.12000274658203,79.05000305175781,77.0999984741211,78.80000305175781,17725500,76.64918518066406
2026-06-12,78.66000366210938,79.80000305175781,78.12999725341797,79.16999816894531,12112600,77.00907897949219
2026-06-15,80.77999877929688,82.73999786376953,80.6500015258789,81.16000366210938,22329400,78.94477081298828
2026-06-16,80.73999786376953,82.19000244140625,80.5999984741211,81.44000244140625,19713900,79.21712493896484
2026-06-17,80.3499984741211,81.33999633789062,79.26000213623047,79.77999877929688,20268200,77.60243225097656
2026-06-18,79.5,80.37999725341797,78.87999725341797,79.94000244140625,19651900,77.75807189941406
2026-06-19,79.68000030517578,81.06999969482422,79.5,80.75,26305900,78.54595947265625
2026-06-22,80.55000305175781,81.58000183105469,80.11000061035156,80.91000366210938,18089300,78.70159149169922
2026-06-23,79.47000122070312,79.9800033569336,78.81999969482422,79.37999725341797,18415100,77.21334838867188
2026-06-24,78.55999755859375,78.86000061035156,77.16000366210938,77.7300033569336,22558900,75.60839080810547
2026-06-25,78.19999694824219,79.22000122070312,77.41999816894531,78.66000366210938,13882800,76.51300811767578
2026-06-26,78.18000030517578,78.87999725341797,77.91000366210938,78.1500015258789,25251100,76.01692199707031
2026-06-29,78.3499984741211,78.55999755859375,77.1500015258789,78.12999725341797,11791900,75.99746704101562
2026-06-30,78.0999984741211,78.29000091552734,77.25,77.87999725341797,11289500,75.75428771972656
2026-07-01,77.08999633789062,78.91999816894531,77.04000091552734,77.97000122070312,15414700,75.84183502197266
2026-07-02,78.5999984741211,79.31999969482422,77.72000122070312,78.23999786376953,17199300,76.1044692993164
2026-07-03,78.43000030517578,79.04000091552734,78.01000213623047,78.83999633789062,7793500,76.6880874633789
2026-07-06,78.29000091552734,78.77999877929688,77.5,77.79000091552734,12389100,75.666748046875
2026-07-07,77.5999984741211,77.5999984741211,75.79000091552734,76.19999694824219,16866100,74.12014770507812
2026-07-08,75.22000122070312,75.22000122070312,72.3499984741211,72.69999694824219,29276700,70.7156753540039
2026-07-09,73.41000366210938,73.48999786376953,71.93000030517578,73.1500015258789,18980500,71.15339660644531
2026-07-10,74.0,74.66000366210938,73.12000274658203,74.18000030517578,22142400,72.15528106689453
2026-07-13,74.18000030517578,74.18000030517578,72.44999694824219,72.8499984741211,16237900,70.86158752441406
2026-07-14,73.41999816894531,74.69000244140625,73.18000030517578,74.01000213623047,14780100,71.98992919921875
2026-07-15,73.98999786376953,75.0,73.80000305175781,74.51000213623047,15456000,72.47628021240234
2026-07-16,73.8499984741211,74.08000183105469,72.54000091552734,72.9800033569336,12989700,70.988037109375
2026-07-17,72.9800033569336,73.12000274658203,72.0999984741211,72.94000244140625,13491600,70.94913482666016
2026-07-20,73.0,73.25,71.70999908447266,71.93000030517578,13137000,69.9666976928711
2026-07-21,72.33999633789062,72.97000122070312,71.56999969482422,72.37000274658203,12581400,70.39469146728516
2026-07-22,73.61000061035156,75.25,73.33999633789062,75.0999984741211,17992800,73.0501708984375
2026-07-23,74.54000091552734,77.06999969482422,74.51000213623047,75.68000030517578,15826900,73.61434173583984
2026-07-24,75.16000366210938,75.52999877929688,74.83999633789062,75.23999786376953,8637800,73.18634796142578
2026-07-27,74.36000061035156,75.72000122070312,74.23999786376953,75.69000244140625,10921700,73.62406921386719
2026-07-28,76.0999984741211,76.25,75.0,75.69000244140625,12270800,73.62406921386719
2026-07-29,76.01000213623047,76.19999694824219,74.61000061035156,75.05000305175781,12265200,73.00154113769531
2026-07-30,75.9800033569336,76.55999755859375,74.61000061035156,76.08999633789062,16732800,74.01314544677734
2026-07-31,75.69999694824219,76.93000030517578,75.23999786376953,76.27999877929688,17353300,74.19796752929688
2026-08-03,76.37999725341797,76.4800033569336,73.94999694824219,74.63999938964844,23582200,72.60272979736328
2026-08-04,76.11000061035156,76.91000366210938,75.80000305175781,76.30999755859375,19784000,74.22714233398438
2026-08-05,76.30999755859375,76.94999694824219,75.30000305175781,76.66000366210938,15107500,74.56759643554688
2026-08-06,76.48999786376953,76.55000305175781,75.37999725341797,75.38999938964844,21991700,73.33226013183594
2026-08-07,75.91000366210938,76.12999725341797,74.5199966430664,74.97000122070312,13038800,72.92372131347656
2026-08-11,76.30999755859375,76.69999694824219,73.70999908447266,74.4000015258789,36211800,72.36927795410156
2026-08-12,73.11000061035156,73.54000091552734,72.66000366210938,73.18000030517578,24930300,73.18000030517578
2026-08-13,72.19999694824219,73.19999694824219,71.5,71.9000015258789,19535200,71.9000015258789
2026-08-14,71.55000305175781,71.9800033569336,71.08999633789062,71.30000305175781,22933800,71.30000305175781
2026-08-17,71.19999694824219,71.80000305175781,70.69000244140625,71.41000366210938,10007400,71.41000366210938
2026-08-18,70.98999786376953,72.70999908447266,70.8499984741211,71.55000305175781,12466800,71.55000305175781
2026-08-19,72.5999984741211,73.8499984741211,71.76000213623047,72.12999725341797,18624200,72.12999725341797
2026-08-20,71.48999786376953,74.0999984741211,71.25,74.0199966430664,24999800,74.0199966430664
2026-08-21,74.80000305175781,75.80999755859375,74.51000213623047,75.02999877929688,28372500,75.02999877929688
2026-08-24,74.70999908447266,78.36000061035156,74.70999908447266,77.12999725341797,28776400,77.12999725341797
2026-08-25,77.0999984741211,78.76000213623047,76.88999938964844,78.69999694824219,18033600,78.69999694824219
2026-08-26,79.0,79.58000183105469,78.20999908447266,78.44999694824219,13673700,78.44999694824219
2026-08-27,78.06999969482422,79.30000305175781,77.87999725341797,79.11000061035156,11544100,79.11000061035156
2026-08-28,79.19000244140625,79.4800033569336,77.76000213623047,78.58000183105469,13040900,78.58000183105469
2026-08-31,79.20999908447266,79.69999694824219,77.8499984741211,77.8499984741211,28004000,77.8499984741211
