Date,Open,High,Low,Close,Volume,Adj_Close
2016-06-28,67.12999725341797,67.68000030517578,66.72000122070312,67.25,42900,56.301536560058594
2016-06-29,68.25,68.7300033569336,68.12000274658203,68.7300033569336,27100,57.540592193603516
2016-06-30,68.83000183105469,69.5,68.7300033569336,69.33000183105469,60300,58.042911529541016
2016-07-01,69.61000061035156,70.0,69.4000015258789,69.5199966430664,42700,58.20197296142578
2016-07-05,69.23999786376953,69.33000183105469,68.58000183105469,68.69999694824219,39400,57.51547622680664
2016-07-06,68.47000122070312,68.9800033569336,68.13999938964844,68.86000061035156,135700,57.649410247802734
2016-07-07,69.19999694824219,69.31999969482422,68.61000061035156,68.69999694824219,25400,57.51547622680664
2016-07-08,69.4000015258789,69.80999755859375,69.4000015258789,69.76000213623047,8200,58.402896881103516
2016-07-11,70.2699966430664,70.61000061035156,70.19000244140625,70.25,9500,58.813133239746094
2016-07-12,71.05999755859375,71.2699966430664,70.83999633789062,71.06999969482422,9200,59.4996337890625
2016-07-13,71.41999816894531,71.41999816894531,70.83999633789062,71.16000366210938,8400,59.574981689453125
2016-07-14,71.5999984741211,71.69999694824219,71.4000015258789,71.45999908447266,6100,59.82613754272461
2016-07-15,71.44000244140625,71.55999755859375,71.0999984741211,71.25,7900,59.65034484863281
2016-07-18,71.20999908447266,71.5199966430664,71.16000366210938,71.41000366210938,7400,59.78428268432617
2016-07-19,71.22000122070312,71.31999969482422,70.93000030517578,71.30999755859375,47200,59.700565338134766
2016-07-20,71.62999725341797,71.72000122070312,71.2699966430664,71.5199966430664,19200,59.876380920410156
2016-07-21,71.62999725341797,71.76000213623047,71.31999969482422,71.45999908447266,7700,59.82613754272461
2016-07-22,71.55000305175781,71.62999725341797,71.47000122070312,71.62999725341797,3100,59.96845245361328
2016-07-25,71.62999725341797,71.62999725341797,71.12999725341797,71.55999755859375,6800,59.909847259521484
2016-07-26,71.66000366210938,71.77999877929688,71.44999694824219,71.69000244140625,18100,60.01869583129883
2016-07-27,71.97000122070312,71.97000122070312,70.95999908447266,71.47000122070312,38900,59.834510803222656
2016-07-28,71.5,71.83000183105469,71.31999969482422,71.80000305175781,7600,60.110782623291016
2016-07-29,71.8499984741211,72.26000213623047,71.70999908447266,72.20999908447266,9800,60.45403289794922
2016-08-01,72.05999755859375,72.11000061035156,71.62999725341797,71.88999938964844,7100,60.1861457824707
2016-08-02,72.02999877929688,72.02999877929688,71.0999984741211,71.58000183105469,31600,59.926605224609375
2016-08-03,71.25,71.44999694824219,71.19000244140625,71.4000015258789,26000,59.77590560913086
2016-08-04,71.52999877929688,71.72000122070312,71.52999877929688,71.58000183105469,8300,59.926605224609375
2016-08-05,71.81999969482422,72.25,71.81999969482422,72.08999633789062,24500,60.353580474853516
2016-08-08,72.38999938964844,72.38999938964844,72.05000305175781,72.25,5100,60.48752212524414
2016-08-09,72.37000274658203,72.68000030517578,72.36000061035156,72.56999969482422,27400,60.75543212890625
2016-08-10,72.88999938964844,72.88999938964844,72.38999938964844,72.38999938964844,54400,60.60471725463867
2016-08-11,72.75,73.05999755859375,72.7300033569336,72.97000122070312,27600,61.0903205871582
2016-08-12,72.79000091552734,73.02999877929688,72.69000244140625,72.93000030517578,54300,61.05681610107422
2016-08-15,73.20999908447266,73.26000213623047,72.98999786376953,73.12999725341797,13000,61.22425079345703
2016-08-16,73.06999969482422,73.06999969482422,72.77999877929688,72.91999816894531,12200,61.04845428466797
2016-08-17,72.72000122070312,73.12999725341797,72.45999908447266,72.98999786376953,15600,61.10704803466797
2016-08-18,72.98999786376953,73.19000244140625,72.7699966430664,73.19000244140625,44900,61.27449417114258
2016-08-19,72.77999877929688,72.93000030517578,72.7699966430664,72.93000030517578,4600,61.05681610107422
2016-08-22,72.61000061035156,72.9000015258789,72.61000061035156,72.80000305175781,12400,60.94799041748047
2016-08-23,73.19000244140625,73.4000015258789,73.13999938964844,73.16999816894531,12400,61.25773620605469
2016-08-24,73.11000061035156,73.12999725341797,72.7300033569336,72.8499984741211,19500,60.98984146118164
2016-08-25,72.62999725341797,72.87000274658203,72.47000122070312,72.51000213623047,22600,60.7052001953125
2016-08-26,72.62999725341797,72.62999725341797,72.02999877929688,72.36000061035156,11500,60.579627990722656
2016-08-29,72.43000030517578,72.73999786376953,72.41000366210938,72.73999786376953,3800,60.89775848388672
2016-08-30,72.7300033569336,72.73999786376953,72.44999694824219,72.58000183105469,10400,60.76380157470703
2016-08-31,72.48999786376953,72.55999755859375,72.11000061035156,72.44999694824219,13400,60.65498352050781
2016-09-01,72.43000030517578,72.66000366210938,72.19999694824219,72.63999938964844,10900,60.814029693603516
2016-09-02,73.04000091552734,73.19000244140625,73.04000091552734,73.06999969482422,3500,61.174034118652344
2016-09-06,73.16999816894531,73.58000183105469,73.16999816894531,73.58000183105469,12600,61.600990295410156
2016-09-07,73.48999786376953,73.66000366210938,73.4000015258789,73.5199966430664,606600,61.550758361816406
2016-09-08,74.5999984741211,74.5999984741211,73.26000213623047,73.37999725341797,33800,61.43356704711914
2016-09-09,72.58000183105469,72.7300033569336,71.56999969482422,71.5999984741211,15000,59.94333267211914
2016-09-12,71.70999908447266,72.62000274658203,71.70999908447266,72.44999694824219,6000,60.65498352050781
2016-09-13,71.80000305175781,71.93000030517578,70.83000183105469,71.0999984741211,814700,59.524757385253906
2016-09-14,71.37999725341797,71.51000213623047,71.08000183105469,71.08000183105469,1300,59.50800323486328
2016-09-15,71.1500015258789,71.77999877929688,71.1500015258789,71.5199966430664,13400,59.876380920410156
2016-09-16,70.9800033569336,71.37999725341797,70.9800033569336,71.30000305175781,46700,59.69219207763672
2016-09-19,71.76000213623047,71.7699966430664,71.23999786376953,71.4000015258789,11800,59.77590560913086
2016-09-20,71.63999938964844,71.76000213623047,71.19999694824219,71.19999694824219,159500,59.60847091674805
2016-09-21,72.05999755859375,72.5,71.69999694824219,72.5,5700,60.696834564208984
2016-09-22,73.18000030517578,73.23999786376953,72.94000244140625,72.94999694824219,9700,61.07356262207031
2016-09-23,72.5999984741211,72.79000091552734,72.45999908447266,72.4800033569336,43200,60.68007278442383
2016-09-26,71.94000244140625,72.06999969482422,71.80000305175781,71.80999755859375,14400,60.119144439697266
2016-09-27,71.86000061035156,72.2699966430664,71.80999755859375,72.22000122070312,6800,60.462406158447266
2016-09-28,72.41000366210938,72.69000244140625,72.12999725341797,72.69000244140625,9900,60.85588455200195
2016-09-29,72.68000030517578,72.70999908447266,71.94999694824219,72.05000305175781,13200,60.32008743286133
2016-09-30,72.08000183105469,72.7300033569336,72.08000183105469,72.66000366210938,19000,60.8307991027832
2016-10-03,72.36000061035156,72.4000015258789,72.19000244140625,72.31999969482422,9300,60.5461311340332
2016-10-04,72.58000183105469,72.58000183105469,72.0,72.26000213623047,27600,60.49589920043945
2016-10-05,72.55000305175781,72.6500015258789,72.37000274658203,72.55999755859375,13400,60.74706268310547
2016-10-06,72.22000122070312,72.3499984741211,72.19000244140625,72.2300033569336,6300,60.470794677734375
2016-10-07,72.26000213623047,72.26000213623047,71.70999908447266,71.98999786376953,28900,60.26985549926758
2016-10-10,72.33000183105469,72.55000305175781,72.30000305175781,72.41999816894531,15000,60.62984085083008
2016-10-11,71.9000015258789,71.9000015258789,71.18000030517578,71.44999694824219,22200,59.8177604675293
2016-10-12,71.23999786376953,71.4800033569336,71.1500015258789,71.4000015258789,20700,59.77590560913086
2016-10-13,70.5,71.23999786376953,70.47000122070312,71.19999694824219,13200,59.60847091674805
2016-10-14,71.5199966430664,71.5999984741211,71.12999725341797,71.12999725341797,5600,59.54986572265625
2016-10-17,71.16999816894531,71.26000213623047,70.94999694824219,71.01000213623047,13100,59.449398040771484
2016-10-18,71.75,71.75,71.38999938964844,71.62999725341797,42100,59.96845245361328
2016-10-19,71.80999755859375,71.88999938964844,71.7300033569336,71.80999755859375,21800,60.119144439697266
2016-10-20,71.7699966430664,71.87000274658203,71.48999786376953,71.77999877929688,26600,60.09403610229492
2016-10-21,71.29000091552734,71.6500015258789,71.29000091552734,71.6500015258789,77600,59.985198974609375
2016-10-24,71.91000366210938,71.94000244140625,71.72000122070312,71.83000183105469,7300,60.13590621948242
2016-10-25,71.77999877929688,71.77999877929688,71.55000305175781,71.7699966430664,96800,60.085670471191406
2016-10-26,71.44999694824219,71.75,71.26000213623047,71.48999786376953,48800,59.85126495361328
2016-10-27,71.80999755859375,71.80999755859375,71.26000213623047,71.3499984741211,9500,59.73405075073242
2016-10-28,71.3499984741211,71.5199966430664,71.08000183105469,71.33000183105469,38100,59.71730422973633
2016-10-31,71.33999633789062,71.37000274658203,71.04000091552734,71.12000274658203,32100,59.541500091552734
2016-11-01,71.19999694824219,71.19999694824219,70.33000183105469,70.81999969482422,23900,59.29032516479492
2016-11-02,70.51000213623047,70.80000305175781,70.0999984741211,70.31999969482422,27000,58.87174987792969
2016-11-03,70.2300033569336,70.45999908447266,69.94000244140625,69.9800033569336,19800,58.587093353271484
2016-11-04,69.75,70.0999984741211,69.66999816894531,69.75,21800,58.39453887939453
2016-11-07,70.88999938964844,71.2300033569336,70.66000366210938,71.2300033569336,55400,59.63359069824219
2016-11-08,71.19999694824219,71.5,70.77999877929688,71.33000183105469,28800,59.71730422973633
2016-11-09,70.7699966430664,71.91000366210938,70.7699966430664,71.69000244140625,96300,60.01869583129883
2016-11-10,71.9800033569336,72.0,71.08999633789062,71.69999694824219,46900,60.02706527709961
2016-11-11,71.55000305175781,71.55000305175781,71.05000305175781,71.43000030517578,7900,59.801021575927734
2016-11-14,71.30999755859375,71.33999633789062,71.06999969482422,71.33999633789062,10300,59.725650787353516
2016-11-15,71.2699966430664,71.79000091552734,71.2699966430664,71.66000366210938,10100,59.99357604980469
2016-11-16,71.41999816894531,71.55000305175781,71.19000244140625,71.37999725341797,18400,59.759159088134766
2016-11-17,71.62000274658203,71.87999725341797,71.58999633789062,71.87999725341797,34100,60.177764892578125
2016-11-18,71.61000061035156,71.66999816894531,71.3499984741211,71.54000091552734,18000,59.89311599731445
2016-11-21,71.94999694824219,72.0999984741211,71.7300033569336,72.0999984741211,11000,60.36194610595703
2016-11-22,72.69000244140625,72.69000244140625,71.93000030517578,72.11000061035156,15900,60.37031555175781
2016-11-23,71.86000061035156,72.19000244140625,71.8499984741211,72.08000183105469,21800,60.345211029052734
2016-11-25,72.44000244140625,72.44000244140625,72.2300033569336,72.31999969482422,10000,60.5461311340332
2016-11-28,72.33999633789062,72.37999725341797,72.0999984741211,72.1500015258789,27900,60.40380859375
2016-11-29,72.25,72.54000091552734,72.11000061035156,72.48999786376953,16900,60.688453674316406
2016-11-30,72.55000305175781,72.58000183105469,72.30000305175781,72.30999755859375,21600,60.537757873535156
2016-12-01,72.16999816894531,72.37000274658203,71.93000030517578,72.08000183105469,33200,60.345211029052734
2016-12-02,72.31999969482422,72.31999969482422,71.97000122070312,72.19999694824219,55300,60.44565963745117
2016-12-05,72.54000091552734,72.69000244140625,72.4000015258789,72.47000122070312,99900,60.67170333862305
2016-12-06,72.55999755859375,72.87999725341797,72.44000244140625,72.83999633789062,9600,60.98147201538086
2016-12-07,73.12000274658203,73.87999725341797,73.12000274658203,73.87999725341797,52000,61.852149963378906
2016-12-08,73.9800033569336,74.2300033569336,73.72000122070312,74.02999877929688,14700,61.977725982666016
2016-12-09,74.12000274658203,74.27999877929688,73.80000305175781,74.19999694824219,6700,62.12005615234375
2016-12-12,74.31999969482422,74.41000366210938,74.04000091552734,74.16000366210938,64100,62.08657455444336
2016-12-13,74.76000213623047,74.88999938964844,74.62999725341797,74.79000091552734,14400,62.614009857177734
2016-12-14,74.61000061035156,75.41999816894531,73.87000274658203,74.02999877929688,32900,61.977725982666016
2016-12-15,73.9800033569336,74.27999877929688,73.9000015258789,74.20999908447266,25300,62.12842559814453
2016-12-16,74.23999786376953,74.29000091552734,73.87999725341797,73.93000030517578,69300,61.89400100708008
2016-12-19,74.31999969482422,74.31999969482422,74.06999969482422,74.1500015258789,10200,62.07820129394531
2016-12-20,74.41000366210938,74.44999694824219,74.2300033569336,74.44999694824219,16700,62.32936096191406
2016-12-21,73.55000305175781,73.68000030517578,73.5,73.54000091552734,18800,62.18391799926758
2016-12-22,73.29000091552734,73.43000030517578,73.25,73.30999755859375,19800,61.98942565917969
2016-12-23,73.4000015258789,73.62999725341797,73.31999969482422,73.58999633789062,28500,62.22618865966797
2016-12-27,73.58000183105469,73.70999908447266,73.5,73.54000091552734,104800,62.18391799926758
2016-12-28,73.51000213623047,73.51000213623047,73.05999755859375,73.16000366210938,825600,61.86260986328125
2016-12-29,73.33000183105469,73.33999633789062,73.05999755859375,73.31999969482422,15100,61.99787902832031
2016-12-30,73.62999725341797,73.62999725341797,72.91999816894531,73.08000183105469,23400,61.79493713378906
2017-01-03,73.7699966430664,73.7699966430664,73.37999725341797,73.76000213623047,63200,62.36994171142578
2017-01-04,74.08000183105469,74.4000015258789,74.0199966430664,74.38999938964844,22700,62.90266418457031
2017-01-05,74.43000030517578,74.63999938964844,74.36000061035156,74.63999938964844,15500,63.11406707763672
2017-01-06,74.55999755859375,74.86000061035156,74.37000274658203,74.79000091552734,123200,63.24089813232422
2017-01-09,74.41000366210938,74.58999633789062,74.37000274658203,74.41999816894531,7700,62.92802047729492
2017-01-10,74.79000091552734,74.79000091552734,74.47000122070312,74.52999877929688,19700,63.021060943603516
2017-01-11,74.5,74.58000183105469,74.3499984741211,74.58000183105469,17100,63.06332015991211
2017-01-12,74.5999984741211,74.7699966430664,74.23999786376953,74.7300033569336,60900,63.19016647338867
2017-01-13,74.69999694824219,74.97000122070312,74.69999694824219,74.94000244140625,26500,63.36774826049805
2017-01-17,75.0,75.0,74.47000122070312,74.7300033569336,23600,63.19016647338867
2017-01-18,74.54000091552734,74.73999786376953,74.41000366210938,74.54000091552734,16200,63.029510498046875
2017-01-19,74.44999694824219,74.5,74.1500015258789,74.47000122070312,29900,62.970306396484375
2017-01-20,74.66999816894531,74.77999877929688,74.4800033569336,74.63999938964844,12900,63.11406707763672
2017-01-23,74.58999633789062,74.69000244140625,74.3499984741211,74.66000366210938,24600,63.1309814453125
2017-01-24,74.61000061035156,75.16999816894531,74.61000061035156,75.0999984741211,49100,63.503021240234375
2017-01-25,75.54000091552734,75.7699966430664,75.36000061035156,75.66999816894531,35900,63.98500061035156
2017-01-26,75.81999969482422,75.81999969482422,75.51000213623047,75.62000274658203,9600,63.94274139404297
2017-01-27,75.77999877929688,75.77999877929688,75.41000366210938,75.55999755859375,17400,63.891971588134766
2017-01-30,75.26000213623047,75.26000213623047,74.66999816894531,75.06999969482422,27700,63.4776496887207
2017-01-31,74.94000244140625,75.11000061035156,74.77999877929688,75.11000061035156,11000,63.51148223876953
2017-02-01,75.44999694824219,75.45999908447266,74.94999694824219,75.23999786376953,14300,63.62141799926758
2017-02-02,75.01000213623047,75.27999877929688,75.01000213623047,75.26000213623047,14600,63.6383171081543
2017-02-03,75.48999786376953,75.76000213623047,75.48999786376953,75.58999633789062,7700,63.917354583740234
2017-02-06,75.51000213623047,75.51000213623047,75.20999908447266,75.41999816894531,15000,63.77360916137695
2017-02-07,75.4800033569336,75.4800033569336,75.31999969482422,75.38999938964844,3300,63.74823760986328
2017-02-08,75.3499984741211,75.5199966430664,75.3499984741211,75.5199966430664,10000,63.85818099975586
2017-02-09,75.69999694824219,75.91000366210938,75.6500015258789,75.80000305175781,38900,64.09491729736328
2017-02-10,75.91999816894531,76.12000274658203,75.91999816894531,75.98999786376953,24500,64.25559997558594
2017-02-13,76.19999694824219,76.5199966430664,76.19999694824219,76.36000061035156,45100,64.56844329833984
2017-02-14,76.5,76.62999725341797,76.05999755859375,76.62999725341797,30400,64.79676055908203
2017-02-15,76.33999633789062,76.91000366210938,76.33999633789062,76.77999877929688,50000,64.92359161376953
2017-02-16,76.79000091552734,76.97000122070312,76.66000366210938,76.97000122070312,9700,65.08425903320312
2017-02-17,76.76000213623047,76.98999786376953,76.66000366210938,76.88999938964844,59800,65.01660919189453
2017-02-21,76.91999816894531,77.33999633789062,76.91999816894531,77.19999694824219,7200,65.27871704101562
2017-02-22,77.41000366210938,77.41000366210938,77.08000183105469,77.2699966430664,31400,65.33792114257812
2017-02-23,77.5199966430664,77.5199966430664,77.1500015258789,77.19999694824219,5900,65.27871704101562
2017-02-24,76.87999725341797,77.20999908447266,76.83999633789062,77.19999694824219,13300,65.27871704101562
2017-02-27,77.0,77.27999877929688,77.0,77.25,8700,65.32100677490234
2017-02-28,77.19999694824219,77.23999786376953,76.87999725341797,77.08000183105469,16100,65.1772689819336
2017-03-01,77.48999786376953,78.08000183105469,77.48999786376953,77.9000015258789,118600,65.87064361572266
2017-03-02,77.87000274658203,77.87000274658203,77.4000015258789,77.4000015258789,11400,65.44784545898438
2017-03-03,77.51000213623047,77.66000366210938,77.37000274658203,77.66000366210938,5300,65.6677017211914
2017-03-06,77.43000030517578,77.43000030517578,77.0999984741211,77.41000366210938,9000,65.4563217163086
2017-03-07,77.26000213623047,77.33999633789062,77.01000213623047,77.16000366210938,10000,65.24492645263672
2017-03-08,77.2300033569336,77.27999877929688,76.81999969482422,76.91999816894531,8200,65.0419692993164
2017-03-09,77.05999755859375,77.38999938964844,76.91999816894531,77.01000213623047,5300,65.11809539794922
2017-03-10,77.58000183105469,77.58000183105469,77.08999633789062,77.44999694824219,6700,65.4901351928711
2017-03-13,77.5999984741211,77.7699966430664,77.43000030517578,77.7699966430664,62700,65.7607192993164
2017-03-14,77.3499984741211,77.3499984741211,77.0999984741211,77.1500015258789,13400,65.23646545410156
2017-03-15,77.36000061035156,78.0,77.36000061035156,78.0,19000,65.95520782470703
2017-03-16,78.3499984741211,78.4000015258789,78.12000274658203,78.30000305175781,289800,66.2088851928711
2017-03-17,78.41999816894531,78.43000030517578,78.12000274658203,78.12000274658203,10400,66.05667114257812
2017-03-20,78.08999633789062,78.2300033569336,77.79000091552734,78.02999877929688,169000,65.9805679321289
2017-03-21,78.23999786376953,78.47000122070312,77.19000244140625,77.19000244140625,140200,65.27029418945312
2017-03-22,77.23999786376953,77.62000274658203,77.1500015258789,77.62000274658203,14100,65.63388061523438
2017-03-23,77.31999969482422,77.7300033569336,77.31999969482422,77.38999938964844,9900,65.43939971923828
2017-03-24,77.68000030517578,77.72000122070312,77.41000366210938,77.5,8400,65.53241729736328
2017-03-27,76.97000122070312,77.62999725341797,76.94999694824219,77.44000244140625,14400,65.4816665649414
2017-03-28,77.37000274658203,78.0999984741211,77.37000274658203,78.05999755859375,21100,66.00594329833984
2017-03-29,77.87000274658203,79.43000030517578,77.83999633789062,77.98999786376953,16700,65.94673919677734
2017-03-30,78.05999755859375,78.30999755859375,77.91999816894531,78.1500015258789,10200,66.08204650878906
2017-03-31,78.01000213623047,78.12000274658203,77.87000274658203,77.87000274658203,41200,65.84528350830078
2017-04-03,77.94999694824219,78.02999877929688,77.38999938964844,77.83999633789062,19500,65.81990051269531
2017-04-04,77.62000274658203,77.91000366210938,77.52999877929688,77.72000122070312,212300,65.71845245361328
2017-04-05,78.05000305175781,78.2300033569336,77.58999633789062,77.58999633789062,33100,65.60851287841797
2017-04-06,77.6500015258789,77.7300033569336,77.5199966430664,77.62999725341797,15500,65.64234161376953
2017-04-07,77.62000274658203,77.8499984741211,77.5999984741211,77.66000366210938,12900,65.6677017211914
2017-04-10,77.69000244140625,77.9000015258789,77.61000061035156,77.68000030517578,5400,65.68463897705078
2017-04-11,77.62999725341797,77.81999969482422,77.33000183105469,77.81999969482422,18100,65.8030014038086
2017-04-12,77.69999694824219,77.7699966430664,77.44999694824219,77.58999633789062,17500,65.60851287841797
2017-04-13,77.36000061035156,77.5,76.94999694824219,76.9800033569336,38500,65.09272003173828
2017-04-17,77.1500015258789,77.5999984741211,77.1500015258789,77.55000305175781,9200,65.57470703125
2017-04-18,77.31999969482422,77.4000015258789,77.08000183105469,77.26000213623047,9600,65.3294906616211
2017-04-19,77.52999877929688,77.56999969482422,77.11000061035156,77.19000244140625,17600,65.27029418945312
2017-04-20,77.54000091552734,77.86000061035156,77.5,77.66000366210938,101200,65.6677017211914
2017-04-21,77.63999938964844,77.70999908447266,77.55999755859375,77.58000183105469,4300,65.60005950927734
2017-04-24,78.66999816894531,78.94000244140625,78.66999816894531,78.87999725341797,45000,66.6993179321289
2017-04-25,79.18000030517578,79.4800033569336,79.18000030517578,79.37000274658203,61200,67.11363220214844
2017-04-26,79.29000091552734,79.55000305175781,79.23999786376953,79.25,16800,67.01217651367188
2017-04-27,79.33000183105469,79.33000183105469,79.11000061035156,79.19000244140625,35000,66.96146392822266
2017-04-28,79.31999969482422,79.37000274658203,79.08000183105469,79.18000030517578,14300,66.95299530029297
2017-05-01,79.41999816894531,79.54000091552734,79.2300033569336,79.41999816894531,32300,67.15591430664062
2017-05-02,79.36000061035156,79.47000122070312,79.29000091552734,79.45999908447266,13300,67.18974304199219
2017-05-03,79.3499984741211,79.38999938964844,79.13999938964844,79.38999938964844,7900,67.13058471679688
2017-05-04,79.52999877929688,79.6500015258789,79.31999969482422,79.6500015258789,19900,67.35041046142578
2017-05-05,79.79000091552734,80.11000061035156,79.66999816894531,80.08000183105469,26700,67.71400451660156
2017-05-08,80.0199966430664,80.0199966430664,79.87999725341797,79.94000244140625,212400,67.59563446044922
2017-05-09,80.0199966430664,80.02999877929688,79.75,79.9000015258789,6200,67.56182861328125
2017-05-10,79.80000305175781,80.01000213623047,79.77999877929688,79.94000244140625,13400,67.59563446044922
2017-05-11,79.69000244140625,79.86000061035156,79.4000015258789,79.7699966430664,88200,67.45187377929688
2017-05-12,79.79000091552734,79.91000366210938,79.72000122070312,79.83000183105469,9100,67.50260162353516
2017-05-15,80.27999877929688,80.3499984741211,80.2300033569336,80.3499984741211,17300,67.94231414794922
2017-05-16,80.61000061035156,80.80000305175781,80.3499984741211,80.55000305175781,11300,68.11143493652344
2017-05-17,79.9800033569336,80.0199966430664,79.26000213623047,79.2699966430664,84400,67.02909851074219
2017-05-18,79.18000030517578,79.69000244140625,79.0199966430664,79.41000366210938,32300,67.14746856689453
2017-05-19,79.98999786376953,80.29000091552734,79.9800033569336,80.08999633789062,23400,67.72245025634766
2017-05-22,80.29000091552734,80.63999938964844,80.29000091552734,80.63999938964844,126900,68.18755340576172
2017-05-23,80.6500015258789,80.77999877929688,80.44000244140625,80.48999786376953,87400,68.0606918334961
2017-05-24,80.61000061035156,80.8499984741211,80.47000122070312,80.8499984741211,24900,68.36510467529297
2017-05-25,80.87999725341797,81.0199966430664,80.83000183105469,80.87999725341797,10200,68.39046478271484
2017-05-26,80.73999786376953,80.87999725341797,80.7300033569336,80.87999725341797,28400,68.39046478271484
2017-05-30,80.77999877929688,81.0,80.69000244140625,81.0,44300,68.49193572998047
2017-05-31,81.05999755859375,81.05999755859375,80.66000366210938,80.83000183105469,23200,68.34819793701172
2017-06-01,80.8499984741211,81.45999908447266,80.8499984741211,81.45999908447266,37700,68.88089752197266
2017-06-02,81.52999877929688,81.88999938964844,81.4800033569336,81.86000061035156,26700,69.21912384033203
2017-06-05,81.75,81.75,81.52999877929688,81.5999984741211,20100,68.99927520751953
2017-06-06,81.3499984741211,81.54000091552734,81.3499984741211,81.43000030517578,9600,68.85555267333984
2017-06-07,81.63999938964844,81.6500015258789,81.16000366210938,81.47000122070312,30600,68.8893814086914
2017-06-08,81.45999908447266,81.52999877929688,81.2699966430664,81.51000213623047,18400,68.92318725585938
2017-06-09,81.45999908447266,81.62999725341797,81.0,81.37000274658203,24200,68.80481719970703
2017-06-12,81.2300033569336,81.2300033569336,80.91000366210938,81.22000122070312,39100,68.677978515625
2017-06-13,81.48999786376953,81.72000122070312,81.43000030517578,81.66999816894531,23300,69.0584716796875
2017-06-14,81.93000030517578,81.93000030517578,81.43000030517578,81.45999908447266,19700,68.88089752197266
2017-06-15,80.80999755859375,81.19999694824219,80.72000122070312,81.0199966430664,12000,68.50884246826172
2017-06-16,81.26000213623047,81.4800033569336,81.05999755859375,81.4800033569336,50700,68.89784240722656
2017-06-19,81.62999725341797,82.0,81.62999725341797,81.98999786376953,12700,69.3290786743164
2017-06-20,81.0,81.0,80.33000183105469,80.44999694824219,728800,68.72509765625
2017-06-21,80.37000274658203,80.5199966430664,80.26000213623047,80.30999755859375,19200,68.60551452636719
2017-06-22,80.37000274658203,80.55000305175781,80.29000091552734,80.30999755859375,12700,68.60551452636719
2017-06-23,80.37000274658203,80.61000061035156,80.33000183105469,80.56999969482422,127300,68.8276138305664
2017-06-26,80.83999633789062,81.04000091552734,80.58999633789062,80.6500015258789,28700,68.8959732055664
2017-06-27,80.61000061035156,80.73999786376953,80.30000305175781,80.30999755859375,12300,68.60551452636719
2017-06-28,80.69999694824219,80.9800033569336,80.69999694824219,80.9000015258789,7900,69.1095199584961
2017-06-29,80.91999816894531,81.19999694824219,79.87000274658203,80.30000305175781,43200,68.59698486328125
2017-06-30,80.5999984741211,80.5999984741211,80.26000213623047,80.33000183105469,26800,68.62260437011719
2017-07-03,80.44000244140625,80.68000030517578,80.37000274658203,80.37000274658203,18800,68.6567611694336
2017-07-05,80.38999938964844,80.54000091552734,80.16999816894531,80.43000030517578,5300,68.7080307006836
2017-07-06,80.19999694824219,80.19999694824219,79.80999755859375,79.91000366210938,7800,68.26382446289062
2017-07-07,79.94000244140625,80.26000213623047,79.91000366210938,80.26000213623047,3100,68.56280517578125
2017-07-10,80.2300033569336,80.44000244140625,80.20999908447266,80.4000015258789,4400,68.68238067626953
2017-07-11,80.30000305175781,80.44999694824219,80.0999984741211,80.44000244140625,10400,68.71656036376953
2017-07-12,80.86000061035156,81.12999725341797,80.86000061035156,80.95999908447266,6600,69.1607666015625
2017-07-13,81.13999938964844,81.2699966430664,81.0,81.25,8000,69.40851593017578
2017-07-14,81.43000030517578,81.66999816894531,81.29000091552734,81.66999816894531,13500,69.76729583740234
2017-07-17,81.62999725341797,81.66999816894531,81.48999786376953,81.5,5600,69.62207794189453
2017-07-18,81.54000091552734,81.66999816894531,81.44000244140625,81.66999816894531,4400,69.76729583740234
2017-07-19,81.8499984741211,82.05999755859375,81.8499984741211,82.05999755859375,8700,70.10044860839844
2017-07-20,82.26000213623047,82.2699966430664,82.02999877929688,82.2699966430664,8200,70.27984619140625
2017-07-21,81.94000244140625,81.94999694824219,81.7300033569336,81.93000030517578,13700,69.98941040039062
2017-07-24,81.80000305175781,82.04000091552734,81.75,81.88999938964844,5800,69.95524597167969
2017-07-25,82.30000305175781,82.30999755859375,82.16999816894531,82.19999694824219,14000,70.2200698852539
2017-07-26,82.37999725341797,82.43000030517578,82.18000030517578,82.4000015258789,50200,70.39092254638672
2017-07-27,82.52999877929688,82.52999877929688,81.91000366210938,82.12999725341797,3900,70.16024780273438
2017-07-28,82.12000274658203,82.2300033569336,81.91000366210938,82.2300033569336,6500,70.24567413330078
2017-07-31,82.36000061035156,82.4800033569336,82.0999984741211,82.27999877929688,12400,70.28840637207031
2017-08-01,82.68000030517578,82.76000213623047,82.44999694824219,82.76000213623047,67600,70.6984634399414
2017-08-02,82.58000183105469,82.69000244140625,82.19000244140625,82.55999755859375,18600,70.52760314941406
2017-08-03,82.5199966430664,82.69000244140625,82.41000366210938,82.5199966430664,25400,70.49341583251953
2017-08-04,82.66000366210938,82.66000366210938,82.45999908447266,82.62000274658203,33400,70.578857421875
2017-08-07,82.54000091552734,82.72000122070312,82.54000091552734,82.72000122070312,7300,70.6642837524414
2017-08-08,82.58999633789062,82.83999633789062,82.30000305175781,82.41000366210938,61000,70.39947509765625
2017-08-09,82.0199966430664,82.36000061035156,82.01000213623047,82.36000061035156,10500,70.35675811767578
2017-08-10,81.91000366210938,82.01000213623047,81.12000274658203,81.19000244140625,22500,69.35724639892578
2017-08-11,81.18000030517578,81.30999755859375,81.04000091552734,81.06999969482422,22700,69.25473022460938
2017-08-14,81.83999633789062,81.97000122070312,81.75,81.87999725341797,3500,69.94670867919922
2017-08-15,81.94000244140625,81.94000244140625,81.69000244140625,81.75,6900,69.83563232421875
2017-08-16,82.0999984741211,82.12999725341797,81.94999694824219,82.02999877929688,3800,70.07483673095703
2017-08-17,81.80999755859375,81.80999755859375,80.94999694824219,80.94999694824219,12500,69.15222930908203
2017-08-18,80.9800033569336,81.16000366210938,80.9000015258789,80.9800033569336,19300,69.1778564453125
2017-08-21,80.97000122070312,80.9800033569336,80.75,80.94999694824219,7200,69.15222930908203
2017-08-22,81.25,81.69999694824219,81.25,81.69999694824219,11900,69.79293060302734
2017-08-23,81.4000015258789,81.58999633789062,81.31999969482422,81.55000305175781,8300,69.66477966308594
2017-08-24,81.5999984741211,81.63999938964844,81.33000183105469,81.37000274658203,7000,69.51102447509766
2017-08-25,81.69000244140625,81.93000030517578,81.58000183105469,81.58999633789062,13200,69.6989517211914
2017-08-28,81.88999938964844,81.88999938964844,81.54000091552734,81.5999984741211,9300,69.7074966430664
2017-08-29,81.08999633789062,81.69999694824219,81.08999633789062,81.62999725341797,12600,69.73313903808594
2017-08-30,81.55000305175781,81.83999633789062,81.37999725341797,81.69999694824219,30700,69.79293060302734
2017-08-31,81.97000122070312,82.3499984741211,81.97000122070312,82.3499984741211,3200,70.34820556640625
2017-09-01,82.48999786376953,82.61000061035156,82.41999816894531,82.41999816894531,6400,70.40800476074219
2017-09-05,82.30999755859375,82.41000366210938,81.62999725341797,81.93000030517578,11800,69.98941040039062
2017-09-06,82.16000366210938,82.37999725341797,82.1500015258789,82.22000122070312,7700,70.23713684082031
2017-09-07,82.52999877929688,82.56999969482422,82.37999725341797,82.55999755859375,3300,70.52760314941406
2017-09-08,82.5,82.6500015258789,82.44999694824219,82.4800033569336,4700,70.4592514038086
2017-09-11,82.97000122070312,83.31999969482422,82.97000122070312,83.27999877929688,10000,71.14265441894531
2017-09-12,83.25,83.44999694824219,83.25,83.43000030517578,3600,71.27079772949219
2017-09-13,83.27999877929688,83.41999816894531,83.20999908447266,83.37000274658203,6300,71.21952819824219
2017-09-14,83.20999908447266,83.47000122070312,83.16999816894531,83.47000122070312,74100,71.30496215820312
2017-09-15,83.30999755859375,83.56999969482422,83.30999755859375,83.54000091552734,4600,71.36477661132812
2017-09-18,83.61000061035156,83.61000061035156,83.61000061035156,83.61000061035156,700,71.42457580566406
2017-09-19,83.77999877929688,83.81999969482422,83.63999938964844,83.75,31200,71.54415893554688
2017-09-20,83.94000244140625,83.98999786376953,83.7699966430664,83.9000015258789,65400,71.67229461669922
2017-09-21,83.69000244140625,83.80999755859375,83.58999633789062,83.58999633789062,54000,71.40748596191406
2017-09-22,83.58000183105469,83.83999633789062,83.5,83.83999633789062,10100,71.62102508544922
2017-09-25,83.62000274658203,83.76000213623047,83.23999786376953,83.52999877929688,24000,71.35621643066406
2017-09-26,83.43000030517578,83.5999984741211,83.27999877929688,83.45999908447266,11800,71.2964096069336
2017-09-27,83.4000015258789,83.86000061035156,83.4000015258789,83.86000061035156,4900,71.63812255859375
2017-09-28,83.62999725341797,83.8499984741211,83.62999725341797,83.76000213623047,14200,71.55271911621094
2017-09-29,83.81999969482422,84.19999694824219,83.81999969482422,84.08999633789062,7500,71.83460235595703
2017-10-02,84.12999725341797,84.41999816894531,84.12999725341797,84.41999816894531,46800,72.11653137207031
2017-10-03,84.41000366210938,84.56999969482422,84.41000366210938,84.5199966430664,4100,72.20194244384766
2017-10-04,84.54000091552734,84.70999908447266,84.44999694824219,84.63999938964844,32000,72.30445098876953
2017-10-05,84.63999938964844,84.94000244140625,84.63999938964844,84.94000244140625,7200,72.56072998046875
2017-10-06,84.5999984741211,84.81999969482422,84.58999633789062,84.7300033569336,39200,72.38134002685547
2017-10-09,84.83999633789062,84.91000366210938,84.52999877929688,84.61000061035156,41000,72.27881622314453
2017-10-10,84.9000015258789,85.08999633789062,84.79000091552734,85.0199966430664,50700,72.62906646728516
2017-10-11,85.12999725341797,85.30000305175781,85.12999725341797,85.30000305175781,11200,72.86827087402344
2017-10-12,85.2300033569336,85.30999755859375,85.06999969482422,85.25,17600,72.8255615234375
2017-10-13,85.51000213623047,85.52999877929688,85.38999938964844,85.45999908447266,11900,73.00495147705078
2017-10-16,85.55000305175781,85.58000183105469,85.36000061035156,85.5,10400,73.03910827636719
2017-10-17,85.33000183105469,85.51000213623047,85.26000213623047,85.51000213623047,142300,73.04766082763672
2017-10-18,85.66999816894531,85.66999816894531,85.5199966430664,85.56999969482422,52800,73.09891510009766
2017-10-19,85.31999969482422,85.58999633789062,85.16000366210938,85.58999633789062,18200,73.11598205566406
2017-10-20,85.76000213623047,85.79000091552734,85.58000183105469,85.76000213623047,27200,73.2612075805664
2017-10-23,85.91999816894531,85.91999816894531,85.41999816894531,85.69000244140625,58200,73.2014389038086
2017-10-24,85.62000274658203,85.7300033569336,85.55000305175781,85.66999816894531,57700,73.18433380126953
2017-10-25,85.55999755859375,85.55999755859375,84.9000015258789,85.22000122070312,30100,72.79991912841797
2017-10-26,85.5,85.5,85.36000061035156,85.36000061035156,23800,72.91951751708984
2017-10-27,85.55000305175781,85.7699966430664,85.31999969482422,85.66999816894531,22400,73.18433380126953
2017-10-30,85.66999816894531,85.79000091552734,85.55000305175781,85.62000274658203,5500,73.14163970947266
2017-10-31,85.8499984741211,85.95999908447266,85.72000122070312,85.87999725341797,10300,73.36373138427734
2017-11-01,86.23999786376953,86.25,85.88999938964844,85.88999938964844,5700,73.37227630615234
2017-11-02,85.8499984741211,86.11000061035156,85.80999755859375,86.08000183105469,3800,73.53459167480469
2017-11-03,85.86000061035156,86.19000244140625,85.7300033569336,86.05000305175781,42000,73.50894927978516
2017-11-06,86.18000030517578,86.41000366210938,86.08000183105469,86.37999725341797,8300,73.79084014892578
2017-11-07,86.37999725341797,86.43000030517578,85.97000122070312,86.19999694824219,14800,73.63710021972656
2017-11-08,86.29000091552734,86.4800033569336,86.27999877929688,86.4800033569336,12100,73.87628936767578
2017-11-09,85.79000091552734,86.08999633789062,85.5,85.9800033569336,9300,73.44916534423828
2017-11-10,85.91999816894531,86.0,85.79000091552734,85.95999908447266,9400,73.43206024169922
2017-11-13,85.5,85.83000183105469,85.5,85.79000091552734,5400,73.28684997558594
2017-11-14,85.52999877929688,85.7300033569336,85.48999786376953,85.5999984741211,10600,73.12452697753906
2017-11-15,85.20999908447266,85.4000015258789,85.0,85.26000213623047,24300,72.83409118652344
2017-11-16,85.68000030517578,86.04000091552734,85.68000030517578,85.9800033569336,3100,73.44916534423828
2017-11-17,85.87000274658203,85.9000015258789,85.69999694824219,85.77999877929688,22400,73.2783203125
2017-11-20,85.86000061035156,85.95999908447266,85.52999877929688,85.91000366210938,18600,73.38935089111328
2017-11-21,86.12999725341797,86.45999908447266,86.12999725341797,86.44999694824219,46500,73.85065460205078
2017-11-22,86.5,86.6500015258789,86.29000091552734,86.48999786376953,77500,73.88483428955078
2017-11-24,86.83000183105469,86.88999938964844,86.83000183105469,86.87999725341797,2700,74.21800231933594
2017-11-27,86.7300033569336,86.88999938964844,86.58000183105469,86.63999938964844,13800,74.0129623413086
2017-11-28,86.68000030517578,87.30000305175781,86.68000030517578,87.30000305175781,35000,74.57677459716797
2017-11-29,87.37000274658203,87.37999725341797,86.83999633789062,87.08999633789062,15200,74.39738464355469
2017-11-30,87.37999725341797,87.76000213623047,87.37999725341797,87.55999755859375,16000,74.79886627197266
2017-12-01,87.30999755859375,87.58999633789062,86.73999786376953,87.41000366210938,37100,74.6707534790039
2017-12-04,87.81999969482422,87.97000122070312,87.19000244140625,87.19000244140625,36000,74.48280334472656
2017-12-05,87.26000213623047,87.37999725341797,86.94999694824219,86.98999786376953,30300,74.31196594238281
2017-12-06,86.87999725341797,87.0,86.79000091552734,86.97000122070312,24300,74.29486846923828
2017-12-07,86.87000274658203,87.2300033569336,86.83000183105469,87.18000030517578,37200,74.4742660522461
2017-12-08,87.37999725341797,87.62999725341797,87.37000274658203,87.58000183105469,31600,74.81595611572266
2017-12-11,87.72000122070312,87.80000305175781,87.54000091552734,87.72000122070312,72400,74.9355697631836
2017-12-12,87.88999938964844,88.11000061035156,87.72000122070312,88.01000213623047,27500,75.18329620361328
2017-12-13,88.12000274658203,88.30999755859375,88.0,88.0,28100,75.17477416992188
2017-12-14,88.06999969482422,88.08000183105469,87.61000061035156,87.79000091552734,23200,74.99537658691406
2017-12-15,87.95999908447266,88.19000244140625,87.77999877929688,87.94999694824219,25800,75.1320571899414
2017-12-18,88.6500015258789,88.86000061035156,88.58000183105469,88.79000091552734,111100,75.84962463378906
2017-12-19,87.94999694824219,87.98999786376953,87.62000274658203,87.80000305175781,101200,75.70735931396484
2017-12-20,88.0999984741211,88.0999984741211,87.55999755859375,87.68000030517578,40000,75.60386657714844
2017-12-21,87.86000061035156,88.06999969482422,87.69999694824219,87.91000366210938,34900,75.80220794677734
2017-12-22,87.9000015258789,88.0999984741211,87.7699966430664,88.0999984741211,185400,75.96602630615234
2017-12-26,87.94999694824219,88.0199966430664,87.81999969482422,88.0,26700,75.87981414794922
2017-12-27,88.08999633789062,88.2300033569336,88.01000213623047,88.12000274658203,50700,75.98328399658203
2017-12-28,88.37999725341797,88.37999725341797,88.12999725341797,88.27999877929688,12300,76.12124633789062
2017-12-29,88.52999877929688,88.52999877929688,88.02999877929688,88.11000061035156,15700,75.97466278076172
2018-01-02,88.41999816894531,88.77999877929688,88.20999908447266,88.77999877929688,124400,76.5523681640625
2018-01-03,88.87999725341797,89.30999755859375,88.87999725341797,89.30999755859375,28100,77.00936889648438
2018-01-04,89.70999908447266,89.9000015258789,89.55000305175781,89.70999908447266,78100,77.35428619384766
2018-01-05,90.0999984741211,90.41999816894531,90.0,90.41999816894531,21200,77.96649169921875
2018-01-08,90.29000091552734,90.48999786376953,90.19999694824219,90.19999694824219,81700,77.77680206298828
2018-01-09,90.58999633789062,90.69000244140625,90.31999969482422,90.41000366210938,72300,77.95787811279297
2018-01-10,90.27999877929688,90.58999633789062,90.12999725341797,90.19999694824219,26500,77.77680206298828
2018-01-11,90.5999984741211,90.8499984741211,90.55999755859375,90.83000183105469,34300,78.32003021240234
2018-01-12,91.19000244140625,91.68000030517578,91.0999984741211,91.6500015258789,12600,79.02708435058594
2018-01-16,92.06999969482422,92.29000091552734,91.3499984741211,91.48999786376953,47500,78.88912963867188
2018-01-17,91.87000274658203,92.30999755859375,91.58000183105469,92.04000091552734,19400,79.3633804321289
2018-01-18,91.87999725341797,92.12000274658203,91.83999633789062,91.87000274658203,42000,79.2167739868164
2018-01-19,92.3499984741211,92.36000061035156,92.12999725341797,92.29000091552734,13100,79.57893371582031
2018-01-22,92.44000244140625,93.0,92.30000305175781,92.93000030517578,13300,80.13079833984375
2018-01-23,93.12000274658203,93.30000305175781,93.11000061035156,93.2300033569336,13400,80.38948059082031
2018-01-24,93.73999786376953,93.79000091552734,93.01000213623047,93.41000366210938,40200,80.544677734375
2018-01-25,93.81999969482422,93.81999969482422,93.05999755859375,93.27999877929688,30100,80.43258666992188
2018-01-26,93.66999816894531,94.2300033569336,93.66999816894531,94.06999969482422,20500,81.1137924194336
2018-01-29,93.7699966430664,93.91000366210938,93.4000015258789,93.47000122070312,43700,80.59642791748047
2018-01-30,92.97000122070312,93.12000274658203,92.44999694824219,92.5199966430664,20000,79.77725982666016
2018-01-31,93.05000305175781,93.05000305175781,92.2300033569336,92.68000030517578,35000,79.91523742675781
2018-02-01,92.2300033569336,92.83999633789062,92.02999877929688,92.66999816894531,94100,79.9066162109375
2018-02-02,91.9800033569336,92.05000305175781,90.72000122070312,90.72000122070312,56700,78.22516632080078
2018-02-05,89.77999877929688,90.33999633789062,86.83999633789062,86.9000015258789,38200,74.93131256103516
2018-02-06,86.19000244140625,88.80999755859375,85.7300033569336,88.5199966430664,120800,76.32818603515625
2018-02-07,88.3499984741211,89.16999816894531,87.9000015258789,87.9000015258789,38100,75.79357147216797
2018-02-08,88.12000274658203,88.12000274658203,85.02999877929688,85.02999877929688,27400,73.31884765625
2018-02-09,86.05000305175781,86.44999694824219,83.58000183105469,86.1500015258789,173200,74.28460693359375
2018-02-12,86.58999633789062,87.58999633789062,86.41000366210938,87.12999725341797,22100,75.12963104248047
2018-02-13,86.80000305175781,87.36000061035156,86.72000122070312,87.27999877929688,9600,75.25897216796875
2018-02-14,86.79000091552734,88.69999694824219,86.79000091552734,88.68000030517578,17700,76.46614074707031
2018-02-15,89.19999694824219,89.48999786376953,88.69000244140625,89.48999786376953,409000,77.16458129882812
2018-02-16,89.4800033569336,89.9000015258789,89.4800033569336,89.69000244140625,7100,77.33704376220703
2018-02-20,89.19000244140625,89.62999725341797,88.80000305175781,89.0,14000,76.74207305908203
2018-02-21,89.12000274658203,89.80999755859375,88.44999694824219,88.44999694824219,19100,76.26781463623047
2018-02-22,89.05000305175781,89.44999694824219,88.54000091552734,88.69000244140625,158800,76.47476959228516
2018-02-23,89.12000274658203,89.94000244140625,89.04000091552734,89.94000244140625,9800,77.55260467529297
2018-02-26,90.2300033569336,90.79000091552734,90.06999969482422,90.79000091552734,12200,78.28553771972656
2018-02-27,90.62000274658203,90.66999816894531,89.47000122070312,89.47000122070312,30300,77.14732360839844
2018-02-28,89.94000244140625,89.94000244140625,88.63999938964844,88.63999938964844,18600,76.43165588378906
2018-03-01,88.4000015258789,88.87999725341797,86.88999938964844,87.47000122070312,92300,75.42279052734375
2018-03-02,86.91000366210938,87.86000061035156,86.6500015258789,87.75,6000,75.66423797607422
2018-03-05,87.33000183105469,88.94999694824219,87.30000305175781,88.66000366210938,29000,76.44892120361328
2018-03-06,89.48999786376953,89.48999786376953,88.58000183105469,88.9000015258789,4500,76.65583038330078
2018-03-07,88.29000091552734,89.02999877929688,88.18000030517578,88.93000030517578,17700,76.68170928955078
2018-03-08,89.2300033569336,89.25,88.79000091552734,89.25,20100,76.9576416015625
2018-03-09,89.66999816894531,90.36000061035156,89.45999908447266,90.27999877929688,14300,77.84577941894531
2018-03-12,90.54000091552734,90.5999984741211,90.23999786376953,90.37000274658203,11400,77.92338562011719
2018-03-13,90.55999755859375,90.80000305175781,89.63999938964844,89.73999786376953,25700,77.38015747070312
2018-03-14,90.27999877929688,90.27999877929688,89.41000366210938,89.5999984741211,9000,77.25944519042969
2018-03-15,89.72000122070312,89.91999816894531,89.3499984741211,89.51000213623047,52100,77.18184661865234
2018-03-16,89.55999755859375,89.75,89.47000122070312,89.5199966430664,27400,77.19046020507812
2018-03-19,89.23999786376953,89.33000183105469,88.0999984741211,88.52999877929688,11600,76.33680725097656
2018-03-20,88.5199966430664,88.9000015258789,88.43000030517578,88.58999633789062,41300,76.3885269165039
2018-03-21,88.55000305175781,89.06999969482422,88.47000122070312,88.58999633789062,25900,76.3885269165039
2018-03-22,87.8499984741211,87.8499984741211,86.55999755859375,86.62000274658203,23200,74.68988037109375
2018-03-23,86.73999786376953,86.80000305175781,85.16000366210938,85.23999786376953,21800,73.49993896484375
2018-03-26,86.45999908447266,87.19999694824219,85.68000030517578,87.16000366210938,45800,75.1554946899414
2018-03-27,87.5,87.5999984741211,85.62999725341797,85.83999633789062,129300,74.01730346679688
2018-03-28,86.11000061035156,86.68000030517578,85.61000061035156,85.95999908447266,11700,74.12076568603516
2018-03-29,86.47000122070312,87.44000244140625,86.47000122070312,87.12999725341797,76900,75.12963104248047
2018-04-02,86.86000061035156,86.86000061035156,84.75,85.29000091552734,55300,73.54306030273438
2018-04-03,85.80999755859375,86.27999877929688,85.19000244140625,86.12000274658203,116500,74.25873565673828
2018-04-04,84.91999816894531,86.93000030517578,84.91999816894531,86.7699966430664,79500,74.81920623779297
2018-04-05,87.2699966430664,87.76000213623047,87.2699966430664,87.47000122070312,3900,75.42279052734375
2018-04-06,86.9000015258789,86.9000015258789,85.76000213623047,86.16000366210938,9800,74.29322814941406
2018-04-09,86.72000122070312,87.66999816894531,86.55999755859375,86.6500015258789,40200,74.7157211303711
2018-04-10,87.55999755859375,88.12999725341797,87.45999908447266,87.9000015258789,23000,75.79357147216797
2018-04-11,87.48999786376953,87.9800033569336,87.43000030517578,87.47000122070312,17200,75.42279052734375
2018-04-12,88.02999877929688,88.13999938964844,87.83000183105469,88.02999877929688,8100,75.90567016601562
2018-04-13,88.4800033569336,88.4800033569336,87.58999633789062,87.80000305175781,17200,75.70735931396484
2018-04-16,88.37999725341797,88.55000305175781,88.12000274658203,88.37000274658203,57000,76.19884490966797
2018-04-17,88.8499984741211,89.22000122070312,88.69999694824219,89.19000244140625,17100,76.90589904785156
2018-04-18,89.30000305175781,89.45999908447266,89.19000244140625,89.38999938964844,15400,77.0783462524414
2018-04-19,89.19000244140625,89.22000122070312,88.55999755859375,88.87999725341797,31300,76.63858795166016
2018-04-20,88.79000091552734,88.79000091552734,88.08999633789062,88.2699966430664,11500,76.11260986328125
2018-04-23,88.44000244140625,88.44000244140625,87.87999725341797,88.20999908447266,6400,76.06088256835938
2018-04-24,88.5,88.7699966430664,86.97000122070312,87.41000366210938,11100,75.3710708618164
2018-04-25,87.16000366210938,87.51000213623047,86.73999786376953,87.3499984741211,14400,75.31932830810547
2018-04-26,87.80999755859375,88.29000091552734,87.80999755859375,88.20999908447266,7600,76.06088256835938
2018-04-27,88.30999755859375,88.30999755859375,88.0999984741211,88.19999694824219,6600,76.05226135253906
2018-04-30,88.36000061035156,88.47000122070312,87.77999877929688,87.77999877929688,4400,75.69010925292969
2018-05-01,87.5,87.80000305175781,87.27999877929688,87.80000305175781,24400,75.70735931396484
2018-05-02,87.73999786376953,88.08000183105469,87.33000183105469,87.33000183105469,34200,75.3021011352539
2018-05-03,87.26000213623047,87.47000122070312,86.54000091552734,87.44999694824219,23800,75.40554809570312
2018-05-04,86.80000305175781,88.30999755859375,86.80000305175781,88.08000183105469,8300,75.94878387451172
2018-05-07,88.4000015258789,88.5999984741211,88.2300033569336,88.37999725341797,13500,76.20745849609375
2018-05-08,88.20999908447266,88.37000274658203,87.94999694824219,88.30000305175781,4900,76.13848114013672
2018-05-09,88.43000030517578,89.08000183105469,88.4000015258789,88.93000030517578,29600,76.68170928955078
2018-05-10,89.30999755859375,89.68000030517578,89.26000213623047,89.66000366210938,3200,77.31118774414062
2018-05-11,89.88999938964844,90.05000305175781,89.77999877929688,89.86000061035156,9100,77.48363494873047
2018-05-14,90.31999969482422,90.37999725341797,89.93000030517578,90.08000183105469,11900,77.6733169555664
2018-05-15,89.51000213623047,89.55999755859375,89.16999816894531,89.38999938964844,15300,77.0783462524414
2018-05-16,89.36000061035156,89.8499984741211,89.36000061035156,89.66999816894531,10000,77.31977081298828
2018-05-17,89.58000183105469,90.04000091552734,89.45999908447266,89.76000213623047,188600,77.39739990234375
2018-05-18,89.63999938964844,89.63999938964844,89.41000366210938,89.47000122070312,10500,77.14732360839844
2018-05-21,90.04000091552734,90.19000244140625,89.87000274658203,90.0,12800,77.6043472290039
2018-05-22,90.20999908447266,90.30999755859375,89.83999633789062,89.9000015258789,15300,77.51813507080078
2018-05-23,89.23999786376953,89.56999969482422,89.05999755859375,89.55999755859375,8000,77.2249526977539
2018-05-24,89.4800033569336,89.58000183105469,88.87999725341797,89.38999938964844,9200,77.0783462524414
2018-05-25,89.0999984741211,89.13999938964844,88.94999694824219,89.12999725341797,209200,76.85415649414062
2018-05-29,88.19000244140625,88.47000122070312,87.4800033569336,87.87000274658203,94200,75.76771545410156
2018-05-30,88.4000015258789,89.06999969482422,88.33999633789062,88.98999786376953,10700,76.73345184326172
2018-05-31,88.87000274658203,88.87000274658203,88.22000122070312,88.36000061035156,12000,76.19021606445312
2018-06-01,89.08000183105469,89.37999725341797,88.88999938964844,89.31999969482422,55200,77.01799011230469
2018-06-04,89.72000122070312,89.8499984741211,89.55999755859375,89.63999938964844,12500,77.29393768310547
2018-06-05,89.70999908447266,89.76000213623047,89.48999786376953,89.62999725341797,14900,77.2853012084961
2018-06-06,89.88999938964844,90.44999694824219,89.81999969482422,90.44999694824219,11600,77.99236297607422
2018-06-07,90.58000183105469,90.5999984741211,90.08000183105469,90.16000366210938,217400,77.7423095703125
2018-06-08,90.18000030517578,90.48999786376953,89.9800033569336,90.48999786376953,13800,78.02686309814453
2018-06-11,90.62999725341797,90.94000244140625,90.56999969482422,90.7300033569336,10100,78.2337875366211
2018-06-12,90.83000183105469,90.83000183105469,90.54000091552734,90.69000244140625,14700,78.1993179321289
2018-06-13,90.83000183105469,90.91000366210938,90.44999694824219,90.44999694824219,97500,77.99236297607422
2018-06-14,90.5999984741211,90.75,90.48999786376953,90.52999877929688,31000,78.06134033203125
2018-06-15,90.29000091552734,90.47000122070312,89.87000274658203,90.37000274658203,22500,77.92338562011719
2018-06-18,89.63999938964844,90.01000213623047,89.63999938964844,89.95999908447266,40700,77.56986236572266
2018-06-19,87.95999908447266,88.4800033569336,87.75,88.4800033569336,46700,77.19729614257812
2018-06-20,88.7699966430664,88.7699966430664,88.37999725341797,88.5999984741211,10300,77.302001953125
2018-06-21,88.56999969482422,88.56999969482422,87.94999694824219,88.08000183105469,16200,76.84831237792969
2018-06-22,88.70999908447266,88.79000091552734,88.3499984741211,88.5,8100,77.2147445678711
2018-06-25,88.04000091552734,88.04000091552734,86.75,87.33999633789062,16900,76.20266723632812
2018-06-26,87.48999786376953,87.58000183105469,87.2300033569336,87.45999908447266,34500,76.30736541748047
2018-06-27,87.58000183105469,88.02999877929688,86.69999694824219,86.69999694824219,29200,75.64427947998047
2018-06-28,86.80999755859375,87.30000305175781,86.44999694824219,87.16999816894531,41500,76.05435943603516
2018-06-29,87.56999969482422,88.0,87.45999908447266,87.45999908447266,13900,76.30736541748047
2018-07-02,86.5999984741211,87.29000091552734,86.5999984741211,87.29000091552734,13100,76.1590576171875
2018-07-03,87.69000244140625,87.77999877929688,86.94999694824219,86.94999694824219,86800,75.86239624023438
2018-07-05,87.76000213623047,87.86000061035156,87.3499984741211,87.86000061035156,9300,76.65635681152344
2018-07-06,87.91000366210938,88.56999969482422,87.91000366210938,88.55000305175781,9400,77.25837707519531
2018-07-09,89.0199966430664,89.22000122070312,89.0,89.16000366210938,10900,77.79060363769531
2018-07-10,89.4000015258789,89.55999755859375,89.29000091552734,89.5,14400,78.08724212646484
2018-07-11,88.80000305175781,88.91000366210938,88.38999938964844,88.38999938964844,15300,77.11876678466797
2018-07-12,89.01000213623047,89.2300033569336,88.87999725341797,89.19999694824219,16700,77.82550048828125
2018-07-13,89.23999786376953,89.4800033569336,89.12000274658203,89.38999938964844,152800,77.99125671386719
2018-07-16,89.2300033569336,89.37999725341797,89.11000061035156,89.19000244140625,20000,77.81676483154297
2018-07-17,88.91999816894531,89.63999938964844,88.91999816894531,89.47000122070312,31700,78.06104278564453
2018-07-18,89.56999969482422,89.7699966430664,89.37999725341797,89.72000122070312,16400,78.27918243408203
2018-07-19,89.3499984741211,89.5199966430664,89.18000030517578,89.30000305175781,29900,77.9127426147461
2018-07-20,89.43000030517578,89.62999725341797,89.43000030517578,89.55999755859375,14700,78.13958740234375
2018-07-23,89.44000244140625,89.5999984741211,89.44000244140625,89.56999969482422,3800,78.14830780029297
2018-07-24,90.05000305175781,90.33000183105469,89.7699966430664,89.97000122070312,33700,78.497314453125
2018-07-25,90.01000213623047,90.66999816894531,89.81999969482422,90.66999816894531,7300,79.10801696777344
2018-07-26,90.55000305175781,90.69000244140625,90.43000030517578,90.5199966430664,18000,78.97715759277344
2018-07-27,90.75,90.75,89.95999908447266,90.06999969482422,10400,78.58454895019531
2018-07-30,90.26000213623047,90.4800033569336,89.73999786376953,89.80000305175781,38800,78.34898376464844
2018-07-31,90.22000122070312,90.2699966430664,89.87000274658203,90.08999633789062,26600,78.60200500488281
2018-08-01,90.11000061035156,90.16999816894531,89.77999877929688,89.83000183105469,8600,78.37516784667969
2018-08-02,89.26000213623047,90.05000305175781,89.26000213623047,90.02999877929688,11700,78.5496597290039
2018-08-03,89.83000183105469,90.30000305175781,89.83000183105469,90.27999877929688,7300,78.76777648925781
2018-08-06,90.12000274658203,90.48999786376953,89.98999786376953,90.37000274658203,13400,78.84630584716797
2018-08-07,90.12000274658203,91.0,90.12000274658203,90.73999786376953,21300,79.16912841796875
2018-08-08,90.69000244140625,90.91000366210938,90.61000061035156,90.79000091552734,8700,79.2127456665039
2018-08-09,90.66000366210938,90.87999725341797,90.45999908447266,90.45999908447266,7600,78.92481994628906
2018-08-10,89.62000274658203,89.75,89.30000305175781,89.44000244140625,20300,78.03489685058594
2018-08-13,89.2300033569336,89.45999908447266,89.1500015258789,89.1500015258789,10900,77.78186798095703
2018-08-14,89.44999694824219,89.58000183105469,89.19999694824219,89.47000122070312,13600,78.06104278564453
2018-08-15,88.83000183105469,88.83000183105469,88.25,88.66000366210938,11800,77.3543701171875
2018-08-16,89.22000122070312,89.5,89.12999725341797,89.27999877929688,10400,77.8952865600586
2018-08-17,89.23999786376953,89.86000061035156,89.19999694824219,89.5999984741211,10300,78.17449188232422
2018-08-20,90.0,90.05000305175781,89.86000061035156,89.9800033569336,5700,78.50602722167969
2018-08-21,90.37000274658203,90.62000274658203,90.37000274658203,90.4000015258789,16000,78.87247467041016
2018-08-22,90.43000030517578,90.62999725341797,90.37000274658203,90.5199966430664,25500,78.97715759277344
2018-08-23,90.2699966430664,90.41999816894531,90.0999984741211,90.2699966430664,6600,78.75904846191406
2018-08-24,90.36000061035156,90.75,90.36000061035156,90.70999908447266,27500,79.14295196533203
2018-08-27,91.23999786376953,91.66000366210938,91.20999908447266,91.56999969482422,20500,79.89328002929688
2018-08-28,91.87999725341797,91.87999725341797,91.5,91.5,7200,79.83219909667969
2018-08-29,91.61000061035156,92.13999938964844,91.58999633789062,92.0,18900,80.26844024658203
2018-08-30,91.76000213623047,91.83999633789062,91.37999725341797,91.55999755859375,34300,79.8845443725586
2018-08-31,91.26000213623047,91.44999694824219,90.94000244140625,91.12000274658203,13100,79.50065612792969
2018-09-04,90.87000274658203,90.93000030517578,90.51000213623047,90.76000213623047,56600,79.18656921386719
2018-09-05,90.51000213623047,90.58000183105469,90.19000244140625,90.30999755859375,16000,78.79395294189453
2018-09-06,90.19999694824219,90.52999877929688,89.77999877929688,90.12999725341797,12600,78.63689422607422
2018-09-07,89.63999938964844,90.04000091552734,89.5,89.68000030517578,10200,78.24427795410156
2018-09-10,90.19000244140625,90.27999877929688,89.91999816894531,89.91999816894531,17400,78.45368957519531
2018-09-11,89.77999877929688,90.2699966430664,89.77999877929688,90.25,4600,78.74161529541016
2018-09-12,90.33999633789062,90.62999725341797,89.98999786376953,90.45999908447266,347100,78.92481994628906
2018-09-13,90.97000122070312,91.05999755859375,90.83000183105469,91.05000305175781,14100,79.43959045410156
2018-09-14,91.16000366210938,91.19000244140625,90.8499984741211,91.11000061035156,24700,79.491943359375
2018-09-17,91.25,91.29000091552734,90.77999877929688,90.79000091552734,16200,79.2127456665039
2018-09-18,90.95999908447266,91.5199966430664,90.95999908447266,91.30000305175781,34100,79.65769958496094
2018-09-19,91.5,91.69999694824219,91.4800033569336,91.6500015258789,22800,79.96308135986328
2018-09-20,92.11000061035156,92.58000183105469,92.11000061035156,92.51000213623047,5100,80.71341705322266
2018-09-21,92.66000366210938,92.66999816894531,92.37000274658203,92.5,20800,80.7046890258789
2018-09-24,92.20999908447266,92.30999755859375,91.98999786376953,92.12999725341797,13700,80.38187408447266
2018-09-25,92.5,92.6500015258789,92.04000091552734,92.04000091552734,29800,80.30335235595703
2018-09-26,92.25,92.83999633789062,91.88999938964844,92.08000183105469,66200,80.33824920654297
2018-09-27,92.06999969482422,92.41000366210938,92.04000091552734,92.04000091552734,12800,80.30335235595703
2018-09-28,91.76000213623047,92.08999633789062,91.61000061035156,91.80000305175781,130400,80.09394836425781
2018-10-01,92.29000091552734,92.44000244140625,91.88999938964844,92.12999725341797,73000,80.38187408447266
2018-10-02,91.73999786376953,92.01000213623047,91.66000366210938,91.7300033569336,42300,80.03288269042969
2018-10-03,92.16999816894531,92.30999755859375,91.70999908447266,91.88999938964844,12000,80.1724853515625
2018-10-04,91.52999877929688,91.52999877929688,90.41999816894531,90.87000274658203,34200,79.28252410888672
2018-10-05,90.80999755859375,90.98999786376953,89.98999786376953,90.51000213623047,50400,78.96846771240234
2018-10-08,89.83000183105469,90.19999694824219,89.47000122070312,90.12000274658203,15100,78.62818145751953
2018-10-09,89.87000274658203,90.38999938964844,89.77999877929688,89.95999908447266,26000,78.48857879638672
2018-10-10,89.87999725341797,89.87999725341797,87.3499984741211,87.63999938964844,91800,76.46443176269531
2018-10-11,87.12000274658203,87.58000183105469,85.48999786376953,85.87999725341797,63100,74.9288558959961
2018-10-12,87.08999633789062,87.08999633789062,85.76000213623047,86.83999633789062,76800,75.76641082763672
2018-10-15,86.70999908447266,87.08999633789062,86.30000305175781,86.33000183105469,69900,75.32146453857422
2018-10-16,87.27999877929688,88.20999908447266,87.22000122070312,88.06999969482422,50300,76.8395767211914
2018-10-17,88.06999969482422,88.08999633789062,87.37000274658203,87.8499984741211,28700,76.64763641357422
2018-10-18,87.56999969482422,87.73999786376953,86.41000366210938,86.5999984741211,72100,75.5570297241211
2018-10-19,86.9800033569336,87.55999755859375,86.66999816894531,86.72000122070312,16800,75.66172790527344
2018-10-22,86.80999755859375,86.91000366210938,86.19999694824219,86.51000213623047,616600,75.47850036621094
2018-10-23,85.25,86.19999694824219,84.4800033569336,85.79000091552734,47900,74.85032653808594
2018-10-24,85.75,85.75,83.25,83.27999877929688,64300,72.66038513183594
2018-10-25,84.0,85.0999984741211,83.80000305175781,84.62000274658203,33400,73.82952117919922
2018-10-26,83.30000305175781,84.3499984741211,82.62000274658203,83.44999694824219,139100,72.80870819091797
2018-10-29,84.8499984741211,84.88999938964844,82.9000015258789,83.05999755859375,105300,72.46843719482422
2018-10-30,83.1500015258789,84.3499984741211,83.1500015258789,84.25,59500,73.5066909790039
2018-10-31,85.04000091552734,85.62999725341797,85.04000091552734,85.25,33400,74.37919616699219
2018-11-01,85.56999969482422,86.20999908447266,85.36000061035156,86.06999969482422,45700,75.09461212158203
2018-11-02,86.58999633789062,86.81999969482422,85.33999633789062,85.77999877929688,80400,74.84160614013672
2018-11-05,86.08999633789062,86.36000061035156,85.7699966430664,86.16999816894531,124000,75.18185424804688
2018-11-06,86.16000366210938,86.61000061035156,86.0999984741211,86.56999969482422,58500,75.5308609008789
2018-11-07,87.44999694824219,88.13999938964844,87.0999984741211,88.13999938964844,121300,76.90066528320312
2018-11-08,87.76000213623047,88.08000183105469,87.54000091552734,87.58000183105469,13700,76.41207122802734
2018-11-09,87.26000213623047,87.26000213623047,86.52999877929688,87.08000183105469,26100,75.975830078125
2018-11-12,86.68000030517578,86.68000030517578,85.30000305175781,85.30000305175781,17900,74.42280578613281
2018-11-13,85.63999938964844,86.19000244140625,85.30000305175781,85.5199966430664,71900,74.61475372314453
2018-11-14,86.13999938964844,86.13999938964844,84.80999755859375,85.01000213623047,40500,74.1697998046875
2018-11-15,84.63999938964844,85.88999938964844,84.22000122070312,85.66000366210938,44600,74.73690032958984
2018-11-16,85.22000122070312,86.22000122070312,85.1500015258789,85.86000061035156,52300,74.91138458251953
2018-11-19,85.83000183105469,85.83000183105469,84.58000183105469,84.76000213623047,204300,73.95166778564453
2018-11-20,83.48999786376953,83.91999816894531,82.98999786376953,83.23999786376953,131200,72.62549591064453
2018-11-21,83.8499984741211,84.41000366210938,83.70999908447266,83.94999694824219,124900,73.24495697021484
2018-11-23,83.16000366210938,83.7300033569336,83.16000366210938,83.27999877929688,68000,72.66038513183594
2018-11-26,84.27999877929688,84.66999816894531,84.08000183105469,84.30000305175781,671900,73.55033111572266
2018-11-27,84.0999984741211,84.58000183105469,83.95999908447266,84.44000244140625,101100,73.67247009277344
2018-11-28,84.81999969482422,86.30000305175781,84.58999633789062,86.30000305175781,132900,75.29529571533203
2018-11-29,85.9800033569336,86.38999938964844,85.55000305175781,86.04000091552734,104700,75.06845092773438
2018-11-30,85.86000061035156,86.30999755859375,85.76000213623047,86.20999908447266,434400,75.2167739868164
2018-12-03,87.55999755859375,87.6500015258789,86.8499984741211,87.3499984741211,158000,76.2114028930664
2018-12-04,86.9800033569336,87.13999938964844,84.69000244140625,84.69000244140625,115400,73.8906021118164
2018-12-06,83.45999908447266,84.52999877929688,82.44999694824219,84.41999816894531,612600,73.655029296875
2018-12-07,84.45999908447266,84.8499984741211,82.83999633789062,82.91000366210938,601200,72.33757781982422
2018-12-10,82.66999816894531,83.01000213623047,81.33999633789062,82.73999786376953,502200,72.18923950195312
2018-12-11,83.5999984741211,83.72000122070312,82.22000122070312,82.6500015258789,268300,72.1107177734375
2018-12-12,83.80000305175781,84.37000274658203,83.4800033569336,83.54000091552734,90300,72.88723754882812
2018-12-13,83.75,83.91999816894531,83.19000244140625,83.37000274658203,77900,72.73892211914062
2018-12-14,82.54000091552734,82.83999633789062,81.91999816894531,81.94000244140625,120700,71.49127197265625
2018-12-17,81.86000061035156,82.04000091552734,80.27999877929688,80.66000366210938,187000,70.37448120117188
2018-12-18,80.58999633789062,80.69000244140625,79.47000122070312,79.98999786376953,173600,70.40177154541016
2018-12-19,80.16999816894531,81.06999969482422,78.55000305175781,79.08999633789062,301100,69.60963439941406
2018-12-20,78.66000366210938,79.12999725341797,77.3499984741211,77.94000244140625,446400,68.59750366210938
2018-12-21,77.80000305175781,78.62999725341797,76.4000015258789,76.5199966430664,158700,67.34771728515625
2018-12-24,76.25,76.51000213623047,74.9800033569336,75.04000091552734,81700,66.04512023925781
2018-12-26,75.47000122070312,77.69000244140625,74.72000122070312,77.5,539600,68.21024322509766
2018-12-27,76.7699966430664,78.45999908447266,76.12999725341797,78.2699966430664,1226900,68.887939453125
2018-12-28,78.83000183105469,79.33999633789062,78.02999877929688,78.33000183105469,304500,68.99365234375
2018-12-31,79.0999984741211,79.0999984741211,78.38999938964844,78.87000274658203,279900,69.46926879882812
2019-01-02,77.87999725341797,79.0999984741211,77.7699966430664,78.87999725341797,148800,69.47807312011719
2019-01-03,78.52999877929688,78.52999877929688,77.41000366210938,77.55999755859375,183500,68.31541442871094
2019-01-04,78.73999786376953,80.05999755859375,78.66999816894531,79.91999816894531,135300,70.39411926269531
2019-01-07,80.0999984741211,80.75,79.80999755859375,80.29000091552734,166300,70.72003936767578
2019-01-08,81.22000122070312,81.2699966430664,80.4000015258789,81.08000183105469,86700,71.4158706665039
2019-01-09,81.62999725341797,81.93000030517578,81.29000091552734,81.63999938964844,113200,71.90910339355469
2019-01-10,81.30000305175781,82.0199966430664,81.18000030517578,82.01000213623047,114900,72.2350082397461
2019-01-11,81.48999786376953,81.86000061035156,81.44999694824219,81.7699966430664,75000,72.02359771728516
2019-01-14,81.16000366210938,81.66000366210938,81.16000366210938,81.47000122070312,1086100,71.75938415527344
2019-01-15,81.5199966430664,82.22000122070312,81.5199966430664,82.20999908447266,140600,72.41117095947266
2019-01-16,82.16000366210938,82.58999633789062,82.16000366210938,82.29000091552734,82900,72.48163604736328
2019-01-17,82.05999755859375,83.05999755859375,82.05000305175781,82.87999725341797,73500,73.00129699707031
2019-01-18,83.58999633789062,83.94000244140625,83.29000091552734,83.79000091552734,66300,73.80284881591797
2019-01-22,83.26000213623047,83.26000213623047,82.25,82.63999938964844,173500,72.78990936279297
2019-01-23,83.08000183105469,83.27999877929688,82.33999633789062,82.83000183105469,117500,72.957275390625
2019-01-24,82.8499984741211,83.0999984741211,82.62000274658203,82.98999786376953,86200,73.09820556640625
2019-01-25,83.63999938964844,84.86000061035156,83.58000183105469,83.83999633789062,115700,73.84688568115234
2019-01-28,83.1500015258789,83.30999755859375,82.77999877929688,83.22000122070312,466900,73.30078887939453
2019-01-29,83.54000091552734,83.66000366210938,83.16000366210938,83.36000061035156,433900,73.42411804199219
2019-01-30,83.87000274658203,84.69000244140625,83.48999786376953,84.38999938964844,165600,74.33132934570312
2019-01-31,84.45999908447266,85.05000305175781,84.37999725341797,84.95999908447266,457300,74.83340454101562
2019-02-01,84.91000366210938,85.19000244140625,84.73999786376953,84.93000030517578,175700,74.80696105957031
2019-02-04,84.97000122070312,85.44000244140625,84.73999786376953,85.44000244140625,253900,75.25617218017578
2019-02-05,85.75,85.9800033569336,85.62000274658203,85.91000366210938,43100,75.67015838623047
2019-02-06,85.7300033569336,85.93000030517578,85.54000091552734,85.68000030517578,37200,75.46756744384766
2019-02-07,85.16999816894531,85.5,84.33000183105469,84.80000305175781,52400,74.6924819946289
2019-02-08,84.38999938964844,84.72000122070312,84.02999877929688,84.72000122070312,81300,74.62200927734375
2019-02-11,84.77999877929688,84.94999694824219,84.58999633789062,84.70999908447266,44400,74.6131820678711
2019-02-12,85.4000015258789,85.87999725341797,85.4000015258789,85.79000091552734,23900,75.56446075439453
2019-02-13,86.0,86.27999877929688,85.88999938964844,85.98999786376953,37600,75.74060821533203
2019-02-14,85.77999877929688,86.18000030517578,85.56999969482422,85.87000274658203,63400,75.63492584228516
2019-02-15,86.56999969482422,86.94000244140625,86.55000305175781,86.94000244140625,35600,76.577392578125
2019-02-19,86.69999694824219,87.36000061035156,86.69999694824219,87.1500015258789,55800,76.76236724853516
2019-02-20,87.27999877929688,87.55000305175781,87.16000366210938,87.4000015258789,88400,76.98255157470703
2019-02-21,87.33000183105469,87.33000183105469,86.9000015258789,87.13999938964844,35800,76.75355529785156
2019-02-22,87.30999755859375,87.69999694824219,87.30999755859375,87.62999725341797,71100,77.18514251708984
2019-02-25,88.19999694824219,88.23999786376953,87.79000091552734,87.81999969482422,54700,77.35250854492188
2019-02-26,87.79000091552734,88.26000213623047,87.69999694824219,87.91999816894531,55600,77.4405746459961
2019-02-27,87.7300033569336,87.9000015258789,87.5199966430664,87.69999694824219,30900,77.24679565429688
2019-02-28,87.5999984741211,87.81999969482422,87.48999786376953,87.48999786376953,14700,77.06183624267578
2019-03-01,88.12999725341797,88.1500015258789,87.63999938964844,88.06999969482422,27400,77.57269287109375
2019-03-04,88.33999633789062,88.38999938964844,87.1500015258789,87.69000244140625,61900,77.23799896240234
2019-03-05,87.69000244140625,87.8499984741211,87.54000091552734,87.69000244140625,22000,77.23799896240234
2019-03-06,87.80000305175781,87.80000305175781,87.20999908447266,87.2300033569336,13100,76.83282470703125
2019-03-07,87.11000061035156,87.12000274658203,86.19000244140625,86.37000274658203,126600,76.07533264160156
2019-03-08,85.72000122070312,86.25,85.62999725341797,86.23999786376953,62300,75.96082305908203
2019-03-11,86.5199966430664,87.37000274658203,86.5199966430664,87.37000274658203,27800,76.9561538696289
2019-03-12,87.36000061035156,87.68000030517578,87.36000061035156,87.54000091552734,11100,77.10587310791016
2019-03-13,87.91000366210938,88.3499984741211,87.86000061035156,88.23999786376953,111000,77.7224349975586
2019-03-14,88.13999938964844,88.25,88.0,88.08000183105469,33400,77.5815200805664
2019-03-15,88.4800033569336,88.88999938964844,88.38999938964844,88.75,73300,78.1716537475586
2019-03-18,88.8499984741211,89.11000061035156,88.7699966430664,89.0999984741211,124200,78.47993469238281
2019-03-19,89.45999908447266,89.62000274658203,88.9000015258789,89.12999725341797,99500,78.5063705444336
2019-03-20,88.98999786376953,89.47000122070312,88.5999984741211,88.94999694824219,45100,78.34782409667969
2019-03-21,88.61000061035156,89.61000061035156,88.61000061035156,89.58000183105469,18200,78.90272521972656
2019-03-22,88.95999908447266,89.0999984741211,87.81999969482422,87.83000183105469,51200,77.36131286621094
2019-03-25,87.83000183105469,88.0999984741211,87.43000030517578,87.83999633789062,34100,77.3701171875
2019-03-26,88.41000366210938,88.7699966430664,88.08999633789062,88.43000030517578,32500,77.8897933959961
2019-03-27,88.47000122070312,88.98999786376953,87.66000366210938,88.12000274658203,42000,77.61676025390625
2019-03-28,88.16999816894531,88.47000122070312,87.93000030517578,88.30999755859375,61700,77.78410339355469
2019-03-29,88.80999755859375,88.81999969482422,88.48999786376953,88.79000091552734,22700,78.20687866210938
2019-04-01,89.6500015258789,89.88999938964844,89.44000244140625,89.81999969482422,261000,79.1141128540039
2019-04-02,89.83000183105469,89.94000244140625,89.58000183105469,89.8499984741211,98800,79.1405258178711
2019-04-03,90.4000015258789,90.56999969482422,90.04000091552734,90.19999694824219,48800,79.44880676269531
2019-04-04,90.2300033569336,90.33999633789062,90.02999877929688,90.27999877929688,37500,79.51930236816406
2019-04-05,90.47000122070312,90.63999938964844,90.38999938964844,90.62000274658203,37900,79.81876373291016
2019-04-08,90.62000274658203,90.72000122070312,90.36000061035156,90.72000122070312,91700,79.9068374633789
2019-04-09,90.36000061035156,90.44999694824219,90.12000274658203,90.19999694824219,17300,79.44880676269531
2019-04-10,90.41000366210938,90.54000091552734,90.22000122070312,90.5199966430664,78400,79.73065948486328
2019-04-11,90.6500015258789,90.6500015258789,90.33000183105469,90.4800033569336,23900,79.6954574584961
2019-04-12,91.0999984741211,91.13999938964844,90.91000366210938,91.06999969482422,14300,80.21514129638672
2019-04-15,91.08000183105469,91.1500015258789,90.87999725341797,91.05000305175781,34000,80.19751739501953
2019-04-16,91.44000244140625,91.44000244140625,91.06999969482422,91.12000274658203,32300,80.2591552734375
2019-04-17,91.58999633789062,91.58999633789062,91.01000213623047,91.06999969482422,28700,80.21514129638672
2019-04-18,91.2699966430664,91.2699966430664,90.86000061035156,91.20999908447266,18400,80.33843231201172
2019-04-22,90.94000244140625,91.22000122070312,90.94000244140625,91.22000122070312,18600,80.3472671508789
2019-04-23,91.22000122070312,91.81999969482422,91.16000366210938,91.69999694824219,77700,80.77003479003906
2019-04-24,91.61000061035156,91.61000061035156,91.29000091552734,91.37999725341797,31900,80.48816680908203
2019-04-25,91.25,91.44000244140625,90.94000244140625,91.30999755859375,31500,80.426513671875
2019-04-26,91.29000091552734,91.7300033569336,91.16000366210938,91.7300033569336,17900,80.79644775390625
2019-04-29,91.76000213623047,92.0199966430664,91.69999694824219,91.87999725341797,12400,80.9285659790039
2019-04-30,91.72000122070312,92.0999984741211,91.56999969482422,92.08999633789062,191900,81.11353302001953
2019-05-01,92.2300033569336,92.25,91.30999755859375,91.30999755859375,77400,80.426513671875
2019-05-02,91.4000015258789,91.55000305175781,90.79000091552734,91.16000366210938,63700,80.29440307617188
2019-05-03,91.55999755859375,92.12999725341797,91.55999755859375,92.12999725341797,37300,81.14877319335938
2019-05-06,90.36000061035156,91.55999755859375,90.23999786376953,91.54000091552734,35900,80.62909698486328
2019-05-07,90.69999694824219,90.77999877929688,89.45999908447266,89.98999786376953,194400,79.26384735107422
2019-05-08,89.80999755859375,90.3499984741211,89.75,89.95999908447266,73000,79.2374267578125
2019-05-09,89.04000091552734,89.69999694824219,88.69999694824219,89.55999755859375,35800,78.8851089477539
2019-05-10,89.30999755859375,90.04000091552734,88.58999633789062,89.94999694824219,63000,79.22863006591797
2019-05-13,88.37999725341797,88.54000091552734,87.79000091552734,87.93000030517578,45600,77.44940185546875
2019-05-14,88.37999725341797,89.16000366210938,88.33000183105469,88.70999908447266,31200,78.13640594482422
2019-05-15,88.20999908447266,89.37999725341797,88.19000244140625,89.25,36200,78.61205291748047
2019-05-16,89.38999938964844,90.37999725341797,89.37000274658203,89.95999908447266,22200,79.2374267578125
2019-05-17,89.25,90.04000091552734,89.25,89.5,16900,78.8322525024414
2019-05-20,88.8499984741211,89.25,88.66999816894531,88.87000274658203,27000,78.27735900878906
2019-05-21,89.44000244140625,89.66000366210938,89.29000091552734,89.58999633789062,22900,78.9115219116211
2019-05-22,89.30999755859375,89.55999755859375,89.2300033569336,89.33000183105469,19400,78.68252563476562
2019-05-23,88.52999877929688,88.52999877929688,87.97000122070312,88.29000091552734,20000,77.76648712158203
2019-05-24,89.01000213623047,89.05000305175781,88.5,88.7699966430664,32500,78.18927001953125
2019-05-28,88.94999694824219,89.06999969482422,88.01000213623047,88.01000213623047,96300,77.51985168457031
2019-05-29,87.45999908447266,87.55999755859375,86.97000122070312,87.3499984741211,31900,76.93852233886719
2019-05-30,87.62000274658203,87.80999755859375,87.25,87.62999725341797,44600,77.18514251708984
2019-05-31,86.66999816894531,86.91000366210938,86.4000015258789,86.76000213623047,25500,76.4188461303711
2019-06-03,86.75,87.05000305175781,86.30999755859375,86.54000091552734,124300,76.22506713867188
2019-06-04,87.37999725341797,88.2699966430664,87.37999725341797,88.2699966430664,57300,77.74885559082031
2019-06-05,88.68000030517578,88.72000122070312,88.19999694824219,88.72000122070312,22100,78.14523315429688
2019-06-06,88.81999969482422,89.29000091552734,88.7699966430664,89.0999984741211,48200,78.47993469238281
2019-06-07,89.76000213623047,90.54000091552734,89.76000213623047,90.22000122070312,39100,79.46644592285156
2019-06-10,90.63999938964844,90.95999908447266,90.55000305175781,90.68000030517578,17900,79.87161254882812
2019-06-11,91.16000366210938,91.29000091552734,90.48999786376953,90.55000305175781,156900,79.75711059570312
2019-06-12,90.5,90.5,90.16000366210938,90.36000061035156,7600,79.58972930908203
2019-06-13,90.48999786376953,90.97000122070312,90.2300033569336,90.51000213623047,87000,79.72187805175781
2019-06-14,90.19000244140625,90.31999969482422,90.12000274658203,90.25,14500,79.49287414550781
2019-06-17,89.18000030517578,89.30000305175781,88.9800033569336,89.0,39300,79.4607162475586
2019-06-18,89.75,90.26000213623047,89.55999755859375,90.0199966430664,60900,80.37139129638672
2019-06-19,90.12000274658203,90.5199966430664,89.93000030517578,90.41999816894531,19700,80.72852325439453
2019-06-20,91.4800033569336,91.4800033569336,90.9000015258789,91.2699966430664,12700,81.48739624023438
2019-06-21,91.12999725341797,91.3499984741211,90.9800033569336,91.0,25900,81.24635314941406
2019-06-24,91.13999938964844,91.2300033569336,91.0,91.02999877929688,8200,81.27312469482422
2019-06-25,91.16000366210938,91.27999877929688,90.2300033569336,90.27999877929688,47800,80.60353088378906
2019-06-26,90.69000244140625,90.69000244140625,90.19999694824219,90.27999877929688,32800,80.60353088378906
2019-06-27,90.44000244140625,90.68000030517578,90.41999816894531,90.52999877929688,22600,80.82672882080078
2019-06-28,90.94999694824219,91.0199966430664,90.80999755859375,91.0199966430664,38000,81.26421356201172
2019-07-01,92.0999984741211,92.0999984741211,91.4000015258789,91.6500015258789,77800,81.8266830444336
2019-07-02,91.83999633789062,92.05000305175781,91.62000274658203,91.94000244140625,89000,82.0855941772461
2019-07-03,92.22000122070312,92.63999938964844,92.22000122070312,92.58000183105469,10300,82.65701293945312
2019-07-05,92.19000244140625,92.3499984741211,91.75,92.3499984741211,12100,82.45166778564453
2019-07-08,91.98999786376953,92.2699966430664,91.79000091552734,91.9000015258789,23600,82.04991912841797
2019-07-09,91.29000091552734,91.87000274658203,91.29000091552734,91.80000305175781,23100,81.96060943603516
2019-07-10,92.1500015258789,92.56999969482422,92.0199966430664,92.25,30400,82.36236572265625
2019-07-11,92.38999938964844,92.6500015258789,92.16999816894531,92.45999908447266,229300,82.54987335205078
2019-07-12,92.44999694824219,92.7699966430664,92.4000015258789,92.7300033569336,50000,82.79093170166016
2019-07-15,92.81999969482422,92.81999969482422,92.58999633789062,92.68000030517578,80000,82.74628448486328
2019-07-16,92.72000122070312,92.75,92.4000015258789,92.4000015258789,4700,82.49629974365234
2019-07-17,92.58000183105469,92.58000183105469,92.04000091552734,92.06999969482422,26400,82.20167541503906
2019-07-18,91.88999938964844,92.4000015258789,91.69999694824219,92.23999786376953,30800,82.35343170166016
2019-07-19,92.61000061035156,92.61000061035156,91.87000274658203,91.87000274658203,15000,82.02310943603516
2019-07-22,92.08999633789062,92.19999694824219,91.93000030517578,92.13999938964844,17200,82.26416778564453
2019-07-23,92.58000183105469,92.7300033569336,92.19000244140625,92.7300033569336,14400,82.79093170166016
2019-07-24,92.5,93.08000183105469,92.5,93.05000305175781,10100,83.07662963867188
2019-07-25,92.83000183105469,92.9000015258789,92.2699966430664,92.3499984741211,26500,82.45166778564453
2019-07-26,92.70999908447266,93.1500015258789,92.66000366210938,93.05000305175781,31000,83.07662963867188
2019-07-29,93.05000305175781,93.12999725341797,92.72000122070312,92.94999694824219,27700,82.98734283447266
2019-07-30,92.2300033569336,92.55999755859375,92.16000366210938,92.3499984741211,61100,82.45166778564453
2019-07-31,92.52999877929688,92.54000091552734,90.97000122070312,91.86000061035156,46200,82.01416778564453
2019-08-01,91.70999908447266,92.54000091552734,90.69999694824219,90.83999633789062,35700,81.10350799560547
2019-08-02,90.69999694824219,90.70999908447266,89.80999755859375,90.12000274658203,26600,80.46070098876953
2019-08-05,89.01000213623047,89.01000213623047,87.30000305175781,87.80999755859375,61300,78.39825439453125
2019-08-06,88.3499984741211,88.88999938964844,87.80000305175781,88.58000183105469,79800,79.08573150634766
2019-08-07,87.93000030517578,89.19999694824219,87.19000244140625,89.06999969482422,50700,79.5232162475586
2019-08-08,89.37000274658203,90.37000274658203,89.1500015258789,90.31999969482422,57300,80.63924407958984
2019-08-09,90.08000183105469,90.16000366210938,89.20999908447266,89.83000183105469,24600,80.20175170898438
2019-08-12,89.25,89.62000274658203,88.62999725341797,88.69000244140625,22700,79.18394470214844
2019-08-13,88.69000244140625,90.37000274658203,88.5,89.91000366210938,24200,80.27318572998047
2019-08-14,88.18000030517578,88.41000366210938,87.2300033569336,87.4000015258789,127600,78.03221130371094
2019-08-15,87.54000091552734,87.5999984741211,86.98999786376953,87.5999984741211,15000,78.21077728271484
2019-08-16,88.12000274658203,88.80999755859375,88.05000305175781,88.5,27900,79.01431274414062
2019-08-19,89.45999908447266,89.6500015258789,89.33999633789062,89.4000015258789,10000,79.81786346435547
2019-08-20,89.30000305175781,89.36000061035156,88.91000366210938,88.91000366210938,7000,79.38037109375
2019-08-21,89.77999877929688,89.77999877929688,89.44999694824219,89.70999908447266,27600,80.0946273803711
2019-08-22,89.75,89.91999816894531,89.20999908447266,89.44000244140625,44900,79.85356140136719
2019-08-23,89.2300033569336,89.61000061035156,87.29000091552734,87.5199966430664,42300,78.13935089111328
2019-08-26,88.29000091552734,88.51000213623047,88.0,88.44000244140625,27200,78.96075439453125
2019-08-27,88.80999755859375,88.97000122070312,88.01000213623047,88.23999786376953,169800,78.78217315673828
2019-08-28,87.88999938964844,88.62999725341797,87.88999938964844,88.58000183105469,13500,79.08573150634766
2019-08-29,89.61000061035156,89.72000122070312,89.13999938964844,89.62000274658203,32000,80.0142822265625
2019-08-30,90.02999877929688,90.05999755859375,89.51000213623047,89.83999633789062,10100,80.21065521240234
2019-09-03,89.19999694824219,89.37999725341797,88.95999908447266,89.29000091552734,18200,79.71963500976562
2019-09-04,90.02999877929688,90.38999938964844,90.02999877929688,90.3499984741211,17500,80.666015625
2019-09-05,91.19999694824219,91.7300033569336,91.19999694824219,91.37000274658203,13300,81.57669830322266
2019-09-06,91.56999969482422,91.79000091552734,91.47000122070312,91.5199966430664,31400,81.71062469482422
2019-09-09,91.8499984741211,91.8499984741211,91.41999816894531,91.55000305175781,10000,81.73741912841797
2019-09-10,91.2699966430664,91.77999877929688,91.0999984741211,91.77999877929688,51200,81.94275665283203
2019-09-11,91.68000030517578,92.0999984741211,91.6500015258789,92.08000183105469,220200,82.21060180664062
2019-09-12,92.44999694824219,92.7699966430664,92.29000091552734,92.56999969482422,17800,82.64805603027344
2019-09-13,92.80000305175781,92.88999938964844,92.55000305175781,92.55000305175781,41600,82.63024139404297
2019-09-16,92.19999694824219,92.41999816894531,92.11000061035156,92.29000091552734,22400,82.39810943603516
2019-09-17,92.16999816894531,92.61000061035156,92.13999938964844,92.5999984741211,11500,82.67485809326172
2019-09-18,92.25,92.69000244140625,91.88999938964844,92.66000366210938,71200,82.72844696044922
2019-09-19,92.77999877929688,93.1500015258789,92.69000244140625,92.7699966430664,28200,82.8266372680664
2019-09-20,92.72000122070312,93.04000091552734,92.37000274658203,92.37999725341797,170000,82.47844696044922
2019-09-23,92.12000274658203,92.47000122070312,92.06999969482422,92.22000122070312,78400,82.33558654785156
2019-09-24,92.55000305175781,92.76000213623047,91.58999633789062,91.66999816894531,76200,81.84455871582031
2019-09-25,91.63999938964844,92.05999755859375,91.08000183105469,91.93000030517578,28200,82.07667541503906
2019-09-26,92.16000366210938,92.16000366210938,91.69999694824219,91.9800033569336,18700,82.1213150024414
2019-09-27,92.06999969482422,92.11000061035156,91.19999694824219,91.58000183105469,19000,81.76419830322266
2019-09-30,91.66000366210938,92.0199966430664,91.56999969482422,91.77999877929688,38100,81.94275665283203
2019-10-01,91.9800033569336,92.0999984741211,90.7699966430664,90.81999969482422,99100,81.08563232421875
2019-10-02,90.12000274658203,90.12000274658203,88.73999786376953,89.0199966430664,17900,79.47858428955078
2019-10-03,89.18000030517578,89.9000015258789,88.56999969482422,89.9000015258789,60800,80.26423645019531
2019-10-04,90.20999908447266,90.94000244140625,90.06999969482422,90.79000091552734,17300,81.05885314941406
2019-10-07,90.69999694824219,91.05999755859375,90.55000305175781,90.73999786376953,13900,81.01422119140625
2019-10-08,89.8499984741211,89.9800033569336,89.41999816894531,89.44000244140625,21400,79.85356140136719
2019-10-09,90.06999969482422,90.3499984741211,89.8499984741211,89.9800033569336,20100,80.33568572998047
2019-10-10,90.0,91.0199966430664,89.83999633789062,90.7699966430664,20600,81.041015625
2019-10-11,91.76000213623047,92.48999786376953,91.44000244140625,91.94999694824219,480600,82.09452056884766
2019-10-14,91.58000183105469,92.05000305175781,91.58000183105469,91.79000091552734,38100,81.95166778564453
2019-10-15,92.19000244140625,92.94999694824219,92.01000213623047,92.70999908447266,334300,82.77306365966797
2019-10-16,92.66999816894531,92.91000366210938,92.45999908447266,92.51000213623047,95100,82.5945053100586
2019-10-17,93.18000030517578,93.18000030517578,92.76000213623047,93.05999755859375,69900,83.08556365966797
2019-10-18,92.80999755859375,92.8499984741211,92.31999969482422,92.6500015258789,15700,82.7195053100586
2019-10-21,93.19999694824219,93.23999786376953,93.0,93.19999694824219,38600,83.2105484008789
2019-10-22,93.5,93.5,92.79000091552734,92.79000091552734,15800,82.8445053100586
2019-10-23,92.94999694824219,93.31999969482422,92.70999908447266,93.23999786376953,28800,83.24625396728516
2019-10-24,93.5,93.56999969482422,93.16000366210938,93.48999786376953,27800,83.46946716308594
2019-10-25,93.30000305175781,93.79000091552734,93.20999908447266,93.72000122070312,12300,83.67481231689453
2019-10-28,94.11000061035156,94.30000305175781,94.06999969482422,94.0999984741211,22500,84.01408386230469
2019-10-29,94.04000091552734,94.38999938964844,94.02999877929688,94.20999908447266,56600,84.1122817993164
2019-10-30,94.3499984741211,94.55999755859375,93.87999725341797,94.55999755859375,31300,84.42478942871094
2019-10-31,94.4800033569336,94.5,93.73999786376953,94.12000274658203,38700,84.03195190429688
2019-11-01,94.86000061035156,95.11000061035156,94.70999908447266,95.11000061035156,67300,84.91583251953125
2019-11-04,95.7699966430664,95.7699966430664,95.4000015258789,95.41999816894531,132700,85.1926040649414
2019-11-05,95.44000244140625,95.66000366210938,95.23999786376953,95.44999694824219,66000,85.21939086914062
2019-11-06,95.44999694824219,95.52999877929688,95.19000244140625,95.4800033569336,283000,85.24617767333984
2019-11-07,95.81999969482422,96.05999755859375,95.62000274658203,95.66000366210938,48700,85.40687561035156
2019-11-08,95.62999725341797,95.80999755859375,95.43000030517578,95.76000213623047,31700,85.49616241455078
2019-11-11,95.5999984741211,95.83000183105469,95.36000061035156,95.69999694824219,31400,85.44259643554688
2019-11-12,95.83999633789062,96.05999755859375,95.48999786376953,95.8499984741211,31600,85.5765151977539
2019-11-13,95.47000122070312,95.83999633789062,95.18000030517578,95.80000305175781,47600,85.53187561035156
2019-11-14,95.5999984741211,95.69999694824219,95.47000122070312,95.66999816894531,41600,85.41580200195312
2019-11-15,96.19999694824219,96.4800033569336,96.02999877929688,96.4800033569336,46600,86.13898468017578
2019-11-18,96.36000061035156,96.58000183105469,96.13999938964844,96.38999938964844,77700,86.05863952636719
2019-11-19,96.75,96.75,96.26000213623047,96.47000122070312,49600,86.13005828857422
2019-11-20,96.19000244140625,96.26000213623047,95.58000183105469,96.01000213623047,35600,85.71936798095703
2019-11-21,96.05999755859375,96.05999755859375,95.58999633789062,95.7699966430664,42100,85.50509643554688
2019-11-22,96.05999755859375,96.11000061035156,95.81999969482422,95.97000122070312,36200,85.68365478515625
2019-11-25,96.27999877929688,96.80999755859375,96.27999877929688,96.7300033569336,53100,86.36219787597656
2019-11-26,96.86000061035156,96.97000122070312,96.6500015258789,96.80999755859375,214900,86.4336166381836
2019-11-27,97.11000061035156,97.3499984741211,97.01000213623047,97.3499984741211,57900,86.91574096679688
2019-11-29,96.94000244140625,97.0999984741211,96.76000213623047,96.76000213623047,34300,86.38897705078125
2019-12-02,96.87999725341797,96.9800033569336,95.81999969482422,96.1500015258789,150900,85.84436798095703
2019-12-03,95.29000091552734,95.61000061035156,94.9000015258789,95.61000061035156,156700,85.36224365234375
2019-12-04,95.98999786376953,96.3499984741211,95.9000015258789,96.26000213623047,198600,85.94255828857422
2019-12-05,96.45999908447266,96.45999908447266,96.01000213623047,96.37999725341797,79300,86.04971313476562
2019-12-06,97.08999633789062,97.2699966430664,97.0,97.0999984741211,117400,86.6925277709961
2019-12-09,97.02999877929688,97.2300033569336,96.75,96.75,90400,86.38005065917969
2019-12-10,96.8499984741211,96.94999694824219,96.44999694824219,96.70999908447266,121900,86.3443374633789
2019-12-11,96.7699966430664,97.18000030517578,96.7699966430664,97.1500015258789,98300,86.7371597290039
2019-12-12,97.0199966430664,98.0,97.0,97.75,80600,87.27287292480469
2019-12-13,98.06999969482422,98.5,97.7699966430664,98.19000244140625,102600,87.66571807861328
2019-12-16,98.02999877929688,98.19999694824219,97.91000366210938,98.05999755859375,108300,88.37316131591797
2019-12-17,98.01000213623047,98.01000213623047,97.76000213623047,97.7699966430664,61200,88.11180114746094
2019-12-18,97.93000030517578,97.95999908447266,97.70999908447266,97.70999908447266,50900,88.05773162841797
2019-12-19,97.70999908447266,98.08999633789062,97.70999908447266,98.04000091552734,651900,88.35513305664062
2019-12-20,98.47000122070312,98.63999938964844,98.27999877929688,98.51000213623047,107100,88.77870178222656
2019-12-23,98.68000030517578,98.68000030517578,98.36000061035156,98.4800033569336,127000,88.75169372558594
2019-12-24,98.7300033569336,98.7699966430664,98.25,98.52999877929688,28900,88.7967300415039
2019-12-26,98.7699966430664,98.9000015258789,98.62999725341797,98.9000015258789,53000,89.13016510009766
2019-12-27,99.29000091552734,99.30999755859375,98.91000366210938,99.06999969482422,47600,89.28338623046875
2019-12-30,99.08000183105469,99.08000183105469,98.33000183105469,98.33000183105469,180100,88.61650085449219
2019-12-31,98.41000366210938,98.80000305175781,98.20999908447266,98.77999877929688,63600,89.02204132080078
2020-01-02,99.08000183105469,99.56999969482422,99.08000183105469,99.52999877929688,126500,89.69793701171875
2020-01-03,98.38999938964844,99.1500015258789,98.38999938964844,98.69000244140625,50200,88.94092559814453
2020-01-06,98.31999969482422,99.25,98.31999969482422,99.25,175600,89.44559478759766
2020-01-07,99.0199966430664,99.16000366210938,98.79000091552734,98.98999786376953,123900,89.2113037109375
2020-01-08,99.0199966430664,99.66999816894531,98.94000244140625,99.2699966430664,38500,89.46361541748047
2020-01-09,99.7699966430664,99.88999938964844,99.54000091552734,99.83999633789062,200300,89.97733306884766
2020-01-10,99.95999908447266,99.95999908447266,99.36000061035156,99.44000244140625,75500,89.61682891845703
2020-01-13,99.72000122070312,100.08000183105469,99.54000091552734,100.08000183105469,90200,90.1936264038086
2020-01-14,99.91000366210938,100.29000091552734,99.80999755859375,99.87999725341797,262900,90.01336669921875
2020-01-15,99.9800033569336,100.30000305175781,99.87999725341797,100.0199966430664,31600,90.1395492553711
2020-01-16,100.55999755859375,100.81999969482422,100.36000061035156,100.81999969482422,62400,90.86051177978516
2020-01-17,101.11000061035156,101.16000366210938,100.77999877929688,101.16000366210938,28400,91.16693115234375
2020-01-21,100.83000183105469,100.94000244140625,100.55999755859375,100.62999725341797,108500,90.68927764892578
2020-01-22,101.0,101.0999984741211,100.68000030517578,100.80999755859375,41600,90.85150909423828
2020-01-23,100.44999694824219,100.76000213623047,100.1500015258789,100.7300033569336,22300,90.77940368652344
2020-01-24,101.06999969482422,101.06999969482422,99.68000030517578,100.05999755859375,52600,90.17559051513672
2020-01-27,97.94000244140625,98.70999908447266,97.66999816894531,98.3499984741211,339800,88.634521484375
2020-01-28,98.69999694824219,99.51000213623047,98.5999984741211,99.26000213623047,47300,89.45462799072266
2020-01-29,99.51000213623047,99.72000122070312,99.12000274658203,99.29000091552734,23500,89.48165893554688
2020-01-30,98.56999969482422,99.44999694824219,98.37999725341797,99.44000244140625,154100,89.61682891845703
2020-01-31,98.94000244140625,98.94000244140625,97.58000183105469,97.7300033569336,253500,88.07577514648438
2020-02-03,98.08000183105469,98.83000183105469,98.08000183105469,98.26000213623047,420200,88.55341339111328
2020-02-04,99.69000244140625,100.20999908447266,99.5199966430664,100.01000213623047,130500,90.13053894042969
2020-02-05,100.86000061035156,101.08000183105469,100.5,100.94000244140625,234200,90.96865844726562
2020-02-06,101.23999786376953,101.41000366210938,101.05000305175781,101.30000305175781,38000,91.29309844970703
2020-02-07,100.94000244140625,101.05000305175781,100.55999755859375,100.62999725341797,82000,90.68927764892578
2020-02-10,100.62000274658203,101.2300033569336,100.4800033569336,101.13999938964844,47800,91.14891815185547
2020-02-11,101.80999755859375,102.0,101.51000213623047,101.61000061035156,21600,91.57247924804688
2020-02-12,102.12999725341797,102.19000244140625,101.93000030517578,102.12000274658203,14700,92.0321044921875
2020-02-13,101.52999877929688,102.13999938964844,101.52999877929688,101.79000091552734,26000,91.73469543457031
2020-02-14,102.05000305175781,102.05000305175781,101.63999938964844,101.91999816894531,77900,91.85184478759766
2020-02-18,101.72000122070312,101.91999816894531,101.29000091552734,101.62999725341797,195800,91.59049987792969
2020-02-19,102.06999969482422,102.27999877929688,101.87000274658203,102.02999877929688,123900,91.95098114013672
2020-02-20,101.91000366210938,102.0999984741211,100.8499984741211,101.5999984741211,54500,91.5634765625
2020-02-21,101.27999877929688,101.30000305175781,100.61000061035156,100.88999938964844,39000,90.92359161376953
2020-02-24,97.44999694824219,98.20999908447266,96.80999755859375,97.38999938964844,241000,87.76934814453125
2020-02-25,97.73999786376953,97.83000183105469,94.52999877929688,94.77999877929688,58600,85.41717529296875
2020-02-26,95.2699966430664,96.19999694824219,94.36000061035156,94.5,301200,85.16484069824219
2020-02-27,92.69000244140625,93.83999633789062,90.93000030517578,90.97000122070312,1234500,81.98355102539062
2020-02-28,88.3499984741211,90.27999877929688,87.68000030517578,89.66999816894531,805300,80.81195831298828
2020-03-02,90.68000030517578,93.25,89.72000122070312,93.2300033569336,499300,84.0202865600586
2020-03-03,93.80999755859375,95.1500015258789,90.62000274658203,91.12999725341797,199700,82.12772369384766
2020-03-04,93.16999816894531,94.7300033569336,92.48999786376953,94.5999984741211,190600,85.25494384765625
2020-03-05,92.44999694824219,93.23999786376953,91.19000244140625,91.7300033569336,64000,82.66846466064453
2020-03-06,89.55999755859375,90.45999908447266,88.5,90.30000305175781,159400,81.37972259521484
2020-03-09,84.1500015258789,85.80999755859375,82.69000244140625,82.81999969482422,194800,74.63865661621094
2020-03-10,86.29000091552734,86.72000122070312,82.83000183105469,86.55000305175781,216800,78.00019073486328
2020-03-11,84.48999786376953,84.88999938964844,81.41999816894531,82.23999786376953,176800,74.11595153808594
2020-03-12,76.94000244140625,78.0,73.62000274658203,73.66000366210938,813500,66.3835220336914
2020-03-13,78.94000244140625,79.62999725341797,74.13999938964844,79.62999725341797,430900,71.76376342773438
2020-03-16,70.12999725341797,75.11000061035156,70.12999725341797,70.56999969482422,284000,63.598758697509766
2020-03-17,72.33999633789062,75.01000213623047,70.2699966430664,74.56999969482422,364000,67.20361328125
2020-03-18,70.0999984741211,72.05999755859375,67.58000183105469,70.41999816894531,257000,63.46356964111328
2020-03-19,70.33000183105469,72.5999984741211,68.6500015258789,70.94999694824219,258400,63.941226959228516
2020-03-20,72.16999816894531,72.91000366210938,68.61000061035156,68.62999725341797,242100,61.85038757324219
2020-03-23,69.20999908447266,69.20999908447266,66.37999725341797,67.38999938964844,1064800,60.73289489746094
2020-03-24,71.12999725341797,73.52999877929688,70.86000061035156,73.5199966430664,611700,66.25733947753906
2020-03-25,73.73999786376953,77.19000244140625,72.69999694824219,74.83999633789062,440900,67.44694519042969
2020-03-26,75.66000366210938,79.30000305175781,75.66000366210938,79.0199966430664,320700,71.21402740478516
2020-03-27,76.29000091552734,78.31999969482422,75.91000366210938,76.62000274658203,371400,69.05111694335938
2020-03-30,77.01000213623047,78.8499984741211,76.5199966430664,78.62999725341797,302600,70.86254119873047
2020-03-31,78.08999633789062,79.19000244140625,77.41999816894531,77.93000030517578,326500,70.23170471191406
2020-04-01,75.56999969482422,75.91000366210938,73.93000030517578,74.4000015258789,359600,67.05039978027344
2020-04-02,74.43000030517578,76.18000030517578,74.0999984741211,75.93000030517578,245100,68.42927551269531
2020-04-03,75.54000091552734,76.01000213623047,73.94000244140625,74.7699966430664,763300,67.38386535644531
2020-04-06,77.56999969482422,79.77999877929688,77.37000274658203,79.48999786376953,430700,71.63758850097656
2020-04-07,82.19000244140625,82.23999786376953,79.62999725341797,79.62999725341797,103000,71.76376342773438
2020-04-08,80.2699966430664,81.9000015258789,79.76000213623047,81.52999877929688,51200,73.47606658935547
2020-04-09,82.93000030517578,83.7699966430664,82.3499984741211,83.0199966430664,367300,74.8188705444336
2020-04-13,82.66000366210938,83.16999816894531,81.45999908447266,82.31999969482422,67700,74.18804931640625
2020-04-14,83.86000061035156,84.75,83.54000091552734,84.38999938964844,248500,76.05354309082031
2020-04-15,82.72000122070312,82.88999938964844,82.0199966430664,82.4800033569336,35300,74.33223724365234
2020-04-16,82.8499984741211,82.88999938964844,81.83000183105469,82.69999694824219,180200,74.5304946899414
2020-04-17,84.76000213623047,85.13999938964844,83.81999969482422,84.87000274658203,385100,76.48614501953125
2020-04-20,83.69999694824219,84.95999908447266,83.56999969482422,83.66000366210938,135500,75.39566802978516
2020-04-21,82.05999755859375,82.62000274658203,81.04000091552734,81.36000061035156,85100,73.32286834716797
2020-04-22,82.83000183105469,83.43000030517578,82.45999908447266,82.97000122070312,35400,74.7738265991211
2020-04-23,83.41999816894531,84.37000274658203,82.81999969482422,82.93000030517578,59000,74.73777770996094
2020-04-24,83.31999969482422,84.05000305175781,82.77999877929688,83.8499984741211,355900,75.56688690185547
2020-04-27,84.44000244140625,85.45999908447266,84.38999938964844,85.11000061035156,302900,76.70243072509766
2020-04-28,86.44000244140625,86.68000030517578,85.11000061035156,85.16000366210938,46400,76.74748229980469
2020-04-29,87.0,88.08999633789062,86.7300033569336,87.41000366210938,97500,78.77522277832031
2020-04-30,86.62999725341797,86.87000274658203,85.91000366210938,86.36000061035156,400800,77.82894134521484
2020-05-01,84.61000061035156,84.98999786376953,83.76000213623047,84.12999725341797,344700,75.81922149658203
2020-05-04,83.51000213623047,84.36000061035156,83.26000213623047,84.30000305175781,329400,75.97244262695312
2020-05-05,85.19000244140625,85.70999908447266,84.76000213623047,84.76000213623047,532600,76.38699340820312
2020-05-06,85.29000091552734,85.56999969482422,84.19999694824219,84.19999694824219,333200,75.88232421875
2020-05-07,85.23999786376953,85.93000030517578,85.22000122070312,85.30999755859375,125600,76.8826675415039
2020-05-08,86.5199966430664,87.04000091552734,86.18000030517578,87.01000213623047,386100,78.41473388671875
2020-05-11,86.41000366210938,87.37999725341797,86.26000213623047,87.05999755859375,246500,78.45980072021484
2020-05-12,87.33000183105469,87.4000015258789,85.43000030517578,85.43000030517578,82500,76.99079895019531
2020-05-13,85.5,85.58999633789062,83.5199966430664,84.0999984741211,93900,75.7922134399414
2020-05-14,83.08999633789062,84.5,82.26000213623047,84.5,63000,76.1526870727539
2020-05-15,84.04000091552734,84.87000274658203,83.76000213623047,84.87000274658203,24200,76.48614501953125
2020-05-18,86.73999786376953,88.04000091552734,86.73999786376953,87.61000061035156,101200,78.9554672241211
2020-05-19,87.4000015258789,87.7300033569336,86.61000061035156,86.66999816894531,130900,78.10832214355469
2020-05-20,87.94999694824219,88.55999755859375,87.91000366210938,88.26000213623047,162200,79.54125213623047
2020-05-21,88.0999984741211,88.33000183105469,87.23999786376953,87.44000244140625,107400,78.8022689819336
2020-05-22,87.2699966430664,87.51000213623047,86.87999725341797,87.45999908447266,78800,78.8202896118164
2020-05-26,89.69999694824219,89.70999908447266,88.95999908447266,89.08999633789062,37400,80.28925323486328
2020-05-27,90.0999984741211,90.37999725341797,88.7699966430664,90.37999725341797,29100,81.45182800292969
2020-05-28,90.80999755859375,91.68000030517578,90.36000061035156,90.55000305175781,109600,81.60504150390625
2020-05-29,90.44999694824219,90.79000091552734,89.5,90.69999694824219,26000,81.74021911621094
2020-06-01,90.81999969482422,91.69999694824219,90.70999908447266,91.66000366210938,57700,82.60537719726562
2020-06-02,92.01000213623047,92.4800033569336,91.73999786376953,92.4800033569336,62500,83.34437561035156
2020-06-03,93.25,94.20999908447266,93.20999908447266,93.94999694824219,27600,84.6691665649414
2020-06-04,93.56999969482422,94.13999938964844,93.19999694824219,93.58999633789062,17200,84.34471893310547
2020-06-05,95.44999694824219,96.16000366210938,95.43000030517578,95.7300033569336,67800,86.27333068847656
2020-06-08,96.13999938964844,96.95999908447266,95.79000091552734,96.9000015258789,110400,87.3277587890625
2020-06-09,95.75,96.37000274658203,95.58000183105469,96.0,58800,86.51666259765625
2020-06-10,96.16999816894531,96.44999694824219,95.45999908447266,95.6500015258789,112200,86.20123291015625
2020-06-11,93.41000366210938,93.45999908447266,90.13999938964844,90.22000122070312,122000,81.3076400756836
2020-06-12,92.69000244140625,92.77999877929688,89.94000244140625,91.52999877929688,146400,82.48822784423828
2020-06-15,88.79000091552734,91.48999786376953,88.5,91.33999633789062,215400,83.15187072753906
2020-06-16,93.75,93.75,91.63999938964844,92.86000061035156,73300,84.53560638427734
2020-06-17,93.33999633789062,93.4800033569336,92.66000366210938,92.7699966430664,60300,84.45367431640625
2020-06-18,92.25,92.73999786376953,92.16000366210938,92.69999694824219,48000,84.38996124267578
2020-06-19,93.79000091552734,93.79000091552734,91.93000030517578,92.2300033569336,33800,83.96209716796875
2020-06-22,92.33999633789062,93.04000091552734,91.9000015258789,92.98999786376953,115800,84.6539535522461
2020-06-23,93.87999725341797,94.02999877929688,93.33000183105469,93.4000015258789,51600,85.0271987915039
2020-06-24,92.66000366210938,92.79000091552734,90.56999969482422,90.98999786376953,28800,82.833251953125
2020-06-25,90.83999633789062,92.20999908447266,90.4000015258789,92.13999938964844,77700,83.88016510009766
2020-06-26,91.80000305175781,91.81999969482422,90.08000183105469,90.16000366210938,43500,82.07766723632812
2020-06-29,90.68000030517578,91.27999877929688,90.16000366210938,91.25,252400,83.06995391845703
2020-06-30,91.05000305175781,92.44000244140625,91.04000091552734,92.13999938964844,104400,83.88016510009766
2020-07-01,92.29000091552734,92.94000244140625,92.26000213623047,92.66000366210938,54400,84.35356140136719
2020-07-02,93.83000183105469,94.31999969482422,93.20999908447266,93.36000061035156,82800,84.99079132080078
2020-07-06,94.75,94.91000366210938,94.44000244140625,94.80000305175781,42500,86.30171966552734
2020-07-07,94.30000305175781,94.83999633789062,93.73999786376953,93.80999755859375,77700,85.40045166015625
2020-07-08,94.0,94.62000274658203,93.86000061035156,94.61000061035156,192500,86.12873077392578
2020-07-09,94.62999725341797,94.6500015258789,93.01000213623047,93.9800033569336,53500,85.55520629882812
2020-07-10,94.08000183105469,94.97000122070312,93.75,94.93000030517578,21300,86.42005157470703
2020-07-13,95.51000213623047,96.20999908447266,94.04000091552734,94.08000183105469,125100,85.646240234375
2020-07-14,93.83999633789062,95.44999694824219,93.6500015258789,95.37999725341797,192700,86.82971954345703
2020-07-15,96.61000061035156,96.7699966430664,95.75,96.37999725341797,62800,87.74006652832031
2020-07-16,95.68000030517578,96.11000061035156,95.61000061035156,95.94000244140625,222700,87.33951568603516
2020-07-17,96.20999908447266,96.37000274658203,95.72000122070312,96.25,224300,87.62171936035156
2020-07-20,96.23999786376953,97.18000030517578,96.05999755859375,97.0,34600,88.30448150634766
2020-07-21,97.6500015258789,97.76000213623047,97.01000213623047,97.19000244140625,43700,88.47747039794922
2020-07-22,97.08000183105469,97.72000122070312,97.08000183105469,97.66000366210938,37300,88.90531921386719
2020-07-23,97.5199966430664,97.70999908447266,96.29000091552734,96.55999755859375,18300,87.90391540527344
2020-07-24,95.88999938964844,96.19999694824219,95.58999633789062,95.95999908447266,66800,87.35769653320312
2020-07-27,96.43000030517578,96.94999694824219,96.41999816894531,96.87999725341797,14700,88.19523620605469
2020-07-28,96.61000061035156,96.9800033569336,96.25,96.25,24500,87.62171936035156
2020-07-29,96.68000030517578,97.56999969482422,96.5999984741211,97.37000274658203,20400,88.64131164550781
2020-07-30,96.0,96.9000015258789,95.44999694824219,96.79000091552734,471800,88.11329650878906
2020-07-31,97.05999755859375,97.05999755859375,95.48999786376953,96.6500015258789,180000,87.98585510253906
2020-08-03,97.37000274658203,97.83999633789062,97.19000244140625,97.69000244140625,9900,88.93263244628906
2020-08-04,97.44999694824219,98.1500015258789,97.44999694824219,98.1500015258789,14500,89.35138702392578
2020-08-05,98.75,99.0,98.55000305175781,98.75,30600,89.8976058959961
2020-08-06,98.55999755859375,99.22000122070312,98.44999694824219,99.16000366210938,14300,90.27086639404297
2020-08-07,98.66999816894531,98.93000030517578,98.31999969482422,98.8499984741211,76300,89.9886474609375
2020-08-10,99.1500015258789,99.38999938964844,98.7300033569336,99.13999938964844,24500,90.25263977050781
2020-08-11,100.0,100.04000091552734,98.68000030517578,98.7300033569336,22900,89.87940979003906
2020-08-12,99.97000122070312,100.62000274658203,99.93000030517578,100.33999633789062,110800,91.3450698852539
2020-08-13,100.23999786376953,100.58999633789062,100.0,100.23999786376953,28800,91.25404357910156
2020-08-14,99.94999694824219,100.12999725341797,99.66999816894531,99.97000122070312,31200,91.00824737548828
2020-08-17,100.41000366210938,100.66000366210938,100.37999725341797,100.63999938964844,224200,91.61817169189453
2020-08-18,100.94000244140625,100.9800033569336,100.33999633789062,100.7699966430664,90900,91.73651885986328
2020-08-19,100.98999786376953,101.12000274658203,100.27999877929688,100.30999755859375,54900,91.31775665283203
2020-08-20,99.75,100.62999725341797,99.48999786376953,100.5199966430664,10100,91.5089340209961
2020-08-21,100.05999755859375,100.61000061035156,99.9800033569336,100.58999633789062,27200,91.57266235351562
2020-08-24,101.58000183105469,101.58999633789062,101.1500015258789,101.58999633789062,33800,92.48302459716797
2020-08-25,101.97000122070312,101.97000122070312,101.36000061035156,101.91000366210938,52800,92.77433013916016
2020-08-26,102.11000061035156,102.93000030517578,101.98999786376953,102.83999633789062,27500,93.62095642089844
2020-08-27,102.9800033569336,103.1500015258789,102.23999786376953,102.70999908447266,215600,93.50260925292969
2020-08-28,103.19999694824219,103.4000015258789,102.80999755859375,103.31999969482422,20500,94.05792999267578
2020-08-31,103.2699966430664,103.94000244140625,102.9000015258789,102.95999908447266,62600,93.73020935058594
2020-09-01,103.30999755859375,103.83999633789062,102.87000274658203,103.83999633789062,59600,94.53131866455078
2020-09-02,104.44000244140625,105.12999725341797,103.94999694824219,105.04000091552734,42900,95.6237564086914
2020-09-03,104.58000183105469,104.69000244140625,101.12000274658203,101.83999633789062,81700,92.7105941772461
2020-09-04,101.94000244140625,102.0999984741211,99.12000274658203,101.1500015258789,64200,92.08247375488281
2020-09-08,99.36000061035156,99.83000183105469,98.68000030517578,98.80000305175781,56000,89.94312286376953
2020-09-09,100.06999969482422,101.33999633789062,99.97000122070312,100.61000061035156,190900,91.59088134765625
2020-09-10,101.26000213623047,101.5,99.02999877929688,99.12999725341797,37900,90.2435302734375
2020-09-11,99.80999755859375,100.05999755859375,98.66000366210938,99.38999938964844,427900,90.48023223876953
2020-09-14,100.51000213623047,101.13999938964844,100.2699966430664,100.70999908447266,279000,91.6819076538086
2020-09-15,101.66999816894531,101.75,100.9800033569336,101.30999755859375,22300,92.22811126708984
2020-09-16,101.73999786376953,102.0,100.88999938964844,100.9800033569336,18800,91.92771911621094
2020-09-17,99.77999877929688,100.63999938964844,99.51000213623047,100.37000274658203,16100,91.37238311767578
2020-09-18,100.51000213623047,100.51000213623047,98.93000030517578,99.51000213623047,24300,90.5894775390625
2020-09-21,97.63999938964844,97.87999725341797,96.31999969482422,97.8499984741211,84800,89.07827758789062
2020-09-22,98.22000122070312,98.66999816894531,97.41999816894531,98.51000213623047,41800,89.67911529541016
2020-09-23,98.73999786376953,98.79000091552734,96.43000030517578,96.55000305175781,107900,87.89482116699219
2020-09-24,96.30000305175781,97.56999969482422,95.79000091552734,96.7699966430664,46900,88.09510040283203
2020-09-25,96.55000305175781,98.05999755859375,96.16999816894531,97.95999908447266,601300,89.17842864990234
2020-09-28,99.27999877929688,99.72000122070312,99.04000091552734,99.54000091552734,159900,90.61679077148438
2020-09-29,99.56999969482422,99.7300033569336,99.0,99.20999908447266,23300,90.31637573242188
2020-09-30,99.16999816894531,100.2699966430664,99.16999816894531,99.5199966430664,22900,90.59857940673828
2020-10-01,100.18000030517578,100.3499984741211,99.69999694824219,100.12999725341797,57300,91.15389251708984
2020-10-02,98.58999633789062,99.88999938964844,98.58999633789062,99.4000015258789,40500,90.48934173583984
2020-10-05,100.22000122070312,101.19999694824219,100.22000122070312,101.18000030517578,69700,92.10975646972656
2020-10-06,101.22000122070312,101.69999694824219,99.77999877929688,99.97000122070312,42100,91.00824737548828
2020-10-07,100.75,101.55999755859375,100.75,101.36000061035156,53800,92.27365112304688
2020-10-08,101.87000274658203,102.19999694824219,101.7699966430664,102.11000061035156,33400,92.9564208984375
2020-10-09,102.61000061035156,103.0,102.52999877929688,102.9000015258789,28600,93.67559814453125
2020-10-12,103.58999633789062,104.5199966430664,103.55000305175781,104.19999694824219,19700,94.85903930664062
2020-10-13,103.8499984741211,103.88999938964844,103.30999755859375,103.56999969482422,25200,94.28553009033203
2020-10-14,103.70999908447266,104.0,102.87000274658203,102.93000030517578,19400,93.70289611816406
2020-10-15,101.44000244140625,102.58999633789062,101.44000244140625,102.5,17200,93.31143951416016
2020-10-16,102.95999908447266,103.44000244140625,102.61000061035156,102.62000274658203,116800,93.42070007324219
2020-10-19,103.01000213623047,103.2699966430664,101.19999694824219,101.38999938964844,100300,92.30093383789062
2020-10-20,101.9000015258789,102.69000244140625,101.7699966430664,101.8499984741211,20000,92.71971130371094
2020-10-21,101.77999877929688,102.37000274658203,101.41999816894531,101.44000244140625,76700,92.34647369384766
2020-10-22,101.51000213623047,102.0199966430664,100.87999725341797,101.8499984741211,22500,92.71971130371094
2020-10-23,102.30000305175781,102.36000061035156,101.7300033569336,102.33999633789062,27600,93.16578674316406
2020-10-26,101.13999938964844,101.33000183105469,99.80000305175781,100.45999908447266,66000,91.4543228149414
2020-10-27,100.48999786376953,100.5999984741211,99.94000244140625,99.95999908447266,73000,90.9991455078125
2020-10-28,98.16999816894531,98.20999908447266,96.56999969482422,96.69000244140625,228700,88.02227783203125
2020-10-29,96.80999755859375,98.19000244140625,96.33999633789062,97.5199966430664,66000,88.77787780761719
2020-10-30,97.0,97.11000061035156,95.63999938964844,96.52999877929688,214800,87.87661743164062
2020-11-02,97.5999984741211,98.08999633789062,96.83999633789062,97.66000366210938,66500,88.90531921386719
2020-11-03,99.06999969482422,100.11000061035156,98.80000305175781,99.75,97400,90.8079605102539
2020-11-04,100.83999633789062,102.77999877929688,100.56999969482422,101.62999725341797,69400,92.5194320678711
2020-11-05,103.58999633789062,104.18000030517578,103.3499984741211,103.77999877929688,86900,94.47669219970703
2020-11-06,103.87000274658203,104.3499984741211,103.47000122070312,103.91999816894531,56900,94.6041488647461
2020-11-09,107.97000122070312,108.2699966430664,105.33000183105469,105.48999786376953,88000,96.03340911865234
2020-11-10,105.62000274658203,106.06999969482422,104.9800033569336,105.7300033569336,46100,96.25188446044922
2020-11-11,106.36000061035156,106.61000061035156,106.02999877929688,106.47000122070312,106000,96.92555236816406
2020-11-12,106.05999755859375,106.26000213623047,104.91999816894531,105.37000274658203,71600,95.9241714477539
2020-11-13,105.87999725341797,106.76000213623047,105.87999725341797,106.68000030517578,36600,97.11672973632812
2020-11-16,107.69999694824219,107.93000030517578,107.27999877929688,107.93000030517578,28900,98.25466918945312
2020-11-17,107.44000244140625,108.02999877929688,107.05999755859375,107.63999938964844,26800,97.99066162109375
2020-11-18,107.8499984741211,108.0999984741211,106.72000122070312,106.72000122070312,142700,97.15313720703125
2020-11-19,106.6500015258789,107.41999816894531,106.41999816894531,107.37000274658203,16800,97.744873046875
2020-11-20,107.4000015258789,107.45999908447266,107.01000213623047,107.05999755859375,36700,97.46266174316406
2020-11-23,107.62999725341797,107.86000061035156,106.91000366210938,107.45999908447266,57700,97.8268051147461
2020-11-24,108.4000015258789,109.20999908447266,108.12999725341797,109.16000366210938,65700,99.3744125366211
2020-11-25,108.97000122070312,109.26000213623047,108.58000183105469,109.06999969482422,69500,99.29248809814453
2020-11-27,109.44999694824219,109.70999908447266,109.33000183105469,109.55999755859375,97600,99.7385482788086
2020-11-30,109.37000274658203,109.55000305175781,108.3499984741211,108.94000244140625,986900,99.17413330078125
2020-12-01,109.94000244140625,110.44000244140625,109.80999755859375,110.12000274658203,161900,100.24834442138672
2020-12-02,109.63999938964844,110.26000213623047,109.47000122070312,110.2300033569336,33600,100.3484878540039
2020-12-03,110.43000030517578,110.83999633789062,110.2300033569336,110.31999969482422,60000,100.430419921875
2020-12-04,110.73999786376953,111.41999816894531,110.73999786376953,111.41999816894531,125300,101.43180084228516
2020-12-07,111.02999877929688,111.2699966430664,110.7300033569336,111.01000213623047,160700,101.05856323242188
2020-12-08,110.69000244140625,111.4800033569336,110.55000305175781,111.37000274658203,167200,101.38629913330078
2020-12-09,111.83000183105469,112.02999877929688,110.33000183105469,110.68000030517578,60100,100.7581558227539
2020-12-10,110.08000183105469,111.0,109.91000366210938,110.77999877929688,67400,100.84917449951172
2020-12-11,110.33999633789062,110.62999725341797,109.8499984741211,110.47000122070312,747200,100.56697082519531
2020-12-14,110.69999694824219,110.80000305175781,109.6500015258789,109.66999816894531,92900,100.56147003173828
2020-12-15,110.31999969482422,110.97000122070312,110.05000305175781,110.86000061035156,100800,101.65263366699219
2020-12-16,111.25,111.38999938964844,110.79000091552734,111.12000274658203,113800,101.89104461669922
2020-12-17,111.8499984741211,112.0199966430664,111.69000244140625,111.9800033569336,30000,102.67961120605469
2020-12-18,112.05999755859375,112.30999755859375,111.04000091552734,111.63999938964844,162300,102.36785888671875
2020-12-21,109.91000366210938,111.05000305175781,109.1500015258789,110.87999725341797,166200,101.67096710205078
2020-12-22,110.93000030517578,110.97000122070312,110.31999969482422,110.80000305175781,128100,101.59762573242188
2020-12-23,111.37000274658203,111.56999969482422,111.12999725341797,111.12999725341797,44400,101.90020751953125
2020-12-24,111.2300033569336,111.44000244140625,111.05000305175781,111.44000244140625,37600,102.1844711303711
2020-12-28,112.41999816894531,112.5199966430664,112.05000305175781,112.0999984741211,83100,102.78966522216797
2020-12-29,112.94000244140625,112.94000244140625,112.01000213623047,112.13999938964844,45600,102.82633209228516
2020-12-30,112.62999725341797,112.81999969482422,112.29000091552734,112.29000091552734,63500,102.96388244628906
2020-12-31,112.37999725341797,112.55000305175781,112.0,112.41000366210938,300200,103.07390594482422
2021-01-04,113.52999877929688,113.7699966430664,110.62000274658203,111.62999725341797,187100,102.35868835449219
2021-01-05,111.51000213623047,112.70999908447266,111.51000213623047,112.48999786376953,120300,103.14726257324219
2021-01-06,112.12000274658203,114.18000030517578,112.12000274658203,113.16999816894531,83600,103.77078247070312
2021-01-07,113.86000061035156,114.70999908447266,113.86000061035156,114.47000122070312,28600,104.96281433105469
2021-01-08,115.1500015258789,115.30999755859375,114.05999755859375,115.30999755859375,84400,105.7330551147461
2021-01-11,113.88999938964844,114.77999877929688,113.87000274658203,114.25,92500,104.76109313964844
2021-01-12,114.22000122070312,114.73999786376953,113.7699966430664,114.56999969482422,61200,105.05451202392578
2021-01-13,114.47000122070312,114.94999694824219,114.38999938964844,114.75,55000,105.21956634521484
2021-01-14,115.0,115.20999908447266,114.58999633789062,114.66000366210938,81800,105.13703155517578
2021-01-15,113.95999908447266,114.11000061035156,112.9800033569336,113.55000305175781,139500,104.11920928955078
2021-01-19,114.37999725341797,114.7300033569336,113.95999908447266,114.47000122070312,123600,104.96281433105469
2021-01-20,115.04000091552734,115.9000015258789,114.93000030517578,115.81999969482422,51800,106.20069122314453
2021-01-21,115.9800033569336,116.11000061035156,115.5199966430664,115.80000305175781,44100,106.1823501586914
2021-01-22,115.01000213623047,115.69999694824219,115.01000213623047,115.3499984741211,122700,105.76971435546875
2021-01-25,115.3499984741211,115.6500015258789,114.0199966430664,115.62000274658203,76700,106.01731872558594
2021-01-26,115.97000122070312,116.0,115.30999755859375,115.45999908447266,30700,105.87060546875
2021-01-27,114.08000183105469,114.08000183105469,112.23999786376953,112.69000244140625,42400,103.33065795898438
2021-01-28,113.01000213623047,114.69999694824219,113.01000213623047,113.47000122070312,150500,104.04586791992188
2021-01-29,112.81999969482422,113.02999877929688,111.02999877929688,111.48999786376953,521000,102.23030853271484
2021-02-01,112.48999786376953,113.43000030517578,112.05999755859375,113.16999816894531,121900,103.77078247070312
2021-02-02,113.98999786376953,114.91000366210938,113.98999786376953,114.5999984741211,316400,105.08202362060547
2021-02-03,114.94999694824219,115.18000030517578,114.33999633789062,114.75,50100,105.21956634521484
2021-02-04,114.9800033569336,115.75,114.8499984741211,115.75,44800,106.13650512695312
2021-02-05,116.38999938964844,116.38999938964844,115.83999633789062,116.19999694824219,71400,106.54912567138672
2021-02-08,116.88999938964844,117.18000030517578,116.68000030517578,117.11000061035156,37400,107.383544921875
2021-02-09,117.12000274658203,117.55999755859375,117.04000091552734,117.43000030517578,49900,107.6769790649414
2021-02-10,117.9000015258789,118.02999877929688,117.02999877929688,117.30999755859375,15500,107.56694793701172
2021-02-11,117.94000244140625,117.94000244140625,117.1500015258789,117.70999908447266,22600,107.93373107910156
2021-02-12,117.55999755859375,118.37000274658203,117.4800033569336,118.27999877929688,35700,108.45638275146484
2021-02-16,118.9000015258789,119.36000061035156,118.2699966430664,118.55999755859375,67200,108.713134765625
2021-02-17,118.0,118.36000061035156,117.4800033569336,118.36000061035156,45700,108.52973937988281
2021-02-18,117.5999984741211,117.88999938964844,116.83999633789062,117.73999786376953,45000,107.96123504638672
2021-02-19,118.06999969482422,118.37999725341797,117.7300033569336,117.73999786376953,36500,107.96123504638672
2021-02-22,116.62000274658203,117.68000030517578,116.62000274658203,116.97000122070312,67300,107.25519561767578
2021-02-23,116.20999908447266,117.38999938964844,114.91999816894531,116.95999908447266,40500,107.24602508544922
2021-02-24,116.5999984741211,118.08000183105469,116.16999816894531,117.88999938964844,35400,108.09877014160156
2021-02-25,117.83999633789062,118.11000061035156,114.94999694824219,115.37999725341797,68200,105.79722595214844
2021-02-26,115.4800033569336,115.69999694824219,113.93000030517578,114.2699966430664,157400,104.7794189453125
2021-03-01,115.7699966430664,117.16000366210938,115.7699966430664,116.87999725341797,24200,107.17264556884766
2021-03-02,117.08000183105469,117.1500015258789,116.25,116.43000030517578,101000,106.76001739501953
2021-03-03,116.16000366210938,116.19000244140625,114.77999877929688,114.81999969482422,43700,105.28373718261719
2021-03-04,114.86000061035156,115.55000305175781,112.41000366210938,113.44000244140625,27700,104.01836395263672
2021-03-05,114.5,115.20999908447266,112.19999694824219,115.05000305175781,48800,105.4946517944336
2021-03-08,115.19999694824219,115.91999816894531,114.4000015258789,114.4800033569336,109700,104.97199249267578
2021-03-09,115.80999755859375,116.87999725341797,115.66999816894531,116.26000213623047,57600,106.6041488647461
2021-03-10,116.98999786376953,117.31999969482422,116.5,116.91999816894531,35800,107.2093276977539
2021-03-11,117.6500015258789,118.44999694824219,117.5,118.01000213623047,38400,108.20880126953125
2021-03-12,117.58999633789062,118.12000274658203,117.22000122070312,118.11000061035156,262400,108.30050659179688
2021-03-15,118.11000061035156,118.73999786376953,117.58000183105469,118.62999725341797,32100,108.77731323242188
2021-03-16,119.0,119.12999725341797,118.3499984741211,118.79000091552734,459700,108.92402648925781
2021-03-17,118.16999816894531,119.36000061035156,117.80000305175781,119.20999908447266,49600,109.30914306640625
2021-03-18,118.38999938964844,119.0,117.30999755859375,117.55000305175781,85200,107.78702545166016
2021-03-19,117.48999786376953,117.95999908447266,116.69999694824219,117.58999633789062,38300,107.82368469238281
2021-03-22,117.5199966430664,118.63999938964844,117.5199966430664,118.0999984741211,295200,108.29132843017578
2021-03-23,117.76000213623047,118.0999984741211,116.83999633789062,117.0,81600,107.2826919555664
2021-03-24,117.29000091552734,117.66999816894531,116.36000061035156,116.36000061035156,55600,106.69583892822266
2021-03-25,116.06999969482422,117.16999816894531,115.41000366210938,117.02999877929688,157800,107.3102035522461
2021-03-26,117.44000244140625,118.80000305175781,117.19000244140625,118.5,108800,108.65812683105469
2021-03-29,118.04000091552734,118.62999725341797,117.62000274658203,118.33999633789062,108200,108.51139831542969
2021-03-30,117.87999725341797,118.27999877929688,117.68000030517578,118.08000183105469,31000,108.27298736572266
2021-03-31,118.0999984741211,118.88999938964844,118.0999984741211,118.48999786376953,232300,108.64894104003906
2021-04-01,119.16000366210938,119.87000274658203,119.08999633789062,119.77999877929688,131900,109.8318099975586
2021-04-05,120.56999969482422,121.5999984741211,120.56999969482422,121.41999816894531,41300,111.33558654785156
2021-04-06,121.04000091552734,121.44999694824219,120.9000015258789,121.12000274658203,273800,111.06050109863281
2021-04-07,121.12000274658203,121.37999725341797,121.04000091552734,121.19000244140625,29900,111.12468719482422
2021-04-08,121.7300033569336,122.0999984741211,121.56999969482422,122.02999877929688,105700,111.8949203491211
2021-04-09,121.94999694824219,122.73999786376953,121.94000244140625,122.55999755859375,206700,112.38091278076172
2021-04-12,122.47000122070312,122.56999969482422,122.11000061035156,122.4800033569336,150600,112.30756378173828
2021-04-13,122.58000183105469,123.19000244140625,122.5199966430664,123.11000061035156,46100,112.88523864746094
2021-04-14,123.08999633789062,123.37000274658203,122.56999969482422,122.69000244140625,130600,112.5000991821289
2021-04-15,123.58000183105469,124.02999877929688,123.45999908447266,124.01000213623047,146200,113.71047973632812
2021-04-16,124.48999786376953,124.66000366210938,124.0,124.44000244140625,80800,114.10477447509766
2021-04-19,124.36000061035156,124.44000244140625,123.62999725341797,123.93000030517578,40700,113.63713073730469
2021-04-20,123.31999969482422,123.45999908447266,122.31999969482422,122.70999908447266,51200,112.51844787597656
2021-04-21,122.5199966430664,123.87999725341797,122.33000183105469,123.7699966430664,105400,113.49041748046875
2021-04-22,123.80000305175781,124.22000122070312,122.77999877929688,122.91999816894531,198200,112.71101379394531
2021-04-23,123.26000213623047,124.61000061035156,123.26000213623047,124.22000122070312,25500,113.9030532836914
2021-04-26,124.47000122070312,124.66999816894531,124.31999969482422,124.45999908447266,32300,114.12312316894531
2021-04-27,124.41999816894531,124.55999755859375,124.01000213623047,124.37000274658203,84200,114.04058837890625
2021-04-28,124.44000244140625,124.83999633789062,124.27999877929688,124.44999694824219,48700,114.11394500732422
2021-04-29,125.30999755859375,125.5,123.91000366210938,124.8499984741211,554900,114.48070526123047
2021-04-30,124.18000030517578,124.3499984741211,123.45999908447266,123.61000061035156,172800,113.34369659423828
2021-05-03,124.55999755859375,124.8499984741211,124.19999694824219,124.26000213623047,82900,113.9397201538086
2021-05-04,123.4000015258789,123.48999786376953,122.13999938964844,123.05999755859375,210100,112.83938598632812
2021-05-05,123.97000122070312,124.05000305175781,123.38999938964844,123.55000305175781,38900,113.28868865966797
2021-05-06,123.7699966430664,124.51000213623047,123.26000213623047,124.51000213623047,44400,114.16895294189453
2021-05-07,124.83999633789062,125.79000091552734,124.83999633789062,125.7300033569336,56700,115.28762817382812
2021-05-10,125.88999938964844,125.88999938964844,124.54000091552734,124.61000061035156,46800,114.26065063476562
2021-05-11,122.7300033569336,123.52999877929688,122.23999786376953,123.30999755859375,136000,113.06861877441406
2021-05-12,122.41999816894531,122.91999816894531,120.75,120.83999633789062,75300,110.80376434326172
2021-05-13,121.12999725341797,122.58000183105469,121.12999725341797,122.19000244140625,151000,112.0416488647461
2021-05-14,122.95999908447266,124.20999908447266,122.95999908447266,124.1500015258789,42900,113.8388671875
2021-05-17,123.69000244140625,123.87999725341797,123.16000366210938,123.70999908447266,250000,113.43540954589844
2021-05-18,124.16000366210938,124.27999877929688,123.31999969482422,123.33000183105469,67400,113.08696746826172
2021-05-19,121.75,122.66000366210938,121.26000213623047,122.66000366210938,108600,112.47259521484375
2021-05-20,123.19000244140625,124.48999786376953,123.19000244140625,124.16999816894531,91700,113.85718536376953
2021-05-21,124.69999694824219,124.87999725341797,124.0199966430664,124.18000030517578,33400,113.86636352539062
2021-05-24,124.69000244140625,125.51000213623047,124.69000244140625,125.30000305175781,13600,114.89334106445312
2021-05-25,125.68000030517578,125.75,124.97000122070312,125.05999755859375,193100,114.67328643798828
2021-05-26,125.23999786376953,125.36000061035156,124.93000030517578,125.23999786376953,19300,114.83832550048828
2021-05-27,125.61000061035156,125.69000244140625,125.33999633789062,125.3499984741211,62600,114.9391860961914
2021-05-28,125.76000213623047,126.05000305175781,125.58000183105469,125.5999984741211,201100,115.16841888427734
2021-06-01,126.43000030517578,126.55000305175781,125.66000366210938,125.7300033569336,25900,115.28762817382812
2021-06-02,125.95999908447266,126.19000244140625,125.72000122070312,125.94999694824219,107700,115.4893569946289
2021-06-03,125.26000213623047,125.5999984741211,124.98999786376953,125.43000030517578,33700,115.0125503540039
2021-06-04,126.1500015258789,126.66999816894531,126.13999938964844,126.58000183105469,209900,116.06703186035156
2021-06-07,126.7699966430664,126.83000183105469,126.44000244140625,126.79000091552734,31500,116.25959014892578
2021-06-08,127.05000305175781,127.05000305175781,126.36000061035156,126.80000305175781,54200,116.26876831054688
2021-06-09,126.9800033569336,126.98999786376953,126.54000091552734,126.58000183105469,22600,116.06703186035156
2021-06-10,125.95999908447266,126.3499984741211,125.55999755859375,126.08000183105469,32000,116.5263671875
2021-06-11,126.27999877929688,126.44000244140625,125.94000244140625,126.44000244140625,43000,116.85909271240234
2021-06-14,126.44999694824219,126.70999908447266,126.16999816894531,126.66000366210938,37600,117.06243133544922
2021-06-15,126.81999969482422,126.93000030517578,126.16000366210938,126.41000366210938,244800,116.83136749267578
2021-06-16,126.56999969482422,126.61000061035156,125.16999816894531,125.73999786376953,38200,116.21215057373047
2021-06-17,125.33999633789062,125.73999786376953,124.7699966430664,125.52999877929688,94400,116.0180435180664
2021-06-18,124.18000030517578,124.26000213623047,123.58999633789062,123.61000061035156,120100,114.2435302734375
2021-06-21,124.2300033569336,125.31999969482422,123.95999908447266,125.27999877929688,60500,115.78699493408203
2021-06-22,125.16000366210938,125.98999786376953,124.9800033569336,125.73999786376953,81300,116.21215057373047
2021-06-23,125.83000183105469,125.94000244140625,125.41999816894531,125.41999816894531,38000,115.91638946533203
2021-06-24,126.31999969482422,126.44000244140625,126.20999908447266,126.41999816894531,47900,116.84061431884766
2021-06-25,126.68000030517578,126.80999755859375,126.52999877929688,126.75,20400,117.1456069946289
2021-06-28,126.75,126.7699966430664,126.33000183105469,126.68000030517578,595900,117.08091735839844
2021-06-29,126.93000030517578,126.94999694824219,126.58000183105469,126.77999877929688,57200,117.17332458496094
2021-06-30,126.44999694824219,126.5999984741211,126.30000305175781,126.56999969482422,82900,116.97924041748047
2021-07-01,126.75,127.06999969482422,126.51000213623047,127.05999755859375,281500,117.43212127685547
2021-07-02,127.29000091552734,127.8499984741211,127.16000366210938,127.83999633789062,28600,118.15299987792969
2021-07-06,127.91000366210938,127.91000366210938,126.69999694824219,127.4800033569336,105200,117.82029724121094
2021-07-07,127.83000183105469,127.94999694824219,127.22000122070312,127.94999694824219,74800,118.25466918945312
2021-07-08,126.0,126.80999755859375,125.87000274658203,126.5199966430664,170900,116.93302154541016
2021-07-09,127.44999694824219,128.2899932861328,127.36000061035156,128.22000122070312,89300,118.50421905517578
2021-07-12,128.3000030517578,128.77999877929688,128.19000244140625,128.77000427246094,45800,119.01254272460938
2021-07-13,128.47999572753906,128.7899932861328,128.10000610351562,128.10000610351562,32400,118.39331817626953
2021-07-14,128.8300018310547,128.92999267578125,128.11000061035156,128.39999389648438,198500,118.67057800292969
2021-07-15,127.5999984741211,128.02999877929688,127.19999694824219,127.69999694824219,68000,118.02362823486328
2021-07-16,128.00999450683594,128.00999450683594,126.72000122070312,126.7699966430664,38500,117.16407775878906
2021-07-19,125.25,125.25,124.12000274658203,124.81999969482422,221700,115.36185455322266
2021-07-20,125.02999877929688,126.75,124.69999694824219,126.41000366210938,139100,116.83136749267578
2021-07-21,127.02999877929688,127.79000091552734,126.91000366210938,127.79000091552734,65600,118.10680389404297
2021-07-22,127.95999908447266,128.02999877929688,127.4800033569336,127.98999786376953,164800,118.29165649414062
2021-07-23,128.75,129.27000427246094,128.52999877929688,129.19000244140625,35300,119.40071105957031
2021-07-26,129.05999755859375,129.36000061035156,129.00999450683594,129.27000427246094,169600,119.47463989257812
2021-07-27,129.0500030517578,129.0500030517578,127.98999786376953,128.82000732421875,101200,119.05876159667969
2021-07-28,129.02000427246094,129.27999877929688,128.6199951171875,129.0500030517578,135000,119.27133178710938
2021-07-29,129.57000732421875,130.0,129.57000732421875,129.72000122070312,101300,119.89054870605469
2021-07-30,129.0,129.47999572753906,128.77000427246094,128.8300018310547,38200,119.06800079345703
2021-08-02,129.6699981689453,129.75999450683594,128.85000610351562,129.02999877929688,83900,119.25285339355469
2021-08-03,129.35000610351562,129.94000244140625,128.6699981689453,129.8800048828125,82200,120.03843688964844
2021-08-04,129.69000244140625,129.8699951171875,129.44000244140625,129.47000122070312,51800,119.65950775146484
2021-08-05,129.85000610351562,130.27999877929688,129.85000610351562,130.25999450683594,99800,120.38963317871094
2021-08-06,130.2899932861328,130.3800048828125,129.94000244140625,130.0500030517578,117800,120.19554901123047
2021-08-09,130.25999450683594,130.25999450683594,129.8300018310547,130.07000732421875,37600,120.21404266357422
2021-08-10,130.2100067138672,130.35000610351562,130.02000427246094,130.22000122070312,22500,120.35269165039062
2021-08-11,130.8000030517578,130.88999938964844,130.3300018310547,130.69000244140625,178400,120.78705596923828
2021-08-12,130.67999267578125,131.0,130.33999633789062,130.9600067138672,68800,121.03660583496094
2021-08-13,131.2899932861328,131.38999938964844,131.07000732421875,131.36000061035156,176100,121.40629577636719
2021-08-16,130.83999633789062,131.33999633789062,130.30999755859375,131.32000732421875,37000,121.36931610107422
2021-08-17,130.39999389648438,130.57000732421875,129.52000427246094,130.32000732421875,199000,120.4450912475586
2021-08-18,130.10000610351562,130.4199981689453,129.16000366210938,129.25,72100,119.45614624023438
2021-08-19,128.07000732421875,129.16000366210938,127.93000030517578,128.77000427246094,77800,119.01254272460938
2021-08-20,128.77999877929688,129.72000122070312,128.75999450683594,129.6999969482422,90400,119.8720703125
2021-08-23,130.35000610351562,131.10000610351562,130.35000610351562,130.92999267578125,165000,121.00885772705078
2021-08-24,131.11000061035156,131.4199981689453,130.97000122070312,131.19000244140625,72800,121.24915313720703
2021-08-25,131.25,131.5800018310547,130.9199981689453,131.39999389648438,34200,121.44325256347656
2021-08-26,131.27999877929688,131.33999633789062,130.6199951171875,130.6999969482422,77700,120.79629516601562
2021-08-27,130.8800048828125,131.94000244140625,130.8800048828125,131.8300018310547,58600,121.84069061279297
2021-08-30,132.0500030517578,132.42999267578125,131.9199981689453,132.22000122070312,89600,122.20111083984375
2021-08-31,132.3800048828125,132.63999938964844,131.92999267578125,132.02000427246094,163100,122.01627349853516
2021-09-01,132.5800018310547,132.77999877929688,132.35000610351562,132.4499969482422,125700,122.41368865966797
2021-09-02,132.94000244140625,133.10000610351562,132.57000732421875,132.8699951171875,97700,122.80188751220703
2021-09-03,132.8000030517578,133.22000122070312,132.7100067138672,133.0500030517578,60000,122.96823120117188
2021-09-07,133.11000061035156,133.1300048828125,132.63999938964844,132.7100067138672,59900,122.65398406982422
2021-09-08,132.47000122070312,132.5500030517578,131.8300018310547,132.2899932861328,57100,122.26581573486328
2021-09-09,132.24000549316406,132.7100067138672,131.74000549316406,131.83999633789062,22600,121.84989929199219
2021-09-10,132.64999389648438,132.64999389648438,130.9499969482422,131.08999633789062,60300,121.15673828125
2021-09-13,132.07000732421875,132.10000610351562,130.8699951171875,131.5399932861328,140100,121.57264709472656
2021-09-14,131.8699951171875,132.1300048828125,130.6999969482422,130.91000366210938,147700,120.99038696289062
2021-09-15,130.97000122070312,131.8800048828125,130.77999877929688,131.6999969482422,46800,121.72050476074219
2021-09-16,131.50999450683594,131.75999450683594,130.7899932861328,131.50999450683594,252500,121.54493713378906
2021-09-17,130.99000549316406,131.02000427246094,130.00999450683594,130.16000366210938,50800,120.2972183227539
2021-09-20,127.95999908447266,128.27999877929688,126.48999786376953,127.95999908447266,109900,118.26390075683594
2021-09-21,128.8300018310547,129.27999877929688,128.0399932861328,128.17999267578125,71700,118.46723937988281
2021-09-22,128.91000366210938,129.99000549316406,128.74000549316406,129.30999755859375,101800,119.5116195678711
2021-09-23,130.0500030517578,131.1999969482422,130.0500030517578,130.80999755859375,216000,120.89795684814453
2021-09-24,130.05999755859375,130.72999572753906,130.05999755859375,130.5800018310547,181300,120.68539428710938
2021-09-27,130.25,130.57000732421875,130.0,130.30999755859375,102100,120.43584442138672
2021-09-28,129.1199951171875,129.16000366210938,127.27999877929688,127.52999877929688,122900,117.86650848388672
2021-09-29,128.02000427246094,128.27000427246094,127.36000061035156,127.5199966430664,77800,117.85725402832031
2021-09-30,127.97000122070312,128.05999755859375,126.41999816894531,126.45999908447266,177100,116.87757873535156
2021-10-01,126.81999969482422,127.80999755859375,125.7699966430664,127.48999786376953,125300,117.82952880859375
2021-10-04,127.1500015258789,127.16999816894531,125.30999755859375,126.01000213623047,88900,116.46168518066406
2021-10-05,126.41000366210938,127.6500015258789,126.16000366210938,127.0199966430664,92500,117.39514923095703
2021-10-06,125.75,127.27999877929688,125.2699966430664,127.2699966430664,205600,117.62620544433594
2021-10-07,128.1999969482422,129.07000732421875,128.11000061035156,128.33999633789062,108600,118.61511993408203
2021-10-08,128.7100067138672,128.8699951171875,128.02000427246094,128.1999969482422,30600,118.48573303222656
2021-10-11,128.25999450683594,128.8300018310547,127.38999938964844,127.5199966430664,34500,117.85725402832031
2021-10-12,127.75,127.88999938964844,127.25,127.30000305175781,95300,117.6539306640625
2021-10-13,127.81999969482422,128.2100067138672,127.2699966430664,128.02000427246094,75000,118.31938171386719
2021-10-14,129.22999572753906,130.05999755859375,129.2100067138672,130.05999755859375,35000,120.20478820800781
2021-10-15,130.75999450683594,131.07000732421875,130.52999877929688,131.0,78500,121.07355499267578
2021-10-18,130.32000732421875,131.24000549316406,130.19000244140625,131.19000244140625,161500,121.24915313720703
2021-10-19,131.69000244140625,132.14999389648438,131.55999755859375,132.11000061035156,57700,122.09944152832031
2021-10-20,132.30999755859375,132.67999267578125,132.25,132.52000427246094,63500,122.4783935546875
2021-10-21,132.30999755859375,132.6699981689453,132.16000366210938,132.64999389648438,47200,122.59852600097656
2021-10-22,132.8300018310547,133.11000061035156,132.16000366210938,132.74000549316406,25300,122.68173217773438
2021-10-25,132.92999267578125,133.27000427246094,132.41000366210938,133.11000061035156,52200,123.02366638183594
2021-10-26,133.63999938964844,133.92999267578125,133.16000366210938,133.2899932861328,54500,123.19002532958984
2021-10-27,133.41000366210938,133.47000122070312,132.60000610351562,132.6300048828125,105700,122.58003997802734
2021-10-28,133.10000610351562,133.92999267578125,133.02000427246094,133.86000061035156,55100,123.71685791015625
2021-10-29,133.1300048828125,133.83999633789062,133.1300048828125,133.83999633789062,21800,123.6983642578125
2021-11-01,134.27999877929688,134.47000122070312,133.85000610351562,134.41000366210938,209900,124.22518157958984
2021-11-02,134.38999938964844,134.75999450683594,134.22000122070312,134.69000244140625,281400,124.48400115966797
2021-11-03,134.58999633789062,135.66000366210938,134.4199981689453,135.6199951171875,369600,125.34349060058594
2021-11-04,135.72999572753906,135.97000122070312,135.4600067138672,135.9199981689453,137600,125.62076568603516
2021-11-05,136.5500030517578,136.7100067138672,135.89999389648438,136.36000061035156,106400,126.02742767333984
2021-11-08,136.63999938964844,136.75,136.2899932861328,136.4499969482422,320700,126.11058044433594
2021-11-09,136.6999969482422,136.6999969482422,135.7100067138672,136.0399932861328,66800,125.73165130615234
2021-11-10,135.69000244140625,136.00999450683594,134.4199981689453,134.6999969482422,70900,124.49319458007812
2021-11-11,135.30999755859375,135.30999755859375,134.89999389648438,134.99000549316406,46700,124.76123809814453
2021-11-12,135.50999450683594,136.02999877929688,135.13999938964844,136.02999877929688,38000,125.72240447998047
2021-11-15,136.44000244140625,136.66000366210938,135.7100067138672,135.9199981689453,65700,125.62076568603516
2021-11-16,135.9199981689453,136.60000610351562,135.8699951171875,136.25,105800,125.92574310302734
2021-11-17,136.0,136.0800018310547,135.6999969482422,135.88999938964844,61100,125.593017578125
2021-11-18,136.1300048828125,136.25999450683594,135.4199981689453,136.22000122070312,67900,125.89803314208984
2021-11-19,135.94000244140625,136.17999267578125,135.50999450683594,135.6199951171875,34800,125.34349060058594
2021-11-22,136.00999450683594,136.47000122070312,134.82000732421875,134.9199981689453,159000,124.69654846191406
2021-11-23,134.77999877929688,135.22000122070312,133.99000549316406,134.92999267578125,120500,124.70574951171875
2021-11-24,134.08999633789062,135.07000732421875,133.77999877929688,135.02999877929688,349800,124.7982177734375
2021-11-26,132.8800048828125,133.27999877929688,131.67999267578125,132.0,95500,121.99779510498047
2021-11-29,133.41000366210938,133.6699981689453,132.47999572753906,133.16000366210938,140300,123.06989288330078
2021-11-30,132.50999450683594,133.10000610351562,130.6999969482422,131.10000610351562,282500,121.16598510742188
2021-12-01,132.8300018310547,133.3000030517578,129.47000122070312,129.5500030517578,276500,119.73344421386719
2021-12-02,129.72000122070312,131.77999877929688,129.6300048828125,131.38999938964844,405700,121.43402099609375
2021-12-03,131.9199981689453,131.9199981689453,129.1699981689453,130.39999389648438,267300,120.5190200805664
2021-12-06,131.14999389648438,132.1300048828125,130.27999877929688,131.75,234600,121.76673889160156
2021-12-07,133.52999877929688,134.6199951171875,133.52999877929688,134.5,132600,124.30836486816406
2021-12-08,134.6999969482422,135.08999633789062,134.2899932861328,134.9600067138672,156100,124.73348999023438
2021-12-09,134.50999450683594,134.52999877929688,133.8000030517578,133.8000030517578,146800,123.66140747070312
2021-12-10,134.61000061035156,134.82000732421875,133.67999267578125,134.5800018310547,374400,124.38227844238281
2021-12-13,133.49000549316406,133.49000549316406,132.4199981689453,132.4600067138672,152400,123.29788208007812
2021-12-14,131.63999938964844,132.17999267578125,130.8000030517578,131.39999389648438,252000,122.3111801147461
2021-12-15,131.8000030517578,133.5800018310547,130.9499969482422,133.39999389648438,269300,124.17285919189453
2021-12-16,134.2899932861328,134.2899932861328,132.1699981689453,132.75999450683594,185200,123.57711029052734
2021-12-17,131.75999450683594,132.47000122070312,130.97999572753906,131.35000610351562,209800,122.26464080810547
2021-12-20,130.08999633789062,130.27000427246094,129.22000122070312,130.25,387000,121.24072265625
2021-12-21,131.2100067138672,132.35000610351562,130.64999389648438,132.35000610351562,607500,123.19548797607422
2021-12-22,132.38999938964844,133.63999938964844,132.19000244140625,133.52000427246094,212300,124.28456115722656
2021-12-23,133.97000122070312,134.8300018310547,133.77999877929688,134.47999572753906,245800,125.17815399169922
2021-12-27,134.8000030517578,135.9600067138672,134.7899932861328,135.9600067138672,218000,126.55577087402344
2021-12-28,136.1999969482422,136.41000366210938,135.74000549316406,135.82000732421875,104700,126.42548370361328
2021-12-29,135.75,136.16000366210938,135.58999633789062,135.91000366210938,76300,126.5092544555664
2021-12-30,135.97999572753906,136.27999877929688,135.5399932861328,135.63999938964844,163900,126.3294677734375
2021-12-31,135.64999389648438,135.8300018310547,135.1999969482422,135.32000732421875,122300,126.03148651123047
2022-01-03,135.8699951171875,136.0500030517578,135.08999633789062,136.0500030517578,371900,126.71136474609375
2022-01-04,136.5500030517578,136.69000244140625,135.6199951171875,136.0500030517578,170700,126.71136474609375
2022-01-05,136.07000732421875,136.24000549316406,133.66000366210938,133.77000427246094,109100,124.58782958984375
2022-01-06,133.38999938964844,134.16000366210938,132.77000427246094,133.52000427246094,306000,124.35501098632812
2022-01-07,133.25,133.74000549316406,132.60000610351562,133.19000244140625,212800,124.04768371582031
2022-01-10,132.1199951171875,132.69000244140625,130.41000366210938,132.63999938964844,467000,123.53540802001953
2022-01-11,132.6300048828125,134.0399932861328,132.0,134.02000427246094,346300,124.82070922851562
2022-01-12,134.7100067138672,135.02000427246094,134.0800018310547,134.61000061035156,241900,125.37018585205078
2022-01-13,135.05999755859375,135.11000061035156,132.80999755859375,132.97999572753906,237900,123.85206604003906
2022-01-14,132.14999389648438,133.02000427246094,131.67999267578125,133.0,276400,123.87069702148438
2022-01-18,131.32000732421875,131.60000610351562,130.41000366210938,130.61000061035156,599000,121.64476776123047
2022-01-19,131.27000427246094,131.55999755859375,129.58999633789062,129.6699981689453,222300,120.769287109375
2022-01-20,130.2899932861328,131.50999450683594,128.41000366210938,128.4600067138672,171600,119.64234161376953
2022-01-21,128.22999572753906,128.60000610351562,126.18000030517578,126.19000244140625,347200,117.52816009521484
2022-01-24,124.29000091552734,126.25,121.29000091552734,126.0999984741211,593500,117.44432830810547
2022-01-25,124.4000015258789,126.08999633789062,122.97000122070312,124.8499984741211,172400,116.2801284790039
2022-01-26,126.58000183105469,127.19000244140625,123.36000061035156,124.41999816894531,190300,115.87965393066406
2022-01-27,125.51000213623047,126.16999816894531,123.4000015258789,123.76000213623047,146100,115.26494598388672
2022-01-28,123.8499984741211,125.9800033569336,122.63999938964844,125.94000244140625,363400,117.2953109741211
2022-01-31,125.9800033569336,128.42999267578125,125.66000366210938,128.32000732421875,211600,119.511962890625
2022-02-01,128.82000732421875,129.4499969482422,127.91000366210938,129.3699951171875,134900,120.4898681640625
2022-02-02,130.0399932861328,130.58999633789062,129.44000244140625,130.4499969482422,114400,121.49574279785156
2022-02-03,128.77000427246094,129.2100067138672,127.44000244140625,127.63999938964844,87300,118.87862396240234
2022-02-04,127.54000091552734,129.17999267578125,127.0,128.22000122070312,86800,119.41881561279297
2022-02-07,128.4600067138672,128.94000244140625,127.75,128.05999755859375,273900,119.26976776123047
2022-02-08,127.83000183105469,129.17999267578125,127.45999908447266,128.97999572753906,343800,120.12664031982422
2022-02-09,130.3800048828125,131.0,130.32000732421875,130.9499969482422,156800,121.96141815185547
2022-02-10,129.27999877929688,131.1999969482422,128.4199981689453,128.91000366210938,87600,120.06145477294922
2022-02-11,128.97000122070312,129.47000122070312,126.19000244140625,126.63999938964844,87900,117.94725799560547
2022-02-14,126.4000015258789,126.63999938964844,125.12000274658203,126.11000061035156,236800,117.45364379882812
2022-02-15,127.4800033569336,128.41000366210938,127.38999938964844,128.3000030517578,983000,119.49332427978516
2022-02-16,127.77999877929688,128.72999572753906,127.37000274658203,128.52999877929688,119700,119.70752716064453
2022-02-17,127.58000183105469,127.62000274658203,125.8499984741211,126.04000091552734,78700,117.38845825195312
2022-02-18,126.05000305175781,126.25,124.5,125.0999984741211,476600,116.51296997070312
2022-02-22,124.30999755859375,125.08999633789062,122.6500015258789,123.61000061035156,503100,115.125244140625
2022-02-23,124.58999633789062,124.79000091552734,121.62999725341797,121.81999969482422,139900,113.45811462402344
2022-02-24,118.20999908447266,122.5999984741211,117.94000244140625,122.41999816894531,512500,114.01692962646484
2022-02-25,123.19999694824219,125.44000244140625,122.73999786376953,125.27999877929688,225700,116.68061065673828
2022-02-28,123.77999877929688,125.27999877929688,123.23999786376953,124.58000183105469,291800,116.02865600585938
2022-03-01,124.2699966430664,124.6500015258789,121.83000183105469,122.55999755859375,302800,114.1473159790039
2022-03-02,123.2699966430664,124.87000274658203,122.86000061035156,124.58000183105469,266000,116.02865600585938
2022-03-03,124.9800033569336,124.9800033569336,122.80999755859375,123.23999786376953,160100,114.78063201904297
2022-03-04,121.58000183105469,121.76000213623047,120.41000366210938,121.58999633789062,144200,113.24390411376953
2022-03-07,121.0,121.26000213623047,117.87000274658203,117.94999694824219,913300,109.85375213623047
2022-03-08,118.18000030517578,120.25,116.97000122070312,117.55000305175781,184400,109.4812240600586
2022-03-09,120.56999969482422,121.63999938964844,119.77999877929688,121.16999816894531,230800,112.85272216796875
2022-03-10,119.80000305175781,120.75,119.19999694824219,120.43000030517578,476400,112.16352844238281
2022-03-11,121.33000183105469,121.37999725341797,118.87000274658203,118.9000015258789,217900,110.73854064941406
2022-03-14,119.48999786376953,120.47000122070312,118.12000274658203,118.43000030517578,215100,110.30081176757812
2022-03-15,119.33999633789062,120.81999969482422,118.75,120.66999816894531,282200,112.38705444335938
2022-03-16,122.29000091552734,123.9800033569336,120.94999694824219,123.83000183105469,193400,115.33014678955078
2022-03-17,123.52999877929688,125.4000015258789,123.30000305175781,125.12999725341797,173000,116.54090881347656
2022-03-18,124.73999786376953,126.95999908447266,124.61000061035156,126.73999786376953,274900,118.04039764404297
2022-03-21,126.73999786376953,127.23999786376953,125.66000366210938,126.61000061035156,223700,117.91931915283203
2022-03-22,127.20999908447266,128.27999877929688,126.91000366210938,128.0800018310547,171500,119.28842163085938
2022-03-23,127.16999816894531,127.61000061035156,126.43000030517578,126.48999786376953,136900,117.80756378173828
2022-03-24,127.08999633789062,128.05999755859375,126.70999908447266,128.0500030517578,107600,119.26048278808594
2022-03-25,128.25999450683594,128.5500030517578,127.38999938964844,128.44000244140625,178000,119.62370300292969
2022-03-28,128.1300048828125,129.0399932861328,127.5199966430664,129.00999450683594,624200,120.1545639038086
2022-03-29,130.6199951171875,131.08999633789062,129.89999389648438,131.00999450683594,262300,122.01728820800781
2022-03-30,130.72000122070312,130.8800048828125,129.6999969482422,130.17999267578125,191000,121.24427032470703
2022-03-31,129.82000732421875,130.07000732421875,128.0500030517578,128.16000366210938,247400,119.36293029785156
2022-04-01,128.75,128.82000732421875,127.77999877929688,128.80999755859375,177300,119.96829986572266
2022-04-04,128.82000732421875,129.8000030517578,128.6699981689453,129.72999572753906,240300,120.82516479492188
2022-04-05,129.25,129.80999755859375,127.75,128.00999450683594,48700,119.22322082519531
2022-04-06,126.94000244140625,127.29000091552734,125.80000305175781,126.61000061035156,242900,117.91931915283203
2022-04-07,126.5199966430664,127.55999755859375,125.72000122070312,127.16000366210938,99300,118.43157958984375
2022-04-08,126.8499984741211,127.55999755859375,126.33000183105469,126.79000091552734,133700,118.08697509765625
2022-04-11,125.93000030517578,126.08999633789062,124.70999908447266,124.88999938964844,196500,116.31739807128906
2022-04-12,125.61000061035156,126.20999908447266,123.95999908447266,124.31999969482422,109100,115.78651428222656
2022-04-13,124.19000244140625,125.94000244140625,124.19000244140625,125.88999938964844,195200,117.24874114990234
2022-04-14,125.95999908447266,126.25,124.52999877929688,124.61000061035156,235400,116.05660247802734
2022-04-18,124.08999633789062,124.9800033569336,123.83999633789062,124.19000244140625,228500,115.66542053222656
2022-04-19,124.13999938964844,126.05999755859375,124.13999938964844,125.73999786376953,210900,117.10904693603516
2022-04-20,126.55000305175781,126.69999694824219,125.75,125.91999816894531,656300,117.27667236328125
2022-04-21,127.0,127.47000122070312,123.9000015258789,124.04000091552734,224300,115.5257339477539
2022-04-22,123.91999816894531,123.91999816894531,120.8499984741211,120.9800033569336,188300,112.67578125
2022-04-25,120.11000061035156,121.41000366210938,118.95999908447266,121.2699966430664,200400,112.94585418701172
2022-04-26,120.62000274658203,120.62000274658203,118.0,118.01000213623047,617600,109.9096450805664
2022-04-27,118.37000274658203,119.62999725341797,117.69999694824219,118.44999694824219,359300,110.3194351196289
2022-04-28,119.62999725341797,121.44000244140625,118.41000366210938,121.0,257800,112.69438934326172
2022-04-29,120.38999938964844,121.0,117.22000122070312,117.41999816894531,288900,109.3601303100586
2022-05-02,117.12000274658203,118.19000244140625,115.52999877929688,117.83999633789062,242300,109.75130462646484
2022-05-03,118.18000030517578,119.06999969482422,117.87000274658203,118.47000122070312,260300,110.33805847167969
2022-05-04,118.66000366210938,121.87000274658203,117.56999969482422,121.52999877929688,219900,113.18801879882812
2022-05-05,120.27999877929688,120.27999877929688,116.01000213623047,117.0999984741211,684800,109.06209564208984
2022-05-06,116.36000061035156,117.2699966430664,114.91999816894531,116.33999633789062,435200,108.35426330566406
2022-05-09,114.44000244140625,114.6500015258789,112.12999725341797,112.56999969482422,302000,104.8430404663086
2022-05-10,114.20999908447266,114.58000183105469,111.83000183105469,112.83000183105469,197000,105.085205078125
2022-05-11,112.79000091552734,114.33000183105469,111.19999694824219,111.33999633789062,338000,103.69747161865234
2022-05-12,110.5999984741211,112.2699966430664,109.6500015258789,111.30000305175781,286300,103.66021728515625
2022-05-13,112.76000213623047,114.52999877929688,112.55000305175781,114.16000366210938,461700,106.32391357421875
2022-05-16,113.80999755859375,114.79000091552734,113.25,113.81999969482422,222600,106.00723266601562
2022-05-17,115.80000305175781,116.16999816894531,114.76000213623047,116.12999725341797,224300,108.15867614746094
2022-05-18,115.0,115.0,111.73999786376953,112.04000091552734,220300,104.34941864013672
2022-05-19,111.51000213623047,113.12000274658203,111.16000366210938,111.98999786376953,263700,104.3028564453125
2022-05-20,113.37999725341797,113.37999725341797,110.16000366210938,112.31999969482422,270600,104.61019897460938
2022-05-23,113.36000061035156,114.45999908447266,112.70999908447266,114.25,352600,106.40773010253906
2022-05-24,113.29000091552734,113.75,111.94999694824219,113.43000030517578,127700,105.64401245117188
2022-05-25,112.94999694824219,114.77999877929688,112.94999694824219,114.2699966430664,241600,106.42635345458984
2022-05-26,114.63999938964844,116.62000274658203,114.54000091552734,116.2699966430664,198900,108.28907012939453
2022-05-27,117.04000091552734,118.72000122070312,117.04000091552734,118.66999816894531,225800,110.52432250976562
2022-05-31,118.43000030517578,118.86000061035156,117.33999633789062,117.94000244140625,371100,109.84445190429688
2022-06-01,118.5999984741211,118.80999755859375,116.31999969482422,117.01000213623047,390800,108.97827911376953
2022-06-02,117.3499984741211,119.41000366210938,116.76000213623047,119.37999725341797,154300,111.18559265136719
2022-06-03,118.08000183105469,118.22000122070312,117.18000030517578,117.41000366210938,229700,109.35082244873047
2022-06-06,118.7699966430664,119.02999877929688,117.55999755859375,117.83000183105469,161400,109.74198913574219
2022-06-07,116.80000305175781,118.8499984741211,116.69999694824219,118.80999755859375,158000,110.65472412109375
2022-06-08,118.16000366210938,118.58000183105469,117.27999877929688,117.44999694824219,267000,109.38807678222656
2022-06-09,115.93000030517578,116.3499984741211,113.7300033569336,113.7300033569336,130900,106.83946228027344
2022-06-10,111.87999725341797,111.87999725341797,110.41000366210938,110.5,201800,103.80514526367188
2022-06-13,107.72000122070312,108.06999969482422,105.88999938964844,106.25,477300,99.81263732910156
2022-06-14,106.83999633789062,107.0,104.86000061035156,105.72000122070312,301000,99.31475830078125
2022-06-15,106.83000183105469,108.56999969482422,105.63999938964844,107.47000122070312,247400,100.95872497558594
2022-06-16,105.2699966430664,105.2699966430664,103.70999908447266,104.25,242900,97.93380737304688
2022-06-17,104.41999816894531,105.05999755859375,103.44000244140625,104.33999633789062,168000,98.01835632324219
2022-06-21,106.08000183105469,106.97000122070312,105.94000244140625,106.51000213623047,374400,100.05687713623047
2022-06-22,105.30999755859375,107.19999694824219,105.30999755859375,106.16000366210938,343700,99.72809600830078
2022-06-23,106.63999938964844,106.91000366210938,105.58999633789062,106.81999969482422,177300,100.34810638427734
2022-06-24,107.87999725341797,110.05999755859375,107.87999725341797,110.05999755859375,292100,103.39179992675781
2022-06-27,110.5,110.5,109.41000366210938,109.79000091552734,467100,103.1381607055664
2022-06-28,110.41999816894531,110.98999786376953,107.9000015258789,107.93000030517578,558100,101.3908462524414
2022-06-29,108.23999786376953,108.29000091552734,107.30999755859375,107.73999786376953,138100,101.21236419677734
2022-06-30,106.47000122070312,107.41000366210938,105.4800033569336,106.87999725341797,82200,100.40447998046875
2022-07-01,106.51000213623047,107.83000183105469,105.68000030517578,107.76000213623047,237200,101.23116302490234
2022-07-05,105.69000244140625,107.41999816894531,105.06999969482422,107.30000305175781,737000,100.79903411865234
2022-07-06,107.48999786376953,108.19000244140625,106.61000061035156,107.55999755859375,633800,101.04328918457031
2022-07-07,108.3499984741211,109.4800033569336,108.3499984741211,109.20999908447266,485300,102.59329986572266
2022-07-08,108.7300033569336,109.69999694824219,108.33000183105469,109.25,368700,102.6308822631836
2022-07-11,108.36000061035156,108.45999908447266,107.58999633789062,107.66999816894531,227100,101.1466064453125
2022-07-12,107.54000091552734,108.13999938964844,106.69999694824219,107.12000274658203,284700,100.62994384765625
2022-07-13,105.69000244140625,107.33000183105469,105.56999969482422,106.7699966430664,216800,100.30113983154297
2022-07-14,105.04000091552734,106.05000305175781,104.16000366210938,105.98999786376953,126900,99.5683822631836
2022-07-15,107.19999694824219,107.80999755859375,106.5199966430664,107.79000091552734,236400,101.25933837890625
2022-07-18,108.83000183105469,109.22000122070312,107.12000274658203,107.44999694824219,179300,100.93994140625
2022-07-19,108.87999725341797,110.4800033569336,108.66999816894531,110.37000274658203,112100,103.68302917480469
2022-07-20,110.36000061035156,111.12999725341797,109.98999786376953,110.66999816894531,231300,103.96485137939453
2022-07-21,110.55999755859375,111.86000061035156,110.05999755859375,111.86000061035156,169000,105.0827407836914
2022-07-22,112.0999984741211,112.29000091552734,110.37000274658203,110.94000244140625,152000,104.21849822998047
2022-07-25,111.26000213623047,111.4800033569336,110.77999877929688,111.31999969482422,384100,104.57546997070312
2022-07-26,110.7699966430664,110.7699966430664,109.72000122070312,109.83999633789062,83700,103.18512725830078
2022-07-27,110.83999633789062,113.0199966430664,110.73999786376953,112.66999816894531,252800,105.84367370605469
2022-07-28,112.94999694824219,114.05000305175781,111.94999694824219,113.91000366210938,421900,107.008544921875
2022-07-29,114.2300033569336,115.72000122070312,114.06999969482422,115.56999969482422,241400,108.56796264648438
2022-08-01,115.0,115.9000015258789,114.83999633789062,115.37999725341797,188000,108.38947296142578
2022-08-02,114.79000091552734,115.6500015258789,114.19000244140625,114.37000274658203,93400,107.44068145751953
2022-08-03,115.0,116.11000061035156,114.83999633789062,115.81999969482422,135600,108.80282592773438
2022-08-04,115.80999755859375,116.20999908447266,115.5199966430664,116.0,193700,108.97191619873047
2022-08-05,114.72000122070312,115.7699966430664,114.70999908447266,115.63999938964844,246100,108.63372802734375
2022-08-08,116.1500015258789,116.9000015258789,115.41999816894531,115.5999984741211,782700,108.59615325927734
2022-08-09,115.48999786376953,115.56999969482422,114.7699966430664,115.0199966430664,123300,108.05130004882812
2022-08-10,117.12999725341797,117.66000366210938,116.79000091552734,117.56999969482422,192900,110.44678497314453
2022-08-11,118.30000305175781,118.81999969482422,117.38999938964844,117.5999984741211,134100,110.4749755859375
2022-08-12,118.16999816894531,119.29000091552734,117.81999969482422,119.2300033569336,331500,112.0062255859375
2022-08-15,118.52999877929688,119.43000030517578,118.5,119.36000061035156,242300,112.12834167480469
2022-08-16,119.0,120.02999877929688,118.81999969482422,119.5999984741211,341100,112.35382080078125
2022-08-17,118.44000244140625,119.18000030517578,118.0,118.66000366210938,119600,111.47076416015625
2022-08-18,118.61000061035156,118.9000015258789,118.27999877929688,118.66999816894531,84000,111.48014068603516
2022-08-19,117.91999816894531,117.91999816894531,116.88999938964844,117.08000183105469,218600,109.98648071289062
2022-08-22,115.81999969482422,115.81999969482422,114.56999969482422,114.7300033569336,327400,107.77886199951172
2022-08-23,114.7300033569336,115.48999786376953,114.48999786376953,114.7300033569336,87700,107.77886199951172
2022-08-24,114.4800033569336,115.33000183105469,114.26000213623047,115.05000305175781,78600,108.07948303222656
2022-08-25,115.4800033569336,116.56999969482422,115.19999694824219,116.55000305175781,214900,109.48860168457031
2022-08-26,116.5199966430664,116.70999908447266,112.88999938964844,112.91000366210938,297500,106.06913757324219
2022-08-29,112.11000061035156,113.0,111.88999938964844,112.27999877929688,313600,105.477294921875
2022-08-30,112.77999877929688,112.8499984741211,110.61000061035156,111.13999938964844,180700,104.40636444091797
2022-08-31,111.48999786376953,111.72000122070312,110.2300033569336,110.27999877929688,157900,103.59846496582031
2022-09-01,109.31999969482422,110.11000061035156,108.43000030517578,109.95999908447266,168400,103.29786682128906
2022-09-02,111.0,111.5,108.56999969482422,108.9800033569336,193800,102.37724304199219
2022-09-06,109.2699966430664,109.51000213623047,108.01000213623047,108.51000213623047,1053100,101.93572998046875
2022-09-07,108.13999938964844,110.33000183105469,108.13999938964844,110.18000030517578,113600,103.50453186035156
2022-09-08,109.4800033569336,110.94000244140625,109.12000274658203,110.75,180500,104.04000854492188
2022-09-09,111.88999938964844,113.06999969482422,111.88999938964844,112.9000015258789,292700,106.05973052978516
2022-09-12,113.76000213623047,114.45999908447266,113.68000030517578,114.20999908447266,250100,107.29036712646484
2022-09-13,111.86000061035156,112.05999755859375,109.33000183105469,109.54000091552734,96300,102.90330505371094
2022-09-14,109.95999908447266,110.37000274658203,109.13999938964844,109.97000122070312,507300,103.3072509765625
2022-09-15,109.44999694824219,110.2699966430664,108.54000091552734,108.8499984741211,527600,102.25511932373047
2022-09-16,107.72000122070312,108.08999633789062,107.12999725341797,108.01000213623047,86800,101.46600341796875
2022-09-19,106.9800033569336,108.63999938964844,106.93000030517578,108.63999938964844,197500,102.0578384399414
2022-09-20,107.54000091552734,107.77999877929688,106.63999938964844,107.30999755859375,225200,100.80841827392578
2022-09-21,107.72000122070312,108.38999938964844,105.5,105.58999633789062,103800,99.19264221191406
2022-09-22,105.41999816894531,105.69000244140625,104.5,104.70999908447266,459700,98.3659439086914
2022-09-23,103.30000305175781,103.30000305175781,101.29000091552734,102.38999938964844,393100,96.18651580810547
2022-09-26,101.7699966430664,102.7699966430664,100.77999877929688,101.1500015258789,587600,95.02163696289062
2022-09-27,102.13999938964844,102.70999908447266,100.18000030517578,100.87999725341797,294700,94.76799011230469
2022-09-28,101.0,103.38999938964844,100.33999633789062,102.94999694824219,466800,96.71257781982422
2022-09-29,101.8499984741211,101.91999816894531,100.2699966430664,101.16999816894531,268100,95.04042053222656
2022-09-30,100.77999877929688,102.0,99.9000015258789,99.94999694824219,329600,93.89432525634766
2022-10-03,100.9800033569336,102.93000030517578,100.55000305175781,102.4000015258789,374200,96.19590759277344
2022-10-04,104.3499984741211,105.95999908447266,104.3499984741211,105.88999938964844,219400,99.47444152832031
2022-10-05,104.52999877929688,105.9800033569336,103.80999755859375,105.48999786376953,307300,99.09869384765625
2022-10-06,104.7699966430664,105.54000091552734,104.04000091552734,104.19000244140625,315400,97.87745666503906
2022-10-07,103.20999908447266,103.20999908447266,101.12000274658203,101.55000305175781,330200,95.39739227294922
2022-10-10,101.88999938964844,101.88999938964844,100.13999938964844,100.91000366210938,342900,94.79618835449219
2022-10-11,100.25,101.45999908447266,99.58000183105469,100.05000305175781,306900,93.98828125
2022-10-12,100.0,100.41999816894531,99.58000183105469,99.73999786376953,290300,93.69705963134766
2022-10-13,97.76000213623047,102.5199966430664,97.44000244140625,102.30999755859375,481800,96.1113510131836
2022-10-14,102.9000015258789,103.16000366210938,99.83000183105469,99.95999908447266,563300,93.90373229980469
2022-10-17,101.87999725341797,102.87999725341797,101.87999725341797,102.52999877929688,308900,96.3180160522461
2022-10-18,104.62999725341797,104.7300033569336,102.76000213623047,103.62999725341797,293800,97.35137939453125
2022-10-19,103.0199966430664,103.58999633789062,101.98999786376953,102.75,262900,96.52469635009766
2022-10-20,102.66000366210938,103.95999908447266,101.86000061035156,102.08000183105469,394700,95.89527893066406
2022-10-21,101.80000305175781,104.4000015258789,101.41000366210938,104.27999877929688,226800,97.96199798583984
2022-10-24,104.58999633789062,105.4000015258789,103.80000305175781,105.06999969482422,465800,98.70413970947266
2022-10-25,105.37999725341797,107.18000030517578,105.37999725341797,107.05999755859375,356200,100.57355499267578
2022-10-26,106.44000244140625,108.16999816894531,106.44000244140625,106.80000305175781,248800,100.3293228149414
2022-10-27,107.0999984741211,107.6500015258789,106.16000366210938,106.25,487600,99.81263732910156
2022-10-28,106.23999786376953,108.37000274658203,106.20999908447266,108.27999877929688,603900,101.71965026855469
2022-10-31,107.44999694824219,107.93000030517578,107.18000030517578,107.41999816894531,462900,100.91175842285156
2022-11-01,108.94000244140625,108.94000244140625,107.05000305175781,107.44000244140625,884300,100.9305419921875
2022-11-02,107.38999938964844,108.63999938964844,104.91999816894531,104.97000122070312,466200,98.61019897460938
2022-11-03,103.76000213623047,104.6500015258789,103.31999969482422,103.94000244140625,229000,97.6426010131836
2022-11-04,106.04000091552734,106.70999908447266,104.5,106.12000274658203,395900,99.6905288696289
2022-11-07,106.45999908447266,107.19999694824219,105.95999908447266,106.93000030517578,390500,100.4514389038086
2022-11-08,107.4000015258789,108.54000091552734,106.68000030517578,107.69999694824219,205100,101.1747817993164
2022-11-09,107.11000061035156,107.33999633789062,105.56999969482422,105.66000366210938,281600,99.25838470458984
2022-11-10,109.61000061035156,111.61000061035156,109.13999938964844,111.48999786376953,400400,104.73516082763672
2022-11-11,112.12999725341797,113.2699966430664,111.56999969482422,113.0199966430664,431400,106.17247009277344
2022-11-14,112.3499984741211,113.13999938964844,111.83000183105469,111.88999938964844,867700,105.11092376708984
2022-11-15,113.66000366210938,113.93000030517578,111.79000091552734,112.86000061035156,554600,106.02216339111328
2022-11-16,112.54000091552734,112.73999786376953,111.94000244140625,112.12999725341797,602600,105.33638763427734
2022-11-17,110.72000122070312,111.94999694824219,110.66999816894531,111.83999633789062,401600,105.06395721435547
2022-11-18,112.7300033569336,112.7300033569336,111.55999755859375,112.26000213623047,254100,105.4585189819336
2022-11-21,111.5999984741211,111.86000061035156,111.08999633789062,111.58999633789062,376300,104.82910919189453
2022-11-22,112.18000030517578,113.19999694824219,111.91999816894531,113.18000030517578,302300,106.3227767944336
2022-11-23,113.16999816894531,114.19000244140625,113.12999725341797,114.05000305175781,292000,107.14005279541016
2022-11-25,113.87000274658203,114.33000183105469,113.87000274658203,114.19999694824219,320500,107.28096771240234
2022-11-28,113.38999938964844,113.86000061035156,112.27999877929688,112.51000213623047,309800,105.69336700439453
2022-11-29,112.5999984741211,112.94999694824219,111.98999786376953,112.41000366210938,154900,105.59943389892578
2022-11-30,112.73999786376953,115.47000122070312,112.04000091552734,115.44000244140625,546300,108.44583892822266
2022-12-01,116.16999816894531,116.37999725341797,115.1500015258789,115.81999969482422,268300,108.80282592773438
2022-12-02,114.44000244140625,115.94000244140625,114.44000244140625,115.69000244140625,897300,108.68070983886719
2022-12-05,114.9800033569336,115.19999694824219,113.30999755859375,113.62999725341797,400800,106.74551391601562
2022-12-06,113.58999633789062,113.80000305175781,111.73999786376953,112.30999755859375,207300,105.50548553466797
2022-12-07,112.1500015258789,112.73999786376953,111.9000015258789,112.16999816894531,298800,105.37397003173828
2022-12-08,112.62000274658203,113.19999694824219,112.13999938964844,112.9800033569336,276200,106.13490295410156
2022-12-09,112.80999755859375,113.48999786376953,112.3499984741211,112.4000015258789,408300,105.59003448486328
2022-12-12,112.62000274658203,113.58000183105469,112.36000061035156,113.54000091552734,455800,106.66097259521484
2022-12-13,116.04000091552734,116.04000091552734,113.18000030517578,113.86000061035156,366800,107.748291015625
2022-12-14,113.88999938964844,114.73999786376953,112.5,113.33000183105469,276500,107.24673461914062
2022-12-15,111.91999816894531,112.0,110.05000305175781,110.43000030517578,303100,104.50240325927734
2022-12-16,109.70999908447266,110.04000091552734,108.68000030517578,109.2699966430664,437000,103.4046630859375
2022-12-19,109.45999908447266,109.4800033569336,108.05999755859375,108.48999786376953,1266100,102.6665267944336
2022-12-20,108.2699966430664,109.20999908447266,108.13999938964844,108.76000213623047,308900,102.92203521728516
2022-12-21,109.47000122070312,110.55000305175781,109.36000061035156,110.26000213623047,613700,104.34153747558594
2022-12-22,109.52999877929688,109.55999755859375,107.41999816894531,108.88999938964844,490000,103.04505920410156
2022-12-23,108.63999938964844,109.44000244140625,108.23999786376953,109.44000244140625,266700,103.56553649902344
2022-12-27,109.52999877929688,109.93000030517578,108.73999786376953,109.18000030517578,572300,103.31949615478516
2022-12-28,109.30000305175781,109.61000061035156,107.86000061035156,107.87000274658203,316300,102.07981872558594
2022-12-29,108.87999725341797,109.97000122070312,108.69000244140625,109.73999786376953,463300,103.84942626953125
2022-12-30,108.94000244140625,109.30000305175781,108.38999938964844,109.25,369200,103.3857421875
2023-01-03,110.04000091552734,110.56999969482422,108.38999938964844,109.0999984741211,592600,103.24378967285156
2023-01-04,110.08000183105469,110.6500015258789,109.19999694824219,110.16999816894531,223500,104.25636291503906
2023-01-05,109.4800033569336,109.4800033569336,108.80000305175781,108.87999725341797,196800,103.03559112548828
2023-01-06,109.69999694824219,111.68000030517578,108.97000122070312,111.44999694824219,287600,105.46764373779297
2023-01-09,112.25,113.0,111.5,111.58000183105469,459800,105.5906753540039
2023-01-10,111.33999633789062,112.19000244140625,111.0999984741211,112.19000244140625,111000,106.16793060302734
2023-01-11,112.66999816894531,113.41999816894531,112.48999786376953,113.41000366210938,181600,107.32244110107422
2023-01-12,113.94000244140625,114.55999755859375,112.81999969482422,114.29000091552734,178600,108.15519714355469
2023-01-13,113.5,114.88999938964844,113.47000122070312,114.80000305175781,288700,108.63782501220703
2023-01-17,115.01000213623047,115.33000183105469,114.55000305175781,114.79000091552734,680200,108.62835693359375
2023-01-18,115.37999725341797,115.62999725341797,113.4000015258789,113.47000122070312,431900,107.37922668457031
2023-01-19,112.83999633789062,113.31999969482422,112.36000061035156,112.75,250900,106.69786834716797
2023-01-20,113.05999755859375,114.61000061035156,112.6500015258789,114.55999755859375,288400,108.41071319580078
2023-01-23,114.69000244140625,116.08999633789062,114.41000366210938,115.69999694824219,367200,109.4895248413086
2023-01-24,115.25,115.7699966430664,114.81999969482422,115.58999633789062,126100,109.38542175292969
2023-01-25,114.55000305175781,115.86000061035156,114.0999984741211,115.81999969482422,112000,109.60308074951172
2023-01-26,116.37000274658203,116.77999877929688,115.55000305175781,116.77999877929688,147600,110.51154327392578
2023-01-27,116.38999938964844,117.48999786376953,116.30999755859375,116.94999694824219,462000,110.67241668701172
2023-01-30,116.18000030517578,116.77999877929688,115.56999969482422,115.62999725341797,486500,109.42328643798828
2023-01-31,115.69999694824219,117.05999755859375,115.5,117.01000213623047,192900,110.72920227050781
2023-02-01,116.83999633789062,118.87999725341797,116.16000366210938,118.23999786376953,228000,111.89318084716797
2023-02-02,119.18000030517578,119.77999877929688,118.48999786376953,119.43000030517578,572100,113.01929473876953
2023-02-03,118.04000091552734,119.30000305175781,117.8499984741211,118.16999816894531,417400,111.82693481445312
2023-02-06,117.29000091552734,117.56999969482422,116.7300033569336,117.30000305175781,145700,111.00363159179688
2023-02-07,116.94999694824219,118.9000015258789,116.66999816894531,118.6500015258789,206900,112.28118133544922
2023-02-08,118.16999816894531,118.44999694824219,117.33000183105469,117.52999877929688,182400,111.2212905883789
2023-02-09,118.77999877929688,118.77999877929688,116.51000213623047,116.81999969482422,126000,110.5494155883789
2023-02-10,116.41000366210938,116.93000030517578,116.1500015258789,116.83000183105469,173200,110.55886840820312
2023-02-13,117.06999969482422,118.20999908447266,116.93000030517578,118.12999725341797,212500,111.78907775878906
2023-02-14,117.7300033569336,118.83000183105469,117.08999633789062,118.27999877929688,115600,111.9310302734375
2023-02-15,117.44000244140625,118.44999694824219,117.23999786376953,118.44999694824219,733500,112.09191131591797
2023-02-16,117.16000366210938,118.26000213623047,116.95999908447266,117.16000366210938,481400,110.87115478515625
2023-02-17,116.5,116.98999786376953,116.04000091552734,116.87999725341797,282800,110.6061782836914
2023-02-21,115.77999877929688,116.08000183105469,114.79000091552734,114.87999725341797,173400,108.71353912353516
2023-02-22,114.95999908447266,115.2300033569336,114.25,114.62000274658203,217600,108.46749114990234
2023-02-23,115.38999938964844,115.47000122070312,113.94999694824219,115.16999816894531,205600,108.98796844482422
2023-02-24,113.55999755859375,113.8499984741211,113.06999969482422,113.6500015258789,144500,107.549560546875
2023-02-27,114.80999755859375,115.16999816894531,114.16999816894531,114.36000061035156,242800,108.22144317626953
2023-02-28,114.29000091552734,114.62999725341797,113.97000122070312,113.9800033569336,718000,107.86184692382812
2023-03-01,114.08000183105469,114.30999755859375,113.41000366210938,113.83000183105469,188300,107.71990203857422
2023-03-02,113.2300033569336,114.69000244140625,113.11000061035156,114.4800033569336,174100,108.33502197265625
2023-03-03,115.05000305175781,116.3499984741211,114.8499984741211,116.2699966430664,1060800,110.02892303466797
2023-03-06,116.38999938964844,116.88999938964844,116.0999984741211,116.22000122070312,115000,109.98161315917969
2023-03-07,116.18000030517578,116.18000030517578,114.19999694824219,114.37999725341797,71300,108.2403793334961
2023-03-08,114.52999877929688,114.88999938964844,114.06999969482422,114.6500015258789,171200,108.49588775634766
2023-03-09,114.83000183105469,115.25,112.61000061035156,112.8499984741211,176800,106.79249572753906
2023-03-10,112.66999816894531,113.1500015258789,110.91000366210938,111.25,287100,105.27838897705078
2023-03-13,110.18000030517578,112.05000305175781,109.7699966430664,110.93000030517578,305700,104.9755630493164
2023-03-14,112.36000061035156,112.97000122070312,111.44000244140625,112.62000274658203,146200,106.5748519897461
2023-03-15,110.2699966430664,111.06999969482422,109.4800033569336,111.04000091552734,591400,105.07965850830078
2023-03-16,110.3499984741211,112.91000366210938,110.2300033569336,112.88999938964844,239900,106.83036041259766
2023-03-17,112.3499984741211,112.55999755859375,111.18000030517578,111.55999755859375,146200,105.57173919677734
2023-03-20,111.98999786376953,112.97000122070312,111.91000366210938,112.77999877929688,205500,106.72626495361328
2023-03-21,114.05000305175781,114.51000213623047,113.55000305175781,114.38999938964844,117400,108.24983215332031
2023-03-22,114.3499984741211,115.19999694824219,112.9000015258789,112.91000366210938,235200,106.84928894042969
2023-03-23,113.68000030517578,114.73999786376953,112.41999816894531,113.08999633789062,140200,107.01962280273438
2023-03-24,112.48999786376953,113.44999694824219,111.97000122070312,113.41999816894531,98800,107.3319091796875
2023-03-27,114.02999877929688,114.37999725341797,113.58999633789062,113.95999908447266,134300,107.8429183959961
2023-03-28,113.86000061035156,114.02999877929688,113.37999725341797,113.87000274658203,243700,107.75775146484375
2023-03-29,115.11000061035156,115.45999908447266,114.69999694824219,115.41000366210938,330700,109.215087890625
2023-03-30,116.27999877929688,116.44000244140625,115.83999633789062,116.25,198300,110.00999450683594
2023-03-31,116.55000305175781,117.69999694824219,116.55000305175781,117.66999816894531,242400,111.35377502441406
2023-04-03,117.7300033569336,118.2699966430664,117.48999786376953,118.22000122070312,155400,111.8742446899414
2023-04-04,118.44999694824219,118.55999755859375,117.44999694824219,117.7699966430664,122300,111.44840240478516
2023-04-05,117.5,117.62000274658203,116.86000061035156,117.26000213623047,155000,110.9657974243164
2023-04-06,117.12999725341797,117.81999969482422,116.80999755859375,117.68000030517578,46500,111.36324310302734
2023-04-10,117.02999877929688,117.80999755859375,116.83000183105469,117.79000091552734,189700,111.46733856201172
2023-04-11,117.94999694824219,118.33000183105469,117.79000091552734,117.94000244140625,75100,111.60929107666016
2023-04-12,118.83000183105469,118.91000366210938,117.73999786376953,117.83999633789062,132600,111.5146484375
2023-04-13,118.48999786376953,119.52999877929688,118.36000061035156,119.41999816894531,68100,113.00984191894531
2023-04-14,119.31999969482422,119.80999755859375,118.55999755859375,119.13999938964844,62400,112.74486541748047
2023-04-17,119.04000091552734,119.33000183105469,118.62000274658203,119.30999755859375,125700,112.90574645996094
2023-04-18,119.91999816894531,119.93000030517578,119.30000305175781,119.62000274658203,183800,113.19911193847656
2023-04-19,119.05999755859375,119.63999938964844,119.05000305175781,119.44000244140625,119000,113.02877044677734
2023-04-20,118.69999694824219,119.44000244140625,118.58999633789062,118.97000122070312,60400,112.58399200439453
2023-04-21,119.12999725341797,119.2300033569336,118.58999633789062,119.22000122070312,95100,112.82057189941406
2023-04-24,119.2300033569336,119.41999816894531,118.87000274658203,119.36000061035156,311900,112.95305633544922
2023-04-25,118.87999725341797,118.87999725341797,117.4800033569336,117.48999786376953,103500,111.18343353271484
2023-04-26,117.87000274658203,118.0199966430664,116.9800033569336,117.11000061035156,266000,110.82383728027344
2023-04-27,117.87999725341797,119.20999908447266,117.73999786376953,119.18000030517578,81100,112.78273010253906
2023-04-28,118.68000030517578,119.79000091552734,118.68000030517578,119.79000091552734,163300,113.35997772216797
2023-05-01,119.77999877929688,120.1500015258789,119.66999816894531,119.66999816894531,44700,113.24642181396484
2023-05-02,119.29000091552734,119.30000305175781,117.55999755859375,118.37000274658203,198500,112.01619720458984
2023-05-03,118.52999877929688,119.4800033569336,117.8499984741211,117.86000061035156,49600,111.53357696533203
2023-05-04,117.63999938964844,117.76000213623047,117.0,117.29000091552734,80100,110.99417877197266
2023-05-05,118.31999969482422,119.58999633789062,118.31999969482422,119.3499984741211,73500,112.94359588623047
2023-05-08,119.45999908447266,119.5199966430664,119.12000274658203,119.4000015258789,57400,112.99092102050781
2023-05-09,118.73999786376953,119.16999816894531,118.70999908447266,118.91000366210938,71200,112.5272216796875
2023-05-10,119.6500015258789,119.70999908447266,118.36000061035156,119.19999694824219,64400,112.80164337158203
2023-05-11,118.80000305175781,118.97000122070312,118.27999877929688,118.91999816894531,98100,112.53668212890625
2023-05-12,119.22000122070312,119.31999969482422,118.16000366210938,118.75,67300,112.37580871582031
2023-05-15,119.08000183105469,119.56999969482422,118.69999694824219,119.45999908447266,262900,113.04768371582031
2023-05-16,119.02999877929688,119.23999786376953,118.43000030517578,118.43000030517578,66600,112.07298278808594
2023-05-17,118.9000015258789,119.73999786376953,118.47000122070312,119.55999755859375,125700,113.14231872558594
2023-05-18,119.5,120.41999816894531,119.37000274658203,120.33000183105469,97600,113.8709945678711
2023-05-19,120.61000061035156,120.81999969482422,120.12000274658203,120.38999938964844,69100,113.92777252197266
2023-05-22,120.3499984741211,120.8499984741211,120.19000244140625,120.47000122070312,49300,114.00347900390625
2023-05-23,119.87000274658203,120.11000061035156,118.94000244140625,119.02999877929688,94500,112.6407699584961
2023-05-24,118.33999633789062,118.45999908447266,117.63999938964844,117.91000366210938,126800,111.58090209960938
2023-05-25,118.4800033569336,118.66999816894531,117.91999816894531,118.41000366210938,118100,112.05406951904297
2023-05-26,118.81999969482422,120.05000305175781,118.69999694824219,119.91000366210938,97900,113.47354125976562
2023-05-30,120.1500015258789,120.29000091552734,119.20999908447266,119.5199966430664,132400,113.1044692993164
2023-05-31,118.88999938964844,119.06999969482422,118.1500015258789,118.5999984741211,411100,112.23384857177734
2023-06-01,118.97000122070312,120.33999633789062,118.70999908447266,120.02999877929688,144300,113.58709716796875
2023-06-02,121.12999725341797,121.97000122070312,121.0,121.83000183105469,120700,115.29048156738281
2023-06-05,121.79000091552734,122.04000091552734,121.29000091552734,121.45999908447266,92500,114.94034576416016
2023-06-06,121.30000305175781,122.0999984741211,121.23999786376953,121.9800033569336,124200,115.43242645263672
2023-06-07,120.77999877929688,121.0999984741211,120.02999877929688,120.16000366210938,126600,114.81137084960938
2023-06-08,120.3499984741211,121.05000305175781,120.11000061035156,120.94999694824219,111000,115.56619262695312
2023-06-09,121.19999694824219,121.58000183105469,120.83999633789062,121.08999633789062,102600,115.69995880126953
2023-06-12,121.41000366210938,122.04000091552734,121.2300033569336,122.02999877929688,50700,116.59812927246094
2023-06-13,122.66000366210938,123.0999984741211,122.56999969482422,122.94999694824219,106900,117.47716522216797
2023-06-14,123.33000183105469,123.72000122070312,122.29000091552734,123.18000030517578,49900,117.69693756103516
2023-06-15,123.11000061035156,124.98999786376953,123.01000213623047,124.69999694824219,308300,119.14927673339844
2023-06-16,125.26000213623047,125.33000183105469,124.23999786376953,124.29000091552734,140500,118.75752258300781
2023-06-20,123.61000061035156,123.63999938964844,122.88999938964844,123.23999786376953,558000,117.75425720214844
2023-06-21,123.02999877929688,123.41999816894531,122.66000366210938,122.91000366210938,277100,117.43895721435547
2023-06-22,122.37000274658203,123.0199966430664,122.27999877929688,122.88999938964844,182900,117.41983032226562
2023-06-23,121.72000122070312,122.20999908447266,121.55999755859375,121.79000091552734,129900,116.36881256103516
2023-06-26,121.75,122.16999816894531,121.4000015258789,121.54000091552734,155800,116.12993621826172
2023-06-27,121.7300033569336,122.93000030517578,121.63999938964844,122.80000305175781,113100,117.33385467529297
2023-06-28,122.43000030517578,123.08999633789062,122.38999938964844,122.81999969482422,333200,117.35295867919922
2023-06-29,122.69000244140625,123.18000030517578,122.5,123.18000030517578,47800,117.69693756103516
2023-06-30,124.08000183105469,124.77999877929688,124.08000183105469,124.5199966430664,117200,118.97727966308594
2023-07-03,124.56999969482422,124.83999633789062,124.4800033569336,124.80000305175781,135600,119.24482727050781
2023-07-05,124.04000091552734,124.33999633789062,123.95999908447266,124.16000366210938,341800,118.63331604003906
2023-07-06,122.83000183105469,122.87999725341797,122.0199966430664,122.7699966430664,234000,117.30518341064453
2023-07-07,122.6500015258789,123.79000091552734,122.54000091552734,122.87000274658203,47700,117.40074157714844
2023-07-10,122.73999786376953,123.25,122.70999908447266,123.25,113000,117.7638168334961
2023-07-11,123.56999969482422,124.18000030517578,123.27999877929688,124.18000030517578,80700,118.65242004394531
2023-07-12,125.41999816894531,125.79000091552734,125.2300033569336,125.52999877929688,131300,119.94232177734375
2023-07-13,126.4000015258789,127.18000030517578,126.36000061035156,126.9800033569336,291700,121.32778930664062
2023-07-14,127.04000091552734,127.25,126.54000091552734,126.63999938964844,103400,121.00292205810547
2023-07-17,126.5199966430664,127.05000305175781,126.44000244140625,126.91999816894531,47700,121.27044677734375
2023-07-18,127.0,128.02999877929688,126.87999725341797,127.93000030517578,90300,122.23550415039062
2023-07-19,128.1300048828125,128.38999938964844,127.91999816894531,128.10000610351562,91900,122.39794158935547
2023-07-20,127.87999725341797,128.0399932861328,127.1500015258789,127.33000183105469,184100,121.6622085571289
2023-07-21,127.77999877929688,127.79000091552734,127.3499984741211,127.4000015258789,56700,121.7291030883789
2023-07-24,127.48999786376953,127.80000305175781,127.2300033569336,127.58999633789062,151500,121.9106216430664
2023-07-25,127.58000183105469,128.22000122070312,127.58000183105469,127.91999816894531,256600,122.22594451904297
2023-07-26,127.47000122070312,128.27999877929688,127.47000122070312,128.00999450683594,210900,122.31192779541016
2023-07-27,128.92999267578125,129.00999450683594,127.05000305175781,127.22000122070312,250000,121.55709838867188
2023-07-28,128.25999450683594,128.60000610351562,127.98999786376953,128.44000244140625,238400,122.72279357910156
2023-07-31,128.63999938964844,128.8300018310547,128.27000427246094,128.5399932861328,207200,122.81835174560547
2023-08-01,128.02000427246094,128.17999267578125,127.63999938964844,127.91000366210938,163500,122.21637725830078
2023-08-02,126.86000061035156,126.86000061035156,125.6500015258789,125.9000015258789,433000,120.29586791992188
2023-08-03,125.11000061035156,125.95999908447266,124.94999694824219,125.5199966430664,242100,119.93277740478516
2023-08-04,126.0,126.70999908447266,125.02999877929688,125.22000122070312,120500,119.64613342285156
2023-08-07,125.87999725341797,126.30999755859375,125.5199966430664,126.29000091552734,262200,120.66850280761719
2023-08-08,125.29000091552734,125.72000122070312,124.63999938964844,125.6500015258789,232200,120.05699157714844
2023-08-09,125.73999786376953,125.73999786376953,124.7699966430664,125.01000213623047,202800,119.44548034667969
2023-08-10,125.9000015258789,126.69000244140625,124.87000274658203,125.16999816894531,220100,119.59835052490234
2023-08-11,124.58000183105469,125.08999633789062,124.33999633789062,124.87000274658203,280600,119.31170654296875
2023-08-14,124.43000030517578,125.16999816894531,124.16000366210938,125.16999816894531,83100,119.59835052490234
2023-08-15,124.54000091552734,124.62999725341797,123.43000030517578,123.68000030517578,170200,118.17469024658203
2023-08-16,123.51000213623047,123.87000274658203,122.63999938964844,122.69999694824219,770300,117.2383041381836
2023-08-17,123.06999969482422,123.2300033569336,121.70999908447266,121.8499984741211,247400,116.4261245727539
2023-08-18,121.02999877929688,122.0999984741211,120.88999938964844,121.81999969482422,320600,116.39747619628906
2023-08-21,122.08000183105469,122.70999908447266,121.58999633789062,122.56999969482422,180000,117.11408996582031
2023-08-22,122.97000122070312,122.98999786376953,122.04000091552734,122.20999908447266,820100,116.77011108398438
2023-08-23,122.5999984741211,123.73999786376953,122.55000305175781,123.51000213623047,57700,118.01223754882812
2023-08-24,123.81999969482422,123.81999969482422,121.87000274658203,121.87000274658203,46600,116.44525146484375
2023-08-25,122.43000030517578,123.02999877929688,121.37000274658203,122.69999694824219,140400,117.2383041381836
2023-08-28,123.47000122070312,123.77999877929688,123.19000244140625,123.63999938964844,79200,118.1364517211914
2023-08-29,123.62000274658203,125.48999786376953,123.4800033569336,125.4000015258789,184600,119.81810760498047
2023-08-30,125.58999633789062,126.06999969482422,125.36000061035156,125.88999938964844,558200,120.28630828857422
2023-08-31,125.98999786376953,126.25,125.58999633789062,125.69999694824219,513800,120.1047592163086
2023-09-01,126.55000305175781,126.61000061035156,125.55000305175781,125.91000366210938,137200,120.305419921875
2023-09-05,125.79000091552734,125.79000091552734,125.16999816894531,125.20999908447266,124200,119.6365737915039
2023-09-06,125.0199966430664,125.05999755859375,123.87999725341797,124.44999694824219,198100,118.91040802001953
2023-09-07,123.66999816894531,124.2300033569336,123.5,124.08999633789062,84800,118.56642150878906
2023-09-08,124.12000274658203,124.55000305175781,123.94999694824219,124.12000274658203,205400,118.5950927734375
2023-09-11,124.9000015258789,125.1500015258789,124.6500015258789,125.08999633789062,127700,119.52191162109375
2023-09-12,124.7300033569336,124.95999908447266,124.4000015258789,124.4800033569336,110500,118.9390640258789
2023-09-13,124.41000366210938,124.77999877929688,124.22000122070312,124.5199966430664,87300,118.97727966308594
2023-09-14,125.37000274658203,125.87000274658203,124.9800033569336,125.72000122070312,84600,120.12387084960938
2023-09-15,125.54000091552734,125.58000183105469,124.55999755859375,124.62000274658203,106400,119.07284545898438
2023-09-18,124.4800033569336,124.79000091552734,124.16000366210938,124.5199966430664,94900,118.97727966308594
2023-09-19,124.37999725341797,124.51000213623047,123.69999694824219,124.33999633789062,69500,118.80529022216797
2023-09-20,124.83000183105469,124.93000030517578,123.41000366210938,123.43000030517578,242200,117.93580627441406
2023-09-21,122.55999755859375,122.55999755859375,121.33999633789062,121.36000061035156,227000,115.95794677734375
2023-09-22,121.80000305175781,122.08000183105469,121.08999633789062,121.16999816894531,188600,115.77639770507812
2023-09-25,120.70999908447266,121.43000030517578,120.5199966430664,121.38999938964844,155600,115.98661041259766
2023-09-26,120.5,120.68000030517578,119.5,119.66999816894531,132400,114.34317016601562
2023-09-27,120.12999725341797,120.1500015258789,118.68000030517578,119.58000183105469,283000,114.2571792602539
2023-09-28,119.52999877929688,120.8499984741211,119.44000244140625,120.5199966430664,123000,115.15533447265625
2023-09-29,121.43000030517578,121.52999877929688,119.9000015258789,120.16999816894531,278200,114.82091522216797
2023-10-02,119.77999877929688,120.01000213623047,118.95999908447266,119.51000213623047,204400,114.19029235839844
2023-10-03,118.7699966430664,119.11000061035156,117.5199966430664,117.94000244140625,287200,112.690185546875
2023-10-04,118.16999816894531,118.72000122070312,117.5199966430664,118.62999725341797,150800,113.3494644165039
2023-10-05,118.6500015258789,119.08000183105469,118.0199966430664,118.87999725341797,234800,113.58833312988281
2023-10-06,118.37000274658203,120.6500015258789,117.9000015258789,120.25,88300,114.89735412597656
2023-10-09,119.63999938964844,120.98999786376953,119.56999969482422,120.79000091552734,79400,115.41331481933594
2023-10-10,121.4000015258789,122.44999694824219,121.25,121.77999877929688,142000,116.35924530029297
2023-10-11,122.25,122.38999938964844,121.5,122.31999969482422,153000,116.8752212524414
2023-10-12,122.52999877929688,122.52999877929688,120.83000183105469,121.37999725341797,157800,115.97705078125
2023-10-13,121.68000030517578,121.94999694824219,120.27999877929688,120.68000030517578,175400,115.30821990966797
2023-10-16,121.20999908447266,121.98999786376953,121.12999725341797,121.8499984741211,97700,116.4261245727539
2023-10-17,120.94999694824219,122.33000183105469,120.88999938964844,121.83999633789062,220100,116.41658020019531
2023-10-18,121.22000122070312,121.31999969482422,119.81999969482422,120.05999755859375,149900,114.71581268310547
2023-10-19,120.1500015258789,120.58000183105469,118.79000091552734,118.9800033569336,322600,113.68389129638672
2023-10-20,118.83000183105469,118.95999908447266,117.5999984741211,117.6500015258789,285800,112.41310119628906
2023-10-23,117.22000122070312,118.48999786376953,116.66999816894531,117.5,149200,112.269775390625
2023-10-24,117.93000030517578,118.55999755859375,117.58999633789062,118.30000305175781,166000,113.03416442871094
2023-10-25,117.86000061035156,117.86000061035156,116.66000366210938,116.7699966430664,162000,111.57225799560547
2023-10-26,116.43000030517578,116.63999938964844,115.29000091552734,115.58000183105469,360600,110.43524169921875
2023-10-27,116.13999938964844,116.13999938964844,114.69999694824219,115.01000213623047,146000,109.89060974121094
2023-10-30,115.9000015258789,116.62000274658203,115.62999725341797,116.43000030517578,198300,111.24739074707031
2023-10-31,116.51000213623047,117.16999816894531,116.13999938964844,117.11000061035156,258200,111.89712524414062
2023-11-01,117.36000061035156,118.43000030517578,117.25,118.31999969482422,141600,113.05326080322266
2023-11-02,119.72000122070312,120.73999786376953,119.69000244140625,120.72000122070312,200700,115.346435546875
2023-11-03,121.5999984741211,122.33999633789062,121.44999694824219,121.93000030517578,237700,116.50257110595703
2023-11-06,122.02999877929688,122.25,121.44999694824219,121.88999938964844,233400,116.46436309814453
2023-11-07,121.7300033569336,122.19000244140625,121.4000015258789,121.98999786376953,213000,116.55990600585938
2023-11-08,122.16999816894531,122.33999633789062,121.41999816894531,122.0199966430664,127000,116.58856964111328
2023-11-09,122.62000274658203,122.62000274658203,121.25,121.30999755859375,128400,115.91017150878906
2023-11-10,121.80000305175781,122.93000030517578,121.2300033569336,122.83999633789062,187300,117.37205505371094
2023-11-13,122.41000366210938,123.08999633789062,122.2300033569336,122.87999725341797,192600,117.41029357910156
2023-11-14,124.80999755859375,125.76000213623047,124.62999725341797,125.45999908447266,155600,119.87544250488281
2023-11-15,125.8499984741211,126.22000122070312,125.51000213623047,125.66000366210938,89500,120.06655883789062
2023-11-16,125.48999786376953,125.80999755859375,125.19000244140625,125.66000366210938,196500,120.06655883789062
2023-11-17,126.06999969482422,126.38999938964844,125.87000274658203,126.30000305175781,219500,120.67806243896484
2023-11-20,126.23999786376953,127.26000213623047,126.12000274658203,127.06999969482422,336700,121.41377258300781
2023-11-21,126.94999694824219,126.95999908447266,126.58000183105469,126.80000305175781,157000,121.15580749511719
2023-11-22,127.2699966430664,127.47000122070312,126.81999969482422,127.2300033569336,233100,121.566650390625
2023-11-24,127.27999877929688,127.55999755859375,127.2699966430664,127.5199966430664,253200,121.84374237060547
2023-11-27,127.30999755859375,127.5,127.18000030517578,127.30999755859375,690000,121.64310455322266
2023-11-28,127.08999633789062,127.75,127.0,127.41000366210938,233000,121.7386474609375
2023-11-29,127.9800033569336,128.1999969482422,127.33000183105469,127.43000030517578,666400,121.75775909423828
2023-11-30,127.69999694824219,127.88999938964844,127.13999938964844,127.77999877929688,554600,122.09217834472656
2023-12-01,127.6500015258789,128.8800048828125,127.5199966430664,128.75999450683594,440800,123.02854919433594
2023-12-04,127.69999694824219,128.17999267578125,127.43000030517578,128.0399932861328,291300,122.34059143066406
2023-12-05,127.5199966430664,128.1300048828125,127.5199966430664,127.83999633789062,331300,122.14950561523438
2023-12-06,128.5800018310547,128.67999267578125,127.48999786376953,127.54000091552734,316400,121.86286163330078
2023-12-07,128.11000061035156,128.58999633789062,127.86000061035156,128.4600067138672,205200,122.7419204711914
2023-12-08,128.25,129.11000061035156,128.1999969482422,128.9199981689453,194700,123.18142700195312
2023-12-11,128.6999969482422,129.4199981689453,128.6999969482422,129.41000366210938,485900,123.64962768554688
2023-12-12,129.3800048828125,129.8000030517578,128.92999267578125,129.75,759700,123.9744873046875
2023-12-13,129.91000366210938,131.72999572753906,129.64999389648438,131.6699981689453,241000,125.80902862548828
2023-12-14,132.3800048828125,132.77999877929688,131.72000122070312,132.36000061035156,292400,126.46830749511719
2023-12-15,132.11000061035156,132.3699951171875,131.72000122070312,131.9499969482422,340600,126.07655334472656
2023-12-18,132.4199981689453,132.72999572753906,132.22999572753906,132.55999755859375,502900,126.6594009399414
2023-12-19,132.8300018310547,133.5,132.8300018310547,133.47999572753906,226600,127.53844451904297
2023-12-20,132.27000427246094,132.6999969482422,130.5800018310547,130.6300048828125,341500,125.84201049804688
2023-12-21,131.7100067138672,132.22999572753906,131.1699981689453,132.16000366210938,246300,127.31590270996094
2023-12-22,132.5,132.83999633789062,131.89999389648438,132.42999267578125,166300,127.57601928710938
2023-12-26,132.63999938964844,133.25,132.61000061035156,132.97999572753906,272100,128.10586547851562
2023-12-27,133.05999755859375,133.4199981689453,132.97999572753906,133.36000061035156,163400,128.47195434570312
2023-12-28,133.49000549316406,133.64999389648438,133.19000244140625,133.27999877929688,166100,128.39486694335938
2023-12-29,133.2100067138672,133.52000427246094,132.5800018310547,133.02000427246094,194800,128.1444091796875
2024-01-02,132.02999877929688,132.3300018310547,131.52999877929688,131.91000366210938,919100,127.07508850097656
2024-01-03,131.22000122070312,131.41000366210938,130.66000366210938,130.85000610351562,234500,126.0539321899414
2024-01-04,130.7899932861328,131.5500030517578,130.66000366210938,130.6999969482422,329100,125.90943908691406
2024-01-05,130.6699981689453,131.6300048828125,130.5399932861328,130.86000061035156,214800,126.06356048583984
2024-01-08,131.08999633789062,132.61000061035156,131.02999877929688,132.58999633789062,352600,127.73015594482422
2024-01-09,131.77000427246094,132.38999938964844,131.55999755859375,132.05999755859375,246700,127.2195816040039
2024-01-10,132.3800048828125,133.0500030517578,132.22000122070312,132.8300018310547,314600,127.96135711669922
2024-01-11,133.05999755859375,133.22000122070312,131.69000244140625,132.82000732421875,132500,127.95172882080078
2024-01-12,133.30999755859375,133.60000610351562,132.72000122070312,132.92999267578125,221000,128.05767822265625
2024-01-16,132.24000549316406,132.5500030517578,131.61000061035156,132.00999450683594,641400,127.1714096069336
2024-01-17,130.9600067138672,131.2100067138672,130.47999572753906,131.14999389648438,362600,126.34294128417969
2024-01-18,131.5500030517578,132.35000610351562,131.27000427246094,132.25,227900,127.40261840820312
2024-01-19,132.47999572753906,133.6300048828125,132.19000244140625,133.6300048828125,126000,128.73204040527344
2024-01-22,134.05999755859375,134.36000061035156,133.77999877929688,133.94000244140625,235000,129.03070068359375
2024-01-23,134.02000427246094,134.17999267578125,133.57000732421875,134.11000061035156,247400,129.19444274902344
2024-01-24,135.11000061035156,135.3699951171875,134.33999633789062,134.4199981689453,242300,129.4930877685547
2024-01-25,134.91000366210938,135.02000427246094,134.39999389648438,134.9499969482422,244500,130.00364685058594
2024-01-26,135.14999389648438,135.4499969482422,134.8699951171875,135.07000732421875,295300,130.1192626953125
2024-01-29,135.16000366210938,136.1199951171875,134.9600067138672,136.11000061035156,197900,131.12115478515625
2024-01-30,135.86000061035156,136.08999633789062,135.72000122070312,135.99000549316406,311700,131.00552368164062
2024-01-31,135.67999267578125,135.82000732421875,134.11000061035156,134.1999969482422,371300,129.28114318847656
2024-02-01,134.61000061035156,135.8000030517578,134.39999389648438,135.75,54000,130.77432250976562
2024-02-02,135.52999877929688,136.74000549316406,135.3300018310547,136.4499969482422,164000,131.4486846923828
2024-02-05,136.1199951171875,136.17999267578125,135.14999389648438,135.83999633789062,193200,130.86102294921875
2024-02-06,136.0,136.3699951171875,135.7899932861328,136.3699951171875,128200,131.37159729003906
2024-02-07,136.74000549316406,137.25,136.67999267578125,137.14999389648438,100000,132.12301635742188
2024-02-08,137.16000366210938,137.3000030517578,136.8699951171875,137.22999572753906,139900,132.20008850097656
2024-02-09,137.39999389648438,138.0,137.3300018310547,137.89999389648438,69000,132.84552001953125
2024-02-12,137.97000122070312,138.55999755859375,137.89999389648438,138.0,55700,132.94187927246094
2024-02-13,136.17999267578125,136.49000549316406,135.13999938964844,135.92999267578125,206100,130.94772338867188
2024-02-14,136.7100067138672,137.5,136.36000061035156,137.3800048828125,268600,132.3446044921875
2024-02-15,137.72999572753906,138.5800018310547,137.69000244140625,138.5500030517578,183200,133.47171020507812
2024-02-16,138.39999389648438,138.85000610351562,137.88999938964844,138.0399932861328,277100,132.98040771484375
2024-02-20,137.9499969482422,138.08999633789062,137.16000366210938,137.61000061035156,337800,132.56614685058594
2024-02-21,137.27999877929688,137.72000122070312,136.8300018310547,137.6999969482422,136400,132.65286254882812
2024-02-22,139.33999633789062,140.35000610351562,139.16000366210938,140.17999267578125,148400,135.04196166992188
2024-02-23,140.4600067138672,140.72999572753906,140.08999633789062,140.3300018310547,248500,135.18646240234375
2024-02-26,140.3300018310547,140.49000549316406,139.60000610351562,139.7899932861328,448600,134.66624450683594
2024-02-27,140.0,140.1999969482422,139.64999389648438,140.14999389648438,152500,135.01304626464844
2024-02-28,139.49000549316406,139.89999389648438,139.49000549316406,139.7100067138672,187000,134.58920288085938
2024-02-29,140.27000427246094,140.52000427246094,139.4600067138672,140.27999877929688,329900,135.13829040527344
2024-03-01,140.60000610351562,141.60000610351562,140.25,141.5399932861328,259400,136.3520965576172
2024-03-04,141.3300018310547,141.83999633789062,141.24000549316406,141.3699951171875,268400,136.18833923339844
2024-03-05,140.99000549316406,141.19000244140625,139.72000122070312,140.27000427246094,223600,135.128662109375
2024-03-06,141.4600067138672,141.85000610351562,140.92999267578125,141.32000732421875,139000,136.14016723632812
2024-03-07,142.19000244140625,143.02999877929688,142.0399932861328,142.83999633789062,71500,137.60446166992188
2024-03-08,142.99000549316406,143.61000061035156,141.82000732421875,142.0800018310547,178800,136.87232971191406
2024-03-11,141.57000732421875,141.8000030517578,140.97999572753906,141.6699981689453,200700,136.4773406982422
2024-03-12,142.27000427246094,143.1999969482422,141.5399932861328,143.16000366210938,277700,137.91275024414062
2024-03-13,143.1999969482422,143.36000061035156,142.69000244140625,143.02999877929688,75100,137.78749084472656
2024-03-14,143.13999938964844,143.27999877929688,141.69000244140625,142.39999389648438,132400,137.18060302734375
2024-03-15,141.8300018310547,142.2100067138672,141.35000610351562,141.74000549316406,110500,136.54478454589844
2024-03-18,142.64999389648438,142.85000610351562,142.1199951171875,142.1699981689453,503300,136.95899963378906
2024-03-19,142.0500030517578,142.91000366210938,141.74000549316406,142.8699951171875,134300,137.63336181640625
2024-03-20,142.88999938964844,144.32000732421875,142.69000244140625,144.2100067138672,92500,138.9242401123047
2024-03-21,144.9499969482422,145.10000610351562,144.61000061035156,144.6699981689453,174000,139.36740112304688
2024-03-22,144.63999938964844,144.67999267578125,144.22000122070312,144.39999389648438,66600,139.10726928710938
2024-03-25,143.9600067138672,144.3000030517578,143.9600067138672,144.0,120100,138.72193908691406
2024-03-26,144.36000061035156,144.50999450683594,143.75999450683594,143.80999755859375,217400,138.53890991210938
2024-03-27,144.47999572753906,144.9199981689453,144.0500030517578,144.91000366210938,958100,139.5985870361328
2024-03-28,144.91000366210938,145.14999389648438,144.66000366210938,144.91000366210938,111400,139.5985870361328
2024-04-01,144.8000030517578,145.11000061035156,144.14999389648438,144.5,130200,139.20361328125
2024-04-02,143.42999267578125,143.5399932861328,142.89999389648438,143.5,259900,138.24026489257812
2024-04-03,143.3300018310547,144.24000549316406,143.3300018310547,143.92999267578125,133800,138.65451049804688
2024-04-04,145.0,145.19000244140625,142.2899932861328,142.3000030517578,96500,137.08424377441406
2024-04-05,142.47000122070312,144.0,142.39999389648438,143.55999755859375,159200,138.29806518554688
2024-04-08,144.0,144.0800018310547,143.6199951171875,143.72000122070312,167100,138.4522247314453
2024-04-09,144.3000030517578,144.41000366210938,142.77999877929688,143.8300018310547,143700,138.55816650390625
2024-04-10,142.2100067138672,142.85000610351562,141.80999755859375,142.24000549316406,161300,137.0264434814453
2024-04-11,142.75,143.47000122070312,141.6300048828125,143.22000122070312,165000,137.9705352783203
2024-04-12,142.0,142.49000549316406,140.67999267578125,140.99000549316406,254800,135.822265625
2024-04-15,142.25,142.33999633789062,139.3800048828125,139.5500030517578,149400,134.43505859375
2024-04-16,139.22999572753906,139.64999389648438,138.63999938964844,138.97999572753906,174500,133.88595581054688
2024-04-17,139.72999572753906,139.72999572753906,138.02999877929688,138.52000427246094,194700,133.44281005859375
2024-04-18,138.77999877929688,139.27999877929688,137.85000610351562,138.11000061035156,199400,133.04782104492188
2024-04-19,138.0399932861328,138.4199981689453,136.92999267578125,137.30999755859375,128900,132.27716064453125
2024-04-22,138.07000732421875,139.25,137.5800018310547,138.50999450683594,245500,133.43316650390625
2024-04-23,139.10000610351562,140.3300018310547,139.00999450683594,140.05999755859375,447800,134.92636108398438
2024-04-24,140.3300018310547,140.50999450683594,139.41000366210938,139.9499969482422,383800,134.82037353515625
2024-04-25,138.30999755859375,139.67999267578125,137.75,139.4499969482422,355000,134.3386993408203
2024-04-26,140.27999877929688,141.02000427246094,140.27999877929688,140.8000030517578,76600,135.6392364501953
2024-04-29,141.25999450683594,141.38999938964844,140.72999572753906,141.22999572753906,129400,136.05348205566406
2024-04-30,140.6999969482422,141.0500030517578,139.0399932861328,139.1699981689453,186500,134.06898498535156
2024-05-01,138.8300018310547,140.5500030517578,138.5800018310547,138.60000610351562,45300,133.51986694335938
2024-05-02,139.75999450683594,140.3300018310547,138.89999389648438,140.0800018310547,135600,134.9456329345703
2024-05-03,141.8800048828125,142.05999755859375,141.05999755859375,141.77999877929688,140900,136.5833282470703
2024-05-06,142.5399932861328,143.1699981689453,142.47999572753906,143.1699981689453,74700,137.92236328125
2024-05-07,143.38999938964844,143.66000366210938,143.17999267578125,143.32000732421875,111500,138.06686401367188
2024-05-08,142.80999755859375,143.35000610351562,142.72999572753906,143.30999755859375,215200,138.05723571777344
2024-05-09,143.35000610351562,144.1699981689453,143.24000549316406,144.13999938964844,147700,138.8568115234375
2024-05-10,144.7100067138672,144.8300018310547,144.08999633789062,144.3800048828125,79000,139.08802795410156
2024-05-13,144.7899932861328,144.7899932861328,144.0800018310547,144.2899932861328,210800,139.00132751464844
2024-05-14,144.60000610351562,145.17999267578125,144.39999389648438,145.13999938964844,366600,139.82017517089844
2024-05-15,145.7100067138672,146.85000610351562,145.58999633789062,146.8000030517578,147700,141.4193115234375
2024-05-16,146.8800048828125,147.0399932861328,146.3800048828125,146.44000244140625,123400,141.072509765625
2024-05-17,146.49000549316406,146.72999572753906,146.30999755859375,146.72999572753906,51000,141.3518829345703
2024-05-20,146.8699951171875,147.24000549316406,146.72000122070312,146.77999877929688,63500,141.4000701904297
2024-05-21,146.5,147.0399932861328,146.5,147.02000427246094,58500,141.63125610351562
2024-05-22,146.74000549316406,146.75,145.8000030517578,146.30999755859375,157900,140.94728088378906
2024-05-23,147.39999389648438,147.39999389648438,145.00999450683594,145.3000030517578,145100,139.9742889404297
2024-05-24,145.80999755859375,146.55999755859375,145.75999450683594,146.30999755859375,68900,140.94728088378906
2024-05-28,146.61000061035156,146.67999267578125,145.72999572753906,146.33999633789062,318800,140.97616577148438
2024-05-29,145.02000427246094,145.27999877929688,144.77999877929688,144.82000732421875,129000,139.5118865966797
2024-05-30,144.92999267578125,145.13999938964844,144.22999572753906,144.6300048828125,179900,139.32884216308594
2024-05-31,145.05999755859375,145.92999267578125,143.77999877929688,145.7100067138672,599300,140.36927795410156
2024-06-03,146.3300018310547,146.44000244140625,144.83999633789062,146.05999755859375,180800,140.70643615722656
2024-06-04,145.6999969482422,146.1999969482422,145.22000122070312,146.02999877929688,383800,140.6775360107422
2024-06-05,146.6699981689453,147.55999755859375,146.16000366210938,147.55999755859375,141300,142.1514434814453
2024-06-06,147.6999969482422,147.82000732421875,147.22999572753906,147.64999389648438,208100,142.23814392089844
2024-06-07,147.22999572753906,147.64999389648438,146.8000030517578,147.02999877929688,46400,141.64089965820312
2024-06-10,146.72000122070312,147.42999267578125,146.25999450683594,147.36000061035156,210900,141.9587860107422
2024-06-11,145.4600067138672,145.99000549316406,144.80999755859375,145.97000122070312,315400,141.76358032226562
2024-06-12,147.69000244140625,148.13999938964844,147.1300048828125,147.3300018310547,249100,143.08438110351562
2024-06-13,147.44000244140625,147.44000244140625,146.25,147.00999450683594,257800,142.7736053466797
2024-06-14,146.19000244140625,146.5800018310547,145.75999450683594,146.5800018310547,195700,142.3560028076172
2024-06-17,146.3800048828125,147.75,146.1699981689453,147.47000122070312,168900,143.22036743164062
2024-06-18,147.58999633789062,148.0,147.52999877929688,147.9600067138672,145200,143.6962432861328
2024-06-20,148.0399932861328,148.32000732421875,147.22999572753906,147.72000122070312,207100,143.463134765625
2024-06-21,147.1199951171875,147.42999267578125,146.8300018310547,147.22999572753906,99100,142.9872589111328
2024-06-24,147.49000549316406,148.22000122070312,147.2100067138672,147.27000427246094,168200,143.02613830566406
2024-06-25,147.55999755859375,147.8800048828125,147.24000549316406,147.77999877929688,102900,143.52142333984375
2024-06-26,147.25,147.82000732421875,147.07000732421875,147.6999969482422,258500,143.4437255859375
2024-06-27,147.72000122070312,148.0500030517578,147.44000244140625,147.74000549316406,260400,143.48257446289062
2024-06-28,148.08999633789062,148.86000061035156,147.1999969482422,147.49000549316406,135100,143.23977661132812
2024-07-01,148.0399932861328,148.10000610351562,147.13999938964844,147.80999755859375,283400,143.55056762695312
2024-07-02,147.42999267578125,148.5800018310547,147.39999389648438,148.5800018310547,155000,144.29837036132812
2024-07-03,149.1300048828125,149.6199951171875,148.9499969482422,149.58999633789062,88800,145.2792510986328
2024-07-05,150.0500030517578,150.52000427246094,149.47000122070312,150.5,155700,146.1630401611328
2024-07-08,150.67999267578125,150.75999450683594,150.14999389648438,150.33999633789062,105600,146.0076446533203
2024-07-09,150.38999938964844,150.61000061035156,150.16000366210938,150.42999267578125,61700,146.0950469970703
2024-07-10,150.9199981689453,152.02000427246094,150.75999450683594,152.02000427246094,96300,147.6392364501953
2024-07-11,152.27999877929688,152.5500030517578,151.0399932861328,151.27000427246094,429200,146.9108428955078
2024-07-12,151.75,153.33999633789062,151.64999389648438,152.39999389648438,732800,148.00827026367188
2024-07-15,152.86000061035156,153.3000030517578,152.13999938964844,152.41000366210938,118800,148.01800537109375
2024-07-16,152.57000732421875,153.4199981689453,152.47000122070312,153.3000030517578,691600,148.88235473632812
2024-07-17,151.94000244140625,152.38999938964844,151.44000244140625,151.60000610351562,326900,147.23135375976562
2024-07-18,151.91000366210938,151.99000549316406,149.7100067138672,150.24000549316406,79200,145.91055297851562
2024-07-19,150.0500030517578,150.30999755859375,149.0399932861328,149.17999267578125,193200,144.88107299804688
2024-07-22,150.3699951171875,150.91000366210938,149.97999572753906,150.77000427246094,195100,146.42526245117188
2024-07-23,150.6199951171875,151.0500030517578,150.22999572753906,150.2899932861328,241500,145.9591064453125
2024-07-24,149.27999877929688,149.27999877929688,147.14999389648438,147.22999572753906,297700,142.9872589111328
2024-07-25,146.91000366210938,148.5800018310547,146.11000061035156,146.5,314900,142.2783203125
2024-07-26,147.6300048828125,148.75999450683594,147.3800048828125,148.1300048828125,65600,143.86134338378906
2024-07-29,148.6199951171875,148.6999969482422,147.64999389648438,148.0800018310547,499700,143.81277465820312
2024-07-30,148.6199951171875,148.8300018310547,146.9199981689453,147.66000366210938,45800,143.40487670898438
2024-07-31,149.92999267578125,150.6999969482422,149.36000061035156,149.97000122070312,444200,145.64833068847656
2024-08-01,149.8800048828125,150.3800048828125,146.39999389648438,147.30999755859375,300300,143.06497192382812
2024-08-02,145.30999755859375,145.60000610351562,143.3800048828125,144.6199951171875,372000,140.4524688720703
2024-08-05,138.72000122070312,141.9600067138672,138.38999938964844,140.67999267578125,545900,136.6260223388672
2024-08-06,140.8300018310547,143.39999389648438,140.3000030517578,141.75999450683594,623900,137.67489624023438
2024-08-07,143.83999633789062,144.3699951171875,141.14999389648438,141.17999267578125,156900,137.1116180419922
2024-08-08,142.72999572753906,144.42999267578125,142.16000366210938,144.17999267578125,139100,140.02516174316406
2024-08-09,144.1199951171875,145.25,143.85000610351562,145.02999877929688,80200,140.8506622314453
2024-08-12,145.1699981689453,145.57000732421875,144.44000244140625,144.89999389648438,144800,140.7244110107422
2024-08-13,145.9600067138672,147.47999572753906,145.94000244140625,147.4199981689453,166400,143.17181396484375
2024-08-14,147.5399932861328,148.1999969482422,147.16000366210938,147.8699951171875,253800,143.60882568359375
2024-08-15,149.39999389648438,150.39999389648438,149.35000610351562,150.08999633789062,222100,145.76486206054688
2024-08-16,149.94000244140625,150.89999389648438,149.94000244140625,150.7100067138672,122000,146.36700439453125
2024-08-19,151.0800018310547,152.2899932861328,151.05999755859375,152.22000122070312,128600,147.83348083496094
2024-08-20,152.22000122070312,152.5800018310547,151.72000122070312,152.0,159200,147.61981201171875
2024-08-21,152.50999450683594,153.11000061035156,152.14999389648438,152.8699951171875,213900,148.46473693847656
2024-08-22,153.3000030517578,153.44000244140625,151.4199981689453,151.49000549316406,383900,147.12452697753906
2024-08-23,152.83999633789062,153.88999938964844,152.5399932861328,153.8000030517578,218700,149.36795043945312
2024-08-26,153.92999267578125,154.0,153.0,153.36000061035156,103500,148.9406280517578
2024-08-27,153.1999969482422,153.85000610351562,152.9600067138672,153.58999633789062,127600,149.1639862060547
2024-08-28,153.52000427246094,153.61000061035156,152.0399932861328,152.86000061035156,74700,148.4550323486328
2024-08-29,153.52000427246094,154.2899932861328,152.85000610351562,152.9600067138672,253400,148.5521697998047
2024-08-30,153.50999450683594,154.27000427246094,152.6699981689453,154.17999267578125,266200,149.73699951171875
2024-09-03,153.25999450683594,153.3000030517578,150.49000549316406,151.00999450683594,243200,146.65835571289062
2024-09-04,150.3800048828125,151.52999877929688,150.3000030517578,150.72000122070312,391400,146.376708984375
2024-09-05,150.77999877929688,151.32000732421875,149.77000427246094,150.19000244140625,284300,145.8619842529297
2024-09-06,150.3000030517578,150.64999389648438,147.47999572753906,147.75,207000,143.49229431152344
2024-09-09,149.0500030517578,149.83999633789062,148.61000061035156,149.3300018310547,363700,145.02676391601562
2024-09-10,149.7100067138672,149.8800048828125,148.3699951171875,149.74000549316406,214900,145.42494201660156
2024-09-11,149.72000122070312,151.3000030517578,147.5500030517578,151.2100067138672,274300,146.8525848388672
2024-09-12,151.24000549316406,152.49000549316406,150.6999969482422,152.36000061035156,261700,147.9694366455078
2024-09-13,152.63999938964844,153.3800048828125,152.4499969482422,153.13999938964844,186900,148.72694396972656
2024-09-16,153.24000549316406,153.6999969482422,152.7899932861328,153.6699981689453,194300,149.24171447753906
2024-09-17,154.10000610351562,154.35000610351562,152.89999389648438,153.4199981689453,556600,148.99888610839844
2024-09-18,153.7899932861328,154.9499969482422,152.86000061035156,153.00999450683594,574100,148.60072326660156
2024-09-19,155.67999267578125,156.16000366210938,154.8000030517578,155.66000366210938,156600,151.1743621826172
2024-09-20,155.1199951171875,155.3800048828125,154.4600067138672,155.11000061035156,301700,150.64019775390625
2024-09-23,155.50999450683594,155.8000030517578,155.2100067138672,155.5800018310547,147100,151.09664916992188
2024-09-24,155.97000122070312,156.3300018310547,155.25,156.07000732421875,372700,151.57254028320312
2024-09-25,156.3000030517578,156.4199981689453,155.4600067138672,155.67999267578125,326100,151.19375610351562
2024-09-26,157.30999755859375,157.35000610351562,156.44000244140625,157.10000610351562,197400,152.57284545898438
2024-09-27,157.11000061035156,157.38999938964844,156.3699951171875,156.6199951171875,141900,152.10667419433594
2024-09-30,156.42999267578125,157.02999877929688,155.55999755859375,156.91000366210938,370100,152.38833618164062
2024-10-01,156.8000030517578,156.8000030517578,154.8300018310547,155.61000061035156,201700,151.12579345703125
2024-10-02,155.36000061035156,155.89999389648438,154.67999267578125,155.6300048828125,123700,151.1452178955078
2024-10-03,154.9600067138672,155.55999755859375,154.3800048828125,155.0399932861328,192000,150.57220458984375
2024-10-04,155.97999572753906,156.4199981689453,155.13999938964844,156.33999633789062,151500,151.83473205566406
2024-10-07,155.86000061035156,156.0800018310547,154.77000427246094,155.0,148200,150.5333709716797
2024-10-08,155.52000427246094,156.17999267578125,155.24000549316406,156.07000732421875,131100,151.57254028320312
2024-10-09,155.80999755859375,157.0,155.6699981689453,156.89999389648438,204800,152.3786163330078
2024-10-10,156.39999389648438,156.85000610351562,156.0399932861328,156.63999938964844,110500,152.12611389160156
2024-10-11,156.52999877929688,157.7100067138672,156.52999877929688,157.5399932861328,157000,153.00015258789062
2024-10-14,157.72999572753906,158.75,157.63999938964844,158.5399932861328,98900,153.97134399414062
2024-10-15,158.49000549316406,158.50999450683594,156.75,156.97000122070312,146200,152.44659423828125
2024-10-16,157.2100067138672,157.72000122070312,156.9499969482422,157.61000061035156,121600,153.0681610107422
2024-10-17,158.52999877929688,158.52999877929688,157.25,157.6999969482422,168800,153.1555633544922
2024-10-18,158.3300018310547,158.5500030517578,157.8800048828125,158.39999389648438,106900,153.83538818359375
2024-10-21,158.07000732421875,158.22999572753906,157.05999755859375,157.7100067138672,160000,153.16526794433594
2024-10-22,156.9600067138672,157.6300048828125,156.85000610351562,157.4600067138672,114700,152.9224853515625
2024-10-23,156.6699981689453,156.75999450683594,155.0800018310547,155.88999938964844,801700,151.39772033691406
2024-10-24,156.6199951171875,156.63999938964844,155.72999572753906,156.39999389648438,217200,151.8930206298828
2024-10-25,157.08999633789062,157.57000732421875,156.00999450683594,156.14999389648438,282400,151.6502227783203
2024-10-28,157.0800018310547,157.1699981689453,156.80999755859375,156.83999633789062,54400,152.32034301757812
2024-10-29,156.61000061035156,157.1999969482422,156.22999572753906,156.83999633789062,110300,152.32034301757812
2024-10-30,156.4499969482422,157.10000610351562,156.17999267578125,156.27000427246094,116400,151.7667694091797
2024-10-31,155.22000122070312,155.22000122070312,153.6999969482422,153.72999572753906,360400,149.29995727539062
2024-11-01,154.61000061035156,155.44000244140625,154.27000427246094,154.35000610351562,222200,149.902099609375
2024-11-04,154.63999938964844,154.99000549316406,153.82000732421875,154.13999938964844,238800,149.69815063476562
2024-11-05,154.4600067138672,156.0,154.4600067138672,155.9600067138672,261100,151.4656982421875
2024-11-06,158.00999450683594,158.50999450683594,156.88999938964844,158.36000061035156,298500,153.7965545654297
2024-11-07,159.2899932861328,160.1699981689453,159.1999969482422,159.91000366210938,146900,155.3018798828125
2024-11-08,159.63999938964844,160.1999969482422,159.47999572753906,159.8800048828125,169300,155.27273559570312
2024-11-11,160.41000366210938,160.52999877929688,159.86000061035156,160.25,131600,155.63206481933594
2024-11-12,159.8800048828125,160.00999450683594,158.49000549316406,159.17999267578125,118100,154.59291076660156
2024-11-13,159.07000732421875,159.52000427246094,158.42999267578125,158.97000122070312,188000,154.3889617919922
2024-11-14,159.33999633789062,159.4499969482422,158.1999969482422,158.30999755859375,167700,153.7479705810547
2024-11-15,157.55999755859375,157.55999755859375,156.14999389648438,156.66000366210938,329500,152.14552307128906
2024-11-18,156.75999450683594,157.63999938964844,156.52999877929688,157.38999938964844,311000,152.85450744628906
2024-11-19,156.27000427246094,158.05999755859375,156.22999572753906,157.85000610351562,579900,153.30123901367188
2024-11-20,157.6999969482422,157.85000610351562,156.4199981689453,157.75999450683594,347500,153.2138214111328
2024-11-21,158.3800048828125,158.89999389648438,157.3000030517578,158.57000732421875,288800,154.00048828125
2024-11-22,158.52999877929688,159.35000610351562,158.52999877929688,159.25999450683594,171100,154.6706085205078
2024-11-25,160.27000427246094,160.57000732421875,159.25999450683594,159.75999450683594,541100,155.15618896484375
2024-11-26,159.8699951171875,160.2100067138672,159.5500030517578,160.0500030517578,102300,155.43783569335938
2024-11-27,160.10000610351562,160.3800048828125,159.58999633789062,159.85000610351562,237900,155.2436065673828
2024-11-29,160.19000244140625,161.27999877929688,160.07000732421875,161.13999938964844,191600,156.49642944335938
2024-12-02,161.3300018310547,161.6699981689453,161.02000427246094,161.5500030517578,224200,156.89462280273438
2024-12-03,161.66000366210938,161.86000061035156,161.39999389648438,161.72000122070312,194400,157.05972290039062
2024-12-04,162.0399932861328,162.75,162.0399932861328,162.66000366210938,222300,157.97264099121094
2024-12-05,162.8800048828125,163.0500030517578,162.5399932861328,162.6699981689453,274300,157.9823455810547
2024-12-06,162.7899932861328,163.17999267578125,162.6199951171875,162.9499969482422,259600,158.25425720214844
2024-12-09,163.11000061035156,163.13999938964844,161.9499969482422,162.02000427246094,352800,157.35108947753906
2024-12-10,162.11000061035156,162.11000061035156,161.17999267578125,161.3300018310547,161600,156.6809539794922
2024-12-11,162.1699981689453,162.75999450683594,161.97000122070312,162.58999633789062,299800,157.90463256835938
2024-12-12,162.17999267578125,162.32000732421875,161.44000244140625,161.5399932861328,328000,156.8848876953125
2024-12-13,162.08999633789062,162.35000610351562,160.9600067138672,161.35000610351562,272700,156.70037841796875
2024-12-16,161.6300048828125,162.02000427246094,161.41000366210938,161.6999969482422,369500,157.040283203125
2024-12-17,160.0800018310547,160.19000244140625,159.64999389648438,160.0,345300,156.45651245117188
2024-12-18,159.91000366210938,160.35000610351562,155.08999633789062,155.3800048828125,356100,151.9388427734375
2024-12-19,156.24000549316406,156.7100067138672,155.0500030517578,155.16000366210938,410100,151.7237091064453
2024-12-20,154.08999633789062,157.64999389648438,153.99000549316406,156.36000061035156,349900,152.89712524414062
2024-12-23,156.47000122070312,157.47000122070312,155.6699981689453,157.39999389648438,424800,153.91407775878906
2024-12-24,157.6199951171875,158.9199981689453,157.47000122070312,158.77000427246094,153100,155.25375366210938
2024-12-26,158.69000244140625,159.27000427246094,158.25999450683594,159.05999755859375,539300,155.53733825683594
2024-12-27,158.17999267578125,158.22999572753906,156.69000244140625,157.60000610351562,560700,154.1096649169922
2024-12-30,156.1199951171875,156.8300018310547,155.13999938964844,156.1199951171875,274900,152.6624298095703
2024-12-31,156.57000732421875,156.6699981689453,155.22000122070312,155.5,242100,152.05616760253906
2025-01-02,156.3000030517578,156.75,154.27000427246094,155.1999969482422,1067300,151.7628173828125
2025-01-03,156.02999877929688,157.0399932861328,155.6199951171875,156.97999572753906,272700,153.50340270996094
2025-01-06,158.07000732421875,159.10000610351562,157.55999755859375,157.75999450683594,432200,154.26611328125
2025-01-07,158.6699981689453,158.82000732421875,156.00999450683594,156.41000366210938,231900,152.94601440429688
2025-01-08,156.22999572753906,156.7899932861328,155.55999755859375,156.42999267578125,197900,152.965576171875
2025-01-10,155.4199981689453,155.57000732421875,153.74000549316406,154.25,614800,150.8338623046875
2025-01-13,152.8000030517578,154.27000427246094,152.75999450683594,154.22999572753906,515800,150.81430053710938
2025-01-14,154.85000610351562,155.0399932861328,153.6199951171875,154.42999267578125,188900,151.00987243652344
2025-01-15,156.8000030517578,157.39999389648438,156.39999389648438,157.11000061035156,226800,153.63052368164062
2025-01-16,157.4499969482422,157.8800048828125,156.8699951171875,157.13999938964844,394800,153.6598663330078
2025-01-17,158.42999267578125,158.86000061035156,158.08999633789062,158.39999389648438,193700,154.89193725585938
2025-01-21,159.6199951171875,160.32000732421875,159.11000061035156,160.27000427246094,482000,156.7205352783203
2025-01-22,161.0500030517578,161.3300018310547,160.82000732421875,160.88999938964844,226600,157.32679748535156
2025-01-23,160.89999389648438,162.1699981689453,160.75999450683594,161.8699951171875,372400,158.2851104736328
2025-01-24,162.0399932861328,162.36000061035156,161.50999450683594,161.74000549316406,234400,158.15798950195312
2025-01-27,158.9499969482422,160.0500030517578,158.85000610351562,159.97999572753906,792300,156.43695068359375
2025-01-28,160.22000122070312,161.24000549316406,159.49000549316406,160.92999267578125,313400,157.36590576171875
2025-01-29,160.80999755859375,161.07000732421875,159.89999389648438,160.41000366210938,111900,156.85743713378906
2025-01-30,161.24000549316406,162.19000244140625,160.80999755859375,161.5500030517578,395600,157.97219848632812
2025-01-31,162.0800018310547,162.69000244140625,160.52999877929688,160.66000366210938,265900,157.10191345214844
2025-02-03,158.00999450683594,159.91000366210938,157.52000427246094,159.3699951171875,249200,155.84046936035156
2025-02-04,159.63999938964844,160.72999572753906,159.49000549316406,160.63999938964844,122300,157.0823516845703
2025-02-05,160.55999755859375,161.5800018310547,160.32000732421875,161.5500030517578,248200,157.97219848632812
2025-02-06,162.0,162.16000366210938,161.39999389648438,162.05999755859375,151500,158.47088623046875
2025-02-07,162.35000610351562,162.5500030517578,160.5500030517578,160.60000610351562,224900,157.04324340820312
2025-02-10,161.6199951171875,161.89999389648438,161.32000732421875,161.67999267578125,372800,158.09930419921875
2025-02-11,161.33999633789062,162.1300048828125,161.30999755859375,161.97000122070312,221100,158.3828887939453
2025-02-12,160.50999450683594,162.05999755859375,160.3800048828125,161.8300018310547,210900,158.24600219726562
2025-02-13,162.25999450683594,163.6199951171875,161.9499969482422,163.5500030517578,186700,159.9279022216797
2025-02-14,163.89999389648438,164.0,163.5,163.55999755859375,177600,159.9376678466797
2025-02-18,164.0,164.2100067138672,163.5500030517578,164.08999633789062,417900,160.4559326171875
2025-02-19,163.38999938964844,164.10000610351562,163.27000427246094,164.02999877929688,393400,160.3972625732422
2025-02-20,163.86000061035156,163.97999572753906,162.85000610351562,163.7100067138672,178400,160.0843505859375
2025-02-21,163.60000610351562,163.72000122070312,161.08999633789062,161.27999877929688,124400,157.70816040039062
2025-02-24,161.8800048828125,161.97000122070312,160.41000366210938,160.6300048828125,281500,157.07257080078125
2025-02-25,161.0500030517578,161.24000549316406,159.33999633789062,160.41000366210938,188200,156.85743713378906
2025-02-26,160.89999389648438,161.77999877929688,159.94000244140625,160.50999450683594,164800,156.95521545410156
2025-02-27,160.89999389648438,161.02000427246094,158.0,158.05999755859375,361300,154.55947875976562
2025-02-28,158.1699981689453,160.08999633789062,157.3800048828125,160.0,339400,156.45651245117188
2025-03-03,161.32000732421875,161.5500030517578,157.4199981689453,158.2899932861328,245900,154.78439331054688
2025-03-04,157.1699981689453,159.00999450683594,155.2899932861328,156.9600067138672,509000,153.48385620117188
2025-03-05,157.3800048828125,159.55999755859375,156.77999877929688,159.24000549316406,219500,155.71336364746094
2025-03-06,157.25999450683594,158.5399932861328,155.89999389648438,156.49000549316406,482600,153.0242462158203
2025-03-07,156.2100067138672,157.80999755859375,155.0,157.63999938964844,200900,154.14877319335938
2025-03-10,155.1999969482422,155.66000366210938,152.14999389648438,153.33999633789062,338700,149.9440155029297
2025-03-11,153.17999267578125,153.94000244140625,151.22999572753906,152.42999267578125,737300,149.05416870117188
2025-03-12,153.91000366210938,154.11000061035156,151.8699951171875,153.1999969482422,478500,149.80711364746094
2025-03-13,152.88999938964844,153.02999877929688,150.8699951171875,151.24000549316406,386900,147.89053344726562
2025-03-14,152.72999572753906,154.63999938964844,152.67999267578125,154.4600067138672,108900,151.03921508789062
2025-03-17,154.5500030517578,156.41000366210938,154.50999450683594,155.8699951171875,201400,152.41798400878906
2025-03-18,155.27999877929688,155.3699951171875,154.02000427246094,154.52999877929688,344200,151.10765075683594
2025-03-19,154.9499969482422,156.85000610351562,154.5800018310547,155.92999267578125,323100,152.47665405273438
2025-03-20,154.5800018310547,156.3000030517578,154.55999755859375,155.3300018310547,676400,151.8899383544922
2025-03-21,154.22999572753906,155.35000610351562,153.83999633789062,155.22999572753906,404200,151.79214477539062
2025-03-24,156.60000610351562,157.49000549316406,156.60000610351562,157.4199981689453,199600,153.93365478515625
2025-03-25,157.8300018310547,157.97000122070312,157.4199981689453,157.77999877929688,368300,154.28567504882812
2025-03-26,157.5,157.64999389648438,155.44000244140625,155.97999572753906,138100,152.5255584716797
2025-03-27,155.42999267578125,156.36000061035156,154.99000549316406,155.5800018310547,331200,152.1343994140625
2025-03-28,155.0,155.19000244140625,152.63999938964844,152.8800048828125,222500,149.49420166015625
2025-03-31,151.05999755859375,153.47999572753906,150.25999450683594,153.17999267578125,420600,149.7875518798828
2025-04-01,152.83999633789062,154.0500030517578,151.8800048828125,153.60000610351562,397000,150.19827270507812
2025-04-02,152.17999267578125,155.0399932861328,152.05999755859375,154.6300048828125,146200,151.2054443359375
2025-04-03,150.13999938964844,150.82000732421875,148.0800018310547,148.27999877929688,698600,144.99607849121094
2025-04-04,143.80999755859375,144.25,139.19000244140625,139.25,563200,136.1660614013672
2025-04-07,134.6699981689453,143.1999969482422,132.92999267578125,138.00999450683594,1831000,134.95352172851562
2025-04-08,142.8300018310547,143.4600067138672,134.58999633789062,136.3000030517578,955000,133.28138732910156
2025-04-09,135.8300018310547,149.30999755859375,135.57000732421875,148.47999572753906,833400,145.191650390625
2025-04-10,145.36000061035156,146.0399932861328,140.22000122070312,144.10000610351562,832400,140.90866088867188
2025-04-11,143.9499969482422,147.32000732421875,143.2100067138672,146.9199981689453,639800,143.6661834716797
2025-04-14,149.17999267578125,149.4600067138672,147.0,148.27000427246094,322800,144.98629760742188
2025-04-15,148.75999450683594,149.66000366210938,148.13999938964844,148.4499969482422,390000,145.1623077392578
2025-04-16,147.19000244140625,148.22000122070312,144.8000030517578,146.0399932861328,610800,142.80567932128906
2025-04-17,146.77000427246094,147.85000610351562,146.02999877929688,146.6699981689453,157000,143.42173767089844
2025-04-21,145.8000030517578,145.8000030517578,142.52999877929688,143.97999572753906,411800,140.7913055419922
2025-04-22,145.72000122070312,147.97999572753906,145.55999755859375,147.3800048828125,260000,144.1160125732422
2025-04-23,150.3000030517578,151.6199951171875,148.85000610351562,149.22000122070312,823600,145.91525268554688
2025-04-24,149.75999450683594,152.14999389648438,149.39999389648438,152.10000610351562,149200,148.7314910888672
2025-04-25,151.97999572753906,153.08999633789062,151.47000122070312,153.0500030517578,283100,149.66043090820312
2025-04-28,153.24000549316406,153.75999450683594,151.99000549316406,153.4499969482422,502800,150.05157470703125
2025-04-29,152.9499969482422,154.47000122070312,152.9499969482422,154.17999267578125,275400,150.76539611816406
2025-04-30,152.61000061035156,154.6699981689453,151.1999969482422,154.27999877929688,639100,150.86318969726562
2025-05-01,155.41000366210938,156.1300048828125,154.6300048828125,154.77999877929688,178900,151.3521270751953
2025-05-02,156.66000366210938,157.58999633789062,156.27999877929688,157.2100067138672,175000,153.7283172607422
2025-05-05,156.5399932861328,157.4199981689453,156.30999755859375,156.6300048828125,286500,153.16114807128906
2025-05-06,155.47999572753906,156.66000366210938,155.25999450683594,155.7100067138672,344700,152.2615203857422
2025-05-07,155.86000061035156,156.60000610351562,155.0500030517578,156.02999877929688,258200,152.57443237304688
2025-05-08,156.97000122070312,157.92999267578125,156.11000061035156,156.6199951171875,308800,153.15135192871094
2025-05-09,157.3000030517578,157.49000549316406,156.3800048828125,156.77999877929688,366500,153.30783081054688
2025-05-12,160.3800048828125,160.63999938964844,159.22999572753906,160.6300048828125,364700,157.07257080078125
2025-05-13,160.77000427246094,162.10000610351562,160.69000244140625,161.6199951171875,298800,158.04063415527344
2025-05-14,161.86000061035156,162.10000610351562,161.14999389648438,161.6199951171875,439400,158.04063415527344
2025-05-15,161.4600067138672,162.66000366210938,161.2899932861328,162.50999450683594,698600,158.91091918945312
2025-05-16,162.66000366210938,163.52999877929688,162.24000549316406,163.50999450683594,603000,159.88877868652344
2025-05-19,162.2100067138672,164.00999450683594,162.2100067138672,163.92999267578125,467400,160.2994842529297
2025-05-20,163.77000427246094,164.0,163.07000732421875,163.75999450683594,691000,160.13323974609375
2025-05-21,162.94000244140625,163.89999389648438,161.3800048828125,161.61000061035156,448400,158.03086853027344
2025-05-22,161.2100067138672,162.38999938964844,161.16000366210938,161.49000549316406,233200,157.91351318359375
2025-05-23,159.72999572753906,161.47000122070312,159.6300048828125,160.9600067138672,204200,157.39524841308594
2025-05-27,162.85000610351562,163.97000122070312,162.52000427246094,163.8300018310547,324800,160.2017059326172
2025-05-28,163.61000061035156,163.85000610351562,162.61000061035156,162.77000427246094,250000,159.16517639160156
2025-05-29,164.0,164.0,162.4199981689453,163.35000610351562,339800,159.73231506347656
2025-05-30,163.25999450683594,163.74000549316406,161.91000366210938,163.30999755859375,596500,159.6931915283203
2025-06-02,163.11000061035156,164.55999755859375,162.5500030517578,164.4499969482422,155300,160.80795288085938
2025-06-03,164.0,165.1300048828125,163.82000732421875,164.9199981689453,496200,161.26754760742188
2025-06-04,165.22999572753906,165.61000061035156,165.02000427246094,165.1199951171875,333300,161.46311950683594
2025-06-05,165.61000061035156,165.82000732421875,164.0399932861328,164.44000244140625,260100,160.7981719970703
2025-06-06,165.75999450683594,166.1699981689453,165.3699951171875,165.85000610351562,189300,162.1769561767578
2025-06-09,166.02999877929688,166.3699951171875,165.61000061035156,165.92999267578125,299500,162.25518798828125
2025-06-10,166.1999969482422,166.6699981689453,165.69000244140625,166.5500030517578,176100,162.86146545410156
2025-06-11,166.9600067138672,167.1300048828125,165.8699951171875,166.1699981689453,121900,162.4898681640625
2025-06-12,166.19000244140625,167.02000427246094,166.08999633789062,166.97000122070312,274600,163.27215576171875
2025-06-13,165.3000030517578,166.27000427246094,164.69000244140625,165.0,394600,161.3457794189453
2025-06-16,164.88999938964844,165.9499969482422,164.7899932861328,165.16000366210938,349100,162.7460174560547
2025-06-17,164.52000427246094,164.8000030517578,163.4600067138672,163.63999938964844,222100,161.24822998046875
2025-06-18,163.97000122070312,164.63999938964844,163.4499969482422,163.67999267578125,277900,161.2876434326172
2025-06-20,164.25999450683594,164.33999633789062,162.77999877929688,163.02000427246094,434100,160.63729858398438
2025-06-23,162.8000030517578,164.5500030517578,162.4199981689453,164.49000549316406,259800,162.0858154296875
2025-06-24,165.67999267578125,166.6300048828125,165.49000549316406,166.41000366210938,643600,163.97775268554688
2025-06-25,166.32000732421875,166.41000366210938,165.8000030517578,166.1199951171875,199200,163.69198608398438
2025-06-26,166.91000366210938,167.75,166.72000122070312,167.6999969482422,203500,165.2489013671875
2025-06-27,168.22000122070312,169.02999877929688,167.61000061035156,168.58999633789062,184300,166.12586975097656
2025-06-30,168.99000549316406,169.6199951171875,168.66000366210938,169.3800048828125,311100,166.9043426513672
2025-07-01,168.8800048828125,169.3800048828125,168.58999633789062,169.14999389648438,593500,166.6776885986328
2025-07-02,168.9199981689453,169.8699951171875,168.82000732421875,169.8699951171875,385600,167.3871612548828
2025-07-03,170.17999267578125,171.02000427246094,170.17999267578125,170.8699951171875,153200,168.37255859375
2025-07-07,170.14999389648438,170.3300018310547,168.7899932861328,169.47000122070312,298600,166.99301147460938
2025-07-08,169.64999389648438,169.97000122070312,169.27000427246094,169.55999755859375,316000,167.08169555664062
2025-07-09,170.27000427246094,170.74000549316406,169.82000732421875,170.6999969482422,220000,168.2050323486328
2025-07-10,170.63999938964844,171.2100067138672,170.25999450683594,171.02999877929688,201900,168.53021240234375
2025-07-11,170.02000427246094,170.39999389648438,169.75999450683594,170.11000061035156,172200,167.62367248535156
2025-07-14,169.82000732421875,170.57000732421875,169.69000244140625,170.4600067138672,347300,167.96856689453125
2025-07-15,171.02999877929688,171.02999877929688,169.41000366210938,169.47000122070312,286400,166.99301147460938
2025-07-16,169.75,170.14999389648438,168.5500030517578,170.0,307500,167.51527404785156
2025-07-17,169.97999572753906,170.9600067138672,169.8300018310547,170.9499969482422,286700,168.45138549804688
2025-07-18,171.52000427246094,171.52000427246094,170.50999450683594,170.80999755859375,329400,168.3134307861328
2025-07-21,171.14999389648438,171.97999572753906,171.1199951171875,171.22000122070312,218900,168.71743774414062
2025-07-22,171.32000732421875,171.66000366210938,170.61000061035156,171.52000427246094,588200,169.0130615234375
2025-07-23,172.6199951171875,173.57000732421875,172.24000549316406,173.49000549316406,437300,170.9542694091797
2025-07-24,173.52000427246094,173.7100067138672,173.25,173.35000610351562,985600,170.8163299560547
2025-07-25,173.07000732421875,173.86000061035156,173.00999450683594,173.75,216400,171.21046447753906
2025-07-28,173.42999267578125,173.50999450683594,172.6699981689453,173.0,211500,170.471435546875
2025-07-29,173.2899932861328,173.39999389648438,172.39999389648438,172.6300048828125,215600,170.10682678222656
2025-07-30,172.64999389648438,172.99000549316406,171.3800048828125,172.13999938964844,519700,169.62399291992188
2025-07-31,173.0,173.0500030517578,170.91000366210938,171.10000610351562,719300,168.5991973876953
2025-08-01,169.8800048828125,169.8800048828125,168.22999572753906,168.9600067138672,361500,166.490478515625
2025-08-04,170.25999450683594,171.80999755859375,170.25999450683594,171.4199981689453,99000,168.91452026367188
2025-08-05,171.57000732421875,171.83999633789062,170.52999877929688,170.83999633789062,169900,168.34300231933594
2025-08-06,171.30999755859375,172.39999389648438,171.1300048828125,172.19000244140625,311700,169.6732635498047
2025-08-07,173.35000610351562,173.50999450683594,171.63999938964844,172.35000610351562,238300,169.8309326171875
2025-08-08,173.0,173.77999877929688,172.9199981689453,173.6300048828125,255200,171.09222412109375
2025-08-11,173.50999450683594,173.89999389648438,172.91000366210938,173.10000610351562,161400,170.56997680664062
2025-08-12,173.80999755859375,175.1300048828125,173.61000061035156,175.1199951171875,274100,172.5604248046875
2025-08-13,175.72999572753906,175.9600067138672,175.1999969482422,175.77000427246094,155900,173.20094299316406
2025-08-14,175.1699981689453,175.77000427246094,175.08999633789062,175.60000610351562,112900,173.03343200683594
2025-08-15,176.22999572753906,176.22999572753906,175.5399932861328,175.72000122070312,115400,173.15167236328125
2025-08-18,175.50999450683594,175.6999969482422,175.27999877929688,175.52000427246094,129900,172.95458984375
2025-08-19,175.69000244140625,175.9199981689453,174.57000732421875,174.7899932861328,226200,172.23526000976562
2025-08-20,174.8699951171875,174.8699951171875,173.5,174.6699981689453,169300,172.11700439453125
2025-08-21,174.0500030517578,174.47000122070312,173.50999450683594,173.9600067138672,550800,171.4174041748047
2025-08-22,174.5500030517578,176.89999389648438,174.3699951171875,176.55999755859375,264700,173.97938537597656
2025-08-25,176.22000122070312,176.3000030517578,175.4199981689453,175.49000549316406,275100,172.92503356933594
2025-08-26,175.22999572753906,176.0500030517578,175.0800018310547,175.94000244140625,382200,173.3684539794922
2025-08-27,175.52000427246094,176.32000732421875,175.4600067138672,176.2100067138672,157600,173.63450622558594
2025-08-28,176.4600067138672,176.97999572753906,176.1300048828125,176.9199981689453,159100,174.33413696289062
2025-08-29,176.38999938964844,176.4600067138672,175.42999267578125,175.8800048828125,419100,173.30934143066406
2025-09-02,173.6699981689453,174.57000732421875,173.1699981689453,174.5500030517578,222600,171.99876403808594
2025-09-03,174.9600067138672,175.3800048828125,174.5500030517578,175.1999969482422,164600,172.63926696777344
2025-09-04,175.5399932861328,176.67999267578125,175.30999755859375,176.66000366210938,192900,174.0779266357422
2025-09-05,177.47999572753906,177.8000030517578,175.58999633789062,176.42999267578125,176400,173.8512725830078
2025-09-08,177.19000244140625,177.4499969482422,176.8300018310547,177.25999450683594,282700,174.66915893554688
2025-09-09,177.19000244140625,177.61000061035156,176.74000549316406,177.55999755859375,133700,174.9647674560547
2025-09-10,178.30999755859375,178.52000427246094,177.4499969482422,177.86000061035156,202500,175.26039123535156
2025-09-11,178.42999267578125,179.57000732421875,178.42999267578125,179.47000122070312,131700,176.84686279296875
2025-09-12,179.25999450683594,179.6199951171875,178.97000122070312,179.25,269200,176.6300811767578
2025-09-15,179.8699951171875,180.3000030517578,179.85000610351562,180.17999267578125,220600,177.54647827148438
2025-09-16,180.38999938964844,180.39999389648438,179.6699981689453,180.00999450683594,111600,177.3789520263672
2025-09-17,179.89999389648438,180.47000122070312,178.5,179.55999755859375,185100,176.935546875
2025-09-18,180.25999450683594,181.0,179.7899932861328,180.5,153500,177.86180114746094
2025-09-19,180.82000732421875,181.1699981689453,180.2100067138672,181.0399932861328,175000,178.39390563964844
2025-09-22,180.6199951171875,181.88999938964844,180.55999755859375,181.7100067138672,161700,179.0541229248047
2025-09-23,181.8800048828125,182.07000732421875,180.6699981689453,180.97000122070312,140500,178.32493591308594
2025-09-24,180.99000549316406,181.05999755859375,179.8800048828125,180.16000366210938,97600,177.5267791748047
2025-09-25,179.11000061035156,179.5,178.5,179.33999633789062,523000,176.71876525878906
2025-09-26,179.67999267578125,180.38999938964844,179.39999389648438,180.3000030517578,184700,177.66473388671875
2025-09-29,180.97999572753906,181.2100067138672,180.50999450683594,180.92999267578125,244500,178.28550720214844
2025-09-30,180.74000549316406,181.6699981689453,180.47000122070312,181.55999755859375,180800,178.90631103515625
2025-10-01,181.1699981689453,182.55999755859375,181.13999938964844,182.36000061035156,197600,179.6946258544922
2025-10-02,182.88999938964844,182.94000244140625,181.89999389648438,182.63999938964844,275000,179.9705352783203
2025-10-03,183.11000061035156,183.77999877929688,182.67999267578125,183.00999450683594,298600,180.33511352539062
2025-10-06,183.66000366210938,183.91000366210938,183.16000366210938,183.61000061035156,116100,180.92636108398438
2025-10-07,183.63999938964844,183.83999633789062,182.39999389648438,182.6199951171875,201700,179.9508056640625
2025-10-08,183.0500030517578,183.5800018310547,182.85000610351562,183.52000427246094,729700,180.83767700195312
2025-10-09,183.6699981689453,183.77000427246094,182.25,182.6699981689453,354400,180.00009155273438
2025-10-10,182.88999938964844,183.19000244140625,178.1199951171875,178.1999969482422,303900,175.5954132080078
2025-10-13,179.91000366210938,181.02000427246094,179.75999450683594,180.64999389648438,163900,178.00961303710938
2025-10-14,179.08999633789062,181.47999572753906,178.38999938964844,180.77000427246094,304800,178.1278533935547
2025-10-15,181.8800048828125,182.6699981689453,180.1999969482422,181.50999450683594,167900,178.85704040527344
2025-10-16,182.27000427246094,182.6199951171875,180.10000610351562,180.8800048828125,3485200,178.23626708984375
2025-10-17,180.3800048828125,181.88999938964844,180.05999755859375,181.63999938964844,373000,178.98513793945312
2025-10-20,182.47000122070312,183.42999267578125,182.47000122070312,183.24000549316406,1567100,180.56175231933594
2025-10-21,183.0399932861328,183.30999755859375,182.5800018310547,182.86000061035156,213200,180.18731689453125
2025-10-22,182.9199981689453,183.0,180.94000244140625,181.99000549316406,586400,179.3300323486328
2025-10-23,182.3000030517578,183.3800048828125,182.27000427246094,183.16000366210938,130600,180.48292541503906
2025-10-24,184.16000366210938,184.61000061035156,184.02999877929688,184.2899932861328,146400,181.59640502929688
2025-10-27,185.6300048828125,186.2899932861328,185.57000732421875,186.25999450683594,102500,183.53761291503906
2025-10-28,186.4600067138672,187.07000732421875,186.11000061035156,186.63999938964844,267100,183.9120635986328
2025-10-29,186.8800048828125,187.00999450683594,185.3000030517578,186.2100067138672,232700,183.4883575439453
2025-10-30,185.27999877929688,185.88999938964844,184.6199951171875,184.64999389648438,140800,181.95114135742188
2025-10-31,185.5800018310547,185.60000610351562,184.2899932861328,185.02999877929688,582700,182.32559204101562
2025-11-03,185.86000061035156,185.86000061035156,184.42999267578125,185.36000061035156,134800,182.65077209472656
2025-11-04,183.27999877929688,184.27999877929688,182.8699951171875,183.0800018310547,280800,180.4040985107422
2025-11-05,183.1199951171875,184.58999633789062,182.91000366210938,183.91000366210938,166500,181.2219696044922
2025-11-06,183.77999877929688,183.92999267578125,181.88999938964844,182.1699981689453,749000,179.5074005126953
2025-11-07,181.5500030517578,182.60000610351562,180.1300048828125,182.55999755859375,1215900,179.89169311523438
2025-11-10,184.1300048828125,185.38999938964844,183.63999938964844,185.1699981689453,353300,182.4635467529297
2025-11-11,185.07000732421875,185.97000122070312,184.86000061035156,185.75999450683594,194900,183.044921875
2025-11-12,186.42999267578125,186.47999572753906,185.77000427246094,186.24000549316406,373500,183.51791381835938
2025-11-13,185.52999877929688,185.58999633789062,182.94000244140625,183.22999572753906,320900,180.55189514160156
2025-11-14,181.67999267578125,184.02000427246094,181.1999969482422,183.19000244140625,233700,180.51248168945312
2025-11-17,182.39999389648438,183.3699951171875,180.4499969482422,181.27999877929688,496600,178.63040161132812
2025-11-18,180.02000427246094,180.77999877929688,178.57000732421875,179.77000427246094,229200,177.14247131347656
2025-11-19,179.75,181.17999267578125,179.1199951171875,180.05999755859375,208700,177.42823791503906
2025-11-20,182.47000122070312,183.0800018310547,177.22999572753906,177.3000030517578,396800,174.70858764648438
2025-11-21,178.22999572753906,180.44000244140625,177.16000366210938,179.17999267578125,893400,176.56109619140625
2025-11-24,179.97999572753906,181.57000732421875,179.61000061035156,181.16000366210938,886000,178.5121612548828
2025-11-25,181.47000122070312,183.4199981689453,180.49000549316406,183.22000122070312,820900,180.54205322265625
2025-11-26,183.9499969482422,185.08999633789062,183.8000030517578,184.72999572753906,469000,182.02996826171875
2025-11-28,184.89999389648438,185.77999877929688,184.83999633789062,185.66000366210938,413600,182.94638061523438
2025-12-01,184.57000732421875,185.5500030517578,184.57000732421875,184.8300018310547,363100,182.12852478027344
2025-12-02,185.32000732421875,185.69000244140625,184.75999450683594,185.27999877929688,466700,182.57192993164062
2025-12-03,185.17999267578125,186.25,184.9499969482422,186.05999755859375,210000,183.34054565429688
2025-12-04,186.6300048828125,186.6300048828125,185.69000244140625,186.25,372800,183.52777099609375
2025-12-05,186.75999450683594,187.33999633789062,186.33999633789062,186.5800018310547,278000,183.85293579101562
2025-12-08,186.86000061035156,186.86000061035156,185.57000732421875,185.91000366210938,391000,183.19273376464844
2025-12-09,185.89999389648438,186.50999450683594,185.75999450683594,185.8800048828125,301900,183.1631622314453
2025-12-10,185.86000061035156,187.60000610351562,185.5500030517578,187.1300048828125,1259100,184.39491271972656
2025-12-11,187.02999877929688,187.9499969482422,186.3300018310547,187.85000610351562,498700,185.10438537597656
2025-12-12,187.8000030517578,187.89999389648438,185.42999267578125,186.08999633789062,296000,183.37010192871094
2025-12-15,187.36000061035156,187.36000061035156,185.92999267578125,186.25999450683594,1077100,183.53761291503906
2025-12-16,184.3300018310547,184.72999572753906,183.27000427246094,184.19000244140625,397400,182.96644592285156
2025-12-17,184.2100067138672,184.38999938964844,182.22999572753906,182.2899932861328,558200,181.0790557861328
2025-12-18,183.94000244140625,184.72000122070312,183.3699951171875,183.6699981689453,258800,182.44989013671875
2025-12-19,184.33999633789062,185.4600067138672,184.22000122070312,185.17999267578125,921900,183.94985961914062
2025-12-22,185.9499969482422,186.3699951171875,185.69000244140625,186.2899932861328,443700,185.05247497558594
2025-12-23,186.33999633789062,187.25999450683594,186.33999633789062,187.2100067138672,206900,185.9663848876953
2025-12-24,187.25,187.85000610351562,187.1300048828125,187.72000122070312,163500,186.47299194335938
2025-12-26,187.9600067138672,188.0,187.47999572753906,187.80999755859375,309100,186.56239318847656
2025-12-29,187.0399932861328,187.49000549316406,186.67999267578125,187.10000610351562,684000,185.85711669921875
2025-12-30,187.2100067138672,187.47999572753906,186.92999267578125,187.00999450683594,333600,185.7677001953125
2025-12-31,187.0500030517578,187.0500030517578,185.6699981689453,185.77000427246094,211100,184.53594970703125
2026-01-02,187.2100067138672,187.22999572753906,185.58999633789062,186.50999450683594,307500,185.27102661132812
2026-01-05,187.3300018310547,188.32000732421875,187.3300018310547,188.00999450683594,508800,186.7610626220703
2026-01-06,188.1300048828125,189.0800018310547,188.0800018310547,188.97999572753906,466200,187.724609375
2026-01-07,188.88999938964844,189.24000549316406,188.13999938964844,188.22000122070312,314600,186.96966552734375
2026-01-08,187.94000244140625,188.3300018310547,187.64999389648438,188.24000549316406,490400,186.98953247070312
2026-01-09,188.6999969482422,189.77000427246094,188.30999755859375,189.52999877929688,650000,188.27096557617188
2026-01-12,189.02999877929688,190.1300048828125,189.02999877929688,190.0500030517578,638300,188.78750610351562
2026-01-13,190.05999755859375,190.08999633789062,188.9499969482422,189.52999877929688,260900,188.27096557617188
2026-01-14,189.00999450683594,189.27999877929688,188.0399932861328,188.92999267578125,232200,187.67494201660156
2026-01-15,190.0,190.07000732421875,189.0800018310547,189.25,246600,187.99282836914062
2026-01-16,189.64999389648438,189.80999755859375,188.75999450683594,189.2100067138672,249800,187.95309448242188
2026-01-20,186.61000061035156,187.38999938964844,185.49000549316406,185.63999938964844,411300,184.40679931640625
2026-01-21,186.35000610351562,188.5500030517578,185.86000061035156,187.66000366210938,503000,186.41339111328125
2026-01-22,188.86000061035156,189.1300048828125,188.13999938964844,188.55999755859375,1321100,187.30740356445312
2026-01-23,188.38999938964844,189.1199951171875,188.02000427246094,188.86000061035156,502500,187.6054229736328
2026-01-26,189.47000122070312,190.30999755859375,189.47000122070312,189.91000366210938,278600,188.6484375
2026-01-27,190.61000061035156,191.4600067138672,190.61000061035156,191.2899932861328,210100,190.01927185058594
2026-01-28,191.14999389648438,191.39999389648438,190.2899932861328,190.7899932861328,163300,189.5225830078125
2026-01-29,191.49000549316406,191.55999755859375,188.41000366210938,190.8000030517578,450600,189.53253173828125
2026-01-30,190.02999877929688,190.4199981689453,188.47000122070312,189.6300048828125,992300,188.37030029296875
2026-02-02,189.25999450683594,190.9499969482422,189.25999450683594,190.66000366210938,776100,189.39346313476562
2026-02-03,190.74000549316406,190.80999755859375,187.94000244140625,189.44000244140625,384700,188.1815643310547
2026-02-04,190.10000610351562,190.30999755859375,187.88999938964844,188.97999572753906,417600,187.724609375
2026-02-05,187.41000366210938,188.14999389648438,186.1300048828125,186.4600067138672,612500,185.2213592529297
2026-02-06,187.85000610351562,190.47000122070312,187.85000610351562,190.24000549316406,570300,188.97625732421875
2026-02-09,190.27999877929688,192.10000610351562,190.00999450683594,191.83999633789062,291500,190.56561279296875
2026-02-10,192.2100067138672,192.5399932861328,191.47999572753906,191.60000610351562,310500,190.3272247314453
2026-02-11,192.77000427246094,192.83999633789062,190.8699951171875,191.8300018310547,257300,190.55569458007812
2026-02-12,192.3699951171875,192.52999877929688,188.85000610351562,189.02000427246094,558300,187.7643585205078
2026-02-13,189.00999450683594,190.33999633789062,188.24000549316406,189.39999389648438,333700,188.14181518554688
2026-02-17,188.52999877929688,189.9499969482422,187.5,189.4600067138672,252900,188.20143127441406
2026-02-18,189.85000610351562,191.1699981689453,189.49000549316406,190.41000366210938,208000,189.14512634277344
2026-02-19,189.4600067138672,190.10000610351562,189.1300048828125,189.88999938964844,172600,188.62857055664062
2026-02-20,189.3300018310547,191.41000366210938,189.24000549316406,191.19000244140625,257900,189.91993713378906
2026-02-23,190.91000366210938,191.42999267578125,189.0500030517578,189.5,257500,188.2411651611328
2026-02-24,189.2100067138672,190.99000549316406,189.0,190.77000427246094,187900,189.5027313232422
2026-02-25,191.5500030517578,192.52999877929688,191.5399932861328,192.3699951171875,539100,191.0920867919922
2026-02-26,192.44000244140625,192.44000244140625,190.3300018310547,191.67999267578125,418200,190.40667724609375
2026-02-27,190.35000610351562,191.17999267578125,190.0500030517578,190.83999633789062,595600,189.572265625
2026-03-02,188.22000122070312,190.64999389648438,188.02000427246094,190.17999267578125,531400,188.91664123535156
2026-03-03,185.3800048828125,187.8000030517578,183.75999450683594,187.2100067138672,514800,185.9663848876953
2026-03-04,187.94000244140625,189.1699981689453,187.22999572753906,188.82000732421875,920300,187.56568908691406
2026-03-05,187.38999938964844,188.3000030517578,185.35000610351562,187.08999633789062,931400,185.84716796875
2026-03-06,184.49000549316406,186.05999755859375,183.80999755859375,184.97999572753906,722300,183.75119018554688
2026-03-09,182.97000122070312,186.91000366210938,181.75999450683594,186.4499969482422,1063600,185.21142578125
2026-03-10,186.7899932861328,188.35000610351562,185.80999755859375,186.36000061035156,1090400,185.1220245361328
2026-03-11,186.05999755859375,186.8000030517578,185.14999389648438,186.02000427246094,320500,184.78428649902344
2026-03-12,184.42999267578125,184.6300048828125,183.1300048828125,183.14999389648438,484400,181.93333435058594
2026-03-13,183.77999877929688,184.6999969482422,181.47000122070312,181.75,299700,180.5426483154297
2026-03-16,183.6199951171875,184.67999267578125,183.3800048828125,184.0399932861328,318400,182.8174285888672
2026-03-17,184.97000122070312,185.4499969482422,184.3800048828125,184.49000549316406,162700,183.2644500732422
2026-03-18,183.77000427246094,184.08999633789062,181.72000122070312,181.77000427246094,399700,180.56251525878906
2026-03-19,179.86000061035156,182.16000366210938,179.61000061035156,181.36000061035156,537600,180.15524291992188
2026-03-20,180.8000030517578,180.88999938964844,177.00999450683594,178.0,430500,176.8175506591797
2026-03-23,180.8699951171875,182.52999877929688,179.88999938964844,180.5399932861328,505100,179.34068298339844
2026-03-24,179.00999450683594,180.75,178.66000366210938,179.85000610351562,287300,178.6552734375
2026-03-25,181.75999450683594,182.22000122070312,180.58999633789062,181.19000244140625,367800,179.9863739013672
2026-03-26,179.7100067138672,180.5500030517578,177.88999938964844,178.0399932861328,1251000,176.85728454589844
2026-03-27,177.1199951171875,177.3300018310547,175.0,175.4199981689453,1412900,174.25469970703125
2026-03-30,177.0500030517578,177.07000732421875,174.24000549316406,174.94000244140625,555600,173.77789306640625
2026-03-31,177.17999267578125,180.27999877929688,176.64999389648438,180.02000427246094,2361600,178.8241424560547
2026-04-01,181.5800018310547,182.75999450683594,181.22999572753906,181.80999755859375,1562800,180.6022491455078
2026-04-02,179.11000061035156,182.3000030517578,178.64999389648438,181.72000122070312,457700,180.51284790039062
2026-04-06,181.7899932861328,182.67999267578125,181.7100067138672,182.52000427246094,226700,181.3075408935547
2026-04-07,181.74000549316406,182.5500030517578,180.19000244140625,182.47000122070312,264100,181.2578582763672
2026-04-08,188.11000061035156,188.5399932861328,186.69000244140625,187.66000366210938,628300,186.41339111328125
2026-04-09,187.11000061035156,188.77999877929688,186.6999969482422,188.36000061035156,618500,187.10873413085938
2026-04-10,188.9600067138672,189.19000244140625,188.02000427246094,188.3800048828125,285200,187.12860107421875
2026-04-13,187.5800018310547,190.08999633789062,187.3699951171875,189.99000549316406,752800,188.72792053222656
2026-04-14,190.75999450683594,192.2100067138672,190.74000549316406,192.0,1053600,190.72454833984375
2026-04-15,192.2100067138672,193.42999267578125,191.88999938964844,193.3300018310547,1367100,192.04571533203125
2026-04-16,193.63999938964844,193.75,192.77999877929688,193.3800048828125,272600,192.09539794921875
2026-04-17,195.25,196.47999572753906,194.8699951171875,195.7899932861328,276800,194.4893798828125
2026-04-20,195.2100067138672,195.61000061035156,194.61000061035156,195.50999450683594,2060600,194.2112274169922
2026-04-21,195.52000427246094,195.66000366210938,192.92999267578125,193.27999877929688,2488000,191.9960479736328
2026-04-22,194.6699981689453,195.0,194.33999633789062,194.9199981689453,771500,193.62515258789062
2026-04-23,194.5,195.1699981689453,192.14999389648438,193.82000732421875,1536800,192.532470703125
2026-04-24,194.4600067138672,195.38999938964844,193.9499969482422,195.27000427246094,477900,193.97283935546875
2026-04-27,195.13999938964844,195.55999755859375,194.74000549316406,195.4499969482422,1863100,194.15164184570312
2026-04-28,194.58999633789062,194.72000122070312,193.69000244140625,194.42999267578125,6058600,193.13841247558594
2026-04-29,193.92999267578125,194.05999755859375,193.02000427246094,193.8699951171875,476900,192.58212280273438
2026-04-30,195.17999267578125,196.77000427246094,194.25,196.5500030517578,11521900,195.2443389892578
2026-05-01,196.89999389648438,197.8800048828125,196.67999267578125,196.75999450683594,535200,195.4529266357422
2026-05-04,196.27999877929688,196.9499969482422,194.9199981689453,195.55999755859375,687500,194.2609100341797
2026-05-05,196.74000549316406,197.61000061035156,196.6199951171875,197.02999877929688,2142900,195.7211456298828
2026-05-06,199.27999877929688,200.77999877929688,199.00999450683594,200.6300048828125,943300,199.29722595214844
2026-05-07,200.97000122070312,200.97000122070312,198.74000549316406,199.1199951171875,674900,197.79725646972656
2026-05-08,200.10000610351562,200.75,200.0800018310547,200.63999938964844,413900,199.30715942382812
2026-05-11,200.36000061035156,201.2899932861328,200.36000061035156,200.8800048828125,541800,199.5455780029297
2026-05-12,200.10000610351562,200.69000244140625,198.74000549316406,200.57000732421875,666200,199.23764038085938
2026-05-13,200.47000122070312,201.8800048828125,200.0,201.6300048828125,338300,200.29058837890625
2026-05-14,201.89999389648438,203.1699981689453,201.89999389648438,202.74000549316406,677800,201.39321899414062
2026-05-15,200.60000610351562,200.8800048828125,199.52999877929688,199.9199981689453,427500,198.59194946289062
2026-05-18,200.61000061035156,200.86000061035156,198.7899932861328,200.25,625800,198.9197540283203
2026-05-19,199.25999450683594,200.14999389648438,198.41000366210938,198.97000122070312,879800,197.64825439453125
2026-05-20,199.42999267578125,201.66000366210938,199.1199951171875,201.49000549316406,185800,200.15151977539062
2026-05-21,199.8800048828125,202.52000427246094,199.8800048828125,202.07000732421875,1585900,200.72767639160156
2026-05-22,202.77999877929688,203.33999633789062,202.25,202.5399932861328,1135800,201.1945343017578
2026-05-26,204.08999633789062,204.3300018310547,203.42999267578125,204.0,446900,202.64483642578125
2026-05-27,204.11000061035156,204.22000122070312,203.22000122070312,203.91000366210938,363000,202.55543518066406
2026-05-28,203.5500030517578,204.91000366210938,203.2899932861328,204.8000030517578,1146900,203.4395294189453
2026-05-29,205.0500030517578,205.64999389648438,204.8000030517578,204.92999267578125,1855200,203.5686492919922
2026-06-01,204.3699951171875,205.8000030517578,204.1999969482422,205.36000061035156,545000,203.9958038330078
2026-06-02,205.16000366210938,206.3300018310547,205.16000366210938,206.17999267578125,963000,204.8103485107422
2026-06-03,205.67999267578125,205.91000366210938,204.52000427246094,204.64999389648438,1305300,203.29051208496094
2026-06-04,204.3699951171875,206.0,204.3699951171875,205.6699981689453,114300,204.30374145507812
2026-06-05,204.25999450683594,204.36000061035156,199.86000061035156,200.3800048828125,423300,199.04888916015625
2026-06-08,201.89999389648438,202.5800018310547,200.69000244140625,201.0500030517578,310700,199.71444702148438
2026-06-09,202.25999450683594,203.08999633789062,196.7100067138672,200.3800048828125,911300,199.04888916015625
2026-06-10,199.4199981689453,200.60000610351562,197.44000244140625,197.44000244140625,229200,196.12841796875
2026-06-11,198.6300048828125,202.0399932861328,197.6300048828125,201.5399932861328,558300,200.201171875
2026-06-12,201.9499969482422,202.97999572753906,200.75,202.32000732421875,397000,200.97601318359375
2026-06-15,203.6199951171875,204.4499969482422,203.4600067138672,203.6300048828125,1172400,203.6300048828125
2026-06-16,204.10000610351562,204.30999755859375,202.9600067138672,203.10000610351562,2003500,203.10000610351562
2026-06-17,203.5500030517578,203.94000244140625,200.52999877929688,200.99000549316406,813300,200.99000549316406
2026-06-18,203.1699981689453,203.25999450683594,202.1999969482422,202.72999572753906,2013900,202.72999572753906
2026-06-22,202.92999267578125,203.8800048828125,201.9499969482422,202.3699951171875,823500,202.3699951171875
2026-06-23,199.1199951171875,200.6199951171875,198.83999633789062,199.42999267578125,713100,199.42999267578125
2026-06-24,199.44000244140625,200.57000732421875,198.47999572753906,199.0,1744100,199.0
2026-06-25,200.69000244140625,200.69000244140625,198.60000610351562,199.2899932861328,1217800,199.2899932861328
2026-06-26,198.1999969482422,200.0800018310547,197.36000061035156,197.36000061035156,1262500,197.36000061035156
2026-06-29,200.02000427246094,201.36000061035156,198.92999267578125,201.24000549316406,502500,201.24000549316406
2026-06-30,201.10000610351562,202.8300018310547,201.10000610351562,202.63999938964844,738600,202.63999938964844
